[2025-07-01T00:56:58.287+0000] {processor.py:186} INFO - Started process (PID=58) to work on /opt/airflow/dags/driven_data_pipeline.py
[2025-07-01T00:56:58.289+0000] {processor.py:914} INFO - Processing file /opt/airflow/dags/driven_data_pipeline.py for tasks to queue
[2025-07-01T00:56:58.293+0000] {logging_mixin.py:190} INFO - [2025-07-01T00:56:58.293+0000] {dagbag.py:588} INFO - Filling up the DagBag from /opt/airflow/dags/driven_data_pipeline.py
[2025-07-01T00:56:58.358+0000] {logging_mixin.py:190} INFO - [2025-07-01T00:56:58.346+0000] {dagbag.py:387} ERROR - Failed to import: /opt/airflow/dags/driven_data_pipeline.py
Traceback (most recent call last):
  File "/home/airflow/.local/lib/python3.12/site-packages/airflow/models/dagbag.py", line 383, in parse
    loader.exec_module(new_module)
  File "<frozen importlib._bootstrap_external>", line 995, in exec_module
  File "<frozen importlib._bootstrap>", line 488, in _call_with_frames_removed
  File "/opt/airflow/dags/driven_data_pipeline.py", line 11, in <module>
    import polars as pl
ModuleNotFoundError: No module named 'polars'
[2025-07-01T00:56:58.361+0000] {processor.py:927} WARNING - No viable dags retrieved from /opt/airflow/dags/driven_data_pipeline.py
[2025-07-01T00:56:58.405+0000] {processor.py:208} INFO - Processing /opt/airflow/dags/driven_data_pipeline.py took 0.129 seconds
[2025-07-01T00:57:28.821+0000] {processor.py:186} INFO - Started process (PID=64) to work on /opt/airflow/dags/driven_data_pipeline.py
[2025-07-01T00:57:28.827+0000] {processor.py:914} INFO - Processing file /opt/airflow/dags/driven_data_pipeline.py for tasks to queue
[2025-07-01T00:57:28.846+0000] {logging_mixin.py:190} INFO - [2025-07-01T00:57:28.845+0000] {dagbag.py:588} INFO - Filling up the DagBag from /opt/airflow/dags/driven_data_pipeline.py
[2025-07-01T00:57:28.923+0000] {logging_mixin.py:190} INFO - [2025-07-01T00:57:28.910+0000] {dagbag.py:387} ERROR - Failed to import: /opt/airflow/dags/driven_data_pipeline.py
Traceback (most recent call last):
  File "/home/airflow/.local/lib/python3.12/site-packages/airflow/models/dagbag.py", line 383, in parse
    loader.exec_module(new_module)
  File "<frozen importlib._bootstrap_external>", line 995, in exec_module
  File "<frozen importlib._bootstrap>", line 488, in _call_with_frames_removed
  File "/opt/airflow/dags/driven_data_pipeline.py", line 11, in <module>
    import polars as pl
ModuleNotFoundError: No module named 'polars'
[2025-07-01T00:57:28.928+0000] {processor.py:927} WARNING - No viable dags retrieved from /opt/airflow/dags/driven_data_pipeline.py
[2025-07-01T00:57:29.000+0000] {processor.py:208} INFO - Processing /opt/airflow/dags/driven_data_pipeline.py took 0.208 seconds
[2025-07-01T00:57:59.320+0000] {processor.py:186} INFO - Started process (PID=72) to work on /opt/airflow/dags/driven_data_pipeline.py
[2025-07-01T00:57:59.322+0000] {processor.py:914} INFO - Processing file /opt/airflow/dags/driven_data_pipeline.py for tasks to queue
[2025-07-01T00:57:59.335+0000] {logging_mixin.py:190} INFO - [2025-07-01T00:57:59.334+0000] {dagbag.py:588} INFO - Filling up the DagBag from /opt/airflow/dags/driven_data_pipeline.py
[2025-07-01T00:57:59.429+0000] {logging_mixin.py:190} INFO - [2025-07-01T00:57:59.416+0000] {dagbag.py:387} ERROR - Failed to import: /opt/airflow/dags/driven_data_pipeline.py
Traceback (most recent call last):
  File "/home/airflow/.local/lib/python3.12/site-packages/airflow/models/dagbag.py", line 383, in parse
    loader.exec_module(new_module)
  File "<frozen importlib._bootstrap_external>", line 995, in exec_module
  File "<frozen importlib._bootstrap>", line 488, in _call_with_frames_removed
  File "/opt/airflow/dags/driven_data_pipeline.py", line 11, in <module>
    import polars as pl
ModuleNotFoundError: No module named 'polars'
[2025-07-01T00:57:59.434+0000] {processor.py:927} WARNING - No viable dags retrieved from /opt/airflow/dags/driven_data_pipeline.py
[2025-07-01T00:57:59.480+0000] {processor.py:208} INFO - Processing /opt/airflow/dags/driven_data_pipeline.py took 0.184 seconds
[2025-07-01T00:58:29.989+0000] {processor.py:186} INFO - Started process (PID=79) to work on /opt/airflow/dags/driven_data_pipeline.py
[2025-07-01T00:58:29.992+0000] {processor.py:914} INFO - Processing file /opt/airflow/dags/driven_data_pipeline.py for tasks to queue
[2025-07-01T00:58:30.004+0000] {logging_mixin.py:190} INFO - [2025-07-01T00:58:30.003+0000] {dagbag.py:588} INFO - Filling up the DagBag from /opt/airflow/dags/driven_data_pipeline.py
[2025-07-01T00:58:30.102+0000] {logging_mixin.py:190} INFO - [2025-07-01T00:58:30.089+0000] {dagbag.py:387} ERROR - Failed to import: /opt/airflow/dags/driven_data_pipeline.py
Traceback (most recent call last):
  File "/home/airflow/.local/lib/python3.12/site-packages/airflow/models/dagbag.py", line 383, in parse
    loader.exec_module(new_module)
  File "<frozen importlib._bootstrap_external>", line 995, in exec_module
  File "<frozen importlib._bootstrap>", line 488, in _call_with_frames_removed
  File "/opt/airflow/dags/driven_data_pipeline.py", line 11, in <module>
    import polars as pl
ModuleNotFoundError: No module named 'polars'
[2025-07-01T00:58:30.106+0000] {processor.py:927} WARNING - No viable dags retrieved from /opt/airflow/dags/driven_data_pipeline.py
[2025-07-01T00:58:30.166+0000] {processor.py:208} INFO - Processing /opt/airflow/dags/driven_data_pipeline.py took 0.207 seconds
[2025-07-01T00:59:00.404+0000] {processor.py:186} INFO - Started process (PID=85) to work on /opt/airflow/dags/driven_data_pipeline.py
[2025-07-01T00:59:00.406+0000] {processor.py:914} INFO - Processing file /opt/airflow/dags/driven_data_pipeline.py for tasks to queue
[2025-07-01T00:59:00.412+0000] {logging_mixin.py:190} INFO - [2025-07-01T00:59:00.411+0000] {dagbag.py:588} INFO - Filling up the DagBag from /opt/airflow/dags/driven_data_pipeline.py
[2025-07-01T00:59:00.468+0000] {logging_mixin.py:190} INFO - [2025-07-01T00:59:00.459+0000] {dagbag.py:387} ERROR - Failed to import: /opt/airflow/dags/driven_data_pipeline.py
Traceback (most recent call last):
  File "/home/airflow/.local/lib/python3.12/site-packages/airflow/models/dagbag.py", line 383, in parse
    loader.exec_module(new_module)
  File "<frozen importlib._bootstrap_external>", line 995, in exec_module
  File "<frozen importlib._bootstrap>", line 488, in _call_with_frames_removed
  File "/opt/airflow/dags/driven_data_pipeline.py", line 11, in <module>
    import polars as pl
ModuleNotFoundError: No module named 'polars'
[2025-07-01T00:59:00.474+0000] {processor.py:927} WARNING - No viable dags retrieved from /opt/airflow/dags/driven_data_pipeline.py
[2025-07-01T00:59:00.528+0000] {processor.py:208} INFO - Processing /opt/airflow/dags/driven_data_pipeline.py took 0.141 seconds
[2025-07-01T00:59:30.931+0000] {processor.py:186} INFO - Started process (PID=92) to work on /opt/airflow/dags/driven_data_pipeline.py
[2025-07-01T00:59:30.934+0000] {processor.py:914} INFO - Processing file /opt/airflow/dags/driven_data_pipeline.py for tasks to queue
[2025-07-01T00:59:30.943+0000] {logging_mixin.py:190} INFO - [2025-07-01T00:59:30.942+0000] {dagbag.py:588} INFO - Filling up the DagBag from /opt/airflow/dags/driven_data_pipeline.py
[2025-07-01T00:59:31.034+0000] {logging_mixin.py:190} INFO - [2025-07-01T00:59:31.016+0000] {dagbag.py:387} ERROR - Failed to import: /opt/airflow/dags/driven_data_pipeline.py
Traceback (most recent call last):
  File "/home/airflow/.local/lib/python3.12/site-packages/airflow/models/dagbag.py", line 383, in parse
    loader.exec_module(new_module)
  File "<frozen importlib._bootstrap_external>", line 995, in exec_module
  File "<frozen importlib._bootstrap>", line 488, in _call_with_frames_removed
  File "/opt/airflow/dags/driven_data_pipeline.py", line 11, in <module>
    import polars as pl
ModuleNotFoundError: No module named 'polars'
[2025-07-01T00:59:31.040+0000] {processor.py:927} WARNING - No viable dags retrieved from /opt/airflow/dags/driven_data_pipeline.py
[2025-07-01T00:59:31.100+0000] {processor.py:208} INFO - Processing /opt/airflow/dags/driven_data_pipeline.py took 0.189 seconds
[2025-07-01T01:00:01.639+0000] {processor.py:186} INFO - Started process (PID=99) to work on /opt/airflow/dags/driven_data_pipeline.py
[2025-07-01T01:00:01.643+0000] {processor.py:914} INFO - Processing file /opt/airflow/dags/driven_data_pipeline.py for tasks to queue
[2025-07-01T01:00:01.650+0000] {logging_mixin.py:190} INFO - [2025-07-01T01:00:01.649+0000] {dagbag.py:588} INFO - Filling up the DagBag from /opt/airflow/dags/driven_data_pipeline.py
[2025-07-01T01:00:01.699+0000] {logging_mixin.py:190} INFO - [2025-07-01T01:00:01.690+0000] {dagbag.py:387} ERROR - Failed to import: /opt/airflow/dags/driven_data_pipeline.py
Traceback (most recent call last):
  File "/home/airflow/.local/lib/python3.12/site-packages/airflow/models/dagbag.py", line 383, in parse
    loader.exec_module(new_module)
  File "<frozen importlib._bootstrap_external>", line 995, in exec_module
  File "<frozen importlib._bootstrap>", line 488, in _call_with_frames_removed
  File "/opt/airflow/dags/driven_data_pipeline.py", line 11, in <module>
    import polars as pl
ModuleNotFoundError: No module named 'polars'
[2025-07-01T01:00:01.703+0000] {processor.py:927} WARNING - No viable dags retrieved from /opt/airflow/dags/driven_data_pipeline.py
[2025-07-01T01:00:01.749+0000] {processor.py:208} INFO - Processing /opt/airflow/dags/driven_data_pipeline.py took 0.136 seconds
[2025-07-01T01:00:32.083+0000] {processor.py:186} INFO - Started process (PID=106) to work on /opt/airflow/dags/driven_data_pipeline.py
[2025-07-01T01:00:32.085+0000] {processor.py:914} INFO - Processing file /opt/airflow/dags/driven_data_pipeline.py for tasks to queue
[2025-07-01T01:00:32.099+0000] {logging_mixin.py:190} INFO - [2025-07-01T01:00:32.098+0000] {dagbag.py:588} INFO - Filling up the DagBag from /opt/airflow/dags/driven_data_pipeline.py
[2025-07-01T01:00:32.151+0000] {logging_mixin.py:190} INFO - [2025-07-01T01:00:32.141+0000] {dagbag.py:387} ERROR - Failed to import: /opt/airflow/dags/driven_data_pipeline.py
Traceback (most recent call last):
  File "/home/airflow/.local/lib/python3.12/site-packages/airflow/models/dagbag.py", line 383, in parse
    loader.exec_module(new_module)
  File "<frozen importlib._bootstrap_external>", line 995, in exec_module
  File "<frozen importlib._bootstrap>", line 488, in _call_with_frames_removed
  File "/opt/airflow/dags/driven_data_pipeline.py", line 11, in <module>
    import polars as pl
ModuleNotFoundError: No module named 'polars'
[2025-07-01T01:00:32.154+0000] {processor.py:927} WARNING - No viable dags retrieved from /opt/airflow/dags/driven_data_pipeline.py
[2025-07-01T01:00:32.197+0000] {processor.py:208} INFO - Processing /opt/airflow/dags/driven_data_pipeline.py took 0.124 seconds
[2025-07-01T01:01:02.611+0000] {processor.py:186} INFO - Started process (PID=113) to work on /opt/airflow/dags/driven_data_pipeline.py
[2025-07-01T01:01:02.614+0000] {processor.py:914} INFO - Processing file /opt/airflow/dags/driven_data_pipeline.py for tasks to queue
[2025-07-01T01:01:02.633+0000] {logging_mixin.py:190} INFO - [2025-07-01T01:01:02.632+0000] {dagbag.py:588} INFO - Filling up the DagBag from /opt/airflow/dags/driven_data_pipeline.py
[2025-07-01T01:01:02.716+0000] {logging_mixin.py:190} INFO - [2025-07-01T01:01:02.701+0000] {dagbag.py:387} ERROR - Failed to import: /opt/airflow/dags/driven_data_pipeline.py
Traceback (most recent call last):
  File "/home/airflow/.local/lib/python3.12/site-packages/airflow/models/dagbag.py", line 383, in parse
    loader.exec_module(new_module)
  File "<frozen importlib._bootstrap_external>", line 995, in exec_module
  File "<frozen importlib._bootstrap>", line 488, in _call_with_frames_removed
  File "/opt/airflow/dags/driven_data_pipeline.py", line 11, in <module>
    import polars as pl
ModuleNotFoundError: No module named 'polars'
[2025-07-01T01:01:02.722+0000] {processor.py:927} WARNING - No viable dags retrieved from /opt/airflow/dags/driven_data_pipeline.py
[2025-07-01T01:01:02.786+0000] {processor.py:208} INFO - Processing /opt/airflow/dags/driven_data_pipeline.py took 0.195 seconds
[2025-07-01T01:01:33.165+0000] {processor.py:186} INFO - Started process (PID=119) to work on /opt/airflow/dags/driven_data_pipeline.py
[2025-07-01T01:01:33.169+0000] {processor.py:914} INFO - Processing file /opt/airflow/dags/driven_data_pipeline.py for tasks to queue
[2025-07-01T01:01:33.175+0000] {logging_mixin.py:190} INFO - [2025-07-01T01:01:33.175+0000] {dagbag.py:588} INFO - Filling up the DagBag from /opt/airflow/dags/driven_data_pipeline.py
[2025-07-01T01:01:35.407+0000] {logging_mixin.py:190} INFO - [2025-07-01T01:01:35.397+0000] {dagbag.py:387} ERROR - Failed to import: /opt/airflow/dags/driven_data_pipeline.py
Traceback (most recent call last):
  File "/home/airflow/.local/lib/python3.12/site-packages/airflow/models/dagbag.py", line 383, in parse
    loader.exec_module(new_module)
  File "<frozen importlib._bootstrap_external>", line 995, in exec_module
  File "<frozen importlib._bootstrap>", line 488, in _call_with_frames_removed
  File "/opt/airflow/dags/driven_data_pipeline.py", line 11, in <module>
    import polars as pl
ModuleNotFoundError: No module named 'polars'
[2025-07-01T01:01:35.411+0000] {processor.py:927} WARNING - No viable dags retrieved from /opt/airflow/dags/driven_data_pipeline.py
[2025-07-01T01:01:35.471+0000] {processor.py:208} INFO - Processing /opt/airflow/dags/driven_data_pipeline.py took 2.321 seconds
[2025-07-01T01:02:06.245+0000] {processor.py:186} INFO - Started process (PID=126) to work on /opt/airflow/dags/driven_data_pipeline.py
[2025-07-01T01:02:06.248+0000] {processor.py:914} INFO - Processing file /opt/airflow/dags/driven_data_pipeline.py for tasks to queue
[2025-07-01T01:02:06.254+0000] {logging_mixin.py:190} INFO - [2025-07-01T01:02:06.253+0000] {dagbag.py:588} INFO - Filling up the DagBag from /opt/airflow/dags/driven_data_pipeline.py
[2025-07-01T01:02:06.310+0000] {logging_mixin.py:190} INFO - [2025-07-01T01:02:06.298+0000] {dagbag.py:387} ERROR - Failed to import: /opt/airflow/dags/driven_data_pipeline.py
Traceback (most recent call last):
  File "/home/airflow/.local/lib/python3.12/site-packages/airflow/models/dagbag.py", line 383, in parse
    loader.exec_module(new_module)
  File "<frozen importlib._bootstrap_external>", line 995, in exec_module
  File "<frozen importlib._bootstrap>", line 488, in _call_with_frames_removed
  File "/opt/airflow/dags/driven_data_pipeline.py", line 11, in <module>
    import polars as pl
ModuleNotFoundError: No module named 'polars'
[2025-07-01T01:02:06.314+0000] {processor.py:927} WARNING - No viable dags retrieved from /opt/airflow/dags/driven_data_pipeline.py
[2025-07-01T01:02:06.355+0000] {processor.py:208} INFO - Processing /opt/airflow/dags/driven_data_pipeline.py took 0.123 seconds
[2025-07-01T01:02:36.750+0000] {processor.py:186} INFO - Started process (PID=133) to work on /opt/airflow/dags/driven_data_pipeline.py
[2025-07-01T01:02:36.754+0000] {processor.py:914} INFO - Processing file /opt/airflow/dags/driven_data_pipeline.py for tasks to queue
[2025-07-01T01:02:36.760+0000] {logging_mixin.py:190} INFO - [2025-07-01T01:02:36.759+0000] {dagbag.py:588} INFO - Filling up the DagBag from /opt/airflow/dags/driven_data_pipeline.py
[2025-07-01T01:02:36.838+0000] {logging_mixin.py:190} INFO - [2025-07-01T01:02:36.825+0000] {dagbag.py:387} ERROR - Failed to import: /opt/airflow/dags/driven_data_pipeline.py
Traceback (most recent call last):
  File "/home/airflow/.local/lib/python3.12/site-packages/airflow/models/dagbag.py", line 383, in parse
    loader.exec_module(new_module)
  File "<frozen importlib._bootstrap_external>", line 995, in exec_module
  File "<frozen importlib._bootstrap>", line 488, in _call_with_frames_removed
  File "/opt/airflow/dags/driven_data_pipeline.py", line 11, in <module>
    import polars as pl
ModuleNotFoundError: No module named 'polars'
[2025-07-01T01:02:36.842+0000] {processor.py:927} WARNING - No viable dags retrieved from /opt/airflow/dags/driven_data_pipeline.py
[2025-07-01T01:02:36.889+0000] {processor.py:208} INFO - Processing /opt/airflow/dags/driven_data_pipeline.py took 0.155 seconds
[2025-07-01T01:03:07.373+0000] {processor.py:186} INFO - Started process (PID=140) to work on /opt/airflow/dags/driven_data_pipeline.py
[2025-07-01T01:03:07.377+0000] {processor.py:914} INFO - Processing file /opt/airflow/dags/driven_data_pipeline.py for tasks to queue
[2025-07-01T01:03:07.386+0000] {logging_mixin.py:190} INFO - [2025-07-01T01:03:07.385+0000] {dagbag.py:588} INFO - Filling up the DagBag from /opt/airflow/dags/driven_data_pipeline.py
[2025-07-01T01:03:07.472+0000] {logging_mixin.py:190} INFO - [2025-07-01T01:03:07.457+0000] {dagbag.py:387} ERROR - Failed to import: /opt/airflow/dags/driven_data_pipeline.py
Traceback (most recent call last):
  File "/home/airflow/.local/lib/python3.12/site-packages/airflow/models/dagbag.py", line 383, in parse
    loader.exec_module(new_module)
  File "<frozen importlib._bootstrap_external>", line 995, in exec_module
  File "<frozen importlib._bootstrap>", line 488, in _call_with_frames_removed
  File "/opt/airflow/dags/driven_data_pipeline.py", line 11, in <module>
    import polars as pl
ModuleNotFoundError: No module named 'polars'
[2025-07-01T01:03:07.479+0000] {processor.py:927} WARNING - No viable dags retrieved from /opt/airflow/dags/driven_data_pipeline.py
[2025-07-01T01:03:07.542+0000] {processor.py:208} INFO - Processing /opt/airflow/dags/driven_data_pipeline.py took 0.190 seconds
[2025-07-01T01:03:38.011+0000] {processor.py:186} INFO - Started process (PID=147) to work on /opt/airflow/dags/driven_data_pipeline.py
[2025-07-01T01:03:38.016+0000] {processor.py:914} INFO - Processing file /opt/airflow/dags/driven_data_pipeline.py for tasks to queue
[2025-07-01T01:03:38.027+0000] {logging_mixin.py:190} INFO - [2025-07-01T01:03:38.026+0000] {dagbag.py:588} INFO - Filling up the DagBag from /opt/airflow/dags/driven_data_pipeline.py
[2025-07-01T01:03:38.121+0000] {logging_mixin.py:190} INFO - [2025-07-01T01:03:38.105+0000] {dagbag.py:387} ERROR - Failed to import: /opt/airflow/dags/driven_data_pipeline.py
Traceback (most recent call last):
  File "/home/airflow/.local/lib/python3.12/site-packages/airflow/models/dagbag.py", line 383, in parse
    loader.exec_module(new_module)
  File "<frozen importlib._bootstrap_external>", line 995, in exec_module
  File "<frozen importlib._bootstrap>", line 488, in _call_with_frames_removed
  File "/opt/airflow/dags/driven_data_pipeline.py", line 11, in <module>
    import polars as pl
ModuleNotFoundError: No module named 'polars'
[2025-07-01T01:03:38.127+0000] {processor.py:927} WARNING - No viable dags retrieved from /opt/airflow/dags/driven_data_pipeline.py
[2025-07-01T01:03:38.195+0000] {processor.py:208} INFO - Processing /opt/airflow/dags/driven_data_pipeline.py took 0.213 seconds
[2025-07-01T01:04:08.611+0000] {processor.py:186} INFO - Started process (PID=154) to work on /opt/airflow/dags/driven_data_pipeline.py
[2025-07-01T01:04:08.614+0000] {processor.py:914} INFO - Processing file /opt/airflow/dags/driven_data_pipeline.py for tasks to queue
[2025-07-01T01:04:08.633+0000] {logging_mixin.py:190} INFO - [2025-07-01T01:04:08.630+0000] {dagbag.py:588} INFO - Filling up the DagBag from /opt/airflow/dags/driven_data_pipeline.py
[2025-07-01T01:04:08.740+0000] {logging_mixin.py:190} INFO - [2025-07-01T01:04:08.723+0000] {dagbag.py:387} ERROR - Failed to import: /opt/airflow/dags/driven_data_pipeline.py
Traceback (most recent call last):
  File "/home/airflow/.local/lib/python3.12/site-packages/airflow/models/dagbag.py", line 383, in parse
    loader.exec_module(new_module)
  File "<frozen importlib._bootstrap_external>", line 995, in exec_module
  File "<frozen importlib._bootstrap>", line 488, in _call_with_frames_removed
  File "/opt/airflow/dags/driven_data_pipeline.py", line 11, in <module>
    import polars as pl
ModuleNotFoundError: No module named 'polars'
[2025-07-01T01:04:08.746+0000] {processor.py:927} WARNING - No viable dags retrieved from /opt/airflow/dags/driven_data_pipeline.py
[2025-07-01T01:04:08.804+0000] {processor.py:208} INFO - Processing /opt/airflow/dags/driven_data_pipeline.py took 0.234 seconds
[2025-07-01T01:04:39.154+0000] {processor.py:186} INFO - Started process (PID=161) to work on /opt/airflow/dags/driven_data_pipeline.py
[2025-07-01T01:04:39.157+0000] {processor.py:914} INFO - Processing file /opt/airflow/dags/driven_data_pipeline.py for tasks to queue
[2025-07-01T01:04:39.161+0000] {logging_mixin.py:190} INFO - [2025-07-01T01:04:39.161+0000] {dagbag.py:588} INFO - Filling up the DagBag from /opt/airflow/dags/driven_data_pipeline.py
[2025-07-01T01:04:39.208+0000] {logging_mixin.py:190} INFO - [2025-07-01T01:04:39.200+0000] {dagbag.py:387} ERROR - Failed to import: /opt/airflow/dags/driven_data_pipeline.py
Traceback (most recent call last):
  File "/home/airflow/.local/lib/python3.12/site-packages/airflow/models/dagbag.py", line 383, in parse
    loader.exec_module(new_module)
  File "<frozen importlib._bootstrap_external>", line 995, in exec_module
  File "<frozen importlib._bootstrap>", line 488, in _call_with_frames_removed
  File "/opt/airflow/dags/driven_data_pipeline.py", line 11, in <module>
    import polars as pl
ModuleNotFoundError: No module named 'polars'
[2025-07-01T01:04:39.211+0000] {processor.py:927} WARNING - No viable dags retrieved from /opt/airflow/dags/driven_data_pipeline.py
[2025-07-01T01:04:39.257+0000] {processor.py:208} INFO - Processing /opt/airflow/dags/driven_data_pipeline.py took 0.120 seconds
[2025-07-01T01:05:09.681+0000] {processor.py:186} INFO - Started process (PID=169) to work on /opt/airflow/dags/driven_data_pipeline.py
[2025-07-01T01:05:09.683+0000] {processor.py:914} INFO - Processing file /opt/airflow/dags/driven_data_pipeline.py for tasks to queue
[2025-07-01T01:05:09.689+0000] {logging_mixin.py:190} INFO - [2025-07-01T01:05:09.688+0000] {dagbag.py:588} INFO - Filling up the DagBag from /opt/airflow/dags/driven_data_pipeline.py
[2025-07-01T01:05:09.769+0000] {logging_mixin.py:190} INFO - [2025-07-01T01:05:09.749+0000] {dagbag.py:387} ERROR - Failed to import: /opt/airflow/dags/driven_data_pipeline.py
Traceback (most recent call last):
  File "/home/airflow/.local/lib/python3.12/site-packages/airflow/models/dagbag.py", line 383, in parse
    loader.exec_module(new_module)
  File "<frozen importlib._bootstrap_external>", line 995, in exec_module
  File "<frozen importlib._bootstrap>", line 488, in _call_with_frames_removed
  File "/opt/airflow/dags/driven_data_pipeline.py", line 11, in <module>
    import polars as pl
ModuleNotFoundError: No module named 'polars'
[2025-07-01T01:05:09.776+0000] {processor.py:927} WARNING - No viable dags retrieved from /opt/airflow/dags/driven_data_pipeline.py
[2025-07-01T01:05:09.851+0000] {processor.py:208} INFO - Processing /opt/airflow/dags/driven_data_pipeline.py took 0.188 seconds
[2025-07-01T01:05:40.196+0000] {processor.py:186} INFO - Started process (PID=176) to work on /opt/airflow/dags/driven_data_pipeline.py
[2025-07-01T01:05:40.199+0000] {processor.py:914} INFO - Processing file /opt/airflow/dags/driven_data_pipeline.py for tasks to queue
[2025-07-01T01:05:40.203+0000] {logging_mixin.py:190} INFO - [2025-07-01T01:05:40.202+0000] {dagbag.py:588} INFO - Filling up the DagBag from /opt/airflow/dags/driven_data_pipeline.py
[2025-07-01T01:05:40.232+0000] {logging_mixin.py:190} INFO - [2025-07-01T01:05:40.228+0000] {dagbag.py:387} ERROR - Failed to import: /opt/airflow/dags/driven_data_pipeline.py
Traceback (most recent call last):
  File "/home/airflow/.local/lib/python3.12/site-packages/airflow/models/dagbag.py", line 383, in parse
    loader.exec_module(new_module)
  File "<frozen importlib._bootstrap_external>", line 995, in exec_module
  File "<frozen importlib._bootstrap>", line 488, in _call_with_frames_removed
  File "/opt/airflow/dags/driven_data_pipeline.py", line 11, in <module>
    import polars as pl
ModuleNotFoundError: No module named 'polars'
[2025-07-01T01:05:40.234+0000] {processor.py:927} WARNING - No viable dags retrieved from /opt/airflow/dags/driven_data_pipeline.py
[2025-07-01T01:05:40.263+0000] {processor.py:208} INFO - Processing /opt/airflow/dags/driven_data_pipeline.py took 0.080 seconds
[2025-07-01T01:06:10.463+0000] {processor.py:186} INFO - Started process (PID=183) to work on /opt/airflow/dags/driven_data_pipeline.py
[2025-07-01T01:06:10.466+0000] {processor.py:914} INFO - Processing file /opt/airflow/dags/driven_data_pipeline.py for tasks to queue
[2025-07-01T01:06:10.470+0000] {logging_mixin.py:190} INFO - [2025-07-01T01:06:10.469+0000] {dagbag.py:588} INFO - Filling up the DagBag from /opt/airflow/dags/driven_data_pipeline.py
[2025-07-01T01:06:10.500+0000] {logging_mixin.py:190} INFO - [2025-07-01T01:06:10.495+0000] {dagbag.py:387} ERROR - Failed to import: /opt/airflow/dags/driven_data_pipeline.py
Traceback (most recent call last):
  File "/home/airflow/.local/lib/python3.12/site-packages/airflow/models/dagbag.py", line 383, in parse
    loader.exec_module(new_module)
  File "<frozen importlib._bootstrap_external>", line 995, in exec_module
  File "<frozen importlib._bootstrap>", line 488, in _call_with_frames_removed
  File "/opt/airflow/dags/driven_data_pipeline.py", line 11, in <module>
    import polars as pl
ModuleNotFoundError: No module named 'polars'
[2025-07-01T01:06:10.503+0000] {processor.py:927} WARNING - No viable dags retrieved from /opt/airflow/dags/driven_data_pipeline.py
[2025-07-01T01:06:10.530+0000] {processor.py:208} INFO - Processing /opt/airflow/dags/driven_data_pipeline.py took 0.075 seconds
[2025-07-01T01:06:40.821+0000] {processor.py:186} INFO - Started process (PID=190) to work on /opt/airflow/dags/driven_data_pipeline.py
[2025-07-01T01:06:40.823+0000] {processor.py:914} INFO - Processing file /opt/airflow/dags/driven_data_pipeline.py for tasks to queue
[2025-07-01T01:06:40.829+0000] {logging_mixin.py:190} INFO - [2025-07-01T01:06:40.828+0000] {dagbag.py:588} INFO - Filling up the DagBag from /opt/airflow/dags/driven_data_pipeline.py
[2025-07-01T01:06:40.862+0000] {logging_mixin.py:190} INFO - [2025-07-01T01:06:40.855+0000] {dagbag.py:387} ERROR - Failed to import: /opt/airflow/dags/driven_data_pipeline.py
Traceback (most recent call last):
  File "/home/airflow/.local/lib/python3.12/site-packages/airflow/models/dagbag.py", line 383, in parse
    loader.exec_module(new_module)
  File "<frozen importlib._bootstrap_external>", line 995, in exec_module
  File "<frozen importlib._bootstrap>", line 488, in _call_with_frames_removed
  File "/opt/airflow/dags/driven_data_pipeline.py", line 11, in <module>
    import polars as pl
ModuleNotFoundError: No module named 'polars'
[2025-07-01T01:06:40.864+0000] {processor.py:927} WARNING - No viable dags retrieved from /opt/airflow/dags/driven_data_pipeline.py
[2025-07-01T01:06:40.901+0000] {processor.py:208} INFO - Processing /opt/airflow/dags/driven_data_pipeline.py took 0.088 seconds
[2025-07-01T01:07:11.165+0000] {processor.py:186} INFO - Started process (PID=198) to work on /opt/airflow/dags/driven_data_pipeline.py
[2025-07-01T01:07:11.166+0000] {processor.py:914} INFO - Processing file /opt/airflow/dags/driven_data_pipeline.py for tasks to queue
[2025-07-01T01:07:11.170+0000] {logging_mixin.py:190} INFO - [2025-07-01T01:07:11.170+0000] {dagbag.py:588} INFO - Filling up the DagBag from /opt/airflow/dags/driven_data_pipeline.py
[2025-07-01T01:07:11.205+0000] {logging_mixin.py:190} INFO - [2025-07-01T01:07:11.199+0000] {dagbag.py:387} ERROR - Failed to import: /opt/airflow/dags/driven_data_pipeline.py
Traceback (most recent call last):
  File "/home/airflow/.local/lib/python3.12/site-packages/airflow/models/dagbag.py", line 383, in parse
    loader.exec_module(new_module)
  File "<frozen importlib._bootstrap_external>", line 995, in exec_module
  File "<frozen importlib._bootstrap>", line 488, in _call_with_frames_removed
  File "/opt/airflow/dags/driven_data_pipeline.py", line 11, in <module>
    import polars as pl
ModuleNotFoundError: No module named 'polars'
[2025-07-01T01:07:11.207+0000] {processor.py:927} WARNING - No viable dags retrieved from /opt/airflow/dags/driven_data_pipeline.py
[2025-07-01T01:07:11.233+0000] {processor.py:208} INFO - Processing /opt/airflow/dags/driven_data_pipeline.py took 0.076 seconds
[2025-07-01T01:07:41.466+0000] {processor.py:186} INFO - Started process (PID=205) to work on /opt/airflow/dags/driven_data_pipeline.py
[2025-07-01T01:07:41.468+0000] {processor.py:914} INFO - Processing file /opt/airflow/dags/driven_data_pipeline.py for tasks to queue
[2025-07-01T01:07:41.472+0000] {logging_mixin.py:190} INFO - [2025-07-01T01:07:41.471+0000] {dagbag.py:588} INFO - Filling up the DagBag from /opt/airflow/dags/driven_data_pipeline.py
[2025-07-01T01:07:41.503+0000] {logging_mixin.py:190} INFO - [2025-07-01T01:07:41.497+0000] {dagbag.py:387} ERROR - Failed to import: /opt/airflow/dags/driven_data_pipeline.py
Traceback (most recent call last):
  File "/home/airflow/.local/lib/python3.12/site-packages/airflow/models/dagbag.py", line 383, in parse
    loader.exec_module(new_module)
  File "<frozen importlib._bootstrap_external>", line 995, in exec_module
  File "<frozen importlib._bootstrap>", line 488, in _call_with_frames_removed
  File "/opt/airflow/dags/driven_data_pipeline.py", line 11, in <module>
    import polars as pl
ModuleNotFoundError: No module named 'polars'
[2025-07-01T01:07:41.504+0000] {processor.py:927} WARNING - No viable dags retrieved from /opt/airflow/dags/driven_data_pipeline.py
[2025-07-01T01:07:41.531+0000] {processor.py:208} INFO - Processing /opt/airflow/dags/driven_data_pipeline.py took 0.073 seconds
[2025-07-01T01:08:11.816+0000] {processor.py:186} INFO - Started process (PID=212) to work on /opt/airflow/dags/driven_data_pipeline.py
[2025-07-01T01:08:11.818+0000] {processor.py:914} INFO - Processing file /opt/airflow/dags/driven_data_pipeline.py for tasks to queue
[2025-07-01T01:08:11.822+0000] {logging_mixin.py:190} INFO - [2025-07-01T01:08:11.821+0000] {dagbag.py:588} INFO - Filling up the DagBag from /opt/airflow/dags/driven_data_pipeline.py
[2025-07-01T01:08:11.857+0000] {logging_mixin.py:190} INFO - [2025-07-01T01:08:11.850+0000] {dagbag.py:387} ERROR - Failed to import: /opt/airflow/dags/driven_data_pipeline.py
Traceback (most recent call last):
  File "/home/airflow/.local/lib/python3.12/site-packages/airflow/models/dagbag.py", line 383, in parse
    loader.exec_module(new_module)
  File "<frozen importlib._bootstrap_external>", line 995, in exec_module
  File "<frozen importlib._bootstrap>", line 488, in _call_with_frames_removed
  File "/opt/airflow/dags/driven_data_pipeline.py", line 11, in <module>
    import polars as pl
ModuleNotFoundError: No module named 'polars'
[2025-07-01T01:08:11.860+0000] {processor.py:927} WARNING - No viable dags retrieved from /opt/airflow/dags/driven_data_pipeline.py
[2025-07-01T01:08:11.894+0000] {processor.py:208} INFO - Processing /opt/airflow/dags/driven_data_pipeline.py took 0.086 seconds
[2025-07-01T01:08:42.119+0000] {processor.py:186} INFO - Started process (PID=219) to work on /opt/airflow/dags/driven_data_pipeline.py
[2025-07-01T01:08:42.121+0000] {processor.py:914} INFO - Processing file /opt/airflow/dags/driven_data_pipeline.py for tasks to queue
[2025-07-01T01:08:42.126+0000] {logging_mixin.py:190} INFO - [2025-07-01T01:08:42.125+0000] {dagbag.py:588} INFO - Filling up the DagBag from /opt/airflow/dags/driven_data_pipeline.py
[2025-07-01T01:08:42.159+0000] {logging_mixin.py:190} INFO - [2025-07-01T01:08:42.152+0000] {dagbag.py:387} ERROR - Failed to import: /opt/airflow/dags/driven_data_pipeline.py
Traceback (most recent call last):
  File "/home/airflow/.local/lib/python3.12/site-packages/airflow/models/dagbag.py", line 383, in parse
    loader.exec_module(new_module)
  File "<frozen importlib._bootstrap_external>", line 995, in exec_module
  File "<frozen importlib._bootstrap>", line 488, in _call_with_frames_removed
  File "/opt/airflow/dags/driven_data_pipeline.py", line 11, in <module>
    import polars as pl
ModuleNotFoundError: No module named 'polars'
[2025-07-01T01:08:42.162+0000] {processor.py:927} WARNING - No viable dags retrieved from /opt/airflow/dags/driven_data_pipeline.py
[2025-07-01T01:08:42.191+0000] {processor.py:208} INFO - Processing /opt/airflow/dags/driven_data_pipeline.py took 0.081 seconds
[2025-07-01T01:09:12.523+0000] {processor.py:186} INFO - Started process (PID=226) to work on /opt/airflow/dags/driven_data_pipeline.py
[2025-07-01T01:09:12.525+0000] {processor.py:914} INFO - Processing file /opt/airflow/dags/driven_data_pipeline.py for tasks to queue
[2025-07-01T01:09:12.529+0000] {logging_mixin.py:190} INFO - [2025-07-01T01:09:12.528+0000] {dagbag.py:588} INFO - Filling up the DagBag from /opt/airflow/dags/driven_data_pipeline.py
[2025-07-01T01:09:12.560+0000] {logging_mixin.py:190} INFO - [2025-07-01T01:09:12.554+0000] {dagbag.py:387} ERROR - Failed to import: /opt/airflow/dags/driven_data_pipeline.py
Traceback (most recent call last):
  File "/home/airflow/.local/lib/python3.12/site-packages/airflow/models/dagbag.py", line 383, in parse
    loader.exec_module(new_module)
  File "<frozen importlib._bootstrap_external>", line 995, in exec_module
  File "<frozen importlib._bootstrap>", line 488, in _call_with_frames_removed
  File "/opt/airflow/dags/driven_data_pipeline.py", line 11, in <module>
    import polars as pl
ModuleNotFoundError: No module named 'polars'
[2025-07-01T01:09:12.562+0000] {processor.py:927} WARNING - No viable dags retrieved from /opt/airflow/dags/driven_data_pipeline.py
[2025-07-01T01:09:12.588+0000] {processor.py:208} INFO - Processing /opt/airflow/dags/driven_data_pipeline.py took 0.073 seconds
[2025-07-01T01:09:42.834+0000] {processor.py:186} INFO - Started process (PID=233) to work on /opt/airflow/dags/driven_data_pipeline.py
[2025-07-01T01:09:42.836+0000] {processor.py:914} INFO - Processing file /opt/airflow/dags/driven_data_pipeline.py for tasks to queue
[2025-07-01T01:09:42.840+0000] {logging_mixin.py:190} INFO - [2025-07-01T01:09:42.840+0000] {dagbag.py:588} INFO - Filling up the DagBag from /opt/airflow/dags/driven_data_pipeline.py
[2025-07-01T01:09:42.871+0000] {logging_mixin.py:190} INFO - [2025-07-01T01:09:42.865+0000] {dagbag.py:387} ERROR - Failed to import: /opt/airflow/dags/driven_data_pipeline.py
Traceback (most recent call last):
  File "/home/airflow/.local/lib/python3.12/site-packages/airflow/models/dagbag.py", line 383, in parse
    loader.exec_module(new_module)
  File "<frozen importlib._bootstrap_external>", line 995, in exec_module
  File "<frozen importlib._bootstrap>", line 488, in _call_with_frames_removed
  File "/opt/airflow/dags/driven_data_pipeline.py", line 11, in <module>
    import polars as pl
ModuleNotFoundError: No module named 'polars'
[2025-07-01T01:09:42.873+0000] {processor.py:927} WARNING - No viable dags retrieved from /opt/airflow/dags/driven_data_pipeline.py
[2025-07-01T01:09:42.904+0000] {processor.py:208} INFO - Processing /opt/airflow/dags/driven_data_pipeline.py took 0.079 seconds
[2025-07-01T01:10:13.195+0000] {processor.py:186} INFO - Started process (PID=240) to work on /opt/airflow/dags/driven_data_pipeline.py
[2025-07-01T01:10:13.198+0000] {processor.py:914} INFO - Processing file /opt/airflow/dags/driven_data_pipeline.py for tasks to queue
[2025-07-01T01:10:13.203+0000] {logging_mixin.py:190} INFO - [2025-07-01T01:10:13.203+0000] {dagbag.py:588} INFO - Filling up the DagBag from /opt/airflow/dags/driven_data_pipeline.py
[2025-07-01T01:10:13.350+0000] {logging_mixin.py:190} INFO - [2025-07-01T01:10:13.343+0000] {dagbag.py:387} ERROR - Failed to import: /opt/airflow/dags/driven_data_pipeline.py
Traceback (most recent call last):
  File "/home/airflow/.local/lib/python3.12/site-packages/airflow/models/dagbag.py", line 383, in parse
    loader.exec_module(new_module)
  File "<frozen importlib._bootstrap_external>", line 995, in exec_module
  File "<frozen importlib._bootstrap>", line 488, in _call_with_frames_removed
  File "/opt/airflow/dags/driven_data_pipeline.py", line 11, in <module>
    import polars as pl
ModuleNotFoundError: No module named 'polars'
[2025-07-01T01:10:13.356+0000] {processor.py:927} WARNING - No viable dags retrieved from /opt/airflow/dags/driven_data_pipeline.py
[2025-07-01T01:10:13.386+0000] {processor.py:208} INFO - Processing /opt/airflow/dags/driven_data_pipeline.py took 0.207 seconds
[2025-07-01T01:10:43.472+0000] {processor.py:186} INFO - Started process (PID=247) to work on /opt/airflow/dags/driven_data_pipeline.py
[2025-07-01T01:10:43.475+0000] {processor.py:914} INFO - Processing file /opt/airflow/dags/driven_data_pipeline.py for tasks to queue
[2025-07-01T01:10:43.479+0000] {logging_mixin.py:190} INFO - [2025-07-01T01:10:43.478+0000] {dagbag.py:588} INFO - Filling up the DagBag from /opt/airflow/dags/driven_data_pipeline.py
[2025-07-01T01:10:43.510+0000] {logging_mixin.py:190} INFO - [2025-07-01T01:10:43.504+0000] {dagbag.py:387} ERROR - Failed to import: /opt/airflow/dags/driven_data_pipeline.py
Traceback (most recent call last):
  File "/home/airflow/.local/lib/python3.12/site-packages/airflow/models/dagbag.py", line 383, in parse
    loader.exec_module(new_module)
  File "<frozen importlib._bootstrap_external>", line 995, in exec_module
  File "<frozen importlib._bootstrap>", line 488, in _call_with_frames_removed
  File "/opt/airflow/dags/driven_data_pipeline.py", line 11, in <module>
    import polars as pl
ModuleNotFoundError: No module named 'polars'
[2025-07-01T01:10:43.512+0000] {processor.py:927} WARNING - No viable dags retrieved from /opt/airflow/dags/driven_data_pipeline.py
[2025-07-01T01:10:43.539+0000] {processor.py:208} INFO - Processing /opt/airflow/dags/driven_data_pipeline.py took 0.075 seconds
[2025-07-01T01:11:13.760+0000] {processor.py:186} INFO - Started process (PID=255) to work on /opt/airflow/dags/driven_data_pipeline.py
[2025-07-01T01:11:13.762+0000] {processor.py:914} INFO - Processing file /opt/airflow/dags/driven_data_pipeline.py for tasks to queue
[2025-07-01T01:11:13.766+0000] {logging_mixin.py:190} INFO - [2025-07-01T01:11:13.765+0000] {dagbag.py:588} INFO - Filling up the DagBag from /opt/airflow/dags/driven_data_pipeline.py
[2025-07-01T01:11:13.798+0000] {logging_mixin.py:190} INFO - [2025-07-01T01:11:13.791+0000] {dagbag.py:387} ERROR - Failed to import: /opt/airflow/dags/driven_data_pipeline.py
Traceback (most recent call last):
  File "/home/airflow/.local/lib/python3.12/site-packages/airflow/models/dagbag.py", line 383, in parse
    loader.exec_module(new_module)
  File "<frozen importlib._bootstrap_external>", line 995, in exec_module
  File "<frozen importlib._bootstrap>", line 488, in _call_with_frames_removed
  File "/opt/airflow/dags/driven_data_pipeline.py", line 11, in <module>
    import polars as pl
ModuleNotFoundError: No module named 'polars'
[2025-07-01T01:11:13.801+0000] {processor.py:927} WARNING - No viable dags retrieved from /opt/airflow/dags/driven_data_pipeline.py
[2025-07-01T01:11:13.828+0000] {processor.py:208} INFO - Processing /opt/airflow/dags/driven_data_pipeline.py took 0.076 seconds
[2025-07-01T01:13:02.197+0000] {processor.py:186} INFO - Started process (PID=60) to work on /opt/airflow/dags/driven_data_pipeline.py
[2025-07-01T01:13:02.201+0000] {processor.py:914} INFO - Processing file /opt/airflow/dags/driven_data_pipeline.py for tasks to queue
[2025-07-01T01:13:02.210+0000] {logging_mixin.py:190} INFO - [2025-07-01T01:13:02.208+0000] {dagbag.py:588} INFO - Filling up the DagBag from /opt/airflow/dags/driven_data_pipeline.py
[2025-07-01T01:13:02.264+0000] {logging_mixin.py:190} INFO - [2025-07-01T01:13:02.256+0000] {dagbag.py:387} ERROR - Failed to import: /opt/airflow/dags/driven_data_pipeline.py
Traceback (most recent call last):
  File "/home/airflow/.local/lib/python3.12/site-packages/airflow/models/dagbag.py", line 383, in parse
    loader.exec_module(new_module)
  File "<frozen importlib._bootstrap_external>", line 995, in exec_module
  File "<frozen importlib._bootstrap>", line 488, in _call_with_frames_removed
  File "/opt/airflow/dags/driven_data_pipeline.py", line 11, in <module>
    import polars as pl
ModuleNotFoundError: No module named 'polars'
[2025-07-01T01:13:02.267+0000] {processor.py:927} WARNING - No viable dags retrieved from /opt/airflow/dags/driven_data_pipeline.py
[2025-07-01T01:13:02.302+0000] {processor.py:208} INFO - Processing /opt/airflow/dags/driven_data_pipeline.py took 0.126 seconds
[2025-07-01T01:13:32.680+0000] {processor.py:186} INFO - Started process (PID=67) to work on /opt/airflow/dags/driven_data_pipeline.py
[2025-07-01T01:13:32.697+0000] {processor.py:914} INFO - Processing file /opt/airflow/dags/driven_data_pipeline.py for tasks to queue
[2025-07-01T01:13:32.718+0000] {logging_mixin.py:190} INFO - [2025-07-01T01:13:32.717+0000] {dagbag.py:588} INFO - Filling up the DagBag from /opt/airflow/dags/driven_data_pipeline.py
[2025-07-01T01:13:32.781+0000] {logging_mixin.py:190} INFO - [2025-07-01T01:13:32.772+0000] {dagbag.py:387} ERROR - Failed to import: /opt/airflow/dags/driven_data_pipeline.py
Traceback (most recent call last):
  File "/home/airflow/.local/lib/python3.12/site-packages/airflow/models/dagbag.py", line 383, in parse
    loader.exec_module(new_module)
  File "<frozen importlib._bootstrap_external>", line 995, in exec_module
  File "<frozen importlib._bootstrap>", line 488, in _call_with_frames_removed
  File "/opt/airflow/dags/driven_data_pipeline.py", line 11, in <module>
    import polars as pl
ModuleNotFoundError: No module named 'polars'
[2025-07-01T01:13:32.789+0000] {processor.py:927} WARNING - No viable dags retrieved from /opt/airflow/dags/driven_data_pipeline.py
[2025-07-01T01:13:32.850+0000] {processor.py:208} INFO - Processing /opt/airflow/dags/driven_data_pipeline.py took 0.233 seconds
[2025-07-01T01:14:03.223+0000] {processor.py:186} INFO - Started process (PID=80) to work on /opt/airflow/dags/driven_data_pipeline.py
[2025-07-01T01:14:03.231+0000] {processor.py:914} INFO - Processing file /opt/airflow/dags/driven_data_pipeline.py for tasks to queue
[2025-07-01T01:14:03.239+0000] {logging_mixin.py:190} INFO - [2025-07-01T01:14:03.237+0000] {dagbag.py:588} INFO - Filling up the DagBag from /opt/airflow/dags/driven_data_pipeline.py
[2025-07-01T01:14:03.287+0000] {logging_mixin.py:190} INFO - [2025-07-01T01:14:03.282+0000] {dagbag.py:387} ERROR - Failed to import: /opt/airflow/dags/driven_data_pipeline.py
Traceback (most recent call last):
  File "/home/airflow/.local/lib/python3.12/site-packages/airflow/models/dagbag.py", line 383, in parse
    loader.exec_module(new_module)
  File "<frozen importlib._bootstrap_external>", line 995, in exec_module
  File "<frozen importlib._bootstrap>", line 488, in _call_with_frames_removed
  File "/opt/airflow/dags/driven_data_pipeline.py", line 11, in <module>
    import polars as pl
ModuleNotFoundError: No module named 'polars'
[2025-07-01T01:14:03.291+0000] {processor.py:927} WARNING - No viable dags retrieved from /opt/airflow/dags/driven_data_pipeline.py
[2025-07-01T01:14:03.346+0000] {processor.py:208} INFO - Processing /opt/airflow/dags/driven_data_pipeline.py took 0.157 seconds
[2025-07-01T01:14:33.460+0000] {processor.py:186} INFO - Started process (PID=87) to work on /opt/airflow/dags/driven_data_pipeline.py
[2025-07-01T01:14:33.462+0000] {processor.py:914} INFO - Processing file /opt/airflow/dags/driven_data_pipeline.py for tasks to queue
[2025-07-01T01:14:33.469+0000] {logging_mixin.py:190} INFO - [2025-07-01T01:14:33.468+0000] {dagbag.py:588} INFO - Filling up the DagBag from /opt/airflow/dags/driven_data_pipeline.py
[2025-07-01T01:14:33.506+0000] {logging_mixin.py:190} INFO - [2025-07-01T01:14:33.499+0000] {dagbag.py:387} ERROR - Failed to import: /opt/airflow/dags/driven_data_pipeline.py
Traceback (most recent call last):
  File "/home/airflow/.local/lib/python3.12/site-packages/airflow/models/dagbag.py", line 383, in parse
    loader.exec_module(new_module)
  File "<frozen importlib._bootstrap_external>", line 995, in exec_module
  File "<frozen importlib._bootstrap>", line 488, in _call_with_frames_removed
  File "/opt/airflow/dags/driven_data_pipeline.py", line 11, in <module>
    import polars as pl
ModuleNotFoundError: No module named 'polars'
[2025-07-01T01:14:33.509+0000] {processor.py:927} WARNING - No viable dags retrieved from /opt/airflow/dags/driven_data_pipeline.py
[2025-07-01T01:14:33.552+0000] {processor.py:208} INFO - Processing /opt/airflow/dags/driven_data_pipeline.py took 0.103 seconds
[2025-07-01T01:15:03.742+0000] {processor.py:186} INFO - Started process (PID=94) to work on /opt/airflow/dags/driven_data_pipeline.py
[2025-07-01T01:15:03.743+0000] {processor.py:914} INFO - Processing file /opt/airflow/dags/driven_data_pipeline.py for tasks to queue
[2025-07-01T01:15:03.749+0000] {logging_mixin.py:190} INFO - [2025-07-01T01:15:03.748+0000] {dagbag.py:588} INFO - Filling up the DagBag from /opt/airflow/dags/driven_data_pipeline.py
[2025-07-01T01:15:03.802+0000] {logging_mixin.py:190} INFO - [2025-07-01T01:15:03.786+0000] {dagbag.py:387} ERROR - Failed to import: /opt/airflow/dags/driven_data_pipeline.py
Traceback (most recent call last):
  File "/home/airflow/.local/lib/python3.12/site-packages/airflow/models/dagbag.py", line 383, in parse
    loader.exec_module(new_module)
  File "<frozen importlib._bootstrap_external>", line 995, in exec_module
  File "<frozen importlib._bootstrap>", line 488, in _call_with_frames_removed
  File "/opt/airflow/dags/driven_data_pipeline.py", line 11, in <module>
    import polars as pl
ModuleNotFoundError: No module named 'polars'
[2025-07-01T01:15:03.806+0000] {processor.py:927} WARNING - No viable dags retrieved from /opt/airflow/dags/driven_data_pipeline.py
[2025-07-01T01:15:03.834+0000] {processor.py:208} INFO - Processing /opt/airflow/dags/driven_data_pipeline.py took 0.100 seconds
[2025-07-01T01:15:34.121+0000] {processor.py:186} INFO - Started process (PID=101) to work on /opt/airflow/dags/driven_data_pipeline.py
[2025-07-01T01:15:34.122+0000] {processor.py:914} INFO - Processing file /opt/airflow/dags/driven_data_pipeline.py for tasks to queue
[2025-07-01T01:15:34.126+0000] {logging_mixin.py:190} INFO - [2025-07-01T01:15:34.125+0000] {dagbag.py:588} INFO - Filling up the DagBag from /opt/airflow/dags/driven_data_pipeline.py
[2025-07-01T01:15:34.155+0000] {logging_mixin.py:190} INFO - [2025-07-01T01:15:34.150+0000] {dagbag.py:387} ERROR - Failed to import: /opt/airflow/dags/driven_data_pipeline.py
Traceback (most recent call last):
  File "/home/airflow/.local/lib/python3.12/site-packages/airflow/models/dagbag.py", line 383, in parse
    loader.exec_module(new_module)
  File "<frozen importlib._bootstrap_external>", line 995, in exec_module
  File "<frozen importlib._bootstrap>", line 488, in _call_with_frames_removed
  File "/opt/airflow/dags/driven_data_pipeline.py", line 11, in <module>
    import polars as pl
ModuleNotFoundError: No module named 'polars'
[2025-07-01T01:15:34.158+0000] {processor.py:927} WARNING - No viable dags retrieved from /opt/airflow/dags/driven_data_pipeline.py
[2025-07-01T01:15:34.185+0000] {processor.py:208} INFO - Processing /opt/airflow/dags/driven_data_pipeline.py took 0.070 seconds
[2025-07-01T01:16:04.439+0000] {processor.py:186} INFO - Started process (PID=108) to work on /opt/airflow/dags/driven_data_pipeline.py
[2025-07-01T01:16:04.441+0000] {processor.py:914} INFO - Processing file /opt/airflow/dags/driven_data_pipeline.py for tasks to queue
[2025-07-01T01:16:04.446+0000] {logging_mixin.py:190} INFO - [2025-07-01T01:16:04.445+0000] {dagbag.py:588} INFO - Filling up the DagBag from /opt/airflow/dags/driven_data_pipeline.py
[2025-07-01T01:16:04.485+0000] {logging_mixin.py:190} INFO - [2025-07-01T01:16:04.479+0000] {dagbag.py:387} ERROR - Failed to import: /opt/airflow/dags/driven_data_pipeline.py
Traceback (most recent call last):
  File "/home/airflow/.local/lib/python3.12/site-packages/airflow/models/dagbag.py", line 383, in parse
    loader.exec_module(new_module)
  File "<frozen importlib._bootstrap_external>", line 995, in exec_module
  File "<frozen importlib._bootstrap>", line 488, in _call_with_frames_removed
  File "/opt/airflow/dags/driven_data_pipeline.py", line 11, in <module>
    import polars as pl
ModuleNotFoundError: No module named 'polars'
[2025-07-01T01:16:04.487+0000] {processor.py:927} WARNING - No viable dags retrieved from /opt/airflow/dags/driven_data_pipeline.py
[2025-07-01T01:16:04.515+0000] {processor.py:208} INFO - Processing /opt/airflow/dags/driven_data_pipeline.py took 0.087 seconds
[2025-07-01T01:16:34.757+0000] {processor.py:186} INFO - Started process (PID=115) to work on /opt/airflow/dags/driven_data_pipeline.py
[2025-07-01T01:16:34.759+0000] {processor.py:914} INFO - Processing file /opt/airflow/dags/driven_data_pipeline.py for tasks to queue
[2025-07-01T01:16:34.762+0000] {logging_mixin.py:190} INFO - [2025-07-01T01:16:34.762+0000] {dagbag.py:588} INFO - Filling up the DagBag from /opt/airflow/dags/driven_data_pipeline.py
[2025-07-01T01:16:34.793+0000] {logging_mixin.py:190} INFO - [2025-07-01T01:16:34.787+0000] {dagbag.py:387} ERROR - Failed to import: /opt/airflow/dags/driven_data_pipeline.py
Traceback (most recent call last):
  File "/home/airflow/.local/lib/python3.12/site-packages/airflow/models/dagbag.py", line 383, in parse
    loader.exec_module(new_module)
  File "<frozen importlib._bootstrap_external>", line 995, in exec_module
  File "<frozen importlib._bootstrap>", line 488, in _call_with_frames_removed
  File "/opt/airflow/dags/driven_data_pipeline.py", line 11, in <module>
    import polars as pl
ModuleNotFoundError: No module named 'polars'
[2025-07-01T01:16:34.795+0000] {processor.py:927} WARNING - No viable dags retrieved from /opt/airflow/dags/driven_data_pipeline.py
[2025-07-01T01:16:34.821+0000] {processor.py:208} INFO - Processing /opt/airflow/dags/driven_data_pipeline.py took 0.071 seconds
[2025-07-01T01:17:05.078+0000] {processor.py:186} INFO - Started process (PID=122) to work on /opt/airflow/dags/driven_data_pipeline.py
[2025-07-01T01:17:05.080+0000] {processor.py:914} INFO - Processing file /opt/airflow/dags/driven_data_pipeline.py for tasks to queue
[2025-07-01T01:17:05.083+0000] {logging_mixin.py:190} INFO - [2025-07-01T01:17:05.083+0000] {dagbag.py:588} INFO - Filling up the DagBag from /opt/airflow/dags/driven_data_pipeline.py
[2025-07-01T01:17:05.114+0000] {logging_mixin.py:190} INFO - [2025-07-01T01:17:05.108+0000] {dagbag.py:387} ERROR - Failed to import: /opt/airflow/dags/driven_data_pipeline.py
Traceback (most recent call last):
  File "/home/airflow/.local/lib/python3.12/site-packages/airflow/models/dagbag.py", line 383, in parse
    loader.exec_module(new_module)
  File "<frozen importlib._bootstrap_external>", line 995, in exec_module
  File "<frozen importlib._bootstrap>", line 488, in _call_with_frames_removed
  File "/opt/airflow/dags/driven_data_pipeline.py", line 11, in <module>
    import polars as pl
ModuleNotFoundError: No module named 'polars'
[2025-07-01T01:17:05.116+0000] {processor.py:927} WARNING - No viable dags retrieved from /opt/airflow/dags/driven_data_pipeline.py
[2025-07-01T01:17:05.144+0000] {processor.py:208} INFO - Processing /opt/airflow/dags/driven_data_pipeline.py took 0.073 seconds
[2025-07-01T01:17:35.381+0000] {processor.py:186} INFO - Started process (PID=130) to work on /opt/airflow/dags/driven_data_pipeline.py
[2025-07-01T01:17:35.382+0000] {processor.py:914} INFO - Processing file /opt/airflow/dags/driven_data_pipeline.py for tasks to queue
[2025-07-01T01:17:35.386+0000] {logging_mixin.py:190} INFO - [2025-07-01T01:17:35.386+0000] {dagbag.py:588} INFO - Filling up the DagBag from /opt/airflow/dags/driven_data_pipeline.py
[2025-07-01T01:17:35.997+0000] {logging_mixin.py:190} INFO - [2025-07-01T01:17:35.992+0000] {dagbag.py:387} ERROR - Failed to import: /opt/airflow/dags/driven_data_pipeline.py
Traceback (most recent call last):
  File "/home/airflow/.local/lib/python3.12/site-packages/airflow/models/dagbag.py", line 383, in parse
    loader.exec_module(new_module)
  File "<frozen importlib._bootstrap_external>", line 995, in exec_module
  File "<frozen importlib._bootstrap>", line 488, in _call_with_frames_removed
  File "/opt/airflow/dags/driven_data_pipeline.py", line 11, in <module>
    import polars as pl
ModuleNotFoundError: No module named 'polars'
[2025-07-01T01:17:35.999+0000] {processor.py:927} WARNING - No viable dags retrieved from /opt/airflow/dags/driven_data_pipeline.py
[2025-07-01T01:17:36.020+0000] {processor.py:208} INFO - Processing /opt/airflow/dags/driven_data_pipeline.py took 0.650 seconds
[2025-07-01T01:18:06.360+0000] {processor.py:186} INFO - Started process (PID=137) to work on /opt/airflow/dags/driven_data_pipeline.py
[2025-07-01T01:18:06.363+0000] {processor.py:914} INFO - Processing file /opt/airflow/dags/driven_data_pipeline.py for tasks to queue
[2025-07-01T01:18:06.369+0000] {logging_mixin.py:190} INFO - [2025-07-01T01:18:06.368+0000] {dagbag.py:588} INFO - Filling up the DagBag from /opt/airflow/dags/driven_data_pipeline.py
[2025-07-01T01:18:06.405+0000] {logging_mixin.py:190} INFO - [2025-07-01T01:18:06.398+0000] {dagbag.py:387} ERROR - Failed to import: /opt/airflow/dags/driven_data_pipeline.py
Traceback (most recent call last):
  File "/home/airflow/.local/lib/python3.12/site-packages/airflow/models/dagbag.py", line 383, in parse
    loader.exec_module(new_module)
  File "<frozen importlib._bootstrap_external>", line 995, in exec_module
  File "<frozen importlib._bootstrap>", line 488, in _call_with_frames_removed
  File "/opt/airflow/dags/driven_data_pipeline.py", line 11, in <module>
    import polars as pl
ModuleNotFoundError: No module named 'polars'
[2025-07-01T01:18:06.408+0000] {processor.py:927} WARNING - No viable dags retrieved from /opt/airflow/dags/driven_data_pipeline.py
[2025-07-01T01:18:06.447+0000] {processor.py:208} INFO - Processing /opt/airflow/dags/driven_data_pipeline.py took 0.102 seconds
[2025-07-01T01:18:36.637+0000] {processor.py:186} INFO - Started process (PID=144) to work on /opt/airflow/dags/driven_data_pipeline.py
[2025-07-01T01:18:36.639+0000] {processor.py:914} INFO - Processing file /opt/airflow/dags/driven_data_pipeline.py for tasks to queue
[2025-07-01T01:18:36.642+0000] {logging_mixin.py:190} INFO - [2025-07-01T01:18:36.642+0000] {dagbag.py:588} INFO - Filling up the DagBag from /opt/airflow/dags/driven_data_pipeline.py
[2025-07-01T01:18:36.674+0000] {logging_mixin.py:190} INFO - [2025-07-01T01:18:36.668+0000] {dagbag.py:387} ERROR - Failed to import: /opt/airflow/dags/driven_data_pipeline.py
Traceback (most recent call last):
  File "/home/airflow/.local/lib/python3.12/site-packages/airflow/models/dagbag.py", line 383, in parse
    loader.exec_module(new_module)
  File "<frozen importlib._bootstrap_external>", line 995, in exec_module
  File "<frozen importlib._bootstrap>", line 488, in _call_with_frames_removed
  File "/opt/airflow/dags/driven_data_pipeline.py", line 11, in <module>
    import polars as pl
ModuleNotFoundError: No module named 'polars'
[2025-07-01T01:18:36.676+0000] {processor.py:927} WARNING - No viable dags retrieved from /opt/airflow/dags/driven_data_pipeline.py
[2025-07-01T01:18:36.704+0000] {processor.py:208} INFO - Processing /opt/airflow/dags/driven_data_pipeline.py took 0.076 seconds
[2025-07-01T01:19:07.056+0000] {processor.py:186} INFO - Started process (PID=151) to work on /opt/airflow/dags/driven_data_pipeline.py
[2025-07-01T01:19:07.057+0000] {processor.py:914} INFO - Processing file /opt/airflow/dags/driven_data_pipeline.py for tasks to queue
[2025-07-01T01:19:07.061+0000] {logging_mixin.py:190} INFO - [2025-07-01T01:19:07.061+0000] {dagbag.py:588} INFO - Filling up the DagBag from /opt/airflow/dags/driven_data_pipeline.py
[2025-07-01T01:19:07.104+0000] {logging_mixin.py:190} INFO - [2025-07-01T01:19:07.095+0000] {dagbag.py:387} ERROR - Failed to import: /opt/airflow/dags/driven_data_pipeline.py
Traceback (most recent call last):
  File "/home/airflow/.local/lib/python3.12/site-packages/airflow/models/dagbag.py", line 383, in parse
    loader.exec_module(new_module)
  File "<frozen importlib._bootstrap_external>", line 995, in exec_module
  File "<frozen importlib._bootstrap>", line 488, in _call_with_frames_removed
  File "/opt/airflow/dags/driven_data_pipeline.py", line 11, in <module>
    import polars as pl
ModuleNotFoundError: No module named 'polars'
[2025-07-01T01:19:07.107+0000] {processor.py:927} WARNING - No viable dags retrieved from /opt/airflow/dags/driven_data_pipeline.py
[2025-07-01T01:19:07.136+0000] {processor.py:208} INFO - Processing /opt/airflow/dags/driven_data_pipeline.py took 0.088 seconds
[2025-07-01T01:19:37.339+0000] {processor.py:186} INFO - Started process (PID=158) to work on /opt/airflow/dags/driven_data_pipeline.py
[2025-07-01T01:19:37.341+0000] {processor.py:914} INFO - Processing file /opt/airflow/dags/driven_data_pipeline.py for tasks to queue
[2025-07-01T01:19:37.349+0000] {logging_mixin.py:190} INFO - [2025-07-01T01:19:37.348+0000] {dagbag.py:588} INFO - Filling up the DagBag from /opt/airflow/dags/driven_data_pipeline.py
[2025-07-01T01:19:37.407+0000] {logging_mixin.py:190} INFO - [2025-07-01T01:19:37.392+0000] {dagbag.py:387} ERROR - Failed to import: /opt/airflow/dags/driven_data_pipeline.py
Traceback (most recent call last):
  File "/home/airflow/.local/lib/python3.12/site-packages/airflow/models/dagbag.py", line 383, in parse
    loader.exec_module(new_module)
  File "<frozen importlib._bootstrap_external>", line 995, in exec_module
  File "<frozen importlib._bootstrap>", line 488, in _call_with_frames_removed
  File "/opt/airflow/dags/driven_data_pipeline.py", line 11, in <module>
    import polars as pl
ModuleNotFoundError: No module named 'polars'
[2025-07-01T01:19:37.413+0000] {processor.py:927} WARNING - No viable dags retrieved from /opt/airflow/dags/driven_data_pipeline.py
[2025-07-01T01:19:37.472+0000] {processor.py:208} INFO - Processing /opt/airflow/dags/driven_data_pipeline.py took 0.143 seconds
[2025-07-01T01:20:07.800+0000] {processor.py:186} INFO - Started process (PID=165) to work on /opt/airflow/dags/driven_data_pipeline.py
[2025-07-01T01:20:07.802+0000] {processor.py:914} INFO - Processing file /opt/airflow/dags/driven_data_pipeline.py for tasks to queue
[2025-07-01T01:20:07.810+0000] {logging_mixin.py:190} INFO - [2025-07-01T01:20:07.809+0000] {dagbag.py:588} INFO - Filling up the DagBag from /opt/airflow/dags/driven_data_pipeline.py
[2025-07-01T01:20:07.842+0000] {logging_mixin.py:190} INFO - [2025-07-01T01:20:07.837+0000] {dagbag.py:387} ERROR - Failed to import: /opt/airflow/dags/driven_data_pipeline.py
Traceback (most recent call last):
  File "/home/airflow/.local/lib/python3.12/site-packages/airflow/models/dagbag.py", line 383, in parse
    loader.exec_module(new_module)
  File "<frozen importlib._bootstrap_external>", line 995, in exec_module
  File "<frozen importlib._bootstrap>", line 488, in _call_with_frames_removed
  File "/opt/airflow/dags/driven_data_pipeline.py", line 11, in <module>
    import polars as pl
ModuleNotFoundError: No module named 'polars'
[2025-07-01T01:20:07.844+0000] {processor.py:927} WARNING - No viable dags retrieved from /opt/airflow/dags/driven_data_pipeline.py
[2025-07-01T01:20:07.876+0000] {processor.py:208} INFO - Processing /opt/airflow/dags/driven_data_pipeline.py took 0.087 seconds
[2025-07-01T01:20:38.086+0000] {processor.py:186} INFO - Started process (PID=172) to work on /opt/airflow/dags/driven_data_pipeline.py
[2025-07-01T01:20:38.088+0000] {processor.py:914} INFO - Processing file /opt/airflow/dags/driven_data_pipeline.py for tasks to queue
[2025-07-01T01:20:38.091+0000] {logging_mixin.py:190} INFO - [2025-07-01T01:20:38.091+0000] {dagbag.py:588} INFO - Filling up the DagBag from /opt/airflow/dags/driven_data_pipeline.py
[2025-07-01T01:20:38.123+0000] {logging_mixin.py:190} INFO - [2025-07-01T01:20:38.117+0000] {dagbag.py:387} ERROR - Failed to import: /opt/airflow/dags/driven_data_pipeline.py
Traceback (most recent call last):
  File "/home/airflow/.local/lib/python3.12/site-packages/airflow/models/dagbag.py", line 383, in parse
    loader.exec_module(new_module)
  File "<frozen importlib._bootstrap_external>", line 995, in exec_module
  File "<frozen importlib._bootstrap>", line 488, in _call_with_frames_removed
  File "/opt/airflow/dags/driven_data_pipeline.py", line 11, in <module>
    import polars as pl
ModuleNotFoundError: No module named 'polars'
[2025-07-01T01:20:38.124+0000] {processor.py:927} WARNING - No viable dags retrieved from /opt/airflow/dags/driven_data_pipeline.py
[2025-07-01T01:20:38.151+0000] {processor.py:208} INFO - Processing /opt/airflow/dags/driven_data_pipeline.py took 0.073 seconds
[2025-07-01T01:20:50.317+0000] {processor.py:186} INFO - Started process (PID=173) to work on /opt/airflow/dags/driven_data_pipeline.py
[2025-07-01T01:20:50.318+0000] {processor.py:914} INFO - Processing file /opt/airflow/dags/driven_data_pipeline.py for tasks to queue
[2025-07-01T01:20:50.324+0000] {logging_mixin.py:190} INFO - [2025-07-01T01:20:50.323+0000] {dagbag.py:588} INFO - Filling up the DagBag from /opt/airflow/dags/driven_data_pipeline.py
[2025-07-01T01:20:50.380+0000] {logging_mixin.py:190} INFO - [2025-07-01T01:20:50.373+0000] {dagbag.py:387} ERROR - Failed to import: /opt/airflow/dags/driven_data_pipeline.py
Traceback (most recent call last):
  File "/home/airflow/.local/lib/python3.12/site-packages/airflow/models/dagbag.py", line 383, in parse
    loader.exec_module(new_module)
  File "<frozen importlib._bootstrap_external>", line 995, in exec_module
  File "<frozen importlib._bootstrap>", line 488, in _call_with_frames_removed
  File "/opt/airflow/dags/driven_data_pipeline.py", line 12, in <module>
    from faker import Faker
ModuleNotFoundError: No module named 'faker'
[2025-07-01T01:20:50.385+0000] {processor.py:927} WARNING - No viable dags retrieved from /opt/airflow/dags/driven_data_pipeline.py
[2025-07-01T01:20:50.413+0000] {processor.py:208} INFO - Processing /opt/airflow/dags/driven_data_pipeline.py took 0.105 seconds
[2025-07-01T01:21:20.646+0000] {processor.py:186} INFO - Started process (PID=180) to work on /opt/airflow/dags/driven_data_pipeline.py
[2025-07-01T01:21:20.648+0000] {processor.py:914} INFO - Processing file /opt/airflow/dags/driven_data_pipeline.py for tasks to queue
[2025-07-01T01:21:20.653+0000] {logging_mixin.py:190} INFO - [2025-07-01T01:21:20.652+0000] {dagbag.py:588} INFO - Filling up the DagBag from /opt/airflow/dags/driven_data_pipeline.py
[2025-07-01T01:21:20.691+0000] {logging_mixin.py:190} INFO - [2025-07-01T01:21:20.683+0000] {dagbag.py:387} ERROR - Failed to import: /opt/airflow/dags/driven_data_pipeline.py
Traceback (most recent call last):
  File "/home/airflow/.local/lib/python3.12/site-packages/airflow/models/dagbag.py", line 383, in parse
    loader.exec_module(new_module)
  File "<frozen importlib._bootstrap_external>", line 995, in exec_module
  File "<frozen importlib._bootstrap>", line 488, in _call_with_frames_removed
  File "/opt/airflow/dags/driven_data_pipeline.py", line 12, in <module>
    from faker import Faker
ModuleNotFoundError: No module named 'faker'
[2025-07-01T01:21:20.693+0000] {processor.py:927} WARNING - No viable dags retrieved from /opt/airflow/dags/driven_data_pipeline.py
[2025-07-01T01:21:20.723+0000] {processor.py:208} INFO - Processing /opt/airflow/dags/driven_data_pipeline.py took 0.087 seconds
[2025-07-01T01:21:51.020+0000] {processor.py:186} INFO - Started process (PID=187) to work on /opt/airflow/dags/driven_data_pipeline.py
[2025-07-01T01:21:51.022+0000] {processor.py:914} INFO - Processing file /opt/airflow/dags/driven_data_pipeline.py for tasks to queue
[2025-07-01T01:21:51.027+0000] {logging_mixin.py:190} INFO - [2025-07-01T01:21:51.026+0000] {dagbag.py:588} INFO - Filling up the DagBag from /opt/airflow/dags/driven_data_pipeline.py
[2025-07-01T01:21:51.057+0000] {logging_mixin.py:190} INFO - [2025-07-01T01:21:51.051+0000] {dagbag.py:387} ERROR - Failed to import: /opt/airflow/dags/driven_data_pipeline.py
Traceback (most recent call last):
  File "/home/airflow/.local/lib/python3.12/site-packages/airflow/models/dagbag.py", line 383, in parse
    loader.exec_module(new_module)
  File "<frozen importlib._bootstrap_external>", line 995, in exec_module
  File "<frozen importlib._bootstrap>", line 488, in _call_with_frames_removed
  File "/opt/airflow/dags/driven_data_pipeline.py", line 12, in <module>
    from faker import Faker
ModuleNotFoundError: No module named 'faker'
[2025-07-01T01:21:51.059+0000] {processor.py:927} WARNING - No viable dags retrieved from /opt/airflow/dags/driven_data_pipeline.py
[2025-07-01T01:21:51.113+0000] {processor.py:208} INFO - Processing /opt/airflow/dags/driven_data_pipeline.py took 0.102 seconds
[2025-07-01T01:30:21.978+0000] {processor.py:186} INFO - Started process (PID=69) to work on /opt/airflow/dags/driven_data_pipeline.py
[2025-07-01T01:30:21.981+0000] {processor.py:914} INFO - Processing file /opt/airflow/dags/driven_data_pipeline.py for tasks to queue
[2025-07-01T01:30:21.988+0000] {logging_mixin.py:190} INFO - [2025-07-01T01:30:21.986+0000] {dagbag.py:588} INFO - Filling up the DagBag from /opt/airflow/dags/driven_data_pipeline.py
[2025-07-01T01:30:22.097+0000] {logging_mixin.py:190} INFO - [2025-07-01T01:30:22.081+0000] {dagbag.py:387} ERROR - Failed to import: /opt/airflow/dags/driven_data_pipeline.py
Traceback (most recent call last):
  File "/home/airflow/.local/lib/python3.12/site-packages/airflow/models/dagbag.py", line 383, in parse
    loader.exec_module(new_module)
  File "<frozen importlib._bootstrap_external>", line 995, in exec_module
  File "<frozen importlib._bootstrap>", line 488, in _call_with_frames_removed
  File "/opt/airflow/dags/driven_data_pipeline.py", line 11, in <module>
    import polars as pl
ModuleNotFoundError: No module named 'polars'
[2025-07-01T01:30:22.104+0000] {processor.py:927} WARNING - No viable dags retrieved from /opt/airflow/dags/driven_data_pipeline.py
[2025-07-01T01:30:22.161+0000] {processor.py:208} INFO - Processing /opt/airflow/dags/driven_data_pipeline.py took 0.203 seconds
[2025-07-01T01:30:52.323+0000] {processor.py:186} INFO - Started process (PID=76) to work on /opt/airflow/dags/driven_data_pipeline.py
[2025-07-01T01:30:52.324+0000] {processor.py:914} INFO - Processing file /opt/airflow/dags/driven_data_pipeline.py for tasks to queue
[2025-07-01T01:30:52.330+0000] {logging_mixin.py:190} INFO - [2025-07-01T01:30:52.329+0000] {dagbag.py:588} INFO - Filling up the DagBag from /opt/airflow/dags/driven_data_pipeline.py
[2025-07-01T01:30:52.392+0000] {logging_mixin.py:190} INFO - [2025-07-01T01:30:52.381+0000] {dagbag.py:387} ERROR - Failed to import: /opt/airflow/dags/driven_data_pipeline.py
Traceback (most recent call last):
  File "/home/airflow/.local/lib/python3.12/site-packages/airflow/models/dagbag.py", line 383, in parse
    loader.exec_module(new_module)
  File "<frozen importlib._bootstrap_external>", line 995, in exec_module
  File "<frozen importlib._bootstrap>", line 488, in _call_with_frames_removed
  File "/opt/airflow/dags/driven_data_pipeline.py", line 11, in <module>
    import polars as pl
ModuleNotFoundError: No module named 'polars'
[2025-07-01T01:30:52.397+0000] {processor.py:927} WARNING - No viable dags retrieved from /opt/airflow/dags/driven_data_pipeline.py
[2025-07-01T01:30:52.434+0000] {processor.py:208} INFO - Processing /opt/airflow/dags/driven_data_pipeline.py took 0.120 seconds
[2025-07-01T01:31:22.720+0000] {processor.py:186} INFO - Started process (PID=83) to work on /opt/airflow/dags/driven_data_pipeline.py
[2025-07-01T01:31:22.722+0000] {processor.py:914} INFO - Processing file /opt/airflow/dags/driven_data_pipeline.py for tasks to queue
[2025-07-01T01:31:22.729+0000] {logging_mixin.py:190} INFO - [2025-07-01T01:31:22.728+0000] {dagbag.py:588} INFO - Filling up the DagBag from /opt/airflow/dags/driven_data_pipeline.py
[2025-07-01T01:31:22.759+0000] {logging_mixin.py:190} INFO - [2025-07-01T01:31:22.754+0000] {dagbag.py:387} ERROR - Failed to import: /opt/airflow/dags/driven_data_pipeline.py
Traceback (most recent call last):
  File "/home/airflow/.local/lib/python3.12/site-packages/airflow/models/dagbag.py", line 383, in parse
    loader.exec_module(new_module)
  File "<frozen importlib._bootstrap_external>", line 995, in exec_module
  File "<frozen importlib._bootstrap>", line 488, in _call_with_frames_removed
  File "/opt/airflow/dags/driven_data_pipeline.py", line 11, in <module>
    import polars as pl
ModuleNotFoundError: No module named 'polars'
[2025-07-01T01:31:22.761+0000] {processor.py:927} WARNING - No viable dags retrieved from /opt/airflow/dags/driven_data_pipeline.py
[2025-07-01T01:31:22.784+0000] {processor.py:208} INFO - Processing /opt/airflow/dags/driven_data_pipeline.py took 0.070 seconds
[2025-07-01T01:31:53.339+0000] {processor.py:186} INFO - Started process (PID=90) to work on /opt/airflow/dags/driven_data_pipeline.py
[2025-07-01T01:31:53.344+0000] {processor.py:914} INFO - Processing file /opt/airflow/dags/driven_data_pipeline.py for tasks to queue
[2025-07-01T01:31:53.351+0000] {logging_mixin.py:190} INFO - [2025-07-01T01:31:53.350+0000] {dagbag.py:588} INFO - Filling up the DagBag from /opt/airflow/dags/driven_data_pipeline.py
[2025-07-01T01:31:53.523+0000] {logging_mixin.py:190} INFO - [2025-07-01T01:31:53.466+0000] {dagbag.py:387} ERROR - Failed to import: /opt/airflow/dags/driven_data_pipeline.py
Traceback (most recent call last):
  File "/home/airflow/.local/lib/python3.12/site-packages/airflow/models/dagbag.py", line 383, in parse
    loader.exec_module(new_module)
  File "<frozen importlib._bootstrap_external>", line 995, in exec_module
  File "<frozen importlib._bootstrap>", line 488, in _call_with_frames_removed
  File "/opt/airflow/dags/driven_data_pipeline.py", line 11, in <module>
    import polars as pl
ModuleNotFoundError: No module named 'polars'
[2025-07-01T01:31:53.542+0000] {processor.py:927} WARNING - No viable dags retrieved from /opt/airflow/dags/driven_data_pipeline.py
[2025-07-01T01:31:53.599+0000] {processor.py:208} INFO - Processing /opt/airflow/dags/driven_data_pipeline.py took 0.279 seconds
[2025-07-01T01:32:23.789+0000] {processor.py:186} INFO - Started process (PID=97) to work on /opt/airflow/dags/driven_data_pipeline.py
[2025-07-01T01:32:23.791+0000] {processor.py:914} INFO - Processing file /opt/airflow/dags/driven_data_pipeline.py for tasks to queue
[2025-07-01T01:32:23.796+0000] {logging_mixin.py:190} INFO - [2025-07-01T01:32:23.795+0000] {dagbag.py:588} INFO - Filling up the DagBag from /opt/airflow/dags/driven_data_pipeline.py
[2025-07-01T01:32:23.841+0000] {logging_mixin.py:190} INFO - [2025-07-01T01:32:23.834+0000] {dagbag.py:387} ERROR - Failed to import: /opt/airflow/dags/driven_data_pipeline.py
Traceback (most recent call last):
  File "/home/airflow/.local/lib/python3.12/site-packages/airflow/models/dagbag.py", line 383, in parse
    loader.exec_module(new_module)
  File "<frozen importlib._bootstrap_external>", line 995, in exec_module
  File "<frozen importlib._bootstrap>", line 488, in _call_with_frames_removed
  File "/opt/airflow/dags/driven_data_pipeline.py", line 11, in <module>
    import polars as pl
ModuleNotFoundError: No module named 'polars'
[2025-07-01T01:32:23.844+0000] {processor.py:927} WARNING - No viable dags retrieved from /opt/airflow/dags/driven_data_pipeline.py
[2025-07-01T01:32:23.882+0000] {processor.py:208} INFO - Processing /opt/airflow/dags/driven_data_pipeline.py took 0.102 seconds
[2025-07-01T01:34:26.778+0000] {processor.py:186} INFO - Started process (PID=65) to work on /opt/airflow/dags/driven_data_pipeline.py
[2025-07-01T01:34:26.783+0000] {processor.py:914} INFO - Processing file /opt/airflow/dags/driven_data_pipeline.py for tasks to queue
[2025-07-01T01:34:26.790+0000] {logging_mixin.py:190} INFO - [2025-07-01T01:34:26.789+0000] {dagbag.py:588} INFO - Filling up the DagBag from /opt/airflow/dags/driven_data_pipeline.py
[2025-07-01T01:34:26.955+0000] {logging_mixin.py:190} INFO - [2025-07-01T01:34:26.931+0000] {dagbag.py:387} ERROR - Failed to import: /opt/airflow/dags/driven_data_pipeline.py
Traceback (most recent call last):
  File "/home/airflow/.local/lib/python3.12/site-packages/airflow/models/dagbag.py", line 383, in parse
    loader.exec_module(new_module)
  File "<frozen importlib._bootstrap_external>", line 995, in exec_module
  File "<frozen importlib._bootstrap>", line 488, in _call_with_frames_removed
  File "/opt/airflow/dags/driven_data_pipeline.py", line 11, in <module>
    import polars as pl
ModuleNotFoundError: No module named 'polars'
[2025-07-01T01:34:26.964+0000] {processor.py:927} WARNING - No viable dags retrieved from /opt/airflow/dags/driven_data_pipeline.py
[2025-07-01T01:34:27.047+0000] {processor.py:208} INFO - Processing /opt/airflow/dags/driven_data_pipeline.py took 0.290 seconds
[2025-07-01T01:34:57.471+0000] {processor.py:186} INFO - Started process (PID=72) to work on /opt/airflow/dags/driven_data_pipeline.py
[2025-07-01T01:34:57.474+0000] {processor.py:914} INFO - Processing file /opt/airflow/dags/driven_data_pipeline.py for tasks to queue
[2025-07-01T01:34:57.487+0000] {logging_mixin.py:190} INFO - [2025-07-01T01:34:57.486+0000] {dagbag.py:588} INFO - Filling up the DagBag from /opt/airflow/dags/driven_data_pipeline.py
[2025-07-01T01:34:57.529+0000] {logging_mixin.py:190} INFO - [2025-07-01T01:34:57.522+0000] {dagbag.py:387} ERROR - Failed to import: /opt/airflow/dags/driven_data_pipeline.py
Traceback (most recent call last):
  File "/home/airflow/.local/lib/python3.12/site-packages/airflow/models/dagbag.py", line 383, in parse
    loader.exec_module(new_module)
  File "<frozen importlib._bootstrap_external>", line 995, in exec_module
  File "<frozen importlib._bootstrap>", line 488, in _call_with_frames_removed
  File "/opt/airflow/dags/driven_data_pipeline.py", line 11, in <module>
    import polars as pl
ModuleNotFoundError: No module named 'polars'
[2025-07-01T01:34:57.532+0000] {processor.py:927} WARNING - No viable dags retrieved from /opt/airflow/dags/driven_data_pipeline.py
[2025-07-01T01:34:57.591+0000] {processor.py:208} INFO - Processing /opt/airflow/dags/driven_data_pipeline.py took 0.134 seconds
[2025-07-01T01:35:27.781+0000] {processor.py:186} INFO - Started process (PID=79) to work on /opt/airflow/dags/driven_data_pipeline.py
[2025-07-01T01:35:27.782+0000] {processor.py:914} INFO - Processing file /opt/airflow/dags/driven_data_pipeline.py for tasks to queue
[2025-07-01T01:35:27.786+0000] {logging_mixin.py:190} INFO - [2025-07-01T01:35:27.786+0000] {dagbag.py:588} INFO - Filling up the DagBag from /opt/airflow/dags/driven_data_pipeline.py
[2025-07-01T01:35:27.822+0000] {logging_mixin.py:190} INFO - [2025-07-01T01:35:27.817+0000] {dagbag.py:387} ERROR - Failed to import: /opt/airflow/dags/driven_data_pipeline.py
Traceback (most recent call last):
  File "/home/airflow/.local/lib/python3.12/site-packages/airflow/models/dagbag.py", line 383, in parse
    loader.exec_module(new_module)
  File "<frozen importlib._bootstrap_external>", line 995, in exec_module
  File "<frozen importlib._bootstrap>", line 488, in _call_with_frames_removed
  File "/opt/airflow/dags/driven_data_pipeline.py", line 11, in <module>
    import polars as pl
ModuleNotFoundError: No module named 'polars'
[2025-07-01T01:35:27.824+0000] {processor.py:927} WARNING - No viable dags retrieved from /opt/airflow/dags/driven_data_pipeline.py
[2025-07-01T01:35:27.856+0000] {processor.py:208} INFO - Processing /opt/airflow/dags/driven_data_pipeline.py took 0.084 seconds
[2025-07-01T01:35:58.110+0000] {processor.py:186} INFO - Started process (PID=86) to work on /opt/airflow/dags/driven_data_pipeline.py
[2025-07-01T01:35:58.113+0000] {processor.py:914} INFO - Processing file /opt/airflow/dags/driven_data_pipeline.py for tasks to queue
[2025-07-01T01:35:58.127+0000] {logging_mixin.py:190} INFO - [2025-07-01T01:35:58.125+0000] {dagbag.py:588} INFO - Filling up the DagBag from /opt/airflow/dags/driven_data_pipeline.py
[2025-07-01T01:35:58.188+0000] {logging_mixin.py:190} INFO - [2025-07-01T01:35:58.178+0000] {dagbag.py:387} ERROR - Failed to import: /opt/airflow/dags/driven_data_pipeline.py
Traceback (most recent call last):
  File "/home/airflow/.local/lib/python3.12/site-packages/airflow/models/dagbag.py", line 383, in parse
    loader.exec_module(new_module)
  File "<frozen importlib._bootstrap_external>", line 995, in exec_module
  File "<frozen importlib._bootstrap>", line 488, in _call_with_frames_removed
  File "/opt/airflow/dags/driven_data_pipeline.py", line 11, in <module>
    import polars as pl
ModuleNotFoundError: No module named 'polars'
[2025-07-01T01:35:58.193+0000] {processor.py:927} WARNING - No viable dags retrieved from /opt/airflow/dags/driven_data_pipeline.py
[2025-07-01T01:35:58.265+0000] {processor.py:208} INFO - Processing /opt/airflow/dags/driven_data_pipeline.py took 0.183 seconds
[2025-07-01T01:36:28.469+0000] {processor.py:186} INFO - Started process (PID=93) to work on /opt/airflow/dags/driven_data_pipeline.py
[2025-07-01T01:36:28.471+0000] {processor.py:914} INFO - Processing file /opt/airflow/dags/driven_data_pipeline.py for tasks to queue
[2025-07-01T01:36:28.475+0000] {logging_mixin.py:190} INFO - [2025-07-01T01:36:28.474+0000] {dagbag.py:588} INFO - Filling up the DagBag from /opt/airflow/dags/driven_data_pipeline.py
[2025-07-01T01:36:28.516+0000] {logging_mixin.py:190} INFO - [2025-07-01T01:36:28.507+0000] {dagbag.py:387} ERROR - Failed to import: /opt/airflow/dags/driven_data_pipeline.py
Traceback (most recent call last):
  File "/home/airflow/.local/lib/python3.12/site-packages/airflow/models/dagbag.py", line 383, in parse
    loader.exec_module(new_module)
  File "<frozen importlib._bootstrap_external>", line 995, in exec_module
  File "<frozen importlib._bootstrap>", line 488, in _call_with_frames_removed
  File "/opt/airflow/dags/driven_data_pipeline.py", line 11, in <module>
    import polars as pl
ModuleNotFoundError: No module named 'polars'
[2025-07-01T01:36:28.520+0000] {processor.py:927} WARNING - No viable dags retrieved from /opt/airflow/dags/driven_data_pipeline.py
[2025-07-01T01:36:28.608+0000] {processor.py:208} INFO - Processing /opt/airflow/dags/driven_data_pipeline.py took 0.149 seconds
[2025-07-01T01:36:58.874+0000] {processor.py:186} INFO - Started process (PID=100) to work on /opt/airflow/dags/driven_data_pipeline.py
[2025-07-01T01:36:58.876+0000] {processor.py:914} INFO - Processing file /opt/airflow/dags/driven_data_pipeline.py for tasks to queue
[2025-07-01T01:36:58.881+0000] {logging_mixin.py:190} INFO - [2025-07-01T01:36:58.880+0000] {dagbag.py:588} INFO - Filling up the DagBag from /opt/airflow/dags/driven_data_pipeline.py
[2025-07-01T01:36:58.914+0000] {logging_mixin.py:190} INFO - [2025-07-01T01:36:58.908+0000] {dagbag.py:387} ERROR - Failed to import: /opt/airflow/dags/driven_data_pipeline.py
Traceback (most recent call last):
  File "/home/airflow/.local/lib/python3.12/site-packages/airflow/models/dagbag.py", line 383, in parse
    loader.exec_module(new_module)
  File "<frozen importlib._bootstrap_external>", line 995, in exec_module
  File "<frozen importlib._bootstrap>", line 488, in _call_with_frames_removed
  File "/opt/airflow/dags/driven_data_pipeline.py", line 11, in <module>
    import polars as pl
ModuleNotFoundError: No module named 'polars'
[2025-07-01T01:36:58.916+0000] {processor.py:927} WARNING - No viable dags retrieved from /opt/airflow/dags/driven_data_pipeline.py
[2025-07-01T01:36:58.945+0000] {processor.py:208} INFO - Processing /opt/airflow/dags/driven_data_pipeline.py took 0.080 seconds
[2025-07-01T01:37:29.206+0000] {processor.py:186} INFO - Started process (PID=107) to work on /opt/airflow/dags/driven_data_pipeline.py
[2025-07-01T01:37:29.208+0000] {processor.py:914} INFO - Processing file /opt/airflow/dags/driven_data_pipeline.py for tasks to queue
[2025-07-01T01:37:29.212+0000] {logging_mixin.py:190} INFO - [2025-07-01T01:37:29.211+0000] {dagbag.py:588} INFO - Filling up the DagBag from /opt/airflow/dags/driven_data_pipeline.py
[2025-07-01T01:37:29.262+0000] {logging_mixin.py:190} INFO - [2025-07-01T01:37:29.256+0000] {dagbag.py:387} ERROR - Failed to import: /opt/airflow/dags/driven_data_pipeline.py
Traceback (most recent call last):
  File "/home/airflow/.local/lib/python3.12/site-packages/airflow/models/dagbag.py", line 383, in parse
    loader.exec_module(new_module)
  File "<frozen importlib._bootstrap_external>", line 995, in exec_module
  File "<frozen importlib._bootstrap>", line 488, in _call_with_frames_removed
  File "/opt/airflow/dags/driven_data_pipeline.py", line 11, in <module>
    import polars as pl
ModuleNotFoundError: No module named 'polars'
[2025-07-01T01:37:29.263+0000] {processor.py:927} WARNING - No viable dags retrieved from /opt/airflow/dags/driven_data_pipeline.py
[2025-07-01T01:37:29.288+0000] {processor.py:208} INFO - Processing /opt/airflow/dags/driven_data_pipeline.py took 0.089 seconds
[2025-07-01T01:37:59.503+0000] {processor.py:186} INFO - Started process (PID=114) to work on /opt/airflow/dags/driven_data_pipeline.py
[2025-07-01T01:37:59.504+0000] {processor.py:914} INFO - Processing file /opt/airflow/dags/driven_data_pipeline.py for tasks to queue
[2025-07-01T01:37:59.509+0000] {logging_mixin.py:190} INFO - [2025-07-01T01:37:59.508+0000] {dagbag.py:588} INFO - Filling up the DagBag from /opt/airflow/dags/driven_data_pipeline.py
[2025-07-01T01:37:59.540+0000] {logging_mixin.py:190} INFO - [2025-07-01T01:37:59.534+0000] {dagbag.py:387} ERROR - Failed to import: /opt/airflow/dags/driven_data_pipeline.py
Traceback (most recent call last):
  File "/home/airflow/.local/lib/python3.12/site-packages/airflow/models/dagbag.py", line 383, in parse
    loader.exec_module(new_module)
  File "<frozen importlib._bootstrap_external>", line 995, in exec_module
  File "<frozen importlib._bootstrap>", line 488, in _call_with_frames_removed
  File "/opt/airflow/dags/driven_data_pipeline.py", line 11, in <module>
    import polars as pl
ModuleNotFoundError: No module named 'polars'
[2025-07-01T01:37:59.542+0000] {processor.py:927} WARNING - No viable dags retrieved from /opt/airflow/dags/driven_data_pipeline.py
[2025-07-01T01:37:59.568+0000] {processor.py:208} INFO - Processing /opt/airflow/dags/driven_data_pipeline.py took 0.073 seconds
[2025-07-01T01:38:29.879+0000] {processor.py:186} INFO - Started process (PID=121) to work on /opt/airflow/dags/driven_data_pipeline.py
[2025-07-01T01:38:29.880+0000] {processor.py:914} INFO - Processing file /opt/airflow/dags/driven_data_pipeline.py for tasks to queue
[2025-07-01T01:38:29.885+0000] {logging_mixin.py:190} INFO - [2025-07-01T01:38:29.884+0000] {dagbag.py:588} INFO - Filling up the DagBag from /opt/airflow/dags/driven_data_pipeline.py
[2025-07-01T01:38:29.917+0000] {logging_mixin.py:190} INFO - [2025-07-01T01:38:29.911+0000] {dagbag.py:387} ERROR - Failed to import: /opt/airflow/dags/driven_data_pipeline.py
Traceback (most recent call last):
  File "/home/airflow/.local/lib/python3.12/site-packages/airflow/models/dagbag.py", line 383, in parse
    loader.exec_module(new_module)
  File "<frozen importlib._bootstrap_external>", line 995, in exec_module
  File "<frozen importlib._bootstrap>", line 488, in _call_with_frames_removed
  File "/opt/airflow/dags/driven_data_pipeline.py", line 11, in <module>
    import polars as pl
ModuleNotFoundError: No module named 'polars'
[2025-07-01T01:38:29.920+0000] {processor.py:927} WARNING - No viable dags retrieved from /opt/airflow/dags/driven_data_pipeline.py
[2025-07-01T01:38:29.951+0000] {processor.py:208} INFO - Processing /opt/airflow/dags/driven_data_pipeline.py took 0.078 seconds
[2025-07-01T01:39:00.173+0000] {processor.py:186} INFO - Started process (PID=128) to work on /opt/airflow/dags/driven_data_pipeline.py
[2025-07-01T01:39:00.174+0000] {processor.py:914} INFO - Processing file /opt/airflow/dags/driven_data_pipeline.py for tasks to queue
[2025-07-01T01:39:00.178+0000] {logging_mixin.py:190} INFO - [2025-07-01T01:39:00.177+0000] {dagbag.py:588} INFO - Filling up the DagBag from /opt/airflow/dags/driven_data_pipeline.py
[2025-07-01T01:39:00.855+0000] {logging_mixin.py:190} INFO - [2025-07-01T01:39:00.849+0000] {dagbag.py:387} ERROR - Failed to import: /opt/airflow/dags/driven_data_pipeline.py
Traceback (most recent call last):
  File "/home/airflow/.local/lib/python3.12/site-packages/airflow/models/dagbag.py", line 383, in parse
    loader.exec_module(new_module)
  File "<frozen importlib._bootstrap_external>", line 995, in exec_module
  File "<frozen importlib._bootstrap>", line 488, in _call_with_frames_removed
  File "/opt/airflow/dags/driven_data_pipeline.py", line 11, in <module>
    import polars as pl
ModuleNotFoundError: No module named 'polars'
[2025-07-01T01:39:00.857+0000] {processor.py:927} WARNING - No viable dags retrieved from /opt/airflow/dags/driven_data_pipeline.py
[2025-07-01T01:39:00.882+0000] {processor.py:208} INFO - Processing /opt/airflow/dags/driven_data_pipeline.py took 0.716 seconds
[2025-07-01T01:39:31.202+0000] {processor.py:186} INFO - Started process (PID=135) to work on /opt/airflow/dags/driven_data_pipeline.py
[2025-07-01T01:39:31.204+0000] {processor.py:914} INFO - Processing file /opt/airflow/dags/driven_data_pipeline.py for tasks to queue
[2025-07-01T01:39:31.208+0000] {logging_mixin.py:190} INFO - [2025-07-01T01:39:31.207+0000] {dagbag.py:588} INFO - Filling up the DagBag from /opt/airflow/dags/driven_data_pipeline.py
[2025-07-01T01:39:31.239+0000] {logging_mixin.py:190} INFO - [2025-07-01T01:39:31.233+0000] {dagbag.py:387} ERROR - Failed to import: /opt/airflow/dags/driven_data_pipeline.py
Traceback (most recent call last):
  File "/home/airflow/.local/lib/python3.12/site-packages/airflow/models/dagbag.py", line 383, in parse
    loader.exec_module(new_module)
  File "<frozen importlib._bootstrap_external>", line 995, in exec_module
  File "<frozen importlib._bootstrap>", line 488, in _call_with_frames_removed
  File "/opt/airflow/dags/driven_data_pipeline.py", line 11, in <module>
    import polars as pl
ModuleNotFoundError: No module named 'polars'
[2025-07-01T01:39:31.241+0000] {processor.py:927} WARNING - No viable dags retrieved from /opt/airflow/dags/driven_data_pipeline.py
[2025-07-01T01:39:31.269+0000] {processor.py:208} INFO - Processing /opt/airflow/dags/driven_data_pipeline.py took 0.075 seconds
[2025-07-01T01:40:01.486+0000] {processor.py:186} INFO - Started process (PID=142) to work on /opt/airflow/dags/driven_data_pipeline.py
[2025-07-01T01:40:01.487+0000] {processor.py:914} INFO - Processing file /opt/airflow/dags/driven_data_pipeline.py for tasks to queue
[2025-07-01T01:40:01.491+0000] {logging_mixin.py:190} INFO - [2025-07-01T01:40:01.490+0000] {dagbag.py:588} INFO - Filling up the DagBag from /opt/airflow/dags/driven_data_pipeline.py
[2025-07-01T01:40:01.521+0000] {logging_mixin.py:190} INFO - [2025-07-01T01:40:01.515+0000] {dagbag.py:387} ERROR - Failed to import: /opt/airflow/dags/driven_data_pipeline.py
Traceback (most recent call last):
  File "/home/airflow/.local/lib/python3.12/site-packages/airflow/models/dagbag.py", line 383, in parse
    loader.exec_module(new_module)
  File "<frozen importlib._bootstrap_external>", line 995, in exec_module
  File "<frozen importlib._bootstrap>", line 488, in _call_with_frames_removed
  File "/opt/airflow/dags/driven_data_pipeline.py", line 11, in <module>
    import polars as pl
ModuleNotFoundError: No module named 'polars'
[2025-07-01T01:40:01.523+0000] {processor.py:927} WARNING - No viable dags retrieved from /opt/airflow/dags/driven_data_pipeline.py
[2025-07-01T01:40:01.550+0000] {processor.py:208} INFO - Processing /opt/airflow/dags/driven_data_pipeline.py took 0.073 seconds
[2025-07-01T01:40:31.852+0000] {processor.py:186} INFO - Started process (PID=149) to work on /opt/airflow/dags/driven_data_pipeline.py
[2025-07-01T01:40:31.854+0000] {processor.py:914} INFO - Processing file /opt/airflow/dags/driven_data_pipeline.py for tasks to queue
[2025-07-01T01:40:31.857+0000] {logging_mixin.py:190} INFO - [2025-07-01T01:40:31.857+0000] {dagbag.py:588} INFO - Filling up the DagBag from /opt/airflow/dags/driven_data_pipeline.py
[2025-07-01T01:40:31.888+0000] {logging_mixin.py:190} INFO - [2025-07-01T01:40:31.882+0000] {dagbag.py:387} ERROR - Failed to import: /opt/airflow/dags/driven_data_pipeline.py
Traceback (most recent call last):
  File "/home/airflow/.local/lib/python3.12/site-packages/airflow/models/dagbag.py", line 383, in parse
    loader.exec_module(new_module)
  File "<frozen importlib._bootstrap_external>", line 995, in exec_module
  File "<frozen importlib._bootstrap>", line 488, in _call_with_frames_removed
  File "/opt/airflow/dags/driven_data_pipeline.py", line 11, in <module>
    import polars as pl
ModuleNotFoundError: No module named 'polars'
[2025-07-01T01:40:31.890+0000] {processor.py:927} WARNING - No viable dags retrieved from /opt/airflow/dags/driven_data_pipeline.py
[2025-07-01T01:40:31.915+0000] {processor.py:208} INFO - Processing /opt/airflow/dags/driven_data_pipeline.py took 0.071 seconds
[2025-07-01T01:41:02.173+0000] {processor.py:186} INFO - Started process (PID=156) to work on /opt/airflow/dags/driven_data_pipeline.py
[2025-07-01T01:41:02.176+0000] {processor.py:914} INFO - Processing file /opt/airflow/dags/driven_data_pipeline.py for tasks to queue
[2025-07-01T01:41:02.187+0000] {logging_mixin.py:190} INFO - [2025-07-01T01:41:02.186+0000] {dagbag.py:588} INFO - Filling up the DagBag from /opt/airflow/dags/driven_data_pipeline.py
[2025-07-01T01:41:02.242+0000] {logging_mixin.py:190} INFO - [2025-07-01T01:41:02.232+0000] {dagbag.py:387} ERROR - Failed to import: /opt/airflow/dags/driven_data_pipeline.py
Traceback (most recent call last):
  File "/home/airflow/.local/lib/python3.12/site-packages/airflow/models/dagbag.py", line 383, in parse
    loader.exec_module(new_module)
  File "<frozen importlib._bootstrap_external>", line 995, in exec_module
  File "<frozen importlib._bootstrap>", line 488, in _call_with_frames_removed
  File "/opt/airflow/dags/driven_data_pipeline.py", line 11, in <module>
    import polars as pl
ModuleNotFoundError: No module named 'polars'
[2025-07-01T01:41:02.245+0000] {processor.py:927} WARNING - No viable dags retrieved from /opt/airflow/dags/driven_data_pipeline.py
[2025-07-01T01:41:02.327+0000] {processor.py:208} INFO - Processing /opt/airflow/dags/driven_data_pipeline.py took 0.166 seconds
[2025-07-01T01:41:32.514+0000] {processor.py:186} INFO - Started process (PID=163) to work on /opt/airflow/dags/driven_data_pipeline.py
[2025-07-01T01:41:32.515+0000] {processor.py:914} INFO - Processing file /opt/airflow/dags/driven_data_pipeline.py for tasks to queue
[2025-07-01T01:41:32.519+0000] {logging_mixin.py:190} INFO - [2025-07-01T01:41:32.519+0000] {dagbag.py:588} INFO - Filling up the DagBag from /opt/airflow/dags/driven_data_pipeline.py
[2025-07-01T01:41:32.552+0000] {logging_mixin.py:190} INFO - [2025-07-01T01:41:32.547+0000] {dagbag.py:387} ERROR - Failed to import: /opt/airflow/dags/driven_data_pipeline.py
Traceback (most recent call last):
  File "/home/airflow/.local/lib/python3.12/site-packages/airflow/models/dagbag.py", line 383, in parse
    loader.exec_module(new_module)
  File "<frozen importlib._bootstrap_external>", line 995, in exec_module
  File "<frozen importlib._bootstrap>", line 488, in _call_with_frames_removed
  File "/opt/airflow/dags/driven_data_pipeline.py", line 11, in <module>
    import polars as pl
ModuleNotFoundError: No module named 'polars'
[2025-07-01T01:41:32.554+0000] {processor.py:927} WARNING - No viable dags retrieved from /opt/airflow/dags/driven_data_pipeline.py
[2025-07-01T01:41:32.581+0000] {processor.py:208} INFO - Processing /opt/airflow/dags/driven_data_pipeline.py took 0.077 seconds
[2025-07-01T01:42:02.833+0000] {processor.py:186} INFO - Started process (PID=170) to work on /opt/airflow/dags/driven_data_pipeline.py
[2025-07-01T01:42:02.835+0000] {processor.py:914} INFO - Processing file /opt/airflow/dags/driven_data_pipeline.py for tasks to queue
[2025-07-01T01:42:02.844+0000] {logging_mixin.py:190} INFO - [2025-07-01T01:42:02.842+0000] {dagbag.py:588} INFO - Filling up the DagBag from /opt/airflow/dags/driven_data_pipeline.py
[2025-07-01T01:42:02.899+0000] {logging_mixin.py:190} INFO - [2025-07-01T01:42:02.890+0000] {dagbag.py:387} ERROR - Failed to import: /opt/airflow/dags/driven_data_pipeline.py
Traceback (most recent call last):
  File "/home/airflow/.local/lib/python3.12/site-packages/airflow/models/dagbag.py", line 383, in parse
    loader.exec_module(new_module)
  File "<frozen importlib._bootstrap_external>", line 995, in exec_module
  File "<frozen importlib._bootstrap>", line 488, in _call_with_frames_removed
  File "/opt/airflow/dags/driven_data_pipeline.py", line 11, in <module>
    import polars as pl
ModuleNotFoundError: No module named 'polars'
[2025-07-01T01:42:02.903+0000] {processor.py:927} WARNING - No viable dags retrieved from /opt/airflow/dags/driven_data_pipeline.py
[2025-07-01T01:42:02.967+0000] {processor.py:208} INFO - Processing /opt/airflow/dags/driven_data_pipeline.py took 0.158 seconds
[2025-07-01T01:42:33.189+0000] {processor.py:186} INFO - Started process (PID=177) to work on /opt/airflow/dags/driven_data_pipeline.py
[2025-07-01T01:42:33.190+0000] {processor.py:914} INFO - Processing file /opt/airflow/dags/driven_data_pipeline.py for tasks to queue
[2025-07-01T01:42:33.195+0000] {logging_mixin.py:190} INFO - [2025-07-01T01:42:33.195+0000] {dagbag.py:588} INFO - Filling up the DagBag from /opt/airflow/dags/driven_data_pipeline.py
[2025-07-01T01:42:33.236+0000] {logging_mixin.py:190} INFO - [2025-07-01T01:42:33.228+0000] {dagbag.py:387} ERROR - Failed to import: /opt/airflow/dags/driven_data_pipeline.py
Traceback (most recent call last):
  File "/home/airflow/.local/lib/python3.12/site-packages/airflow/models/dagbag.py", line 383, in parse
    loader.exec_module(new_module)
  File "<frozen importlib._bootstrap_external>", line 995, in exec_module
  File "<frozen importlib._bootstrap>", line 488, in _call_with_frames_removed
  File "/opt/airflow/dags/driven_data_pipeline.py", line 11, in <module>
    import polars as pl
ModuleNotFoundError: No module named 'polars'
[2025-07-01T01:42:33.239+0000] {processor.py:927} WARNING - No viable dags retrieved from /opt/airflow/dags/driven_data_pipeline.py
[2025-07-01T01:42:33.271+0000] {processor.py:208} INFO - Processing /opt/airflow/dags/driven_data_pipeline.py took 0.092 seconds
[2025-07-01T01:43:03.564+0000] {processor.py:186} INFO - Started process (PID=184) to work on /opt/airflow/dags/driven_data_pipeline.py
[2025-07-01T01:43:03.565+0000] {processor.py:914} INFO - Processing file /opt/airflow/dags/driven_data_pipeline.py for tasks to queue
[2025-07-01T01:43:03.569+0000] {logging_mixin.py:190} INFO - [2025-07-01T01:43:03.568+0000] {dagbag.py:588} INFO - Filling up the DagBag from /opt/airflow/dags/driven_data_pipeline.py
[2025-07-01T01:43:03.603+0000] {logging_mixin.py:190} INFO - [2025-07-01T01:43:03.596+0000] {dagbag.py:387} ERROR - Failed to import: /opt/airflow/dags/driven_data_pipeline.py
Traceback (most recent call last):
  File "/home/airflow/.local/lib/python3.12/site-packages/airflow/models/dagbag.py", line 383, in parse
    loader.exec_module(new_module)
  File "<frozen importlib._bootstrap_external>", line 995, in exec_module
  File "<frozen importlib._bootstrap>", line 488, in _call_with_frames_removed
  File "/opt/airflow/dags/driven_data_pipeline.py", line 11, in <module>
    import polars as pl
ModuleNotFoundError: No module named 'polars'
[2025-07-01T01:43:03.605+0000] {processor.py:927} WARNING - No viable dags retrieved from /opt/airflow/dags/driven_data_pipeline.py
[2025-07-01T01:43:03.631+0000] {processor.py:208} INFO - Processing /opt/airflow/dags/driven_data_pipeline.py took 0.074 seconds
[2025-07-01T01:43:33.891+0000] {processor.py:186} INFO - Started process (PID=191) to work on /opt/airflow/dags/driven_data_pipeline.py
[2025-07-01T01:43:33.893+0000] {processor.py:914} INFO - Processing file /opt/airflow/dags/driven_data_pipeline.py for tasks to queue
[2025-07-01T01:43:33.897+0000] {logging_mixin.py:190} INFO - [2025-07-01T01:43:33.896+0000] {dagbag.py:588} INFO - Filling up the DagBag from /opt/airflow/dags/driven_data_pipeline.py
[2025-07-01T01:43:33.930+0000] {logging_mixin.py:190} INFO - [2025-07-01T01:43:33.925+0000] {dagbag.py:387} ERROR - Failed to import: /opt/airflow/dags/driven_data_pipeline.py
Traceback (most recent call last):
  File "/home/airflow/.local/lib/python3.12/site-packages/airflow/models/dagbag.py", line 383, in parse
    loader.exec_module(new_module)
  File "<frozen importlib._bootstrap_external>", line 995, in exec_module
  File "<frozen importlib._bootstrap>", line 488, in _call_with_frames_removed
  File "/opt/airflow/dags/driven_data_pipeline.py", line 11, in <module>
    import polars as pl
ModuleNotFoundError: No module named 'polars'
[2025-07-01T01:43:33.933+0000] {processor.py:927} WARNING - No viable dags retrieved from /opt/airflow/dags/driven_data_pipeline.py
[2025-07-01T01:43:33.970+0000] {processor.py:208} INFO - Processing /opt/airflow/dags/driven_data_pipeline.py took 0.088 seconds
[2025-07-01T01:44:04.248+0000] {processor.py:186} INFO - Started process (PID=198) to work on /opt/airflow/dags/driven_data_pipeline.py
[2025-07-01T01:44:04.249+0000] {processor.py:914} INFO - Processing file /opt/airflow/dags/driven_data_pipeline.py for tasks to queue
[2025-07-01T01:44:04.254+0000] {logging_mixin.py:190} INFO - [2025-07-01T01:44:04.253+0000] {dagbag.py:588} INFO - Filling up the DagBag from /opt/airflow/dags/driven_data_pipeline.py
[2025-07-01T01:44:04.284+0000] {logging_mixin.py:190} INFO - [2025-07-01T01:44:04.277+0000] {dagbag.py:387} ERROR - Failed to import: /opt/airflow/dags/driven_data_pipeline.py
Traceback (most recent call last):
  File "/home/airflow/.local/lib/python3.12/site-packages/airflow/models/dagbag.py", line 383, in parse
    loader.exec_module(new_module)
  File "<frozen importlib._bootstrap_external>", line 995, in exec_module
  File "<frozen importlib._bootstrap>", line 488, in _call_with_frames_removed
  File "/opt/airflow/dags/driven_data_pipeline.py", line 11, in <module>
    import polars as pl
ModuleNotFoundError: No module named 'polars'
[2025-07-01T01:44:04.286+0000] {processor.py:927} WARNING - No viable dags retrieved from /opt/airflow/dags/driven_data_pipeline.py
[2025-07-01T01:44:04.314+0000] {processor.py:208} INFO - Processing /opt/airflow/dags/driven_data_pipeline.py took 0.073 seconds
[2025-07-01T01:44:34.653+0000] {processor.py:186} INFO - Started process (PID=205) to work on /opt/airflow/dags/driven_data_pipeline.py
[2025-07-01T01:44:34.655+0000] {processor.py:914} INFO - Processing file /opt/airflow/dags/driven_data_pipeline.py for tasks to queue
[2025-07-01T01:44:34.658+0000] {logging_mixin.py:190} INFO - [2025-07-01T01:44:34.658+0000] {dagbag.py:588} INFO - Filling up the DagBag from /opt/airflow/dags/driven_data_pipeline.py
[2025-07-01T01:44:34.692+0000] {logging_mixin.py:190} INFO - [2025-07-01T01:44:34.686+0000] {dagbag.py:387} ERROR - Failed to import: /opt/airflow/dags/driven_data_pipeline.py
Traceback (most recent call last):
  File "/home/airflow/.local/lib/python3.12/site-packages/airflow/models/dagbag.py", line 383, in parse
    loader.exec_module(new_module)
  File "<frozen importlib._bootstrap_external>", line 995, in exec_module
  File "<frozen importlib._bootstrap>", line 488, in _call_with_frames_removed
  File "/opt/airflow/dags/driven_data_pipeline.py", line 11, in <module>
    import polars as pl
ModuleNotFoundError: No module named 'polars'
[2025-07-01T01:44:34.694+0000] {processor.py:927} WARNING - No viable dags retrieved from /opt/airflow/dags/driven_data_pipeline.py
[2025-07-01T01:44:34.726+0000] {processor.py:208} INFO - Processing /opt/airflow/dags/driven_data_pipeline.py took 0.080 seconds
[2025-07-01T01:45:04.997+0000] {processor.py:186} INFO - Started process (PID=212) to work on /opt/airflow/dags/driven_data_pipeline.py
[2025-07-01T01:45:04.999+0000] {processor.py:914} INFO - Processing file /opt/airflow/dags/driven_data_pipeline.py for tasks to queue
[2025-07-01T01:45:05.003+0000] {logging_mixin.py:190} INFO - [2025-07-01T01:45:05.002+0000] {dagbag.py:588} INFO - Filling up the DagBag from /opt/airflow/dags/driven_data_pipeline.py
[2025-07-01T01:45:05.044+0000] {logging_mixin.py:190} INFO - [2025-07-01T01:45:05.037+0000] {dagbag.py:387} ERROR - Failed to import: /opt/airflow/dags/driven_data_pipeline.py
Traceback (most recent call last):
  File "/home/airflow/.local/lib/python3.12/site-packages/airflow/models/dagbag.py", line 383, in parse
    loader.exec_module(new_module)
  File "<frozen importlib._bootstrap_external>", line 995, in exec_module
  File "<frozen importlib._bootstrap>", line 488, in _call_with_frames_removed
  File "/opt/airflow/dags/driven_data_pipeline.py", line 11, in <module>
    import polars as pl
ModuleNotFoundError: No module named 'polars'
[2025-07-01T01:45:05.047+0000] {processor.py:927} WARNING - No viable dags retrieved from /opt/airflow/dags/driven_data_pipeline.py
[2025-07-01T01:45:05.093+0000] {processor.py:208} INFO - Processing /opt/airflow/dags/driven_data_pipeline.py took 0.106 seconds
[2025-07-01T01:45:35.309+0000] {processor.py:186} INFO - Started process (PID=219) to work on /opt/airflow/dags/driven_data_pipeline.py
[2025-07-01T01:45:35.311+0000] {processor.py:914} INFO - Processing file /opt/airflow/dags/driven_data_pipeline.py for tasks to queue
[2025-07-01T01:45:35.317+0000] {logging_mixin.py:190} INFO - [2025-07-01T01:45:35.316+0000] {dagbag.py:588} INFO - Filling up the DagBag from /opt/airflow/dags/driven_data_pipeline.py
[2025-07-01T01:45:35.361+0000] {logging_mixin.py:190} INFO - [2025-07-01T01:45:35.352+0000] {dagbag.py:387} ERROR - Failed to import: /opt/airflow/dags/driven_data_pipeline.py
Traceback (most recent call last):
  File "/home/airflow/.local/lib/python3.12/site-packages/airflow/models/dagbag.py", line 383, in parse
    loader.exec_module(new_module)
  File "<frozen importlib._bootstrap_external>", line 995, in exec_module
  File "<frozen importlib._bootstrap>", line 488, in _call_with_frames_removed
  File "/opt/airflow/dags/driven_data_pipeline.py", line 11, in <module>
    import polars as pl
ModuleNotFoundError: No module named 'polars'
[2025-07-01T01:45:35.365+0000] {processor.py:927} WARNING - No viable dags retrieved from /opt/airflow/dags/driven_data_pipeline.py
[2025-07-01T01:45:35.391+0000] {processor.py:208} INFO - Processing /opt/airflow/dags/driven_data_pipeline.py took 0.091 seconds
[2025-07-01T01:46:05.689+0000] {processor.py:186} INFO - Started process (PID=226) to work on /opt/airflow/dags/driven_data_pipeline.py
[2025-07-01T01:46:05.690+0000] {processor.py:914} INFO - Processing file /opt/airflow/dags/driven_data_pipeline.py for tasks to queue
[2025-07-01T01:46:05.695+0000] {logging_mixin.py:190} INFO - [2025-07-01T01:46:05.695+0000] {dagbag.py:588} INFO - Filling up the DagBag from /opt/airflow/dags/driven_data_pipeline.py
[2025-07-01T01:46:05.730+0000] {logging_mixin.py:190} INFO - [2025-07-01T01:46:05.723+0000] {dagbag.py:387} ERROR - Failed to import: /opt/airflow/dags/driven_data_pipeline.py
Traceback (most recent call last):
  File "/home/airflow/.local/lib/python3.12/site-packages/airflow/models/dagbag.py", line 383, in parse
    loader.exec_module(new_module)
  File "<frozen importlib._bootstrap_external>", line 995, in exec_module
  File "<frozen importlib._bootstrap>", line 488, in _call_with_frames_removed
  File "/opt/airflow/dags/driven_data_pipeline.py", line 11, in <module>
    import polars as pl
ModuleNotFoundError: No module named 'polars'
[2025-07-01T01:46:05.732+0000] {processor.py:927} WARNING - No viable dags retrieved from /opt/airflow/dags/driven_data_pipeline.py
[2025-07-01T01:46:05.774+0000] {processor.py:208} INFO - Processing /opt/airflow/dags/driven_data_pipeline.py took 0.092 seconds
[2025-07-01T01:46:35.999+0000] {processor.py:186} INFO - Started process (PID=233) to work on /opt/airflow/dags/driven_data_pipeline.py
[2025-07-01T01:46:36.000+0000] {processor.py:914} INFO - Processing file /opt/airflow/dags/driven_data_pipeline.py for tasks to queue
[2025-07-01T01:46:36.006+0000] {logging_mixin.py:190} INFO - [2025-07-01T01:46:36.005+0000] {dagbag.py:588} INFO - Filling up the DagBag from /opt/airflow/dags/driven_data_pipeline.py
[2025-07-01T01:46:36.042+0000] {logging_mixin.py:190} INFO - [2025-07-01T01:46:36.036+0000] {dagbag.py:387} ERROR - Failed to import: /opt/airflow/dags/driven_data_pipeline.py
Traceback (most recent call last):
  File "/home/airflow/.local/lib/python3.12/site-packages/airflow/models/dagbag.py", line 383, in parse
    loader.exec_module(new_module)
  File "<frozen importlib._bootstrap_external>", line 995, in exec_module
  File "<frozen importlib._bootstrap>", line 488, in _call_with_frames_removed
  File "/opt/airflow/dags/driven_data_pipeline.py", line 11, in <module>
    import polars as pl
ModuleNotFoundError: No module named 'polars'
[2025-07-01T01:46:36.045+0000] {processor.py:927} WARNING - No viable dags retrieved from /opt/airflow/dags/driven_data_pipeline.py
[2025-07-01T01:46:36.078+0000] {processor.py:208} INFO - Processing /opt/airflow/dags/driven_data_pipeline.py took 0.090 seconds
[2025-07-01T01:47:06.387+0000] {processor.py:186} INFO - Started process (PID=240) to work on /opt/airflow/dags/driven_data_pipeline.py
[2025-07-01T01:47:06.388+0000] {processor.py:914} INFO - Processing file /opt/airflow/dags/driven_data_pipeline.py for tasks to queue
[2025-07-01T01:47:06.393+0000] {logging_mixin.py:190} INFO - [2025-07-01T01:47:06.392+0000] {dagbag.py:588} INFO - Filling up the DagBag from /opt/airflow/dags/driven_data_pipeline.py
[2025-07-01T01:47:06.425+0000] {logging_mixin.py:190} INFO - [2025-07-01T01:47:06.420+0000] {dagbag.py:387} ERROR - Failed to import: /opt/airflow/dags/driven_data_pipeline.py
Traceback (most recent call last):
  File "/home/airflow/.local/lib/python3.12/site-packages/airflow/models/dagbag.py", line 383, in parse
    loader.exec_module(new_module)
  File "<frozen importlib._bootstrap_external>", line 995, in exec_module
  File "<frozen importlib._bootstrap>", line 488, in _call_with_frames_removed
  File "/opt/airflow/dags/driven_data_pipeline.py", line 11, in <module>
    import polars as pl
ModuleNotFoundError: No module named 'polars'
[2025-07-01T01:47:06.428+0000] {processor.py:927} WARNING - No viable dags retrieved from /opt/airflow/dags/driven_data_pipeline.py
[2025-07-01T01:47:06.458+0000] {processor.py:208} INFO - Processing /opt/airflow/dags/driven_data_pipeline.py took 0.079 seconds
[2025-07-01T01:47:36.684+0000] {processor.py:186} INFO - Started process (PID=247) to work on /opt/airflow/dags/driven_data_pipeline.py
[2025-07-01T01:47:36.686+0000] {processor.py:914} INFO - Processing file /opt/airflow/dags/driven_data_pipeline.py for tasks to queue
[2025-07-01T01:47:36.690+0000] {logging_mixin.py:190} INFO - [2025-07-01T01:47:36.690+0000] {dagbag.py:588} INFO - Filling up the DagBag from /opt/airflow/dags/driven_data_pipeline.py
[2025-07-01T01:47:36.729+0000] {logging_mixin.py:190} INFO - [2025-07-01T01:47:36.721+0000] {dagbag.py:387} ERROR - Failed to import: /opt/airflow/dags/driven_data_pipeline.py
Traceback (most recent call last):
  File "/home/airflow/.local/lib/python3.12/site-packages/airflow/models/dagbag.py", line 383, in parse
    loader.exec_module(new_module)
  File "<frozen importlib._bootstrap_external>", line 995, in exec_module
  File "<frozen importlib._bootstrap>", line 488, in _call_with_frames_removed
  File "/opt/airflow/dags/driven_data_pipeline.py", line 11, in <module>
    import polars as pl
ModuleNotFoundError: No module named 'polars'
[2025-07-01T01:47:36.731+0000] {processor.py:927} WARNING - No viable dags retrieved from /opt/airflow/dags/driven_data_pipeline.py
[2025-07-01T01:47:36.763+0000] {processor.py:208} INFO - Processing /opt/airflow/dags/driven_data_pipeline.py took 0.087 seconds
[2025-07-01T01:48:07.031+0000] {processor.py:186} INFO - Started process (PID=254) to work on /opt/airflow/dags/driven_data_pipeline.py
[2025-07-01T01:48:07.032+0000] {processor.py:914} INFO - Processing file /opt/airflow/dags/driven_data_pipeline.py for tasks to queue
[2025-07-01T01:48:07.036+0000] {logging_mixin.py:190} INFO - [2025-07-01T01:48:07.035+0000] {dagbag.py:588} INFO - Filling up the DagBag from /opt/airflow/dags/driven_data_pipeline.py
[2025-07-01T01:48:07.075+0000] {logging_mixin.py:190} INFO - [2025-07-01T01:48:07.068+0000] {dagbag.py:387} ERROR - Failed to import: /opt/airflow/dags/driven_data_pipeline.py
Traceback (most recent call last):
  File "/home/airflow/.local/lib/python3.12/site-packages/airflow/models/dagbag.py", line 383, in parse
    loader.exec_module(new_module)
  File "<frozen importlib._bootstrap_external>", line 995, in exec_module
  File "<frozen importlib._bootstrap>", line 488, in _call_with_frames_removed
  File "/opt/airflow/dags/driven_data_pipeline.py", line 11, in <module>
    import polars as pl
ModuleNotFoundError: No module named 'polars'
[2025-07-01T01:48:07.078+0000] {processor.py:927} WARNING - No viable dags retrieved from /opt/airflow/dags/driven_data_pipeline.py
[2025-07-01T01:48:07.109+0000] {processor.py:208} INFO - Processing /opt/airflow/dags/driven_data_pipeline.py took 0.087 seconds
[2025-07-01T01:48:37.338+0000] {processor.py:186} INFO - Started process (PID=261) to work on /opt/airflow/dags/driven_data_pipeline.py
[2025-07-01T01:48:37.340+0000] {processor.py:914} INFO - Processing file /opt/airflow/dags/driven_data_pipeline.py for tasks to queue
[2025-07-01T01:48:37.344+0000] {logging_mixin.py:190} INFO - [2025-07-01T01:48:37.343+0000] {dagbag.py:588} INFO - Filling up the DagBag from /opt/airflow/dags/driven_data_pipeline.py
[2025-07-01T01:48:37.378+0000] {logging_mixin.py:190} INFO - [2025-07-01T01:48:37.369+0000] {dagbag.py:387} ERROR - Failed to import: /opt/airflow/dags/driven_data_pipeline.py
Traceback (most recent call last):
  File "/home/airflow/.local/lib/python3.12/site-packages/airflow/models/dagbag.py", line 383, in parse
    loader.exec_module(new_module)
  File "<frozen importlib._bootstrap_external>", line 995, in exec_module
  File "<frozen importlib._bootstrap>", line 488, in _call_with_frames_removed
  File "/opt/airflow/dags/driven_data_pipeline.py", line 11, in <module>
    import polars as pl
ModuleNotFoundError: No module named 'polars'
[2025-07-01T01:48:37.380+0000] {processor.py:927} WARNING - No viable dags retrieved from /opt/airflow/dags/driven_data_pipeline.py
[2025-07-01T01:48:37.424+0000] {processor.py:208} INFO - Processing /opt/airflow/dags/driven_data_pipeline.py took 0.097 seconds
[2025-07-01T01:49:07.692+0000] {processor.py:186} INFO - Started process (PID=268) to work on /opt/airflow/dags/driven_data_pipeline.py
[2025-07-01T01:49:07.693+0000] {processor.py:914} INFO - Processing file /opt/airflow/dags/driven_data_pipeline.py for tasks to queue
[2025-07-01T01:49:07.697+0000] {logging_mixin.py:190} INFO - [2025-07-01T01:49:07.696+0000] {dagbag.py:588} INFO - Filling up the DagBag from /opt/airflow/dags/driven_data_pipeline.py
[2025-07-01T01:49:07.727+0000] {logging_mixin.py:190} INFO - [2025-07-01T01:49:07.721+0000] {dagbag.py:387} ERROR - Failed to import: /opt/airflow/dags/driven_data_pipeline.py
Traceback (most recent call last):
  File "/home/airflow/.local/lib/python3.12/site-packages/airflow/models/dagbag.py", line 383, in parse
    loader.exec_module(new_module)
  File "<frozen importlib._bootstrap_external>", line 995, in exec_module
  File "<frozen importlib._bootstrap>", line 488, in _call_with_frames_removed
  File "/opt/airflow/dags/driven_data_pipeline.py", line 11, in <module>
    import polars as pl
ModuleNotFoundError: No module named 'polars'
[2025-07-01T01:49:07.730+0000] {processor.py:927} WARNING - No viable dags retrieved from /opt/airflow/dags/driven_data_pipeline.py
[2025-07-01T01:49:07.756+0000] {processor.py:208} INFO - Processing /opt/airflow/dags/driven_data_pipeline.py took 0.072 seconds
[2025-07-01T01:49:38.044+0000] {processor.py:186} INFO - Started process (PID=275) to work on /opt/airflow/dags/driven_data_pipeline.py
[2025-07-01T01:49:38.045+0000] {processor.py:914} INFO - Processing file /opt/airflow/dags/driven_data_pipeline.py for tasks to queue
[2025-07-01T01:49:38.049+0000] {logging_mixin.py:190} INFO - [2025-07-01T01:49:38.049+0000] {dagbag.py:588} INFO - Filling up the DagBag from /opt/airflow/dags/driven_data_pipeline.py
[2025-07-01T01:49:38.081+0000] {logging_mixin.py:190} INFO - [2025-07-01T01:49:38.075+0000] {dagbag.py:387} ERROR - Failed to import: /opt/airflow/dags/driven_data_pipeline.py
Traceback (most recent call last):
  File "/home/airflow/.local/lib/python3.12/site-packages/airflow/models/dagbag.py", line 383, in parse
    loader.exec_module(new_module)
  File "<frozen importlib._bootstrap_external>", line 995, in exec_module
  File "<frozen importlib._bootstrap>", line 488, in _call_with_frames_removed
  File "/opt/airflow/dags/driven_data_pipeline.py", line 11, in <module>
    import polars as pl
ModuleNotFoundError: No module named 'polars'
[2025-07-01T01:49:38.083+0000] {processor.py:927} WARNING - No viable dags retrieved from /opt/airflow/dags/driven_data_pipeline.py
[2025-07-01T01:49:38.109+0000] {processor.py:208} INFO - Processing /opt/airflow/dags/driven_data_pipeline.py took 0.072 seconds
[2025-07-01T01:50:08.334+0000] {processor.py:186} INFO - Started process (PID=282) to work on /opt/airflow/dags/driven_data_pipeline.py
[2025-07-01T01:50:08.335+0000] {processor.py:914} INFO - Processing file /opt/airflow/dags/driven_data_pipeline.py for tasks to queue
[2025-07-01T01:50:08.340+0000] {logging_mixin.py:190} INFO - [2025-07-01T01:50:08.339+0000] {dagbag.py:588} INFO - Filling up the DagBag from /opt/airflow/dags/driven_data_pipeline.py
[2025-07-01T01:50:08.379+0000] {logging_mixin.py:190} INFO - [2025-07-01T01:50:08.372+0000] {dagbag.py:387} ERROR - Failed to import: /opt/airflow/dags/driven_data_pipeline.py
Traceback (most recent call last):
  File "/home/airflow/.local/lib/python3.12/site-packages/airflow/models/dagbag.py", line 383, in parse
    loader.exec_module(new_module)
  File "<frozen importlib._bootstrap_external>", line 995, in exec_module
  File "<frozen importlib._bootstrap>", line 488, in _call_with_frames_removed
  File "/opt/airflow/dags/driven_data_pipeline.py", line 11, in <module>
    import polars as pl
ModuleNotFoundError: No module named 'polars'
[2025-07-01T01:50:08.381+0000] {processor.py:927} WARNING - No viable dags retrieved from /opt/airflow/dags/driven_data_pipeline.py
[2025-07-01T01:50:08.409+0000] {processor.py:208} INFO - Processing /opt/airflow/dags/driven_data_pipeline.py took 0.083 seconds
[2025-07-01T01:50:38.700+0000] {processor.py:186} INFO - Started process (PID=289) to work on /opt/airflow/dags/driven_data_pipeline.py
[2025-07-01T01:50:38.702+0000] {processor.py:914} INFO - Processing file /opt/airflow/dags/driven_data_pipeline.py for tasks to queue
[2025-07-01T01:50:38.706+0000] {logging_mixin.py:190} INFO - [2025-07-01T01:50:38.705+0000] {dagbag.py:588} INFO - Filling up the DagBag from /opt/airflow/dags/driven_data_pipeline.py
[2025-07-01T01:50:38.737+0000] {logging_mixin.py:190} INFO - [2025-07-01T01:50:38.731+0000] {dagbag.py:387} ERROR - Failed to import: /opt/airflow/dags/driven_data_pipeline.py
Traceback (most recent call last):
  File "/home/airflow/.local/lib/python3.12/site-packages/airflow/models/dagbag.py", line 383, in parse
    loader.exec_module(new_module)
  File "<frozen importlib._bootstrap_external>", line 995, in exec_module
  File "<frozen importlib._bootstrap>", line 488, in _call_with_frames_removed
  File "/opt/airflow/dags/driven_data_pipeline.py", line 11, in <module>
    import polars as pl
ModuleNotFoundError: No module named 'polars'
[2025-07-01T01:50:38.739+0000] {processor.py:927} WARNING - No viable dags retrieved from /opt/airflow/dags/driven_data_pipeline.py
[2025-07-01T01:50:38.776+0000] {processor.py:208} INFO - Processing /opt/airflow/dags/driven_data_pipeline.py took 0.084 seconds
[2025-07-01T01:51:08.983+0000] {processor.py:186} INFO - Started process (PID=296) to work on /opt/airflow/dags/driven_data_pipeline.py
[2025-07-01T01:51:08.984+0000] {processor.py:914} INFO - Processing file /opt/airflow/dags/driven_data_pipeline.py for tasks to queue
[2025-07-01T01:51:08.988+0000] {logging_mixin.py:190} INFO - [2025-07-01T01:51:08.988+0000] {dagbag.py:588} INFO - Filling up the DagBag from /opt/airflow/dags/driven_data_pipeline.py
[2025-07-01T01:51:09.019+0000] {logging_mixin.py:190} INFO - [2025-07-01T01:51:09.014+0000] {dagbag.py:387} ERROR - Failed to import: /opt/airflow/dags/driven_data_pipeline.py
Traceback (most recent call last):
  File "/home/airflow/.local/lib/python3.12/site-packages/airflow/models/dagbag.py", line 383, in parse
    loader.exec_module(new_module)
  File "<frozen importlib._bootstrap_external>", line 995, in exec_module
  File "<frozen importlib._bootstrap>", line 488, in _call_with_frames_removed
  File "/opt/airflow/dags/driven_data_pipeline.py", line 11, in <module>
    import polars as pl
ModuleNotFoundError: No module named 'polars'
[2025-07-01T01:51:09.021+0000] {processor.py:927} WARNING - No viable dags retrieved from /opt/airflow/dags/driven_data_pipeline.py
[2025-07-01T01:51:09.051+0000] {processor.py:208} INFO - Processing /opt/airflow/dags/driven_data_pipeline.py took 0.078 seconds
[2025-07-01T01:51:21.109+0000] {processor.py:186} INFO - Started process (PID=297) to work on /opt/airflow/dags/driven_data_pipeline.py
[2025-07-01T01:51:21.111+0000] {processor.py:914} INFO - Processing file /opt/airflow/dags/driven_data_pipeline.py for tasks to queue
[2025-07-01T01:51:21.115+0000] {logging_mixin.py:190} INFO - [2025-07-01T01:51:21.114+0000] {dagbag.py:588} INFO - Filling up the DagBag from /opt/airflow/dags/driven_data_pipeline.py
[2025-07-01T01:51:21.243+0000] {processor.py:925} INFO - DAG(s) 'test_dag_detection' retrieved from /opt/airflow/dags/driven_data_pipeline.py
[2025-07-01T01:51:21.932+0000] {logging_mixin.py:190} INFO - [2025-07-01T01:51:21.931+0000] {override.py:1900} INFO - Created Permission View: can delete on DAG:test_dag_detection
[2025-07-01T01:51:21.945+0000] {logging_mixin.py:190} INFO - [2025-07-01T01:51:21.944+0000] {override.py:1900} INFO - Created Permission View: can edit on DAG:test_dag_detection
[2025-07-01T01:51:21.955+0000] {logging_mixin.py:190} INFO - [2025-07-01T01:51:21.955+0000] {override.py:1900} INFO - Created Permission View: can read on DAG:test_dag_detection
[2025-07-01T01:51:21.965+0000] {logging_mixin.py:190} INFO - [2025-07-01T01:51:21.964+0000] {override.py:1900} INFO - Created Permission View: menu access on DAG Run:test_dag_detection
[2025-07-01T01:51:21.972+0000] {logging_mixin.py:190} INFO - [2025-07-01T01:51:21.972+0000] {override.py:1900} INFO - Created Permission View: can delete on DAG Run:test_dag_detection
[2025-07-01T01:51:21.980+0000] {logging_mixin.py:190} INFO - [2025-07-01T01:51:21.979+0000] {override.py:1900} INFO - Created Permission View: can create on DAG Run:test_dag_detection
[2025-07-01T01:51:21.987+0000] {logging_mixin.py:190} INFO - [2025-07-01T01:51:21.987+0000] {override.py:1900} INFO - Created Permission View: can read on DAG Run:test_dag_detection
[2025-07-01T01:51:21.988+0000] {logging_mixin.py:190} INFO - [2025-07-01T01:51:21.988+0000] {dag.py:3239} INFO - Sync 1 DAGs
[2025-07-01T01:51:22.012+0000] {logging_mixin.py:190} INFO - [2025-07-01T01:51:22.012+0000] {dag.py:3262} INFO - Creating ORM DAG for test_dag_detection
[2025-07-01T01:51:22.035+0000] {logging_mixin.py:190} INFO - [2025-07-01T01:51:22.035+0000] {dag.py:4180} INFO - Setting next_dagrun for test_dag_detection to 2025-06-30 00:00:00+00:00, run_after=2025-07-01 00:00:00+00:00
[2025-07-01T01:51:22.069+0000] {processor.py:208} INFO - Processing /opt/airflow/dags/driven_data_pipeline.py took 0.969 seconds
[2025-07-01T01:51:25.155+0000] {processor.py:186} INFO - Started process (PID=298) to work on /opt/airflow/dags/driven_data_pipeline.py
[2025-07-01T01:51:25.157+0000] {processor.py:914} INFO - Processing file /opt/airflow/dags/driven_data_pipeline.py for tasks to queue
[2025-07-01T01:51:25.162+0000] {logging_mixin.py:190} INFO - [2025-07-01T01:51:25.161+0000] {dagbag.py:588} INFO - Filling up the DagBag from /opt/airflow/dags/driven_data_pipeline.py
[2025-07-01T01:51:25.202+0000] {processor.py:925} INFO - DAG(s) 'test_dag_detection' retrieved from /opt/airflow/dags/driven_data_pipeline.py
[2025-07-01T01:51:25.219+0000] {logging_mixin.py:190} INFO - [2025-07-01T01:51:25.218+0000] {dag.py:3239} INFO - Sync 1 DAGs
[2025-07-01T01:51:25.249+0000] {logging_mixin.py:190} INFO - [2025-07-01T01:51:25.249+0000] {dag.py:4180} INFO - Setting next_dagrun for test_dag_detection to 2025-06-30 00:00:00+00:00, run_after=2025-07-01 00:00:00+00:00
[2025-07-01T01:51:25.280+0000] {processor.py:208} INFO - Processing /opt/airflow/dags/driven_data_pipeline.py took 0.133 seconds
[2025-07-01T01:51:55.519+0000] {processor.py:186} INFO - Started process (PID=305) to work on /opt/airflow/dags/driven_data_pipeline.py
[2025-07-01T01:51:55.521+0000] {processor.py:914} INFO - Processing file /opt/airflow/dags/driven_data_pipeline.py for tasks to queue
[2025-07-01T01:51:55.526+0000] {logging_mixin.py:190} INFO - [2025-07-01T01:51:55.525+0000] {dagbag.py:588} INFO - Filling up the DagBag from /opt/airflow/dags/driven_data_pipeline.py
[2025-07-01T01:51:55.562+0000] {processor.py:925} INFO - DAG(s) 'test_dag_detection' retrieved from /opt/airflow/dags/driven_data_pipeline.py
[2025-07-01T01:51:55.610+0000] {logging_mixin.py:190} INFO - [2025-07-01T01:51:55.609+0000] {dag.py:3239} INFO - Sync 1 DAGs
[2025-07-01T01:51:55.641+0000] {logging_mixin.py:190} INFO - [2025-07-01T01:51:55.641+0000] {dag.py:4180} INFO - Setting next_dagrun for test_dag_detection to 2025-06-30 00:00:00+00:00, run_after=2025-07-01 00:00:00+00:00
[2025-07-01T01:51:55.668+0000] {processor.py:208} INFO - Processing /opt/airflow/dags/driven_data_pipeline.py took 0.158 seconds
[2025-07-01T01:52:01.640+0000] {processor.py:186} INFO - Started process (PID=313) to work on /opt/airflow/dags/driven_data_pipeline.py
[2025-07-01T01:52:01.642+0000] {processor.py:914} INFO - Processing file /opt/airflow/dags/driven_data_pipeline.py for tasks to queue
[2025-07-01T01:52:01.648+0000] {logging_mixin.py:190} INFO - [2025-07-01T01:52:01.647+0000] {dagbag.py:588} INFO - Filling up the DagBag from /opt/airflow/dags/driven_data_pipeline.py
[2025-07-01T01:52:01.704+0000] {logging_mixin.py:190} INFO - [2025-07-01T01:52:01.698+0000] {dagbag.py:387} ERROR - Failed to import: /opt/airflow/dags/driven_data_pipeline.py
Traceback (most recent call last):
  File "/home/airflow/.local/lib/python3.12/site-packages/airflow/models/dagbag.py", line 383, in parse
    loader.exec_module(new_module)
  File "<frozen importlib._bootstrap_external>", line 995, in exec_module
  File "<frozen importlib._bootstrap>", line 488, in _call_with_frames_removed
  File "/opt/airflow/dags/driven_data_pipeline.py", line 11, in <module>
    import polars as pl
ModuleNotFoundError: No module named 'polars'
[2025-07-01T01:52:01.707+0000] {processor.py:927} WARNING - No viable dags retrieved from /opt/airflow/dags/driven_data_pipeline.py
[2025-07-01T01:52:01.741+0000] {processor.py:208} INFO - Processing /opt/airflow/dags/driven_data_pipeline.py took 0.108 seconds
[2025-07-01T01:52:32.104+0000] {processor.py:186} INFO - Started process (PID=320) to work on /opt/airflow/dags/driven_data_pipeline.py
[2025-07-01T01:52:32.107+0000] {processor.py:914} INFO - Processing file /opt/airflow/dags/driven_data_pipeline.py for tasks to queue
[2025-07-01T01:52:32.113+0000] {logging_mixin.py:190} INFO - [2025-07-01T01:52:32.113+0000] {dagbag.py:588} INFO - Filling up the DagBag from /opt/airflow/dags/driven_data_pipeline.py
[2025-07-01T01:52:32.163+0000] {logging_mixin.py:190} INFO - [2025-07-01T01:52:32.153+0000] {dagbag.py:387} ERROR - Failed to import: /opt/airflow/dags/driven_data_pipeline.py
Traceback (most recent call last):
  File "/home/airflow/.local/lib/python3.12/site-packages/airflow/models/dagbag.py", line 383, in parse
    loader.exec_module(new_module)
  File "<frozen importlib._bootstrap_external>", line 995, in exec_module
  File "<frozen importlib._bootstrap>", line 488, in _call_with_frames_removed
  File "/opt/airflow/dags/driven_data_pipeline.py", line 11, in <module>
    import polars as pl
ModuleNotFoundError: No module named 'polars'
[2025-07-01T01:52:32.165+0000] {processor.py:927} WARNING - No viable dags retrieved from /opt/airflow/dags/driven_data_pipeline.py
[2025-07-01T01:52:32.204+0000] {processor.py:208} INFO - Processing /opt/airflow/dags/driven_data_pipeline.py took 0.111 seconds
[2025-07-01T01:52:44.364+0000] {processor.py:186} INFO - Started process (PID=321) to work on /opt/airflow/dags/driven_data_pipeline.py
[2025-07-01T01:52:44.366+0000] {processor.py:914} INFO - Processing file /opt/airflow/dags/driven_data_pipeline.py for tasks to queue
[2025-07-01T01:52:44.369+0000] {logging_mixin.py:190} INFO - [2025-07-01T01:52:44.369+0000] {dagbag.py:588} INFO - Filling up the DagBag from /opt/airflow/dags/driven_data_pipeline.py
[2025-07-01T01:52:44.420+0000] {logging_mixin.py:190} INFO - [2025-07-01T01:52:44.414+0000] {dagbag.py:387} ERROR - Failed to import: /opt/airflow/dags/driven_data_pipeline.py
Traceback (most recent call last):
  File "/home/airflow/.local/lib/python3.12/site-packages/airflow/models/dagbag.py", line 383, in parse
    loader.exec_module(new_module)
  File "<frozen importlib._bootstrap_external>", line 995, in exec_module
  File "<frozen importlib._bootstrap>", line 488, in _call_with_frames_removed
  File "/opt/airflow/dags/driven_data_pipeline.py", line 11, in <module>
    import polars as pl
ModuleNotFoundError: No module named 'polars'
[2025-07-01T01:52:44.422+0000] {processor.py:927} WARNING - No viable dags retrieved from /opt/airflow/dags/driven_data_pipeline.py
[2025-07-01T01:52:44.453+0000] {processor.py:208} INFO - Processing /opt/airflow/dags/driven_data_pipeline.py took 0.097 seconds
[2025-07-01T01:52:45.524+0000] {processor.py:186} INFO - Started process (PID=322) to work on /opt/airflow/dags/driven_data_pipeline.py
[2025-07-01T01:52:45.525+0000] {processor.py:914} INFO - Processing file /opt/airflow/dags/driven_data_pipeline.py for tasks to queue
[2025-07-01T01:52:45.529+0000] {logging_mixin.py:190} INFO - [2025-07-01T01:52:45.528+0000] {dagbag.py:588} INFO - Filling up the DagBag from /opt/airflow/dags/driven_data_pipeline.py
[2025-07-01T01:52:45.571+0000] {logging_mixin.py:190} INFO - [2025-07-01T01:52:45.565+0000] {dagbag.py:387} ERROR - Failed to import: /opt/airflow/dags/driven_data_pipeline.py
Traceback (most recent call last):
  File "/home/airflow/.local/lib/python3.12/site-packages/airflow/models/dagbag.py", line 383, in parse
    loader.exec_module(new_module)
  File "<frozen importlib._bootstrap_external>", line 995, in exec_module
  File "<frozen importlib._bootstrap>", line 488, in _call_with_frames_removed
  File "/opt/airflow/dags/driven_data_pipeline.py", line 11, in <module>
    import polars as pl
ModuleNotFoundError: No module named 'polars'
[2025-07-01T01:52:45.573+0000] {processor.py:927} WARNING - No viable dags retrieved from /opt/airflow/dags/driven_data_pipeline.py
[2025-07-01T01:52:45.600+0000] {processor.py:208} INFO - Processing /opt/airflow/dags/driven_data_pipeline.py took 0.085 seconds
[2025-07-01T01:53:15.818+0000] {processor.py:186} INFO - Started process (PID=329) to work on /opt/airflow/dags/driven_data_pipeline.py
[2025-07-01T01:53:15.819+0000] {processor.py:914} INFO - Processing file /opt/airflow/dags/driven_data_pipeline.py for tasks to queue
[2025-07-01T01:53:15.823+0000] {logging_mixin.py:190} INFO - [2025-07-01T01:53:15.823+0000] {dagbag.py:588} INFO - Filling up the DagBag from /opt/airflow/dags/driven_data_pipeline.py
[2025-07-01T01:53:15.853+0000] {logging_mixin.py:190} INFO - [2025-07-01T01:53:15.847+0000] {dagbag.py:387} ERROR - Failed to import: /opt/airflow/dags/driven_data_pipeline.py
Traceback (most recent call last):
  File "/home/airflow/.local/lib/python3.12/site-packages/airflow/models/dagbag.py", line 383, in parse
    loader.exec_module(new_module)
  File "<frozen importlib._bootstrap_external>", line 995, in exec_module
  File "<frozen importlib._bootstrap>", line 488, in _call_with_frames_removed
  File "/opt/airflow/dags/driven_data_pipeline.py", line 11, in <module>
    import polars as pl
ModuleNotFoundError: No module named 'polars'
[2025-07-01T01:53:15.854+0000] {processor.py:927} WARNING - No viable dags retrieved from /opt/airflow/dags/driven_data_pipeline.py
[2025-07-01T01:53:15.880+0000] {processor.py:208} INFO - Processing /opt/airflow/dags/driven_data_pipeline.py took 0.070 seconds
[2025-07-01T01:53:46.217+0000] {processor.py:186} INFO - Started process (PID=336) to work on /opt/airflow/dags/driven_data_pipeline.py
[2025-07-01T01:53:46.219+0000] {processor.py:914} INFO - Processing file /opt/airflow/dags/driven_data_pipeline.py for tasks to queue
[2025-07-01T01:53:46.221+0000] {logging_mixin.py:190} INFO - [2025-07-01T01:53:46.220+0000] {dagbag.py:588} INFO - Filling up the DagBag from /opt/airflow/dags/driven_data_pipeline.py
[2025-07-01T01:53:46.252+0000] {logging_mixin.py:190} INFO - [2025-07-01T01:53:46.246+0000] {dagbag.py:387} ERROR - Failed to import: /opt/airflow/dags/driven_data_pipeline.py
Traceback (most recent call last):
  File "/home/airflow/.local/lib/python3.12/site-packages/airflow/models/dagbag.py", line 383, in parse
    loader.exec_module(new_module)
  File "<frozen importlib._bootstrap_external>", line 995, in exec_module
  File "<frozen importlib._bootstrap>", line 488, in _call_with_frames_removed
  File "/opt/airflow/dags/driven_data_pipeline.py", line 11, in <module>
    import polars as pl
ModuleNotFoundError: No module named 'polars'
[2025-07-01T01:53:46.254+0000] {processor.py:927} WARNING - No viable dags retrieved from /opt/airflow/dags/driven_data_pipeline.py
[2025-07-01T01:53:46.292+0000] {processor.py:208} INFO - Processing /opt/airflow/dags/driven_data_pipeline.py took 0.082 seconds
[2025-07-01T01:54:16.517+0000] {processor.py:186} INFO - Started process (PID=343) to work on /opt/airflow/dags/driven_data_pipeline.py
[2025-07-01T01:54:16.519+0000] {processor.py:914} INFO - Processing file /opt/airflow/dags/driven_data_pipeline.py for tasks to queue
[2025-07-01T01:54:16.521+0000] {logging_mixin.py:190} INFO - [2025-07-01T01:54:16.520+0000] {dagbag.py:588} INFO - Filling up the DagBag from /opt/airflow/dags/driven_data_pipeline.py
[2025-07-01T01:54:16.550+0000] {logging_mixin.py:190} INFO - [2025-07-01T01:54:16.544+0000] {dagbag.py:387} ERROR - Failed to import: /opt/airflow/dags/driven_data_pipeline.py
Traceback (most recent call last):
  File "/home/airflow/.local/lib/python3.12/site-packages/airflow/models/dagbag.py", line 383, in parse
    loader.exec_module(new_module)
  File "<frozen importlib._bootstrap_external>", line 995, in exec_module
  File "<frozen importlib._bootstrap>", line 488, in _call_with_frames_removed
  File "/opt/airflow/dags/driven_data_pipeline.py", line 11, in <module>
    import polars as pl
ModuleNotFoundError: No module named 'polars'
[2025-07-01T01:54:16.552+0000] {processor.py:927} WARNING - No viable dags retrieved from /opt/airflow/dags/driven_data_pipeline.py
[2025-07-01T01:54:16.576+0000] {processor.py:208} INFO - Processing /opt/airflow/dags/driven_data_pipeline.py took 0.068 seconds
[2025-07-01T01:54:46.941+0000] {processor.py:186} INFO - Started process (PID=350) to work on /opt/airflow/dags/driven_data_pipeline.py
[2025-07-01T01:54:46.943+0000] {processor.py:914} INFO - Processing file /opt/airflow/dags/driven_data_pipeline.py for tasks to queue
[2025-07-01T01:54:46.945+0000] {logging_mixin.py:190} INFO - [2025-07-01T01:54:46.945+0000] {dagbag.py:588} INFO - Filling up the DagBag from /opt/airflow/dags/driven_data_pipeline.py
[2025-07-01T01:54:46.975+0000] {logging_mixin.py:190} INFO - [2025-07-01T01:54:46.970+0000] {dagbag.py:387} ERROR - Failed to import: /opt/airflow/dags/driven_data_pipeline.py
Traceback (most recent call last):
  File "/home/airflow/.local/lib/python3.12/site-packages/airflow/models/dagbag.py", line 383, in parse
    loader.exec_module(new_module)
  File "<frozen importlib._bootstrap_external>", line 995, in exec_module
  File "<frozen importlib._bootstrap>", line 488, in _call_with_frames_removed
  File "/opt/airflow/dags/driven_data_pipeline.py", line 11, in <module>
    import polars as pl
ModuleNotFoundError: No module named 'polars'
[2025-07-01T01:54:46.977+0000] {processor.py:927} WARNING - No viable dags retrieved from /opt/airflow/dags/driven_data_pipeline.py
[2025-07-01T01:54:47.000+0000] {processor.py:208} INFO - Processing /opt/airflow/dags/driven_data_pipeline.py took 0.066 seconds
[2025-07-01T21:16:55.057+0000] {processor.py:186} INFO - Started process (PID=61) to work on /opt/airflow/dags/driven_data_pipeline.py
[2025-07-01T21:16:55.060+0000] {processor.py:914} INFO - Processing file /opt/airflow/dags/driven_data_pipeline.py for tasks to queue
[2025-07-01T21:16:55.063+0000] {logging_mixin.py:190} INFO - [2025-07-01T21:16:55.062+0000] {dagbag.py:588} INFO - Filling up the DagBag from /opt/airflow/dags/driven_data_pipeline.py
[2025-07-01T21:16:55.123+0000] {logging_mixin.py:190} INFO - [2025-07-01T21:16:55.115+0000] {dagbag.py:387} ERROR - Failed to import: /opt/airflow/dags/driven_data_pipeline.py
Traceback (most recent call last):
  File "/home/airflow/.local/lib/python3.12/site-packages/airflow/models/dagbag.py", line 383, in parse
    loader.exec_module(new_module)
  File "<frozen importlib._bootstrap_external>", line 995, in exec_module
  File "<frozen importlib._bootstrap>", line 488, in _call_with_frames_removed
  File "/opt/airflow/dags/driven_data_pipeline.py", line 11, in <module>
    import polars as pl
ModuleNotFoundError: No module named 'polars'
[2025-07-01T21:16:55.126+0000] {processor.py:927} WARNING - No viable dags retrieved from /opt/airflow/dags/driven_data_pipeline.py
[2025-07-01T21:16:55.158+0000] {processor.py:208} INFO - Processing /opt/airflow/dags/driven_data_pipeline.py took 0.113 seconds
[2025-07-01T21:17:25.521+0000] {processor.py:186} INFO - Started process (PID=68) to work on /opt/airflow/dags/driven_data_pipeline.py
[2025-07-01T21:17:25.523+0000] {processor.py:914} INFO - Processing file /opt/airflow/dags/driven_data_pipeline.py for tasks to queue
[2025-07-01T21:17:25.547+0000] {logging_mixin.py:190} INFO - [2025-07-01T21:17:25.545+0000] {dagbag.py:588} INFO - Filling up the DagBag from /opt/airflow/dags/driven_data_pipeline.py
[2025-07-01T21:17:25.637+0000] {logging_mixin.py:190} INFO - [2025-07-01T21:17:25.623+0000] {dagbag.py:387} ERROR - Failed to import: /opt/airflow/dags/driven_data_pipeline.py
Traceback (most recent call last):
  File "/home/airflow/.local/lib/python3.12/site-packages/airflow/models/dagbag.py", line 383, in parse
    loader.exec_module(new_module)
  File "<frozen importlib._bootstrap_external>", line 995, in exec_module
  File "<frozen importlib._bootstrap>", line 488, in _call_with_frames_removed
  File "/opt/airflow/dags/driven_data_pipeline.py", line 11, in <module>
    import polars as pl
ModuleNotFoundError: No module named 'polars'
[2025-07-01T21:17:25.642+0000] {processor.py:927} WARNING - No viable dags retrieved from /opt/airflow/dags/driven_data_pipeline.py
[2025-07-01T21:17:25.702+0000] {processor.py:208} INFO - Processing /opt/airflow/dags/driven_data_pipeline.py took 0.201 seconds
[2025-07-01T21:17:55.807+0000] {processor.py:186} INFO - Started process (PID=76) to work on /opt/airflow/dags/driven_data_pipeline.py
[2025-07-01T21:17:55.809+0000] {processor.py:914} INFO - Processing file /opt/airflow/dags/driven_data_pipeline.py for tasks to queue
[2025-07-01T21:17:55.813+0000] {logging_mixin.py:190} INFO - [2025-07-01T21:17:55.813+0000] {dagbag.py:588} INFO - Filling up the DagBag from /opt/airflow/dags/driven_data_pipeline.py
[2025-07-01T21:17:55.851+0000] {logging_mixin.py:190} INFO - [2025-07-01T21:17:55.845+0000] {dagbag.py:387} ERROR - Failed to import: /opt/airflow/dags/driven_data_pipeline.py
Traceback (most recent call last):
  File "/home/airflow/.local/lib/python3.12/site-packages/airflow/models/dagbag.py", line 383, in parse
    loader.exec_module(new_module)
  File "<frozen importlib._bootstrap_external>", line 995, in exec_module
  File "<frozen importlib._bootstrap>", line 488, in _call_with_frames_removed
  File "/opt/airflow/dags/driven_data_pipeline.py", line 11, in <module>
    import polars as pl
ModuleNotFoundError: No module named 'polars'
[2025-07-01T21:17:55.854+0000] {processor.py:927} WARNING - No viable dags retrieved from /opt/airflow/dags/driven_data_pipeline.py
[2025-07-01T21:17:55.894+0000] {processor.py:208} INFO - Processing /opt/airflow/dags/driven_data_pipeline.py took 0.095 seconds
[2025-07-01T21:18:26.482+0000] {processor.py:186} INFO - Started process (PID=83) to work on /opt/airflow/dags/driven_data_pipeline.py
[2025-07-01T21:18:26.485+0000] {processor.py:914} INFO - Processing file /opt/airflow/dags/driven_data_pipeline.py for tasks to queue
[2025-07-01T21:18:26.501+0000] {logging_mixin.py:190} INFO - [2025-07-01T21:18:26.500+0000] {dagbag.py:588} INFO - Filling up the DagBag from /opt/airflow/dags/driven_data_pipeline.py
[2025-07-01T21:18:26.591+0000] {logging_mixin.py:190} INFO - [2025-07-01T21:18:26.577+0000] {dagbag.py:387} ERROR - Failed to import: /opt/airflow/dags/driven_data_pipeline.py
Traceback (most recent call last):
  File "/home/airflow/.local/lib/python3.12/site-packages/airflow/models/dagbag.py", line 383, in parse
    loader.exec_module(new_module)
  File "<frozen importlib._bootstrap_external>", line 995, in exec_module
  File "<frozen importlib._bootstrap>", line 488, in _call_with_frames_removed
  File "/opt/airflow/dags/driven_data_pipeline.py", line 11, in <module>
    import polars as pl
ModuleNotFoundError: No module named 'polars'
[2025-07-01T21:18:26.597+0000] {processor.py:927} WARNING - No viable dags retrieved from /opt/airflow/dags/driven_data_pipeline.py
[2025-07-01T21:18:26.704+0000] {processor.py:208} INFO - Processing /opt/airflow/dags/driven_data_pipeline.py took 0.247 seconds
[2025-07-01T21:18:57.087+0000] {processor.py:186} INFO - Started process (PID=90) to work on /opt/airflow/dags/driven_data_pipeline.py
[2025-07-01T21:18:57.091+0000] {processor.py:914} INFO - Processing file /opt/airflow/dags/driven_data_pipeline.py for tasks to queue
[2025-07-01T21:18:57.103+0000] {logging_mixin.py:190} INFO - [2025-07-01T21:18:57.101+0000] {dagbag.py:588} INFO - Filling up the DagBag from /opt/airflow/dags/driven_data_pipeline.py
[2025-07-01T21:18:57.153+0000] {logging_mixin.py:190} INFO - [2025-07-01T21:18:57.144+0000] {dagbag.py:387} ERROR - Failed to import: /opt/airflow/dags/driven_data_pipeline.py
Traceback (most recent call last):
  File "/home/airflow/.local/lib/python3.12/site-packages/airflow/models/dagbag.py", line 383, in parse
    loader.exec_module(new_module)
  File "<frozen importlib._bootstrap_external>", line 995, in exec_module
  File "<frozen importlib._bootstrap>", line 488, in _call_with_frames_removed
  File "/opt/airflow/dags/driven_data_pipeline.py", line 11, in <module>
    import polars as pl
ModuleNotFoundError: No module named 'polars'
[2025-07-01T21:18:57.157+0000] {processor.py:927} WARNING - No viable dags retrieved from /opt/airflow/dags/driven_data_pipeline.py
[2025-07-01T21:18:57.218+0000] {processor.py:208} INFO - Processing /opt/airflow/dags/driven_data_pipeline.py took 0.145 seconds
[2025-07-01T21:19:27.640+0000] {processor.py:186} INFO - Started process (PID=98) to work on /opt/airflow/dags/driven_data_pipeline.py
[2025-07-01T21:19:27.643+0000] {processor.py:914} INFO - Processing file /opt/airflow/dags/driven_data_pipeline.py for tasks to queue
[2025-07-01T21:19:27.651+0000] {logging_mixin.py:190} INFO - [2025-07-01T21:19:27.650+0000] {dagbag.py:588} INFO - Filling up the DagBag from /opt/airflow/dags/driven_data_pipeline.py
[2025-07-01T21:19:27.692+0000] {logging_mixin.py:190} INFO - [2025-07-01T21:19:27.686+0000] {dagbag.py:387} ERROR - Failed to import: /opt/airflow/dags/driven_data_pipeline.py
Traceback (most recent call last):
  File "/home/airflow/.local/lib/python3.12/site-packages/airflow/models/dagbag.py", line 383, in parse
    loader.exec_module(new_module)
  File "<frozen importlib._bootstrap_external>", line 995, in exec_module
  File "<frozen importlib._bootstrap>", line 488, in _call_with_frames_removed
  File "/opt/airflow/dags/driven_data_pipeline.py", line 11, in <module>
    import polars as pl
ModuleNotFoundError: No module named 'polars'
[2025-07-01T21:19:27.695+0000] {processor.py:927} WARNING - No viable dags retrieved from /opt/airflow/dags/driven_data_pipeline.py
[2025-07-01T21:19:27.733+0000] {processor.py:208} INFO - Processing /opt/airflow/dags/driven_data_pipeline.py took 0.108 seconds
[2025-07-01T21:20:01.447+0000] {processor.py:186} INFO - Started process (PID=111) to work on /opt/airflow/dags/driven_data_pipeline.py
[2025-07-01T21:20:01.450+0000] {processor.py:914} INFO - Processing file /opt/airflow/dags/driven_data_pipeline.py for tasks to queue
[2025-07-01T21:20:01.456+0000] {logging_mixin.py:190} INFO - [2025-07-01T21:20:01.455+0000] {dagbag.py:588} INFO - Filling up the DagBag from /opt/airflow/dags/driven_data_pipeline.py
[2025-07-01T21:20:01.527+0000] {logging_mixin.py:190} INFO - [2025-07-01T21:20:01.518+0000] {dagbag.py:387} ERROR - Failed to import: /opt/airflow/dags/driven_data_pipeline.py
Traceback (most recent call last):
  File "/home/airflow/.local/lib/python3.12/site-packages/airflow/models/dagbag.py", line 383, in parse
    loader.exec_module(new_module)
  File "<frozen importlib._bootstrap_external>", line 995, in exec_module
  File "<frozen importlib._bootstrap>", line 488, in _call_with_frames_removed
  File "/opt/airflow/dags/driven_data_pipeline.py", line 11, in <module>
    import polars as pl
ModuleNotFoundError: No module named 'polars'
[2025-07-01T21:20:01.531+0000] {processor.py:927} WARNING - No viable dags retrieved from /opt/airflow/dags/driven_data_pipeline.py
[2025-07-01T21:20:01.599+0000] {processor.py:208} INFO - Processing /opt/airflow/dags/driven_data_pipeline.py took 0.169 seconds
[2025-07-01T21:20:32.544+0000] {processor.py:186} INFO - Started process (PID=118) to work on /opt/airflow/dags/driven_data_pipeline.py
[2025-07-01T21:20:32.554+0000] {processor.py:914} INFO - Processing file /opt/airflow/dags/driven_data_pipeline.py for tasks to queue
[2025-07-01T21:20:32.580+0000] {logging_mixin.py:190} INFO - [2025-07-01T21:20:32.576+0000] {dagbag.py:588} INFO - Filling up the DagBag from /opt/airflow/dags/driven_data_pipeline.py
[2025-07-01T21:20:32.863+0000] {logging_mixin.py:190} INFO - [2025-07-01T21:20:32.817+0000] {dagbag.py:387} ERROR - Failed to import: /opt/airflow/dags/driven_data_pipeline.py
Traceback (most recent call last):
  File "/home/airflow/.local/lib/python3.12/site-packages/airflow/models/dagbag.py", line 383, in parse
    loader.exec_module(new_module)
  File "<frozen importlib._bootstrap_external>", line 995, in exec_module
  File "<frozen importlib._bootstrap>", line 488, in _call_with_frames_removed
  File "/opt/airflow/dags/driven_data_pipeline.py", line 11, in <module>
    import polars as pl
ModuleNotFoundError: No module named 'polars'
[2025-07-01T21:20:32.880+0000] {processor.py:927} WARNING - No viable dags retrieved from /opt/airflow/dags/driven_data_pipeline.py
[2025-07-01T21:20:33.203+0000] {processor.py:208} INFO - Processing /opt/airflow/dags/driven_data_pipeline.py took 0.733 seconds
[2025-07-01T21:21:03.723+0000] {processor.py:186} INFO - Started process (PID=125) to work on /opt/airflow/dags/driven_data_pipeline.py
[2025-07-01T21:21:03.725+0000] {processor.py:914} INFO - Processing file /opt/airflow/dags/driven_data_pipeline.py for tasks to queue
[2025-07-01T21:21:03.730+0000] {logging_mixin.py:190} INFO - [2025-07-01T21:21:03.729+0000] {dagbag.py:588} INFO - Filling up the DagBag from /opt/airflow/dags/driven_data_pipeline.py
[2025-07-01T21:21:03.782+0000] {logging_mixin.py:190} INFO - [2025-07-01T21:21:03.773+0000] {dagbag.py:387} ERROR - Failed to import: /opt/airflow/dags/driven_data_pipeline.py
Traceback (most recent call last):
  File "/home/airflow/.local/lib/python3.12/site-packages/airflow/models/dagbag.py", line 383, in parse
    loader.exec_module(new_module)
  File "<frozen importlib._bootstrap_external>", line 995, in exec_module
  File "<frozen importlib._bootstrap>", line 488, in _call_with_frames_removed
  File "/opt/airflow/dags/driven_data_pipeline.py", line 11, in <module>
    import polars as pl
ModuleNotFoundError: No module named 'polars'
[2025-07-01T21:21:03.785+0000] {processor.py:927} WARNING - No viable dags retrieved from /opt/airflow/dags/driven_data_pipeline.py
[2025-07-01T21:21:03.831+0000] {processor.py:208} INFO - Processing /opt/airflow/dags/driven_data_pipeline.py took 0.122 seconds
[2025-07-01T21:21:34.493+0000] {processor.py:186} INFO - Started process (PID=132) to work on /opt/airflow/dags/driven_data_pipeline.py
[2025-07-01T21:21:34.501+0000] {processor.py:914} INFO - Processing file /opt/airflow/dags/driven_data_pipeline.py for tasks to queue
[2025-07-01T21:21:34.515+0000] {logging_mixin.py:190} INFO - [2025-07-01T21:21:34.513+0000] {dagbag.py:588} INFO - Filling up the DagBag from /opt/airflow/dags/driven_data_pipeline.py
[2025-07-01T21:21:34.646+0000] {logging_mixin.py:190} INFO - [2025-07-01T21:21:34.624+0000] {dagbag.py:387} ERROR - Failed to import: /opt/airflow/dags/driven_data_pipeline.py
Traceback (most recent call last):
  File "/home/airflow/.local/lib/python3.12/site-packages/airflow/models/dagbag.py", line 383, in parse
    loader.exec_module(new_module)
  File "<frozen importlib._bootstrap_external>", line 995, in exec_module
  File "<frozen importlib._bootstrap>", line 488, in _call_with_frames_removed
  File "/opt/airflow/dags/driven_data_pipeline.py", line 11, in <module>
    import polars as pl
ModuleNotFoundError: No module named 'polars'
[2025-07-01T21:21:34.657+0000] {processor.py:927} WARNING - No viable dags retrieved from /opt/airflow/dags/driven_data_pipeline.py
[2025-07-01T21:21:34.763+0000] {processor.py:208} INFO - Processing /opt/airflow/dags/driven_data_pipeline.py took 0.292 seconds
[2025-07-01T21:22:05.340+0000] {processor.py:186} INFO - Started process (PID=139) to work on /opt/airflow/dags/driven_data_pipeline.py
[2025-07-01T21:22:05.350+0000] {processor.py:914} INFO - Processing file /opt/airflow/dags/driven_data_pipeline.py for tasks to queue
[2025-07-01T21:22:05.367+0000] {logging_mixin.py:190} INFO - [2025-07-01T21:22:05.361+0000] {dagbag.py:588} INFO - Filling up the DagBag from /opt/airflow/dags/driven_data_pipeline.py
[2025-07-01T21:22:05.453+0000] {logging_mixin.py:190} INFO - [2025-07-01T21:22:05.437+0000] {dagbag.py:387} ERROR - Failed to import: /opt/airflow/dags/driven_data_pipeline.py
Traceback (most recent call last):
  File "/home/airflow/.local/lib/python3.12/site-packages/airflow/models/dagbag.py", line 383, in parse
    loader.exec_module(new_module)
  File "<frozen importlib._bootstrap_external>", line 995, in exec_module
  File "<frozen importlib._bootstrap>", line 488, in _call_with_frames_removed
  File "/opt/airflow/dags/driven_data_pipeline.py", line 11, in <module>
    import polars as pl
ModuleNotFoundError: No module named 'polars'
[2025-07-01T21:22:05.457+0000] {processor.py:927} WARNING - No viable dags retrieved from /opt/airflow/dags/driven_data_pipeline.py
[2025-07-01T21:22:05.595+0000] {processor.py:208} INFO - Processing /opt/airflow/dags/driven_data_pipeline.py took 0.307 seconds
[2025-07-01T21:22:36.365+0000] {processor.py:186} INFO - Started process (PID=145) to work on /opt/airflow/dags/driven_data_pipeline.py
[2025-07-01T21:22:36.377+0000] {processor.py:914} INFO - Processing file /opt/airflow/dags/driven_data_pipeline.py for tasks to queue
[2025-07-01T21:22:36.403+0000] {logging_mixin.py:190} INFO - [2025-07-01T21:22:36.400+0000] {dagbag.py:588} INFO - Filling up the DagBag from /opt/airflow/dags/driven_data_pipeline.py
[2025-07-01T21:22:36.755+0000] {logging_mixin.py:190} INFO - [2025-07-01T21:22:36.701+0000] {dagbag.py:387} ERROR - Failed to import: /opt/airflow/dags/driven_data_pipeline.py
Traceback (most recent call last):
  File "/home/airflow/.local/lib/python3.12/site-packages/airflow/models/dagbag.py", line 383, in parse
    loader.exec_module(new_module)
  File "<frozen importlib._bootstrap_external>", line 995, in exec_module
  File "<frozen importlib._bootstrap>", line 488, in _call_with_frames_removed
  File "/opt/airflow/dags/driven_data_pipeline.py", line 11, in <module>
    import polars as pl
ModuleNotFoundError: No module named 'polars'
[2025-07-01T21:22:36.767+0000] {processor.py:927} WARNING - No viable dags retrieved from /opt/airflow/dags/driven_data_pipeline.py
[2025-07-01T21:22:37.975+0000] {processor.py:208} INFO - Processing /opt/airflow/dags/driven_data_pipeline.py took 1.680 seconds
[2025-07-01T21:23:08.747+0000] {processor.py:186} INFO - Started process (PID=152) to work on /opt/airflow/dags/driven_data_pipeline.py
[2025-07-01T21:23:08.760+0000] {processor.py:914} INFO - Processing file /opt/airflow/dags/driven_data_pipeline.py for tasks to queue
[2025-07-01T21:23:08.779+0000] {logging_mixin.py:190} INFO - [2025-07-01T21:23:08.778+0000] {dagbag.py:588} INFO - Filling up the DagBag from /opt/airflow/dags/driven_data_pipeline.py
[2025-07-01T21:23:08.870+0000] {logging_mixin.py:190} INFO - [2025-07-01T21:23:08.858+0000] {dagbag.py:387} ERROR - Failed to import: /opt/airflow/dags/driven_data_pipeline.py
Traceback (most recent call last):
  File "/home/airflow/.local/lib/python3.12/site-packages/airflow/models/dagbag.py", line 383, in parse
    loader.exec_module(new_module)
  File "<frozen importlib._bootstrap_external>", line 995, in exec_module
  File "<frozen importlib._bootstrap>", line 488, in _call_with_frames_removed
  File "/opt/airflow/dags/driven_data_pipeline.py", line 11, in <module>
    import polars as pl
ModuleNotFoundError: No module named 'polars'
[2025-07-01T21:23:08.877+0000] {processor.py:927} WARNING - No viable dags retrieved from /opt/airflow/dags/driven_data_pipeline.py
[2025-07-01T21:23:08.947+0000] {processor.py:208} INFO - Processing /opt/airflow/dags/driven_data_pipeline.py took 0.228 seconds
[2025-07-01T21:23:39.324+0000] {processor.py:186} INFO - Started process (PID=160) to work on /opt/airflow/dags/driven_data_pipeline.py
[2025-07-01T21:23:39.336+0000] {processor.py:914} INFO - Processing file /opt/airflow/dags/driven_data_pipeline.py for tasks to queue
[2025-07-01T21:23:39.375+0000] {logging_mixin.py:190} INFO - [2025-07-01T21:23:39.374+0000] {dagbag.py:588} INFO - Filling up the DagBag from /opt/airflow/dags/driven_data_pipeline.py
[2025-07-01T21:23:39.465+0000] {logging_mixin.py:190} INFO - [2025-07-01T21:23:39.415+0000] {dagbag.py:387} ERROR - Failed to import: /opt/airflow/dags/driven_data_pipeline.py
Traceback (most recent call last):
  File "/home/airflow/.local/lib/python3.12/site-packages/airflow/models/dagbag.py", line 383, in parse
    loader.exec_module(new_module)
  File "<frozen importlib._bootstrap_external>", line 995, in exec_module
  File "<frozen importlib._bootstrap>", line 488, in _call_with_frames_removed
  File "/opt/airflow/dags/driven_data_pipeline.py", line 11, in <module>
    import polars as pl
ModuleNotFoundError: No module named 'polars'
[2025-07-01T21:23:39.468+0000] {processor.py:927} WARNING - No viable dags retrieved from /opt/airflow/dags/driven_data_pipeline.py
[2025-07-01T21:23:39.573+0000] {processor.py:208} INFO - Processing /opt/airflow/dags/driven_data_pipeline.py took 0.267 seconds
[2025-07-01T21:24:09.770+0000] {processor.py:186} INFO - Started process (PID=167) to work on /opt/airflow/dags/driven_data_pipeline.py
[2025-07-01T21:24:09.773+0000] {processor.py:914} INFO - Processing file /opt/airflow/dags/driven_data_pipeline.py for tasks to queue
[2025-07-01T21:24:09.780+0000] {logging_mixin.py:190} INFO - [2025-07-01T21:24:09.779+0000] {dagbag.py:588} INFO - Filling up the DagBag from /opt/airflow/dags/driven_data_pipeline.py
[2025-07-01T21:24:09.850+0000] {logging_mixin.py:190} INFO - [2025-07-01T21:24:09.838+0000] {dagbag.py:387} ERROR - Failed to import: /opt/airflow/dags/driven_data_pipeline.py
Traceback (most recent call last):
  File "/home/airflow/.local/lib/python3.12/site-packages/airflow/models/dagbag.py", line 383, in parse
    loader.exec_module(new_module)
  File "<frozen importlib._bootstrap_external>", line 995, in exec_module
  File "<frozen importlib._bootstrap>", line 488, in _call_with_frames_removed
  File "/opt/airflow/dags/driven_data_pipeline.py", line 11, in <module>
    import polars as pl
ModuleNotFoundError: No module named 'polars'
[2025-07-01T21:24:09.854+0000] {processor.py:927} WARNING - No viable dags retrieved from /opt/airflow/dags/driven_data_pipeline.py
[2025-07-01T21:24:09.906+0000] {processor.py:208} INFO - Processing /opt/airflow/dags/driven_data_pipeline.py took 0.153 seconds
[2025-07-01T21:24:40.325+0000] {processor.py:186} INFO - Started process (PID=174) to work on /opt/airflow/dags/driven_data_pipeline.py
[2025-07-01T21:24:40.328+0000] {processor.py:914} INFO - Processing file /opt/airflow/dags/driven_data_pipeline.py for tasks to queue
[2025-07-01T21:24:40.333+0000] {logging_mixin.py:190} INFO - [2025-07-01T21:24:40.332+0000] {dagbag.py:588} INFO - Filling up the DagBag from /opt/airflow/dags/driven_data_pipeline.py
[2025-07-01T21:24:40.373+0000] {logging_mixin.py:190} INFO - [2025-07-01T21:24:40.366+0000] {dagbag.py:387} ERROR - Failed to import: /opt/airflow/dags/driven_data_pipeline.py
Traceback (most recent call last):
  File "/home/airflow/.local/lib/python3.12/site-packages/airflow/models/dagbag.py", line 383, in parse
    loader.exec_module(new_module)
  File "<frozen importlib._bootstrap_external>", line 995, in exec_module
  File "<frozen importlib._bootstrap>", line 488, in _call_with_frames_removed
  File "/opt/airflow/dags/driven_data_pipeline.py", line 11, in <module>
    import polars as pl
ModuleNotFoundError: No module named 'polars'
[2025-07-01T21:24:40.376+0000] {processor.py:927} WARNING - No viable dags retrieved from /opt/airflow/dags/driven_data_pipeline.py
[2025-07-01T21:24:40.410+0000] {processor.py:208} INFO - Processing /opt/airflow/dags/driven_data_pipeline.py took 0.098 seconds
[2025-07-01T21:25:10.724+0000] {processor.py:186} INFO - Started process (PID=181) to work on /opt/airflow/dags/driven_data_pipeline.py
[2025-07-01T21:25:10.728+0000] {processor.py:914} INFO - Processing file /opt/airflow/dags/driven_data_pipeline.py for tasks to queue
[2025-07-01T21:25:10.732+0000] {logging_mixin.py:190} INFO - [2025-07-01T21:25:10.732+0000] {dagbag.py:588} INFO - Filling up the DagBag from /opt/airflow/dags/driven_data_pipeline.py
[2025-07-01T21:25:10.776+0000] {logging_mixin.py:190} INFO - [2025-07-01T21:25:10.767+0000] {dagbag.py:387} ERROR - Failed to import: /opt/airflow/dags/driven_data_pipeline.py
Traceback (most recent call last):
  File "/home/airflow/.local/lib/python3.12/site-packages/airflow/models/dagbag.py", line 383, in parse
    loader.exec_module(new_module)
  File "<frozen importlib._bootstrap_external>", line 995, in exec_module
  File "<frozen importlib._bootstrap>", line 488, in _call_with_frames_removed
  File "/opt/airflow/dags/driven_data_pipeline.py", line 11, in <module>
    import polars as pl
ModuleNotFoundError: No module named 'polars'
[2025-07-01T21:25:10.779+0000] {processor.py:927} WARNING - No viable dags retrieved from /opt/airflow/dags/driven_data_pipeline.py
[2025-07-01T21:25:10.811+0000] {processor.py:208} INFO - Processing /opt/airflow/dags/driven_data_pipeline.py took 0.099 seconds
[2025-07-01T21:25:41.188+0000] {processor.py:186} INFO - Started process (PID=188) to work on /opt/airflow/dags/driven_data_pipeline.py
[2025-07-01T21:25:41.191+0000] {processor.py:914} INFO - Processing file /opt/airflow/dags/driven_data_pipeline.py for tasks to queue
[2025-07-01T21:25:41.196+0000] {logging_mixin.py:190} INFO - [2025-07-01T21:25:41.195+0000] {dagbag.py:588} INFO - Filling up the DagBag from /opt/airflow/dags/driven_data_pipeline.py
[2025-07-01T21:25:41.236+0000] {logging_mixin.py:190} INFO - [2025-07-01T21:25:41.227+0000] {dagbag.py:387} ERROR - Failed to import: /opt/airflow/dags/driven_data_pipeline.py
Traceback (most recent call last):
  File "/home/airflow/.local/lib/python3.12/site-packages/airflow/models/dagbag.py", line 383, in parse
    loader.exec_module(new_module)
  File "<frozen importlib._bootstrap_external>", line 995, in exec_module
  File "<frozen importlib._bootstrap>", line 488, in _call_with_frames_removed
  File "/opt/airflow/dags/driven_data_pipeline.py", line 11, in <module>
    import polars as pl
ModuleNotFoundError: No module named 'polars'
[2025-07-01T21:25:41.240+0000] {processor.py:927} WARNING - No viable dags retrieved from /opt/airflow/dags/driven_data_pipeline.py
[2025-07-01T21:25:41.276+0000] {processor.py:208} INFO - Processing /opt/airflow/dags/driven_data_pipeline.py took 0.097 seconds
[2025-07-01T21:26:11.567+0000] {processor.py:186} INFO - Started process (PID=195) to work on /opt/airflow/dags/driven_data_pipeline.py
[2025-07-01T21:26:11.569+0000] {processor.py:914} INFO - Processing file /opt/airflow/dags/driven_data_pipeline.py for tasks to queue
[2025-07-01T21:26:11.575+0000] {logging_mixin.py:190} INFO - [2025-07-01T21:26:11.574+0000] {dagbag.py:588} INFO - Filling up the DagBag from /opt/airflow/dags/driven_data_pipeline.py
[2025-07-01T21:26:11.614+0000] {logging_mixin.py:190} INFO - [2025-07-01T21:26:11.606+0000] {dagbag.py:387} ERROR - Failed to import: /opt/airflow/dags/driven_data_pipeline.py
Traceback (most recent call last):
  File "/home/airflow/.local/lib/python3.12/site-packages/airflow/models/dagbag.py", line 383, in parse
    loader.exec_module(new_module)
  File "<frozen importlib._bootstrap_external>", line 995, in exec_module
  File "<frozen importlib._bootstrap>", line 488, in _call_with_frames_removed
  File "/opt/airflow/dags/driven_data_pipeline.py", line 11, in <module>
    import polars as pl
ModuleNotFoundError: No module named 'polars'
[2025-07-01T21:26:11.617+0000] {processor.py:927} WARNING - No viable dags retrieved from /opt/airflow/dags/driven_data_pipeline.py
[2025-07-01T21:26:11.661+0000] {processor.py:208} INFO - Processing /opt/airflow/dags/driven_data_pipeline.py took 0.105 seconds
[2025-07-01T21:26:42.040+0000] {processor.py:186} INFO - Started process (PID=202) to work on /opt/airflow/dags/driven_data_pipeline.py
[2025-07-01T21:26:42.045+0000] {processor.py:914} INFO - Processing file /opt/airflow/dags/driven_data_pipeline.py for tasks to queue
[2025-07-01T21:26:42.052+0000] {logging_mixin.py:190} INFO - [2025-07-01T21:26:42.050+0000] {dagbag.py:588} INFO - Filling up the DagBag from /opt/airflow/dags/driven_data_pipeline.py
[2025-07-01T21:26:42.108+0000] {logging_mixin.py:190} INFO - [2025-07-01T21:26:42.093+0000] {dagbag.py:387} ERROR - Failed to import: /opt/airflow/dags/driven_data_pipeline.py
Traceback (most recent call last):
  File "/home/airflow/.local/lib/python3.12/site-packages/airflow/models/dagbag.py", line 383, in parse
    loader.exec_module(new_module)
  File "<frozen importlib._bootstrap_external>", line 995, in exec_module
  File "<frozen importlib._bootstrap>", line 488, in _call_with_frames_removed
  File "/opt/airflow/dags/driven_data_pipeline.py", line 11, in <module>
    import polars as pl
ModuleNotFoundError: No module named 'polars'
[2025-07-01T21:26:42.116+0000] {processor.py:927} WARNING - No viable dags retrieved from /opt/airflow/dags/driven_data_pipeline.py
[2025-07-01T21:26:42.147+0000] {processor.py:208} INFO - Processing /opt/airflow/dags/driven_data_pipeline.py took 0.141 seconds
[2025-07-01T21:27:12.550+0000] {processor.py:186} INFO - Started process (PID=209) to work on /opt/airflow/dags/driven_data_pipeline.py
[2025-07-01T21:27:12.552+0000] {processor.py:914} INFO - Processing file /opt/airflow/dags/driven_data_pipeline.py for tasks to queue
[2025-07-01T21:27:12.558+0000] {logging_mixin.py:190} INFO - [2025-07-01T21:27:12.557+0000] {dagbag.py:588} INFO - Filling up the DagBag from /opt/airflow/dags/driven_data_pipeline.py
[2025-07-01T21:27:12.600+0000] {logging_mixin.py:190} INFO - [2025-07-01T21:27:12.593+0000] {dagbag.py:387} ERROR - Failed to import: /opt/airflow/dags/driven_data_pipeline.py
Traceback (most recent call last):
  File "/home/airflow/.local/lib/python3.12/site-packages/airflow/models/dagbag.py", line 383, in parse
    loader.exec_module(new_module)
  File "<frozen importlib._bootstrap_external>", line 995, in exec_module
  File "<frozen importlib._bootstrap>", line 488, in _call_with_frames_removed
  File "/opt/airflow/dags/driven_data_pipeline.py", line 11, in <module>
    import polars as pl
ModuleNotFoundError: No module named 'polars'
[2025-07-01T21:27:12.604+0000] {processor.py:927} WARNING - No viable dags retrieved from /opt/airflow/dags/driven_data_pipeline.py
[2025-07-01T21:27:12.641+0000] {processor.py:208} INFO - Processing /opt/airflow/dags/driven_data_pipeline.py took 0.103 seconds
[2025-07-01T21:27:42.945+0000] {processor.py:186} INFO - Started process (PID=216) to work on /opt/airflow/dags/driven_data_pipeline.py
[2025-07-01T21:27:42.948+0000] {processor.py:914} INFO - Processing file /opt/airflow/dags/driven_data_pipeline.py for tasks to queue
[2025-07-01T21:27:42.954+0000] {logging_mixin.py:190} INFO - [2025-07-01T21:27:42.953+0000] {dagbag.py:588} INFO - Filling up the DagBag from /opt/airflow/dags/driven_data_pipeline.py
[2025-07-01T21:27:42.996+0000] {logging_mixin.py:190} INFO - [2025-07-01T21:27:42.989+0000] {dagbag.py:387} ERROR - Failed to import: /opt/airflow/dags/driven_data_pipeline.py
Traceback (most recent call last):
  File "/home/airflow/.local/lib/python3.12/site-packages/airflow/models/dagbag.py", line 383, in parse
    loader.exec_module(new_module)
  File "<frozen importlib._bootstrap_external>", line 995, in exec_module
  File "<frozen importlib._bootstrap>", line 488, in _call_with_frames_removed
  File "/opt/airflow/dags/driven_data_pipeline.py", line 11, in <module>
    import polars as pl
ModuleNotFoundError: No module named 'polars'
[2025-07-01T21:27:42.999+0000] {processor.py:927} WARNING - No viable dags retrieved from /opt/airflow/dags/driven_data_pipeline.py
[2025-07-01T21:27:43.037+0000] {processor.py:208} INFO - Processing /opt/airflow/dags/driven_data_pipeline.py took 0.103 seconds
[2025-07-01T21:28:13.503+0000] {processor.py:186} INFO - Started process (PID=223) to work on /opt/airflow/dags/driven_data_pipeline.py
[2025-07-01T21:28:13.505+0000] {processor.py:914} INFO - Processing file /opt/airflow/dags/driven_data_pipeline.py for tasks to queue
[2025-07-01T21:28:13.510+0000] {logging_mixin.py:190} INFO - [2025-07-01T21:28:13.509+0000] {dagbag.py:588} INFO - Filling up the DagBag from /opt/airflow/dags/driven_data_pipeline.py
[2025-07-01T21:28:13.548+0000] {logging_mixin.py:190} INFO - [2025-07-01T21:28:13.542+0000] {dagbag.py:387} ERROR - Failed to import: /opt/airflow/dags/driven_data_pipeline.py
Traceback (most recent call last):
  File "/home/airflow/.local/lib/python3.12/site-packages/airflow/models/dagbag.py", line 383, in parse
    loader.exec_module(new_module)
  File "<frozen importlib._bootstrap_external>", line 995, in exec_module
  File "<frozen importlib._bootstrap>", line 488, in _call_with_frames_removed
  File "/opt/airflow/dags/driven_data_pipeline.py", line 11, in <module>
    import polars as pl
ModuleNotFoundError: No module named 'polars'
[2025-07-01T21:28:13.551+0000] {processor.py:927} WARNING - No viable dags retrieved from /opt/airflow/dags/driven_data_pipeline.py
[2025-07-01T21:28:13.588+0000] {processor.py:208} INFO - Processing /opt/airflow/dags/driven_data_pipeline.py took 0.099 seconds
[2025-07-01T21:28:43.872+0000] {processor.py:186} INFO - Started process (PID=230) to work on /opt/airflow/dags/driven_data_pipeline.py
[2025-07-01T21:28:43.873+0000] {processor.py:914} INFO - Processing file /opt/airflow/dags/driven_data_pipeline.py for tasks to queue
[2025-07-01T21:28:43.879+0000] {logging_mixin.py:190} INFO - [2025-07-01T21:28:43.879+0000] {dagbag.py:588} INFO - Filling up the DagBag from /opt/airflow/dags/driven_data_pipeline.py
[2025-07-01T21:28:43.923+0000] {logging_mixin.py:190} INFO - [2025-07-01T21:28:43.917+0000] {dagbag.py:387} ERROR - Failed to import: /opt/airflow/dags/driven_data_pipeline.py
Traceback (most recent call last):
  File "/home/airflow/.local/lib/python3.12/site-packages/airflow/models/dagbag.py", line 383, in parse
    loader.exec_module(new_module)
  File "<frozen importlib._bootstrap_external>", line 995, in exec_module
  File "<frozen importlib._bootstrap>", line 488, in _call_with_frames_removed
  File "/opt/airflow/dags/driven_data_pipeline.py", line 11, in <module>
    import polars as pl
ModuleNotFoundError: No module named 'polars'
[2025-07-01T21:28:43.926+0000] {processor.py:927} WARNING - No viable dags retrieved from /opt/airflow/dags/driven_data_pipeline.py
[2025-07-01T21:28:43.968+0000] {processor.py:208} INFO - Processing /opt/airflow/dags/driven_data_pipeline.py took 0.106 seconds
[2025-07-01T21:29:14.383+0000] {processor.py:186} INFO - Started process (PID=237) to work on /opt/airflow/dags/driven_data_pipeline.py
[2025-07-01T21:29:14.394+0000] {processor.py:914} INFO - Processing file /opt/airflow/dags/driven_data_pipeline.py for tasks to queue
[2025-07-01T21:29:14.401+0000] {logging_mixin.py:190} INFO - [2025-07-01T21:29:14.400+0000] {dagbag.py:588} INFO - Filling up the DagBag from /opt/airflow/dags/driven_data_pipeline.py
[2025-07-01T21:29:14.440+0000] {logging_mixin.py:190} INFO - [2025-07-01T21:29:14.434+0000] {dagbag.py:387} ERROR - Failed to import: /opt/airflow/dags/driven_data_pipeline.py
Traceback (most recent call last):
  File "/home/airflow/.local/lib/python3.12/site-packages/airflow/models/dagbag.py", line 383, in parse
    loader.exec_module(new_module)
  File "<frozen importlib._bootstrap_external>", line 995, in exec_module
  File "<frozen importlib._bootstrap>", line 488, in _call_with_frames_removed
  File "/opt/airflow/dags/driven_data_pipeline.py", line 11, in <module>
    import polars as pl
ModuleNotFoundError: No module named 'polars'
[2025-07-01T21:29:14.443+0000] {processor.py:927} WARNING - No viable dags retrieved from /opt/airflow/dags/driven_data_pipeline.py
[2025-07-01T21:29:14.475+0000] {processor.py:208} INFO - Processing /opt/airflow/dags/driven_data_pipeline.py took 0.118 seconds
[2025-07-01T21:29:44.787+0000] {processor.py:186} INFO - Started process (PID=244) to work on /opt/airflow/dags/driven_data_pipeline.py
[2025-07-01T21:29:44.790+0000] {processor.py:914} INFO - Processing file /opt/airflow/dags/driven_data_pipeline.py for tasks to queue
[2025-07-01T21:29:44.796+0000] {logging_mixin.py:190} INFO - [2025-07-01T21:29:44.795+0000] {dagbag.py:588} INFO - Filling up the DagBag from /opt/airflow/dags/driven_data_pipeline.py
[2025-07-01T21:29:44.857+0000] {logging_mixin.py:190} INFO - [2025-07-01T21:29:44.844+0000] {dagbag.py:387} ERROR - Failed to import: /opt/airflow/dags/driven_data_pipeline.py
Traceback (most recent call last):
  File "/home/airflow/.local/lib/python3.12/site-packages/airflow/models/dagbag.py", line 383, in parse
    loader.exec_module(new_module)
  File "<frozen importlib._bootstrap_external>", line 995, in exec_module
  File "<frozen importlib._bootstrap>", line 488, in _call_with_frames_removed
  File "/opt/airflow/dags/driven_data_pipeline.py", line 11, in <module>
    import polars as pl
ModuleNotFoundError: No module named 'polars'
[2025-07-01T21:29:44.862+0000] {processor.py:927} WARNING - No viable dags retrieved from /opt/airflow/dags/driven_data_pipeline.py
[2025-07-01T21:29:44.917+0000] {processor.py:208} INFO - Processing /opt/airflow/dags/driven_data_pipeline.py took 0.145 seconds
[2025-07-01T21:30:15.215+0000] {processor.py:186} INFO - Started process (PID=251) to work on /opt/airflow/dags/driven_data_pipeline.py
[2025-07-01T21:30:15.217+0000] {processor.py:914} INFO - Processing file /opt/airflow/dags/driven_data_pipeline.py for tasks to queue
[2025-07-01T21:30:15.222+0000] {logging_mixin.py:190} INFO - [2025-07-01T21:30:15.221+0000] {dagbag.py:588} INFO - Filling up the DagBag from /opt/airflow/dags/driven_data_pipeline.py
[2025-07-01T21:30:15.269+0000] {logging_mixin.py:190} INFO - [2025-07-01T21:30:15.262+0000] {dagbag.py:387} ERROR - Failed to import: /opt/airflow/dags/driven_data_pipeline.py
Traceback (most recent call last):
  File "/home/airflow/.local/lib/python3.12/site-packages/airflow/models/dagbag.py", line 383, in parse
    loader.exec_module(new_module)
  File "<frozen importlib._bootstrap_external>", line 995, in exec_module
  File "<frozen importlib._bootstrap>", line 488, in _call_with_frames_removed
  File "/opt/airflow/dags/driven_data_pipeline.py", line 11, in <module>
    import polars as pl
ModuleNotFoundError: No module named 'polars'
[2025-07-01T21:30:15.272+0000] {processor.py:927} WARNING - No viable dags retrieved from /opt/airflow/dags/driven_data_pipeline.py
[2025-07-01T21:30:15.303+0000] {processor.py:208} INFO - Processing /opt/airflow/dags/driven_data_pipeline.py took 0.102 seconds
[2025-07-01T21:30:45.643+0000] {processor.py:186} INFO - Started process (PID=258) to work on /opt/airflow/dags/driven_data_pipeline.py
[2025-07-01T21:30:45.645+0000] {processor.py:914} INFO - Processing file /opt/airflow/dags/driven_data_pipeline.py for tasks to queue
[2025-07-01T21:30:45.650+0000] {logging_mixin.py:190} INFO - [2025-07-01T21:30:45.649+0000] {dagbag.py:588} INFO - Filling up the DagBag from /opt/airflow/dags/driven_data_pipeline.py
[2025-07-01T21:30:45.691+0000] {logging_mixin.py:190} INFO - [2025-07-01T21:30:45.685+0000] {dagbag.py:387} ERROR - Failed to import: /opt/airflow/dags/driven_data_pipeline.py
Traceback (most recent call last):
  File "/home/airflow/.local/lib/python3.12/site-packages/airflow/models/dagbag.py", line 383, in parse
    loader.exec_module(new_module)
  File "<frozen importlib._bootstrap_external>", line 995, in exec_module
  File "<frozen importlib._bootstrap>", line 488, in _call_with_frames_removed
  File "/opt/airflow/dags/driven_data_pipeline.py", line 11, in <module>
    import polars as pl
ModuleNotFoundError: No module named 'polars'
[2025-07-01T21:30:45.695+0000] {processor.py:927} WARNING - No viable dags retrieved from /opt/airflow/dags/driven_data_pipeline.py
[2025-07-01T21:30:45.733+0000] {processor.py:208} INFO - Processing /opt/airflow/dags/driven_data_pipeline.py took 0.100 seconds
[2025-07-01T21:31:16.079+0000] {processor.py:186} INFO - Started process (PID=265) to work on /opt/airflow/dags/driven_data_pipeline.py
[2025-07-01T21:31:16.081+0000] {processor.py:914} INFO - Processing file /opt/airflow/dags/driven_data_pipeline.py for tasks to queue
[2025-07-01T21:31:16.088+0000] {logging_mixin.py:190} INFO - [2025-07-01T21:31:16.087+0000] {dagbag.py:588} INFO - Filling up the DagBag from /opt/airflow/dags/driven_data_pipeline.py
[2025-07-01T21:31:16.154+0000] {logging_mixin.py:190} INFO - [2025-07-01T21:31:16.140+0000] {dagbag.py:387} ERROR - Failed to import: /opt/airflow/dags/driven_data_pipeline.py
Traceback (most recent call last):
  File "/home/airflow/.local/lib/python3.12/site-packages/airflow/models/dagbag.py", line 383, in parse
    loader.exec_module(new_module)
  File "<frozen importlib._bootstrap_external>", line 995, in exec_module
  File "<frozen importlib._bootstrap>", line 488, in _call_with_frames_removed
  File "/opt/airflow/dags/driven_data_pipeline.py", line 11, in <module>
    import polars as pl
ModuleNotFoundError: No module named 'polars'
[2025-07-01T21:31:16.159+0000] {processor.py:927} WARNING - No viable dags retrieved from /opt/airflow/dags/driven_data_pipeline.py
[2025-07-01T21:31:16.204+0000] {processor.py:208} INFO - Processing /opt/airflow/dags/driven_data_pipeline.py took 0.137 seconds
[2025-07-01T21:31:46.551+0000] {processor.py:186} INFO - Started process (PID=272) to work on /opt/airflow/dags/driven_data_pipeline.py
[2025-07-01T21:31:46.554+0000] {processor.py:914} INFO - Processing file /opt/airflow/dags/driven_data_pipeline.py for tasks to queue
[2025-07-01T21:31:46.561+0000] {logging_mixin.py:190} INFO - [2025-07-01T21:31:46.560+0000] {dagbag.py:588} INFO - Filling up the DagBag from /opt/airflow/dags/driven_data_pipeline.py
[2025-07-01T21:31:46.604+0000] {logging_mixin.py:190} INFO - [2025-07-01T21:31:46.595+0000] {dagbag.py:387} ERROR - Failed to import: /opt/airflow/dags/driven_data_pipeline.py
Traceback (most recent call last):
  File "/home/airflow/.local/lib/python3.12/site-packages/airflow/models/dagbag.py", line 383, in parse
    loader.exec_module(new_module)
  File "<frozen importlib._bootstrap_external>", line 995, in exec_module
  File "<frozen importlib._bootstrap>", line 488, in _call_with_frames_removed
  File "/opt/airflow/dags/driven_data_pipeline.py", line 11, in <module>
    import polars as pl
ModuleNotFoundError: No module named 'polars'
[2025-07-01T21:31:46.608+0000] {processor.py:927} WARNING - No viable dags retrieved from /opt/airflow/dags/driven_data_pipeline.py
[2025-07-01T21:31:46.654+0000] {processor.py:208} INFO - Processing /opt/airflow/dags/driven_data_pipeline.py took 0.116 seconds
[2025-07-01T21:32:17.203+0000] {processor.py:186} INFO - Started process (PID=279) to work on /opt/airflow/dags/driven_data_pipeline.py
[2025-07-01T21:32:17.205+0000] {processor.py:914} INFO - Processing file /opt/airflow/dags/driven_data_pipeline.py for tasks to queue
[2025-07-01T21:32:17.210+0000] {logging_mixin.py:190} INFO - [2025-07-01T21:32:17.209+0000] {dagbag.py:588} INFO - Filling up the DagBag from /opt/airflow/dags/driven_data_pipeline.py
[2025-07-01T21:32:17.248+0000] {logging_mixin.py:190} INFO - [2025-07-01T21:32:17.240+0000] {dagbag.py:387} ERROR - Failed to import: /opt/airflow/dags/driven_data_pipeline.py
Traceback (most recent call last):
  File "/home/airflow/.local/lib/python3.12/site-packages/airflow/models/dagbag.py", line 383, in parse
    loader.exec_module(new_module)
  File "<frozen importlib._bootstrap_external>", line 995, in exec_module
  File "<frozen importlib._bootstrap>", line 488, in _call_with_frames_removed
  File "/opt/airflow/dags/driven_data_pipeline.py", line 11, in <module>
    import polars as pl
ModuleNotFoundError: No module named 'polars'
[2025-07-01T21:32:17.251+0000] {processor.py:927} WARNING - No viable dags retrieved from /opt/airflow/dags/driven_data_pipeline.py
[2025-07-01T21:32:17.281+0000] {processor.py:208} INFO - Processing /opt/airflow/dags/driven_data_pipeline.py took 0.089 seconds
[2025-07-01T21:32:47.661+0000] {processor.py:186} INFO - Started process (PID=286) to work on /opt/airflow/dags/driven_data_pipeline.py
[2025-07-01T21:32:47.664+0000] {processor.py:914} INFO - Processing file /opt/airflow/dags/driven_data_pipeline.py for tasks to queue
[2025-07-01T21:32:47.670+0000] {logging_mixin.py:190} INFO - [2025-07-01T21:32:47.669+0000] {dagbag.py:588} INFO - Filling up the DagBag from /opt/airflow/dags/driven_data_pipeline.py
[2025-07-01T21:32:47.717+0000] {logging_mixin.py:190} INFO - [2025-07-01T21:32:47.700+0000] {dagbag.py:387} ERROR - Failed to import: /opt/airflow/dags/driven_data_pipeline.py
Traceback (most recent call last):
  File "/home/airflow/.local/lib/python3.12/site-packages/airflow/models/dagbag.py", line 383, in parse
    loader.exec_module(new_module)
  File "<frozen importlib._bootstrap_external>", line 995, in exec_module
  File "<frozen importlib._bootstrap>", line 488, in _call_with_frames_removed
  File "/opt/airflow/dags/driven_data_pipeline.py", line 11, in <module>
    import polars as pl
ModuleNotFoundError: No module named 'polars'
[2025-07-01T21:32:47.722+0000] {processor.py:927} WARNING - No viable dags retrieved from /opt/airflow/dags/driven_data_pipeline.py
[2025-07-01T21:32:47.775+0000] {processor.py:208} INFO - Processing /opt/airflow/dags/driven_data_pipeline.py took 0.130 seconds
[2025-07-01T21:33:18.101+0000] {processor.py:186} INFO - Started process (PID=293) to work on /opt/airflow/dags/driven_data_pipeline.py
[2025-07-01T21:33:18.103+0000] {processor.py:914} INFO - Processing file /opt/airflow/dags/driven_data_pipeline.py for tasks to queue
[2025-07-01T21:33:18.113+0000] {logging_mixin.py:190} INFO - [2025-07-01T21:33:18.111+0000] {dagbag.py:588} INFO - Filling up the DagBag from /opt/airflow/dags/driven_data_pipeline.py
[2025-07-01T21:33:18.197+0000] {logging_mixin.py:190} INFO - [2025-07-01T21:33:18.185+0000] {dagbag.py:387} ERROR - Failed to import: /opt/airflow/dags/driven_data_pipeline.py
Traceback (most recent call last):
  File "/home/airflow/.local/lib/python3.12/site-packages/airflow/models/dagbag.py", line 383, in parse
    loader.exec_module(new_module)
  File "<frozen importlib._bootstrap_external>", line 995, in exec_module
  File "<frozen importlib._bootstrap>", line 488, in _call_with_frames_removed
  File "/opt/airflow/dags/driven_data_pipeline.py", line 11, in <module>
    import polars as pl
ModuleNotFoundError: No module named 'polars'
[2025-07-01T21:33:18.201+0000] {processor.py:927} WARNING - No viable dags retrieved from /opt/airflow/dags/driven_data_pipeline.py
[2025-07-01T21:33:18.253+0000] {processor.py:208} INFO - Processing /opt/airflow/dags/driven_data_pipeline.py took 0.168 seconds
[2025-07-01T21:33:48.550+0000] {processor.py:186} INFO - Started process (PID=300) to work on /opt/airflow/dags/driven_data_pipeline.py
[2025-07-01T21:33:48.552+0000] {processor.py:914} INFO - Processing file /opt/airflow/dags/driven_data_pipeline.py for tasks to queue
[2025-07-01T21:33:48.557+0000] {logging_mixin.py:190} INFO - [2025-07-01T21:33:48.557+0000] {dagbag.py:588} INFO - Filling up the DagBag from /opt/airflow/dags/driven_data_pipeline.py
[2025-07-01T21:33:48.601+0000] {logging_mixin.py:190} INFO - [2025-07-01T21:33:48.592+0000] {dagbag.py:387} ERROR - Failed to import: /opt/airflow/dags/driven_data_pipeline.py
Traceback (most recent call last):
  File "/home/airflow/.local/lib/python3.12/site-packages/airflow/models/dagbag.py", line 383, in parse
    loader.exec_module(new_module)
  File "<frozen importlib._bootstrap_external>", line 995, in exec_module
  File "<frozen importlib._bootstrap>", line 488, in _call_with_frames_removed
  File "/opt/airflow/dags/driven_data_pipeline.py", line 11, in <module>
    import polars as pl
ModuleNotFoundError: No module named 'polars'
[2025-07-01T21:33:48.604+0000] {processor.py:927} WARNING - No viable dags retrieved from /opt/airflow/dags/driven_data_pipeline.py
[2025-07-01T21:33:48.644+0000] {processor.py:208} INFO - Processing /opt/airflow/dags/driven_data_pipeline.py took 0.105 seconds
[2025-07-01T21:34:19.108+0000] {processor.py:186} INFO - Started process (PID=307) to work on /opt/airflow/dags/driven_data_pipeline.py
[2025-07-01T21:34:19.110+0000] {processor.py:914} INFO - Processing file /opt/airflow/dags/driven_data_pipeline.py for tasks to queue
[2025-07-01T21:34:19.115+0000] {logging_mixin.py:190} INFO - [2025-07-01T21:34:19.115+0000] {dagbag.py:588} INFO - Filling up the DagBag from /opt/airflow/dags/driven_data_pipeline.py
[2025-07-01T21:34:19.149+0000] {logging_mixin.py:190} INFO - [2025-07-01T21:34:19.142+0000] {dagbag.py:387} ERROR - Failed to import: /opt/airflow/dags/driven_data_pipeline.py
Traceback (most recent call last):
  File "/home/airflow/.local/lib/python3.12/site-packages/airflow/models/dagbag.py", line 383, in parse
    loader.exec_module(new_module)
  File "<frozen importlib._bootstrap_external>", line 995, in exec_module
  File "<frozen importlib._bootstrap>", line 488, in _call_with_frames_removed
  File "/opt/airflow/dags/driven_data_pipeline.py", line 11, in <module>
    import polars as pl
ModuleNotFoundError: No module named 'polars'
[2025-07-01T21:34:19.152+0000] {processor.py:927} WARNING - No viable dags retrieved from /opt/airflow/dags/driven_data_pipeline.py
[2025-07-01T21:34:19.184+0000] {processor.py:208} INFO - Processing /opt/airflow/dags/driven_data_pipeline.py took 0.086 seconds
[2025-07-01T21:34:49.662+0000] {processor.py:186} INFO - Started process (PID=314) to work on /opt/airflow/dags/driven_data_pipeline.py
[2025-07-01T21:34:49.664+0000] {processor.py:914} INFO - Processing file /opt/airflow/dags/driven_data_pipeline.py for tasks to queue
[2025-07-01T21:34:49.668+0000] {logging_mixin.py:190} INFO - [2025-07-01T21:34:49.668+0000] {dagbag.py:588} INFO - Filling up the DagBag from /opt/airflow/dags/driven_data_pipeline.py
[2025-07-01T21:34:49.713+0000] {logging_mixin.py:190} INFO - [2025-07-01T21:34:49.705+0000] {dagbag.py:387} ERROR - Failed to import: /opt/airflow/dags/driven_data_pipeline.py
Traceback (most recent call last):
  File "/home/airflow/.local/lib/python3.12/site-packages/airflow/models/dagbag.py", line 383, in parse
    loader.exec_module(new_module)
  File "<frozen importlib._bootstrap_external>", line 995, in exec_module
  File "<frozen importlib._bootstrap>", line 488, in _call_with_frames_removed
  File "/opt/airflow/dags/driven_data_pipeline.py", line 11, in <module>
    import polars as pl
ModuleNotFoundError: No module named 'polars'
[2025-07-01T21:34:49.715+0000] {processor.py:927} WARNING - No viable dags retrieved from /opt/airflow/dags/driven_data_pipeline.py
[2025-07-01T21:34:49.801+0000] {processor.py:208} INFO - Processing /opt/airflow/dags/driven_data_pipeline.py took 0.149 seconds
[2025-07-01T21:35:20.063+0000] {processor.py:186} INFO - Started process (PID=321) to work on /opt/airflow/dags/driven_data_pipeline.py
[2025-07-01T21:35:20.066+0000] {processor.py:914} INFO - Processing file /opt/airflow/dags/driven_data_pipeline.py for tasks to queue
[2025-07-01T21:35:20.073+0000] {logging_mixin.py:190} INFO - [2025-07-01T21:35:20.072+0000] {dagbag.py:588} INFO - Filling up the DagBag from /opt/airflow/dags/driven_data_pipeline.py
[2025-07-01T21:35:20.116+0000] {logging_mixin.py:190} INFO - [2025-07-01T21:35:20.108+0000] {dagbag.py:387} ERROR - Failed to import: /opt/airflow/dags/driven_data_pipeline.py
Traceback (most recent call last):
  File "/home/airflow/.local/lib/python3.12/site-packages/airflow/models/dagbag.py", line 383, in parse
    loader.exec_module(new_module)
  File "<frozen importlib._bootstrap_external>", line 995, in exec_module
  File "<frozen importlib._bootstrap>", line 488, in _call_with_frames_removed
  File "/opt/airflow/dags/driven_data_pipeline.py", line 11, in <module>
    import polars as pl
ModuleNotFoundError: No module named 'polars'
[2025-07-01T21:35:20.121+0000] {processor.py:927} WARNING - No viable dags retrieved from /opt/airflow/dags/driven_data_pipeline.py
[2025-07-01T21:35:20.164+0000] {processor.py:208} INFO - Processing /opt/airflow/dags/driven_data_pipeline.py took 0.114 seconds
[2025-07-01T21:35:50.579+0000] {processor.py:186} INFO - Started process (PID=328) to work on /opt/airflow/dags/driven_data_pipeline.py
[2025-07-01T21:35:50.581+0000] {processor.py:914} INFO - Processing file /opt/airflow/dags/driven_data_pipeline.py for tasks to queue
[2025-07-01T21:35:50.586+0000] {logging_mixin.py:190} INFO - [2025-07-01T21:35:50.586+0000] {dagbag.py:588} INFO - Filling up the DagBag from /opt/airflow/dags/driven_data_pipeline.py
[2025-07-01T21:35:50.621+0000] {logging_mixin.py:190} INFO - [2025-07-01T21:35:50.614+0000] {dagbag.py:387} ERROR - Failed to import: /opt/airflow/dags/driven_data_pipeline.py
Traceback (most recent call last):
  File "/home/airflow/.local/lib/python3.12/site-packages/airflow/models/dagbag.py", line 383, in parse
    loader.exec_module(new_module)
  File "<frozen importlib._bootstrap_external>", line 995, in exec_module
  File "<frozen importlib._bootstrap>", line 488, in _call_with_frames_removed
  File "/opt/airflow/dags/driven_data_pipeline.py", line 11, in <module>
    import polars as pl
ModuleNotFoundError: No module named 'polars'
[2025-07-01T21:35:50.624+0000] {processor.py:927} WARNING - No viable dags retrieved from /opt/airflow/dags/driven_data_pipeline.py
[2025-07-01T21:35:50.655+0000] {processor.py:208} INFO - Processing /opt/airflow/dags/driven_data_pipeline.py took 0.086 seconds
[2025-07-01T21:36:20.941+0000] {processor.py:186} INFO - Started process (PID=335) to work on /opt/airflow/dags/driven_data_pipeline.py
[2025-07-01T21:36:20.943+0000] {processor.py:914} INFO - Processing file /opt/airflow/dags/driven_data_pipeline.py for tasks to queue
[2025-07-01T21:36:20.948+0000] {logging_mixin.py:190} INFO - [2025-07-01T21:36:20.948+0000] {dagbag.py:588} INFO - Filling up the DagBag from /opt/airflow/dags/driven_data_pipeline.py
[2025-07-01T21:36:20.983+0000] {logging_mixin.py:190} INFO - [2025-07-01T21:36:20.977+0000] {dagbag.py:387} ERROR - Failed to import: /opt/airflow/dags/driven_data_pipeline.py
Traceback (most recent call last):
  File "/home/airflow/.local/lib/python3.12/site-packages/airflow/models/dagbag.py", line 383, in parse
    loader.exec_module(new_module)
  File "<frozen importlib._bootstrap_external>", line 995, in exec_module
  File "<frozen importlib._bootstrap>", line 488, in _call_with_frames_removed
  File "/opt/airflow/dags/driven_data_pipeline.py", line 11, in <module>
    import polars as pl
ModuleNotFoundError: No module named 'polars'
[2025-07-01T21:36:20.985+0000] {processor.py:927} WARNING - No viable dags retrieved from /opt/airflow/dags/driven_data_pipeline.py
[2025-07-01T21:36:21.015+0000] {processor.py:208} INFO - Processing /opt/airflow/dags/driven_data_pipeline.py took 0.084 seconds
[2025-07-01T21:36:46.319+0000] {processor.py:186} INFO - Started process (PID=342) to work on /opt/airflow/dags/driven_data_pipeline.py
[2025-07-01T21:36:46.322+0000] {processor.py:914} INFO - Processing file /opt/airflow/dags/driven_data_pipeline.py for tasks to queue
[2025-07-01T21:36:46.327+0000] {logging_mixin.py:190} INFO - [2025-07-01T21:36:46.326+0000] {dagbag.py:588} INFO - Filling up the DagBag from /opt/airflow/dags/driven_data_pipeline.py
[2025-07-01T21:36:46.414+0000] {logging_mixin.py:190} INFO - [2025-07-01T21:36:46.382+0000] {dagbag.py:387} ERROR - Failed to import: /opt/airflow/dags/driven_data_pipeline.py
Traceback (most recent call last):
  File "/home/airflow/.local/lib/python3.12/site-packages/airflow/models/dagbag.py", line 383, in parse
    loader.exec_module(new_module)
  File "<frozen importlib._bootstrap_external>", line 995, in exec_module
  File "<frozen importlib._bootstrap>", line 488, in _call_with_frames_removed
  File "/opt/airflow/dags/driven_data_pipeline.py", line 19, in <module>
    start_date=datetime(2024, 9, 22),
               ^^^^^^^^
NameError: name 'datetime' is not defined. Did you forget to import 'datetime'
[2025-07-01T21:36:46.431+0000] {processor.py:927} WARNING - No viable dags retrieved from /opt/airflow/dags/driven_data_pipeline.py
[2025-07-01T21:36:46.492+0000] {processor.py:208} INFO - Processing /opt/airflow/dags/driven_data_pipeline.py took 0.183 seconds
[2025-07-01T21:37:16.864+0000] {processor.py:186} INFO - Started process (PID=349) to work on /opt/airflow/dags/driven_data_pipeline.py
[2025-07-01T21:37:16.879+0000] {processor.py:914} INFO - Processing file /opt/airflow/dags/driven_data_pipeline.py for tasks to queue
[2025-07-01T21:37:16.902+0000] {logging_mixin.py:190} INFO - [2025-07-01T21:37:16.898+0000] {dagbag.py:588} INFO - Filling up the DagBag from /opt/airflow/dags/driven_data_pipeline.py
[2025-07-01T21:37:16.950+0000] {logging_mixin.py:190} INFO - [2025-07-01T21:37:16.942+0000] {dagbag.py:387} ERROR - Failed to import: /opt/airflow/dags/driven_data_pipeline.py
Traceback (most recent call last):
  File "/home/airflow/.local/lib/python3.12/site-packages/airflow/models/dagbag.py", line 383, in parse
    loader.exec_module(new_module)
  File "<frozen importlib._bootstrap_external>", line 995, in exec_module
  File "<frozen importlib._bootstrap>", line 488, in _call_with_frames_removed
  File "/opt/airflow/dags/driven_data_pipeline.py", line 19, in <module>
    start_date=datetime(2024, 9, 22),
               ^^^^^^^^
NameError: name 'datetime' is not defined. Did you forget to import 'datetime'
[2025-07-01T21:37:16.955+0000] {processor.py:927} WARNING - No viable dags retrieved from /opt/airflow/dags/driven_data_pipeline.py
[2025-07-01T21:37:16.993+0000] {processor.py:208} INFO - Processing /opt/airflow/dags/driven_data_pipeline.py took 0.140 seconds
[2025-07-01T21:37:47.272+0000] {processor.py:186} INFO - Started process (PID=357) to work on /opt/airflow/dags/driven_data_pipeline.py
[2025-07-01T21:37:47.274+0000] {processor.py:914} INFO - Processing file /opt/airflow/dags/driven_data_pipeline.py for tasks to queue
[2025-07-01T21:37:47.280+0000] {logging_mixin.py:190} INFO - [2025-07-01T21:37:47.279+0000] {dagbag.py:588} INFO - Filling up the DagBag from /opt/airflow/dags/driven_data_pipeline.py
[2025-07-01T21:37:47.316+0000] {logging_mixin.py:190} INFO - [2025-07-01T21:37:47.306+0000] {dagbag.py:387} ERROR - Failed to import: /opt/airflow/dags/driven_data_pipeline.py
Traceback (most recent call last):
  File "/home/airflow/.local/lib/python3.12/site-packages/airflow/models/dagbag.py", line 383, in parse
    loader.exec_module(new_module)
  File "<frozen importlib._bootstrap_external>", line 995, in exec_module
  File "<frozen importlib._bootstrap>", line 488, in _call_with_frames_removed
  File "/opt/airflow/dags/driven_data_pipeline.py", line 19, in <module>
    start_date=datetime(2024, 9, 22),
               ^^^^^^^^
NameError: name 'datetime' is not defined. Did you forget to import 'datetime'
[2025-07-01T21:37:47.321+0000] {processor.py:927} WARNING - No viable dags retrieved from /opt/airflow/dags/driven_data_pipeline.py
[2025-07-01T21:37:47.360+0000] {processor.py:208} INFO - Processing /opt/airflow/dags/driven_data_pipeline.py took 0.100 seconds
[2025-07-01T21:38:17.792+0000] {processor.py:186} INFO - Started process (PID=364) to work on /opt/airflow/dags/driven_data_pipeline.py
[2025-07-01T21:38:17.794+0000] {processor.py:914} INFO - Processing file /opt/airflow/dags/driven_data_pipeline.py for tasks to queue
[2025-07-01T21:38:17.799+0000] {logging_mixin.py:190} INFO - [2025-07-01T21:38:17.798+0000] {dagbag.py:588} INFO - Filling up the DagBag from /opt/airflow/dags/driven_data_pipeline.py
[2025-07-01T21:38:17.836+0000] {logging_mixin.py:190} INFO - [2025-07-01T21:38:17.828+0000] {dagbag.py:387} ERROR - Failed to import: /opt/airflow/dags/driven_data_pipeline.py
Traceback (most recent call last):
  File "/home/airflow/.local/lib/python3.12/site-packages/airflow/models/dagbag.py", line 383, in parse
    loader.exec_module(new_module)
  File "<frozen importlib._bootstrap_external>", line 995, in exec_module
  File "<frozen importlib._bootstrap>", line 488, in _call_with_frames_removed
  File "/opt/airflow/dags/driven_data_pipeline.py", line 19, in <module>
    start_date=datetime(2024, 9, 22),
               ^^^^^^^^
NameError: name 'datetime' is not defined. Did you forget to import 'datetime'
[2025-07-01T21:38:17.842+0000] {processor.py:927} WARNING - No viable dags retrieved from /opt/airflow/dags/driven_data_pipeline.py
[2025-07-01T21:38:17.872+0000] {processor.py:208} INFO - Processing /opt/airflow/dags/driven_data_pipeline.py took 0.089 seconds
[2025-07-01T21:38:48.193+0000] {processor.py:186} INFO - Started process (PID=372) to work on /opt/airflow/dags/driven_data_pipeline.py
[2025-07-01T21:38:48.195+0000] {processor.py:914} INFO - Processing file /opt/airflow/dags/driven_data_pipeline.py for tasks to queue
[2025-07-01T21:38:48.201+0000] {logging_mixin.py:190} INFO - [2025-07-01T21:38:48.200+0000] {dagbag.py:588} INFO - Filling up the DagBag from /opt/airflow/dags/driven_data_pipeline.py
[2025-07-01T21:38:48.242+0000] {logging_mixin.py:190} INFO - [2025-07-01T21:38:48.232+0000] {dagbag.py:387} ERROR - Failed to import: /opt/airflow/dags/driven_data_pipeline.py
Traceback (most recent call last):
  File "/home/airflow/.local/lib/python3.12/site-packages/airflow/models/dagbag.py", line 383, in parse
    loader.exec_module(new_module)
  File "<frozen importlib._bootstrap_external>", line 995, in exec_module
  File "<frozen importlib._bootstrap>", line 488, in _call_with_frames_removed
  File "/opt/airflow/dags/driven_data_pipeline.py", line 19, in <module>
    start_date=datetime(2024, 9, 22),
               ^^^^^^^^
NameError: name 'datetime' is not defined. Did you forget to import 'datetime'
[2025-07-01T21:38:48.247+0000] {processor.py:927} WARNING - No viable dags retrieved from /opt/airflow/dags/driven_data_pipeline.py
[2025-07-01T21:38:48.280+0000] {processor.py:208} INFO - Processing /opt/airflow/dags/driven_data_pipeline.py took 0.099 seconds
[2025-07-01T21:39:18.664+0000] {processor.py:186} INFO - Started process (PID=379) to work on /opt/airflow/dags/driven_data_pipeline.py
[2025-07-01T21:39:18.679+0000] {processor.py:914} INFO - Processing file /opt/airflow/dags/driven_data_pipeline.py for tasks to queue
[2025-07-01T21:39:18.698+0000] {logging_mixin.py:190} INFO - [2025-07-01T21:39:18.696+0000] {dagbag.py:588} INFO - Filling up the DagBag from /opt/airflow/dags/driven_data_pipeline.py
[2025-07-01T21:39:18.754+0000] {logging_mixin.py:190} INFO - [2025-07-01T21:39:18.745+0000] {dagbag.py:387} ERROR - Failed to import: /opt/airflow/dags/driven_data_pipeline.py
Traceback (most recent call last):
  File "/home/airflow/.local/lib/python3.12/site-packages/airflow/models/dagbag.py", line 383, in parse
    loader.exec_module(new_module)
  File "<frozen importlib._bootstrap_external>", line 995, in exec_module
  File "<frozen importlib._bootstrap>", line 488, in _call_with_frames_removed
  File "/opt/airflow/dags/driven_data_pipeline.py", line 19, in <module>
    start_date=datetime(2024, 9, 22),
               ^^^^^^^^
NameError: name 'datetime' is not defined. Did you forget to import 'datetime'
[2025-07-01T21:39:18.761+0000] {processor.py:927} WARNING - No viable dags retrieved from /opt/airflow/dags/driven_data_pipeline.py
[2025-07-01T21:39:18.798+0000] {processor.py:208} INFO - Processing /opt/airflow/dags/driven_data_pipeline.py took 0.159 seconds
[2025-07-01T21:39:49.038+0000] {processor.py:186} INFO - Started process (PID=386) to work on /opt/airflow/dags/driven_data_pipeline.py
[2025-07-01T21:39:49.040+0000] {processor.py:914} INFO - Processing file /opt/airflow/dags/driven_data_pipeline.py for tasks to queue
[2025-07-01T21:39:49.047+0000] {logging_mixin.py:190} INFO - [2025-07-01T21:39:49.046+0000] {dagbag.py:588} INFO - Filling up the DagBag from /opt/airflow/dags/driven_data_pipeline.py
[2025-07-01T21:39:49.093+0000] {logging_mixin.py:190} INFO - [2025-07-01T21:39:49.082+0000] {dagbag.py:387} ERROR - Failed to import: /opt/airflow/dags/driven_data_pipeline.py
Traceback (most recent call last):
  File "/home/airflow/.local/lib/python3.12/site-packages/airflow/models/dagbag.py", line 383, in parse
    loader.exec_module(new_module)
  File "<frozen importlib._bootstrap_external>", line 995, in exec_module
  File "<frozen importlib._bootstrap>", line 488, in _call_with_frames_removed
  File "/opt/airflow/dags/driven_data_pipeline.py", line 19, in <module>
    start_date=datetime(2024, 9, 22),
               ^^^^^^^^
NameError: name 'datetime' is not defined. Did you forget to import 'datetime'
[2025-07-01T21:39:49.099+0000] {processor.py:927} WARNING - No viable dags retrieved from /opt/airflow/dags/driven_data_pipeline.py
[2025-07-01T21:39:49.136+0000] {processor.py:208} INFO - Processing /opt/airflow/dags/driven_data_pipeline.py took 0.108 seconds
[2025-07-01T21:40:19.513+0000] {processor.py:186} INFO - Started process (PID=393) to work on /opt/airflow/dags/driven_data_pipeline.py
[2025-07-01T21:40:19.516+0000] {processor.py:914} INFO - Processing file /opt/airflow/dags/driven_data_pipeline.py for tasks to queue
[2025-07-01T21:40:19.521+0000] {logging_mixin.py:190} INFO - [2025-07-01T21:40:19.521+0000] {dagbag.py:588} INFO - Filling up the DagBag from /opt/airflow/dags/driven_data_pipeline.py
[2025-07-01T21:40:19.570+0000] {logging_mixin.py:190} INFO - [2025-07-01T21:40:19.554+0000] {dagbag.py:387} ERROR - Failed to import: /opt/airflow/dags/driven_data_pipeline.py
Traceback (most recent call last):
  File "/home/airflow/.local/lib/python3.12/site-packages/airflow/models/dagbag.py", line 383, in parse
    loader.exec_module(new_module)
  File "<frozen importlib._bootstrap_external>", line 995, in exec_module
  File "<frozen importlib._bootstrap>", line 488, in _call_with_frames_removed
  File "/opt/airflow/dags/driven_data_pipeline.py", line 19, in <module>
    start_date=datetime(2024, 9, 22),
               ^^^^^^^^
NameError: name 'datetime' is not defined. Did you forget to import 'datetime'
[2025-07-01T21:40:19.578+0000] {processor.py:927} WARNING - No viable dags retrieved from /opt/airflow/dags/driven_data_pipeline.py
[2025-07-01T21:40:19.624+0000] {processor.py:208} INFO - Processing /opt/airflow/dags/driven_data_pipeline.py took 0.128 seconds
[2025-07-01T21:40:49.885+0000] {processor.py:186} INFO - Started process (PID=400) to work on /opt/airflow/dags/driven_data_pipeline.py
[2025-07-01T21:40:49.892+0000] {processor.py:914} INFO - Processing file /opt/airflow/dags/driven_data_pipeline.py for tasks to queue
[2025-07-01T21:40:49.899+0000] {logging_mixin.py:190} INFO - [2025-07-01T21:40:49.898+0000] {dagbag.py:588} INFO - Filling up the DagBag from /opt/airflow/dags/driven_data_pipeline.py
[2025-07-01T21:40:49.944+0000] {logging_mixin.py:190} INFO - [2025-07-01T21:40:49.934+0000] {dagbag.py:387} ERROR - Failed to import: /opt/airflow/dags/driven_data_pipeline.py
Traceback (most recent call last):
  File "/home/airflow/.local/lib/python3.12/site-packages/airflow/models/dagbag.py", line 383, in parse
    loader.exec_module(new_module)
  File "<frozen importlib._bootstrap_external>", line 995, in exec_module
  File "<frozen importlib._bootstrap>", line 488, in _call_with_frames_removed
  File "/opt/airflow/dags/driven_data_pipeline.py", line 19, in <module>
    start_date=datetime(2024, 9, 22),
               ^^^^^^^^
NameError: name 'datetime' is not defined. Did you forget to import 'datetime'
[2025-07-01T21:40:49.950+0000] {processor.py:927} WARNING - No viable dags retrieved from /opt/airflow/dags/driven_data_pipeline.py
[2025-07-01T21:40:49.983+0000] {processor.py:208} INFO - Processing /opt/airflow/dags/driven_data_pipeline.py took 0.110 seconds
[2025-07-01T21:41:20.380+0000] {processor.py:186} INFO - Started process (PID=407) to work on /opt/airflow/dags/driven_data_pipeline.py
[2025-07-01T21:41:20.384+0000] {processor.py:914} INFO - Processing file /opt/airflow/dags/driven_data_pipeline.py for tasks to queue
[2025-07-01T21:41:20.391+0000] {logging_mixin.py:190} INFO - [2025-07-01T21:41:20.390+0000] {dagbag.py:588} INFO - Filling up the DagBag from /opt/airflow/dags/driven_data_pipeline.py
[2025-07-01T21:41:20.424+0000] {logging_mixin.py:190} INFO - [2025-07-01T21:41:20.415+0000] {dagbag.py:387} ERROR - Failed to import: /opt/airflow/dags/driven_data_pipeline.py
Traceback (most recent call last):
  File "/home/airflow/.local/lib/python3.12/site-packages/airflow/models/dagbag.py", line 383, in parse
    loader.exec_module(new_module)
  File "<frozen importlib._bootstrap_external>", line 995, in exec_module
  File "<frozen importlib._bootstrap>", line 488, in _call_with_frames_removed
  File "/opt/airflow/dags/driven_data_pipeline.py", line 19, in <module>
    start_date=datetime(2024, 9, 22),
               ^^^^^^^^
NameError: name 'datetime' is not defined. Did you forget to import 'datetime'
[2025-07-01T21:41:20.429+0000] {processor.py:927} WARNING - No viable dags retrieved from /opt/airflow/dags/driven_data_pipeline.py
[2025-07-01T21:41:20.465+0000] {processor.py:208} INFO - Processing /opt/airflow/dags/driven_data_pipeline.py took 0.095 seconds
[2025-07-01T21:41:50.860+0000] {processor.py:186} INFO - Started process (PID=414) to work on /opt/airflow/dags/driven_data_pipeline.py
[2025-07-01T21:41:50.865+0000] {processor.py:914} INFO - Processing file /opt/airflow/dags/driven_data_pipeline.py for tasks to queue
[2025-07-01T21:41:50.872+0000] {logging_mixin.py:190} INFO - [2025-07-01T21:41:50.871+0000] {dagbag.py:588} INFO - Filling up the DagBag from /opt/airflow/dags/driven_data_pipeline.py
[2025-07-01T21:41:50.941+0000] {logging_mixin.py:190} INFO - [2025-07-01T21:41:50.933+0000] {dagbag.py:387} ERROR - Failed to import: /opt/airflow/dags/driven_data_pipeline.py
Traceback (most recent call last):
  File "/home/airflow/.local/lib/python3.12/site-packages/airflow/models/dagbag.py", line 383, in parse
    loader.exec_module(new_module)
  File "<frozen importlib._bootstrap_external>", line 995, in exec_module
  File "<frozen importlib._bootstrap>", line 488, in _call_with_frames_removed
  File "/opt/airflow/dags/driven_data_pipeline.py", line 19, in <module>
    start_date=datetime(2024, 9, 22),
               ^^^^^^^^
NameError: name 'datetime' is not defined. Did you forget to import 'datetime'
[2025-07-01T21:41:50.947+0000] {processor.py:927} WARNING - No viable dags retrieved from /opt/airflow/dags/driven_data_pipeline.py
[2025-07-01T21:41:50.981+0000] {processor.py:208} INFO - Processing /opt/airflow/dags/driven_data_pipeline.py took 0.142 seconds
[2025-07-01T21:42:21.310+0000] {processor.py:186} INFO - Started process (PID=421) to work on /opt/airflow/dags/driven_data_pipeline.py
[2025-07-01T21:42:21.312+0000] {processor.py:914} INFO - Processing file /opt/airflow/dags/driven_data_pipeline.py for tasks to queue
[2025-07-01T21:42:21.318+0000] {logging_mixin.py:190} INFO - [2025-07-01T21:42:21.317+0000] {dagbag.py:588} INFO - Filling up the DagBag from /opt/airflow/dags/driven_data_pipeline.py
[2025-07-01T21:42:21.350+0000] {logging_mixin.py:190} INFO - [2025-07-01T21:42:21.342+0000] {dagbag.py:387} ERROR - Failed to import: /opt/airflow/dags/driven_data_pipeline.py
Traceback (most recent call last):
  File "/home/airflow/.local/lib/python3.12/site-packages/airflow/models/dagbag.py", line 383, in parse
    loader.exec_module(new_module)
  File "<frozen importlib._bootstrap_external>", line 995, in exec_module
  File "<frozen importlib._bootstrap>", line 488, in _call_with_frames_removed
  File "/opt/airflow/dags/driven_data_pipeline.py", line 19, in <module>
    start_date=datetime(2024, 9, 22),
               ^^^^^^^^
NameError: name 'datetime' is not defined. Did you forget to import 'datetime'
[2025-07-01T21:42:21.356+0000] {processor.py:927} WARNING - No viable dags retrieved from /opt/airflow/dags/driven_data_pipeline.py
[2025-07-01T21:42:21.391+0000] {processor.py:208} INFO - Processing /opt/airflow/dags/driven_data_pipeline.py took 0.089 seconds
[2025-07-01T21:42:51.697+0000] {processor.py:186} INFO - Started process (PID=428) to work on /opt/airflow/dags/driven_data_pipeline.py
[2025-07-01T21:42:51.699+0000] {processor.py:914} INFO - Processing file /opt/airflow/dags/driven_data_pipeline.py for tasks to queue
[2025-07-01T21:42:51.705+0000] {logging_mixin.py:190} INFO - [2025-07-01T21:42:51.704+0000] {dagbag.py:588} INFO - Filling up the DagBag from /opt/airflow/dags/driven_data_pipeline.py
[2025-07-01T21:42:51.742+0000] {logging_mixin.py:190} INFO - [2025-07-01T21:42:51.732+0000] {dagbag.py:387} ERROR - Failed to import: /opt/airflow/dags/driven_data_pipeline.py
Traceback (most recent call last):
  File "/home/airflow/.local/lib/python3.12/site-packages/airflow/models/dagbag.py", line 383, in parse
    loader.exec_module(new_module)
  File "<frozen importlib._bootstrap_external>", line 995, in exec_module
  File "<frozen importlib._bootstrap>", line 488, in _call_with_frames_removed
  File "/opt/airflow/dags/driven_data_pipeline.py", line 19, in <module>
    start_date=datetime(2024, 9, 22),
               ^^^^^^^^
NameError: name 'datetime' is not defined. Did you forget to import 'datetime'
[2025-07-01T21:42:51.748+0000] {processor.py:927} WARNING - No viable dags retrieved from /opt/airflow/dags/driven_data_pipeline.py
[2025-07-01T21:42:51.784+0000] {processor.py:208} INFO - Processing /opt/airflow/dags/driven_data_pipeline.py took 0.097 seconds
[2025-07-01T21:43:22.169+0000] {processor.py:186} INFO - Started process (PID=435) to work on /opt/airflow/dags/driven_data_pipeline.py
[2025-07-01T21:43:22.172+0000] {processor.py:914} INFO - Processing file /opt/airflow/dags/driven_data_pipeline.py for tasks to queue
[2025-07-01T21:43:22.177+0000] {logging_mixin.py:190} INFO - [2025-07-01T21:43:22.176+0000] {dagbag.py:588} INFO - Filling up the DagBag from /opt/airflow/dags/driven_data_pipeline.py
[2025-07-01T21:43:22.213+0000] {logging_mixin.py:190} INFO - [2025-07-01T21:43:22.204+0000] {dagbag.py:387} ERROR - Failed to import: /opt/airflow/dags/driven_data_pipeline.py
Traceback (most recent call last):
  File "/home/airflow/.local/lib/python3.12/site-packages/airflow/models/dagbag.py", line 383, in parse
    loader.exec_module(new_module)
  File "<frozen importlib._bootstrap_external>", line 995, in exec_module
  File "<frozen importlib._bootstrap>", line 488, in _call_with_frames_removed
  File "/opt/airflow/dags/driven_data_pipeline.py", line 19, in <module>
    start_date=datetime(2024, 9, 22),
               ^^^^^^^^
NameError: name 'datetime' is not defined. Did you forget to import 'datetime'
[2025-07-01T21:43:22.219+0000] {processor.py:927} WARNING - No viable dags retrieved from /opt/airflow/dags/driven_data_pipeline.py
[2025-07-01T21:43:22.248+0000] {processor.py:208} INFO - Processing /opt/airflow/dags/driven_data_pipeline.py took 0.086 seconds
[2025-07-01T21:43:52.545+0000] {processor.py:186} INFO - Started process (PID=442) to work on /opt/airflow/dags/driven_data_pipeline.py
[2025-07-01T21:43:52.547+0000] {processor.py:914} INFO - Processing file /opt/airflow/dags/driven_data_pipeline.py for tasks to queue
[2025-07-01T21:43:52.552+0000] {logging_mixin.py:190} INFO - [2025-07-01T21:43:52.551+0000] {dagbag.py:588} INFO - Filling up the DagBag from /opt/airflow/dags/driven_data_pipeline.py
[2025-07-01T21:43:52.594+0000] {logging_mixin.py:190} INFO - [2025-07-01T21:43:52.585+0000] {dagbag.py:387} ERROR - Failed to import: /opt/airflow/dags/driven_data_pipeline.py
Traceback (most recent call last):
  File "/home/airflow/.local/lib/python3.12/site-packages/airflow/models/dagbag.py", line 383, in parse
    loader.exec_module(new_module)
  File "<frozen importlib._bootstrap_external>", line 995, in exec_module
  File "<frozen importlib._bootstrap>", line 488, in _call_with_frames_removed
  File "/opt/airflow/dags/driven_data_pipeline.py", line 19, in <module>
    start_date=datetime(2024, 9, 22),
               ^^^^^^^^
NameError: name 'datetime' is not defined. Did you forget to import 'datetime'
[2025-07-01T21:43:52.599+0000] {processor.py:927} WARNING - No viable dags retrieved from /opt/airflow/dags/driven_data_pipeline.py
[2025-07-01T21:43:52.634+0000] {processor.py:208} INFO - Processing /opt/airflow/dags/driven_data_pipeline.py took 0.103 seconds
[2025-07-01T21:44:22.995+0000] {processor.py:186} INFO - Started process (PID=449) to work on /opt/airflow/dags/driven_data_pipeline.py
[2025-07-01T21:44:22.998+0000] {processor.py:914} INFO - Processing file /opt/airflow/dags/driven_data_pipeline.py for tasks to queue
[2025-07-01T21:44:23.004+0000] {logging_mixin.py:190} INFO - [2025-07-01T21:44:23.004+0000] {dagbag.py:588} INFO - Filling up the DagBag from /opt/airflow/dags/driven_data_pipeline.py
[2025-07-01T21:44:23.063+0000] {logging_mixin.py:190} INFO - [2025-07-01T21:44:23.051+0000] {dagbag.py:387} ERROR - Failed to import: /opt/airflow/dags/driven_data_pipeline.py
Traceback (most recent call last):
  File "/home/airflow/.local/lib/python3.12/site-packages/airflow/models/dagbag.py", line 383, in parse
    loader.exec_module(new_module)
  File "<frozen importlib._bootstrap_external>", line 995, in exec_module
  File "<frozen importlib._bootstrap>", line 488, in _call_with_frames_removed
  File "/opt/airflow/dags/driven_data_pipeline.py", line 19, in <module>
    start_date=datetime(2024, 9, 22),
               ^^^^^^^^
NameError: name 'datetime' is not defined. Did you forget to import 'datetime'
[2025-07-01T21:44:23.070+0000] {processor.py:927} WARNING - No viable dags retrieved from /opt/airflow/dags/driven_data_pipeline.py
[2025-07-01T21:44:23.111+0000] {processor.py:208} INFO - Processing /opt/airflow/dags/driven_data_pipeline.py took 0.134 seconds
[2025-07-01T21:44:53.399+0000] {processor.py:186} INFO - Started process (PID=456) to work on /opt/airflow/dags/driven_data_pipeline.py
[2025-07-01T21:44:53.401+0000] {processor.py:914} INFO - Processing file /opt/airflow/dags/driven_data_pipeline.py for tasks to queue
[2025-07-01T21:44:53.407+0000] {logging_mixin.py:190} INFO - [2025-07-01T21:44:53.406+0000] {dagbag.py:588} INFO - Filling up the DagBag from /opt/airflow/dags/driven_data_pipeline.py
[2025-07-01T21:44:53.448+0000] {logging_mixin.py:190} INFO - [2025-07-01T21:44:53.438+0000] {dagbag.py:387} ERROR - Failed to import: /opt/airflow/dags/driven_data_pipeline.py
Traceback (most recent call last):
  File "/home/airflow/.local/lib/python3.12/site-packages/airflow/models/dagbag.py", line 383, in parse
    loader.exec_module(new_module)
  File "<frozen importlib._bootstrap_external>", line 995, in exec_module
  File "<frozen importlib._bootstrap>", line 488, in _call_with_frames_removed
  File "/opt/airflow/dags/driven_data_pipeline.py", line 19, in <module>
    start_date=datetime(2024, 9, 22),
               ^^^^^^^^
NameError: name 'datetime' is not defined. Did you forget to import 'datetime'
[2025-07-01T21:44:53.455+0000] {processor.py:927} WARNING - No viable dags retrieved from /opt/airflow/dags/driven_data_pipeline.py
[2025-07-01T21:44:53.491+0000] {processor.py:208} INFO - Processing /opt/airflow/dags/driven_data_pipeline.py took 0.101 seconds
[2025-07-01T21:45:23.791+0000] {processor.py:186} INFO - Started process (PID=463) to work on /opt/airflow/dags/driven_data_pipeline.py
[2025-07-01T21:45:23.793+0000] {processor.py:914} INFO - Processing file /opt/airflow/dags/driven_data_pipeline.py for tasks to queue
[2025-07-01T21:45:23.797+0000] {logging_mixin.py:190} INFO - [2025-07-01T21:45:23.796+0000] {dagbag.py:588} INFO - Filling up the DagBag from /opt/airflow/dags/driven_data_pipeline.py
[2025-07-01T21:45:23.861+0000] {logging_mixin.py:190} INFO - [2025-07-01T21:45:23.830+0000] {dagbag.py:387} ERROR - Failed to import: /opt/airflow/dags/driven_data_pipeline.py
Traceback (most recent call last):
  File "/home/airflow/.local/lib/python3.12/site-packages/airflow/models/dagbag.py", line 383, in parse
    loader.exec_module(new_module)
  File "<frozen importlib._bootstrap_external>", line 995, in exec_module
  File "<frozen importlib._bootstrap>", line 488, in _call_with_frames_removed
  File "/opt/airflow/dags/driven_data_pipeline.py", line 19, in <module>
    start_date=datetime(2024, 9, 22),
               ^^^^^^^^
NameError: name 'datetime' is not defined. Did you forget to import 'datetime'
[2025-07-01T21:45:23.876+0000] {processor.py:927} WARNING - No viable dags retrieved from /opt/airflow/dags/driven_data_pipeline.py
[2025-07-01T21:45:23.918+0000] {processor.py:208} INFO - Processing /opt/airflow/dags/driven_data_pipeline.py took 0.142 seconds
[2025-07-01T21:45:54.204+0000] {processor.py:186} INFO - Started process (PID=470) to work on /opt/airflow/dags/driven_data_pipeline.py
[2025-07-01T21:45:54.207+0000] {processor.py:914} INFO - Processing file /opt/airflow/dags/driven_data_pipeline.py for tasks to queue
[2025-07-01T21:45:54.213+0000] {logging_mixin.py:190} INFO - [2025-07-01T21:45:54.213+0000] {dagbag.py:588} INFO - Filling up the DagBag from /opt/airflow/dags/driven_data_pipeline.py
[2025-07-01T21:45:54.258+0000] {logging_mixin.py:190} INFO - [2025-07-01T21:45:54.249+0000] {dagbag.py:387} ERROR - Failed to import: /opt/airflow/dags/driven_data_pipeline.py
Traceback (most recent call last):
  File "/home/airflow/.local/lib/python3.12/site-packages/airflow/models/dagbag.py", line 383, in parse
    loader.exec_module(new_module)
  File "<frozen importlib._bootstrap_external>", line 995, in exec_module
  File "<frozen importlib._bootstrap>", line 488, in _call_with_frames_removed
  File "/opt/airflow/dags/driven_data_pipeline.py", line 19, in <module>
    start_date=datetime(2024, 9, 22),
               ^^^^^^^^
NameError: name 'datetime' is not defined. Did you forget to import 'datetime'
[2025-07-01T21:45:54.263+0000] {processor.py:927} WARNING - No viable dags retrieved from /opt/airflow/dags/driven_data_pipeline.py
[2025-07-01T21:45:54.307+0000] {processor.py:208} INFO - Processing /opt/airflow/dags/driven_data_pipeline.py took 0.116 seconds
[2025-07-01T21:46:24.711+0000] {processor.py:186} INFO - Started process (PID=477) to work on /opt/airflow/dags/driven_data_pipeline.py
[2025-07-01T21:46:24.714+0000] {processor.py:914} INFO - Processing file /opt/airflow/dags/driven_data_pipeline.py for tasks to queue
[2025-07-01T21:46:24.721+0000] {logging_mixin.py:190} INFO - [2025-07-01T21:46:24.720+0000] {dagbag.py:588} INFO - Filling up the DagBag from /opt/airflow/dags/driven_data_pipeline.py
[2025-07-01T21:46:24.763+0000] {logging_mixin.py:190} INFO - [2025-07-01T21:46:24.754+0000] {dagbag.py:387} ERROR - Failed to import: /opt/airflow/dags/driven_data_pipeline.py
Traceback (most recent call last):
  File "/home/airflow/.local/lib/python3.12/site-packages/airflow/models/dagbag.py", line 383, in parse
    loader.exec_module(new_module)
  File "<frozen importlib._bootstrap_external>", line 995, in exec_module
  File "<frozen importlib._bootstrap>", line 488, in _call_with_frames_removed
  File "/opt/airflow/dags/driven_data_pipeline.py", line 19, in <module>
    start_date=datetime(2024, 9, 22),
               ^^^^^^^^
NameError: name 'datetime' is not defined. Did you forget to import 'datetime'
[2025-07-01T21:46:24.768+0000] {processor.py:927} WARNING - No viable dags retrieved from /opt/airflow/dags/driven_data_pipeline.py
[2025-07-01T21:46:24.827+0000] {processor.py:208} INFO - Processing /opt/airflow/dags/driven_data_pipeline.py took 0.126 seconds
[2025-07-01T21:46:55.105+0000] {processor.py:186} INFO - Started process (PID=484) to work on /opt/airflow/dags/driven_data_pipeline.py
[2025-07-01T21:46:55.109+0000] {processor.py:914} INFO - Processing file /opt/airflow/dags/driven_data_pipeline.py for tasks to queue
[2025-07-01T21:46:55.117+0000] {logging_mixin.py:190} INFO - [2025-07-01T21:46:55.116+0000] {dagbag.py:588} INFO - Filling up the DagBag from /opt/airflow/dags/driven_data_pipeline.py
[2025-07-01T21:46:55.164+0000] {logging_mixin.py:190} INFO - [2025-07-01T21:46:55.154+0000] {dagbag.py:387} ERROR - Failed to import: /opt/airflow/dags/driven_data_pipeline.py
Traceback (most recent call last):
  File "/home/airflow/.local/lib/python3.12/site-packages/airflow/models/dagbag.py", line 383, in parse
    loader.exec_module(new_module)
  File "<frozen importlib._bootstrap_external>", line 995, in exec_module
  File "<frozen importlib._bootstrap>", line 488, in _call_with_frames_removed
  File "/opt/airflow/dags/driven_data_pipeline.py", line 19, in <module>
    start_date=datetime(2024, 9, 22),
               ^^^^^^^^
NameError: name 'datetime' is not defined. Did you forget to import 'datetime'
[2025-07-01T21:46:55.173+0000] {processor.py:927} WARNING - No viable dags retrieved from /opt/airflow/dags/driven_data_pipeline.py
[2025-07-01T21:46:55.285+0000] {processor.py:208} INFO - Processing /opt/airflow/dags/driven_data_pipeline.py took 0.192 seconds
[2025-07-01T21:47:25.744+0000] {processor.py:186} INFO - Started process (PID=491) to work on /opt/airflow/dags/driven_data_pipeline.py
[2025-07-01T21:47:25.749+0000] {processor.py:914} INFO - Processing file /opt/airflow/dags/driven_data_pipeline.py for tasks to queue
[2025-07-01T21:47:25.762+0000] {logging_mixin.py:190} INFO - [2025-07-01T21:47:25.760+0000] {dagbag.py:588} INFO - Filling up the DagBag from /opt/airflow/dags/driven_data_pipeline.py
[2025-07-01T21:47:25.847+0000] {logging_mixin.py:190} INFO - [2025-07-01T21:47:25.832+0000] {dagbag.py:387} ERROR - Failed to import: /opt/airflow/dags/driven_data_pipeline.py
Traceback (most recent call last):
  File "/home/airflow/.local/lib/python3.12/site-packages/airflow/models/dagbag.py", line 383, in parse
    loader.exec_module(new_module)
  File "<frozen importlib._bootstrap_external>", line 995, in exec_module
  File "<frozen importlib._bootstrap>", line 488, in _call_with_frames_removed
  File "/opt/airflow/dags/driven_data_pipeline.py", line 19, in <module>
    start_date=datetime(2024, 9, 22),
               ^^^^^^^^
NameError: name 'datetime' is not defined. Did you forget to import 'datetime'
[2025-07-01T21:47:25.854+0000] {processor.py:927} WARNING - No viable dags retrieved from /opt/airflow/dags/driven_data_pipeline.py
[2025-07-01T21:47:25.914+0000] {processor.py:208} INFO - Processing /opt/airflow/dags/driven_data_pipeline.py took 0.200 seconds
[2025-07-01T21:47:56.138+0000] {processor.py:186} INFO - Started process (PID=498) to work on /opt/airflow/dags/driven_data_pipeline.py
[2025-07-01T21:47:56.141+0000] {processor.py:914} INFO - Processing file /opt/airflow/dags/driven_data_pipeline.py for tasks to queue
[2025-07-01T21:47:56.148+0000] {logging_mixin.py:190} INFO - [2025-07-01T21:47:56.147+0000] {dagbag.py:588} INFO - Filling up the DagBag from /opt/airflow/dags/driven_data_pipeline.py
[2025-07-01T21:47:56.223+0000] {logging_mixin.py:190} INFO - [2025-07-01T21:47:56.206+0000] {dagbag.py:387} ERROR - Failed to import: /opt/airflow/dags/driven_data_pipeline.py
Traceback (most recent call last):
  File "/home/airflow/.local/lib/python3.12/site-packages/airflow/models/dagbag.py", line 383, in parse
    loader.exec_module(new_module)
  File "<frozen importlib._bootstrap_external>", line 995, in exec_module
  File "<frozen importlib._bootstrap>", line 488, in _call_with_frames_removed
  File "/opt/airflow/dags/driven_data_pipeline.py", line 19, in <module>
    start_date=datetime(2024, 9, 22),
               ^^^^^^^^
NameError: name 'datetime' is not defined. Did you forget to import 'datetime'
[2025-07-01T21:47:56.242+0000] {processor.py:927} WARNING - No viable dags retrieved from /opt/airflow/dags/driven_data_pipeline.py
[2025-07-01T21:47:56.315+0000] {processor.py:208} INFO - Processing /opt/airflow/dags/driven_data_pipeline.py took 0.201 seconds
[2025-07-01T21:48:26.810+0000] {processor.py:186} INFO - Started process (PID=505) to work on /opt/airflow/dags/driven_data_pipeline.py
[2025-07-01T21:48:26.814+0000] {processor.py:914} INFO - Processing file /opt/airflow/dags/driven_data_pipeline.py for tasks to queue
[2025-07-01T21:48:26.824+0000] {logging_mixin.py:190} INFO - [2025-07-01T21:48:26.823+0000] {dagbag.py:588} INFO - Filling up the DagBag from /opt/airflow/dags/driven_data_pipeline.py
[2025-07-01T21:48:26.885+0000] {logging_mixin.py:190} INFO - [2025-07-01T21:48:26.875+0000] {dagbag.py:387} ERROR - Failed to import: /opt/airflow/dags/driven_data_pipeline.py
Traceback (most recent call last):
  File "/home/airflow/.local/lib/python3.12/site-packages/airflow/models/dagbag.py", line 383, in parse
    loader.exec_module(new_module)
  File "<frozen importlib._bootstrap_external>", line 995, in exec_module
  File "<frozen importlib._bootstrap>", line 488, in _call_with_frames_removed
  File "/opt/airflow/dags/driven_data_pipeline.py", line 19, in <module>
    start_date=datetime(2024, 9, 22),
               ^^^^^^^^
NameError: name 'datetime' is not defined. Did you forget to import 'datetime'
[2025-07-01T21:48:26.892+0000] {processor.py:927} WARNING - No viable dags retrieved from /opt/airflow/dags/driven_data_pipeline.py
[2025-07-01T21:48:26.946+0000] {processor.py:208} INFO - Processing /opt/airflow/dags/driven_data_pipeline.py took 0.163 seconds
[2025-07-01T21:48:57.251+0000] {processor.py:186} INFO - Started process (PID=512) to work on /opt/airflow/dags/driven_data_pipeline.py
[2025-07-01T21:48:57.254+0000] {processor.py:914} INFO - Processing file /opt/airflow/dags/driven_data_pipeline.py for tasks to queue
[2025-07-01T21:48:57.259+0000] {logging_mixin.py:190} INFO - [2025-07-01T21:48:57.258+0000] {dagbag.py:588} INFO - Filling up the DagBag from /opt/airflow/dags/driven_data_pipeline.py
[2025-07-01T21:48:57.307+0000] {logging_mixin.py:190} INFO - [2025-07-01T21:48:57.293+0000] {dagbag.py:387} ERROR - Failed to import: /opt/airflow/dags/driven_data_pipeline.py
Traceback (most recent call last):
  File "/home/airflow/.local/lib/python3.12/site-packages/airflow/models/dagbag.py", line 383, in parse
    loader.exec_module(new_module)
  File "<frozen importlib._bootstrap_external>", line 995, in exec_module
  File "<frozen importlib._bootstrap>", line 488, in _call_with_frames_removed
  File "/opt/airflow/dags/driven_data_pipeline.py", line 19, in <module>
    start_date=datetime(2024, 9, 22),
               ^^^^^^^^
NameError: name 'datetime' is not defined. Did you forget to import 'datetime'
[2025-07-01T21:48:57.313+0000] {processor.py:927} WARNING - No viable dags retrieved from /opt/airflow/dags/driven_data_pipeline.py
[2025-07-01T21:48:57.373+0000] {processor.py:208} INFO - Processing /opt/airflow/dags/driven_data_pipeline.py took 0.133 seconds
[2025-07-01T21:49:27.789+0000] {processor.py:186} INFO - Started process (PID=519) to work on /opt/airflow/dags/driven_data_pipeline.py
[2025-07-01T21:49:27.795+0000] {processor.py:914} INFO - Processing file /opt/airflow/dags/driven_data_pipeline.py for tasks to queue
[2025-07-01T21:49:27.802+0000] {logging_mixin.py:190} INFO - [2025-07-01T21:49:27.801+0000] {dagbag.py:588} INFO - Filling up the DagBag from /opt/airflow/dags/driven_data_pipeline.py
[2025-07-01T21:49:27.858+0000] {logging_mixin.py:190} INFO - [2025-07-01T21:49:27.850+0000] {dagbag.py:387} ERROR - Failed to import: /opt/airflow/dags/driven_data_pipeline.py
Traceback (most recent call last):
  File "/home/airflow/.local/lib/python3.12/site-packages/airflow/models/dagbag.py", line 383, in parse
    loader.exec_module(new_module)
  File "<frozen importlib._bootstrap_external>", line 995, in exec_module
  File "<frozen importlib._bootstrap>", line 488, in _call_with_frames_removed
  File "/opt/airflow/dags/driven_data_pipeline.py", line 19, in <module>
    start_date=datetime(2024, 9, 22),
               ^^^^^^^^
NameError: name 'datetime' is not defined. Did you forget to import 'datetime'
[2025-07-01T21:49:27.864+0000] {processor.py:927} WARNING - No viable dags retrieved from /opt/airflow/dags/driven_data_pipeline.py
[2025-07-01T21:49:27.898+0000] {processor.py:208} INFO - Processing /opt/airflow/dags/driven_data_pipeline.py took 0.125 seconds
[2025-07-01T21:49:58.183+0000] {processor.py:186} INFO - Started process (PID=526) to work on /opt/airflow/dags/driven_data_pipeline.py
[2025-07-01T21:49:58.186+0000] {processor.py:914} INFO - Processing file /opt/airflow/dags/driven_data_pipeline.py for tasks to queue
[2025-07-01T21:49:58.194+0000] {logging_mixin.py:190} INFO - [2025-07-01T21:49:58.193+0000] {dagbag.py:588} INFO - Filling up the DagBag from /opt/airflow/dags/driven_data_pipeline.py
[2025-07-01T21:49:58.232+0000] {logging_mixin.py:190} INFO - [2025-07-01T21:49:58.222+0000] {dagbag.py:387} ERROR - Failed to import: /opt/airflow/dags/driven_data_pipeline.py
Traceback (most recent call last):
  File "/home/airflow/.local/lib/python3.12/site-packages/airflow/models/dagbag.py", line 383, in parse
    loader.exec_module(new_module)
  File "<frozen importlib._bootstrap_external>", line 995, in exec_module
  File "<frozen importlib._bootstrap>", line 488, in _call_with_frames_removed
  File "/opt/airflow/dags/driven_data_pipeline.py", line 19, in <module>
    start_date=datetime(2024, 9, 22),
               ^^^^^^^^
NameError: name 'datetime' is not defined. Did you forget to import 'datetime'
[2025-07-01T21:49:58.238+0000] {processor.py:927} WARNING - No viable dags retrieved from /opt/airflow/dags/driven_data_pipeline.py
[2025-07-01T21:49:58.278+0000] {processor.py:208} INFO - Processing /opt/airflow/dags/driven_data_pipeline.py took 0.111 seconds
[2025-07-01T21:50:28.625+0000] {processor.py:186} INFO - Started process (PID=533) to work on /opt/airflow/dags/driven_data_pipeline.py
[2025-07-01T21:50:28.627+0000] {processor.py:914} INFO - Processing file /opt/airflow/dags/driven_data_pipeline.py for tasks to queue
[2025-07-01T21:50:28.632+0000] {logging_mixin.py:190} INFO - [2025-07-01T21:50:28.631+0000] {dagbag.py:588} INFO - Filling up the DagBag from /opt/airflow/dags/driven_data_pipeline.py
[2025-07-01T21:50:28.668+0000] {logging_mixin.py:190} INFO - [2025-07-01T21:50:28.660+0000] {dagbag.py:387} ERROR - Failed to import: /opt/airflow/dags/driven_data_pipeline.py
Traceback (most recent call last):
  File "/home/airflow/.local/lib/python3.12/site-packages/airflow/models/dagbag.py", line 383, in parse
    loader.exec_module(new_module)
  File "<frozen importlib._bootstrap_external>", line 995, in exec_module
  File "<frozen importlib._bootstrap>", line 488, in _call_with_frames_removed
  File "/opt/airflow/dags/driven_data_pipeline.py", line 19, in <module>
    start_date=datetime(2024, 9, 22),
               ^^^^^^^^
NameError: name 'datetime' is not defined. Did you forget to import 'datetime'
[2025-07-01T21:50:28.675+0000] {processor.py:927} WARNING - No viable dags retrieved from /opt/airflow/dags/driven_data_pipeline.py
[2025-07-01T21:50:28.708+0000] {processor.py:208} INFO - Processing /opt/airflow/dags/driven_data_pipeline.py took 0.093 seconds
[2025-07-01T21:50:58.990+0000] {processor.py:186} INFO - Started process (PID=540) to work on /opt/airflow/dags/driven_data_pipeline.py
[2025-07-01T21:50:58.993+0000] {processor.py:914} INFO - Processing file /opt/airflow/dags/driven_data_pipeline.py for tasks to queue
[2025-07-01T21:50:59.003+0000] {logging_mixin.py:190} INFO - [2025-07-01T21:50:59.002+0000] {dagbag.py:588} INFO - Filling up the DagBag from /opt/airflow/dags/driven_data_pipeline.py
[2025-07-01T21:50:59.052+0000] {logging_mixin.py:190} INFO - [2025-07-01T21:50:59.041+0000] {dagbag.py:387} ERROR - Failed to import: /opt/airflow/dags/driven_data_pipeline.py
Traceback (most recent call last):
  File "/home/airflow/.local/lib/python3.12/site-packages/airflow/models/dagbag.py", line 383, in parse
    loader.exec_module(new_module)
  File "<frozen importlib._bootstrap_external>", line 995, in exec_module
  File "<frozen importlib._bootstrap>", line 488, in _call_with_frames_removed
  File "/opt/airflow/dags/driven_data_pipeline.py", line 19, in <module>
    start_date=datetime(2024, 9, 22),
               ^^^^^^^^
NameError: name 'datetime' is not defined. Did you forget to import 'datetime'
[2025-07-01T21:50:59.058+0000] {processor.py:927} WARNING - No viable dags retrieved from /opt/airflow/dags/driven_data_pipeline.py
[2025-07-01T21:50:59.108+0000] {processor.py:208} INFO - Processing /opt/airflow/dags/driven_data_pipeline.py took 0.134 seconds
[2025-07-01T21:51:29.455+0000] {processor.py:186} INFO - Started process (PID=547) to work on /opt/airflow/dags/driven_data_pipeline.py
[2025-07-01T21:51:29.457+0000] {processor.py:914} INFO - Processing file /opt/airflow/dags/driven_data_pipeline.py for tasks to queue
[2025-07-01T21:51:29.462+0000] {logging_mixin.py:190} INFO - [2025-07-01T21:51:29.461+0000] {dagbag.py:588} INFO - Filling up the DagBag from /opt/airflow/dags/driven_data_pipeline.py
[2025-07-01T21:51:29.497+0000] {logging_mixin.py:190} INFO - [2025-07-01T21:51:29.488+0000] {dagbag.py:387} ERROR - Failed to import: /opt/airflow/dags/driven_data_pipeline.py
Traceback (most recent call last):
  File "/home/airflow/.local/lib/python3.12/site-packages/airflow/models/dagbag.py", line 383, in parse
    loader.exec_module(new_module)
  File "<frozen importlib._bootstrap_external>", line 995, in exec_module
  File "<frozen importlib._bootstrap>", line 488, in _call_with_frames_removed
  File "/opt/airflow/dags/driven_data_pipeline.py", line 19, in <module>
    start_date=datetime(2024, 9, 22),
               ^^^^^^^^
NameError: name 'datetime' is not defined. Did you forget to import 'datetime'
[2025-07-01T21:51:29.503+0000] {processor.py:927} WARNING - No viable dags retrieved from /opt/airflow/dags/driven_data_pipeline.py
[2025-07-01T21:51:29.536+0000] {processor.py:208} INFO - Processing /opt/airflow/dags/driven_data_pipeline.py took 0.090 seconds
[2025-07-01T21:51:59.914+0000] {processor.py:186} INFO - Started process (PID=554) to work on /opt/airflow/dags/driven_data_pipeline.py
[2025-07-01T21:51:59.916+0000] {processor.py:914} INFO - Processing file /opt/airflow/dags/driven_data_pipeline.py for tasks to queue
[2025-07-01T21:51:59.920+0000] {logging_mixin.py:190} INFO - [2025-07-01T21:51:59.920+0000] {dagbag.py:588} INFO - Filling up the DagBag from /opt/airflow/dags/driven_data_pipeline.py
[2025-07-01T21:51:59.955+0000] {logging_mixin.py:190} INFO - [2025-07-01T21:51:59.946+0000] {dagbag.py:387} ERROR - Failed to import: /opt/airflow/dags/driven_data_pipeline.py
Traceback (most recent call last):
  File "/home/airflow/.local/lib/python3.12/site-packages/airflow/models/dagbag.py", line 383, in parse
    loader.exec_module(new_module)
  File "<frozen importlib._bootstrap_external>", line 995, in exec_module
  File "<frozen importlib._bootstrap>", line 488, in _call_with_frames_removed
  File "/opt/airflow/dags/driven_data_pipeline.py", line 19, in <module>
    start_date=datetime(2024, 9, 22),
               ^^^^^^^^
NameError: name 'datetime' is not defined. Did you forget to import 'datetime'
[2025-07-01T21:51:59.961+0000] {processor.py:927} WARNING - No viable dags retrieved from /opt/airflow/dags/driven_data_pipeline.py
[2025-07-01T21:51:59.994+0000] {processor.py:208} INFO - Processing /opt/airflow/dags/driven_data_pipeline.py took 0.088 seconds
[2025-07-01T21:52:30.285+0000] {processor.py:186} INFO - Started process (PID=561) to work on /opt/airflow/dags/driven_data_pipeline.py
[2025-07-01T21:52:30.298+0000] {processor.py:914} INFO - Processing file /opt/airflow/dags/driven_data_pipeline.py for tasks to queue
[2025-07-01T21:52:30.309+0000] {logging_mixin.py:190} INFO - [2025-07-01T21:52:30.308+0000] {dagbag.py:588} INFO - Filling up the DagBag from /opt/airflow/dags/driven_data_pipeline.py
[2025-07-01T21:52:30.379+0000] {logging_mixin.py:190} INFO - [2025-07-01T21:52:30.368+0000] {dagbag.py:387} ERROR - Failed to import: /opt/airflow/dags/driven_data_pipeline.py
Traceback (most recent call last):
  File "/home/airflow/.local/lib/python3.12/site-packages/airflow/models/dagbag.py", line 383, in parse
    loader.exec_module(new_module)
  File "<frozen importlib._bootstrap_external>", line 995, in exec_module
  File "<frozen importlib._bootstrap>", line 488, in _call_with_frames_removed
  File "/opt/airflow/dags/driven_data_pipeline.py", line 19, in <module>
    start_date=datetime(2024, 9, 22),
               ^^^^^^^^
NameError: name 'datetime' is not defined. Did you forget to import 'datetime'
[2025-07-01T21:52:30.384+0000] {processor.py:927} WARNING - No viable dags retrieved from /opt/airflow/dags/driven_data_pipeline.py
[2025-07-01T21:52:30.427+0000] {processor.py:208} INFO - Processing /opt/airflow/dags/driven_data_pipeline.py took 0.177 seconds
[2025-07-01T21:53:00.774+0000] {processor.py:186} INFO - Started process (PID=568) to work on /opt/airflow/dags/driven_data_pipeline.py
[2025-07-01T21:53:00.776+0000] {processor.py:914} INFO - Processing file /opt/airflow/dags/driven_data_pipeline.py for tasks to queue
[2025-07-01T21:53:00.787+0000] {logging_mixin.py:190} INFO - [2025-07-01T21:53:00.787+0000] {dagbag.py:588} INFO - Filling up the DagBag from /opt/airflow/dags/driven_data_pipeline.py
[2025-07-01T21:53:00.825+0000] {logging_mixin.py:190} INFO - [2025-07-01T21:53:00.815+0000] {dagbag.py:387} ERROR - Failed to import: /opt/airflow/dags/driven_data_pipeline.py
Traceback (most recent call last):
  File "/home/airflow/.local/lib/python3.12/site-packages/airflow/models/dagbag.py", line 383, in parse
    loader.exec_module(new_module)
  File "<frozen importlib._bootstrap_external>", line 995, in exec_module
  File "<frozen importlib._bootstrap>", line 488, in _call_with_frames_removed
  File "/opt/airflow/dags/driven_data_pipeline.py", line 19, in <module>
    start_date=datetime(2024, 9, 22),
               ^^^^^^^^
NameError: name 'datetime' is not defined. Did you forget to import 'datetime'
[2025-07-01T21:53:00.830+0000] {processor.py:927} WARNING - No viable dags retrieved from /opt/airflow/dags/driven_data_pipeline.py
[2025-07-01T21:53:00.864+0000] {processor.py:208} INFO - Processing /opt/airflow/dags/driven_data_pipeline.py took 0.098 seconds
[2025-07-01T21:53:31.153+0000] {processor.py:186} INFO - Started process (PID=575) to work on /opt/airflow/dags/driven_data_pipeline.py
[2025-07-01T21:53:31.155+0000] {processor.py:914} INFO - Processing file /opt/airflow/dags/driven_data_pipeline.py for tasks to queue
[2025-07-01T21:53:31.161+0000] {logging_mixin.py:190} INFO - [2025-07-01T21:53:31.161+0000] {dagbag.py:588} INFO - Filling up the DagBag from /opt/airflow/dags/driven_data_pipeline.py
[2025-07-01T21:53:31.218+0000] {logging_mixin.py:190} INFO - [2025-07-01T21:53:31.201+0000] {dagbag.py:387} ERROR - Failed to import: /opt/airflow/dags/driven_data_pipeline.py
Traceback (most recent call last):
  File "/home/airflow/.local/lib/python3.12/site-packages/airflow/models/dagbag.py", line 383, in parse
    loader.exec_module(new_module)
  File "<frozen importlib._bootstrap_external>", line 995, in exec_module
  File "<frozen importlib._bootstrap>", line 488, in _call_with_frames_removed
  File "/opt/airflow/dags/driven_data_pipeline.py", line 19, in <module>
    start_date=datetime(2024, 9, 22),
               ^^^^^^^^
NameError: name 'datetime' is not defined. Did you forget to import 'datetime'
[2025-07-01T21:53:31.225+0000] {processor.py:927} WARNING - No viable dags retrieved from /opt/airflow/dags/driven_data_pipeline.py
[2025-07-01T21:53:31.279+0000] {processor.py:208} INFO - Processing /opt/airflow/dags/driven_data_pipeline.py took 0.142 seconds
[2025-07-01T21:54:01.669+0000] {processor.py:186} INFO - Started process (PID=582) to work on /opt/airflow/dags/driven_data_pipeline.py
[2025-07-01T21:54:01.671+0000] {processor.py:914} INFO - Processing file /opt/airflow/dags/driven_data_pipeline.py for tasks to queue
[2025-07-01T21:54:01.676+0000] {logging_mixin.py:190} INFO - [2025-07-01T21:54:01.676+0000] {dagbag.py:588} INFO - Filling up the DagBag from /opt/airflow/dags/driven_data_pipeline.py
[2025-07-01T21:54:01.721+0000] {logging_mixin.py:190} INFO - [2025-07-01T21:54:01.712+0000] {dagbag.py:387} ERROR - Failed to import: /opt/airflow/dags/driven_data_pipeline.py
Traceback (most recent call last):
  File "/home/airflow/.local/lib/python3.12/site-packages/airflow/models/dagbag.py", line 383, in parse
    loader.exec_module(new_module)
  File "<frozen importlib._bootstrap_external>", line 995, in exec_module
  File "<frozen importlib._bootstrap>", line 488, in _call_with_frames_removed
  File "/opt/airflow/dags/driven_data_pipeline.py", line 19, in <module>
    start_date=datetime(2024, 9, 22),
               ^^^^^^^^
NameError: name 'datetime' is not defined. Did you forget to import 'datetime'
[2025-07-01T21:54:01.728+0000] {processor.py:927} WARNING - No viable dags retrieved from /opt/airflow/dags/driven_data_pipeline.py
[2025-07-01T21:54:01.764+0000] {processor.py:208} INFO - Processing /opt/airflow/dags/driven_data_pipeline.py took 0.103 seconds
[2025-07-01T21:54:32.011+0000] {processor.py:186} INFO - Started process (PID=589) to work on /opt/airflow/dags/driven_data_pipeline.py
[2025-07-01T21:54:32.013+0000] {processor.py:914} INFO - Processing file /opt/airflow/dags/driven_data_pipeline.py for tasks to queue
[2025-07-01T21:54:32.018+0000] {logging_mixin.py:190} INFO - [2025-07-01T21:54:32.017+0000] {dagbag.py:588} INFO - Filling up the DagBag from /opt/airflow/dags/driven_data_pipeline.py
[2025-07-01T21:54:32.053+0000] {logging_mixin.py:190} INFO - [2025-07-01T21:54:32.043+0000] {dagbag.py:387} ERROR - Failed to import: /opt/airflow/dags/driven_data_pipeline.py
Traceback (most recent call last):
  File "/home/airflow/.local/lib/python3.12/site-packages/airflow/models/dagbag.py", line 383, in parse
    loader.exec_module(new_module)
  File "<frozen importlib._bootstrap_external>", line 995, in exec_module
  File "<frozen importlib._bootstrap>", line 488, in _call_with_frames_removed
  File "/opt/airflow/dags/driven_data_pipeline.py", line 19, in <module>
    start_date=datetime(2024, 9, 22),
               ^^^^^^^^
NameError: name 'datetime' is not defined. Did you forget to import 'datetime'
[2025-07-01T21:54:32.057+0000] {processor.py:927} WARNING - No viable dags retrieved from /opt/airflow/dags/driven_data_pipeline.py
[2025-07-01T21:54:32.088+0000] {processor.py:208} INFO - Processing /opt/airflow/dags/driven_data_pipeline.py took 0.088 seconds
[2025-07-01T21:55:02.491+0000] {processor.py:186} INFO - Started process (PID=596) to work on /opt/airflow/dags/driven_data_pipeline.py
[2025-07-01T21:55:02.494+0000] {processor.py:914} INFO - Processing file /opt/airflow/dags/driven_data_pipeline.py for tasks to queue
[2025-07-01T21:55:02.501+0000] {logging_mixin.py:190} INFO - [2025-07-01T21:55:02.500+0000] {dagbag.py:588} INFO - Filling up the DagBag from /opt/airflow/dags/driven_data_pipeline.py
[2025-07-01T21:55:02.543+0000] {logging_mixin.py:190} INFO - [2025-07-01T21:55:02.533+0000] {dagbag.py:387} ERROR - Failed to import: /opt/airflow/dags/driven_data_pipeline.py
Traceback (most recent call last):
  File "/home/airflow/.local/lib/python3.12/site-packages/airflow/models/dagbag.py", line 383, in parse
    loader.exec_module(new_module)
  File "<frozen importlib._bootstrap_external>", line 995, in exec_module
  File "<frozen importlib._bootstrap>", line 488, in _call_with_frames_removed
  File "/opt/airflow/dags/driven_data_pipeline.py", line 19, in <module>
    start_date=datetime(2024, 9, 22),
               ^^^^^^^^
NameError: name 'datetime' is not defined. Did you forget to import 'datetime'
[2025-07-01T21:55:02.549+0000] {processor.py:927} WARNING - No viable dags retrieved from /opt/airflow/dags/driven_data_pipeline.py
[2025-07-01T21:55:02.588+0000] {processor.py:208} INFO - Processing /opt/airflow/dags/driven_data_pipeline.py took 0.116 seconds
[2025-07-01T21:55:32.861+0000] {processor.py:186} INFO - Started process (PID=603) to work on /opt/airflow/dags/driven_data_pipeline.py
[2025-07-01T21:55:32.863+0000] {processor.py:914} INFO - Processing file /opt/airflow/dags/driven_data_pipeline.py for tasks to queue
[2025-07-01T21:55:32.866+0000] {logging_mixin.py:190} INFO - [2025-07-01T21:55:32.866+0000] {dagbag.py:588} INFO - Filling up the DagBag from /opt/airflow/dags/driven_data_pipeline.py
[2025-07-01T21:55:32.904+0000] {logging_mixin.py:190} INFO - [2025-07-01T21:55:32.895+0000] {dagbag.py:387} ERROR - Failed to import: /opt/airflow/dags/driven_data_pipeline.py
Traceback (most recent call last):
  File "/home/airflow/.local/lib/python3.12/site-packages/airflow/models/dagbag.py", line 383, in parse
    loader.exec_module(new_module)
  File "<frozen importlib._bootstrap_external>", line 995, in exec_module
  File "<frozen importlib._bootstrap>", line 488, in _call_with_frames_removed
  File "/opt/airflow/dags/driven_data_pipeline.py", line 19, in <module>
    start_date=datetime(2024, 9, 22),
               ^^^^^^^^
NameError: name 'datetime' is not defined. Did you forget to import 'datetime'
[2025-07-01T21:55:32.909+0000] {processor.py:927} WARNING - No viable dags retrieved from /opt/airflow/dags/driven_data_pipeline.py
[2025-07-01T21:55:32.945+0000] {processor.py:208} INFO - Processing /opt/airflow/dags/driven_data_pipeline.py took 0.094 seconds
[2025-07-01T21:56:03.242+0000] {processor.py:186} INFO - Started process (PID=610) to work on /opt/airflow/dags/driven_data_pipeline.py
[2025-07-01T21:56:03.244+0000] {processor.py:914} INFO - Processing file /opt/airflow/dags/driven_data_pipeline.py for tasks to queue
[2025-07-01T21:56:03.248+0000] {logging_mixin.py:190} INFO - [2025-07-01T21:56:03.248+0000] {dagbag.py:588} INFO - Filling up the DagBag from /opt/airflow/dags/driven_data_pipeline.py
[2025-07-01T21:56:03.284+0000] {logging_mixin.py:190} INFO - [2025-07-01T21:56:03.276+0000] {dagbag.py:387} ERROR - Failed to import: /opt/airflow/dags/driven_data_pipeline.py
Traceback (most recent call last):
  File "/home/airflow/.local/lib/python3.12/site-packages/airflow/models/dagbag.py", line 383, in parse
    loader.exec_module(new_module)
  File "<frozen importlib._bootstrap_external>", line 995, in exec_module
  File "<frozen importlib._bootstrap>", line 488, in _call_with_frames_removed
  File "/opt/airflow/dags/driven_data_pipeline.py", line 19, in <module>
    start_date=datetime(2024, 9, 22),
               ^^^^^^^^
NameError: name 'datetime' is not defined. Did you forget to import 'datetime'
[2025-07-01T21:56:03.289+0000] {processor.py:927} WARNING - No viable dags retrieved from /opt/airflow/dags/driven_data_pipeline.py
[2025-07-01T21:56:03.327+0000] {processor.py:208} INFO - Processing /opt/airflow/dags/driven_data_pipeline.py took 0.093 seconds
[2025-07-01T21:56:33.630+0000] {processor.py:186} INFO - Started process (PID=617) to work on /opt/airflow/dags/driven_data_pipeline.py
[2025-07-01T21:56:33.632+0000] {processor.py:914} INFO - Processing file /opt/airflow/dags/driven_data_pipeline.py for tasks to queue
[2025-07-01T21:56:33.640+0000] {logging_mixin.py:190} INFO - [2025-07-01T21:56:33.639+0000] {dagbag.py:588} INFO - Filling up the DagBag from /opt/airflow/dags/driven_data_pipeline.py
[2025-07-01T21:56:33.681+0000] {logging_mixin.py:190} INFO - [2025-07-01T21:56:33.672+0000] {dagbag.py:387} ERROR - Failed to import: /opt/airflow/dags/driven_data_pipeline.py
Traceback (most recent call last):
  File "/home/airflow/.local/lib/python3.12/site-packages/airflow/models/dagbag.py", line 383, in parse
    loader.exec_module(new_module)
  File "<frozen importlib._bootstrap_external>", line 995, in exec_module
  File "<frozen importlib._bootstrap>", line 488, in _call_with_frames_removed
  File "/opt/airflow/dags/driven_data_pipeline.py", line 19, in <module>
    start_date=datetime(2024, 9, 22),
               ^^^^^^^^
NameError: name 'datetime' is not defined. Did you forget to import 'datetime'
[2025-07-01T21:56:33.688+0000] {processor.py:927} WARNING - No viable dags retrieved from /opt/airflow/dags/driven_data_pipeline.py
[2025-07-01T21:56:33.726+0000] {processor.py:208} INFO - Processing /opt/airflow/dags/driven_data_pipeline.py took 0.109 seconds
[2025-07-01T21:57:04.134+0000] {processor.py:186} INFO - Started process (PID=624) to work on /opt/airflow/dags/driven_data_pipeline.py
[2025-07-01T21:57:04.137+0000] {processor.py:914} INFO - Processing file /opt/airflow/dags/driven_data_pipeline.py for tasks to queue
[2025-07-01T21:57:04.144+0000] {logging_mixin.py:190} INFO - [2025-07-01T21:57:04.143+0000] {dagbag.py:588} INFO - Filling up the DagBag from /opt/airflow/dags/driven_data_pipeline.py
[2025-07-01T21:57:04.177+0000] {logging_mixin.py:190} INFO - [2025-07-01T21:57:04.169+0000] {dagbag.py:387} ERROR - Failed to import: /opt/airflow/dags/driven_data_pipeline.py
Traceback (most recent call last):
  File "/home/airflow/.local/lib/python3.12/site-packages/airflow/models/dagbag.py", line 383, in parse
    loader.exec_module(new_module)
  File "<frozen importlib._bootstrap_external>", line 995, in exec_module
  File "<frozen importlib._bootstrap>", line 488, in _call_with_frames_removed
  File "/opt/airflow/dags/driven_data_pipeline.py", line 19, in <module>
    start_date=datetime(2024, 9, 22),
               ^^^^^^^^
NameError: name 'datetime' is not defined. Did you forget to import 'datetime'
[2025-07-01T21:57:04.182+0000] {processor.py:927} WARNING - No viable dags retrieved from /opt/airflow/dags/driven_data_pipeline.py
[2025-07-01T21:57:04.210+0000] {processor.py:208} INFO - Processing /opt/airflow/dags/driven_data_pipeline.py took 0.113 seconds
[2025-07-01T21:57:34.581+0000] {processor.py:186} INFO - Started process (PID=631) to work on /opt/airflow/dags/driven_data_pipeline.py
[2025-07-01T21:57:34.584+0000] {processor.py:914} INFO - Processing file /opt/airflow/dags/driven_data_pipeline.py for tasks to queue
[2025-07-01T21:57:34.599+0000] {logging_mixin.py:190} INFO - [2025-07-01T21:57:34.598+0000] {dagbag.py:588} INFO - Filling up the DagBag from /opt/airflow/dags/driven_data_pipeline.py
[2025-07-01T21:57:34.660+0000] {logging_mixin.py:190} INFO - [2025-07-01T21:57:34.648+0000] {dagbag.py:387} ERROR - Failed to import: /opt/airflow/dags/driven_data_pipeline.py
Traceback (most recent call last):
  File "/home/airflow/.local/lib/python3.12/site-packages/airflow/models/dagbag.py", line 383, in parse
    loader.exec_module(new_module)
  File "<frozen importlib._bootstrap_external>", line 995, in exec_module
  File "<frozen importlib._bootstrap>", line 488, in _call_with_frames_removed
  File "/opt/airflow/dags/driven_data_pipeline.py", line 19, in <module>
    start_date=datetime(2024, 9, 22),
               ^^^^^^^^
NameError: name 'datetime' is not defined. Did you forget to import 'datetime'
[2025-07-01T21:57:34.666+0000] {processor.py:927} WARNING - No viable dags retrieved from /opt/airflow/dags/driven_data_pipeline.py
[2025-07-01T21:57:34.708+0000] {processor.py:208} INFO - Processing /opt/airflow/dags/driven_data_pipeline.py took 0.146 seconds
[2025-07-01T21:58:04.988+0000] {processor.py:186} INFO - Started process (PID=638) to work on /opt/airflow/dags/driven_data_pipeline.py
[2025-07-01T21:58:04.994+0000] {processor.py:914} INFO - Processing file /opt/airflow/dags/driven_data_pipeline.py for tasks to queue
[2025-07-01T21:58:05.017+0000] {logging_mixin.py:190} INFO - [2025-07-01T21:58:05.015+0000] {dagbag.py:588} INFO - Filling up the DagBag from /opt/airflow/dags/driven_data_pipeline.py
[2025-07-01T21:58:05.078+0000] {logging_mixin.py:190} INFO - [2025-07-01T21:58:05.068+0000] {dagbag.py:387} ERROR - Failed to import: /opt/airflow/dags/driven_data_pipeline.py
Traceback (most recent call last):
  File "/home/airflow/.local/lib/python3.12/site-packages/airflow/models/dagbag.py", line 383, in parse
    loader.exec_module(new_module)
  File "<frozen importlib._bootstrap_external>", line 995, in exec_module
  File "<frozen importlib._bootstrap>", line 488, in _call_with_frames_removed
  File "/opt/airflow/dags/driven_data_pipeline.py", line 19, in <module>
    start_date=datetime(2024, 9, 22),
               ^^^^^^^^
NameError: name 'datetime' is not defined. Did you forget to import 'datetime'
[2025-07-01T21:58:05.083+0000] {processor.py:927} WARNING - No viable dags retrieved from /opt/airflow/dags/driven_data_pipeline.py
[2025-07-01T21:58:05.117+0000] {processor.py:208} INFO - Processing /opt/airflow/dags/driven_data_pipeline.py took 0.140 seconds
[2025-07-01T21:58:35.561+0000] {processor.py:186} INFO - Started process (PID=646) to work on /opt/airflow/dags/driven_data_pipeline.py
[2025-07-01T21:58:35.569+0000] {processor.py:914} INFO - Processing file /opt/airflow/dags/driven_data_pipeline.py for tasks to queue
[2025-07-01T21:58:35.582+0000] {logging_mixin.py:190} INFO - [2025-07-01T21:58:35.582+0000] {dagbag.py:588} INFO - Filling up the DagBag from /opt/airflow/dags/driven_data_pipeline.py
[2025-07-01T21:58:35.688+0000] {logging_mixin.py:190} INFO - [2025-07-01T21:58:35.671+0000] {dagbag.py:387} ERROR - Failed to import: /opt/airflow/dags/driven_data_pipeline.py
Traceback (most recent call last):
  File "/home/airflow/.local/lib/python3.12/site-packages/airflow/models/dagbag.py", line 383, in parse
    loader.exec_module(new_module)
  File "<frozen importlib._bootstrap_external>", line 995, in exec_module
  File "<frozen importlib._bootstrap>", line 488, in _call_with_frames_removed
  File "/opt/airflow/dags/driven_data_pipeline.py", line 19, in <module>
    start_date=datetime(2024, 9, 22),
               ^^^^^^^^
NameError: name 'datetime' is not defined. Did you forget to import 'datetime'
[2025-07-01T21:58:35.695+0000] {processor.py:927} WARNING - No viable dags retrieved from /opt/airflow/dags/driven_data_pipeline.py
[2025-07-01T21:58:35.820+0000] {processor.py:208} INFO - Processing /opt/airflow/dags/driven_data_pipeline.py took 0.323 seconds
[2025-07-01T21:59:05.956+0000] {processor.py:186} INFO - Started process (PID=653) to work on /opt/airflow/dags/driven_data_pipeline.py
[2025-07-01T21:59:05.960+0000] {processor.py:914} INFO - Processing file /opt/airflow/dags/driven_data_pipeline.py for tasks to queue
[2025-07-01T21:59:05.972+0000] {logging_mixin.py:190} INFO - [2025-07-01T21:59:05.970+0000] {dagbag.py:588} INFO - Filling up the DagBag from /opt/airflow/dags/driven_data_pipeline.py
[2025-07-01T21:59:06.063+0000] {logging_mixin.py:190} INFO - [2025-07-01T21:59:06.047+0000] {dagbag.py:387} ERROR - Failed to import: /opt/airflow/dags/driven_data_pipeline.py
Traceback (most recent call last):
  File "/home/airflow/.local/lib/python3.12/site-packages/airflow/models/dagbag.py", line 383, in parse
    loader.exec_module(new_module)
  File "<frozen importlib._bootstrap_external>", line 995, in exec_module
  File "<frozen importlib._bootstrap>", line 488, in _call_with_frames_removed
  File "/opt/airflow/dags/driven_data_pipeline.py", line 19, in <module>
    start_date=datetime(2024, 9, 22),
               ^^^^^^^^
NameError: name 'datetime' is not defined. Did you forget to import 'datetime'
[2025-07-01T21:59:06.071+0000] {processor.py:927} WARNING - No viable dags retrieved from /opt/airflow/dags/driven_data_pipeline.py
[2025-07-01T21:59:06.115+0000] {processor.py:208} INFO - Processing /opt/airflow/dags/driven_data_pipeline.py took 0.207 seconds
[2025-07-01T21:59:36.273+0000] {processor.py:186} INFO - Started process (PID=660) to work on /opt/airflow/dags/driven_data_pipeline.py
[2025-07-01T21:59:36.275+0000] {processor.py:914} INFO - Processing file /opt/airflow/dags/driven_data_pipeline.py for tasks to queue
[2025-07-01T21:59:36.281+0000] {logging_mixin.py:190} INFO - [2025-07-01T21:59:36.280+0000] {dagbag.py:588} INFO - Filling up the DagBag from /opt/airflow/dags/driven_data_pipeline.py
[2025-07-01T21:59:36.316+0000] {logging_mixin.py:190} INFO - [2025-07-01T21:59:36.307+0000] {dagbag.py:387} ERROR - Failed to import: /opt/airflow/dags/driven_data_pipeline.py
Traceback (most recent call last):
  File "/home/airflow/.local/lib/python3.12/site-packages/airflow/models/dagbag.py", line 383, in parse
    loader.exec_module(new_module)
  File "<frozen importlib._bootstrap_external>", line 995, in exec_module
  File "<frozen importlib._bootstrap>", line 488, in _call_with_frames_removed
  File "/opt/airflow/dags/driven_data_pipeline.py", line 19, in <module>
    start_date=datetime(2024, 9, 22),
               ^^^^^^^^
NameError: name 'datetime' is not defined. Did you forget to import 'datetime'
[2025-07-01T21:59:36.323+0000] {processor.py:927} WARNING - No viable dags retrieved from /opt/airflow/dags/driven_data_pipeline.py
[2025-07-01T21:59:36.360+0000] {processor.py:208} INFO - Processing /opt/airflow/dags/driven_data_pipeline.py took 0.097 seconds
[2025-07-01T22:00:06.646+0000] {processor.py:186} INFO - Started process (PID=667) to work on /opt/airflow/dags/driven_data_pipeline.py
[2025-07-01T22:00:06.648+0000] {processor.py:914} INFO - Processing file /opt/airflow/dags/driven_data_pipeline.py for tasks to queue
[2025-07-01T22:00:06.653+0000] {logging_mixin.py:190} INFO - [2025-07-01T22:00:06.652+0000] {dagbag.py:588} INFO - Filling up the DagBag from /opt/airflow/dags/driven_data_pipeline.py
[2025-07-01T22:00:06.692+0000] {logging_mixin.py:190} INFO - [2025-07-01T22:00:06.682+0000] {dagbag.py:387} ERROR - Failed to import: /opt/airflow/dags/driven_data_pipeline.py
Traceback (most recent call last):
  File "/home/airflow/.local/lib/python3.12/site-packages/airflow/models/dagbag.py", line 383, in parse
    loader.exec_module(new_module)
  File "<frozen importlib._bootstrap_external>", line 995, in exec_module
  File "<frozen importlib._bootstrap>", line 488, in _call_with_frames_removed
  File "/opt/airflow/dags/driven_data_pipeline.py", line 19, in <module>
    start_date=datetime(2024, 9, 22),
               ^^^^^^^^
NameError: name 'datetime' is not defined. Did you forget to import 'datetime'
[2025-07-01T22:00:06.699+0000] {processor.py:927} WARNING - No viable dags retrieved from /opt/airflow/dags/driven_data_pipeline.py
[2025-07-01T22:00:06.743+0000] {processor.py:208} INFO - Processing /opt/airflow/dags/driven_data_pipeline.py took 0.108 seconds
[2025-07-01T22:00:37.131+0000] {processor.py:186} INFO - Started process (PID=674) to work on /opt/airflow/dags/driven_data_pipeline.py
[2025-07-01T22:00:37.133+0000] {processor.py:914} INFO - Processing file /opt/airflow/dags/driven_data_pipeline.py for tasks to queue
[2025-07-01T22:00:37.139+0000] {logging_mixin.py:190} INFO - [2025-07-01T22:00:37.138+0000] {dagbag.py:588} INFO - Filling up the DagBag from /opt/airflow/dags/driven_data_pipeline.py
[2025-07-01T22:00:37.175+0000] {logging_mixin.py:190} INFO - [2025-07-01T22:00:37.164+0000] {dagbag.py:387} ERROR - Failed to import: /opt/airflow/dags/driven_data_pipeline.py
Traceback (most recent call last):
  File "/home/airflow/.local/lib/python3.12/site-packages/airflow/models/dagbag.py", line 383, in parse
    loader.exec_module(new_module)
  File "<frozen importlib._bootstrap_external>", line 995, in exec_module
  File "<frozen importlib._bootstrap>", line 488, in _call_with_frames_removed
  File "/opt/airflow/dags/driven_data_pipeline.py", line 19, in <module>
    start_date=datetime(2024, 9, 22),
               ^^^^^^^^
NameError: name 'datetime' is not defined. Did you forget to import 'datetime'
[2025-07-01T22:00:37.181+0000] {processor.py:927} WARNING - No viable dags retrieved from /opt/airflow/dags/driven_data_pipeline.py
[2025-07-01T22:00:37.214+0000] {processor.py:208} INFO - Processing /opt/airflow/dags/driven_data_pipeline.py took 0.092 seconds
[2025-07-01T22:01:07.483+0000] {processor.py:186} INFO - Started process (PID=681) to work on /opt/airflow/dags/driven_data_pipeline.py
[2025-07-01T22:01:07.485+0000] {processor.py:914} INFO - Processing file /opt/airflow/dags/driven_data_pipeline.py for tasks to queue
[2025-07-01T22:01:07.490+0000] {logging_mixin.py:190} INFO - [2025-07-01T22:01:07.490+0000] {dagbag.py:588} INFO - Filling up the DagBag from /opt/airflow/dags/driven_data_pipeline.py
[2025-07-01T22:01:07.574+0000] {logging_mixin.py:190} INFO - [2025-07-01T22:01:07.563+0000] {dagbag.py:387} ERROR - Failed to import: /opt/airflow/dags/driven_data_pipeline.py
Traceback (most recent call last):
  File "/home/airflow/.local/lib/python3.12/site-packages/airflow/models/dagbag.py", line 383, in parse
    loader.exec_module(new_module)
  File "<frozen importlib._bootstrap_external>", line 995, in exec_module
  File "<frozen importlib._bootstrap>", line 488, in _call_with_frames_removed
  File "/opt/airflow/dags/driven_data_pipeline.py", line 19, in <module>
    start_date=datetime(2024, 9, 22),
               ^^^^^^^^
NameError: name 'datetime' is not defined. Did you forget to import 'datetime'
[2025-07-01T22:01:07.579+0000] {processor.py:927} WARNING - No viable dags retrieved from /opt/airflow/dags/driven_data_pipeline.py
[2025-07-01T22:01:07.609+0000] {processor.py:208} INFO - Processing /opt/airflow/dags/driven_data_pipeline.py took 0.137 seconds
[2025-07-01T22:01:37.994+0000] {processor.py:186} INFO - Started process (PID=688) to work on /opt/airflow/dags/driven_data_pipeline.py
[2025-07-01T22:01:37.997+0000] {processor.py:914} INFO - Processing file /opt/airflow/dags/driven_data_pipeline.py for tasks to queue
[2025-07-01T22:01:38.022+0000] {logging_mixin.py:190} INFO - [2025-07-01T22:01:38.020+0000] {dagbag.py:588} INFO - Filling up the DagBag from /opt/airflow/dags/driven_data_pipeline.py
[2025-07-01T22:01:38.106+0000] {logging_mixin.py:190} INFO - [2025-07-01T22:01:38.097+0000] {dagbag.py:387} ERROR - Failed to import: /opt/airflow/dags/driven_data_pipeline.py
Traceback (most recent call last):
  File "/home/airflow/.local/lib/python3.12/site-packages/airflow/models/dagbag.py", line 383, in parse
    loader.exec_module(new_module)
  File "<frozen importlib._bootstrap_external>", line 995, in exec_module
  File "<frozen importlib._bootstrap>", line 488, in _call_with_frames_removed
  File "/opt/airflow/dags/driven_data_pipeline.py", line 19, in <module>
    start_date=datetime(2024, 9, 22),
               ^^^^^^^^
NameError: name 'datetime' is not defined. Did you forget to import 'datetime'
[2025-07-01T22:01:38.113+0000] {processor.py:927} WARNING - No viable dags retrieved from /opt/airflow/dags/driven_data_pipeline.py
[2025-07-01T22:01:38.152+0000] {processor.py:208} INFO - Processing /opt/airflow/dags/driven_data_pipeline.py took 0.172 seconds
[2025-07-01T22:02:08.411+0000] {processor.py:186} INFO - Started process (PID=695) to work on /opt/airflow/dags/driven_data_pipeline.py
[2025-07-01T22:02:08.413+0000] {processor.py:914} INFO - Processing file /opt/airflow/dags/driven_data_pipeline.py for tasks to queue
[2025-07-01T22:02:08.419+0000] {logging_mixin.py:190} INFO - [2025-07-01T22:02:08.419+0000] {dagbag.py:588} INFO - Filling up the DagBag from /opt/airflow/dags/driven_data_pipeline.py
[2025-07-01T22:02:08.455+0000] {logging_mixin.py:190} INFO - [2025-07-01T22:02:08.445+0000] {dagbag.py:387} ERROR - Failed to import: /opt/airflow/dags/driven_data_pipeline.py
Traceback (most recent call last):
  File "/home/airflow/.local/lib/python3.12/site-packages/airflow/models/dagbag.py", line 383, in parse
    loader.exec_module(new_module)
  File "<frozen importlib._bootstrap_external>", line 995, in exec_module
  File "<frozen importlib._bootstrap>", line 488, in _call_with_frames_removed
  File "/opt/airflow/dags/driven_data_pipeline.py", line 19, in <module>
    start_date=datetime(2024, 9, 22),
               ^^^^^^^^
NameError: name 'datetime' is not defined. Did you forget to import 'datetime'
[2025-07-01T22:02:08.461+0000] {processor.py:927} WARNING - No viable dags retrieved from /opt/airflow/dags/driven_data_pipeline.py
[2025-07-01T22:02:08.490+0000] {processor.py:208} INFO - Processing /opt/airflow/dags/driven_data_pipeline.py took 0.088 seconds
[2025-07-01T22:02:41.178+0000] {processor.py:186} INFO - Started process (PID=702) to work on /opt/airflow/dags/driven_data_pipeline.py
[2025-07-01T22:02:41.292+0000] {processor.py:914} INFO - Processing file /opt/airflow/dags/driven_data_pipeline.py for tasks to queue
[2025-07-01T22:02:41.666+0000] {logging_mixin.py:190} INFO - [2025-07-01T22:02:41.645+0000] {dagbag.py:588} INFO - Filling up the DagBag from /opt/airflow/dags/driven_data_pipeline.py
[2025-07-01T22:02:43.467+0000] {logging_mixin.py:190} INFO - [2025-07-01T22:02:43.094+0000] {dagbag.py:387} ERROR - Failed to import: /opt/airflow/dags/driven_data_pipeline.py
Traceback (most recent call last):
  File "/home/airflow/.local/lib/python3.12/site-packages/airflow/models/dagbag.py", line 383, in parse
    loader.exec_module(new_module)
  File "<frozen importlib._bootstrap_external>", line 995, in exec_module
  File "<frozen importlib._bootstrap>", line 488, in _call_with_frames_removed
  File "/opt/airflow/dags/driven_data_pipeline.py", line 19, in <module>
    start_date=datetime(2024, 9, 22),
               ^^^^^^^^
NameError: name 'datetime' is not defined. Did you forget to import 'datetime'
[2025-07-01T22:02:43.497+0000] {processor.py:927} WARNING - No viable dags retrieved from /opt/airflow/dags/driven_data_pipeline.py
[2025-07-01T22:02:43.978+0000] {processor.py:208} INFO - Processing /opt/airflow/dags/driven_data_pipeline.py took 2.833 seconds
[2025-07-01T22:03:14.623+0000] {processor.py:186} INFO - Started process (PID=709) to work on /opt/airflow/dags/driven_data_pipeline.py
[2025-07-01T22:03:14.625+0000] {processor.py:914} INFO - Processing file /opt/airflow/dags/driven_data_pipeline.py for tasks to queue
[2025-07-01T22:03:14.635+0000] {logging_mixin.py:190} INFO - [2025-07-01T22:03:14.634+0000] {dagbag.py:588} INFO - Filling up the DagBag from /opt/airflow/dags/driven_data_pipeline.py
[2025-07-01T22:03:14.681+0000] {logging_mixin.py:190} INFO - [2025-07-01T22:03:14.669+0000] {dagbag.py:387} ERROR - Failed to import: /opt/airflow/dags/driven_data_pipeline.py
Traceback (most recent call last):
  File "/home/airflow/.local/lib/python3.12/site-packages/airflow/models/dagbag.py", line 383, in parse
    loader.exec_module(new_module)
  File "<frozen importlib._bootstrap_external>", line 995, in exec_module
  File "<frozen importlib._bootstrap>", line 488, in _call_with_frames_removed
  File "/opt/airflow/dags/driven_data_pipeline.py", line 19, in <module>
    start_date=datetime(2024, 9, 22),
               ^^^^^^^^
NameError: name 'datetime' is not defined. Did you forget to import 'datetime'
[2025-07-01T22:03:14.686+0000] {processor.py:927} WARNING - No viable dags retrieved from /opt/airflow/dags/driven_data_pipeline.py
[2025-07-01T22:03:14.730+0000] {processor.py:208} INFO - Processing /opt/airflow/dags/driven_data_pipeline.py took 0.122 seconds
[2025-07-01T22:03:45.096+0000] {processor.py:186} INFO - Started process (PID=717) to work on /opt/airflow/dags/driven_data_pipeline.py
[2025-07-01T22:03:45.097+0000] {processor.py:914} INFO - Processing file /opt/airflow/dags/driven_data_pipeline.py for tasks to queue
[2025-07-01T22:03:45.102+0000] {logging_mixin.py:190} INFO - [2025-07-01T22:03:45.101+0000] {dagbag.py:588} INFO - Filling up the DagBag from /opt/airflow/dags/driven_data_pipeline.py
[2025-07-01T22:03:45.144+0000] {logging_mixin.py:190} INFO - [2025-07-01T22:03:45.134+0000] {dagbag.py:387} ERROR - Failed to import: /opt/airflow/dags/driven_data_pipeline.py
Traceback (most recent call last):
  File "/home/airflow/.local/lib/python3.12/site-packages/airflow/models/dagbag.py", line 383, in parse
    loader.exec_module(new_module)
  File "<frozen importlib._bootstrap_external>", line 995, in exec_module
  File "<frozen importlib._bootstrap>", line 488, in _call_with_frames_removed
  File "/opt/airflow/dags/driven_data_pipeline.py", line 19, in <module>
    start_date=datetime(2024, 9, 22),
               ^^^^^^^^
NameError: name 'datetime' is not defined. Did you forget to import 'datetime'
[2025-07-01T22:03:45.150+0000] {processor.py:927} WARNING - No viable dags retrieved from /opt/airflow/dags/driven_data_pipeline.py
[2025-07-01T22:03:45.190+0000] {processor.py:208} INFO - Processing /opt/airflow/dags/driven_data_pipeline.py took 0.108 seconds
[2025-07-01T22:04:15.578+0000] {processor.py:186} INFO - Started process (PID=724) to work on /opt/airflow/dags/driven_data_pipeline.py
[2025-07-01T22:04:15.581+0000] {processor.py:914} INFO - Processing file /opt/airflow/dags/driven_data_pipeline.py for tasks to queue
[2025-07-01T22:04:15.592+0000] {logging_mixin.py:190} INFO - [2025-07-01T22:04:15.591+0000] {dagbag.py:588} INFO - Filling up the DagBag from /opt/airflow/dags/driven_data_pipeline.py
[2025-07-01T22:04:15.655+0000] {logging_mixin.py:190} INFO - [2025-07-01T22:04:15.642+0000] {dagbag.py:387} ERROR - Failed to import: /opt/airflow/dags/driven_data_pipeline.py
Traceback (most recent call last):
  File "/home/airflow/.local/lib/python3.12/site-packages/airflow/models/dagbag.py", line 383, in parse
    loader.exec_module(new_module)
  File "<frozen importlib._bootstrap_external>", line 995, in exec_module
  File "<frozen importlib._bootstrap>", line 488, in _call_with_frames_removed
  File "/opt/airflow/dags/driven_data_pipeline.py", line 19, in <module>
    start_date=datetime(2024, 9, 22),
               ^^^^^^^^
NameError: name 'datetime' is not defined. Did you forget to import 'datetime'
[2025-07-01T22:04:15.665+0000] {processor.py:927} WARNING - No viable dags retrieved from /opt/airflow/dags/driven_data_pipeline.py
[2025-07-01T22:04:15.732+0000] {processor.py:208} INFO - Processing /opt/airflow/dags/driven_data_pipeline.py took 0.178 seconds
[2025-07-01T22:04:46.080+0000] {processor.py:186} INFO - Started process (PID=731) to work on /opt/airflow/dags/driven_data_pipeline.py
[2025-07-01T22:04:46.083+0000] {processor.py:914} INFO - Processing file /opt/airflow/dags/driven_data_pipeline.py for tasks to queue
[2025-07-01T22:04:46.091+0000] {logging_mixin.py:190} INFO - [2025-07-01T22:04:46.089+0000] {dagbag.py:588} INFO - Filling up the DagBag from /opt/airflow/dags/driven_data_pipeline.py
[2025-07-01T22:04:46.162+0000] {logging_mixin.py:190} INFO - [2025-07-01T22:04:46.148+0000] {dagbag.py:387} ERROR - Failed to import: /opt/airflow/dags/driven_data_pipeline.py
Traceback (most recent call last):
  File "/home/airflow/.local/lib/python3.12/site-packages/airflow/models/dagbag.py", line 383, in parse
    loader.exec_module(new_module)
  File "<frozen importlib._bootstrap_external>", line 995, in exec_module
  File "<frozen importlib._bootstrap>", line 488, in _call_with_frames_removed
  File "/opt/airflow/dags/driven_data_pipeline.py", line 19, in <module>
    start_date=datetime(2024, 9, 22),
               ^^^^^^^^
NameError: name 'datetime' is not defined. Did you forget to import 'datetime'
[2025-07-01T22:04:46.174+0000] {processor.py:927} WARNING - No viable dags retrieved from /opt/airflow/dags/driven_data_pipeline.py
[2025-07-01T22:04:46.212+0000] {processor.py:208} INFO - Processing /opt/airflow/dags/driven_data_pipeline.py took 0.144 seconds
[2025-07-01T22:05:16.552+0000] {processor.py:186} INFO - Started process (PID=744) to work on /opt/airflow/dags/driven_data_pipeline.py
[2025-07-01T22:05:16.555+0000] {processor.py:914} INFO - Processing file /opt/airflow/dags/driven_data_pipeline.py for tasks to queue
[2025-07-01T22:05:16.564+0000] {logging_mixin.py:190} INFO - [2025-07-01T22:05:16.563+0000] {dagbag.py:588} INFO - Filling up the DagBag from /opt/airflow/dags/driven_data_pipeline.py
[2025-07-01T22:05:16.624+0000] {logging_mixin.py:190} INFO - [2025-07-01T22:05:16.614+0000] {dagbag.py:387} ERROR - Failed to import: /opt/airflow/dags/driven_data_pipeline.py
Traceback (most recent call last):
  File "/home/airflow/.local/lib/python3.12/site-packages/airflow/models/dagbag.py", line 383, in parse
    loader.exec_module(new_module)
  File "<frozen importlib._bootstrap_external>", line 995, in exec_module
  File "<frozen importlib._bootstrap>", line 488, in _call_with_frames_removed
  File "/opt/airflow/dags/driven_data_pipeline.py", line 19, in <module>
    start_date=datetime(2024, 9, 22),
               ^^^^^^^^
NameError: name 'datetime' is not defined. Did you forget to import 'datetime'
[2025-07-01T22:05:16.630+0000] {processor.py:927} WARNING - No viable dags retrieved from /opt/airflow/dags/driven_data_pipeline.py
[2025-07-01T22:05:16.668+0000] {processor.py:208} INFO - Processing /opt/airflow/dags/driven_data_pipeline.py took 0.128 seconds
[2025-07-01T22:05:47.002+0000] {processor.py:186} INFO - Started process (PID=751) to work on /opt/airflow/dags/driven_data_pipeline.py
[2025-07-01T22:05:47.005+0000] {processor.py:914} INFO - Processing file /opt/airflow/dags/driven_data_pipeline.py for tasks to queue
[2025-07-01T22:05:47.014+0000] {logging_mixin.py:190} INFO - [2025-07-01T22:05:47.013+0000] {dagbag.py:588} INFO - Filling up the DagBag from /opt/airflow/dags/driven_data_pipeline.py
[2025-07-01T22:05:47.074+0000] {logging_mixin.py:190} INFO - [2025-07-01T22:05:47.059+0000] {dagbag.py:387} ERROR - Failed to import: /opt/airflow/dags/driven_data_pipeline.py
Traceback (most recent call last):
  File "/home/airflow/.local/lib/python3.12/site-packages/airflow/models/dagbag.py", line 383, in parse
    loader.exec_module(new_module)
  File "<frozen importlib._bootstrap_external>", line 995, in exec_module
  File "<frozen importlib._bootstrap>", line 488, in _call_with_frames_removed
  File "/opt/airflow/dags/driven_data_pipeline.py", line 19, in <module>
    start_date=datetime(2024, 9, 22),
               ^^^^^^^^
NameError: name 'datetime' is not defined. Did you forget to import 'datetime'
[2025-07-01T22:05:47.082+0000] {processor.py:927} WARNING - No viable dags retrieved from /opt/airflow/dags/driven_data_pipeline.py
[2025-07-01T22:05:47.160+0000] {processor.py:208} INFO - Processing /opt/airflow/dags/driven_data_pipeline.py took 0.172 seconds
[2025-07-01T22:06:17.424+0000] {processor.py:186} INFO - Started process (PID=758) to work on /opt/airflow/dags/driven_data_pipeline.py
[2025-07-01T22:06:17.426+0000] {processor.py:914} INFO - Processing file /opt/airflow/dags/driven_data_pipeline.py for tasks to queue
[2025-07-01T22:06:17.431+0000] {logging_mixin.py:190} INFO - [2025-07-01T22:06:17.430+0000] {dagbag.py:588} INFO - Filling up the DagBag from /opt/airflow/dags/driven_data_pipeline.py
[2025-07-01T22:06:17.476+0000] {logging_mixin.py:190} INFO - [2025-07-01T22:06:17.466+0000] {dagbag.py:387} ERROR - Failed to import: /opt/airflow/dags/driven_data_pipeline.py
Traceback (most recent call last):
  File "/home/airflow/.local/lib/python3.12/site-packages/airflow/models/dagbag.py", line 383, in parse
    loader.exec_module(new_module)
  File "<frozen importlib._bootstrap_external>", line 995, in exec_module
  File "<frozen importlib._bootstrap>", line 488, in _call_with_frames_removed
  File "/opt/airflow/dags/driven_data_pipeline.py", line 19, in <module>
    start_date=datetime(2024, 9, 22),
               ^^^^^^^^
NameError: name 'datetime' is not defined. Did you forget to import 'datetime'
[2025-07-01T22:06:17.481+0000] {processor.py:927} WARNING - No viable dags retrieved from /opt/airflow/dags/driven_data_pipeline.py
[2025-07-01T22:06:17.524+0000] {processor.py:208} INFO - Processing /opt/airflow/dags/driven_data_pipeline.py took 0.113 seconds
[2025-07-01T22:06:47.954+0000] {processor.py:186} INFO - Started process (PID=765) to work on /opt/airflow/dags/driven_data_pipeline.py
[2025-07-01T22:06:47.956+0000] {processor.py:914} INFO - Processing file /opt/airflow/dags/driven_data_pipeline.py for tasks to queue
[2025-07-01T22:06:47.961+0000] {logging_mixin.py:190} INFO - [2025-07-01T22:06:47.961+0000] {dagbag.py:588} INFO - Filling up the DagBag from /opt/airflow/dags/driven_data_pipeline.py
[2025-07-01T22:06:48.003+0000] {logging_mixin.py:190} INFO - [2025-07-01T22:06:47.993+0000] {dagbag.py:387} ERROR - Failed to import: /opt/airflow/dags/driven_data_pipeline.py
Traceback (most recent call last):
  File "/home/airflow/.local/lib/python3.12/site-packages/airflow/models/dagbag.py", line 383, in parse
    loader.exec_module(new_module)
  File "<frozen importlib._bootstrap_external>", line 995, in exec_module
  File "<frozen importlib._bootstrap>", line 488, in _call_with_frames_removed
  File "/opt/airflow/dags/driven_data_pipeline.py", line 19, in <module>
    start_date=datetime(2024, 9, 22),
               ^^^^^^^^
NameError: name 'datetime' is not defined. Did you forget to import 'datetime'
[2025-07-01T22:06:48.009+0000] {processor.py:927} WARNING - No viable dags retrieved from /opt/airflow/dags/driven_data_pipeline.py
[2025-07-01T22:06:48.047+0000] {processor.py:208} INFO - Processing /opt/airflow/dags/driven_data_pipeline.py took 0.102 seconds
[2025-07-01T22:07:18.429+0000] {processor.py:186} INFO - Started process (PID=772) to work on /opt/airflow/dags/driven_data_pipeline.py
[2025-07-01T22:07:18.433+0000] {processor.py:914} INFO - Processing file /opt/airflow/dags/driven_data_pipeline.py for tasks to queue
[2025-07-01T22:07:18.437+0000] {logging_mixin.py:190} INFO - [2025-07-01T22:07:18.437+0000] {dagbag.py:588} INFO - Filling up the DagBag from /opt/airflow/dags/driven_data_pipeline.py
[2025-07-01T22:07:18.472+0000] {logging_mixin.py:190} INFO - [2025-07-01T22:07:18.463+0000] {dagbag.py:387} ERROR - Failed to import: /opt/airflow/dags/driven_data_pipeline.py
Traceback (most recent call last):
  File "/home/airflow/.local/lib/python3.12/site-packages/airflow/models/dagbag.py", line 383, in parse
    loader.exec_module(new_module)
  File "<frozen importlib._bootstrap_external>", line 995, in exec_module
  File "<frozen importlib._bootstrap>", line 488, in _call_with_frames_removed
  File "/opt/airflow/dags/driven_data_pipeline.py", line 19, in <module>
    start_date=datetime(2024, 9, 22),
               ^^^^^^^^
NameError: name 'datetime' is not defined. Did you forget to import 'datetime'
[2025-07-01T22:07:18.477+0000] {processor.py:927} WARNING - No viable dags retrieved from /opt/airflow/dags/driven_data_pipeline.py
[2025-07-01T22:07:18.511+0000] {processor.py:208} INFO - Processing /opt/airflow/dags/driven_data_pipeline.py took 0.091 seconds
[2025-07-01T22:07:48.790+0000] {processor.py:186} INFO - Started process (PID=779) to work on /opt/airflow/dags/driven_data_pipeline.py
[2025-07-01T22:07:48.801+0000] {processor.py:914} INFO - Processing file /opt/airflow/dags/driven_data_pipeline.py for tasks to queue
[2025-07-01T22:07:48.807+0000] {logging_mixin.py:190} INFO - [2025-07-01T22:07:48.806+0000] {dagbag.py:588} INFO - Filling up the DagBag from /opt/airflow/dags/driven_data_pipeline.py
[2025-07-01T22:07:48.895+0000] {logging_mixin.py:190} INFO - [2025-07-01T22:07:48.842+0000] {dagbag.py:387} ERROR - Failed to import: /opt/airflow/dags/driven_data_pipeline.py
Traceback (most recent call last):
  File "/home/airflow/.local/lib/python3.12/site-packages/airflow/models/dagbag.py", line 383, in parse
    loader.exec_module(new_module)
  File "<frozen importlib._bootstrap_external>", line 995, in exec_module
  File "<frozen importlib._bootstrap>", line 488, in _call_with_frames_removed
  File "/opt/airflow/dags/driven_data_pipeline.py", line 19, in <module>
    start_date=datetime(2024, 9, 22),
               ^^^^^^^^
NameError: name 'datetime' is not defined. Did you forget to import 'datetime'
[2025-07-01T22:07:48.912+0000] {processor.py:927} WARNING - No viable dags retrieved from /opt/airflow/dags/driven_data_pipeline.py
[2025-07-01T22:07:49.086+0000] {processor.py:208} INFO - Processing /opt/airflow/dags/driven_data_pipeline.py took 0.311 seconds
[2025-07-01T22:08:19.232+0000] {processor.py:186} INFO - Started process (PID=786) to work on /opt/airflow/dags/driven_data_pipeline.py
[2025-07-01T22:08:19.235+0000] {processor.py:914} INFO - Processing file /opt/airflow/dags/driven_data_pipeline.py for tasks to queue
[2025-07-01T22:08:19.241+0000] {logging_mixin.py:190} INFO - [2025-07-01T22:08:19.240+0000] {dagbag.py:588} INFO - Filling up the DagBag from /opt/airflow/dags/driven_data_pipeline.py
[2025-07-01T22:08:19.284+0000] {logging_mixin.py:190} INFO - [2025-07-01T22:08:19.274+0000] {dagbag.py:387} ERROR - Failed to import: /opt/airflow/dags/driven_data_pipeline.py
Traceback (most recent call last):
  File "/home/airflow/.local/lib/python3.12/site-packages/airflow/models/dagbag.py", line 383, in parse
    loader.exec_module(new_module)
  File "<frozen importlib._bootstrap_external>", line 995, in exec_module
  File "<frozen importlib._bootstrap>", line 488, in _call_with_frames_removed
  File "/opt/airflow/dags/driven_data_pipeline.py", line 19, in <module>
    start_date=datetime(2024, 9, 22),
               ^^^^^^^^
NameError: name 'datetime' is not defined. Did you forget to import 'datetime'
[2025-07-01T22:08:19.291+0000] {processor.py:927} WARNING - No viable dags retrieved from /opt/airflow/dags/driven_data_pipeline.py
[2025-07-01T22:08:19.356+0000] {processor.py:208} INFO - Processing /opt/airflow/dags/driven_data_pipeline.py took 0.136 seconds
[2025-07-01T22:08:49.611+0000] {processor.py:186} INFO - Started process (PID=793) to work on /opt/airflow/dags/driven_data_pipeline.py
[2025-07-01T22:08:49.613+0000] {processor.py:914} INFO - Processing file /opt/airflow/dags/driven_data_pipeline.py for tasks to queue
[2025-07-01T22:08:49.617+0000] {logging_mixin.py:190} INFO - [2025-07-01T22:08:49.617+0000] {dagbag.py:588} INFO - Filling up the DagBag from /opt/airflow/dags/driven_data_pipeline.py
[2025-07-01T22:08:49.654+0000] {logging_mixin.py:190} INFO - [2025-07-01T22:08:49.644+0000] {dagbag.py:387} ERROR - Failed to import: /opt/airflow/dags/driven_data_pipeline.py
Traceback (most recent call last):
  File "/home/airflow/.local/lib/python3.12/site-packages/airflow/models/dagbag.py", line 383, in parse
    loader.exec_module(new_module)
  File "<frozen importlib._bootstrap_external>", line 995, in exec_module
  File "<frozen importlib._bootstrap>", line 488, in _call_with_frames_removed
  File "/opt/airflow/dags/driven_data_pipeline.py", line 19, in <module>
    start_date=datetime(2024, 9, 22),
               ^^^^^^^^
NameError: name 'datetime' is not defined. Did you forget to import 'datetime'
[2025-07-01T22:08:49.659+0000] {processor.py:927} WARNING - No viable dags retrieved from /opt/airflow/dags/driven_data_pipeline.py
[2025-07-01T22:08:49.732+0000] {processor.py:208} INFO - Processing /opt/airflow/dags/driven_data_pipeline.py took 0.131 seconds
[2025-07-01T22:09:20.132+0000] {processor.py:186} INFO - Started process (PID=800) to work on /opt/airflow/dags/driven_data_pipeline.py
[2025-07-01T22:09:20.134+0000] {processor.py:914} INFO - Processing file /opt/airflow/dags/driven_data_pipeline.py for tasks to queue
[2025-07-01T22:09:20.146+0000] {logging_mixin.py:190} INFO - [2025-07-01T22:09:20.143+0000] {dagbag.py:588} INFO - Filling up the DagBag from /opt/airflow/dags/driven_data_pipeline.py
[2025-07-01T22:09:20.215+0000] {logging_mixin.py:190} INFO - [2025-07-01T22:09:20.197+0000] {dagbag.py:387} ERROR - Failed to import: /opt/airflow/dags/driven_data_pipeline.py
Traceback (most recent call last):
  File "/home/airflow/.local/lib/python3.12/site-packages/airflow/models/dagbag.py", line 383, in parse
    loader.exec_module(new_module)
  File "<frozen importlib._bootstrap_external>", line 995, in exec_module
  File "<frozen importlib._bootstrap>", line 488, in _call_with_frames_removed
  File "/opt/airflow/dags/driven_data_pipeline.py", line 19, in <module>
    start_date=datetime(2024, 9, 22),
               ^^^^^^^^
NameError: name 'datetime' is not defined. Did you forget to import 'datetime'
[2025-07-01T22:09:20.231+0000] {processor.py:927} WARNING - No viable dags retrieved from /opt/airflow/dags/driven_data_pipeline.py
[2025-07-01T22:09:20.328+0000] {processor.py:208} INFO - Processing /opt/airflow/dags/driven_data_pipeline.py took 0.214 seconds
[2025-07-01T22:09:50.524+0000] {processor.py:186} INFO - Started process (PID=807) to work on /opt/airflow/dags/driven_data_pipeline.py
[2025-07-01T22:09:50.527+0000] {processor.py:914} INFO - Processing file /opt/airflow/dags/driven_data_pipeline.py for tasks to queue
[2025-07-01T22:09:50.532+0000] {logging_mixin.py:190} INFO - [2025-07-01T22:09:50.532+0000] {dagbag.py:588} INFO - Filling up the DagBag from /opt/airflow/dags/driven_data_pipeline.py
[2025-07-01T22:09:50.579+0000] {logging_mixin.py:190} INFO - [2025-07-01T22:09:50.567+0000] {dagbag.py:387} ERROR - Failed to import: /opt/airflow/dags/driven_data_pipeline.py
Traceback (most recent call last):
  File "/home/airflow/.local/lib/python3.12/site-packages/airflow/models/dagbag.py", line 383, in parse
    loader.exec_module(new_module)
  File "<frozen importlib._bootstrap_external>", line 995, in exec_module
  File "<frozen importlib._bootstrap>", line 488, in _call_with_frames_removed
  File "/opt/airflow/dags/driven_data_pipeline.py", line 19, in <module>
    start_date=datetime(2024, 9, 22),
               ^^^^^^^^
NameError: name 'datetime' is not defined. Did you forget to import 'datetime'
[2025-07-01T22:09:50.584+0000] {processor.py:927} WARNING - No viable dags retrieved from /opt/airflow/dags/driven_data_pipeline.py
[2025-07-01T22:09:50.626+0000] {processor.py:208} INFO - Processing /opt/airflow/dags/driven_data_pipeline.py took 0.115 seconds
[2025-07-01T22:10:20.874+0000] {processor.py:186} INFO - Started process (PID=815) to work on /opt/airflow/dags/driven_data_pipeline.py
[2025-07-01T22:10:20.876+0000] {processor.py:914} INFO - Processing file /opt/airflow/dags/driven_data_pipeline.py for tasks to queue
[2025-07-01T22:10:20.880+0000] {logging_mixin.py:190} INFO - [2025-07-01T22:10:20.879+0000] {dagbag.py:588} INFO - Filling up the DagBag from /opt/airflow/dags/driven_data_pipeline.py
[2025-07-01T22:10:20.928+0000] {logging_mixin.py:190} INFO - [2025-07-01T22:10:20.916+0000] {dagbag.py:387} ERROR - Failed to import: /opt/airflow/dags/driven_data_pipeline.py
Traceback (most recent call last):
  File "/home/airflow/.local/lib/python3.12/site-packages/airflow/models/dagbag.py", line 383, in parse
    loader.exec_module(new_module)
  File "<frozen importlib._bootstrap_external>", line 995, in exec_module
  File "<frozen importlib._bootstrap>", line 488, in _call_with_frames_removed
  File "/opt/airflow/dags/driven_data_pipeline.py", line 19, in <module>
    start_date=datetime(2024, 9, 22),
               ^^^^^^^^
NameError: name 'datetime' is not defined. Did you forget to import 'datetime'
[2025-07-01T22:10:20.937+0000] {processor.py:927} WARNING - No viable dags retrieved from /opt/airflow/dags/driven_data_pipeline.py
[2025-07-01T22:10:20.972+0000] {processor.py:208} INFO - Processing /opt/airflow/dags/driven_data_pipeline.py took 0.109 seconds
[2025-07-01T22:10:51.248+0000] {processor.py:186} INFO - Started process (PID=822) to work on /opt/airflow/dags/driven_data_pipeline.py
[2025-07-01T22:10:51.250+0000] {processor.py:914} INFO - Processing file /opt/airflow/dags/driven_data_pipeline.py for tasks to queue
[2025-07-01T22:10:51.256+0000] {logging_mixin.py:190} INFO - [2025-07-01T22:10:51.255+0000] {dagbag.py:588} INFO - Filling up the DagBag from /opt/airflow/dags/driven_data_pipeline.py
[2025-07-01T22:10:51.292+0000] {logging_mixin.py:190} INFO - [2025-07-01T22:10:51.283+0000] {dagbag.py:387} ERROR - Failed to import: /opt/airflow/dags/driven_data_pipeline.py
Traceback (most recent call last):
  File "/home/airflow/.local/lib/python3.12/site-packages/airflow/models/dagbag.py", line 383, in parse
    loader.exec_module(new_module)
  File "<frozen importlib._bootstrap_external>", line 995, in exec_module
  File "<frozen importlib._bootstrap>", line 488, in _call_with_frames_removed
  File "/opt/airflow/dags/driven_data_pipeline.py", line 19, in <module>
    start_date=datetime(2024, 9, 22),
               ^^^^^^^^
NameError: name 'datetime' is not defined. Did you forget to import 'datetime'
[2025-07-01T22:10:51.297+0000] {processor.py:927} WARNING - No viable dags retrieved from /opt/airflow/dags/driven_data_pipeline.py
[2025-07-01T22:10:51.332+0000] {processor.py:208} INFO - Processing /opt/airflow/dags/driven_data_pipeline.py took 0.094 seconds
[2025-07-01T22:11:21.625+0000] {processor.py:186} INFO - Started process (PID=829) to work on /opt/airflow/dags/driven_data_pipeline.py
[2025-07-01T22:11:21.627+0000] {processor.py:914} INFO - Processing file /opt/airflow/dags/driven_data_pipeline.py for tasks to queue
[2025-07-01T22:11:21.633+0000] {logging_mixin.py:190} INFO - [2025-07-01T22:11:21.632+0000] {dagbag.py:588} INFO - Filling up the DagBag from /opt/airflow/dags/driven_data_pipeline.py
[2025-07-01T22:11:21.681+0000] {logging_mixin.py:190} INFO - [2025-07-01T22:11:21.666+0000] {dagbag.py:387} ERROR - Failed to import: /opt/airflow/dags/driven_data_pipeline.py
Traceback (most recent call last):
  File "/home/airflow/.local/lib/python3.12/site-packages/airflow/models/dagbag.py", line 383, in parse
    loader.exec_module(new_module)
  File "<frozen importlib._bootstrap_external>", line 995, in exec_module
  File "<frozen importlib._bootstrap>", line 488, in _call_with_frames_removed
  File "/opt/airflow/dags/driven_data_pipeline.py", line 19, in <module>
    start_date=datetime(2024, 9, 22),
               ^^^^^^^^
NameError: name 'datetime' is not defined. Did you forget to import 'datetime'
[2025-07-01T22:11:21.699+0000] {processor.py:927} WARNING - No viable dags retrieved from /opt/airflow/dags/driven_data_pipeline.py
[2025-07-01T22:11:21.759+0000] {processor.py:208} INFO - Processing /opt/airflow/dags/driven_data_pipeline.py took 0.144 seconds
[2025-07-01T22:11:52.058+0000] {processor.py:186} INFO - Started process (PID=836) to work on /opt/airflow/dags/driven_data_pipeline.py
[2025-07-01T22:11:52.059+0000] {processor.py:914} INFO - Processing file /opt/airflow/dags/driven_data_pipeline.py for tasks to queue
[2025-07-01T22:11:52.064+0000] {logging_mixin.py:190} INFO - [2025-07-01T22:11:52.064+0000] {dagbag.py:588} INFO - Filling up the DagBag from /opt/airflow/dags/driven_data_pipeline.py
[2025-07-01T22:11:52.110+0000] {logging_mixin.py:190} INFO - [2025-07-01T22:11:52.100+0000] {dagbag.py:387} ERROR - Failed to import: /opt/airflow/dags/driven_data_pipeline.py
Traceback (most recent call last):
  File "/home/airflow/.local/lib/python3.12/site-packages/airflow/models/dagbag.py", line 383, in parse
    loader.exec_module(new_module)
  File "<frozen importlib._bootstrap_external>", line 995, in exec_module
  File "<frozen importlib._bootstrap>", line 488, in _call_with_frames_removed
  File "/opt/airflow/dags/driven_data_pipeline.py", line 19, in <module>
    start_date=datetime(2024, 9, 22),
               ^^^^^^^^
NameError: name 'datetime' is not defined. Did you forget to import 'datetime'
[2025-07-01T22:11:52.115+0000] {processor.py:927} WARNING - No viable dags retrieved from /opt/airflow/dags/driven_data_pipeline.py
[2025-07-01T22:11:52.146+0000] {processor.py:208} INFO - Processing /opt/airflow/dags/driven_data_pipeline.py took 0.097 seconds
[2025-07-01T22:12:13.476+0000] {processor.py:186} INFO - Started process (PID=837) to work on /opt/airflow/dags/driven_data_pipeline.py
[2025-07-01T22:12:13.479+0000] {processor.py:914} INFO - Processing file /opt/airflow/dags/driven_data_pipeline.py for tasks to queue
[2025-07-01T22:12:13.483+0000] {logging_mixin.py:190} INFO - [2025-07-01T22:12:13.483+0000] {dagbag.py:588} INFO - Filling up the DagBag from /opt/airflow/dags/driven_data_pipeline.py
[2025-07-01T22:12:13.571+0000] {logging_mixin.py:190} INFO - [2025-07-01T22:12:13.563+0000] {dagbag.py:387} ERROR - Failed to import: /opt/airflow/dags/driven_data_pipeline.py
Traceback (most recent call last):
  File "/home/airflow/.local/lib/python3.12/site-packages/airflow/models/dagbag.py", line 383, in parse
    loader.exec_module(new_module)
  File "<frozen importlib._bootstrap_external>", line 995, in exec_module
  File "<frozen importlib._bootstrap>", line 488, in _call_with_frames_removed
  File "/opt/airflow/dags/driven_data_pipeline.py", line 6, in <module>
    import polars as pl
ModuleNotFoundError: No module named 'polars'
[2025-07-01T22:12:13.575+0000] {processor.py:927} WARNING - No viable dags retrieved from /opt/airflow/dags/driven_data_pipeline.py
[2025-07-01T22:12:13.610+0000] {processor.py:208} INFO - Processing /opt/airflow/dags/driven_data_pipeline.py took 0.144 seconds
[2025-07-01T22:12:43.930+0000] {processor.py:186} INFO - Started process (PID=844) to work on /opt/airflow/dags/driven_data_pipeline.py
[2025-07-01T22:12:43.933+0000] {processor.py:914} INFO - Processing file /opt/airflow/dags/driven_data_pipeline.py for tasks to queue
[2025-07-01T22:12:43.938+0000] {logging_mixin.py:190} INFO - [2025-07-01T22:12:43.938+0000] {dagbag.py:588} INFO - Filling up the DagBag from /opt/airflow/dags/driven_data_pipeline.py
[2025-07-01T22:12:43.977+0000] {logging_mixin.py:190} INFO - [2025-07-01T22:12:43.968+0000] {dagbag.py:387} ERROR - Failed to import: /opt/airflow/dags/driven_data_pipeline.py
Traceback (most recent call last):
  File "/home/airflow/.local/lib/python3.12/site-packages/airflow/models/dagbag.py", line 383, in parse
    loader.exec_module(new_module)
  File "<frozen importlib._bootstrap_external>", line 995, in exec_module
  File "<frozen importlib._bootstrap>", line 488, in _call_with_frames_removed
  File "/opt/airflow/dags/driven_data_pipeline.py", line 6, in <module>
    import polars as pl
ModuleNotFoundError: No module named 'polars'
[2025-07-01T22:12:43.980+0000] {processor.py:927} WARNING - No viable dags retrieved from /opt/airflow/dags/driven_data_pipeline.py
[2025-07-01T22:12:44.022+0000] {processor.py:208} INFO - Processing /opt/airflow/dags/driven_data_pipeline.py took 0.103 seconds
[2025-07-01T22:13:14.400+0000] {processor.py:186} INFO - Started process (PID=851) to work on /opt/airflow/dags/driven_data_pipeline.py
[2025-07-01T22:13:14.402+0000] {processor.py:914} INFO - Processing file /opt/airflow/dags/driven_data_pipeline.py for tasks to queue
[2025-07-01T22:13:14.409+0000] {logging_mixin.py:190} INFO - [2025-07-01T22:13:14.408+0000] {dagbag.py:588} INFO - Filling up the DagBag from /opt/airflow/dags/driven_data_pipeline.py
[2025-07-01T22:13:14.463+0000] {logging_mixin.py:190} INFO - [2025-07-01T22:13:14.438+0000] {dagbag.py:387} ERROR - Failed to import: /opt/airflow/dags/driven_data_pipeline.py
Traceback (most recent call last):
  File "/home/airflow/.local/lib/python3.12/site-packages/airflow/models/dagbag.py", line 383, in parse
    loader.exec_module(new_module)
  File "<frozen importlib._bootstrap_external>", line 995, in exec_module
  File "<frozen importlib._bootstrap>", line 488, in _call_with_frames_removed
  File "/opt/airflow/dags/driven_data_pipeline.py", line 6, in <module>
    import polars as pl
ModuleNotFoundError: No module named 'polars'
[2025-07-01T22:13:14.472+0000] {processor.py:927} WARNING - No viable dags retrieved from /opt/airflow/dags/driven_data_pipeline.py
[2025-07-01T22:13:14.530+0000] {processor.py:208} INFO - Processing /opt/airflow/dags/driven_data_pipeline.py took 0.140 seconds
[2025-07-01T22:13:44.833+0000] {processor.py:186} INFO - Started process (PID=858) to work on /opt/airflow/dags/driven_data_pipeline.py
[2025-07-01T22:13:44.835+0000] {processor.py:914} INFO - Processing file /opt/airflow/dags/driven_data_pipeline.py for tasks to queue
[2025-07-01T22:13:44.840+0000] {logging_mixin.py:190} INFO - [2025-07-01T22:13:44.839+0000] {dagbag.py:588} INFO - Filling up the DagBag from /opt/airflow/dags/driven_data_pipeline.py
[2025-07-01T22:13:44.871+0000] {logging_mixin.py:190} INFO - [2025-07-01T22:13:44.865+0000] {dagbag.py:387} ERROR - Failed to import: /opt/airflow/dags/driven_data_pipeline.py
Traceback (most recent call last):
  File "/home/airflow/.local/lib/python3.12/site-packages/airflow/models/dagbag.py", line 383, in parse
    loader.exec_module(new_module)
  File "<frozen importlib._bootstrap_external>", line 995, in exec_module
  File "<frozen importlib._bootstrap>", line 488, in _call_with_frames_removed
  File "/opt/airflow/dags/driven_data_pipeline.py", line 6, in <module>
    import polars as pl
ModuleNotFoundError: No module named 'polars'
[2025-07-01T22:13:44.873+0000] {processor.py:927} WARNING - No viable dags retrieved from /opt/airflow/dags/driven_data_pipeline.py
[2025-07-01T22:13:44.902+0000] {processor.py:208} INFO - Processing /opt/airflow/dags/driven_data_pipeline.py took 0.078 seconds
[2025-07-01T22:14:15.301+0000] {processor.py:186} INFO - Started process (PID=865) to work on /opt/airflow/dags/driven_data_pipeline.py
[2025-07-01T22:14:15.305+0000] {processor.py:914} INFO - Processing file /opt/airflow/dags/driven_data_pipeline.py for tasks to queue
[2025-07-01T22:14:15.311+0000] {logging_mixin.py:190} INFO - [2025-07-01T22:14:15.310+0000] {dagbag.py:588} INFO - Filling up the DagBag from /opt/airflow/dags/driven_data_pipeline.py
[2025-07-01T22:14:15.339+0000] {logging_mixin.py:190} INFO - [2025-07-01T22:14:15.333+0000] {dagbag.py:387} ERROR - Failed to import: /opt/airflow/dags/driven_data_pipeline.py
Traceback (most recent call last):
  File "/home/airflow/.local/lib/python3.12/site-packages/airflow/models/dagbag.py", line 383, in parse
    loader.exec_module(new_module)
  File "<frozen importlib._bootstrap_external>", line 995, in exec_module
  File "<frozen importlib._bootstrap>", line 488, in _call_with_frames_removed
  File "/opt/airflow/dags/driven_data_pipeline.py", line 6, in <module>
    import polars as pl
ModuleNotFoundError: No module named 'polars'
[2025-07-01T22:14:15.341+0000] {processor.py:927} WARNING - No viable dags retrieved from /opt/airflow/dags/driven_data_pipeline.py
[2025-07-01T22:14:15.374+0000] {processor.py:208} INFO - Processing /opt/airflow/dags/driven_data_pipeline.py took 0.083 seconds
[2025-07-01T22:14:45.708+0000] {processor.py:186} INFO - Started process (PID=872) to work on /opt/airflow/dags/driven_data_pipeline.py
[2025-07-01T22:14:45.712+0000] {processor.py:914} INFO - Processing file /opt/airflow/dags/driven_data_pipeline.py for tasks to queue
[2025-07-01T22:14:45.721+0000] {logging_mixin.py:190} INFO - [2025-07-01T22:14:45.720+0000] {dagbag.py:588} INFO - Filling up the DagBag from /opt/airflow/dags/driven_data_pipeline.py
[2025-07-01T22:14:45.755+0000] {logging_mixin.py:190} INFO - [2025-07-01T22:14:45.748+0000] {dagbag.py:387} ERROR - Failed to import: /opt/airflow/dags/driven_data_pipeline.py
Traceback (most recent call last):
  File "/home/airflow/.local/lib/python3.12/site-packages/airflow/models/dagbag.py", line 383, in parse
    loader.exec_module(new_module)
  File "<frozen importlib._bootstrap_external>", line 995, in exec_module
  File "<frozen importlib._bootstrap>", line 488, in _call_with_frames_removed
  File "/opt/airflow/dags/driven_data_pipeline.py", line 6, in <module>
    import polars as pl
ModuleNotFoundError: No module named 'polars'
[2025-07-01T22:14:45.759+0000] {processor.py:927} WARNING - No viable dags retrieved from /opt/airflow/dags/driven_data_pipeline.py
[2025-07-01T22:14:45.796+0000] {processor.py:208} INFO - Processing /opt/airflow/dags/driven_data_pipeline.py took 0.104 seconds
[2025-07-01T22:15:16.266+0000] {processor.py:186} INFO - Started process (PID=879) to work on /opt/airflow/dags/driven_data_pipeline.py
[2025-07-01T22:15:16.269+0000] {processor.py:914} INFO - Processing file /opt/airflow/dags/driven_data_pipeline.py for tasks to queue
[2025-07-01T22:15:16.276+0000] {logging_mixin.py:190} INFO - [2025-07-01T22:15:16.275+0000] {dagbag.py:588} INFO - Filling up the DagBag from /opt/airflow/dags/driven_data_pipeline.py
[2025-07-01T22:15:16.316+0000] {logging_mixin.py:190} INFO - [2025-07-01T22:15:16.310+0000] {dagbag.py:387} ERROR - Failed to import: /opt/airflow/dags/driven_data_pipeline.py
Traceback (most recent call last):
  File "/home/airflow/.local/lib/python3.12/site-packages/airflow/models/dagbag.py", line 383, in parse
    loader.exec_module(new_module)
  File "<frozen importlib._bootstrap_external>", line 995, in exec_module
  File "<frozen importlib._bootstrap>", line 488, in _call_with_frames_removed
  File "/opt/airflow/dags/driven_data_pipeline.py", line 6, in <module>
    import polars as pl
ModuleNotFoundError: No module named 'polars'
[2025-07-01T22:15:16.318+0000] {processor.py:927} WARNING - No viable dags retrieved from /opt/airflow/dags/driven_data_pipeline.py
[2025-07-01T22:15:16.352+0000] {processor.py:208} INFO - Processing /opt/airflow/dags/driven_data_pipeline.py took 0.144 seconds
[2025-07-01T22:15:46.745+0000] {processor.py:186} INFO - Started process (PID=886) to work on /opt/airflow/dags/driven_data_pipeline.py
[2025-07-01T22:15:46.750+0000] {processor.py:914} INFO - Processing file /opt/airflow/dags/driven_data_pipeline.py for tasks to queue
[2025-07-01T22:15:46.759+0000] {logging_mixin.py:190} INFO - [2025-07-01T22:15:46.758+0000] {dagbag.py:588} INFO - Filling up the DagBag from /opt/airflow/dags/driven_data_pipeline.py
[2025-07-01T22:15:46.825+0000] {logging_mixin.py:190} INFO - [2025-07-01T22:15:46.813+0000] {dagbag.py:387} ERROR - Failed to import: /opt/airflow/dags/driven_data_pipeline.py
Traceback (most recent call last):
  File "/home/airflow/.local/lib/python3.12/site-packages/airflow/models/dagbag.py", line 383, in parse
    loader.exec_module(new_module)
  File "<frozen importlib._bootstrap_external>", line 995, in exec_module
  File "<frozen importlib._bootstrap>", line 488, in _call_with_frames_removed
  File "/opt/airflow/dags/driven_data_pipeline.py", line 6, in <module>
    import polars as pl
ModuleNotFoundError: No module named 'polars'
[2025-07-01T22:15:46.830+0000] {processor.py:927} WARNING - No viable dags retrieved from /opt/airflow/dags/driven_data_pipeline.py
[2025-07-01T22:15:46.886+0000] {processor.py:208} INFO - Processing /opt/airflow/dags/driven_data_pipeline.py took 0.157 seconds
[2025-07-01T22:16:17.226+0000] {processor.py:186} INFO - Started process (PID=893) to work on /opt/airflow/dags/driven_data_pipeline.py
[2025-07-01T22:16:17.230+0000] {processor.py:914} INFO - Processing file /opt/airflow/dags/driven_data_pipeline.py for tasks to queue
[2025-07-01T22:16:17.271+0000] {logging_mixin.py:190} INFO - [2025-07-01T22:16:17.270+0000] {dagbag.py:588} INFO - Filling up the DagBag from /opt/airflow/dags/driven_data_pipeline.py
[2025-07-01T22:16:17.323+0000] {logging_mixin.py:190} INFO - [2025-07-01T22:16:17.309+0000] {dagbag.py:387} ERROR - Failed to import: /opt/airflow/dags/driven_data_pipeline.py
Traceback (most recent call last):
  File "/home/airflow/.local/lib/python3.12/site-packages/airflow/models/dagbag.py", line 383, in parse
    loader.exec_module(new_module)
  File "<frozen importlib._bootstrap_external>", line 995, in exec_module
  File "<frozen importlib._bootstrap>", line 488, in _call_with_frames_removed
  File "/opt/airflow/dags/driven_data_pipeline.py", line 6, in <module>
    import polars as pl
ModuleNotFoundError: No module named 'polars'
[2025-07-01T22:16:17.328+0000] {processor.py:927} WARNING - No viable dags retrieved from /opt/airflow/dags/driven_data_pipeline.py
[2025-07-01T22:16:17.407+0000] {processor.py:208} INFO - Processing /opt/airflow/dags/driven_data_pipeline.py took 0.219 seconds
[2025-07-01T22:16:47.810+0000] {processor.py:186} INFO - Started process (PID=900) to work on /opt/airflow/dags/driven_data_pipeline.py
[2025-07-01T22:16:47.813+0000] {processor.py:914} INFO - Processing file /opt/airflow/dags/driven_data_pipeline.py for tasks to queue
[2025-07-01T22:16:47.820+0000] {logging_mixin.py:190} INFO - [2025-07-01T22:16:47.819+0000] {dagbag.py:588} INFO - Filling up the DagBag from /opt/airflow/dags/driven_data_pipeline.py
[2025-07-01T22:16:47.856+0000] {logging_mixin.py:190} INFO - [2025-07-01T22:16:47.849+0000] {dagbag.py:387} ERROR - Failed to import: /opt/airflow/dags/driven_data_pipeline.py
Traceback (most recent call last):
  File "/home/airflow/.local/lib/python3.12/site-packages/airflow/models/dagbag.py", line 383, in parse
    loader.exec_module(new_module)
  File "<frozen importlib._bootstrap_external>", line 995, in exec_module
  File "<frozen importlib._bootstrap>", line 488, in _call_with_frames_removed
  File "/opt/airflow/dags/driven_data_pipeline.py", line 6, in <module>
    import polars as pl
ModuleNotFoundError: No module named 'polars'
[2025-07-01T22:16:47.859+0000] {processor.py:927} WARNING - No viable dags retrieved from /opt/airflow/dags/driven_data_pipeline.py
[2025-07-01T22:16:47.900+0000] {processor.py:208} INFO - Processing /opt/airflow/dags/driven_data_pipeline.py took 0.123 seconds
[2025-07-01T22:17:18.309+0000] {processor.py:186} INFO - Started process (PID=907) to work on /opt/airflow/dags/driven_data_pipeline.py
[2025-07-01T22:17:18.311+0000] {processor.py:914} INFO - Processing file /opt/airflow/dags/driven_data_pipeline.py for tasks to queue
[2025-07-01T22:17:18.321+0000] {logging_mixin.py:190} INFO - [2025-07-01T22:17:18.320+0000] {dagbag.py:588} INFO - Filling up the DagBag from /opt/airflow/dags/driven_data_pipeline.py
[2025-07-01T22:17:18.379+0000] {logging_mixin.py:190} INFO - [2025-07-01T22:17:18.361+0000] {dagbag.py:387} ERROR - Failed to import: /opt/airflow/dags/driven_data_pipeline.py
Traceback (most recent call last):
  File "/home/airflow/.local/lib/python3.12/site-packages/airflow/models/dagbag.py", line 383, in parse
    loader.exec_module(new_module)
  File "<frozen importlib._bootstrap_external>", line 995, in exec_module
  File "<frozen importlib._bootstrap>", line 488, in _call_with_frames_removed
  File "/opt/airflow/dags/driven_data_pipeline.py", line 6, in <module>
    import polars as pl
ModuleNotFoundError: No module named 'polars'
[2025-07-01T22:17:18.387+0000] {processor.py:927} WARNING - No viable dags retrieved from /opt/airflow/dags/driven_data_pipeline.py
[2025-07-01T22:17:18.458+0000] {processor.py:208} INFO - Processing /opt/airflow/dags/driven_data_pipeline.py took 0.160 seconds
[2025-07-01T22:19:51.948+0000] {processor.py:186} INFO - Started process (PID=66) to work on /opt/airflow/dags/driven_data_pipeline.py
[2025-07-01T22:19:51.953+0000] {processor.py:914} INFO - Processing file /opt/airflow/dags/driven_data_pipeline.py for tasks to queue
[2025-07-01T22:19:51.966+0000] {logging_mixin.py:190} INFO - [2025-07-01T22:19:51.963+0000] {dagbag.py:588} INFO - Filling up the DagBag from /opt/airflow/dags/driven_data_pipeline.py
[2025-07-01T22:19:52.030+0000] {logging_mixin.py:190} INFO - [2025-07-01T22:19:52.020+0000] {dagbag.py:387} ERROR - Failed to import: /opt/airflow/dags/driven_data_pipeline.py
Traceback (most recent call last):
  File "/home/airflow/.local/lib/python3.12/site-packages/airflow/models/dagbag.py", line 383, in parse
    loader.exec_module(new_module)
  File "<frozen importlib._bootstrap_external>", line 995, in exec_module
  File "<frozen importlib._bootstrap>", line 488, in _call_with_frames_removed
  File "/opt/airflow/dags/driven_data_pipeline.py", line 6, in <module>
    import polars as pl
ModuleNotFoundError: No module named 'polars'
[2025-07-01T22:19:52.038+0000] {processor.py:927} WARNING - No viable dags retrieved from /opt/airflow/dags/driven_data_pipeline.py
[2025-07-01T22:19:52.097+0000] {processor.py:208} INFO - Processing /opt/airflow/dags/driven_data_pipeline.py took 0.177 seconds
[2025-07-01T22:20:22.830+0000] {processor.py:186} INFO - Started process (PID=73) to work on /opt/airflow/dags/driven_data_pipeline.py
[2025-07-01T22:20:22.834+0000] {processor.py:914} INFO - Processing file /opt/airflow/dags/driven_data_pipeline.py for tasks to queue
[2025-07-01T22:20:22.856+0000] {logging_mixin.py:190} INFO - [2025-07-01T22:20:22.853+0000] {dagbag.py:588} INFO - Filling up the DagBag from /opt/airflow/dags/driven_data_pipeline.py
[2025-07-01T22:20:22.984+0000] {logging_mixin.py:190} INFO - [2025-07-01T22:20:22.972+0000] {dagbag.py:387} ERROR - Failed to import: /opt/airflow/dags/driven_data_pipeline.py
Traceback (most recent call last):
  File "/home/airflow/.local/lib/python3.12/site-packages/airflow/models/dagbag.py", line 383, in parse
    loader.exec_module(new_module)
  File "<frozen importlib._bootstrap_external>", line 995, in exec_module
  File "<frozen importlib._bootstrap>", line 488, in _call_with_frames_removed
  File "/opt/airflow/dags/driven_data_pipeline.py", line 6, in <module>
    import polars as pl
ModuleNotFoundError: No module named 'polars'
[2025-07-01T22:20:22.988+0000] {processor.py:927} WARNING - No viable dags retrieved from /opt/airflow/dags/driven_data_pipeline.py
[2025-07-01T22:20:23.102+0000] {processor.py:208} INFO - Processing /opt/airflow/dags/driven_data_pipeline.py took 0.297 seconds
[2025-07-01T22:20:53.402+0000] {processor.py:186} INFO - Started process (PID=80) to work on /opt/airflow/dags/driven_data_pipeline.py
[2025-07-01T22:20:53.405+0000] {processor.py:914} INFO - Processing file /opt/airflow/dags/driven_data_pipeline.py for tasks to queue
[2025-07-01T22:20:53.414+0000] {logging_mixin.py:190} INFO - [2025-07-01T22:20:53.412+0000] {dagbag.py:588} INFO - Filling up the DagBag from /opt/airflow/dags/driven_data_pipeline.py
[2025-07-01T22:20:53.458+0000] {logging_mixin.py:190} INFO - [2025-07-01T22:20:53.449+0000] {dagbag.py:387} ERROR - Failed to import: /opt/airflow/dags/driven_data_pipeline.py
Traceback (most recent call last):
  File "/home/airflow/.local/lib/python3.12/site-packages/airflow/models/dagbag.py", line 383, in parse
    loader.exec_module(new_module)
  File "<frozen importlib._bootstrap_external>", line 995, in exec_module
  File "<frozen importlib._bootstrap>", line 488, in _call_with_frames_removed
  File "/opt/airflow/dags/driven_data_pipeline.py", line 6, in <module>
    import polars as pl
ModuleNotFoundError: No module named 'polars'
[2025-07-01T22:20:53.462+0000] {processor.py:927} WARNING - No viable dags retrieved from /opt/airflow/dags/driven_data_pipeline.py
[2025-07-01T22:20:53.536+0000] {processor.py:208} INFO - Processing /opt/airflow/dags/driven_data_pipeline.py took 0.149 seconds
[2025-07-01T22:21:24.113+0000] {processor.py:186} INFO - Started process (PID=87) to work on /opt/airflow/dags/driven_data_pipeline.py
[2025-07-01T22:21:24.116+0000] {processor.py:914} INFO - Processing file /opt/airflow/dags/driven_data_pipeline.py for tasks to queue
[2025-07-01T22:21:24.125+0000] {logging_mixin.py:190} INFO - [2025-07-01T22:21:24.124+0000] {dagbag.py:588} INFO - Filling up the DagBag from /opt/airflow/dags/driven_data_pipeline.py
[2025-07-01T22:21:24.200+0000] {logging_mixin.py:190} INFO - [2025-07-01T22:21:24.177+0000] {dagbag.py:387} ERROR - Failed to import: /opt/airflow/dags/driven_data_pipeline.py
Traceback (most recent call last):
  File "/home/airflow/.local/lib/python3.12/site-packages/airflow/models/dagbag.py", line 383, in parse
    loader.exec_module(new_module)
  File "<frozen importlib._bootstrap_external>", line 995, in exec_module
  File "<frozen importlib._bootstrap>", line 488, in _call_with_frames_removed
  File "/opt/airflow/dags/driven_data_pipeline.py", line 6, in <module>
    import polars as pl
ModuleNotFoundError: No module named 'polars'
[2025-07-01T22:21:24.209+0000] {processor.py:927} WARNING - No viable dags retrieved from /opt/airflow/dags/driven_data_pipeline.py
[2025-07-01T22:21:24.288+0000] {processor.py:208} INFO - Processing /opt/airflow/dags/driven_data_pipeline.py took 0.193 seconds
[2025-07-01T22:21:54.509+0000] {processor.py:186} INFO - Started process (PID=94) to work on /opt/airflow/dags/driven_data_pipeline.py
[2025-07-01T22:21:54.511+0000] {processor.py:914} INFO - Processing file /opt/airflow/dags/driven_data_pipeline.py for tasks to queue
[2025-07-01T22:21:54.524+0000] {logging_mixin.py:190} INFO - [2025-07-01T22:21:54.522+0000] {dagbag.py:588} INFO - Filling up the DagBag from /opt/airflow/dags/driven_data_pipeline.py
[2025-07-01T22:21:54.610+0000] {logging_mixin.py:190} INFO - [2025-07-01T22:21:54.594+0000] {dagbag.py:387} ERROR - Failed to import: /opt/airflow/dags/driven_data_pipeline.py
Traceback (most recent call last):
  File "/home/airflow/.local/lib/python3.12/site-packages/airflow/models/dagbag.py", line 383, in parse
    loader.exec_module(new_module)
  File "<frozen importlib._bootstrap_external>", line 995, in exec_module
  File "<frozen importlib._bootstrap>", line 488, in _call_with_frames_removed
  File "/opt/airflow/dags/driven_data_pipeline.py", line 6, in <module>
    import polars as pl
ModuleNotFoundError: No module named 'polars'
[2025-07-01T22:21:54.617+0000] {processor.py:927} WARNING - No viable dags retrieved from /opt/airflow/dags/driven_data_pipeline.py
[2025-07-01T22:21:54.668+0000] {processor.py:208} INFO - Processing /opt/airflow/dags/driven_data_pipeline.py took 0.174 seconds
[2025-07-01T22:22:25.086+0000] {processor.py:186} INFO - Started process (PID=101) to work on /opt/airflow/dags/driven_data_pipeline.py
[2025-07-01T22:22:25.088+0000] {processor.py:914} INFO - Processing file /opt/airflow/dags/driven_data_pipeline.py for tasks to queue
[2025-07-01T22:22:25.097+0000] {logging_mixin.py:190} INFO - [2025-07-01T22:22:25.095+0000] {dagbag.py:588} INFO - Filling up the DagBag from /opt/airflow/dags/driven_data_pipeline.py
[2025-07-01T22:22:25.145+0000] {logging_mixin.py:190} INFO - [2025-07-01T22:22:25.135+0000] {dagbag.py:387} ERROR - Failed to import: /opt/airflow/dags/driven_data_pipeline.py
Traceback (most recent call last):
  File "/home/airflow/.local/lib/python3.12/site-packages/airflow/models/dagbag.py", line 383, in parse
    loader.exec_module(new_module)
  File "<frozen importlib._bootstrap_external>", line 995, in exec_module
  File "<frozen importlib._bootstrap>", line 488, in _call_with_frames_removed
  File "/opt/airflow/dags/driven_data_pipeline.py", line 6, in <module>
    import polars as pl
ModuleNotFoundError: No module named 'polars'
[2025-07-01T22:22:25.148+0000] {processor.py:927} WARNING - No viable dags retrieved from /opt/airflow/dags/driven_data_pipeline.py
[2025-07-01T22:22:25.192+0000] {processor.py:208} INFO - Processing /opt/airflow/dags/driven_data_pipeline.py took 0.120 seconds
[2025-07-01T22:22:55.482+0000] {processor.py:186} INFO - Started process (PID=108) to work on /opt/airflow/dags/driven_data_pipeline.py
[2025-07-01T22:22:55.484+0000] {processor.py:914} INFO - Processing file /opt/airflow/dags/driven_data_pipeline.py for tasks to queue
[2025-07-01T22:22:55.494+0000] {logging_mixin.py:190} INFO - [2025-07-01T22:22:55.492+0000] {dagbag.py:588} INFO - Filling up the DagBag from /opt/airflow/dags/driven_data_pipeline.py
[2025-07-01T22:22:55.545+0000] {logging_mixin.py:190} INFO - [2025-07-01T22:22:55.536+0000] {dagbag.py:387} ERROR - Failed to import: /opt/airflow/dags/driven_data_pipeline.py
Traceback (most recent call last):
  File "/home/airflow/.local/lib/python3.12/site-packages/airflow/models/dagbag.py", line 383, in parse
    loader.exec_module(new_module)
  File "<frozen importlib._bootstrap_external>", line 995, in exec_module
  File "<frozen importlib._bootstrap>", line 488, in _call_with_frames_removed
  File "/opt/airflow/dags/driven_data_pipeline.py", line 6, in <module>
    import polars as pl
ModuleNotFoundError: No module named 'polars'
[2025-07-01T22:22:55.549+0000] {processor.py:927} WARNING - No viable dags retrieved from /opt/airflow/dags/driven_data_pipeline.py
[2025-07-01T22:22:55.590+0000] {processor.py:208} INFO - Processing /opt/airflow/dags/driven_data_pipeline.py took 0.119 seconds
[2025-07-01T22:23:26.109+0000] {processor.py:186} INFO - Started process (PID=114) to work on /opt/airflow/dags/driven_data_pipeline.py
[2025-07-01T22:23:26.111+0000] {processor.py:914} INFO - Processing file /opt/airflow/dags/driven_data_pipeline.py for tasks to queue
[2025-07-01T22:23:26.116+0000] {logging_mixin.py:190} INFO - [2025-07-01T22:23:26.115+0000] {dagbag.py:588} INFO - Filling up the DagBag from /opt/airflow/dags/driven_data_pipeline.py
[2025-07-01T22:23:26.186+0000] {logging_mixin.py:190} INFO - [2025-07-01T22:23:26.166+0000] {dagbag.py:387} ERROR - Failed to import: /opt/airflow/dags/driven_data_pipeline.py
Traceback (most recent call last):
  File "/home/airflow/.local/lib/python3.12/site-packages/airflow/models/dagbag.py", line 383, in parse
    loader.exec_module(new_module)
  File "<frozen importlib._bootstrap_external>", line 995, in exec_module
  File "<frozen importlib._bootstrap>", line 488, in _call_with_frames_removed
  File "/opt/airflow/dags/driven_data_pipeline.py", line 6, in <module>
    import polars as pl
ModuleNotFoundError: No module named 'polars'
[2025-07-01T22:23:26.190+0000] {processor.py:927} WARNING - No viable dags retrieved from /opt/airflow/dags/driven_data_pipeline.py
[2025-07-01T22:23:26.241+0000] {processor.py:208} INFO - Processing /opt/airflow/dags/driven_data_pipeline.py took 0.147 seconds
[2025-07-01T22:23:56.553+0000] {processor.py:186} INFO - Started process (PID=122) to work on /opt/airflow/dags/driven_data_pipeline.py
[2025-07-01T22:23:56.556+0000] {processor.py:914} INFO - Processing file /opt/airflow/dags/driven_data_pipeline.py for tasks to queue
[2025-07-01T22:23:56.569+0000] {logging_mixin.py:190} INFO - [2025-07-01T22:23:56.567+0000] {dagbag.py:588} INFO - Filling up the DagBag from /opt/airflow/dags/driven_data_pipeline.py
[2025-07-01T22:23:56.618+0000] {logging_mixin.py:190} INFO - [2025-07-01T22:23:56.609+0000] {dagbag.py:387} ERROR - Failed to import: /opt/airflow/dags/driven_data_pipeline.py
Traceback (most recent call last):
  File "/home/airflow/.local/lib/python3.12/site-packages/airflow/models/dagbag.py", line 383, in parse
    loader.exec_module(new_module)
  File "<frozen importlib._bootstrap_external>", line 995, in exec_module
  File "<frozen importlib._bootstrap>", line 488, in _call_with_frames_removed
  File "/opt/airflow/dags/driven_data_pipeline.py", line 6, in <module>
    import polars as pl
ModuleNotFoundError: No module named 'polars'
[2025-07-01T22:23:56.620+0000] {processor.py:927} WARNING - No viable dags retrieved from /opt/airflow/dags/driven_data_pipeline.py
[2025-07-01T22:23:56.657+0000] {processor.py:208} INFO - Processing /opt/airflow/dags/driven_data_pipeline.py took 0.121 seconds
[2025-07-01T22:24:27.135+0000] {processor.py:186} INFO - Started process (PID=129) to work on /opt/airflow/dags/driven_data_pipeline.py
[2025-07-01T22:24:27.137+0000] {processor.py:914} INFO - Processing file /opt/airflow/dags/driven_data_pipeline.py for tasks to queue
[2025-07-01T22:24:27.149+0000] {logging_mixin.py:190} INFO - [2025-07-01T22:24:27.146+0000] {dagbag.py:588} INFO - Filling up the DagBag from /opt/airflow/dags/driven_data_pipeline.py
[2025-07-01T22:24:27.186+0000] {logging_mixin.py:190} INFO - [2025-07-01T22:24:27.177+0000] {dagbag.py:387} ERROR - Failed to import: /opt/airflow/dags/driven_data_pipeline.py
Traceback (most recent call last):
  File "/home/airflow/.local/lib/python3.12/site-packages/airflow/models/dagbag.py", line 383, in parse
    loader.exec_module(new_module)
  File "<frozen importlib._bootstrap_external>", line 995, in exec_module
  File "<frozen importlib._bootstrap>", line 488, in _call_with_frames_removed
  File "/opt/airflow/dags/driven_data_pipeline.py", line 6, in <module>
    import polars as pl
ModuleNotFoundError: No module named 'polars'
[2025-07-01T22:24:27.188+0000] {processor.py:927} WARNING - No viable dags retrieved from /opt/airflow/dags/driven_data_pipeline.py
[2025-07-01T22:24:27.240+0000] {processor.py:208} INFO - Processing /opt/airflow/dags/driven_data_pipeline.py took 0.135 seconds
[2025-07-01T22:24:57.523+0000] {processor.py:186} INFO - Started process (PID=136) to work on /opt/airflow/dags/driven_data_pipeline.py
[2025-07-01T22:24:57.527+0000] {processor.py:914} INFO - Processing file /opt/airflow/dags/driven_data_pipeline.py for tasks to queue
[2025-07-01T22:24:57.537+0000] {logging_mixin.py:190} INFO - [2025-07-01T22:24:57.536+0000] {dagbag.py:588} INFO - Filling up the DagBag from /opt/airflow/dags/driven_data_pipeline.py
[2025-07-01T22:24:57.596+0000] {logging_mixin.py:190} INFO - [2025-07-01T22:24:57.582+0000] {dagbag.py:387} ERROR - Failed to import: /opt/airflow/dags/driven_data_pipeline.py
Traceback (most recent call last):
  File "/home/airflow/.local/lib/python3.12/site-packages/airflow/models/dagbag.py", line 383, in parse
    loader.exec_module(new_module)
  File "<frozen importlib._bootstrap_external>", line 995, in exec_module
  File "<frozen importlib._bootstrap>", line 488, in _call_with_frames_removed
  File "/opt/airflow/dags/driven_data_pipeline.py", line 6, in <module>
    import polars as pl
ModuleNotFoundError: No module named 'polars'
[2025-07-01T22:24:57.601+0000] {processor.py:927} WARNING - No viable dags retrieved from /opt/airflow/dags/driven_data_pipeline.py
[2025-07-01T22:24:57.668+0000] {processor.py:208} INFO - Processing /opt/airflow/dags/driven_data_pipeline.py took 0.165 seconds
[2025-07-01T22:25:27.926+0000] {processor.py:186} INFO - Started process (PID=143) to work on /opt/airflow/dags/driven_data_pipeline.py
[2025-07-01T22:25:27.930+0000] {processor.py:914} INFO - Processing file /opt/airflow/dags/driven_data_pipeline.py for tasks to queue
[2025-07-01T22:25:27.938+0000] {logging_mixin.py:190} INFO - [2025-07-01T22:25:27.937+0000] {dagbag.py:588} INFO - Filling up the DagBag from /opt/airflow/dags/driven_data_pipeline.py
[2025-07-01T22:25:27.980+0000] {logging_mixin.py:190} INFO - [2025-07-01T22:25:27.973+0000] {dagbag.py:387} ERROR - Failed to import: /opt/airflow/dags/driven_data_pipeline.py
Traceback (most recent call last):
  File "/home/airflow/.local/lib/python3.12/site-packages/airflow/models/dagbag.py", line 383, in parse
    loader.exec_module(new_module)
  File "<frozen importlib._bootstrap_external>", line 995, in exec_module
  File "<frozen importlib._bootstrap>", line 488, in _call_with_frames_removed
  File "/opt/airflow/dags/driven_data_pipeline.py", line 6, in <module>
    import polars as pl
ModuleNotFoundError: No module named 'polars'
[2025-07-01T22:25:27.984+0000] {processor.py:927} WARNING - No viable dags retrieved from /opt/airflow/dags/driven_data_pipeline.py
[2025-07-01T22:25:28.020+0000] {processor.py:208} INFO - Processing /opt/airflow/dags/driven_data_pipeline.py took 0.109 seconds
[2025-07-01T22:25:58.436+0000] {processor.py:186} INFO - Started process (PID=151) to work on /opt/airflow/dags/driven_data_pipeline.py
[2025-07-01T22:25:58.438+0000] {processor.py:914} INFO - Processing file /opt/airflow/dags/driven_data_pipeline.py for tasks to queue
[2025-07-01T22:25:58.443+0000] {logging_mixin.py:190} INFO - [2025-07-01T22:25:58.442+0000] {dagbag.py:588} INFO - Filling up the DagBag from /opt/airflow/dags/driven_data_pipeline.py
[2025-07-01T22:25:58.472+0000] {logging_mixin.py:190} INFO - [2025-07-01T22:25:58.466+0000] {dagbag.py:387} ERROR - Failed to import: /opt/airflow/dags/driven_data_pipeline.py
Traceback (most recent call last):
  File "/home/airflow/.local/lib/python3.12/site-packages/airflow/models/dagbag.py", line 383, in parse
    loader.exec_module(new_module)
  File "<frozen importlib._bootstrap_external>", line 995, in exec_module
  File "<frozen importlib._bootstrap>", line 488, in _call_with_frames_removed
  File "/opt/airflow/dags/driven_data_pipeline.py", line 6, in <module>
    import polars as pl
ModuleNotFoundError: No module named 'polars'
[2025-07-01T22:25:58.475+0000] {processor.py:927} WARNING - No viable dags retrieved from /opt/airflow/dags/driven_data_pipeline.py
[2025-07-01T22:25:58.510+0000] {processor.py:208} INFO - Processing /opt/airflow/dags/driven_data_pipeline.py took 0.084 seconds
[2025-07-01T22:26:28.794+0000] {processor.py:186} INFO - Started process (PID=158) to work on /opt/airflow/dags/driven_data_pipeline.py
[2025-07-01T22:26:28.799+0000] {processor.py:914} INFO - Processing file /opt/airflow/dags/driven_data_pipeline.py for tasks to queue
[2025-07-01T22:26:28.805+0000] {logging_mixin.py:190} INFO - [2025-07-01T22:26:28.804+0000] {dagbag.py:588} INFO - Filling up the DagBag from /opt/airflow/dags/driven_data_pipeline.py
[2025-07-01T22:26:28.840+0000] {logging_mixin.py:190} INFO - [2025-07-01T22:26:28.834+0000] {dagbag.py:387} ERROR - Failed to import: /opt/airflow/dags/driven_data_pipeline.py
Traceback (most recent call last):
  File "/home/airflow/.local/lib/python3.12/site-packages/airflow/models/dagbag.py", line 383, in parse
    loader.exec_module(new_module)
  File "<frozen importlib._bootstrap_external>", line 995, in exec_module
  File "<frozen importlib._bootstrap>", line 488, in _call_with_frames_removed
  File "/opt/airflow/dags/driven_data_pipeline.py", line 6, in <module>
    import polars as pl
ModuleNotFoundError: No module named 'polars'
[2025-07-01T22:26:28.844+0000] {processor.py:927} WARNING - No viable dags retrieved from /opt/airflow/dags/driven_data_pipeline.py
[2025-07-01T22:26:28.881+0000] {processor.py:208} INFO - Processing /opt/airflow/dags/driven_data_pipeline.py took 0.097 seconds
[2025-07-01T22:31:32.063+0000] {processor.py:186} INFO - Started process (PID=66) to work on /opt/airflow/dags/driven_data_pipeline.py
[2025-07-01T22:31:32.068+0000] {processor.py:914} INFO - Processing file /opt/airflow/dags/driven_data_pipeline.py for tasks to queue
[2025-07-01T22:31:32.078+0000] {logging_mixin.py:190} INFO - [2025-07-01T22:31:32.077+0000] {dagbag.py:588} INFO - Filling up the DagBag from /opt/airflow/dags/driven_data_pipeline.py
[2025-07-01T22:31:32.131+0000] {logging_mixin.py:190} INFO - [2025-07-01T22:31:32.119+0000] {dagbag.py:387} ERROR - Failed to import: /opt/airflow/dags/driven_data_pipeline.py
Traceback (most recent call last):
  File "/home/airflow/.local/lib/python3.12/site-packages/airflow/models/dagbag.py", line 383, in parse
    loader.exec_module(new_module)
  File "<frozen importlib._bootstrap_external>", line 995, in exec_module
  File "<frozen importlib._bootstrap>", line 488, in _call_with_frames_removed
  File "/opt/airflow/dags/driven_data_pipeline.py", line 6, in <module>
    import polars as pl
ModuleNotFoundError: No module named 'polars'
[2025-07-01T22:31:32.136+0000] {processor.py:927} WARNING - No viable dags retrieved from /opt/airflow/dags/driven_data_pipeline.py
[2025-07-01T22:31:32.197+0000] {processor.py:208} INFO - Processing /opt/airflow/dags/driven_data_pipeline.py took 0.163 seconds
[2025-07-01T22:32:02.844+0000] {processor.py:186} INFO - Started process (PID=73) to work on /opt/airflow/dags/driven_data_pipeline.py
[2025-07-01T22:32:02.847+0000] {processor.py:914} INFO - Processing file /opt/airflow/dags/driven_data_pipeline.py for tasks to queue
[2025-07-01T22:32:02.863+0000] {logging_mixin.py:190} INFO - [2025-07-01T22:32:02.861+0000] {dagbag.py:588} INFO - Filling up the DagBag from /opt/airflow/dags/driven_data_pipeline.py
[2025-07-01T22:32:02.930+0000] {logging_mixin.py:190} INFO - [2025-07-01T22:32:02.918+0000] {dagbag.py:387} ERROR - Failed to import: /opt/airflow/dags/driven_data_pipeline.py
Traceback (most recent call last):
  File "/home/airflow/.local/lib/python3.12/site-packages/airflow/models/dagbag.py", line 383, in parse
    loader.exec_module(new_module)
  File "<frozen importlib._bootstrap_external>", line 995, in exec_module
  File "<frozen importlib._bootstrap>", line 488, in _call_with_frames_removed
  File "/opt/airflow/dags/driven_data_pipeline.py", line 6, in <module>
    import polars as pl
ModuleNotFoundError: No module named 'polars'
[2025-07-01T22:32:02.935+0000] {processor.py:927} WARNING - No viable dags retrieved from /opt/airflow/dags/driven_data_pipeline.py
[2025-07-01T22:32:03.020+0000] {processor.py:208} INFO - Processing /opt/airflow/dags/driven_data_pipeline.py took 0.217 seconds
[2025-07-01T22:32:33.275+0000] {processor.py:186} INFO - Started process (PID=80) to work on /opt/airflow/dags/driven_data_pipeline.py
[2025-07-01T22:32:33.276+0000] {processor.py:914} INFO - Processing file /opt/airflow/dags/driven_data_pipeline.py for tasks to queue
[2025-07-01T22:32:33.283+0000] {logging_mixin.py:190} INFO - [2025-07-01T22:32:33.282+0000] {dagbag.py:588} INFO - Filling up the DagBag from /opt/airflow/dags/driven_data_pipeline.py
[2025-07-01T22:32:33.315+0000] {logging_mixin.py:190} INFO - [2025-07-01T22:32:33.309+0000] {dagbag.py:387} ERROR - Failed to import: /opt/airflow/dags/driven_data_pipeline.py
Traceback (most recent call last):
  File "/home/airflow/.local/lib/python3.12/site-packages/airflow/models/dagbag.py", line 383, in parse
    loader.exec_module(new_module)
  File "<frozen importlib._bootstrap_external>", line 995, in exec_module
  File "<frozen importlib._bootstrap>", line 488, in _call_with_frames_removed
  File "/opt/airflow/dags/driven_data_pipeline.py", line 6, in <module>
    import polars as pl
ModuleNotFoundError: No module named 'polars'
[2025-07-01T22:32:33.317+0000] {processor.py:927} WARNING - No viable dags retrieved from /opt/airflow/dags/driven_data_pipeline.py
[2025-07-01T22:32:33.364+0000] {processor.py:208} INFO - Processing /opt/airflow/dags/driven_data_pipeline.py took 0.101 seconds
[2025-07-01T22:33:03.735+0000] {processor.py:186} INFO - Started process (PID=88) to work on /opt/airflow/dags/driven_data_pipeline.py
[2025-07-01T22:33:03.740+0000] {processor.py:914} INFO - Processing file /opt/airflow/dags/driven_data_pipeline.py for tasks to queue
[2025-07-01T22:33:03.767+0000] {logging_mixin.py:190} INFO - [2025-07-01T22:33:03.763+0000] {dagbag.py:588} INFO - Filling up the DagBag from /opt/airflow/dags/driven_data_pipeline.py
[2025-07-01T22:33:03.836+0000] {logging_mixin.py:190} INFO - [2025-07-01T22:33:03.822+0000] {dagbag.py:387} ERROR - Failed to import: /opt/airflow/dags/driven_data_pipeline.py
Traceback (most recent call last):
  File "/home/airflow/.local/lib/python3.12/site-packages/airflow/models/dagbag.py", line 383, in parse
    loader.exec_module(new_module)
  File "<frozen importlib._bootstrap_external>", line 995, in exec_module
  File "<frozen importlib._bootstrap>", line 488, in _call_with_frames_removed
  File "/opt/airflow/dags/driven_data_pipeline.py", line 6, in <module>
    import polars as pl
ModuleNotFoundError: No module named 'polars'
[2025-07-01T22:33:03.841+0000] {processor.py:927} WARNING - No viable dags retrieved from /opt/airflow/dags/driven_data_pipeline.py
[2025-07-01T22:33:03.937+0000] {processor.py:208} INFO - Processing /opt/airflow/dags/driven_data_pipeline.py took 0.254 seconds
[2025-07-01T22:33:34.255+0000] {processor.py:186} INFO - Started process (PID=95) to work on /opt/airflow/dags/driven_data_pipeline.py
[2025-07-01T22:33:34.258+0000] {processor.py:914} INFO - Processing file /opt/airflow/dags/driven_data_pipeline.py for tasks to queue
[2025-07-01T22:33:34.271+0000] {logging_mixin.py:190} INFO - [2025-07-01T22:33:34.270+0000] {dagbag.py:588} INFO - Filling up the DagBag from /opt/airflow/dags/driven_data_pipeline.py
[2025-07-01T22:33:34.345+0000] {logging_mixin.py:190} INFO - [2025-07-01T22:33:34.329+0000] {dagbag.py:387} ERROR - Failed to import: /opt/airflow/dags/driven_data_pipeline.py
Traceback (most recent call last):
  File "/home/airflow/.local/lib/python3.12/site-packages/airflow/models/dagbag.py", line 383, in parse
    loader.exec_module(new_module)
  File "<frozen importlib._bootstrap_external>", line 995, in exec_module
  File "<frozen importlib._bootstrap>", line 488, in _call_with_frames_removed
  File "/opt/airflow/dags/driven_data_pipeline.py", line 6, in <module>
    import polars as pl
ModuleNotFoundError: No module named 'polars'
[2025-07-01T22:33:34.350+0000] {processor.py:927} WARNING - No viable dags retrieved from /opt/airflow/dags/driven_data_pipeline.py
[2025-07-01T22:33:34.422+0000] {processor.py:208} INFO - Processing /opt/airflow/dags/driven_data_pipeline.py took 0.187 seconds
[2025-07-01T22:34:04.708+0000] {processor.py:186} INFO - Started process (PID=102) to work on /opt/airflow/dags/driven_data_pipeline.py
[2025-07-01T22:34:04.711+0000] {processor.py:914} INFO - Processing file /opt/airflow/dags/driven_data_pipeline.py for tasks to queue
[2025-07-01T22:34:04.718+0000] {logging_mixin.py:190} INFO - [2025-07-01T22:34:04.717+0000] {dagbag.py:588} INFO - Filling up the DagBag from /opt/airflow/dags/driven_data_pipeline.py
[2025-07-01T22:34:04.755+0000] {logging_mixin.py:190} INFO - [2025-07-01T22:34:04.745+0000] {dagbag.py:387} ERROR - Failed to import: /opt/airflow/dags/driven_data_pipeline.py
Traceback (most recent call last):
  File "/home/airflow/.local/lib/python3.12/site-packages/airflow/models/dagbag.py", line 383, in parse
    loader.exec_module(new_module)
  File "<frozen importlib._bootstrap_external>", line 995, in exec_module
  File "<frozen importlib._bootstrap>", line 488, in _call_with_frames_removed
  File "/opt/airflow/dags/driven_data_pipeline.py", line 6, in <module>
    import polars as pl
ModuleNotFoundError: No module named 'polars'
[2025-07-01T22:34:04.759+0000] {processor.py:927} WARNING - No viable dags retrieved from /opt/airflow/dags/driven_data_pipeline.py
[2025-07-01T22:34:04.798+0000] {processor.py:208} INFO - Processing /opt/airflow/dags/driven_data_pipeline.py took 0.102 seconds
[2025-07-01T22:34:35.171+0000] {processor.py:186} INFO - Started process (PID=109) to work on /opt/airflow/dags/driven_data_pipeline.py
[2025-07-01T22:34:35.174+0000] {processor.py:914} INFO - Processing file /opt/airflow/dags/driven_data_pipeline.py for tasks to queue
[2025-07-01T22:34:35.185+0000] {logging_mixin.py:190} INFO - [2025-07-01T22:34:35.183+0000] {dagbag.py:588} INFO - Filling up the DagBag from /opt/airflow/dags/driven_data_pipeline.py
[2025-07-01T22:34:35.262+0000] {logging_mixin.py:190} INFO - [2025-07-01T22:34:35.233+0000] {dagbag.py:387} ERROR - Failed to import: /opt/airflow/dags/driven_data_pipeline.py
Traceback (most recent call last):
  File "/home/airflow/.local/lib/python3.12/site-packages/airflow/models/dagbag.py", line 383, in parse
    loader.exec_module(new_module)
  File "<frozen importlib._bootstrap_external>", line 995, in exec_module
  File "<frozen importlib._bootstrap>", line 488, in _call_with_frames_removed
  File "/opt/airflow/dags/driven_data_pipeline.py", line 6, in <module>
    import polars as pl
ModuleNotFoundError: No module named 'polars'
[2025-07-01T22:34:35.270+0000] {processor.py:927} WARNING - No viable dags retrieved from /opt/airflow/dags/driven_data_pipeline.py
[2025-07-01T22:34:35.332+0000] {processor.py:208} INFO - Processing /opt/airflow/dags/driven_data_pipeline.py took 0.172 seconds
[2025-07-01T22:35:05.610+0000] {processor.py:186} INFO - Started process (PID=116) to work on /opt/airflow/dags/driven_data_pipeline.py
[2025-07-01T22:35:05.611+0000] {processor.py:914} INFO - Processing file /opt/airflow/dags/driven_data_pipeline.py for tasks to queue
[2025-07-01T22:35:05.616+0000] {logging_mixin.py:190} INFO - [2025-07-01T22:35:05.615+0000] {dagbag.py:588} INFO - Filling up the DagBag from /opt/airflow/dags/driven_data_pipeline.py
[2025-07-01T22:35:05.650+0000] {logging_mixin.py:190} INFO - [2025-07-01T22:35:05.642+0000] {dagbag.py:387} ERROR - Failed to import: /opt/airflow/dags/driven_data_pipeline.py
Traceback (most recent call last):
  File "/home/airflow/.local/lib/python3.12/site-packages/airflow/models/dagbag.py", line 383, in parse
    loader.exec_module(new_module)
  File "<frozen importlib._bootstrap_external>", line 995, in exec_module
  File "<frozen importlib._bootstrap>", line 488, in _call_with_frames_removed
  File "/opt/airflow/dags/driven_data_pipeline.py", line 6, in <module>
    import polars as pl
ModuleNotFoundError: No module named 'polars'
[2025-07-01T22:35:05.654+0000] {processor.py:927} WARNING - No viable dags retrieved from /opt/airflow/dags/driven_data_pipeline.py
[2025-07-01T22:35:05.691+0000] {processor.py:208} INFO - Processing /opt/airflow/dags/driven_data_pipeline.py took 0.091 seconds
[2025-07-01T22:35:36.079+0000] {processor.py:186} INFO - Started process (PID=123) to work on /opt/airflow/dags/driven_data_pipeline.py
[2025-07-01T22:35:36.095+0000] {processor.py:914} INFO - Processing file /opt/airflow/dags/driven_data_pipeline.py for tasks to queue
[2025-07-01T22:35:36.114+0000] {logging_mixin.py:190} INFO - [2025-07-01T22:35:36.105+0000] {dagbag.py:588} INFO - Filling up the DagBag from /opt/airflow/dags/driven_data_pipeline.py
[2025-07-01T22:35:36.164+0000] {logging_mixin.py:190} INFO - [2025-07-01T22:35:36.157+0000] {dagbag.py:387} ERROR - Failed to import: /opt/airflow/dags/driven_data_pipeline.py
Traceback (most recent call last):
  File "/home/airflow/.local/lib/python3.12/site-packages/airflow/models/dagbag.py", line 383, in parse
    loader.exec_module(new_module)
  File "<frozen importlib._bootstrap_external>", line 995, in exec_module
  File "<frozen importlib._bootstrap>", line 488, in _call_with_frames_removed
  File "/opt/airflow/dags/driven_data_pipeline.py", line 6, in <module>
    import polars as pl
ModuleNotFoundError: No module named 'polars'
[2025-07-01T22:35:36.168+0000] {processor.py:927} WARNING - No viable dags retrieved from /opt/airflow/dags/driven_data_pipeline.py
[2025-07-01T22:35:36.202+0000] {processor.py:208} INFO - Processing /opt/airflow/dags/driven_data_pipeline.py took 0.132 seconds
[2025-07-01T22:36:06.466+0000] {processor.py:186} INFO - Started process (PID=130) to work on /opt/airflow/dags/driven_data_pipeline.py
[2025-07-01T22:36:06.467+0000] {processor.py:914} INFO - Processing file /opt/airflow/dags/driven_data_pipeline.py for tasks to queue
[2025-07-01T22:36:06.471+0000] {logging_mixin.py:190} INFO - [2025-07-01T22:36:06.471+0000] {dagbag.py:588} INFO - Filling up the DagBag from /opt/airflow/dags/driven_data_pipeline.py
[2025-07-01T22:36:06.505+0000] {logging_mixin.py:190} INFO - [2025-07-01T22:36:06.494+0000] {dagbag.py:387} ERROR - Failed to import: /opt/airflow/dags/driven_data_pipeline.py
Traceback (most recent call last):
  File "/home/airflow/.local/lib/python3.12/site-packages/airflow/models/dagbag.py", line 383, in parse
    loader.exec_module(new_module)
  File "<frozen importlib._bootstrap_external>", line 995, in exec_module
  File "<frozen importlib._bootstrap>", line 488, in _call_with_frames_removed
  File "/opt/airflow/dags/driven_data_pipeline.py", line 6, in <module>
    import polars as pl
ModuleNotFoundError: No module named 'polars'
[2025-07-01T22:36:06.509+0000] {processor.py:927} WARNING - No viable dags retrieved from /opt/airflow/dags/driven_data_pipeline.py
[2025-07-01T22:36:06.554+0000] {processor.py:208} INFO - Processing /opt/airflow/dags/driven_data_pipeline.py took 0.099 seconds
[2025-07-01T22:36:37.049+0000] {processor.py:186} INFO - Started process (PID=138) to work on /opt/airflow/dags/driven_data_pipeline.py
[2025-07-01T22:36:37.052+0000] {processor.py:914} INFO - Processing file /opt/airflow/dags/driven_data_pipeline.py for tasks to queue
[2025-07-01T22:36:37.065+0000] {logging_mixin.py:190} INFO - [2025-07-01T22:36:37.064+0000] {dagbag.py:588} INFO - Filling up the DagBag from /opt/airflow/dags/driven_data_pipeline.py
[2025-07-01T22:36:37.111+0000] {logging_mixin.py:190} INFO - [2025-07-01T22:36:37.101+0000] {dagbag.py:387} ERROR - Failed to import: /opt/airflow/dags/driven_data_pipeline.py
Traceback (most recent call last):
  File "/home/airflow/.local/lib/python3.12/site-packages/airflow/models/dagbag.py", line 383, in parse
    loader.exec_module(new_module)
  File "<frozen importlib._bootstrap_external>", line 995, in exec_module
  File "<frozen importlib._bootstrap>", line 488, in _call_with_frames_removed
  File "/opt/airflow/dags/driven_data_pipeline.py", line 6, in <module>
    import polars as pl
ModuleNotFoundError: No module named 'polars'
[2025-07-01T22:36:37.115+0000] {processor.py:927} WARNING - No viable dags retrieved from /opt/airflow/dags/driven_data_pipeline.py
[2025-07-01T22:36:37.165+0000] {processor.py:208} INFO - Processing /opt/airflow/dags/driven_data_pipeline.py took 0.138 seconds
[2025-07-01T22:37:07.427+0000] {processor.py:186} INFO - Started process (PID=145) to work on /opt/airflow/dags/driven_data_pipeline.py
[2025-07-01T22:37:07.429+0000] {processor.py:914} INFO - Processing file /opt/airflow/dags/driven_data_pipeline.py for tasks to queue
[2025-07-01T22:37:07.438+0000] {logging_mixin.py:190} INFO - [2025-07-01T22:37:07.436+0000] {dagbag.py:588} INFO - Filling up the DagBag from /opt/airflow/dags/driven_data_pipeline.py
[2025-07-01T22:37:07.474+0000] {logging_mixin.py:190} INFO - [2025-07-01T22:37:07.466+0000] {dagbag.py:387} ERROR - Failed to import: /opt/airflow/dags/driven_data_pipeline.py
Traceback (most recent call last):
  File "/home/airflow/.local/lib/python3.12/site-packages/airflow/models/dagbag.py", line 383, in parse
    loader.exec_module(new_module)
  File "<frozen importlib._bootstrap_external>", line 995, in exec_module
  File "<frozen importlib._bootstrap>", line 488, in _call_with_frames_removed
  File "/opt/airflow/dags/driven_data_pipeline.py", line 6, in <module>
    import polars as pl
ModuleNotFoundError: No module named 'polars'
[2025-07-01T22:37:07.477+0000] {processor.py:927} WARNING - No viable dags retrieved from /opt/airflow/dags/driven_data_pipeline.py
[2025-07-01T22:37:07.516+0000] {processor.py:208} INFO - Processing /opt/airflow/dags/driven_data_pipeline.py took 0.103 seconds
[2025-07-01T22:37:37.882+0000] {processor.py:186} INFO - Started process (PID=152) to work on /opt/airflow/dags/driven_data_pipeline.py
[2025-07-01T22:37:37.884+0000] {processor.py:914} INFO - Processing file /opt/airflow/dags/driven_data_pipeline.py for tasks to queue
[2025-07-01T22:37:37.889+0000] {logging_mixin.py:190} INFO - [2025-07-01T22:37:37.888+0000] {dagbag.py:588} INFO - Filling up the DagBag from /opt/airflow/dags/driven_data_pipeline.py
[2025-07-01T22:37:37.923+0000] {logging_mixin.py:190} INFO - [2025-07-01T22:37:37.917+0000] {dagbag.py:387} ERROR - Failed to import: /opt/airflow/dags/driven_data_pipeline.py
Traceback (most recent call last):
  File "/home/airflow/.local/lib/python3.12/site-packages/airflow/models/dagbag.py", line 383, in parse
    loader.exec_module(new_module)
  File "<frozen importlib._bootstrap_external>", line 995, in exec_module
  File "<frozen importlib._bootstrap>", line 488, in _call_with_frames_removed
  File "/opt/airflow/dags/driven_data_pipeline.py", line 6, in <module>
    import polars as pl
ModuleNotFoundError: No module named 'polars'
[2025-07-01T22:37:37.926+0000] {processor.py:927} WARNING - No viable dags retrieved from /opt/airflow/dags/driven_data_pipeline.py
[2025-07-01T22:37:37.960+0000] {processor.py:208} INFO - Processing /opt/airflow/dags/driven_data_pipeline.py took 0.088 seconds
[2025-07-01T22:38:08.303+0000] {processor.py:186} INFO - Started process (PID=159) to work on /opt/airflow/dags/driven_data_pipeline.py
[2025-07-01T22:38:08.305+0000] {processor.py:914} INFO - Processing file /opt/airflow/dags/driven_data_pipeline.py for tasks to queue
[2025-07-01T22:38:08.315+0000] {logging_mixin.py:190} INFO - [2025-07-01T22:38:08.312+0000] {dagbag.py:588} INFO - Filling up the DagBag from /opt/airflow/dags/driven_data_pipeline.py
[2025-07-01T22:38:08.349+0000] {logging_mixin.py:190} INFO - [2025-07-01T22:38:08.341+0000] {dagbag.py:387} ERROR - Failed to import: /opt/airflow/dags/driven_data_pipeline.py
Traceback (most recent call last):
  File "/home/airflow/.local/lib/python3.12/site-packages/airflow/models/dagbag.py", line 383, in parse
    loader.exec_module(new_module)
  File "<frozen importlib._bootstrap_external>", line 995, in exec_module
  File "<frozen importlib._bootstrap>", line 488, in _call_with_frames_removed
  File "/opt/airflow/dags/driven_data_pipeline.py", line 6, in <module>
    import polars as pl
ModuleNotFoundError: No module named 'polars'
[2025-07-01T22:38:08.352+0000] {processor.py:927} WARNING - No viable dags retrieved from /opt/airflow/dags/driven_data_pipeline.py
[2025-07-01T22:38:08.397+0000] {processor.py:208} INFO - Processing /opt/airflow/dags/driven_data_pipeline.py took 0.106 seconds
[2025-07-01T22:38:38.775+0000] {processor.py:186} INFO - Started process (PID=166) to work on /opt/airflow/dags/driven_data_pipeline.py
[2025-07-01T22:38:38.777+0000] {processor.py:914} INFO - Processing file /opt/airflow/dags/driven_data_pipeline.py for tasks to queue
[2025-07-01T22:38:38.783+0000] {logging_mixin.py:190} INFO - [2025-07-01T22:38:38.782+0000] {dagbag.py:588} INFO - Filling up the DagBag from /opt/airflow/dags/driven_data_pipeline.py
[2025-07-01T22:38:38.815+0000] {logging_mixin.py:190} INFO - [2025-07-01T22:38:38.809+0000] {dagbag.py:387} ERROR - Failed to import: /opt/airflow/dags/driven_data_pipeline.py
Traceback (most recent call last):
  File "/home/airflow/.local/lib/python3.12/site-packages/airflow/models/dagbag.py", line 383, in parse
    loader.exec_module(new_module)
  File "<frozen importlib._bootstrap_external>", line 995, in exec_module
  File "<frozen importlib._bootstrap>", line 488, in _call_with_frames_removed
  File "/opt/airflow/dags/driven_data_pipeline.py", line 6, in <module>
    import polars as pl
ModuleNotFoundError: No module named 'polars'
[2025-07-01T22:38:38.818+0000] {processor.py:927} WARNING - No viable dags retrieved from /opt/airflow/dags/driven_data_pipeline.py
[2025-07-01T22:38:38.857+0000] {processor.py:208} INFO - Processing /opt/airflow/dags/driven_data_pipeline.py took 0.091 seconds
[2025-07-01T22:39:09.170+0000] {processor.py:186} INFO - Started process (PID=173) to work on /opt/airflow/dags/driven_data_pipeline.py
[2025-07-01T22:39:09.172+0000] {processor.py:914} INFO - Processing file /opt/airflow/dags/driven_data_pipeline.py for tasks to queue
[2025-07-01T22:39:09.176+0000] {logging_mixin.py:190} INFO - [2025-07-01T22:39:09.176+0000] {dagbag.py:588} INFO - Filling up the DagBag from /opt/airflow/dags/driven_data_pipeline.py
[2025-07-01T22:39:09.207+0000] {logging_mixin.py:190} INFO - [2025-07-01T22:39:09.199+0000] {dagbag.py:387} ERROR - Failed to import: /opt/airflow/dags/driven_data_pipeline.py
Traceback (most recent call last):
  File "/home/airflow/.local/lib/python3.12/site-packages/airflow/models/dagbag.py", line 383, in parse
    loader.exec_module(new_module)
  File "<frozen importlib._bootstrap_external>", line 995, in exec_module
  File "<frozen importlib._bootstrap>", line 488, in _call_with_frames_removed
  File "/opt/airflow/dags/driven_data_pipeline.py", line 6, in <module>
    import polars as pl
ModuleNotFoundError: No module named 'polars'
[2025-07-01T22:39:09.210+0000] {processor.py:927} WARNING - No viable dags retrieved from /opt/airflow/dags/driven_data_pipeline.py
[2025-07-01T22:39:09.246+0000] {processor.py:208} INFO - Processing /opt/airflow/dags/driven_data_pipeline.py took 0.085 seconds
[2025-07-01T22:39:39.623+0000] {processor.py:186} INFO - Started process (PID=180) to work on /opt/airflow/dags/driven_data_pipeline.py
[2025-07-01T22:39:39.624+0000] {processor.py:914} INFO - Processing file /opt/airflow/dags/driven_data_pipeline.py for tasks to queue
[2025-07-01T22:39:39.629+0000] {logging_mixin.py:190} INFO - [2025-07-01T22:39:39.628+0000] {dagbag.py:588} INFO - Filling up the DagBag from /opt/airflow/dags/driven_data_pipeline.py
[2025-07-01T22:39:39.659+0000] {logging_mixin.py:190} INFO - [2025-07-01T22:39:39.652+0000] {dagbag.py:387} ERROR - Failed to import: /opt/airflow/dags/driven_data_pipeline.py
Traceback (most recent call last):
  File "/home/airflow/.local/lib/python3.12/site-packages/airflow/models/dagbag.py", line 383, in parse
    loader.exec_module(new_module)
  File "<frozen importlib._bootstrap_external>", line 995, in exec_module
  File "<frozen importlib._bootstrap>", line 488, in _call_with_frames_removed
  File "/opt/airflow/dags/driven_data_pipeline.py", line 6, in <module>
    import polars as pl
ModuleNotFoundError: No module named 'polars'
[2025-07-01T22:39:39.663+0000] {processor.py:927} WARNING - No viable dags retrieved from /opt/airflow/dags/driven_data_pipeline.py
[2025-07-01T22:39:39.695+0000] {processor.py:208} INFO - Processing /opt/airflow/dags/driven_data_pipeline.py took 0.080 seconds
[2025-07-01T22:40:10.038+0000] {processor.py:186} INFO - Started process (PID=187) to work on /opt/airflow/dags/driven_data_pipeline.py
[2025-07-01T22:40:10.041+0000] {processor.py:914} INFO - Processing file /opt/airflow/dags/driven_data_pipeline.py for tasks to queue
[2025-07-01T22:40:10.050+0000] {logging_mixin.py:190} INFO - [2025-07-01T22:40:10.049+0000] {dagbag.py:588} INFO - Filling up the DagBag from /opt/airflow/dags/driven_data_pipeline.py
[2025-07-01T22:40:10.091+0000] {logging_mixin.py:190} INFO - [2025-07-01T22:40:10.082+0000] {dagbag.py:387} ERROR - Failed to import: /opt/airflow/dags/driven_data_pipeline.py
Traceback (most recent call last):
  File "/home/airflow/.local/lib/python3.12/site-packages/airflow/models/dagbag.py", line 383, in parse
    loader.exec_module(new_module)
  File "<frozen importlib._bootstrap_external>", line 995, in exec_module
  File "<frozen importlib._bootstrap>", line 488, in _call_with_frames_removed
  File "/opt/airflow/dags/driven_data_pipeline.py", line 6, in <module>
    import polars as pl
ModuleNotFoundError: No module named 'polars'
[2025-07-01T22:40:10.096+0000] {processor.py:927} WARNING - No viable dags retrieved from /opt/airflow/dags/driven_data_pipeline.py
[2025-07-01T22:40:10.153+0000] {processor.py:208} INFO - Processing /opt/airflow/dags/driven_data_pipeline.py took 0.134 seconds
[2025-07-01T22:40:40.426+0000] {processor.py:186} INFO - Started process (PID=194) to work on /opt/airflow/dags/driven_data_pipeline.py
[2025-07-01T22:40:40.428+0000] {processor.py:914} INFO - Processing file /opt/airflow/dags/driven_data_pipeline.py for tasks to queue
[2025-07-01T22:40:40.434+0000] {logging_mixin.py:190} INFO - [2025-07-01T22:40:40.433+0000] {dagbag.py:588} INFO - Filling up the DagBag from /opt/airflow/dags/driven_data_pipeline.py
[2025-07-01T22:40:40.470+0000] {logging_mixin.py:190} INFO - [2025-07-01T22:40:40.462+0000] {dagbag.py:387} ERROR - Failed to import: /opt/airflow/dags/driven_data_pipeline.py
Traceback (most recent call last):
  File "/home/airflow/.local/lib/python3.12/site-packages/airflow/models/dagbag.py", line 383, in parse
    loader.exec_module(new_module)
  File "<frozen importlib._bootstrap_external>", line 995, in exec_module
  File "<frozen importlib._bootstrap>", line 488, in _call_with_frames_removed
  File "/opt/airflow/dags/driven_data_pipeline.py", line 6, in <module>
    import polars as pl
ModuleNotFoundError: No module named 'polars'
[2025-07-01T22:40:40.474+0000] {processor.py:927} WARNING - No viable dags retrieved from /opt/airflow/dags/driven_data_pipeline.py
[2025-07-01T22:40:40.517+0000] {processor.py:208} INFO - Processing /opt/airflow/dags/driven_data_pipeline.py took 0.103 seconds
[2025-07-01T22:41:10.902+0000] {processor.py:186} INFO - Started process (PID=201) to work on /opt/airflow/dags/driven_data_pipeline.py
[2025-07-01T22:41:10.904+0000] {processor.py:914} INFO - Processing file /opt/airflow/dags/driven_data_pipeline.py for tasks to queue
[2025-07-01T22:41:10.910+0000] {logging_mixin.py:190} INFO - [2025-07-01T22:41:10.909+0000] {dagbag.py:588} INFO - Filling up the DagBag from /opt/airflow/dags/driven_data_pipeline.py
[2025-07-01T22:41:10.941+0000] {logging_mixin.py:190} INFO - [2025-07-01T22:41:10.935+0000] {dagbag.py:387} ERROR - Failed to import: /opt/airflow/dags/driven_data_pipeline.py
Traceback (most recent call last):
  File "/home/airflow/.local/lib/python3.12/site-packages/airflow/models/dagbag.py", line 383, in parse
    loader.exec_module(new_module)
  File "<frozen importlib._bootstrap_external>", line 995, in exec_module
  File "<frozen importlib._bootstrap>", line 488, in _call_with_frames_removed
  File "/opt/airflow/dags/driven_data_pipeline.py", line 6, in <module>
    import polars as pl
ModuleNotFoundError: No module named 'polars'
[2025-07-01T22:41:10.944+0000] {processor.py:927} WARNING - No viable dags retrieved from /opt/airflow/dags/driven_data_pipeline.py
[2025-07-01T22:41:10.976+0000] {processor.py:208} INFO - Processing /opt/airflow/dags/driven_data_pipeline.py took 0.083 seconds
[2025-07-01T22:42:33.555+0000] {processor.py:186} INFO - Started process (PID=63) to work on /opt/airflow/dags/driven_data_pipeline.py
[2025-07-01T22:42:33.559+0000] {processor.py:914} INFO - Processing file /opt/airflow/dags/driven_data_pipeline.py for tasks to queue
[2025-07-01T22:42:33.564+0000] {logging_mixin.py:190} INFO - [2025-07-01T22:42:33.562+0000] {dagbag.py:588} INFO - Filling up the DagBag from /opt/airflow/dags/driven_data_pipeline.py
[2025-07-01T22:42:33.624+0000] {logging_mixin.py:190} INFO - [2025-07-01T22:42:33.613+0000] {dagbag.py:387} ERROR - Failed to import: /opt/airflow/dags/driven_data_pipeline.py
Traceback (most recent call last):
  File "/home/airflow/.local/lib/python3.12/site-packages/airflow/models/dagbag.py", line 383, in parse
    loader.exec_module(new_module)
  File "<frozen importlib._bootstrap_external>", line 995, in exec_module
  File "<frozen importlib._bootstrap>", line 488, in _call_with_frames_removed
  File "/opt/airflow/dags/driven_data_pipeline.py", line 6, in <module>
    import polars as pl
ModuleNotFoundError: No module named 'polars'
[2025-07-01T22:42:33.627+0000] {processor.py:927} WARNING - No viable dags retrieved from /opt/airflow/dags/driven_data_pipeline.py
[2025-07-01T22:42:33.670+0000] {processor.py:208} INFO - Processing /opt/airflow/dags/driven_data_pipeline.py took 0.132 seconds
[2025-07-01T22:43:04.142+0000] {processor.py:186} INFO - Started process (PID=70) to work on /opt/airflow/dags/driven_data_pipeline.py
[2025-07-01T22:43:04.156+0000] {processor.py:914} INFO - Processing file /opt/airflow/dags/driven_data_pipeline.py for tasks to queue
[2025-07-01T22:43:04.193+0000] {logging_mixin.py:190} INFO - [2025-07-01T22:43:04.184+0000] {dagbag.py:588} INFO - Filling up the DagBag from /opt/airflow/dags/driven_data_pipeline.py
[2025-07-01T22:43:04.331+0000] {logging_mixin.py:190} INFO - [2025-07-01T22:43:04.309+0000] {dagbag.py:387} ERROR - Failed to import: /opt/airflow/dags/driven_data_pipeline.py
Traceback (most recent call last):
  File "/home/airflow/.local/lib/python3.12/site-packages/airflow/models/dagbag.py", line 383, in parse
    loader.exec_module(new_module)
  File "<frozen importlib._bootstrap_external>", line 995, in exec_module
  File "<frozen importlib._bootstrap>", line 488, in _call_with_frames_removed
  File "/opt/airflow/dags/driven_data_pipeline.py", line 6, in <module>
    import polars as pl
ModuleNotFoundError: No module named 'polars'
[2025-07-01T22:43:04.337+0000] {processor.py:927} WARNING - No viable dags retrieved from /opt/airflow/dags/driven_data_pipeline.py
[2025-07-01T22:43:04.450+0000] {processor.py:208} INFO - Processing /opt/airflow/dags/driven_data_pipeline.py took 0.364 seconds
[2025-07-01T22:43:34.836+0000] {processor.py:186} INFO - Started process (PID=77) to work on /opt/airflow/dags/driven_data_pipeline.py
[2025-07-01T22:43:34.838+0000] {processor.py:914} INFO - Processing file /opt/airflow/dags/driven_data_pipeline.py for tasks to queue
[2025-07-01T22:43:34.867+0000] {logging_mixin.py:190} INFO - [2025-07-01T22:43:34.866+0000] {dagbag.py:588} INFO - Filling up the DagBag from /opt/airflow/dags/driven_data_pipeline.py
[2025-07-01T22:43:34.915+0000] {logging_mixin.py:190} INFO - [2025-07-01T22:43:34.904+0000] {dagbag.py:387} ERROR - Failed to import: /opt/airflow/dags/driven_data_pipeline.py
Traceback (most recent call last):
  File "/home/airflow/.local/lib/python3.12/site-packages/airflow/models/dagbag.py", line 383, in parse
    loader.exec_module(new_module)
  File "<frozen importlib._bootstrap_external>", line 995, in exec_module
  File "<frozen importlib._bootstrap>", line 488, in _call_with_frames_removed
  File "/opt/airflow/dags/driven_data_pipeline.py", line 6, in <module>
    import polars as pl
ModuleNotFoundError: No module named 'polars'
[2025-07-01T22:43:34.918+0000] {processor.py:927} WARNING - No viable dags retrieved from /opt/airflow/dags/driven_data_pipeline.py
[2025-07-01T22:43:34.965+0000] {processor.py:208} INFO - Processing /opt/airflow/dags/driven_data_pipeline.py took 0.145 seconds
[2025-07-01T22:44:05.362+0000] {processor.py:186} INFO - Started process (PID=84) to work on /opt/airflow/dags/driven_data_pipeline.py
[2025-07-01T22:44:05.365+0000] {processor.py:914} INFO - Processing file /opt/airflow/dags/driven_data_pipeline.py for tasks to queue
[2025-07-01T22:44:05.374+0000] {logging_mixin.py:190} INFO - [2025-07-01T22:44:05.373+0000] {dagbag.py:588} INFO - Filling up the DagBag from /opt/airflow/dags/driven_data_pipeline.py
[2025-07-01T22:44:05.442+0000] {logging_mixin.py:190} INFO - [2025-07-01T22:44:05.432+0000] {dagbag.py:387} ERROR - Failed to import: /opt/airflow/dags/driven_data_pipeline.py
Traceback (most recent call last):
  File "/home/airflow/.local/lib/python3.12/site-packages/airflow/models/dagbag.py", line 383, in parse
    loader.exec_module(new_module)
  File "<frozen importlib._bootstrap_external>", line 995, in exec_module
  File "<frozen importlib._bootstrap>", line 488, in _call_with_frames_removed
  File "/opt/airflow/dags/driven_data_pipeline.py", line 6, in <module>
    import polars as pl
ModuleNotFoundError: No module named 'polars'
[2025-07-01T22:44:05.447+0000] {processor.py:927} WARNING - No viable dags retrieved from /opt/airflow/dags/driven_data_pipeline.py
[2025-07-01T22:44:05.529+0000] {processor.py:208} INFO - Processing /opt/airflow/dags/driven_data_pipeline.py took 0.184 seconds
[2025-07-01T22:44:35.914+0000] {processor.py:186} INFO - Started process (PID=91) to work on /opt/airflow/dags/driven_data_pipeline.py
[2025-07-01T22:44:35.916+0000] {processor.py:914} INFO - Processing file /opt/airflow/dags/driven_data_pipeline.py for tasks to queue
[2025-07-01T22:44:35.923+0000] {logging_mixin.py:190} INFO - [2025-07-01T22:44:35.922+0000] {dagbag.py:588} INFO - Filling up the DagBag from /opt/airflow/dags/driven_data_pipeline.py
[2025-07-01T22:44:35.968+0000] {logging_mixin.py:190} INFO - [2025-07-01T22:44:35.958+0000] {dagbag.py:387} ERROR - Failed to import: /opt/airflow/dags/driven_data_pipeline.py
Traceback (most recent call last):
  File "/home/airflow/.local/lib/python3.12/site-packages/airflow/models/dagbag.py", line 383, in parse
    loader.exec_module(new_module)
  File "<frozen importlib._bootstrap_external>", line 995, in exec_module
  File "<frozen importlib._bootstrap>", line 488, in _call_with_frames_removed
  File "/opt/airflow/dags/driven_data_pipeline.py", line 6, in <module>
    import polars as pl
ModuleNotFoundError: No module named 'polars'
[2025-07-01T22:44:35.974+0000] {processor.py:927} WARNING - No viable dags retrieved from /opt/airflow/dags/driven_data_pipeline.py
[2025-07-01T22:44:36.025+0000] {processor.py:208} INFO - Processing /opt/airflow/dags/driven_data_pipeline.py took 0.123 seconds
[2025-07-01T22:45:06.309+0000] {processor.py:186} INFO - Started process (PID=98) to work on /opt/airflow/dags/driven_data_pipeline.py
[2025-07-01T22:45:06.310+0000] {processor.py:914} INFO - Processing file /opt/airflow/dags/driven_data_pipeline.py for tasks to queue
[2025-07-01T22:45:06.315+0000] {logging_mixin.py:190} INFO - [2025-07-01T22:45:06.314+0000] {dagbag.py:588} INFO - Filling up the DagBag from /opt/airflow/dags/driven_data_pipeline.py
[2025-07-01T22:45:06.362+0000] {logging_mixin.py:190} INFO - [2025-07-01T22:45:06.357+0000] {dagbag.py:387} ERROR - Failed to import: /opt/airflow/dags/driven_data_pipeline.py
Traceback (most recent call last):
  File "/home/airflow/.local/lib/python3.12/site-packages/airflow/models/dagbag.py", line 383, in parse
    loader.exec_module(new_module)
  File "<frozen importlib._bootstrap_external>", line 995, in exec_module
  File "<frozen importlib._bootstrap>", line 488, in _call_with_frames_removed
  File "/opt/airflow/dags/driven_data_pipeline.py", line 6, in <module>
    import polars as pl
ModuleNotFoundError: No module named 'polars'
[2025-07-01T22:45:06.364+0000] {processor.py:927} WARNING - No viable dags retrieved from /opt/airflow/dags/driven_data_pipeline.py
[2025-07-01T22:45:06.400+0000] {processor.py:208} INFO - Processing /opt/airflow/dags/driven_data_pipeline.py took 0.100 seconds
[2025-07-01T22:45:36.760+0000] {processor.py:186} INFO - Started process (PID=105) to work on /opt/airflow/dags/driven_data_pipeline.py
[2025-07-01T22:45:36.762+0000] {processor.py:914} INFO - Processing file /opt/airflow/dags/driven_data_pipeline.py for tasks to queue
[2025-07-01T22:45:36.767+0000] {logging_mixin.py:190} INFO - [2025-07-01T22:45:36.767+0000] {dagbag.py:588} INFO - Filling up the DagBag from /opt/airflow/dags/driven_data_pipeline.py
[2025-07-01T22:45:36.802+0000] {logging_mixin.py:190} INFO - [2025-07-01T22:45:36.796+0000] {dagbag.py:387} ERROR - Failed to import: /opt/airflow/dags/driven_data_pipeline.py
Traceback (most recent call last):
  File "/home/airflow/.local/lib/python3.12/site-packages/airflow/models/dagbag.py", line 383, in parse
    loader.exec_module(new_module)
  File "<frozen importlib._bootstrap_external>", line 995, in exec_module
  File "<frozen importlib._bootstrap>", line 488, in _call_with_frames_removed
  File "/opt/airflow/dags/driven_data_pipeline.py", line 6, in <module>
    import polars as pl
ModuleNotFoundError: No module named 'polars'
[2025-07-01T22:45:36.804+0000] {processor.py:927} WARNING - No viable dags retrieved from /opt/airflow/dags/driven_data_pipeline.py
[2025-07-01T22:45:36.839+0000] {processor.py:208} INFO - Processing /opt/airflow/dags/driven_data_pipeline.py took 0.089 seconds
[2025-07-01T22:48:01.457+0000] {processor.py:186} INFO - Started process (PID=69) to work on /opt/airflow/dags/driven_data_pipeline.py
[2025-07-01T22:48:01.465+0000] {processor.py:914} INFO - Processing file /opt/airflow/dags/driven_data_pipeline.py for tasks to queue
[2025-07-01T22:48:01.477+0000] {logging_mixin.py:190} INFO - [2025-07-01T22:48:01.476+0000] {dagbag.py:588} INFO - Filling up the DagBag from /opt/airflow/dags/driven_data_pipeline.py
[2025-07-01T22:48:01.527+0000] {logging_mixin.py:190} INFO - [2025-07-01T22:48:01.518+0000] {dagbag.py:387} ERROR - Failed to import: /opt/airflow/dags/driven_data_pipeline.py
Traceback (most recent call last):
  File "/home/airflow/.local/lib/python3.12/site-packages/airflow/models/dagbag.py", line 383, in parse
    loader.exec_module(new_module)
  File "<frozen importlib._bootstrap_external>", line 995, in exec_module
  File "<frozen importlib._bootstrap>", line 488, in _call_with_frames_removed
  File "/opt/airflow/dags/driven_data_pipeline.py", line 6, in <module>
    import polars as pl
ModuleNotFoundError: No module named 'polars'
[2025-07-01T22:48:01.537+0000] {processor.py:927} WARNING - No viable dags retrieved from /opt/airflow/dags/driven_data_pipeline.py
[2025-07-01T22:48:01.602+0000] {processor.py:208} INFO - Processing /opt/airflow/dags/driven_data_pipeline.py took 0.170 seconds
[2025-07-01T22:48:32.053+0000] {processor.py:186} INFO - Started process (PID=76) to work on /opt/airflow/dags/driven_data_pipeline.py
[2025-07-01T22:48:32.056+0000] {processor.py:914} INFO - Processing file /opt/airflow/dags/driven_data_pipeline.py for tasks to queue
[2025-07-01T22:48:32.074+0000] {logging_mixin.py:190} INFO - [2025-07-01T22:48:32.072+0000] {dagbag.py:588} INFO - Filling up the DagBag from /opt/airflow/dags/driven_data_pipeline.py
[2025-07-01T22:48:32.137+0000] {logging_mixin.py:190} INFO - [2025-07-01T22:48:32.125+0000] {dagbag.py:387} ERROR - Failed to import: /opt/airflow/dags/driven_data_pipeline.py
Traceback (most recent call last):
  File "/home/airflow/.local/lib/python3.12/site-packages/airflow/models/dagbag.py", line 383, in parse
    loader.exec_module(new_module)
  File "<frozen importlib._bootstrap_external>", line 995, in exec_module
  File "<frozen importlib._bootstrap>", line 488, in _call_with_frames_removed
  File "/opt/airflow/dags/driven_data_pipeline.py", line 6, in <module>
    import polars as pl
ModuleNotFoundError: No module named 'polars'
[2025-07-01T22:48:32.144+0000] {processor.py:927} WARNING - No viable dags retrieved from /opt/airflow/dags/driven_data_pipeline.py
[2025-07-01T22:48:32.245+0000] {processor.py:208} INFO - Processing /opt/airflow/dags/driven_data_pipeline.py took 0.231 seconds
[2025-07-01T22:49:02.485+0000] {processor.py:186} INFO - Started process (PID=83) to work on /opt/airflow/dags/driven_data_pipeline.py
[2025-07-01T22:49:02.488+0000] {processor.py:914} INFO - Processing file /opt/airflow/dags/driven_data_pipeline.py for tasks to queue
[2025-07-01T22:49:02.499+0000] {logging_mixin.py:190} INFO - [2025-07-01T22:49:02.497+0000] {dagbag.py:588} INFO - Filling up the DagBag from /opt/airflow/dags/driven_data_pipeline.py
[2025-07-01T22:49:02.539+0000] {logging_mixin.py:190} INFO - [2025-07-01T22:49:02.531+0000] {dagbag.py:387} ERROR - Failed to import: /opt/airflow/dags/driven_data_pipeline.py
Traceback (most recent call last):
  File "/home/airflow/.local/lib/python3.12/site-packages/airflow/models/dagbag.py", line 383, in parse
    loader.exec_module(new_module)
  File "<frozen importlib._bootstrap_external>", line 995, in exec_module
  File "<frozen importlib._bootstrap>", line 488, in _call_with_frames_removed
  File "/opt/airflow/dags/driven_data_pipeline.py", line 6, in <module>
    import polars as pl
ModuleNotFoundError: No module named 'polars'
[2025-07-01T22:49:02.542+0000] {processor.py:927} WARNING - No viable dags retrieved from /opt/airflow/dags/driven_data_pipeline.py
[2025-07-01T22:49:02.597+0000] {processor.py:208} INFO - Processing /opt/airflow/dags/driven_data_pipeline.py took 0.130 seconds
[2025-07-01T22:49:32.885+0000] {processor.py:186} INFO - Started process (PID=90) to work on /opt/airflow/dags/driven_data_pipeline.py
[2025-07-01T22:49:32.887+0000] {processor.py:914} INFO - Processing file /opt/airflow/dags/driven_data_pipeline.py for tasks to queue
[2025-07-01T22:49:32.895+0000] {logging_mixin.py:190} INFO - [2025-07-01T22:49:32.894+0000] {dagbag.py:588} INFO - Filling up the DagBag from /opt/airflow/dags/driven_data_pipeline.py
[2025-07-01T22:49:32.928+0000] {logging_mixin.py:190} INFO - [2025-07-01T22:49:32.921+0000] {dagbag.py:387} ERROR - Failed to import: /opt/airflow/dags/driven_data_pipeline.py
Traceback (most recent call last):
  File "/home/airflow/.local/lib/python3.12/site-packages/airflow/models/dagbag.py", line 383, in parse
    loader.exec_module(new_module)
  File "<frozen importlib._bootstrap_external>", line 995, in exec_module
  File "<frozen importlib._bootstrap>", line 488, in _call_with_frames_removed
  File "/opt/airflow/dags/driven_data_pipeline.py", line 6, in <module>
    import polars as pl
ModuleNotFoundError: No module named 'polars'
[2025-07-01T22:49:32.931+0000] {processor.py:927} WARNING - No viable dags retrieved from /opt/airflow/dags/driven_data_pipeline.py
[2025-07-01T22:49:32.983+0000] {processor.py:208} INFO - Processing /opt/airflow/dags/driven_data_pipeline.py took 0.115 seconds
[2025-07-01T22:50:03.423+0000] {processor.py:186} INFO - Started process (PID=97) to work on /opt/airflow/dags/driven_data_pipeline.py
[2025-07-01T22:50:03.427+0000] {processor.py:914} INFO - Processing file /opt/airflow/dags/driven_data_pipeline.py for tasks to queue
[2025-07-01T22:50:03.447+0000] {logging_mixin.py:190} INFO - [2025-07-01T22:50:03.446+0000] {dagbag.py:588} INFO - Filling up the DagBag from /opt/airflow/dags/driven_data_pipeline.py
[2025-07-01T22:50:03.509+0000] {logging_mixin.py:190} INFO - [2025-07-01T22:50:03.488+0000] {dagbag.py:387} ERROR - Failed to import: /opt/airflow/dags/driven_data_pipeline.py
Traceback (most recent call last):
  File "/home/airflow/.local/lib/python3.12/site-packages/airflow/models/dagbag.py", line 383, in parse
    loader.exec_module(new_module)
  File "<frozen importlib._bootstrap_external>", line 995, in exec_module
  File "<frozen importlib._bootstrap>", line 488, in _call_with_frames_removed
  File "/opt/airflow/dags/driven_data_pipeline.py", line 6, in <module>
    import polars as pl
ModuleNotFoundError: No module named 'polars'
[2025-07-01T22:50:03.523+0000] {processor.py:927} WARNING - No viable dags retrieved from /opt/airflow/dags/driven_data_pipeline.py
[2025-07-01T22:50:03.591+0000] {processor.py:208} INFO - Processing /opt/airflow/dags/driven_data_pipeline.py took 0.210 seconds
[2025-07-01T22:50:33.956+0000] {processor.py:186} INFO - Started process (PID=104) to work on /opt/airflow/dags/driven_data_pipeline.py
[2025-07-01T22:50:33.958+0000] {processor.py:914} INFO - Processing file /opt/airflow/dags/driven_data_pipeline.py for tasks to queue
[2025-07-01T22:50:33.971+0000] {logging_mixin.py:190} INFO - [2025-07-01T22:50:33.969+0000] {dagbag.py:588} INFO - Filling up the DagBag from /opt/airflow/dags/driven_data_pipeline.py
[2025-07-01T22:50:34.050+0000] {logging_mixin.py:190} INFO - [2025-07-01T22:50:34.029+0000] {dagbag.py:387} ERROR - Failed to import: /opt/airflow/dags/driven_data_pipeline.py
Traceback (most recent call last):
  File "/home/airflow/.local/lib/python3.12/site-packages/airflow/models/dagbag.py", line 383, in parse
    loader.exec_module(new_module)
  File "<frozen importlib._bootstrap_external>", line 995, in exec_module
  File "<frozen importlib._bootstrap>", line 488, in _call_with_frames_removed
  File "/opt/airflow/dags/driven_data_pipeline.py", line 6, in <module>
    import polars as pl
ModuleNotFoundError: No module named 'polars'
[2025-07-01T22:50:34.058+0000] {processor.py:927} WARNING - No viable dags retrieved from /opt/airflow/dags/driven_data_pipeline.py
[2025-07-01T22:50:34.155+0000] {processor.py:208} INFO - Processing /opt/airflow/dags/driven_data_pipeline.py took 0.213 seconds
[2025-07-01T22:51:04.536+0000] {processor.py:186} INFO - Started process (PID=111) to work on /opt/airflow/dags/driven_data_pipeline.py
[2025-07-01T22:51:04.537+0000] {processor.py:914} INFO - Processing file /opt/airflow/dags/driven_data_pipeline.py for tasks to queue
[2025-07-01T22:51:04.541+0000] {logging_mixin.py:190} INFO - [2025-07-01T22:51:04.540+0000] {dagbag.py:588} INFO - Filling up the DagBag from /opt/airflow/dags/driven_data_pipeline.py
[2025-07-01T22:51:04.573+0000] {logging_mixin.py:190} INFO - [2025-07-01T22:51:04.567+0000] {dagbag.py:387} ERROR - Failed to import: /opt/airflow/dags/driven_data_pipeline.py
Traceback (most recent call last):
  File "/home/airflow/.local/lib/python3.12/site-packages/airflow/models/dagbag.py", line 383, in parse
    loader.exec_module(new_module)
  File "<frozen importlib._bootstrap_external>", line 995, in exec_module
  File "<frozen importlib._bootstrap>", line 488, in _call_with_frames_removed
  File "/opt/airflow/dags/driven_data_pipeline.py", line 6, in <module>
    import polars as pl
ModuleNotFoundError: No module named 'polars'
[2025-07-01T22:51:04.578+0000] {processor.py:927} WARNING - No viable dags retrieved from /opt/airflow/dags/driven_data_pipeline.py
[2025-07-01T22:51:04.613+0000] {processor.py:208} INFO - Processing /opt/airflow/dags/driven_data_pipeline.py took 0.086 seconds
[2025-07-01T22:51:34.901+0000] {processor.py:186} INFO - Started process (PID=118) to work on /opt/airflow/dags/driven_data_pipeline.py
[2025-07-01T22:51:34.903+0000] {processor.py:914} INFO - Processing file /opt/airflow/dags/driven_data_pipeline.py for tasks to queue
[2025-07-01T22:51:34.910+0000] {logging_mixin.py:190} INFO - [2025-07-01T22:51:34.910+0000] {dagbag.py:588} INFO - Filling up the DagBag from /opt/airflow/dags/driven_data_pipeline.py
[2025-07-01T22:51:34.946+0000] {logging_mixin.py:190} INFO - [2025-07-01T22:51:34.940+0000] {dagbag.py:387} ERROR - Failed to import: /opt/airflow/dags/driven_data_pipeline.py
Traceback (most recent call last):
  File "/home/airflow/.local/lib/python3.12/site-packages/airflow/models/dagbag.py", line 383, in parse
    loader.exec_module(new_module)
  File "<frozen importlib._bootstrap_external>", line 995, in exec_module
  File "<frozen importlib._bootstrap>", line 488, in _call_with_frames_removed
  File "/opt/airflow/dags/driven_data_pipeline.py", line 6, in <module>
    import polars as pl
ModuleNotFoundError: No module named 'polars'
[2025-07-01T22:51:34.948+0000] {processor.py:927} WARNING - No viable dags retrieved from /opt/airflow/dags/driven_data_pipeline.py
[2025-07-01T22:51:34.989+0000] {processor.py:208} INFO - Processing /opt/airflow/dags/driven_data_pipeline.py took 0.097 seconds
[2025-07-01T22:52:05.380+0000] {processor.py:186} INFO - Started process (PID=126) to work on /opt/airflow/dags/driven_data_pipeline.py
[2025-07-01T22:52:05.382+0000] {processor.py:914} INFO - Processing file /opt/airflow/dags/driven_data_pipeline.py for tasks to queue
[2025-07-01T22:52:05.390+0000] {logging_mixin.py:190} INFO - [2025-07-01T22:52:05.389+0000] {dagbag.py:588} INFO - Filling up the DagBag from /opt/airflow/dags/driven_data_pipeline.py
[2025-07-01T22:52:05.430+0000] {logging_mixin.py:190} INFO - [2025-07-01T22:52:05.419+0000] {dagbag.py:387} ERROR - Failed to import: /opt/airflow/dags/driven_data_pipeline.py
Traceback (most recent call last):
  File "/home/airflow/.local/lib/python3.12/site-packages/airflow/models/dagbag.py", line 383, in parse
    loader.exec_module(new_module)
  File "<frozen importlib._bootstrap_external>", line 995, in exec_module
  File "<frozen importlib._bootstrap>", line 488, in _call_with_frames_removed
  File "/opt/airflow/dags/driven_data_pipeline.py", line 6, in <module>
    import polars as pl
ModuleNotFoundError: No module named 'polars'
[2025-07-01T22:52:05.435+0000] {processor.py:927} WARNING - No viable dags retrieved from /opt/airflow/dags/driven_data_pipeline.py
[2025-07-01T22:52:05.486+0000] {processor.py:208} INFO - Processing /opt/airflow/dags/driven_data_pipeline.py took 0.125 seconds
[2025-07-01T22:52:35.716+0000] {processor.py:186} INFO - Started process (PID=133) to work on /opt/airflow/dags/driven_data_pipeline.py
[2025-07-01T22:52:35.718+0000] {processor.py:914} INFO - Processing file /opt/airflow/dags/driven_data_pipeline.py for tasks to queue
[2025-07-01T22:52:35.723+0000] {logging_mixin.py:190} INFO - [2025-07-01T22:52:35.722+0000] {dagbag.py:588} INFO - Filling up the DagBag from /opt/airflow/dags/driven_data_pipeline.py
[2025-07-01T22:52:35.748+0000] {logging_mixin.py:190} INFO - [2025-07-01T22:52:35.743+0000] {dagbag.py:387} ERROR - Failed to import: /opt/airflow/dags/driven_data_pipeline.py
Traceback (most recent call last):
  File "/home/airflow/.local/lib/python3.12/site-packages/airflow/models/dagbag.py", line 383, in parse
    loader.exec_module(new_module)
  File "<frozen importlib._bootstrap_external>", line 995, in exec_module
  File "<frozen importlib._bootstrap>", line 488, in _call_with_frames_removed
  File "/opt/airflow/dags/driven_data_pipeline.py", line 6, in <module>
    import polars as pl
ModuleNotFoundError: No module named 'polars'
[2025-07-01T22:52:35.751+0000] {processor.py:927} WARNING - No viable dags retrieved from /opt/airflow/dags/driven_data_pipeline.py
[2025-07-01T22:52:35.785+0000] {processor.py:208} INFO - Processing /opt/airflow/dags/driven_data_pipeline.py took 0.078 seconds
[2025-07-01T22:53:06.214+0000] {processor.py:186} INFO - Started process (PID=140) to work on /opt/airflow/dags/driven_data_pipeline.py
[2025-07-01T22:53:06.216+0000] {processor.py:914} INFO - Processing file /opt/airflow/dags/driven_data_pipeline.py for tasks to queue
[2025-07-01T22:53:06.222+0000] {logging_mixin.py:190} INFO - [2025-07-01T22:53:06.222+0000] {dagbag.py:588} INFO - Filling up the DagBag from /opt/airflow/dags/driven_data_pipeline.py
[2025-07-01T22:53:06.252+0000] {logging_mixin.py:190} INFO - [2025-07-01T22:53:06.246+0000] {dagbag.py:387} ERROR - Failed to import: /opt/airflow/dags/driven_data_pipeline.py
Traceback (most recent call last):
  File "/home/airflow/.local/lib/python3.12/site-packages/airflow/models/dagbag.py", line 383, in parse
    loader.exec_module(new_module)
  File "<frozen importlib._bootstrap_external>", line 995, in exec_module
  File "<frozen importlib._bootstrap>", line 488, in _call_with_frames_removed
  File "/opt/airflow/dags/driven_data_pipeline.py", line 6, in <module>
    import polars as pl
ModuleNotFoundError: No module named 'polars'
[2025-07-01T22:53:06.254+0000] {processor.py:927} WARNING - No viable dags retrieved from /opt/airflow/dags/driven_data_pipeline.py
[2025-07-01T22:53:06.287+0000] {processor.py:208} INFO - Processing /opt/airflow/dags/driven_data_pipeline.py took 0.082 seconds
[2025-07-01T22:53:36.785+0000] {processor.py:186} INFO - Started process (PID=147) to work on /opt/airflow/dags/driven_data_pipeline.py
[2025-07-01T22:53:36.792+0000] {processor.py:914} INFO - Processing file /opt/airflow/dags/driven_data_pipeline.py for tasks to queue
[2025-07-01T22:53:36.803+0000] {logging_mixin.py:190} INFO - [2025-07-01T22:53:36.800+0000] {dagbag.py:588} INFO - Filling up the DagBag from /opt/airflow/dags/driven_data_pipeline.py
[2025-07-01T22:53:36.916+0000] {logging_mixin.py:190} INFO - [2025-07-01T22:53:36.894+0000] {dagbag.py:387} ERROR - Failed to import: /opt/airflow/dags/driven_data_pipeline.py
Traceback (most recent call last):
  File "/home/airflow/.local/lib/python3.12/site-packages/airflow/models/dagbag.py", line 383, in parse
    loader.exec_module(new_module)
  File "<frozen importlib._bootstrap_external>", line 995, in exec_module
  File "<frozen importlib._bootstrap>", line 488, in _call_with_frames_removed
  File "/opt/airflow/dags/driven_data_pipeline.py", line 6, in <module>
    import polars as pl
ModuleNotFoundError: No module named 'polars'
[2025-07-01T22:53:36.920+0000] {processor.py:927} WARNING - No viable dags retrieved from /opt/airflow/dags/driven_data_pipeline.py
[2025-07-01T22:53:37.005+0000] {processor.py:208} INFO - Processing /opt/airflow/dags/driven_data_pipeline.py took 0.249 seconds
[2025-07-01T22:54:07.479+0000] {processor.py:186} INFO - Started process (PID=154) to work on /opt/airflow/dags/driven_data_pipeline.py
[2025-07-01T22:54:07.481+0000] {processor.py:914} INFO - Processing file /opt/airflow/dags/driven_data_pipeline.py for tasks to queue
[2025-07-01T22:54:07.488+0000] {logging_mixin.py:190} INFO - [2025-07-01T22:54:07.487+0000] {dagbag.py:588} INFO - Filling up the DagBag from /opt/airflow/dags/driven_data_pipeline.py
[2025-07-01T22:54:07.523+0000] {logging_mixin.py:190} INFO - [2025-07-01T22:54:07.514+0000] {dagbag.py:387} ERROR - Failed to import: /opt/airflow/dags/driven_data_pipeline.py
Traceback (most recent call last):
  File "/home/airflow/.local/lib/python3.12/site-packages/airflow/models/dagbag.py", line 383, in parse
    loader.exec_module(new_module)
  File "<frozen importlib._bootstrap_external>", line 995, in exec_module
  File "<frozen importlib._bootstrap>", line 488, in _call_with_frames_removed
  File "/opt/airflow/dags/driven_data_pipeline.py", line 6, in <module>
    import polars as pl
ModuleNotFoundError: No module named 'polars'
[2025-07-01T22:54:07.525+0000] {processor.py:927} WARNING - No viable dags retrieved from /opt/airflow/dags/driven_data_pipeline.py
[2025-07-01T22:54:07.562+0000] {processor.py:208} INFO - Processing /opt/airflow/dags/driven_data_pipeline.py took 0.115 seconds
[2025-07-01T22:54:37.838+0000] {processor.py:186} INFO - Started process (PID=161) to work on /opt/airflow/dags/driven_data_pipeline.py
[2025-07-01T22:54:37.840+0000] {processor.py:914} INFO - Processing file /opt/airflow/dags/driven_data_pipeline.py for tasks to queue
[2025-07-01T22:54:37.845+0000] {logging_mixin.py:190} INFO - [2025-07-01T22:54:37.844+0000] {dagbag.py:588} INFO - Filling up the DagBag from /opt/airflow/dags/driven_data_pipeline.py
[2025-07-01T22:54:37.874+0000] {logging_mixin.py:190} INFO - [2025-07-01T22:54:37.868+0000] {dagbag.py:387} ERROR - Failed to import: /opt/airflow/dags/driven_data_pipeline.py
Traceback (most recent call last):
  File "/home/airflow/.local/lib/python3.12/site-packages/airflow/models/dagbag.py", line 383, in parse
    loader.exec_module(new_module)
  File "<frozen importlib._bootstrap_external>", line 995, in exec_module
  File "<frozen importlib._bootstrap>", line 488, in _call_with_frames_removed
  File "/opt/airflow/dags/driven_data_pipeline.py", line 6, in <module>
    import polars as pl
ModuleNotFoundError: No module named 'polars'
[2025-07-01T22:54:37.876+0000] {processor.py:927} WARNING - No viable dags retrieved from /opt/airflow/dags/driven_data_pipeline.py
[2025-07-01T22:54:37.909+0000] {processor.py:208} INFO - Processing /opt/airflow/dags/driven_data_pipeline.py took 0.085 seconds
[2025-07-01T22:55:08.180+0000] {processor.py:186} INFO - Started process (PID=168) to work on /opt/airflow/dags/driven_data_pipeline.py
[2025-07-01T22:55:08.181+0000] {processor.py:914} INFO - Processing file /opt/airflow/dags/driven_data_pipeline.py for tasks to queue
[2025-07-01T22:55:08.186+0000] {logging_mixin.py:190} INFO - [2025-07-01T22:55:08.185+0000] {dagbag.py:588} INFO - Filling up the DagBag from /opt/airflow/dags/driven_data_pipeline.py
[2025-07-01T22:55:08.214+0000] {logging_mixin.py:190} INFO - [2025-07-01T22:55:08.206+0000] {dagbag.py:387} ERROR - Failed to import: /opt/airflow/dags/driven_data_pipeline.py
Traceback (most recent call last):
  File "/home/airflow/.local/lib/python3.12/site-packages/airflow/models/dagbag.py", line 383, in parse
    loader.exec_module(new_module)
  File "<frozen importlib._bootstrap_external>", line 995, in exec_module
  File "<frozen importlib._bootstrap>", line 488, in _call_with_frames_removed
  File "/opt/airflow/dags/driven_data_pipeline.py", line 6, in <module>
    import polars as pl
ModuleNotFoundError: No module named 'polars'
[2025-07-01T22:55:08.216+0000] {processor.py:927} WARNING - No viable dags retrieved from /opt/airflow/dags/driven_data_pipeline.py
[2025-07-01T22:55:08.250+0000] {processor.py:208} INFO - Processing /opt/airflow/dags/driven_data_pipeline.py took 0.082 seconds
[2025-07-01T22:55:38.694+0000] {processor.py:186} INFO - Started process (PID=175) to work on /opt/airflow/dags/driven_data_pipeline.py
[2025-07-01T22:55:38.696+0000] {processor.py:914} INFO - Processing file /opt/airflow/dags/driven_data_pipeline.py for tasks to queue
[2025-07-01T22:55:38.703+0000] {logging_mixin.py:190} INFO - [2025-07-01T22:55:38.702+0000] {dagbag.py:588} INFO - Filling up the DagBag from /opt/airflow/dags/driven_data_pipeline.py
[2025-07-01T22:55:38.733+0000] {logging_mixin.py:190} INFO - [2025-07-01T22:55:38.727+0000] {dagbag.py:387} ERROR - Failed to import: /opt/airflow/dags/driven_data_pipeline.py
Traceback (most recent call last):
  File "/home/airflow/.local/lib/python3.12/site-packages/airflow/models/dagbag.py", line 383, in parse
    loader.exec_module(new_module)
  File "<frozen importlib._bootstrap_external>", line 995, in exec_module
  File "<frozen importlib._bootstrap>", line 488, in _call_with_frames_removed
  File "/opt/airflow/dags/driven_data_pipeline.py", line 6, in <module>
    import polars as pl
ModuleNotFoundError: No module named 'polars'
[2025-07-01T22:55:38.737+0000] {processor.py:927} WARNING - No viable dags retrieved from /opt/airflow/dags/driven_data_pipeline.py
[2025-07-01T22:55:38.771+0000] {processor.py:208} INFO - Processing /opt/airflow/dags/driven_data_pipeline.py took 0.096 seconds
[2025-07-01T22:56:09.068+0000] {processor.py:186} INFO - Started process (PID=182) to work on /opt/airflow/dags/driven_data_pipeline.py
[2025-07-01T22:56:09.074+0000] {processor.py:914} INFO - Processing file /opt/airflow/dags/driven_data_pipeline.py for tasks to queue
[2025-07-01T22:56:09.092+0000] {logging_mixin.py:190} INFO - [2025-07-01T22:56:09.090+0000] {dagbag.py:588} INFO - Filling up the DagBag from /opt/airflow/dags/driven_data_pipeline.py
[2025-07-01T22:56:09.149+0000] {logging_mixin.py:190} INFO - [2025-07-01T22:56:09.142+0000] {dagbag.py:387} ERROR - Failed to import: /opt/airflow/dags/driven_data_pipeline.py
Traceback (most recent call last):
  File "/home/airflow/.local/lib/python3.12/site-packages/airflow/models/dagbag.py", line 383, in parse
    loader.exec_module(new_module)
  File "<frozen importlib._bootstrap_external>", line 995, in exec_module
  File "<frozen importlib._bootstrap>", line 488, in _call_with_frames_removed
  File "/opt/airflow/dags/driven_data_pipeline.py", line 6, in <module>
    import polars as pl
ModuleNotFoundError: No module named 'polars'
[2025-07-01T22:56:09.154+0000] {processor.py:927} WARNING - No viable dags retrieved from /opt/airflow/dags/driven_data_pipeline.py
[2025-07-01T22:56:09.194+0000] {processor.py:208} INFO - Processing /opt/airflow/dags/driven_data_pipeline.py took 0.163 seconds
[2025-07-01T22:56:39.884+0000] {processor.py:186} INFO - Started process (PID=189) to work on /opt/airflow/dags/driven_data_pipeline.py
[2025-07-01T22:56:39.887+0000] {processor.py:914} INFO - Processing file /opt/airflow/dags/driven_data_pipeline.py for tasks to queue
[2025-07-01T22:56:39.896+0000] {logging_mixin.py:190} INFO - [2025-07-01T22:56:39.895+0000] {dagbag.py:588} INFO - Filling up the DagBag from /opt/airflow/dags/driven_data_pipeline.py
[2025-07-01T22:56:40.007+0000] {logging_mixin.py:190} INFO - [2025-07-01T22:56:39.999+0000] {dagbag.py:387} ERROR - Failed to import: /opt/airflow/dags/driven_data_pipeline.py
Traceback (most recent call last):
  File "/home/airflow/.local/lib/python3.12/site-packages/airflow/models/dagbag.py", line 383, in parse
    loader.exec_module(new_module)
  File "<frozen importlib._bootstrap_external>", line 995, in exec_module
  File "<frozen importlib._bootstrap>", line 488, in _call_with_frames_removed
  File "/opt/airflow/dags/driven_data_pipeline.py", line 6, in <module>
    import polars as pl
ModuleNotFoundError: No module named 'polars'
[2025-07-01T22:56:40.010+0000] {processor.py:927} WARNING - No viable dags retrieved from /opt/airflow/dags/driven_data_pipeline.py
[2025-07-01T22:56:40.053+0000] {processor.py:208} INFO - Processing /opt/airflow/dags/driven_data_pipeline.py took 0.195 seconds
[2025-07-01T22:57:10.208+0000] {processor.py:186} INFO - Started process (PID=197) to work on /opt/airflow/dags/driven_data_pipeline.py
[2025-07-01T22:57:10.210+0000] {processor.py:914} INFO - Processing file /opt/airflow/dags/driven_data_pipeline.py for tasks to queue
[2025-07-01T22:57:10.215+0000] {logging_mixin.py:190} INFO - [2025-07-01T22:57:10.214+0000] {dagbag.py:588} INFO - Filling up the DagBag from /opt/airflow/dags/driven_data_pipeline.py
[2025-07-01T22:57:10.247+0000] {logging_mixin.py:190} INFO - [2025-07-01T22:57:10.241+0000] {dagbag.py:387} ERROR - Failed to import: /opt/airflow/dags/driven_data_pipeline.py
Traceback (most recent call last):
  File "/home/airflow/.local/lib/python3.12/site-packages/airflow/models/dagbag.py", line 383, in parse
    loader.exec_module(new_module)
  File "<frozen importlib._bootstrap_external>", line 995, in exec_module
  File "<frozen importlib._bootstrap>", line 488, in _call_with_frames_removed
  File "/opt/airflow/dags/driven_data_pipeline.py", line 6, in <module>
    import polars as pl
ModuleNotFoundError: No module named 'polars'
[2025-07-01T22:57:10.251+0000] {processor.py:927} WARNING - No viable dags retrieved from /opt/airflow/dags/driven_data_pipeline.py
[2025-07-01T22:57:10.287+0000] {processor.py:208} INFO - Processing /opt/airflow/dags/driven_data_pipeline.py took 0.089 seconds
[2025-07-01T22:57:40.579+0000] {processor.py:186} INFO - Started process (PID=204) to work on /opt/airflow/dags/driven_data_pipeline.py
[2025-07-01T22:57:40.582+0000] {processor.py:914} INFO - Processing file /opt/airflow/dags/driven_data_pipeline.py for tasks to queue
[2025-07-01T22:57:40.590+0000] {logging_mixin.py:190} INFO - [2025-07-01T22:57:40.589+0000] {dagbag.py:588} INFO - Filling up the DagBag from /opt/airflow/dags/driven_data_pipeline.py
[2025-07-01T22:57:40.631+0000] {logging_mixin.py:190} INFO - [2025-07-01T22:57:40.623+0000] {dagbag.py:387} ERROR - Failed to import: /opt/airflow/dags/driven_data_pipeline.py
Traceback (most recent call last):
  File "/home/airflow/.local/lib/python3.12/site-packages/airflow/models/dagbag.py", line 383, in parse
    loader.exec_module(new_module)
  File "<frozen importlib._bootstrap_external>", line 995, in exec_module
  File "<frozen importlib._bootstrap>", line 488, in _call_with_frames_removed
  File "/opt/airflow/dags/driven_data_pipeline.py", line 6, in <module>
    import polars as pl
ModuleNotFoundError: No module named 'polars'
[2025-07-01T22:57:40.635+0000] {processor.py:927} WARNING - No viable dags retrieved from /opt/airflow/dags/driven_data_pipeline.py
[2025-07-01T22:57:40.674+0000] {processor.py:208} INFO - Processing /opt/airflow/dags/driven_data_pipeline.py took 0.111 seconds
[2025-07-01T22:58:11.111+0000] {processor.py:186} INFO - Started process (PID=211) to work on /opt/airflow/dags/driven_data_pipeline.py
[2025-07-01T22:58:11.112+0000] {processor.py:914} INFO - Processing file /opt/airflow/dags/driven_data_pipeline.py for tasks to queue
[2025-07-01T22:58:11.120+0000] {logging_mixin.py:190} INFO - [2025-07-01T22:58:11.120+0000] {dagbag.py:588} INFO - Filling up the DagBag from /opt/airflow/dags/driven_data_pipeline.py
[2025-07-01T22:58:11.159+0000] {logging_mixin.py:190} INFO - [2025-07-01T22:58:11.150+0000] {dagbag.py:387} ERROR - Failed to import: /opt/airflow/dags/driven_data_pipeline.py
Traceback (most recent call last):
  File "/home/airflow/.local/lib/python3.12/site-packages/airflow/models/dagbag.py", line 383, in parse
    loader.exec_module(new_module)
  File "<frozen importlib._bootstrap_external>", line 995, in exec_module
  File "<frozen importlib._bootstrap>", line 488, in _call_with_frames_removed
  File "/opt/airflow/dags/driven_data_pipeline.py", line 6, in <module>
    import polars as pl
ModuleNotFoundError: No module named 'polars'
[2025-07-01T22:58:11.162+0000] {processor.py:927} WARNING - No viable dags retrieved from /opt/airflow/dags/driven_data_pipeline.py
[2025-07-01T22:58:11.208+0000] {processor.py:208} INFO - Processing /opt/airflow/dags/driven_data_pipeline.py took 0.118 seconds
[2025-07-01T22:58:41.471+0000] {processor.py:186} INFO - Started process (PID=218) to work on /opt/airflow/dags/driven_data_pipeline.py
[2025-07-01T22:58:41.473+0000] {processor.py:914} INFO - Processing file /opt/airflow/dags/driven_data_pipeline.py for tasks to queue
[2025-07-01T22:58:41.478+0000] {logging_mixin.py:190} INFO - [2025-07-01T22:58:41.478+0000] {dagbag.py:588} INFO - Filling up the DagBag from /opt/airflow/dags/driven_data_pipeline.py
[2025-07-01T22:58:41.581+0000] {logging_mixin.py:190} INFO - [2025-07-01T22:58:41.551+0000] {dagbag.py:387} ERROR - Failed to import: /opt/airflow/dags/driven_data_pipeline.py
Traceback (most recent call last):
  File "/home/airflow/.local/lib/python3.12/site-packages/airflow/models/dagbag.py", line 383, in parse
    loader.exec_module(new_module)
  File "<frozen importlib._bootstrap_external>", line 995, in exec_module
  File "<frozen importlib._bootstrap>", line 488, in _call_with_frames_removed
  File "/opt/airflow/dags/driven_data_pipeline.py", line 6, in <module>
    import polars as pl
ModuleNotFoundError: No module named 'polars'
[2025-07-01T22:58:41.585+0000] {processor.py:927} WARNING - No viable dags retrieved from /opt/airflow/dags/driven_data_pipeline.py
[2025-07-01T22:58:41.630+0000] {processor.py:208} INFO - Processing /opt/airflow/dags/driven_data_pipeline.py took 0.171 seconds
[2025-07-01T22:59:11.960+0000] {processor.py:186} INFO - Started process (PID=225) to work on /opt/airflow/dags/driven_data_pipeline.py
[2025-07-01T22:59:11.962+0000] {processor.py:914} INFO - Processing file /opt/airflow/dags/driven_data_pipeline.py for tasks to queue
[2025-07-01T22:59:11.968+0000] {logging_mixin.py:190} INFO - [2025-07-01T22:59:11.967+0000] {dagbag.py:588} INFO - Filling up the DagBag from /opt/airflow/dags/driven_data_pipeline.py
[2025-07-01T22:59:12.004+0000] {logging_mixin.py:190} INFO - [2025-07-01T22:59:11.994+0000] {dagbag.py:387} ERROR - Failed to import: /opt/airflow/dags/driven_data_pipeline.py
Traceback (most recent call last):
  File "/home/airflow/.local/lib/python3.12/site-packages/airflow/models/dagbag.py", line 383, in parse
    loader.exec_module(new_module)
  File "<frozen importlib._bootstrap_external>", line 995, in exec_module
  File "<frozen importlib._bootstrap>", line 488, in _call_with_frames_removed
  File "/opt/airflow/dags/driven_data_pipeline.py", line 6, in <module>
    import polars as pl
ModuleNotFoundError: No module named 'polars'
[2025-07-01T22:59:12.010+0000] {processor.py:927} WARNING - No viable dags retrieved from /opt/airflow/dags/driven_data_pipeline.py
[2025-07-01T22:59:12.056+0000] {processor.py:208} INFO - Processing /opt/airflow/dags/driven_data_pipeline.py took 0.110 seconds
[2025-07-01T22:59:42.482+0000] {processor.py:186} INFO - Started process (PID=232) to work on /opt/airflow/dags/driven_data_pipeline.py
[2025-07-01T22:59:42.484+0000] {processor.py:914} INFO - Processing file /opt/airflow/dags/driven_data_pipeline.py for tasks to queue
[2025-07-01T22:59:42.489+0000] {logging_mixin.py:190} INFO - [2025-07-01T22:59:42.489+0000] {dagbag.py:588} INFO - Filling up the DagBag from /opt/airflow/dags/driven_data_pipeline.py
[2025-07-01T22:59:42.520+0000] {logging_mixin.py:190} INFO - [2025-07-01T22:59:42.514+0000] {dagbag.py:387} ERROR - Failed to import: /opt/airflow/dags/driven_data_pipeline.py
Traceback (most recent call last):
  File "/home/airflow/.local/lib/python3.12/site-packages/airflow/models/dagbag.py", line 383, in parse
    loader.exec_module(new_module)
  File "<frozen importlib._bootstrap_external>", line 995, in exec_module
  File "<frozen importlib._bootstrap>", line 488, in _call_with_frames_removed
  File "/opt/airflow/dags/driven_data_pipeline.py", line 6, in <module>
    import polars as pl
ModuleNotFoundError: No module named 'polars'
[2025-07-01T22:59:42.523+0000] {processor.py:927} WARNING - No viable dags retrieved from /opt/airflow/dags/driven_data_pipeline.py
[2025-07-01T22:59:42.573+0000] {processor.py:208} INFO - Processing /opt/airflow/dags/driven_data_pipeline.py took 0.100 seconds
[2025-07-01T23:00:13.258+0000] {processor.py:186} INFO - Started process (PID=239) to work on /opt/airflow/dags/driven_data_pipeline.py
[2025-07-01T23:00:13.264+0000] {processor.py:914} INFO - Processing file /opt/airflow/dags/driven_data_pipeline.py for tasks to queue
[2025-07-01T23:00:13.574+0000] {logging_mixin.py:190} INFO - [2025-07-01T23:00:13.530+0000] {dagbag.py:588} INFO - Filling up the DagBag from /opt/airflow/dags/driven_data_pipeline.py
[2025-07-01T23:00:13.693+0000] {logging_mixin.py:190} INFO - [2025-07-01T23:00:13.685+0000] {dagbag.py:387} ERROR - Failed to import: /opt/airflow/dags/driven_data_pipeline.py
Traceback (most recent call last):
  File "/home/airflow/.local/lib/python3.12/site-packages/airflow/models/dagbag.py", line 383, in parse
    loader.exec_module(new_module)
  File "<frozen importlib._bootstrap_external>", line 995, in exec_module
  File "<frozen importlib._bootstrap>", line 488, in _call_with_frames_removed
  File "/opt/airflow/dags/driven_data_pipeline.py", line 6, in <module>
    import polars as pl
ModuleNotFoundError: No module named 'polars'
[2025-07-01T23:00:13.696+0000] {processor.py:927} WARNING - No viable dags retrieved from /opt/airflow/dags/driven_data_pipeline.py
[2025-07-01T23:00:13.825+0000] {processor.py:208} INFO - Processing /opt/airflow/dags/driven_data_pipeline.py took 0.749 seconds
[2025-07-01T23:00:44.266+0000] {processor.py:186} INFO - Started process (PID=246) to work on /opt/airflow/dags/driven_data_pipeline.py
[2025-07-01T23:00:44.274+0000] {processor.py:914} INFO - Processing file /opt/airflow/dags/driven_data_pipeline.py for tasks to queue
[2025-07-01T23:00:44.285+0000] {logging_mixin.py:190} INFO - [2025-07-01T23:00:44.284+0000] {dagbag.py:588} INFO - Filling up the DagBag from /opt/airflow/dags/driven_data_pipeline.py
[2025-07-01T23:00:44.348+0000] {logging_mixin.py:190} INFO - [2025-07-01T23:00:44.332+0000] {dagbag.py:387} ERROR - Failed to import: /opt/airflow/dags/driven_data_pipeline.py
Traceback (most recent call last):
  File "/home/airflow/.local/lib/python3.12/site-packages/airflow/models/dagbag.py", line 383, in parse
    loader.exec_module(new_module)
  File "<frozen importlib._bootstrap_external>", line 995, in exec_module
  File "<frozen importlib._bootstrap>", line 488, in _call_with_frames_removed
  File "/opt/airflow/dags/driven_data_pipeline.py", line 6, in <module>
    import polars as pl
ModuleNotFoundError: No module named 'polars'
[2025-07-01T23:00:44.351+0000] {processor.py:927} WARNING - No viable dags retrieved from /opt/airflow/dags/driven_data_pipeline.py
[2025-07-01T23:00:44.400+0000] {processor.py:208} INFO - Processing /opt/airflow/dags/driven_data_pipeline.py took 0.155 seconds
[2025-07-01T23:01:14.631+0000] {processor.py:186} INFO - Started process (PID=253) to work on /opt/airflow/dags/driven_data_pipeline.py
[2025-07-01T23:01:14.635+0000] {processor.py:914} INFO - Processing file /opt/airflow/dags/driven_data_pipeline.py for tasks to queue
[2025-07-01T23:01:14.644+0000] {logging_mixin.py:190} INFO - [2025-07-01T23:01:14.642+0000] {dagbag.py:588} INFO - Filling up the DagBag from /opt/airflow/dags/driven_data_pipeline.py
[2025-07-01T23:01:14.684+0000] {logging_mixin.py:190} INFO - [2025-07-01T23:01:14.676+0000] {dagbag.py:387} ERROR - Failed to import: /opt/airflow/dags/driven_data_pipeline.py
Traceback (most recent call last):
  File "/home/airflow/.local/lib/python3.12/site-packages/airflow/models/dagbag.py", line 383, in parse
    loader.exec_module(new_module)
  File "<frozen importlib._bootstrap_external>", line 995, in exec_module
  File "<frozen importlib._bootstrap>", line 488, in _call_with_frames_removed
  File "/opt/airflow/dags/driven_data_pipeline.py", line 6, in <module>
    import polars as pl
ModuleNotFoundError: No module named 'polars'
[2025-07-01T23:01:14.687+0000] {processor.py:927} WARNING - No viable dags retrieved from /opt/airflow/dags/driven_data_pipeline.py
[2025-07-01T23:01:14.726+0000] {processor.py:208} INFO - Processing /opt/airflow/dags/driven_data_pipeline.py took 0.106 seconds
[2025-07-01T23:01:44.994+0000] {processor.py:186} INFO - Started process (PID=260) to work on /opt/airflow/dags/driven_data_pipeline.py
[2025-07-01T23:01:44.997+0000] {processor.py:914} INFO - Processing file /opt/airflow/dags/driven_data_pipeline.py for tasks to queue
[2025-07-01T23:01:45.006+0000] {logging_mixin.py:190} INFO - [2025-07-01T23:01:45.005+0000] {dagbag.py:588} INFO - Filling up the DagBag from /opt/airflow/dags/driven_data_pipeline.py
[2025-07-01T23:01:45.039+0000] {logging_mixin.py:190} INFO - [2025-07-01T23:01:45.033+0000] {dagbag.py:387} ERROR - Failed to import: /opt/airflow/dags/driven_data_pipeline.py
Traceback (most recent call last):
  File "/home/airflow/.local/lib/python3.12/site-packages/airflow/models/dagbag.py", line 383, in parse
    loader.exec_module(new_module)
  File "<frozen importlib._bootstrap_external>", line 995, in exec_module
  File "<frozen importlib._bootstrap>", line 488, in _call_with_frames_removed
  File "/opt/airflow/dags/driven_data_pipeline.py", line 6, in <module>
    import polars as pl
ModuleNotFoundError: No module named 'polars'
[2025-07-01T23:01:45.042+0000] {processor.py:927} WARNING - No viable dags retrieved from /opt/airflow/dags/driven_data_pipeline.py
[2025-07-01T23:01:45.099+0000] {processor.py:208} INFO - Processing /opt/airflow/dags/driven_data_pipeline.py took 0.120 seconds
[2025-07-01T23:02:15.476+0000] {processor.py:186} INFO - Started process (PID=267) to work on /opt/airflow/dags/driven_data_pipeline.py
[2025-07-01T23:02:15.479+0000] {processor.py:914} INFO - Processing file /opt/airflow/dags/driven_data_pipeline.py for tasks to queue
[2025-07-01T23:02:15.485+0000] {logging_mixin.py:190} INFO - [2025-07-01T23:02:15.484+0000] {dagbag.py:588} INFO - Filling up the DagBag from /opt/airflow/dags/driven_data_pipeline.py
[2025-07-01T23:02:15.515+0000] {logging_mixin.py:190} INFO - [2025-07-01T23:02:15.510+0000] {dagbag.py:387} ERROR - Failed to import: /opt/airflow/dags/driven_data_pipeline.py
Traceback (most recent call last):
  File "/home/airflow/.local/lib/python3.12/site-packages/airflow/models/dagbag.py", line 383, in parse
    loader.exec_module(new_module)
  File "<frozen importlib._bootstrap_external>", line 995, in exec_module
  File "<frozen importlib._bootstrap>", line 488, in _call_with_frames_removed
  File "/opt/airflow/dags/driven_data_pipeline.py", line 6, in <module>
    import polars as pl
ModuleNotFoundError: No module named 'polars'
[2025-07-01T23:02:15.518+0000] {processor.py:927} WARNING - No viable dags retrieved from /opt/airflow/dags/driven_data_pipeline.py
[2025-07-01T23:02:15.559+0000] {processor.py:208} INFO - Processing /opt/airflow/dags/driven_data_pipeline.py took 0.094 seconds
[2025-07-01T23:02:45.891+0000] {processor.py:186} INFO - Started process (PID=275) to work on /opt/airflow/dags/driven_data_pipeline.py
[2025-07-01T23:02:45.893+0000] {processor.py:914} INFO - Processing file /opt/airflow/dags/driven_data_pipeline.py for tasks to queue
[2025-07-01T23:02:45.898+0000] {logging_mixin.py:190} INFO - [2025-07-01T23:02:45.898+0000] {dagbag.py:588} INFO - Filling up the DagBag from /opt/airflow/dags/driven_data_pipeline.py
[2025-07-01T23:02:45.935+0000] {logging_mixin.py:190} INFO - [2025-07-01T23:02:45.923+0000] {dagbag.py:387} ERROR - Failed to import: /opt/airflow/dags/driven_data_pipeline.py
Traceback (most recent call last):
  File "/home/airflow/.local/lib/python3.12/site-packages/airflow/models/dagbag.py", line 383, in parse
    loader.exec_module(new_module)
  File "<frozen importlib._bootstrap_external>", line 995, in exec_module
  File "<frozen importlib._bootstrap>", line 488, in _call_with_frames_removed
  File "/opt/airflow/dags/driven_data_pipeline.py", line 6, in <module>
    import polars as pl
ModuleNotFoundError: No module named 'polars'
[2025-07-01T23:02:45.940+0000] {processor.py:927} WARNING - No viable dags retrieved from /opt/airflow/dags/driven_data_pipeline.py
[2025-07-01T23:02:45.991+0000] {processor.py:208} INFO - Processing /opt/airflow/dags/driven_data_pipeline.py took 0.109 seconds
[2025-07-01T23:03:16.484+0000] {processor.py:186} INFO - Started process (PID=282) to work on /opt/airflow/dags/driven_data_pipeline.py
[2025-07-01T23:03:16.500+0000] {processor.py:914} INFO - Processing file /opt/airflow/dags/driven_data_pipeline.py for tasks to queue
[2025-07-01T23:03:16.529+0000] {logging_mixin.py:190} INFO - [2025-07-01T23:03:16.526+0000] {dagbag.py:588} INFO - Filling up the DagBag from /opt/airflow/dags/driven_data_pipeline.py
[2025-07-01T23:03:16.585+0000] {logging_mixin.py:190} INFO - [2025-07-01T23:03:16.569+0000] {dagbag.py:387} ERROR - Failed to import: /opt/airflow/dags/driven_data_pipeline.py
Traceback (most recent call last):
  File "/home/airflow/.local/lib/python3.12/site-packages/airflow/models/dagbag.py", line 383, in parse
    loader.exec_module(new_module)
  File "<frozen importlib._bootstrap_external>", line 995, in exec_module
  File "<frozen importlib._bootstrap>", line 488, in _call_with_frames_removed
  File "/opt/airflow/dags/driven_data_pipeline.py", line 6, in <module>
    import polars as pl
ModuleNotFoundError: No module named 'polars'
[2025-07-01T23:03:16.591+0000] {processor.py:927} WARNING - No viable dags retrieved from /opt/airflow/dags/driven_data_pipeline.py
[2025-07-01T23:03:16.715+0000] {processor.py:208} INFO - Processing /opt/airflow/dags/driven_data_pipeline.py took 0.319 seconds
[2025-07-01T23:03:46.876+0000] {processor.py:186} INFO - Started process (PID=289) to work on /opt/airflow/dags/driven_data_pipeline.py
[2025-07-01T23:03:46.881+0000] {processor.py:914} INFO - Processing file /opt/airflow/dags/driven_data_pipeline.py for tasks to queue
[2025-07-01T23:03:46.891+0000] {logging_mixin.py:190} INFO - [2025-07-01T23:03:46.890+0000] {dagbag.py:588} INFO - Filling up the DagBag from /opt/airflow/dags/driven_data_pipeline.py
[2025-07-01T23:03:46.929+0000] {logging_mixin.py:190} INFO - [2025-07-01T23:03:46.923+0000] {dagbag.py:387} ERROR - Failed to import: /opt/airflow/dags/driven_data_pipeline.py
Traceback (most recent call last):
  File "/home/airflow/.local/lib/python3.12/site-packages/airflow/models/dagbag.py", line 383, in parse
    loader.exec_module(new_module)
  File "<frozen importlib._bootstrap_external>", line 995, in exec_module
  File "<frozen importlib._bootstrap>", line 488, in _call_with_frames_removed
  File "/opt/airflow/dags/driven_data_pipeline.py", line 6, in <module>
    import polars as pl
ModuleNotFoundError: No module named 'polars'
[2025-07-01T23:03:46.932+0000] {processor.py:927} WARNING - No viable dags retrieved from /opt/airflow/dags/driven_data_pipeline.py
[2025-07-01T23:03:46.977+0000] {processor.py:208} INFO - Processing /opt/airflow/dags/driven_data_pipeline.py took 0.118 seconds
[2025-07-01T23:04:17.380+0000] {processor.py:186} INFO - Started process (PID=296) to work on /opt/airflow/dags/driven_data_pipeline.py
[2025-07-01T23:04:17.388+0000] {processor.py:914} INFO - Processing file /opt/airflow/dags/driven_data_pipeline.py for tasks to queue
[2025-07-01T23:04:17.403+0000] {logging_mixin.py:190} INFO - [2025-07-01T23:04:17.401+0000] {dagbag.py:588} INFO - Filling up the DagBag from /opt/airflow/dags/driven_data_pipeline.py
[2025-07-01T23:04:17.458+0000] {logging_mixin.py:190} INFO - [2025-07-01T23:04:17.448+0000] {dagbag.py:387} ERROR - Failed to import: /opt/airflow/dags/driven_data_pipeline.py
Traceback (most recent call last):
  File "/home/airflow/.local/lib/python3.12/site-packages/airflow/models/dagbag.py", line 383, in parse
    loader.exec_module(new_module)
  File "<frozen importlib._bootstrap_external>", line 995, in exec_module
  File "<frozen importlib._bootstrap>", line 488, in _call_with_frames_removed
  File "/opt/airflow/dags/driven_data_pipeline.py", line 6, in <module>
    import polars as pl
ModuleNotFoundError: No module named 'polars'
[2025-07-01T23:04:17.461+0000] {processor.py:927} WARNING - No viable dags retrieved from /opt/airflow/dags/driven_data_pipeline.py
[2025-07-01T23:04:17.566+0000] {processor.py:208} INFO - Processing /opt/airflow/dags/driven_data_pipeline.py took 0.221 seconds
[2025-07-01T23:04:47.905+0000] {processor.py:186} INFO - Started process (PID=303) to work on /opt/airflow/dags/driven_data_pipeline.py
[2025-07-01T23:04:47.908+0000] {processor.py:914} INFO - Processing file /opt/airflow/dags/driven_data_pipeline.py for tasks to queue
[2025-07-01T23:04:47.921+0000] {logging_mixin.py:190} INFO - [2025-07-01T23:04:47.920+0000] {dagbag.py:588} INFO - Filling up the DagBag from /opt/airflow/dags/driven_data_pipeline.py
[2025-07-01T23:04:47.990+0000] {logging_mixin.py:190} INFO - [2025-07-01T23:04:47.961+0000] {dagbag.py:387} ERROR - Failed to import: /opt/airflow/dags/driven_data_pipeline.py
Traceback (most recent call last):
  File "/home/airflow/.local/lib/python3.12/site-packages/airflow/models/dagbag.py", line 383, in parse
    loader.exec_module(new_module)
  File "<frozen importlib._bootstrap_external>", line 995, in exec_module
  File "<frozen importlib._bootstrap>", line 488, in _call_with_frames_removed
  File "/opt/airflow/dags/driven_data_pipeline.py", line 6, in <module>
    import polars as pl
ModuleNotFoundError: No module named 'polars'
[2025-07-01T23:04:47.999+0000] {processor.py:927} WARNING - No viable dags retrieved from /opt/airflow/dags/driven_data_pipeline.py
[2025-07-01T23:04:48.057+0000] {processor.py:208} INFO - Processing /opt/airflow/dags/driven_data_pipeline.py took 0.169 seconds
[2025-07-01T23:05:18.367+0000] {processor.py:186} INFO - Started process (PID=310) to work on /opt/airflow/dags/driven_data_pipeline.py
[2025-07-01T23:05:18.369+0000] {processor.py:914} INFO - Processing file /opt/airflow/dags/driven_data_pipeline.py for tasks to queue
[2025-07-01T23:05:18.375+0000] {logging_mixin.py:190} INFO - [2025-07-01T23:05:18.375+0000] {dagbag.py:588} INFO - Filling up the DagBag from /opt/airflow/dags/driven_data_pipeline.py
[2025-07-01T23:05:18.403+0000] {logging_mixin.py:190} INFO - [2025-07-01T23:05:18.397+0000] {dagbag.py:387} ERROR - Failed to import: /opt/airflow/dags/driven_data_pipeline.py
Traceback (most recent call last):
  File "/home/airflow/.local/lib/python3.12/site-packages/airflow/models/dagbag.py", line 383, in parse
    loader.exec_module(new_module)
  File "<frozen importlib._bootstrap_external>", line 995, in exec_module
  File "<frozen importlib._bootstrap>", line 488, in _call_with_frames_removed
  File "/opt/airflow/dags/driven_data_pipeline.py", line 6, in <module>
    import polars as pl
ModuleNotFoundError: No module named 'polars'
[2025-07-01T23:05:18.406+0000] {processor.py:927} WARNING - No viable dags retrieved from /opt/airflow/dags/driven_data_pipeline.py
[2025-07-01T23:05:18.448+0000] {processor.py:208} INFO - Processing /opt/airflow/dags/driven_data_pipeline.py took 0.093 seconds
[2025-07-01T23:05:49.241+0000] {processor.py:186} INFO - Started process (PID=317) to work on /opt/airflow/dags/driven_data_pipeline.py
[2025-07-01T23:05:49.247+0000] {processor.py:914} INFO - Processing file /opt/airflow/dags/driven_data_pipeline.py for tasks to queue
[2025-07-01T23:05:49.302+0000] {logging_mixin.py:190} INFO - [2025-07-01T23:05:49.296+0000] {dagbag.py:588} INFO - Filling up the DagBag from /opt/airflow/dags/driven_data_pipeline.py
[2025-07-01T23:05:49.421+0000] {logging_mixin.py:190} INFO - [2025-07-01T23:05:49.393+0000] {dagbag.py:387} ERROR - Failed to import: /opt/airflow/dags/driven_data_pipeline.py
Traceback (most recent call last):
  File "/home/airflow/.local/lib/python3.12/site-packages/airflow/models/dagbag.py", line 383, in parse
    loader.exec_module(new_module)
  File "<frozen importlib._bootstrap_external>", line 995, in exec_module
  File "<frozen importlib._bootstrap>", line 488, in _call_with_frames_removed
  File "/opt/airflow/dags/driven_data_pipeline.py", line 6, in <module>
    import polars as pl
ModuleNotFoundError: No module named 'polars'
[2025-07-01T23:05:49.425+0000] {processor.py:927} WARNING - No viable dags retrieved from /opt/airflow/dags/driven_data_pipeline.py
[2025-07-01T23:05:49.620+0000] {processor.py:208} INFO - Processing /opt/airflow/dags/driven_data_pipeline.py took 0.450 seconds
[2025-07-01T23:06:20.081+0000] {processor.py:186} INFO - Started process (PID=324) to work on /opt/airflow/dags/driven_data_pipeline.py
[2025-07-01T23:06:20.084+0000] {processor.py:914} INFO - Processing file /opt/airflow/dags/driven_data_pipeline.py for tasks to queue
[2025-07-01T23:06:20.092+0000] {logging_mixin.py:190} INFO - [2025-07-01T23:06:20.090+0000] {dagbag.py:588} INFO - Filling up the DagBag from /opt/airflow/dags/driven_data_pipeline.py
[2025-07-01T23:06:20.130+0000] {logging_mixin.py:190} INFO - [2025-07-01T23:06:20.122+0000] {dagbag.py:387} ERROR - Failed to import: /opt/airflow/dags/driven_data_pipeline.py
Traceback (most recent call last):
  File "/home/airflow/.local/lib/python3.12/site-packages/airflow/models/dagbag.py", line 383, in parse
    loader.exec_module(new_module)
  File "<frozen importlib._bootstrap_external>", line 995, in exec_module
  File "<frozen importlib._bootstrap>", line 488, in _call_with_frames_removed
  File "/opt/airflow/dags/driven_data_pipeline.py", line 6, in <module>
    import polars as pl
ModuleNotFoundError: No module named 'polars'
[2025-07-01T23:06:20.133+0000] {processor.py:927} WARNING - No viable dags retrieved from /opt/airflow/dags/driven_data_pipeline.py
[2025-07-01T23:06:20.183+0000] {processor.py:208} INFO - Processing /opt/airflow/dags/driven_data_pipeline.py took 0.115 seconds
[2025-07-01T23:06:50.464+0000] {processor.py:186} INFO - Started process (PID=337) to work on /opt/airflow/dags/driven_data_pipeline.py
[2025-07-01T23:06:50.466+0000] {processor.py:914} INFO - Processing file /opt/airflow/dags/driven_data_pipeline.py for tasks to queue
[2025-07-01T23:06:50.474+0000] {logging_mixin.py:190} INFO - [2025-07-01T23:06:50.473+0000] {dagbag.py:588} INFO - Filling up the DagBag from /opt/airflow/dags/driven_data_pipeline.py
[2025-07-01T23:06:50.514+0000] {logging_mixin.py:190} INFO - [2025-07-01T23:06:50.505+0000] {dagbag.py:387} ERROR - Failed to import: /opt/airflow/dags/driven_data_pipeline.py
Traceback (most recent call last):
  File "/home/airflow/.local/lib/python3.12/site-packages/airflow/models/dagbag.py", line 383, in parse
    loader.exec_module(new_module)
  File "<frozen importlib._bootstrap_external>", line 995, in exec_module
  File "<frozen importlib._bootstrap>", line 488, in _call_with_frames_removed
  File "/opt/airflow/dags/driven_data_pipeline.py", line 6, in <module>
    import polars as pl
ModuleNotFoundError: No module named 'polars'
[2025-07-01T23:06:50.516+0000] {processor.py:927} WARNING - No viable dags retrieved from /opt/airflow/dags/driven_data_pipeline.py
[2025-07-01T23:06:50.554+0000] {processor.py:208} INFO - Processing /opt/airflow/dags/driven_data_pipeline.py took 0.103 seconds
[2025-07-01T23:07:20.861+0000] {processor.py:186} INFO - Started process (PID=344) to work on /opt/airflow/dags/driven_data_pipeline.py
[2025-07-01T23:07:20.863+0000] {processor.py:914} INFO - Processing file /opt/airflow/dags/driven_data_pipeline.py for tasks to queue
[2025-07-01T23:07:20.872+0000] {logging_mixin.py:190} INFO - [2025-07-01T23:07:20.870+0000] {dagbag.py:588} INFO - Filling up the DagBag from /opt/airflow/dags/driven_data_pipeline.py
[2025-07-01T23:07:20.917+0000] {logging_mixin.py:190} INFO - [2025-07-01T23:07:20.909+0000] {dagbag.py:387} ERROR - Failed to import: /opt/airflow/dags/driven_data_pipeline.py
Traceback (most recent call last):
  File "/home/airflow/.local/lib/python3.12/site-packages/airflow/models/dagbag.py", line 383, in parse
    loader.exec_module(new_module)
  File "<frozen importlib._bootstrap_external>", line 995, in exec_module
  File "<frozen importlib._bootstrap>", line 488, in _call_with_frames_removed
  File "/opt/airflow/dags/driven_data_pipeline.py", line 6, in <module>
    import polars as pl
ModuleNotFoundError: No module named 'polars'
[2025-07-01T23:07:20.922+0000] {processor.py:927} WARNING - No viable dags retrieved from /opt/airflow/dags/driven_data_pipeline.py
[2025-07-01T23:07:20.969+0000] {processor.py:208} INFO - Processing /opt/airflow/dags/driven_data_pipeline.py took 0.121 seconds
[2025-07-01T23:07:51.372+0000] {processor.py:186} INFO - Started process (PID=351) to work on /opt/airflow/dags/driven_data_pipeline.py
[2025-07-01T23:07:51.374+0000] {processor.py:914} INFO - Processing file /opt/airflow/dags/driven_data_pipeline.py for tasks to queue
[2025-07-01T23:07:51.381+0000] {logging_mixin.py:190} INFO - [2025-07-01T23:07:51.380+0000] {dagbag.py:588} INFO - Filling up the DagBag from /opt/airflow/dags/driven_data_pipeline.py
[2025-07-01T23:07:51.412+0000] {logging_mixin.py:190} INFO - [2025-07-01T23:07:51.405+0000] {dagbag.py:387} ERROR - Failed to import: /opt/airflow/dags/driven_data_pipeline.py
Traceback (most recent call last):
  File "/home/airflow/.local/lib/python3.12/site-packages/airflow/models/dagbag.py", line 383, in parse
    loader.exec_module(new_module)
  File "<frozen importlib._bootstrap_external>", line 995, in exec_module
  File "<frozen importlib._bootstrap>", line 488, in _call_with_frames_removed
  File "/opt/airflow/dags/driven_data_pipeline.py", line 6, in <module>
    import polars as pl
ModuleNotFoundError: No module named 'polars'
[2025-07-01T23:07:51.414+0000] {processor.py:927} WARNING - No viable dags retrieved from /opt/airflow/dags/driven_data_pipeline.py
[2025-07-01T23:07:51.448+0000] {processor.py:208} INFO - Processing /opt/airflow/dags/driven_data_pipeline.py took 0.085 seconds
[2025-07-01T23:08:22.000+0000] {processor.py:186} INFO - Started process (PID=358) to work on /opt/airflow/dags/driven_data_pipeline.py
[2025-07-01T23:08:22.013+0000] {processor.py:914} INFO - Processing file /opt/airflow/dags/driven_data_pipeline.py for tasks to queue
[2025-07-01T23:08:22.021+0000] {logging_mixin.py:190} INFO - [2025-07-01T23:08:22.020+0000] {dagbag.py:588} INFO - Filling up the DagBag from /opt/airflow/dags/driven_data_pipeline.py
[2025-07-01T23:08:22.060+0000] {logging_mixin.py:190} INFO - [2025-07-01T23:08:22.051+0000] {dagbag.py:387} ERROR - Failed to import: /opt/airflow/dags/driven_data_pipeline.py
Traceback (most recent call last):
  File "/home/airflow/.local/lib/python3.12/site-packages/airflow/models/dagbag.py", line 383, in parse
    loader.exec_module(new_module)
  File "<frozen importlib._bootstrap_external>", line 995, in exec_module
  File "<frozen importlib._bootstrap>", line 488, in _call_with_frames_removed
  File "/opt/airflow/dags/driven_data_pipeline.py", line 6, in <module>
    import polars as pl
ModuleNotFoundError: No module named 'polars'
[2025-07-01T23:08:22.062+0000] {processor.py:927} WARNING - No viable dags retrieved from /opt/airflow/dags/driven_data_pipeline.py
[2025-07-01T23:08:22.102+0000] {processor.py:208} INFO - Processing /opt/airflow/dags/driven_data_pipeline.py took 0.131 seconds
