[0m01:53:44.749457 [debug] [MainThread]: Sending event: {'category': 'dbt', 'action': 'invocation', 'label': 'start', 'context': [<snowplow_tracker.self_describing_json.SelfDescribingJson object at 0x7f02d3a90320>, <snowplow_tracker.self_describing_json.SelfDescribingJson object at 0x7f02d41978f0>, <snowplow_tracker.self_describing_json.SelfDescribingJson object at 0x7f02d3a611c0>]}


============================== 01:53:44.760897 | a5a2c15d-a363-4223-8387-c07eefae45bc ==============================
[0m01:53:44.760897 [info ] [MainThread]: Running with dbt=1.10.3
[0m01:53:44.763007 [debug] [MainThread]: running dbt with arguments {'printer_width': '80', 'indirect_selection': 'eager', 'write_json': 'True', 'log_cache_events': 'False', 'partial_parse': 'True', 'cache_selected_only': 'False', 'profiles_dir': '/opt/airflow/dbt', 'version_check': 'True', 'debug': 'False', 'log_path': '/opt/airflow/dbt/logs', 'warn_error': 'None', 'fail_fast': 'False', 'use_colors': 'True', 'use_experimental_parser': 'False', 'empty': 'False', 'quiet': 'False', 'no_print': 'None', 'log_format': 'default', 'introspect': 'True', 'invocation_command': 'dbt run --select tag:staging', 'static_parser': 'True', 'target_path': 'None', 'warn_error_options': 'WarnErrorOptionsV2(error=[], warn=[], silence=[])', 'send_anonymous_usage_stats': 'True'}
[0m01:53:44.778459 [error] [MainThread]: Encountered an error:
argument of type 'NoneType' is not iterable
[0m01:53:44.783149 [error] [MainThread]: Traceback (most recent call last):
  File "/home/airflow/.local/lib/python3.12/site-packages/dbt/cli/requires.py", line 161, in wrapper
    result, success = func(*args, **kwargs)
                      ^^^^^^^^^^^^^^^^^^^^^
  File "/home/airflow/.local/lib/python3.12/site-packages/dbt/cli/requires.py", line 111, in wrapper
    return func(*args, **kwargs)
           ^^^^^^^^^^^^^^^^^^^^^
  File "/home/airflow/.local/lib/python3.12/site-packages/dbt/cli/requires.py", line 251, in wrapper
    profile = load_profile(flags.PROJECT_DIR, flags.VARS, flags.PROFILE, flags.TARGET, threads)
              ^^^^^^^^^^^^^^^^^^^^^^^^^^^^^^^^^^^^^^^^^^^^^^^^^^^^^^^^^^^^^^^^^^^^^^^^^^^^^^^^^
  File "/home/airflow/.local/lib/python3.12/site-packages/dbt/config/runtime.py", line 78, in load_profile
    profile = Profile.render(
              ^^^^^^^^^^^^^^^
  File "/home/airflow/.local/lib/python3.12/site-packages/dbt/config/profile.py", line 402, in render
    return cls.from_raw_profiles(
           ^^^^^^^^^^^^^^^^^^^^^^
  File "/home/airflow/.local/lib/python3.12/site-packages/dbt/config/profile.py", line 368, in from_raw_profiles
    return cls.from_raw_profile_info(
           ^^^^^^^^^^^^^^^^^^^^^^^^^^
  File "/home/airflow/.local/lib/python3.12/site-packages/dbt/config/profile.py", line 314, in from_raw_profile_info
    target_name, profile_data = cls.render_profile(
                                ^^^^^^^^^^^^^^^^^^^
  File "/home/airflow/.local/lib/python3.12/site-packages/dbt/config/profile.py", line 280, in render_profile
    raw_profile_data = cls._get_profile_data(raw_profile, profile_name, target_name)
                       ^^^^^^^^^^^^^^^^^^^^^^^^^^^^^^^^^^^^^^^^^^^^^^^^^^^^^^^^^^^^^
  File "/home/airflow/.local/lib/python3.12/site-packages/dbt/config/profile.py", line 205, in _get_profile_data
    if target_name not in outputs:
       ^^^^^^^^^^^^^^^^^^^^^^^^^^
TypeError: argument of type 'NoneType' is not iterable

[0m01:53:44.785123 [debug] [MainThread]: Resource report: {"command_name": "run", "command_success": false, "command_wall_clock_time": 0.14461659, "process_in_blocks": "36280", "process_kernel_time": 0.775587, "process_mem_max_rss": "103484", "process_out_blocks": "1504", "process_user_time": 3.098246}
[0m01:53:44.786380 [debug] [MainThread]: Command `dbt run` failed at 01:53:44.786108 after 0.15 seconds
[0m01:53:44.787325 [debug] [MainThread]: Sending event: {'category': 'dbt', 'action': 'invocation', 'label': 'end', 'context': [<snowplow_tracker.self_describing_json.SelfDescribingJson object at 0x7f02d2e1fcb0>, <snowplow_tracker.self_describing_json.SelfDescribingJson object at 0x7f02d3197b60>, <snowplow_tracker.self_describing_json.SelfDescribingJson object at 0x7f02d3194fb0>]}
[0m01:53:44.788631 [debug] [MainThread]: Flushing usage events
[0m01:53:45.390232 [debug] [MainThread]: An error was encountered while trying to flush usage events
[0m03:01:59.126851 [debug] [MainThread]: Sending event: {'category': 'dbt', 'action': 'invocation', 'label': 'start', 'context': [<snowplow_tracker.self_describing_json.SelfDescribingJson object at 0x79f7bde48770>, <snowplow_tracker.self_describing_json.SelfDescribingJson object at 0x79f7be3d8500>, <snowplow_tracker.self_describing_json.SelfDescribingJson object at 0x79f7be0d3fb0>]}


============================== 03:01:59.168319 | bb41916f-bde5-49e1-8153-af515184356d ==============================
[0m03:01:59.168319 [info ] [MainThread]: Running with dbt=1.10.3
[0m03:01:59.171737 [debug] [MainThread]: running dbt with arguments {'printer_width': '80', 'indirect_selection': 'eager', 'write_json': 'True', 'log_cache_events': 'False', 'partial_parse': 'True', 'cache_selected_only': 'False', 'profiles_dir': '/opt/airflow/dbt', 'version_check': 'True', 'debug': 'False', 'log_path': '/opt/airflow/dbt/logs', 'warn_error': 'None', 'fail_fast': 'False', 'use_colors': 'True', 'use_experimental_parser': 'False', 'empty': 'False', 'quiet': 'False', 'no_print': 'None', 'warn_error_options': 'WarnErrorOptionsV2(error=[], warn=[], silence=[])', 'introspect': 'True', 'static_parser': 'True', 'invocation_command': 'dbt run --select tag:staging', 'target_path': 'None', 'log_format': 'default', 'send_anonymous_usage_stats': 'True'}
[0m03:01:59.199109 [error] [MainThread]: Encountered an error:
argument of type 'NoneType' is not iterable
[0m03:01:59.206362 [error] [MainThread]: Traceback (most recent call last):
  File "/home/airflow/.local/lib/python3.12/site-packages/dbt/cli/requires.py", line 161, in wrapper
    result, success = func(*args, **kwargs)
                      ^^^^^^^^^^^^^^^^^^^^^
  File "/home/airflow/.local/lib/python3.12/site-packages/dbt/cli/requires.py", line 111, in wrapper
    return func(*args, **kwargs)
           ^^^^^^^^^^^^^^^^^^^^^
  File "/home/airflow/.local/lib/python3.12/site-packages/dbt/cli/requires.py", line 251, in wrapper
    profile = load_profile(flags.PROJECT_DIR, flags.VARS, flags.PROFILE, flags.TARGET, threads)
              ^^^^^^^^^^^^^^^^^^^^^^^^^^^^^^^^^^^^^^^^^^^^^^^^^^^^^^^^^^^^^^^^^^^^^^^^^^^^^^^^^
  File "/home/airflow/.local/lib/python3.12/site-packages/dbt/config/runtime.py", line 78, in load_profile
    profile = Profile.render(
              ^^^^^^^^^^^^^^^
  File "/home/airflow/.local/lib/python3.12/site-packages/dbt/config/profile.py", line 402, in render
    return cls.from_raw_profiles(
           ^^^^^^^^^^^^^^^^^^^^^^
  File "/home/airflow/.local/lib/python3.12/site-packages/dbt/config/profile.py", line 368, in from_raw_profiles
    return cls.from_raw_profile_info(
           ^^^^^^^^^^^^^^^^^^^^^^^^^^
  File "/home/airflow/.local/lib/python3.12/site-packages/dbt/config/profile.py", line 314, in from_raw_profile_info
    target_name, profile_data = cls.render_profile(
                                ^^^^^^^^^^^^^^^^^^^
  File "/home/airflow/.local/lib/python3.12/site-packages/dbt/config/profile.py", line 280, in render_profile
    raw_profile_data = cls._get_profile_data(raw_profile, profile_name, target_name)
                       ^^^^^^^^^^^^^^^^^^^^^^^^^^^^^^^^^^^^^^^^^^^^^^^^^^^^^^^^^^^^^
  File "/home/airflow/.local/lib/python3.12/site-packages/dbt/config/profile.py", line 205, in _get_profile_data
    if target_name not in outputs:
       ^^^^^^^^^^^^^^^^^^^^^^^^^^
TypeError: argument of type 'NoneType' is not iterable

[0m03:01:59.210645 [debug] [MainThread]: Resource report: {"command_name": "run", "command_success": false, "command_wall_clock_time": 0.21507855, "process_in_blocks": "66544", "process_kernel_time": 0.94281, "process_mem_max_rss": "102792", "process_out_blocks": "1504", "process_user_time": 2.950345}
[0m03:01:59.212694 [debug] [MainThread]: Command `dbt run` failed at 03:01:59.212343 after 0.22 seconds
[0m03:01:59.214589 [debug] [MainThread]: Sending event: {'category': 'dbt', 'action': 'invocation', 'label': 'end', 'context': [<snowplow_tracker.self_describing_json.SelfDescribingJson object at 0x79f7be61e780>, <snowplow_tracker.self_describing_json.SelfDescribingJson object at 0x79f7c176b0e0>, <snowplow_tracker.self_describing_json.SelfDescribingJson object at 0x79f7be3d8500>]}
[0m03:01:59.217726 [debug] [MainThread]: Flushing usage events
[0m03:01:59.762273 [debug] [MainThread]: An error was encountered while trying to flush usage events
[0m04:07:09.700506 [debug] [MainThread]: Sending event: {'category': 'dbt', 'action': 'invocation', 'label': 'start', 'context': [<snowplow_tracker.self_describing_json.SelfDescribingJson object at 0x7e0b0efea2d0>, <snowplow_tracker.self_describing_json.SelfDescribingJson object at 0x7e0b1103a5d0>, <snowplow_tracker.self_describing_json.SelfDescribingJson object at 0x7e0b0efe9610>]}
[0m04:07:09.700480 [debug] [MainThread]: Sending event: {'category': 'dbt', 'action': 'invocation', 'label': 'start', 'context': [<snowplow_tracker.self_describing_json.SelfDescribingJson object at 0x7f2b7d8def90>, <snowplow_tracker.self_describing_json.SelfDescribingJson object at 0x7f2b7b0056d0>, <snowplow_tracker.self_describing_json.SelfDescribingJson object at 0x7f2b7b005d30>]}


============================== 04:07:09.715332 | ef68bcb2-d655-4900-bdea-cd8a4eb46a07 ==============================
[0m04:07:09.715332 [info ] [MainThread]: Running with dbt=1.10.3


============================== 04:07:09.715312 | 428d781a-7647-4c5a-90a3-e3f96a5c9b25 ==============================
[0m04:07:09.715312 [info ] [MainThread]: Running with dbt=1.10.3
[0m04:07:09.716816 [debug] [MainThread]: running dbt with arguments {'printer_width': '80', 'indirect_selection': 'eager', 'write_json': 'True', 'log_cache_events': 'False', 'partial_parse': 'True', 'cache_selected_only': 'False', 'profiles_dir': '/opt/airflow/dbt', 'fail_fast': 'False', 'debug': 'False', 'log_path': '/opt/airflow/dbt/logs', 'version_check': 'True', 'warn_error': 'None', 'use_colors': 'True', 'use_experimental_parser': 'False', 'no_print': 'None', 'quiet': 'False', 'empty': 'False', 'log_format': 'default', 'introspect': 'True', 'static_parser': 'True', 'invocation_command': 'dbt run --select tag:staging', 'target_path': 'None', 'warn_error_options': 'WarnErrorOptionsV2(error=[], warn=[], silence=[])', 'send_anonymous_usage_stats': 'True'}
[0m04:07:09.716864 [debug] [MainThread]: running dbt with arguments {'printer_width': '80', 'indirect_selection': 'eager', 'log_cache_events': 'False', 'write_json': 'True', 'partial_parse': 'True', 'cache_selected_only': 'False', 'profiles_dir': '/opt/airflow/dbt', 'fail_fast': 'False', 'warn_error': 'None', 'log_path': '/opt/airflow/dbt/logs', 'debug': 'False', 'version_check': 'True', 'use_colors': 'True', 'use_experimental_parser': 'False', 'no_print': 'None', 'quiet': 'False', 'empty': 'False', 'warn_error_options': 'WarnErrorOptionsV2(error=[], warn=[], silence=[])', 'introspect': 'True', 'static_parser': 'True', 'log_format': 'default', 'target_path': 'None', 'invocation_command': 'dbt run --select tag:staging', 'send_anonymous_usage_stats': 'True'}
[0m04:07:09.733399 [error] [MainThread]: Encountered an error:
argument of type 'NoneType' is not iterable
[0m04:07:09.735634 [error] [MainThread]: Encountered an error:
argument of type 'NoneType' is not iterable
[0m04:07:09.739404 [error] [MainThread]: Traceback (most recent call last):
  File "/home/airflow/.local/lib/python3.12/site-packages/dbt/cli/requires.py", line 161, in wrapper
    result, success = func(*args, **kwargs)
                      ^^^^^^^^^^^^^^^^^^^^^
  File "/home/airflow/.local/lib/python3.12/site-packages/dbt/cli/requires.py", line 111, in wrapper
    return func(*args, **kwargs)
           ^^^^^^^^^^^^^^^^^^^^^
  File "/home/airflow/.local/lib/python3.12/site-packages/dbt/cli/requires.py", line 251, in wrapper
    profile = load_profile(flags.PROJECT_DIR, flags.VARS, flags.PROFILE, flags.TARGET, threads)
              ^^^^^^^^^^^^^^^^^^^^^^^^^^^^^^^^^^^^^^^^^^^^^^^^^^^^^^^^^^^^^^^^^^^^^^^^^^^^^^^^^
  File "/home/airflow/.local/lib/python3.12/site-packages/dbt/config/runtime.py", line 78, in load_profile
    profile = Profile.render(
              ^^^^^^^^^^^^^^^
  File "/home/airflow/.local/lib/python3.12/site-packages/dbt/config/profile.py", line 402, in render
    return cls.from_raw_profiles(
           ^^^^^^^^^^^^^^^^^^^^^^
  File "/home/airflow/.local/lib/python3.12/site-packages/dbt/config/profile.py", line 368, in from_raw_profiles
    return cls.from_raw_profile_info(
           ^^^^^^^^^^^^^^^^^^^^^^^^^^
  File "/home/airflow/.local/lib/python3.12/site-packages/dbt/config/profile.py", line 314, in from_raw_profile_info
    target_name, profile_data = cls.render_profile(
                                ^^^^^^^^^^^^^^^^^^^
  File "/home/airflow/.local/lib/python3.12/site-packages/dbt/config/profile.py", line 280, in render_profile
    raw_profile_data = cls._get_profile_data(raw_profile, profile_name, target_name)
                       ^^^^^^^^^^^^^^^^^^^^^^^^^^^^^^^^^^^^^^^^^^^^^^^^^^^^^^^^^^^^^
  File "/home/airflow/.local/lib/python3.12/site-packages/dbt/config/profile.py", line 205, in _get_profile_data
    if target_name not in outputs:
       ^^^^^^^^^^^^^^^^^^^^^^^^^^
TypeError: argument of type 'NoneType' is not iterable

[0m04:07:09.739911 [error] [MainThread]: Traceback (most recent call last):
  File "/home/airflow/.local/lib/python3.12/site-packages/dbt/cli/requires.py", line 161, in wrapper
    result, success = func(*args, **kwargs)
                      ^^^^^^^^^^^^^^^^^^^^^
  File "/home/airflow/.local/lib/python3.12/site-packages/dbt/cli/requires.py", line 111, in wrapper
    return func(*args, **kwargs)
           ^^^^^^^^^^^^^^^^^^^^^
  File "/home/airflow/.local/lib/python3.12/site-packages/dbt/cli/requires.py", line 251, in wrapper
    profile = load_profile(flags.PROJECT_DIR, flags.VARS, flags.PROFILE, flags.TARGET, threads)
              ^^^^^^^^^^^^^^^^^^^^^^^^^^^^^^^^^^^^^^^^^^^^^^^^^^^^^^^^^^^^^^^^^^^^^^^^^^^^^^^^^
  File "/home/airflow/.local/lib/python3.12/site-packages/dbt/config/runtime.py", line 78, in load_profile
    profile = Profile.render(
              ^^^^^^^^^^^^^^^
  File "/home/airflow/.local/lib/python3.12/site-packages/dbt/config/profile.py", line 402, in render
    return cls.from_raw_profiles(
           ^^^^^^^^^^^^^^^^^^^^^^
  File "/home/airflow/.local/lib/python3.12/site-packages/dbt/config/profile.py", line 368, in from_raw_profiles
    return cls.from_raw_profile_info(
           ^^^^^^^^^^^^^^^^^^^^^^^^^^
  File "/home/airflow/.local/lib/python3.12/site-packages/dbt/config/profile.py", line 314, in from_raw_profile_info
    target_name, profile_data = cls.render_profile(
                                ^^^^^^^^^^^^^^^^^^^
  File "/home/airflow/.local/lib/python3.12/site-packages/dbt/config/profile.py", line 280, in render_profile
    raw_profile_data = cls._get_profile_data(raw_profile, profile_name, target_name)
                       ^^^^^^^^^^^^^^^^^^^^^^^^^^^^^^^^^^^^^^^^^^^^^^^^^^^^^^^^^^^^^
  File "/home/airflow/.local/lib/python3.12/site-packages/dbt/config/profile.py", line 205, in _get_profile_data
    if target_name not in outputs:
       ^^^^^^^^^^^^^^^^^^^^^^^^^^
TypeError: argument of type 'NoneType' is not iterable

[0m04:07:09.743484 [debug] [MainThread]: Resource report: {"command_name": "run", "command_success": false, "command_wall_clock_time": 0.1581931, "process_in_blocks": "35248", "process_kernel_time": 1.0141, "process_mem_max_rss": "103408", "process_out_blocks": "1496", "process_user_time": 3.761316}
[0m04:07:09.743664 [debug] [MainThread]: Resource report: {"command_name": "run", "command_success": false, "command_wall_clock_time": 0.15941596, "process_in_blocks": "28632", "process_kernel_time": 0.975535, "process_mem_max_rss": "103216", "process_out_blocks": "1504", "process_user_time": 3.781755}
[0m04:07:09.745191 [debug] [MainThread]: Command `dbt run` failed at 04:07:09.744888 after 0.16 seconds
[0m04:07:09.745180 [debug] [MainThread]: Command `dbt run` failed at 04:07:09.744834 after 0.16 seconds
[0m04:07:09.747030 [debug] [MainThread]: Sending event: {'category': 'dbt', 'action': 'invocation', 'label': 'end', 'context': [<snowplow_tracker.self_describing_json.SelfDescribingJson object at 0x7f2b7be04ef0>, <snowplow_tracker.self_describing_json.SelfDescribingJson object at 0x7f2b7b0631a0>, <snowplow_tracker.self_describing_json.SelfDescribingJson object at 0x7f2b7bb320c0>]}
[0m04:07:09.747044 [debug] [MainThread]: Sending event: {'category': 'dbt', 'action': 'invocation', 'label': 'end', 'context': [<snowplow_tracker.self_describing_json.SelfDescribingJson object at 0x7e0b0eddf890>, <snowplow_tracker.self_describing_json.SelfDescribingJson object at 0x7e0b0f051bb0>, <snowplow_tracker.self_describing_json.SelfDescribingJson object at 0x7e0b0f2a6cf0>]}
[0m04:07:09.748801 [debug] [MainThread]: Flushing usage events
[0m04:07:09.748760 [debug] [MainThread]: Flushing usage events
[0m04:07:10.385598 [debug] [MainThread]: An error was encountered while trying to flush usage events
[0m04:07:10.385837 [debug] [MainThread]: An error was encountered while trying to flush usage events
[0m04:42:04.803101 [debug] [MainThread]: Sending event: {'category': 'dbt', 'action': 'invocation', 'label': 'start', 'context': [<snowplow_tracker.self_describing_json.SelfDescribingJson object at 0x7ac2a4a6ef90>, <snowplow_tracker.self_describing_json.SelfDescribingJson object at 0x7ac2a439dd60>, <snowplow_tracker.self_describing_json.SelfDescribingJson object at 0x7ac2a34bb7a0>]}


============================== 04:42:04.825047 | ddf1a9b2-397a-448f-aeaf-af7f3b457377 ==============================
[0m04:42:04.825047 [info ] [MainThread]: Running with dbt=1.10.3
[0m04:42:04.827092 [debug] [MainThread]: running dbt with arguments {'printer_width': '80', 'indirect_selection': 'eager', 'log_cache_events': 'False', 'write_json': 'True', 'partial_parse': 'True', 'cache_selected_only': 'False', 'profiles_dir': '/opt/airflow/dbt', 'debug': 'False', 'fail_fast': 'False', 'log_path': '/opt/airflow/dbt/logs', 'version_check': 'True', 'warn_error': 'None', 'use_colors': 'True', 'use_experimental_parser': 'False', 'empty': 'False', 'quiet': 'False', 'no_print': 'None', 'log_format': 'default', 'invocation_command': 'dbt run --select tag:staging', 'introspect': 'True', 'static_parser': 'True', 'target_path': 'None', 'warn_error_options': 'WarnErrorOptionsV2(error=[], warn=[], silence=[])', 'send_anonymous_usage_stats': 'True'}
[0m04:42:05.553893 [debug] [MainThread]: Sending event: {'category': 'dbt', 'action': 'project_id', 'label': 'ddf1a9b2-397a-448f-aeaf-af7f3b457377', 'context': [<snowplow_tracker.self_describing_json.SelfDescribingJson object at 0x7ac2a2f889e0>]}
[0m04:42:05.682889 [debug] [MainThread]: Sending event: {'category': 'dbt', 'action': 'adapter_info', 'label': 'ddf1a9b2-397a-448f-aeaf-af7f3b457377', 'context': [<snowplow_tracker.self_describing_json.SelfDescribingJson object at 0x7ac2a301e870>]}
[0m04:42:05.685955 [info ] [MainThread]: Registered adapter: postgres=1.9.0
[0m04:42:05.935069 [debug] [MainThread]: checksum: 1bfacb87e6914c9942cfa2c4badfc1df19d859fe8ec086286ef238a7d920f97b, vars: {}, profile: , target: , version: 1.10.3
[0m04:42:05.941454 [info ] [MainThread]: Unable to do partial parsing because saved manifest not found. Starting full parse.
[0m04:42:05.945063 [debug] [MainThread]: Sending event: {'category': 'dbt', 'action': 'partial_parser', 'label': 'ddf1a9b2-397a-448f-aeaf-af7f3b457377', 'context': [<snowplow_tracker.self_describing_json.SelfDescribingJson object at 0x7ac2a17a0680>]}
[0m04:42:06.187826 [error] [MainThread]: Encountered an error:
Parsing Error
  Error reading dbt_driven_data: source.yml - Runtime Error
    Syntax error near line 4
    ------------------------------
    1  | version: 2
    2  | sources:
    3  |  - name: raw_source
    4  |  database: airflow
    5  |  schema: driven_raw
    6  |  tables:
    7  |  - name: raw_batch_data
    
    Raw Error:
    ------------------------------
    while parsing a block collection
      in "<unicode string>", line 3, column 2
    did not find expected '-' indicator
      in "<unicode string>", line 4, column 2
[0m04:42:06.208766 [debug] [MainThread]: Resource report: {"command_name": "run", "command_success": false, "command_wall_clock_time": 1.5534648, "process_in_blocks": "38232", "process_kernel_time": 1.525312, "process_mem_max_rss": "110428", "process_out_blocks": "0", "process_user_time": 3.651014}
[0m04:42:06.210806 [debug] [MainThread]: Command `dbt run` failed at 04:42:06.210463 after 1.56 seconds
[0m04:42:06.212403 [debug] [MainThread]: Sending event: {'category': 'dbt', 'action': 'invocation', 'label': 'end', 'context': [<snowplow_tracker.self_describing_json.SelfDescribingJson object at 0x7ac2a2212090>, <snowplow_tracker.self_describing_json.SelfDescribingJson object at 0x7ac2a1ace060>, <snowplow_tracker.self_describing_json.SelfDescribingJson object at 0x7ac2a38b7b90>]}
[0m04:42:06.213808 [debug] [MainThread]: Flushing usage events
[0m04:42:06.878618 [debug] [MainThread]: An error was encountered while trying to flush usage events
[0m04:49:20.251021 [debug] [MainThread]: Sending event: {'category': 'dbt', 'action': 'invocation', 'label': 'start', 'context': [<snowplow_tracker.self_describing_json.SelfDescribingJson object at 0x734a840f22a0>, <snowplow_tracker.self_describing_json.SelfDescribingJson object at 0x734a84451ca0>, <snowplow_tracker.self_describing_json.SelfDescribingJson object at 0x734a843ce7e0>]}


============================== 04:49:20.288842 | 8d688bb3-b593-4495-8b6b-826f77fbb47d ==============================
[0m04:49:20.288842 [info ] [MainThread]: Running with dbt=1.10.3
[0m04:49:20.291217 [debug] [MainThread]: running dbt with arguments {'printer_width': '80', 'indirect_selection': 'eager', 'write_json': 'True', 'log_cache_events': 'False', 'partial_parse': 'True', 'cache_selected_only': 'False', 'warn_error': 'None', 'version_check': 'True', 'profiles_dir': '/opt/airflow/dbt', 'log_path': '/opt/airflow/dbt/logs', 'fail_fast': 'False', 'debug': 'False', 'use_colors': 'True', 'use_experimental_parser': 'False', 'no_print': 'None', 'quiet': 'False', 'empty': 'False', 'warn_error_options': 'WarnErrorOptionsV2(error=[], warn=[], silence=[])', 'introspect': 'True', 'invocation_command': 'dbt run --select tag:staging', 'log_format': 'default', 'target_path': 'None', 'static_parser': 'True', 'send_anonymous_usage_stats': 'True'}
[0m04:49:20.850916 [debug] [MainThread]: Sending event: {'category': 'dbt', 'action': 'project_id', 'label': '8d688bb3-b593-4495-8b6b-826f77fbb47d', 'context': [<snowplow_tracker.self_describing_json.SelfDescribingJson object at 0x734a8359a090>]}
[0m04:49:20.972161 [debug] [MainThread]: Sending event: {'category': 'dbt', 'action': 'adapter_info', 'label': '8d688bb3-b593-4495-8b6b-826f77fbb47d', 'context': [<snowplow_tracker.self_describing_json.SelfDescribingJson object at 0x734a82b4a510>]}
[0m04:49:20.975874 [info ] [MainThread]: Registered adapter: postgres=1.9.0
[0m04:49:21.203526 [debug] [MainThread]: checksum: 1bfacb87e6914c9942cfa2c4badfc1df19d859fe8ec086286ef238a7d920f97b, vars: {}, profile: , target: , version: 1.10.3
[0m04:49:21.210188 [info ] [MainThread]: Unable to do partial parsing because saved manifest not found. Starting full parse.
[0m04:49:21.211640 [debug] [MainThread]: Sending event: {'category': 'dbt', 'action': 'partial_parser', 'label': '8d688bb3-b593-4495-8b6b-826f77fbb47d', 'context': [<snowplow_tracker.self_describing_json.SelfDescribingJson object at 0x734a82772840>]}
[0m04:49:21.405656 [error] [MainThread]: Encountered an error:
Parsing Error
  Error reading dbt_driven_data: source.yml - Runtime Error
    Syntax error near line 4
    ------------------------------
    1  | version: 2
    2  | sources:
    3  |  - name: raw_source
    4  |  database: airflow
    5  |  schema: driven_raw
    6  |  tables:
    7  |  - name: raw_batch_data
    
    Raw Error:
    ------------------------------
    while parsing a block collection
      in "<unicode string>", line 3, column 2
    did not find expected '-' indicator
      in "<unicode string>", line 4, column 2
[0m04:49:21.408180 [debug] [MainThread]: Resource report: {"command_name": "run", "command_success": false, "command_wall_clock_time": 1.3260936, "process_in_blocks": "4320", "process_kernel_time": 2.022545, "process_mem_max_rss": "110428", "process_out_blocks": "0", "process_user_time": 4.176639}
[0m04:49:21.409845 [debug] [MainThread]: Command `dbt run` failed at 04:49:21.409514 after 1.33 seconds
[0m04:49:21.412112 [debug] [MainThread]: Sending event: {'category': 'dbt', 'action': 'invocation', 'label': 'end', 'context': [<snowplow_tracker.self_describing_json.SelfDescribingJson object at 0x734a839743b0>, <snowplow_tracker.self_describing_json.SelfDescribingJson object at 0x734a87733380>, <snowplow_tracker.self_describing_json.SelfDescribingJson object at 0x734a83422450>]}
[0m04:49:21.413214 [debug] [MainThread]: Flushing usage events
[0m04:49:22.022570 [debug] [MainThread]: An error was encountered while trying to flush usage events
[0m04:55:28.005089 [debug] [MainThread]: Sending event: {'category': 'dbt', 'action': 'invocation', 'label': 'start', 'context': [<snowplow_tracker.self_describing_json.SelfDescribingJson object at 0x736c39f138c0>, <snowplow_tracker.self_describing_json.SelfDescribingJson object at 0x736c3aa56000>, <snowplow_tracker.self_describing_json.SelfDescribingJson object at 0x736c3ac834d0>]}


============================== 04:55:28.018921 | 7d298613-7eee-4531-b824-9940f5ebf35e ==============================
[0m04:55:28.018921 [info ] [MainThread]: Running with dbt=1.10.3
[0m04:55:28.020453 [debug] [MainThread]: running dbt with arguments {'printer_width': '80', 'indirect_selection': 'eager', 'log_cache_events': 'False', 'write_json': 'True', 'partial_parse': 'True', 'cache_selected_only': 'False', 'profiles_dir': '/opt/airflow/dbt', 'version_check': 'True', 'debug': 'False', 'log_path': '/opt/airflow/dbt/logs', 'warn_error': 'None', 'fail_fast': 'False', 'use_colors': 'True', 'use_experimental_parser': 'False', 'no_print': 'None', 'quiet': 'False', 'empty': 'False', 'warn_error_options': 'WarnErrorOptionsV2(error=[], warn=[], silence=[])', 'invocation_command': 'dbt run --select tag:staging', 'static_parser': 'True', 'log_format': 'default', 'target_path': 'None', 'introspect': 'True', 'send_anonymous_usage_stats': 'True'}
[0m04:55:28.611448 [debug] [MainThread]: Sending event: {'category': 'dbt', 'action': 'project_id', 'label': '7d298613-7eee-4531-b824-9940f5ebf35e', 'context': [<snowplow_tracker.self_describing_json.SelfDescribingJson object at 0x736c3a9a4080>]}
[0m04:55:28.711755 [debug] [MainThread]: Sending event: {'category': 'dbt', 'action': 'adapter_info', 'label': '7d298613-7eee-4531-b824-9940f5ebf35e', 'context': [<snowplow_tracker.self_describing_json.SelfDescribingJson object at 0x736c39b949e0>]}
[0m04:55:28.714823 [info ] [MainThread]: Registered adapter: postgres=1.9.0
[0m04:55:28.927488 [debug] [MainThread]: checksum: 1bfacb87e6914c9942cfa2c4badfc1df19d859fe8ec086286ef238a7d920f97b, vars: {}, profile: , target: , version: 1.10.3
[0m04:55:28.935296 [info ] [MainThread]: Unable to do partial parsing because saved manifest not found. Starting full parse.
[0m04:55:28.936850 [debug] [MainThread]: Sending event: {'category': 'dbt', 'action': 'partial_parser', 'label': '7d298613-7eee-4531-b824-9940f5ebf35e', 'context': [<snowplow_tracker.self_describing_json.SelfDescribingJson object at 0x736c3acc1190>]}
[0m04:55:29.158179 [error] [MainThread]: Encountered an error:
Parsing Error
  Error reading dbt_driven_data: source.yml - Runtime Error
    Syntax error near line 4
    ------------------------------
    1  | version: 2
    2  | sources:
    3  |  - name: raw_source
    4  |  database: airflow
    5  |  schema: driven_raw
    6  |  tables:
    7  |  - name: raw_batch_data
    
    Raw Error:
    ------------------------------
    while parsing a block collection
      in "<unicode string>", line 3, column 2
    did not find expected '-' indicator
      in "<unicode string>", line 4, column 2
[0m04:55:29.162041 [debug] [MainThread]: Resource report: {"command_name": "run", "command_success": false, "command_wall_clock_time": 1.2748361, "process_in_blocks": "73712", "process_kernel_time": 1.138394, "process_mem_max_rss": "110616", "process_out_blocks": "1504", "process_user_time": 4.157793}
[0m04:55:29.165109 [debug] [MainThread]: Command `dbt run` failed at 04:55:29.164569 after 1.28 seconds
[0m04:55:29.166297 [debug] [MainThread]: Sending event: {'category': 'dbt', 'action': 'invocation', 'label': 'end', 'context': [<snowplow_tracker.self_describing_json.SelfDescribingJson object at 0x736c3a8ed9d0>, <snowplow_tracker.self_describing_json.SelfDescribingJson object at 0x736c3ab0d7f0>, <snowplow_tracker.self_describing_json.SelfDescribingJson object at 0x736c39a5fb60>]}
[0m04:55:29.167371 [debug] [MainThread]: Flushing usage events
[0m04:55:29.171113 [debug] [MainThread]: Sending event: {'category': 'dbt', 'action': 'invocation', 'label': 'start', 'context': [<snowplow_tracker.self_describing_json.SelfDescribingJson object at 0x77f93d15f8c0>, <snowplow_tracker.self_describing_json.SelfDescribingJson object at 0x77f93af50950>, <snowplow_tracker.self_describing_json.SelfDescribingJson object at 0x77f93af53b00>]}


============================== 04:55:29.188946 | 825fd205-9d38-46ed-84fa-0eea031a3c9b ==============================
[0m04:55:29.188946 [info ] [MainThread]: Running with dbt=1.10.3
[0m04:55:29.190684 [debug] [MainThread]: running dbt with arguments {'printer_width': '80', 'indirect_selection': 'eager', 'write_json': 'True', 'log_cache_events': 'False', 'partial_parse': 'True', 'cache_selected_only': 'False', 'warn_error': 'None', 'debug': 'False', 'fail_fast': 'False', 'log_path': '/opt/airflow/dbt/logs', 'profiles_dir': '/opt/airflow/dbt', 'version_check': 'True', 'use_colors': 'True', 'use_experimental_parser': 'False', 'empty': 'False', 'quiet': 'False', 'no_print': 'None', 'log_format': 'default', 'static_parser': 'True', 'invocation_command': 'dbt run --select tag:staging', 'introspect': 'True', 'target_path': 'None', 'warn_error_options': 'WarnErrorOptionsV2(error=[], warn=[], silence=[])', 'send_anonymous_usage_stats': 'True'}
[0m04:55:29.536863 [debug] [MainThread]: Sending event: {'category': 'dbt', 'action': 'project_id', 'label': '825fd205-9d38-46ed-84fa-0eea031a3c9b', 'context': [<snowplow_tracker.self_describing_json.SelfDescribingJson object at 0x77f93cc44fb0>]}
[0m04:55:29.641245 [debug] [MainThread]: Sending event: {'category': 'dbt', 'action': 'adapter_info', 'label': '825fd205-9d38-46ed-84fa-0eea031a3c9b', 'context': [<snowplow_tracker.self_describing_json.SelfDescribingJson object at 0x77f9399cf050>]}
[0m04:55:29.643609 [info ] [MainThread]: Registered adapter: postgres=1.9.0
[0m04:55:29.821181 [debug] [MainThread]: checksum: 1bfacb87e6914c9942cfa2c4badfc1df19d859fe8ec086286ef238a7d920f97b, vars: {}, profile: , target: , version: 1.10.3
[0m04:55:29.827094 [info ] [MainThread]: Unable to do partial parsing because saved manifest not found. Starting full parse.
[0m04:55:29.828357 [debug] [MainThread]: Sending event: {'category': 'dbt', 'action': 'partial_parser', 'label': '825fd205-9d38-46ed-84fa-0eea031a3c9b', 'context': [<snowplow_tracker.self_describing_json.SelfDescribingJson object at 0x77f93959d700>]}
[0m04:55:30.024583 [error] [MainThread]: Encountered an error:
Parsing Error
  Error reading dbt_driven_data: source.yml - Runtime Error
    Syntax error near line 4
    ------------------------------
    1  | version: 2
    2  | sources:
    3  |  - name: raw_source
    4  |  database: airflow
    5  |  schema: driven_raw
    6  |  tables:
    7  |  - name: raw_batch_data
    
    Raw Error:
    ------------------------------
    while parsing a block collection
      in "<unicode string>", line 3, column 2
    did not find expected '-' indicator
      in "<unicode string>", line 4, column 2
[0m04:55:30.026464 [debug] [MainThread]: Resource report: {"command_name": "run", "command_success": false, "command_wall_clock_time": 1.0501169, "process_in_blocks": "0", "process_kernel_time": 0.783383, "process_mem_max_rss": "110504", "process_out_blocks": "0", "process_user_time": 3.737393}
[0m04:55:30.027629 [debug] [MainThread]: Command `dbt run` failed at 04:55:30.027462 after 1.05 seconds
[0m04:55:30.028525 [debug] [MainThread]: Sending event: {'category': 'dbt', 'action': 'invocation', 'label': 'end', 'context': [<snowplow_tracker.self_describing_json.SelfDescribingJson object at 0x77f93a523d40>, <snowplow_tracker.self_describing_json.SelfDescribingJson object at 0x77f9399ce360>, <snowplow_tracker.self_describing_json.SelfDescribingJson object at 0x77f93a38deb0>]}
[0m04:55:30.029446 [debug] [MainThread]: Flushing usage events
[0m04:55:31.036979 [debug] [MainThread]: An error was encountered while trying to flush usage events
[0m04:55:31.377988 [debug] [MainThread]: An error was encountered while trying to flush usage events
[0m05:01:40.646929 [debug] [MainThread]: Sending event: {'category': 'dbt', 'action': 'invocation', 'label': 'start', 'context': [<snowplow_tracker.self_describing_json.SelfDescribingJson object at 0x73424cd63aa0>, <snowplow_tracker.self_describing_json.SelfDescribingJson object at 0x73424b716180>, <snowplow_tracker.self_describing_json.SelfDescribingJson object at 0x73424cd61a00>]}


============================== 05:01:40.667871 | 1577bd7b-57a4-41e3-9806-2056e38e7d6c ==============================
[0m05:01:40.667871 [info ] [MainThread]: Running with dbt=1.10.3
[0m05:01:40.671498 [debug] [MainThread]: running dbt with arguments {'printer_width': '80', 'indirect_selection': 'eager', 'write_json': 'True', 'log_cache_events': 'False', 'partial_parse': 'True', 'cache_selected_only': 'False', 'warn_error': 'None', 'version_check': 'True', 'profiles_dir': '/opt/airflow/dbt', 'log_path': '/opt/airflow/dbt/logs', 'fail_fast': 'False', 'debug': 'False', 'use_colors': 'True', 'use_experimental_parser': 'False', 'no_print': 'None', 'quiet': 'False', 'empty': 'False', 'log_format': 'default', 'introspect': 'True', 'static_parser': 'True', 'warn_error_options': 'WarnErrorOptionsV2(error=[], warn=[], silence=[])', 'target_path': 'None', 'invocation_command': 'dbt run --select tag:staging', 'send_anonymous_usage_stats': 'True'}
[0m05:01:41.479640 [debug] [MainThread]: Sending event: {'category': 'dbt', 'action': 'project_id', 'label': '1577bd7b-57a4-41e3-9806-2056e38e7d6c', 'context': [<snowplow_tracker.self_describing_json.SelfDescribingJson object at 0x73424c9a2540>]}
[0m05:01:41.612729 [debug] [MainThread]: Sending event: {'category': 'dbt', 'action': 'adapter_info', 'label': '1577bd7b-57a4-41e3-9806-2056e38e7d6c', 'context': [<snowplow_tracker.self_describing_json.SelfDescribingJson object at 0x73424c91a330>]}
[0m05:01:41.616215 [info ] [MainThread]: Registered adapter: postgres=1.9.0
[0m05:01:41.907825 [debug] [MainThread]: checksum: 1bfacb87e6914c9942cfa2c4badfc1df19d859fe8ec086286ef238a7d920f97b, vars: {}, profile: , target: , version: 1.10.3
[0m05:01:41.917608 [info ] [MainThread]: Unable to do partial parsing because saved manifest not found. Starting full parse.
[0m05:01:41.920987 [debug] [MainThread]: Sending event: {'category': 'dbt', 'action': 'partial_parser', 'label': '1577bd7b-57a4-41e3-9806-2056e38e7d6c', 'context': [<snowplow_tracker.self_describing_json.SelfDescribingJson object at 0x73424b82cbf0>]}
[0m05:01:45.033658 [debug] [MainThread]: Sending event: {'category': 'dbt', 'action': 'load_project', 'label': '1577bd7b-57a4-41e3-9806-2056e38e7d6c', 'context': [<snowplow_tracker.self_describing_json.SelfDescribingJson object at 0x73424c9a13a0>]}
[0m05:01:45.319842 [debug] [MainThread]: Wrote artifact WritableManifest to /opt/airflow/dbt/target/manifest.json
[0m05:01:45.351440 [debug] [MainThread]: Wrote artifact SemanticManifest to /opt/airflow/dbt/target/semantic_manifest.json
[0m05:01:45.480217 [debug] [MainThread]: Sending event: {'category': 'dbt', 'action': 'resource_counts', 'label': '1577bd7b-57a4-41e3-9806-2056e38e7d6c', 'context': [<snowplow_tracker.self_describing_json.SelfDescribingJson object at 0x7342487ebef0>]}
[0m05:01:45.482319 [info ] [MainThread]: Found 9 models, 11 sources, 433 macros
[0m05:01:45.483820 [debug] [MainThread]: Sending event: {'category': 'dbt', 'action': 'runnable_timing', 'label': '1577bd7b-57a4-41e3-9806-2056e38e7d6c', 'context': [<snowplow_tracker.self_describing_json.SelfDescribingJson object at 0x73424c1b53a0>]}
[0m05:01:45.488137 [info ] [MainThread]: 
[0m05:01:45.493217 [info ] [MainThread]: Concurrency: 1 threads (target='dev')
[0m05:01:45.494416 [info ] [MainThread]: 
[0m05:01:45.496688 [debug] [MainThread]: Acquiring new postgres connection 'master'
[0m05:01:45.512371 [debug] [ThreadPool]: Acquiring new postgres connection 'list_airflow'
[0m05:01:45.662849 [debug] [ThreadPool]: Using postgres connection "list_airflow"
[0m05:01:45.664250 [debug] [ThreadPool]: On list_airflow: /* {"app": "dbt", "dbt_version": "1.10.3", "profile_name": "default", "target_name": "dev", "connection_name": "list_airflow"} */

    select distinct nspname from pg_namespace
  
[0m05:01:45.665405 [debug] [ThreadPool]: Opening a new connection, currently in state init
[0m05:01:45.701210 [debug] [ThreadPool]: SQL status: SELECT 5 in 0.035 seconds
[0m05:01:45.705321 [debug] [ThreadPool]: On list_airflow: Close
[0m05:01:45.709212 [debug] [ThreadPool]: Re-using an available connection from the pool (formerly list_airflow, now create_airflow_driven_staging)
[0m05:01:45.711113 [debug] [ThreadPool]: Creating schema "database: "airflow"
schema: "driven_staging"
"
[0m05:01:45.722668 [debug] [ThreadPool]: Using postgres connection "create_airflow_driven_staging"
[0m05:01:45.724477 [debug] [ThreadPool]: On create_airflow_driven_staging: BEGIN
[0m05:01:45.726393 [debug] [ThreadPool]: Opening a new connection, currently in state closed
[0m05:01:45.743063 [debug] [ThreadPool]: SQL status: BEGIN in 0.017 seconds
[0m05:01:45.744427 [debug] [ThreadPool]: Using postgres connection "create_airflow_driven_staging"
[0m05:01:45.745545 [debug] [ThreadPool]: On create_airflow_driven_staging: /* {"app": "dbt", "dbt_version": "1.10.3", "profile_name": "default", "target_name": "dev", "connection_name": "create_airflow_driven_staging"} */
create schema if not exists "driven_staging"
[0m05:01:45.760052 [debug] [ThreadPool]: SQL status: CREATE SCHEMA in 0.013 seconds
[0m05:01:45.762647 [debug] [ThreadPool]: On create_airflow_driven_staging: COMMIT
[0m05:01:45.764052 [debug] [ThreadPool]: Using postgres connection "create_airflow_driven_staging"
[0m05:01:45.765395 [debug] [ThreadPool]: On create_airflow_driven_staging: COMMIT
[0m05:01:45.768455 [debug] [ThreadPool]: SQL status: COMMIT in 0.002 seconds
[0m05:01:45.770638 [debug] [ThreadPool]: On create_airflow_driven_staging: Close
[0m05:01:45.792255 [debug] [ThreadPool]: Re-using an available connection from the pool (formerly create_airflow_driven_staging, now list_airflow_driven_staging)
[0m05:01:45.807890 [debug] [ThreadPool]: Using postgres connection "list_airflow_driven_staging"
[0m05:01:45.809026 [debug] [ThreadPool]: On list_airflow_driven_staging: BEGIN
[0m05:01:45.810131 [debug] [ThreadPool]: Opening a new connection, currently in state closed
[0m05:01:45.946669 [debug] [ThreadPool]: SQL status: BEGIN in 0.128 seconds
[0m05:01:45.956366 [debug] [ThreadPool]: Using postgres connection "list_airflow_driven_staging"
[0m05:01:45.958394 [debug] [ThreadPool]: On list_airflow_driven_staging: /* {"app": "dbt", "dbt_version": "1.10.3", "profile_name": "default", "target_name": "dev", "connection_name": "list_airflow_driven_staging"} */
select
      'airflow' as database,
      tablename as name,
      schemaname as schema,
      'table' as type
    from pg_tables
    where schemaname ilike 'driven_staging'
    union all
    select
      'airflow' as database,
      viewname as name,
      schemaname as schema,
      'view' as type
    from pg_views
    where schemaname ilike 'driven_staging'
    union all
    select
      'airflow' as database,
      matviewname as name,
      schemaname as schema,
      'materialized_view' as type
    from pg_matviews
    where schemaname ilike 'driven_staging'
  
[0m05:01:46.021508 [debug] [ThreadPool]: SQL status: SELECT 0 in 0.060 seconds
[0m05:01:46.027517 [debug] [ThreadPool]: On list_airflow_driven_staging: ROLLBACK
[0m05:01:46.038050 [debug] [ThreadPool]: On list_airflow_driven_staging: Close
[0m05:01:46.044021 [debug] [ThreadPool]: Re-using an available connection from the pool (formerly list_airflow_driven_staging, now list_airflow_driven_trusted)
[0m05:01:46.050184 [debug] [ThreadPool]: Using postgres connection "list_airflow_driven_trusted"
[0m05:01:46.053032 [debug] [ThreadPool]: On list_airflow_driven_trusted: BEGIN
[0m05:01:46.057105 [debug] [ThreadPool]: Opening a new connection, currently in state closed
[0m05:01:46.271794 [debug] [ThreadPool]: SQL status: BEGIN in 0.205 seconds
[0m05:01:46.286553 [debug] [ThreadPool]: Using postgres connection "list_airflow_driven_trusted"
[0m05:01:46.288635 [debug] [ThreadPool]: On list_airflow_driven_trusted: /* {"app": "dbt", "dbt_version": "1.10.3", "profile_name": "default", "target_name": "dev", "connection_name": "list_airflow_driven_trusted"} */
select
      'airflow' as database,
      tablename as name,
      schemaname as schema,
      'table' as type
    from pg_tables
    where schemaname ilike 'driven_trusted'
    union all
    select
      'airflow' as database,
      viewname as name,
      schemaname as schema,
      'view' as type
    from pg_views
    where schemaname ilike 'driven_trusted'
    union all
    select
      'airflow' as database,
      matviewname as name,
      schemaname as schema,
      'materialized_view' as type
    from pg_matviews
    where schemaname ilike 'driven_trusted'
  
[0m05:01:46.336958 [debug] [ThreadPool]: SQL status: SELECT 0 in 0.047 seconds
[0m05:01:46.341096 [debug] [ThreadPool]: On list_airflow_driven_trusted: ROLLBACK
[0m05:01:46.345725 [debug] [ThreadPool]: On list_airflow_driven_trusted: Close
[0m05:01:46.361391 [debug] [MainThread]: Using postgres connection "master"
[0m05:01:46.363014 [debug] [MainThread]: On master: BEGIN
[0m05:01:46.364581 [debug] [MainThread]: Opening a new connection, currently in state init
[0m05:01:46.587649 [debug] [MainThread]: SQL status: BEGIN in 0.219 seconds
[0m05:01:46.620579 [debug] [MainThread]: Using postgres connection "master"
[0m05:01:46.624058 [debug] [MainThread]: On master: /* {"app": "dbt", "dbt_version": "1.10.3", "profile_name": "default", "target_name": "dev", "connection_name": "master"} */
with relation as (
        select
            pg_rewrite.ev_class as class,
            pg_rewrite.oid as id
        from pg_rewrite
    ),
    class as (
        select
            oid as id,
            relname as name,
            relnamespace as schema,
            relkind as kind
        from pg_class
    ),
    dependency as (
        select distinct
            pg_depend.objid as id,
            pg_depend.refobjid as ref
        from pg_depend
    ),
    schema as (
        select
            pg_namespace.oid as id,
            pg_namespace.nspname as name
        from pg_namespace
        where nspname != 'information_schema' and nspname not like 'pg\_%'
    ),
    referenced as (
        select
            relation.id AS id,
            referenced_class.name ,
            referenced_class.schema ,
            referenced_class.kind
        from relation
        join class as referenced_class on relation.class=referenced_class.id
        where referenced_class.kind in ('r', 'v', 'm')
    ),
    relationships as (
        select
            referenced.name as referenced_name,
            referenced.schema as referenced_schema_id,
            dependent_class.name as dependent_name,
            dependent_class.schema as dependent_schema_id,
            referenced.kind as kind
        from referenced
        join dependency on referenced.id=dependency.id
        join class as dependent_class on dependency.ref=dependent_class.id
        where
            (referenced.name != dependent_class.name or
             referenced.schema != dependent_class.schema)
    )

    select
        referenced_schema.name as referenced_schema,
        relationships.referenced_name as referenced_name,
        dependent_schema.name as dependent_schema,
        relationships.dependent_name as dependent_name
    from relationships
    join schema as dependent_schema on relationships.dependent_schema_id=dependent_schema.id
    join schema as referenced_schema on relationships.referenced_schema_id=referenced_schema.id
    group by referenced_schema, referenced_name, dependent_schema, dependent_name
    order by referenced_schema, referenced_name, dependent_schema, dependent_name;
[0m05:01:46.685345 [debug] [MainThread]: SQL status: SELECT 0 in 0.051 seconds
[0m05:01:46.700083 [debug] [MainThread]: Sending event: {'category': 'dbt', 'action': 'runnable_timing', 'label': '1577bd7b-57a4-41e3-9806-2056e38e7d6c', 'context': [<snowplow_tracker.self_describing_json.SelfDescribingJson object at 0x734248bf7d70>]}
[0m05:01:46.709673 [debug] [MainThread]: On master: ROLLBACK
[0m05:01:46.722884 [debug] [MainThread]: Using postgres connection "master"
[0m05:01:46.724747 [debug] [MainThread]: On master: BEGIN
[0m05:01:46.732497 [debug] [MainThread]: SQL status: BEGIN in 0.006 seconds
[0m05:01:46.734300 [debug] [MainThread]: On master: COMMIT
[0m05:01:46.738103 [debug] [MainThread]: Using postgres connection "master"
[0m05:01:46.739708 [debug] [MainThread]: On master: COMMIT
[0m05:01:46.743466 [debug] [MainThread]: SQL status: COMMIT in 0.001 seconds
[0m05:01:46.745080 [debug] [MainThread]: On master: Close
[0m05:01:46.796690 [debug] [Thread-1 (]: Began running node model.dbt_driven_data.staging_dim_address
[0m05:01:46.842275 [info ] [Thread-1 (]: 1 of 5 START sql table model driven_staging.dim_address ........................ [RUN]
[0m05:01:46.854853 [debug] [Thread-1 (]: Re-using an available connection from the pool (formerly list_airflow_driven_trusted, now model.dbt_driven_data.staging_dim_address)
[0m05:01:46.859382 [debug] [Thread-1 (]: Began compiling node model.dbt_driven_data.staging_dim_address
[0m05:01:46.904061 [debug] [Thread-1 (]: Writing injected SQL for node "model.dbt_driven_data.staging_dim_address"
[0m05:01:47.006744 [debug] [Thread-1 (]: Began executing node model.dbt_driven_data.staging_dim_address
[0m05:01:47.196204 [debug] [Thread-1 (]: Writing runtime sql for node "model.dbt_driven_data.staging_dim_address"
[0m05:01:47.330187 [debug] [Thread-1 (]: Using postgres connection "model.dbt_driven_data.staging_dim_address"
[0m05:01:47.337678 [debug] [Thread-1 (]: On model.dbt_driven_data.staging_dim_address: BEGIN
[0m05:01:47.339121 [debug] [Thread-1 (]: Opening a new connection, currently in state closed
[0m05:01:51.360915 [debug] [Thread-1 (]: SQL status: BEGIN in 2.960 seconds
[0m05:01:54.180877 [debug] [Thread-1 (]: Using postgres connection "model.dbt_driven_data.staging_dim_address"
[0m05:01:56.209170 [debug] [Thread-1 (]: On model.dbt_driven_data.staging_dim_address: /* {"app": "dbt", "dbt_version": "1.10.3", "profile_name": "default", "target_name": "dev", "node_id": "model.dbt_driven_data.staging_dim_address"} */

  
    

  create  table "airflow"."driven_staging"."dim_address__dbt_tmp"
  
  
    as
  
  (
    
WITH source_data AS (
 SELECT
 unique_id,
 address,
 mac_address,
 ip_address
 FROM
 "airflow"."driven_raw"."raw_batch_data"
)
SELECT
 *
FROM
 source_data
  );
  
[0m05:05:04.009314 [debug] [Thread-1 (]: SQL status: SELECT 400 in 183.300 seconds
[0m05:05:04.119490 [debug] [Thread-1 (]: Using postgres connection "model.dbt_driven_data.staging_dim_address"
[0m05:05:04.124307 [debug] [Thread-1 (]: On model.dbt_driven_data.staging_dim_address: /* {"app": "dbt", "dbt_version": "1.10.3", "profile_name": "default", "target_name": "dev", "node_id": "model.dbt_driven_data.staging_dim_address"} */
alter table "airflow"."driven_staging"."dim_address__dbt_tmp" rename to "dim_address"
[0m05:05:04.134543 [debug] [Thread-1 (]: SQL status: ALTER TABLE in 0.001 seconds
[0m05:05:04.201544 [debug] [Thread-1 (]: On model.dbt_driven_data.staging_dim_address: COMMIT
[0m05:05:04.208822 [debug] [Thread-1 (]: Using postgres connection "model.dbt_driven_data.staging_dim_address"
[0m05:05:04.210641 [debug] [Thread-1 (]: On model.dbt_driven_data.staging_dim_address: COMMIT
[0m05:05:04.217887 [debug] [Thread-1 (]: SQL status: COMMIT in 0.004 seconds
[0m05:05:04.251482 [debug] [Thread-1 (]: Applying DROP to: "airflow"."driven_staging"."dim_address__dbt_backup"
[0m05:05:04.274531 [debug] [Thread-1 (]: Using postgres connection "model.dbt_driven_data.staging_dim_address"
[0m05:05:04.276681 [debug] [Thread-1 (]: On model.dbt_driven_data.staging_dim_address: /* {"app": "dbt", "dbt_version": "1.10.3", "profile_name": "default", "target_name": "dev", "node_id": "model.dbt_driven_data.staging_dim_address"} */
drop table if exists "airflow"."driven_staging"."dim_address__dbt_backup" cascade
[0m05:05:04.280555 [debug] [Thread-1 (]: SQL status: DROP TABLE in 0.001 seconds
[0m05:05:04.295355 [debug] [Thread-1 (]: On model.dbt_driven_data.staging_dim_address: Close
[0m05:05:04.315580 [debug] [Thread-1 (]: Sending event: {'category': 'dbt', 'action': 'run_model', 'label': '1577bd7b-57a4-41e3-9806-2056e38e7d6c', 'context': [<snowplow_tracker.self_describing_json.SelfDescribingJson object at 0x73424b779430>]}
[0m05:05:04.320924 [info ] [Thread-1 (]: 1 of 5 OK created sql table model driven_staging.dim_address ................... [[32mSELECT 400[0m in 197.45s]
[0m05:05:04.327397 [debug] [Thread-1 (]: Finished running node model.dbt_driven_data.staging_dim_address
[0m05:05:04.329429 [debug] [Thread-1 (]: Began running node model.dbt_driven_data.staging_dim_date
[0m05:05:04.334586 [info ] [Thread-1 (]: 2 of 5 START sql table model driven_staging.dim_date ........................... [RUN]
[0m05:05:04.338881 [debug] [Thread-1 (]: Re-using an available connection from the pool (formerly model.dbt_driven_data.staging_dim_address, now model.dbt_driven_data.staging_dim_date)
[0m05:05:04.342814 [debug] [Thread-1 (]: Began compiling node model.dbt_driven_data.staging_dim_date
[0m05:05:04.358981 [debug] [Thread-1 (]: Writing injected SQL for node "model.dbt_driven_data.staging_dim_date"
[0m05:05:04.397800 [debug] [Thread-1 (]: Began executing node model.dbt_driven_data.staging_dim_date
[0m05:05:04.411044 [debug] [Thread-1 (]: Writing runtime sql for node "model.dbt_driven_data.staging_dim_date"
[0m05:05:04.443951 [debug] [Thread-1 (]: Using postgres connection "model.dbt_driven_data.staging_dim_date"
[0m05:05:04.445483 [debug] [Thread-1 (]: On model.dbt_driven_data.staging_dim_date: BEGIN
[0m05:05:04.448558 [debug] [Thread-1 (]: Opening a new connection, currently in state closed
[0m05:05:04.467506 [debug] [Thread-1 (]: SQL status: BEGIN in 0.019 seconds
[0m05:05:04.469363 [debug] [Thread-1 (]: Using postgres connection "model.dbt_driven_data.staging_dim_date"
[0m05:05:04.471091 [debug] [Thread-1 (]: On model.dbt_driven_data.staging_dim_date: /* {"app": "dbt", "dbt_version": "1.10.3", "profile_name": "default", "target_name": "dev", "node_id": "model.dbt_driven_data.staging_dim_date"} */

  
    

  create  table "airflow"."driven_staging"."dim_date__dbt_tmp"
  
  
    as
  
  (
    
WITH source_data AS (
 SELECT
 unique_id,
 accessed_at
 FROM
 "airflow"."driven_raw"."raw_batch_data"
)
SELECT
 *
FROM
 source_data
  );
  
[0m05:05:04.478734 [debug] [Thread-1 (]: SQL status: SELECT 400 in 0.005 seconds
[0m05:05:04.489409 [debug] [Thread-1 (]: Using postgres connection "model.dbt_driven_data.staging_dim_date"
[0m05:05:04.490975 [debug] [Thread-1 (]: On model.dbt_driven_data.staging_dim_date: /* {"app": "dbt", "dbt_version": "1.10.3", "profile_name": "default", "target_name": "dev", "node_id": "model.dbt_driven_data.staging_dim_date"} */
alter table "airflow"."driven_staging"."dim_date__dbt_tmp" rename to "dim_date"
[0m05:05:04.493707 [debug] [Thread-1 (]: SQL status: ALTER TABLE in 0.001 seconds
[0m05:05:04.503467 [debug] [Thread-1 (]: On model.dbt_driven_data.staging_dim_date: COMMIT
[0m05:05:04.505339 [debug] [Thread-1 (]: Using postgres connection "model.dbt_driven_data.staging_dim_date"
[0m05:05:04.506970 [debug] [Thread-1 (]: On model.dbt_driven_data.staging_dim_date: COMMIT
[0m05:05:04.510880 [debug] [Thread-1 (]: SQL status: COMMIT in 0.002 seconds
[0m05:05:04.519430 [debug] [Thread-1 (]: Applying DROP to: "airflow"."driven_staging"."dim_date__dbt_backup"
[0m05:05:04.521824 [debug] [Thread-1 (]: Using postgres connection "model.dbt_driven_data.staging_dim_date"
[0m05:05:04.524662 [debug] [Thread-1 (]: On model.dbt_driven_data.staging_dim_date: /* {"app": "dbt", "dbt_version": "1.10.3", "profile_name": "default", "target_name": "dev", "node_id": "model.dbt_driven_data.staging_dim_date"} */
drop table if exists "airflow"."driven_staging"."dim_date__dbt_backup" cascade
[0m05:05:04.527388 [debug] [Thread-1 (]: SQL status: DROP TABLE in 0.001 seconds
[0m05:05:04.532305 [debug] [Thread-1 (]: On model.dbt_driven_data.staging_dim_date: Close
[0m05:05:04.534962 [debug] [Thread-1 (]: Sending event: {'category': 'dbt', 'action': 'run_model', 'label': '1577bd7b-57a4-41e3-9806-2056e38e7d6c', 'context': [<snowplow_tracker.self_describing_json.SelfDescribingJson object at 0x7342467a3b60>]}
[0m05:05:04.538820 [info ] [Thread-1 (]: 2 of 5 OK created sql table model driven_staging.dim_date ...................... [[32mSELECT 400[0m in 0.20s]
[0m05:05:04.542343 [debug] [Thread-1 (]: Finished running node model.dbt_driven_data.staging_dim_date
[0m05:05:04.545148 [debug] [Thread-1 (]: Began running node model.dbt_driven_data.staging_dim_finance
[0m05:05:04.547393 [info ] [Thread-1 (]: 3 of 5 START sql table model driven_staging.dim_finance ........................ [RUN]
[0m05:05:04.549219 [debug] [Thread-1 (]: Re-using an available connection from the pool (formerly model.dbt_driven_data.staging_dim_date, now model.dbt_driven_data.staging_dim_finance)
[0m05:05:04.550872 [debug] [Thread-1 (]: Began compiling node model.dbt_driven_data.staging_dim_finance
[0m05:05:04.559100 [debug] [Thread-1 (]: Writing injected SQL for node "model.dbt_driven_data.staging_dim_finance"
[0m05:05:04.583555 [debug] [Thread-1 (]: Began executing node model.dbt_driven_data.staging_dim_finance
[0m05:05:04.590639 [debug] [Thread-1 (]: Writing runtime sql for node "model.dbt_driven_data.staging_dim_finance"
[0m05:05:04.609042 [debug] [Thread-1 (]: Using postgres connection "model.dbt_driven_data.staging_dim_finance"
[0m05:05:04.610919 [debug] [Thread-1 (]: On model.dbt_driven_data.staging_dim_finance: BEGIN
[0m05:05:04.612510 [debug] [Thread-1 (]: Opening a new connection, currently in state closed
[0m05:05:04.625532 [debug] [Thread-1 (]: SQL status: BEGIN in 0.012 seconds
[0m05:05:04.627392 [debug] [Thread-1 (]: Using postgres connection "model.dbt_driven_data.staging_dim_finance"
[0m05:05:04.629408 [debug] [Thread-1 (]: On model.dbt_driven_data.staging_dim_finance: /* {"app": "dbt", "dbt_version": "1.10.3", "profile_name": "default", "target_name": "dev", "node_id": "model.dbt_driven_data.staging_dim_finance"} */

  
    

  create  table "airflow"."driven_staging"."dim_finance__dbt_tmp"
  
  
    as
  
  (
    
WITH source_data AS (
 SELECT
 unique_id,
 iban
 FROM
 "airflow"."driven_raw"."raw_batch_data"
)
SELECT
 *
FROM
 source_data
  );
  
[0m05:05:04.638104 [debug] [Thread-1 (]: SQL status: SELECT 400 in 0.007 seconds
[0m05:05:04.650599 [debug] [Thread-1 (]: Using postgres connection "model.dbt_driven_data.staging_dim_finance"
[0m05:05:04.652009 [debug] [Thread-1 (]: On model.dbt_driven_data.staging_dim_finance: /* {"app": "dbt", "dbt_version": "1.10.3", "profile_name": "default", "target_name": "dev", "node_id": "model.dbt_driven_data.staging_dim_finance"} */
alter table "airflow"."driven_staging"."dim_finance__dbt_tmp" rename to "dim_finance"
[0m05:05:04.656211 [debug] [Thread-1 (]: SQL status: ALTER TABLE in 0.002 seconds
[0m05:05:04.660028 [debug] [Thread-1 (]: On model.dbt_driven_data.staging_dim_finance: COMMIT
[0m05:05:04.663529 [debug] [Thread-1 (]: Using postgres connection "model.dbt_driven_data.staging_dim_finance"
[0m05:05:04.665399 [debug] [Thread-1 (]: On model.dbt_driven_data.staging_dim_finance: COMMIT
[0m05:05:04.668572 [debug] [Thread-1 (]: SQL status: COMMIT in 0.002 seconds
[0m05:05:04.673809 [debug] [Thread-1 (]: Applying DROP to: "airflow"."driven_staging"."dim_finance__dbt_backup"
[0m05:05:04.676096 [debug] [Thread-1 (]: Using postgres connection "model.dbt_driven_data.staging_dim_finance"
[0m05:05:04.678601 [debug] [Thread-1 (]: On model.dbt_driven_data.staging_dim_finance: /* {"app": "dbt", "dbt_version": "1.10.3", "profile_name": "default", "target_name": "dev", "node_id": "model.dbt_driven_data.staging_dim_finance"} */
drop table if exists "airflow"."driven_staging"."dim_finance__dbt_backup" cascade
[0m05:05:04.680756 [debug] [Thread-1 (]: SQL status: DROP TABLE in 0.001 seconds
[0m05:05:04.683745 [debug] [Thread-1 (]: On model.dbt_driven_data.staging_dim_finance: Close
[0m05:05:04.685831 [debug] [Thread-1 (]: Sending event: {'category': 'dbt', 'action': 'run_model', 'label': '1577bd7b-57a4-41e3-9806-2056e38e7d6c', 'context': [<snowplow_tracker.self_describing_json.SelfDescribingJson object at 0x7342465e8bf0>]}
[0m05:05:04.687599 [info ] [Thread-1 (]: 3 of 5 OK created sql table model driven_staging.dim_finance ................... [[32mSELECT 400[0m in 0.14s]
[0m05:05:04.689727 [debug] [Thread-1 (]: Finished running node model.dbt_driven_data.staging_dim_finance
[0m05:05:04.691572 [debug] [Thread-1 (]: Began running node model.dbt_driven_data.staging_dim_person
[0m05:05:04.694556 [info ] [Thread-1 (]: 4 of 5 START sql table model driven_staging.dim_person ......................... [RUN]
[0m05:05:04.696656 [debug] [Thread-1 (]: Re-using an available connection from the pool (formerly model.dbt_driven_data.staging_dim_finance, now model.dbt_driven_data.staging_dim_person)
[0m05:05:04.698433 [debug] [Thread-1 (]: Began compiling node model.dbt_driven_data.staging_dim_person
[0m05:05:04.704619 [debug] [Thread-1 (]: Writing injected SQL for node "model.dbt_driven_data.staging_dim_person"
[0m05:05:04.728082 [debug] [Thread-1 (]: Began executing node model.dbt_driven_data.staging_dim_person
[0m05:05:04.735607 [debug] [Thread-1 (]: Writing runtime sql for node "model.dbt_driven_data.staging_dim_person"
[0m05:05:04.753896 [debug] [Thread-1 (]: Using postgres connection "model.dbt_driven_data.staging_dim_person"
[0m05:05:04.755352 [debug] [Thread-1 (]: On model.dbt_driven_data.staging_dim_person: BEGIN
[0m05:05:04.756875 [debug] [Thread-1 (]: Opening a new connection, currently in state closed
[0m05:05:04.770213 [debug] [Thread-1 (]: SQL status: BEGIN in 0.013 seconds
[0m05:05:04.771872 [debug] [Thread-1 (]: Using postgres connection "model.dbt_driven_data.staging_dim_person"
[0m05:05:04.773958 [debug] [Thread-1 (]: On model.dbt_driven_data.staging_dim_person: /* {"app": "dbt", "dbt_version": "1.10.3", "profile_name": "default", "target_name": "dev", "node_id": "model.dbt_driven_data.staging_dim_person"} */

  
    

  create  table "airflow"."driven_staging"."dim_person__dbt_tmp"
  
  
    as
  
  (
    
WITH source_data AS (
 SELECT
 unique_id,
 person_name,
 user_name,
 email,
 phone,
 birth_date,
 personal_number
 FROM
 "airflow"."driven_raw"."raw_batch_data"
)
SELECT
 *
FROM
 source_data
  );
  
[0m05:05:04.787073 [debug] [Thread-1 (]: SQL status: SELECT 400 in 0.010 seconds
[0m05:05:04.794860 [debug] [Thread-1 (]: Using postgres connection "model.dbt_driven_data.staging_dim_person"
[0m05:05:04.796252 [debug] [Thread-1 (]: On model.dbt_driven_data.staging_dim_person: /* {"app": "dbt", "dbt_version": "1.10.3", "profile_name": "default", "target_name": "dev", "node_id": "model.dbt_driven_data.staging_dim_person"} */
alter table "airflow"."driven_staging"."dim_person__dbt_tmp" rename to "dim_person"
[0m05:05:04.798953 [debug] [Thread-1 (]: SQL status: ALTER TABLE in 0.001 seconds
[0m05:05:04.803239 [debug] [Thread-1 (]: On model.dbt_driven_data.staging_dim_person: COMMIT
[0m05:05:04.804700 [debug] [Thread-1 (]: Using postgres connection "model.dbt_driven_data.staging_dim_person"
[0m05:05:04.806276 [debug] [Thread-1 (]: On model.dbt_driven_data.staging_dim_person: COMMIT
[0m05:05:04.823877 [debug] [Thread-1 (]: SQL status: COMMIT in 0.015 seconds
[0m05:05:04.829749 [debug] [Thread-1 (]: Applying DROP to: "airflow"."driven_staging"."dim_person__dbt_backup"
[0m05:05:04.832221 [debug] [Thread-1 (]: Using postgres connection "model.dbt_driven_data.staging_dim_person"
[0m05:05:04.833866 [debug] [Thread-1 (]: On model.dbt_driven_data.staging_dim_person: /* {"app": "dbt", "dbt_version": "1.10.3", "profile_name": "default", "target_name": "dev", "node_id": "model.dbt_driven_data.staging_dim_person"} */
drop table if exists "airflow"."driven_staging"."dim_person__dbt_backup" cascade
[0m05:05:04.836085 [debug] [Thread-1 (]: SQL status: DROP TABLE in 0.001 seconds
[0m05:05:04.839616 [debug] [Thread-1 (]: On model.dbt_driven_data.staging_dim_person: Close
[0m05:05:04.841998 [debug] [Thread-1 (]: Sending event: {'category': 'dbt', 'action': 'run_model', 'label': '1577bd7b-57a4-41e3-9806-2056e38e7d6c', 'context': [<snowplow_tracker.self_describing_json.SelfDescribingJson object at 0x73424c91a5a0>]}
[0m05:05:04.843991 [info ] [Thread-1 (]: 4 of 5 OK created sql table model driven_staging.dim_person .................... [[32mSELECT 400[0m in 0.15s]
[0m05:05:04.846750 [debug] [Thread-1 (]: Finished running node model.dbt_driven_data.staging_dim_person
[0m05:05:04.848996 [debug] [Thread-1 (]: Began running node model.dbt_driven_data.staging_fact_network_usage
[0m05:05:04.851500 [info ] [Thread-1 (]: 5 of 5 START sql table model driven_staging.fact_network_usage ................. [RUN]
[0m05:05:04.853537 [debug] [Thread-1 (]: Re-using an available connection from the pool (formerly model.dbt_driven_data.staging_dim_person, now model.dbt_driven_data.staging_fact_network_usage)
[0m05:05:04.855100 [debug] [Thread-1 (]: Began compiling node model.dbt_driven_data.staging_fact_network_usage
[0m05:05:04.863039 [debug] [Thread-1 (]: Writing injected SQL for node "model.dbt_driven_data.staging_fact_network_usage"
[0m05:05:04.888521 [debug] [Thread-1 (]: Began executing node model.dbt_driven_data.staging_fact_network_usage
[0m05:05:04.902065 [debug] [Thread-1 (]: Writing runtime sql for node "model.dbt_driven_data.staging_fact_network_usage"
[0m05:05:04.955992 [debug] [Thread-1 (]: Using postgres connection "model.dbt_driven_data.staging_fact_network_usage"
[0m05:05:04.957649 [debug] [Thread-1 (]: On model.dbt_driven_data.staging_fact_network_usage: BEGIN
[0m05:05:04.959109 [debug] [Thread-1 (]: Opening a new connection, currently in state closed
[0m05:05:04.980292 [debug] [Thread-1 (]: SQL status: BEGIN in 0.021 seconds
[0m05:05:04.984346 [debug] [Thread-1 (]: Using postgres connection "model.dbt_driven_data.staging_fact_network_usage"
[0m05:05:04.987433 [debug] [Thread-1 (]: On model.dbt_driven_data.staging_fact_network_usage: /* {"app": "dbt", "dbt_version": "1.10.3", "profile_name": "default", "target_name": "dev", "node_id": "model.dbt_driven_data.staging_fact_network_usage"} */

  
    

  create  table "airflow"."driven_staging"."fact_network_usage__dbt_tmp"
  
  
    as
  
  (
    
WITH source_data AS (
 SELECT
 unique_id,
 session_duration,
 download_speed,
 upload_speed,
 consumed_traffic
 FROM
 "airflow"."driven_raw"."raw_batch_data"
)
SELECT
 *
FROM
 source_data
  );
  
[0m05:05:04.996369 [debug] [Thread-1 (]: SQL status: SELECT 400 in 0.007 seconds
[0m05:05:05.002793 [debug] [Thread-1 (]: Using postgres connection "model.dbt_driven_data.staging_fact_network_usage"
[0m05:05:05.006728 [debug] [Thread-1 (]: On model.dbt_driven_data.staging_fact_network_usage: /* {"app": "dbt", "dbt_version": "1.10.3", "profile_name": "default", "target_name": "dev", "node_id": "model.dbt_driven_data.staging_fact_network_usage"} */
alter table "airflow"."driven_staging"."fact_network_usage__dbt_tmp" rename to "fact_network_usage"
[0m05:05:05.009654 [debug] [Thread-1 (]: SQL status: ALTER TABLE in 0.001 seconds
[0m05:05:05.012972 [debug] [Thread-1 (]: On model.dbt_driven_data.staging_fact_network_usage: COMMIT
[0m05:05:05.015990 [debug] [Thread-1 (]: Using postgres connection "model.dbt_driven_data.staging_fact_network_usage"
[0m05:05:05.018909 [debug] [Thread-1 (]: On model.dbt_driven_data.staging_fact_network_usage: COMMIT
[0m05:05:05.026191 [debug] [Thread-1 (]: SQL status: COMMIT in 0.003 seconds
[0m05:05:05.031931 [debug] [Thread-1 (]: Applying DROP to: "airflow"."driven_staging"."fact_network_usage__dbt_backup"
[0m05:05:05.035000 [debug] [Thread-1 (]: Using postgres connection "model.dbt_driven_data.staging_fact_network_usage"
[0m05:05:05.037603 [debug] [Thread-1 (]: On model.dbt_driven_data.staging_fact_network_usage: /* {"app": "dbt", "dbt_version": "1.10.3", "profile_name": "default", "target_name": "dev", "node_id": "model.dbt_driven_data.staging_fact_network_usage"} */
drop table if exists "airflow"."driven_staging"."fact_network_usage__dbt_backup" cascade
[0m05:05:05.040092 [debug] [Thread-1 (]: SQL status: DROP TABLE in 0.001 seconds
[0m05:05:05.044310 [debug] [Thread-1 (]: On model.dbt_driven_data.staging_fact_network_usage: Close
[0m05:05:05.047277 [debug] [Thread-1 (]: Sending event: {'category': 'dbt', 'action': 'run_model', 'label': '1577bd7b-57a4-41e3-9806-2056e38e7d6c', 'context': [<snowplow_tracker.self_describing_json.SelfDescribingJson object at 0x7342465e92b0>]}
[0m05:05:05.052130 [info ] [Thread-1 (]: 5 of 5 OK created sql table model driven_staging.fact_network_usage ............ [[32mSELECT 400[0m in 0.19s]
[0m05:05:05.055413 [debug] [Thread-1 (]: Finished running node model.dbt_driven_data.staging_fact_network_usage
[0m05:05:05.061647 [debug] [MainThread]: Using postgres connection "master"
[0m05:05:05.063156 [debug] [MainThread]: On master: BEGIN
[0m05:05:05.064638 [debug] [MainThread]: Opening a new connection, currently in state closed
[0m05:05:05.076292 [debug] [MainThread]: SQL status: BEGIN in 0.011 seconds
[0m05:05:05.079288 [debug] [MainThread]: On master: COMMIT
[0m05:05:05.081013 [debug] [MainThread]: Using postgres connection "master"
[0m05:05:05.087346 [debug] [MainThread]: On master: COMMIT
[0m05:05:05.089962 [debug] [MainThread]: SQL status: COMMIT in 0.001 seconds
[0m05:05:05.091865 [debug] [MainThread]: On master: Close
[0m05:05:05.094290 [debug] [MainThread]: Connection 'master' was properly closed.
[0m05:05:05.095452 [debug] [MainThread]: Connection 'model.dbt_driven_data.staging_fact_network_usage' was properly closed.
[0m05:05:05.098316 [info ] [MainThread]: 
[0m05:05:05.100366 [info ] [MainThread]: Finished running 5 table models in 0 hours 3 minutes and 19.60 seconds (199.60s).
[0m05:05:05.105249 [debug] [MainThread]: Command end result
[0m05:05:05.211111 [debug] [MainThread]: Wrote artifact WritableManifest to /opt/airflow/dbt/target/manifest.json
[0m05:05:05.265370 [debug] [MainThread]: Wrote artifact SemanticManifest to /opt/airflow/dbt/target/semantic_manifest.json
[0m05:05:05.292694 [debug] [MainThread]: Wrote artifact RunExecutionResult to /opt/airflow/dbt/target/run_results.json
[0m05:05:05.293963 [info ] [MainThread]: 
[0m05:05:05.295675 [info ] [MainThread]: [32mCompleted successfully[0m
[0m05:05:05.297367 [info ] [MainThread]: 
[0m05:05:05.299928 [info ] [MainThread]: Done. PASS=5 WARN=0 ERROR=0 SKIP=0 NO-OP=0 TOTAL=5
[0m05:05:05.308605 [debug] [MainThread]: Resource report: {"command_name": "run", "command_success": true, "command_wall_clock_time": 201.36166, "process_in_blocks": "429408", "process_kernel_time": 3.998773, "process_mem_max_rss": "112672", "process_out_blocks": "0", "process_user_time": 8.591019}
[0m05:05:05.318448 [debug] [MainThread]: Command `dbt run` succeeded at 05:05:05.317931 after 201.37 seconds
[0m05:05:05.320540 [debug] [MainThread]: Sending event: {'category': 'dbt', 'action': 'invocation', 'label': 'end', 'context': [<snowplow_tracker.self_describing_json.SelfDescribingJson object at 0x73424c91a5a0>, <snowplow_tracker.self_describing_json.SelfDescribingJson object at 0x734248b5b020>, <snowplow_tracker.self_describing_json.SelfDescribingJson object at 0x73424b924860>]}
[0m05:05:05.322095 [debug] [MainThread]: Flushing usage events
[0m05:05:06.051813 [debug] [MainThread]: An error was encountered while trying to flush usage events
[0m05:05:06.375198 [debug] [MainThread]: Sending event: {'category': 'dbt', 'action': 'invocation', 'label': 'start', 'context': [<snowplow_tracker.self_describing_json.SelfDescribingJson object at 0x70ad5c936b70>, <snowplow_tracker.self_describing_json.SelfDescribingJson object at 0x70ad5e835d30>, <snowplow_tracker.self_describing_json.SelfDescribingJson object at 0x70ad5c936810>]}


============================== 05:05:06.451657 | 10627043-1f3b-480a-9bed-85b9ca677331 ==============================
[0m05:05:06.451657 [info ] [MainThread]: Running with dbt=1.10.3
[0m05:05:06.455780 [debug] [MainThread]: running dbt with arguments {'printer_width': '80', 'indirect_selection': 'eager', 'write_json': 'True', 'log_cache_events': 'False', 'partial_parse': 'True', 'cache_selected_only': 'False', 'warn_error': 'None', 'debug': 'False', 'fail_fast': 'False', 'log_path': '/opt/airflow/dbt/logs', 'profiles_dir': '/opt/airflow/dbt', 'version_check': 'True', 'use_colors': 'True', 'use_experimental_parser': 'False', 'empty': 'False', 'quiet': 'False', 'no_print': 'None', 'log_format': 'default', 'invocation_command': 'dbt run --select tag:staging', 'static_parser': 'True', 'introspect': 'True', 'target_path': 'None', 'warn_error_options': 'WarnErrorOptionsV2(error=[], warn=[], silence=[])', 'send_anonymous_usage_stats': 'True'}
[0m05:05:07.390029 [debug] [MainThread]: Sending event: {'category': 'dbt', 'action': 'project_id', 'label': '10627043-1f3b-480a-9bed-85b9ca677331', 'context': [<snowplow_tracker.self_describing_json.SelfDescribingJson object at 0x70ad5f064e00>]}
[0m05:05:07.555695 [debug] [MainThread]: Sending event: {'category': 'dbt', 'action': 'adapter_info', 'label': '10627043-1f3b-480a-9bed-85b9ca677331', 'context': [<snowplow_tracker.self_describing_json.SelfDescribingJson object at 0x70ad5d11c230>]}
[0m05:05:07.560302 [info ] [MainThread]: Registered adapter: postgres=1.9.0
[0m05:05:08.177756 [debug] [MainThread]: checksum: 1bfacb87e6914c9942cfa2c4badfc1df19d859fe8ec086286ef238a7d920f97b, vars: {}, profile: , target: , version: 1.10.3
[0m05:05:08.925582 [debug] [MainThread]: Partial parsing enabled: 0 files deleted, 0 files added, 0 files changed.
[0m05:05:08.926708 [debug] [MainThread]: Partial parsing enabled, no changes found, skipping parsing
[0m05:05:09.006494 [debug] [MainThread]: Sending event: {'category': 'dbt', 'action': 'load_project', 'label': '10627043-1f3b-480a-9bed-85b9ca677331', 'context': [<snowplow_tracker.self_describing_json.SelfDescribingJson object at 0x70ad5b933380>]}
[0m05:05:09.231728 [debug] [MainThread]: Wrote artifact WritableManifest to /opt/airflow/dbt/target/manifest.json
[0m05:05:09.243837 [debug] [MainThread]: Wrote artifact SemanticManifest to /opt/airflow/dbt/target/semantic_manifest.json
[0m05:05:09.307406 [debug] [MainThread]: Sending event: {'category': 'dbt', 'action': 'resource_counts', 'label': '10627043-1f3b-480a-9bed-85b9ca677331', 'context': [<snowplow_tracker.self_describing_json.SelfDescribingJson object at 0x70ad5b180560>]}
[0m05:05:09.308941 [info ] [MainThread]: Found 9 models, 11 sources, 433 macros
[0m05:05:09.310683 [debug] [MainThread]: Sending event: {'category': 'dbt', 'action': 'runnable_timing', 'label': '10627043-1f3b-480a-9bed-85b9ca677331', 'context': [<snowplow_tracker.self_describing_json.SelfDescribingJson object at 0x70ad5b998a70>]}
[0m05:05:09.314955 [info ] [MainThread]: 
[0m05:05:09.317143 [info ] [MainThread]: Concurrency: 1 threads (target='dev')
[0m05:05:09.318467 [info ] [MainThread]: 
[0m05:05:09.320274 [debug] [MainThread]: Acquiring new postgres connection 'master'
[0m05:05:09.328946 [debug] [ThreadPool]: Acquiring new postgres connection 'list_airflow'
[0m05:05:09.466148 [debug] [ThreadPool]: Using postgres connection "list_airflow"
[0m05:05:09.467324 [debug] [ThreadPool]: On list_airflow: /* {"app": "dbt", "dbt_version": "1.10.3", "profile_name": "default", "target_name": "dev", "connection_name": "list_airflow"} */

    select distinct nspname from pg_namespace
  
[0m05:05:09.468563 [debug] [ThreadPool]: Opening a new connection, currently in state init
[0m05:05:09.483842 [debug] [ThreadPool]: SQL status: SELECT 6 in 0.015 seconds
[0m05:05:09.486921 [debug] [ThreadPool]: On list_airflow: Close
[0m05:05:09.492045 [debug] [ThreadPool]: Re-using an available connection from the pool (formerly list_airflow, now list_airflow_driven_trusted)
[0m05:05:09.503545 [debug] [ThreadPool]: Using postgres connection "list_airflow_driven_trusted"
[0m05:05:09.504808 [debug] [ThreadPool]: On list_airflow_driven_trusted: BEGIN
[0m05:05:09.505878 [debug] [ThreadPool]: Opening a new connection, currently in state closed
[0m05:05:09.515627 [debug] [ThreadPool]: SQL status: BEGIN in 0.010 seconds
[0m05:05:09.520014 [debug] [ThreadPool]: Using postgres connection "list_airflow_driven_trusted"
[0m05:05:09.521092 [debug] [ThreadPool]: On list_airflow_driven_trusted: /* {"app": "dbt", "dbt_version": "1.10.3", "profile_name": "default", "target_name": "dev", "connection_name": "list_airflow_driven_trusted"} */
select
      'airflow' as database,
      tablename as name,
      schemaname as schema,
      'table' as type
    from pg_tables
    where schemaname ilike 'driven_trusted'
    union all
    select
      'airflow' as database,
      viewname as name,
      schemaname as schema,
      'view' as type
    from pg_views
    where schemaname ilike 'driven_trusted'
    union all
    select
      'airflow' as database,
      matviewname as name,
      schemaname as schema,
      'materialized_view' as type
    from pg_matviews
    where schemaname ilike 'driven_trusted'
  
[0m05:05:09.528377 [debug] [ThreadPool]: SQL status: SELECT 0 in 0.006 seconds
[0m05:05:09.531526 [debug] [ThreadPool]: On list_airflow_driven_trusted: ROLLBACK
[0m05:05:09.533152 [debug] [ThreadPool]: On list_airflow_driven_trusted: Close
[0m05:05:09.534868 [debug] [ThreadPool]: Re-using an available connection from the pool (formerly list_airflow_driven_trusted, now list_airflow_driven_staging)
[0m05:05:09.538771 [debug] [ThreadPool]: Using postgres connection "list_airflow_driven_staging"
[0m05:05:09.539910 [debug] [ThreadPool]: On list_airflow_driven_staging: BEGIN
[0m05:05:09.541028 [debug] [ThreadPool]: Opening a new connection, currently in state closed
[0m05:05:09.550838 [debug] [ThreadPool]: SQL status: BEGIN in 0.010 seconds
[0m05:05:09.553006 [debug] [ThreadPool]: Using postgres connection "list_airflow_driven_staging"
[0m05:05:09.554751 [debug] [ThreadPool]: On list_airflow_driven_staging: /* {"app": "dbt", "dbt_version": "1.10.3", "profile_name": "default", "target_name": "dev", "connection_name": "list_airflow_driven_staging"} */
select
      'airflow' as database,
      tablename as name,
      schemaname as schema,
      'table' as type
    from pg_tables
    where schemaname ilike 'driven_staging'
    union all
    select
      'airflow' as database,
      viewname as name,
      schemaname as schema,
      'view' as type
    from pg_views
    where schemaname ilike 'driven_staging'
    union all
    select
      'airflow' as database,
      matviewname as name,
      schemaname as schema,
      'materialized_view' as type
    from pg_matviews
    where schemaname ilike 'driven_staging'
  
[0m05:05:09.561079 [debug] [ThreadPool]: SQL status: SELECT 5 in 0.005 seconds
[0m05:05:09.564051 [debug] [ThreadPool]: On list_airflow_driven_staging: ROLLBACK
[0m05:05:09.565538 [debug] [ThreadPool]: On list_airflow_driven_staging: Close
[0m05:05:09.577807 [debug] [MainThread]: Using postgres connection "master"
[0m05:05:09.579156 [debug] [MainThread]: On master: BEGIN
[0m05:05:09.580171 [debug] [MainThread]: Opening a new connection, currently in state init
[0m05:05:09.588818 [debug] [MainThread]: SQL status: BEGIN in 0.009 seconds
[0m05:05:09.590153 [debug] [MainThread]: Using postgres connection "master"
[0m05:05:09.592092 [debug] [MainThread]: On master: /* {"app": "dbt", "dbt_version": "1.10.3", "profile_name": "default", "target_name": "dev", "connection_name": "master"} */
with relation as (
        select
            pg_rewrite.ev_class as class,
            pg_rewrite.oid as id
        from pg_rewrite
    ),
    class as (
        select
            oid as id,
            relname as name,
            relnamespace as schema,
            relkind as kind
        from pg_class
    ),
    dependency as (
        select distinct
            pg_depend.objid as id,
            pg_depend.refobjid as ref
        from pg_depend
    ),
    schema as (
        select
            pg_namespace.oid as id,
            pg_namespace.nspname as name
        from pg_namespace
        where nspname != 'information_schema' and nspname not like 'pg\_%'
    ),
    referenced as (
        select
            relation.id AS id,
            referenced_class.name ,
            referenced_class.schema ,
            referenced_class.kind
        from relation
        join class as referenced_class on relation.class=referenced_class.id
        where referenced_class.kind in ('r', 'v', 'm')
    ),
    relationships as (
        select
            referenced.name as referenced_name,
            referenced.schema as referenced_schema_id,
            dependent_class.name as dependent_name,
            dependent_class.schema as dependent_schema_id,
            referenced.kind as kind
        from referenced
        join dependency on referenced.id=dependency.id
        join class as dependent_class on dependency.ref=dependent_class.id
        where
            (referenced.name != dependent_class.name or
             referenced.schema != dependent_class.schema)
    )

    select
        referenced_schema.name as referenced_schema,
        relationships.referenced_name as referenced_name,
        dependent_schema.name as dependent_schema,
        relationships.dependent_name as dependent_name
    from relationships
    join schema as dependent_schema on relationships.dependent_schema_id=dependent_schema.id
    join schema as referenced_schema on relationships.referenced_schema_id=referenced_schema.id
    group by referenced_schema, referenced_name, dependent_schema, dependent_name
    order by referenced_schema, referenced_name, dependent_schema, dependent_name;
[0m05:05:09.599270 [debug] [MainThread]: SQL status: SELECT 0 in 0.005 seconds
[0m05:05:09.602073 [debug] [MainThread]: Sending event: {'category': 'dbt', 'action': 'runnable_timing', 'label': '10627043-1f3b-480a-9bed-85b9ca677331', 'context': [<snowplow_tracker.self_describing_json.SelfDescribingJson object at 0x70ad59918590>]}
[0m05:05:09.603348 [debug] [MainThread]: On master: ROLLBACK
[0m05:05:09.605359 [debug] [MainThread]: Using postgres connection "master"
[0m05:05:09.607633 [debug] [MainThread]: On master: BEGIN
[0m05:05:09.610047 [debug] [MainThread]: SQL status: BEGIN in 0.001 seconds
[0m05:05:09.611632 [debug] [MainThread]: On master: COMMIT
[0m05:05:09.613071 [debug] [MainThread]: Using postgres connection "master"
[0m05:05:09.614258 [debug] [MainThread]: On master: COMMIT
[0m05:05:09.615752 [debug] [MainThread]: SQL status: COMMIT in 0.000 seconds
[0m05:05:09.616920 [debug] [MainThread]: On master: Close
[0m05:05:09.631179 [debug] [Thread-1 (]: Began running node model.dbt_driven_data.staging_dim_address
[0m05:05:09.633316 [info ] [Thread-1 (]: 1 of 5 START sql table model driven_staging.dim_address ........................ [RUN]
[0m05:05:09.635539 [debug] [Thread-1 (]: Re-using an available connection from the pool (formerly list_airflow_driven_staging, now model.dbt_driven_data.staging_dim_address)
[0m05:05:09.636879 [debug] [Thread-1 (]: Began compiling node model.dbt_driven_data.staging_dim_address
[0m05:05:09.650781 [debug] [Thread-1 (]: Writing injected SQL for node "model.dbt_driven_data.staging_dim_address"
[0m05:05:09.666302 [debug] [Thread-1 (]: Began executing node model.dbt_driven_data.staging_dim_address
[0m05:05:09.736334 [debug] [Thread-1 (]: Writing runtime sql for node "model.dbt_driven_data.staging_dim_address"
[0m05:05:09.751485 [debug] [Thread-1 (]: Using postgres connection "model.dbt_driven_data.staging_dim_address"
[0m05:05:09.752496 [debug] [Thread-1 (]: On model.dbt_driven_data.staging_dim_address: BEGIN
[0m05:05:09.753635 [debug] [Thread-1 (]: Opening a new connection, currently in state closed
[0m05:05:09.763999 [debug] [Thread-1 (]: SQL status: BEGIN in 0.010 seconds
[0m05:05:09.766864 [debug] [Thread-1 (]: Using postgres connection "model.dbt_driven_data.staging_dim_address"
[0m05:05:09.768822 [debug] [Thread-1 (]: On model.dbt_driven_data.staging_dim_address: /* {"app": "dbt", "dbt_version": "1.10.3", "profile_name": "default", "target_name": "dev", "node_id": "model.dbt_driven_data.staging_dim_address"} */

  
    

  create  table "airflow"."driven_staging"."dim_address__dbt_tmp"
  
  
    as
  
  (
    
WITH source_data AS (
 SELECT
 unique_id,
 address,
 mac_address,
 ip_address
 FROM
 "airflow"."driven_raw"."raw_batch_data"
)
SELECT
 *
FROM
 source_data
  );
  
[0m05:05:09.839650 [debug] [Thread-1 (]: SQL status: SELECT 400 in 0.070 seconds
[0m05:05:09.861406 [debug] [Thread-1 (]: Using postgres connection "model.dbt_driven_data.staging_dim_address"
[0m05:05:09.863308 [debug] [Thread-1 (]: On model.dbt_driven_data.staging_dim_address: /* {"app": "dbt", "dbt_version": "1.10.3", "profile_name": "default", "target_name": "dev", "node_id": "model.dbt_driven_data.staging_dim_address"} */
alter table "airflow"."driven_staging"."dim_address" rename to "dim_address__dbt_backup"
[0m05:05:09.865735 [debug] [Thread-1 (]: SQL status: ALTER TABLE in 0.001 seconds
[0m05:05:09.872501 [debug] [Thread-1 (]: Using postgres connection "model.dbt_driven_data.staging_dim_address"
[0m05:05:09.874007 [debug] [Thread-1 (]: On model.dbt_driven_data.staging_dim_address: /* {"app": "dbt", "dbt_version": "1.10.3", "profile_name": "default", "target_name": "dev", "node_id": "model.dbt_driven_data.staging_dim_address"} */
alter table "airflow"."driven_staging"."dim_address__dbt_tmp" rename to "dim_address"
[0m05:05:09.876024 [debug] [Thread-1 (]: SQL status: ALTER TABLE in 0.001 seconds
[0m05:05:09.903888 [debug] [Thread-1 (]: On model.dbt_driven_data.staging_dim_address: COMMIT
[0m05:05:09.905722 [debug] [Thread-1 (]: Using postgres connection "model.dbt_driven_data.staging_dim_address"
[0m05:05:09.907059 [debug] [Thread-1 (]: On model.dbt_driven_data.staging_dim_address: COMMIT
[0m05:05:09.931499 [debug] [Thread-1 (]: SQL status: COMMIT in 0.023 seconds
[0m05:05:09.944725 [debug] [Thread-1 (]: Applying DROP to: "airflow"."driven_staging"."dim_address__dbt_backup"
[0m05:05:09.955331 [debug] [Thread-1 (]: Using postgres connection "model.dbt_driven_data.staging_dim_address"
[0m05:05:09.956693 [debug] [Thread-1 (]: On model.dbt_driven_data.staging_dim_address: /* {"app": "dbt", "dbt_version": "1.10.3", "profile_name": "default", "target_name": "dev", "node_id": "model.dbt_driven_data.staging_dim_address"} */
drop table if exists "airflow"."driven_staging"."dim_address__dbt_backup" cascade
[0m05:05:10.006370 [debug] [Thread-1 (]: SQL status: DROP TABLE in 0.048 seconds
[0m05:05:10.011572 [debug] [Thread-1 (]: On model.dbt_driven_data.staging_dim_address: Close
[0m05:05:10.017624 [debug] [Thread-1 (]: Sending event: {'category': 'dbt', 'action': 'run_model', 'label': '10627043-1f3b-480a-9bed-85b9ca677331', 'context': [<snowplow_tracker.self_describing_json.SelfDescribingJson object at 0x70ad5982b830>]}
[0m05:05:10.019728 [info ] [Thread-1 (]: 1 of 5 OK created sql table model driven_staging.dim_address ................... [[32mSELECT 400[0m in 0.38s]
[0m05:05:10.022522 [debug] [Thread-1 (]: Finished running node model.dbt_driven_data.staging_dim_address
[0m05:05:10.024194 [debug] [Thread-1 (]: Began running node model.dbt_driven_data.staging_dim_date
[0m05:05:10.026917 [info ] [Thread-1 (]: 2 of 5 START sql table model driven_staging.dim_date ........................... [RUN]
[0m05:05:10.029037 [debug] [Thread-1 (]: Re-using an available connection from the pool (formerly model.dbt_driven_data.staging_dim_address, now model.dbt_driven_data.staging_dim_date)
[0m05:05:10.030564 [debug] [Thread-1 (]: Began compiling node model.dbt_driven_data.staging_dim_date
[0m05:05:10.037713 [debug] [Thread-1 (]: Writing injected SQL for node "model.dbt_driven_data.staging_dim_date"
[0m05:05:10.053929 [debug] [Thread-1 (]: Began executing node model.dbt_driven_data.staging_dim_date
[0m05:05:10.060688 [debug] [Thread-1 (]: Writing runtime sql for node "model.dbt_driven_data.staging_dim_date"
[0m05:05:10.079724 [debug] [Thread-1 (]: Using postgres connection "model.dbt_driven_data.staging_dim_date"
[0m05:05:10.080818 [debug] [Thread-1 (]: On model.dbt_driven_data.staging_dim_date: BEGIN
[0m05:05:10.082037 [debug] [Thread-1 (]: Opening a new connection, currently in state closed
[0m05:05:10.091625 [debug] [Thread-1 (]: SQL status: BEGIN in 0.010 seconds
[0m05:05:10.093126 [debug] [Thread-1 (]: Using postgres connection "model.dbt_driven_data.staging_dim_date"
[0m05:05:10.094929 [debug] [Thread-1 (]: On model.dbt_driven_data.staging_dim_date: /* {"app": "dbt", "dbt_version": "1.10.3", "profile_name": "default", "target_name": "dev", "node_id": "model.dbt_driven_data.staging_dim_date"} */

  
    

  create  table "airflow"."driven_staging"."dim_date__dbt_tmp"
  
  
    as
  
  (
    
WITH source_data AS (
 SELECT
 unique_id,
 accessed_at
 FROM
 "airflow"."driven_raw"."raw_batch_data"
)
SELECT
 *
FROM
 source_data
  );
  
[0m05:05:10.110281 [debug] [Thread-1 (]: SQL status: SELECT 400 in 0.014 seconds
[0m05:05:10.116988 [debug] [Thread-1 (]: Using postgres connection "model.dbt_driven_data.staging_dim_date"
[0m05:05:10.118626 [debug] [Thread-1 (]: On model.dbt_driven_data.staging_dim_date: /* {"app": "dbt", "dbt_version": "1.10.3", "profile_name": "default", "target_name": "dev", "node_id": "model.dbt_driven_data.staging_dim_date"} */
alter table "airflow"."driven_staging"."dim_date" rename to "dim_date__dbt_backup"
[0m05:05:10.121367 [debug] [Thread-1 (]: SQL status: ALTER TABLE in 0.001 seconds
[0m05:05:10.127153 [debug] [Thread-1 (]: Using postgres connection "model.dbt_driven_data.staging_dim_date"
[0m05:05:10.128586 [debug] [Thread-1 (]: On model.dbt_driven_data.staging_dim_date: /* {"app": "dbt", "dbt_version": "1.10.3", "profile_name": "default", "target_name": "dev", "node_id": "model.dbt_driven_data.staging_dim_date"} */
alter table "airflow"."driven_staging"."dim_date__dbt_tmp" rename to "dim_date"
[0m05:05:10.130815 [debug] [Thread-1 (]: SQL status: ALTER TABLE in 0.001 seconds
[0m05:05:10.135007 [debug] [Thread-1 (]: On model.dbt_driven_data.staging_dim_date: COMMIT
[0m05:05:10.136526 [debug] [Thread-1 (]: Using postgres connection "model.dbt_driven_data.staging_dim_date"
[0m05:05:10.137982 [debug] [Thread-1 (]: On model.dbt_driven_data.staging_dim_date: COMMIT
[0m05:05:10.196042 [debug] [Thread-1 (]: SQL status: COMMIT in 0.056 seconds
[0m05:05:10.203886 [debug] [Thread-1 (]: Applying DROP to: "airflow"."driven_staging"."dim_date__dbt_backup"
[0m05:05:10.217403 [debug] [Thread-1 (]: Using postgres connection "model.dbt_driven_data.staging_dim_date"
[0m05:05:10.219609 [debug] [Thread-1 (]: On model.dbt_driven_data.staging_dim_date: /* {"app": "dbt", "dbt_version": "1.10.3", "profile_name": "default", "target_name": "dev", "node_id": "model.dbt_driven_data.staging_dim_date"} */
drop table if exists "airflow"."driven_staging"."dim_date__dbt_backup" cascade
[0m05:05:10.247949 [debug] [Thread-1 (]: SQL status: DROP TABLE in 0.027 seconds
[0m05:05:10.251016 [debug] [Thread-1 (]: On model.dbt_driven_data.staging_dim_date: Close
[0m05:05:10.252522 [debug] [Thread-1 (]: Sending event: {'category': 'dbt', 'action': 'run_model', 'label': '10627043-1f3b-480a-9bed-85b9ca677331', 'context': [<snowplow_tracker.self_describing_json.SelfDescribingJson object at 0x70ad587128a0>]}
[0m05:05:10.254353 [info ] [Thread-1 (]: 2 of 5 OK created sql table model driven_staging.dim_date ...................... [[32mSELECT 400[0m in 0.22s]
[0m05:05:10.256317 [debug] [Thread-1 (]: Finished running node model.dbt_driven_data.staging_dim_date
[0m05:05:10.257882 [debug] [Thread-1 (]: Began running node model.dbt_driven_data.staging_dim_finance
[0m05:05:10.259374 [info ] [Thread-1 (]: 3 of 5 START sql table model driven_staging.dim_finance ........................ [RUN]
[0m05:05:10.261377 [debug] [Thread-1 (]: Re-using an available connection from the pool (formerly model.dbt_driven_data.staging_dim_date, now model.dbt_driven_data.staging_dim_finance)
[0m05:05:10.262839 [debug] [Thread-1 (]: Began compiling node model.dbt_driven_data.staging_dim_finance
[0m05:05:10.268567 [debug] [Thread-1 (]: Writing injected SQL for node "model.dbt_driven_data.staging_dim_finance"
[0m05:05:10.282123 [debug] [Thread-1 (]: Began executing node model.dbt_driven_data.staging_dim_finance
[0m05:05:10.288113 [debug] [Thread-1 (]: Writing runtime sql for node "model.dbt_driven_data.staging_dim_finance"
[0m05:05:10.303636 [debug] [Thread-1 (]: Using postgres connection "model.dbt_driven_data.staging_dim_finance"
[0m05:05:10.304831 [debug] [Thread-1 (]: On model.dbt_driven_data.staging_dim_finance: BEGIN
[0m05:05:10.305957 [debug] [Thread-1 (]: Opening a new connection, currently in state closed
[0m05:05:10.314446 [debug] [Thread-1 (]: SQL status: BEGIN in 0.008 seconds
[0m05:05:10.317216 [debug] [Thread-1 (]: Using postgres connection "model.dbt_driven_data.staging_dim_finance"
[0m05:05:10.318641 [debug] [Thread-1 (]: On model.dbt_driven_data.staging_dim_finance: /* {"app": "dbt", "dbt_version": "1.10.3", "profile_name": "default", "target_name": "dev", "node_id": "model.dbt_driven_data.staging_dim_finance"} */

  
    

  create  table "airflow"."driven_staging"."dim_finance__dbt_tmp"
  
  
    as
  
  (
    
WITH source_data AS (
 SELECT
 unique_id,
 iban
 FROM
 "airflow"."driven_raw"."raw_batch_data"
)
SELECT
 *
FROM
 source_data
  );
  
[0m05:05:10.334284 [debug] [Thread-1 (]: SQL status: SELECT 400 in 0.014 seconds
[0m05:05:10.340556 [debug] [Thread-1 (]: Using postgres connection "model.dbt_driven_data.staging_dim_finance"
[0m05:05:10.341910 [debug] [Thread-1 (]: On model.dbt_driven_data.staging_dim_finance: /* {"app": "dbt", "dbt_version": "1.10.3", "profile_name": "default", "target_name": "dev", "node_id": "model.dbt_driven_data.staging_dim_finance"} */
alter table "airflow"."driven_staging"."dim_finance" rename to "dim_finance__dbt_backup"
[0m05:05:10.343874 [debug] [Thread-1 (]: SQL status: ALTER TABLE in 0.001 seconds
[0m05:05:10.352294 [debug] [Thread-1 (]: Using postgres connection "model.dbt_driven_data.staging_dim_finance"
[0m05:05:10.354335 [debug] [Thread-1 (]: On model.dbt_driven_data.staging_dim_finance: /* {"app": "dbt", "dbt_version": "1.10.3", "profile_name": "default", "target_name": "dev", "node_id": "model.dbt_driven_data.staging_dim_finance"} */
alter table "airflow"."driven_staging"."dim_finance__dbt_tmp" rename to "dim_finance"
[0m05:05:10.356625 [debug] [Thread-1 (]: SQL status: ALTER TABLE in 0.001 seconds
[0m05:05:10.360643 [debug] [Thread-1 (]: On model.dbt_driven_data.staging_dim_finance: COMMIT
[0m05:05:10.362441 [debug] [Thread-1 (]: Using postgres connection "model.dbt_driven_data.staging_dim_finance"
[0m05:05:10.364168 [debug] [Thread-1 (]: On model.dbt_driven_data.staging_dim_finance: COMMIT
[0m05:05:10.383374 [debug] [Thread-1 (]: SQL status: COMMIT in 0.018 seconds
[0m05:05:10.388006 [debug] [Thread-1 (]: Applying DROP to: "airflow"."driven_staging"."dim_finance__dbt_backup"
[0m05:05:10.389991 [debug] [Thread-1 (]: Using postgres connection "model.dbt_driven_data.staging_dim_finance"
[0m05:05:10.390981 [debug] [Thread-1 (]: On model.dbt_driven_data.staging_dim_finance: /* {"app": "dbt", "dbt_version": "1.10.3", "profile_name": "default", "target_name": "dev", "node_id": "model.dbt_driven_data.staging_dim_finance"} */
drop table if exists "airflow"."driven_staging"."dim_finance__dbt_backup" cascade
[0m05:05:10.408932 [debug] [Thread-1 (]: SQL status: DROP TABLE in 0.017 seconds
[0m05:05:10.412460 [debug] [Thread-1 (]: On model.dbt_driven_data.staging_dim_finance: Close
[0m05:05:10.414420 [debug] [Thread-1 (]: Sending event: {'category': 'dbt', 'action': 'run_model', 'label': '10627043-1f3b-480a-9bed-85b9ca677331', 'context': [<snowplow_tracker.self_describing_json.SelfDescribingJson object at 0x70ad5871d550>]}
[0m05:05:10.416118 [info ] [Thread-1 (]: 3 of 5 OK created sql table model driven_staging.dim_finance ................... [[32mSELECT 400[0m in 0.15s]
[0m05:05:10.418040 [debug] [Thread-1 (]: Finished running node model.dbt_driven_data.staging_dim_finance
[0m05:05:10.419384 [debug] [Thread-1 (]: Began running node model.dbt_driven_data.staging_dim_person
[0m05:05:10.420821 [info ] [Thread-1 (]: 4 of 5 START sql table model driven_staging.dim_person ......................... [RUN]
[0m05:05:10.422800 [debug] [Thread-1 (]: Re-using an available connection from the pool (formerly model.dbt_driven_data.staging_dim_finance, now model.dbt_driven_data.staging_dim_person)
[0m05:05:10.423990 [debug] [Thread-1 (]: Began compiling node model.dbt_driven_data.staging_dim_person
[0m05:05:10.430653 [debug] [Thread-1 (]: Writing injected SQL for node "model.dbt_driven_data.staging_dim_person"
[0m05:05:10.445401 [debug] [Thread-1 (]: Began executing node model.dbt_driven_data.staging_dim_person
[0m05:05:10.452547 [debug] [Thread-1 (]: Writing runtime sql for node "model.dbt_driven_data.staging_dim_person"
[0m05:05:10.468859 [debug] [Thread-1 (]: Using postgres connection "model.dbt_driven_data.staging_dim_person"
[0m05:05:10.470365 [debug] [Thread-1 (]: On model.dbt_driven_data.staging_dim_person: BEGIN
[0m05:05:10.471531 [debug] [Thread-1 (]: Opening a new connection, currently in state closed
[0m05:05:10.482459 [debug] [Thread-1 (]: SQL status: BEGIN in 0.011 seconds
[0m05:05:10.485942 [debug] [Thread-1 (]: Using postgres connection "model.dbt_driven_data.staging_dim_person"
[0m05:05:10.487121 [debug] [Thread-1 (]: On model.dbt_driven_data.staging_dim_person: /* {"app": "dbt", "dbt_version": "1.10.3", "profile_name": "default", "target_name": "dev", "node_id": "model.dbt_driven_data.staging_dim_person"} */

  
    

  create  table "airflow"."driven_staging"."dim_person__dbt_tmp"
  
  
    as
  
  (
    
WITH source_data AS (
 SELECT
 unique_id,
 person_name,
 user_name,
 email,
 phone,
 birth_date,
 personal_number
 FROM
 "airflow"."driven_raw"."raw_batch_data"
)
SELECT
 *
FROM
 source_data
  );
  
[0m05:05:10.546851 [debug] [Thread-1 (]: SQL status: SELECT 400 in 0.059 seconds
[0m05:05:10.553592 [debug] [Thread-1 (]: Using postgres connection "model.dbt_driven_data.staging_dim_person"
[0m05:05:10.555206 [debug] [Thread-1 (]: On model.dbt_driven_data.staging_dim_person: /* {"app": "dbt", "dbt_version": "1.10.3", "profile_name": "default", "target_name": "dev", "node_id": "model.dbt_driven_data.staging_dim_person"} */
alter table "airflow"."driven_staging"."dim_person" rename to "dim_person__dbt_backup"
[0m05:05:10.558221 [debug] [Thread-1 (]: SQL status: ALTER TABLE in 0.001 seconds
[0m05:05:10.564078 [debug] [Thread-1 (]: Using postgres connection "model.dbt_driven_data.staging_dim_person"
[0m05:05:10.565558 [debug] [Thread-1 (]: On model.dbt_driven_data.staging_dim_person: /* {"app": "dbt", "dbt_version": "1.10.3", "profile_name": "default", "target_name": "dev", "node_id": "model.dbt_driven_data.staging_dim_person"} */
alter table "airflow"."driven_staging"."dim_person__dbt_tmp" rename to "dim_person"
[0m05:05:10.567455 [debug] [Thread-1 (]: SQL status: ALTER TABLE in 0.001 seconds
[0m05:05:10.570705 [debug] [Thread-1 (]: On model.dbt_driven_data.staging_dim_person: COMMIT
[0m05:05:10.571905 [debug] [Thread-1 (]: Using postgres connection "model.dbt_driven_data.staging_dim_person"
[0m05:05:10.573114 [debug] [Thread-1 (]: On model.dbt_driven_data.staging_dim_person: COMMIT
[0m05:05:10.602630 [debug] [Thread-1 (]: SQL status: COMMIT in 0.028 seconds
[0m05:05:10.607624 [debug] [Thread-1 (]: Applying DROP to: "airflow"."driven_staging"."dim_person__dbt_backup"
[0m05:05:10.609842 [debug] [Thread-1 (]: Using postgres connection "model.dbt_driven_data.staging_dim_person"
[0m05:05:10.610973 [debug] [Thread-1 (]: On model.dbt_driven_data.staging_dim_person: /* {"app": "dbt", "dbt_version": "1.10.3", "profile_name": "default", "target_name": "dev", "node_id": "model.dbt_driven_data.staging_dim_person"} */
drop table if exists "airflow"."driven_staging"."dim_person__dbt_backup" cascade
[0m05:05:10.637378 [debug] [Thread-1 (]: SQL status: DROP TABLE in 0.025 seconds
[0m05:05:10.640992 [debug] [Thread-1 (]: On model.dbt_driven_data.staging_dim_person: Close
[0m05:05:10.642927 [debug] [Thread-1 (]: Sending event: {'category': 'dbt', 'action': 'run_model', 'label': '10627043-1f3b-480a-9bed-85b9ca677331', 'context': [<snowplow_tracker.self_describing_json.SelfDescribingJson object at 0x70ad5871c140>]}
[0m05:05:10.644769 [info ] [Thread-1 (]: 4 of 5 OK created sql table model driven_staging.dim_person .................... [[32mSELECT 400[0m in 0.22s]
[0m05:05:10.646859 [debug] [Thread-1 (]: Finished running node model.dbt_driven_data.staging_dim_person
[0m05:05:10.648003 [debug] [Thread-1 (]: Began running node model.dbt_driven_data.staging_fact_network_usage
[0m05:05:10.649901 [info ] [Thread-1 (]: 5 of 5 START sql table model driven_staging.fact_network_usage ................. [RUN]
[0m05:05:10.651362 [debug] [Thread-1 (]: Re-using an available connection from the pool (formerly model.dbt_driven_data.staging_dim_person, now model.dbt_driven_data.staging_fact_network_usage)
[0m05:05:10.652318 [debug] [Thread-1 (]: Began compiling node model.dbt_driven_data.staging_fact_network_usage
[0m05:05:10.660478 [debug] [Thread-1 (]: Writing injected SQL for node "model.dbt_driven_data.staging_fact_network_usage"
[0m05:05:10.680125 [debug] [Thread-1 (]: Began executing node model.dbt_driven_data.staging_fact_network_usage
[0m05:05:10.692733 [debug] [Thread-1 (]: Writing runtime sql for node "model.dbt_driven_data.staging_fact_network_usage"
[0m05:05:10.710759 [debug] [Thread-1 (]: Using postgres connection "model.dbt_driven_data.staging_fact_network_usage"
[0m05:05:10.712091 [debug] [Thread-1 (]: On model.dbt_driven_data.staging_fact_network_usage: BEGIN
[0m05:05:10.713644 [debug] [Thread-1 (]: Opening a new connection, currently in state closed
[0m05:05:10.724176 [debug] [Thread-1 (]: SQL status: BEGIN in 0.010 seconds
[0m05:05:10.729151 [debug] [Thread-1 (]: Using postgres connection "model.dbt_driven_data.staging_fact_network_usage"
[0m05:05:10.731208 [debug] [Thread-1 (]: On model.dbt_driven_data.staging_fact_network_usage: /* {"app": "dbt", "dbt_version": "1.10.3", "profile_name": "default", "target_name": "dev", "node_id": "model.dbt_driven_data.staging_fact_network_usage"} */

  
    

  create  table "airflow"."driven_staging"."fact_network_usage__dbt_tmp"
  
  
    as
  
  (
    
WITH source_data AS (
 SELECT
 unique_id,
 session_duration,
 download_speed,
 upload_speed,
 consumed_traffic
 FROM
 "airflow"."driven_raw"."raw_batch_data"
)
SELECT
 *
FROM
 source_data
  );
  
[0m05:05:10.738502 [debug] [Thread-1 (]: SQL status: SELECT 400 in 0.005 seconds
[0m05:05:10.746125 [debug] [Thread-1 (]: Using postgres connection "model.dbt_driven_data.staging_fact_network_usage"
[0m05:05:10.747814 [debug] [Thread-1 (]: On model.dbt_driven_data.staging_fact_network_usage: /* {"app": "dbt", "dbt_version": "1.10.3", "profile_name": "default", "target_name": "dev", "node_id": "model.dbt_driven_data.staging_fact_network_usage"} */
alter table "airflow"."driven_staging"."fact_network_usage" rename to "fact_network_usage__dbt_backup"
[0m05:05:10.750751 [debug] [Thread-1 (]: SQL status: ALTER TABLE in 0.001 seconds
[0m05:05:10.756922 [debug] [Thread-1 (]: Using postgres connection "model.dbt_driven_data.staging_fact_network_usage"
[0m05:05:10.758470 [debug] [Thread-1 (]: On model.dbt_driven_data.staging_fact_network_usage: /* {"app": "dbt", "dbt_version": "1.10.3", "profile_name": "default", "target_name": "dev", "node_id": "model.dbt_driven_data.staging_fact_network_usage"} */
alter table "airflow"."driven_staging"."fact_network_usage__dbt_tmp" rename to "fact_network_usage"
[0m05:05:10.760151 [debug] [Thread-1 (]: SQL status: ALTER TABLE in 0.001 seconds
[0m05:05:10.763447 [debug] [Thread-1 (]: On model.dbt_driven_data.staging_fact_network_usage: COMMIT
[0m05:05:10.764705 [debug] [Thread-1 (]: Using postgres connection "model.dbt_driven_data.staging_fact_network_usage"
[0m05:05:10.765804 [debug] [Thread-1 (]: On model.dbt_driven_data.staging_fact_network_usage: COMMIT
[0m05:05:10.768604 [debug] [Thread-1 (]: SQL status: COMMIT in 0.002 seconds
[0m05:05:10.774229 [debug] [Thread-1 (]: Applying DROP to: "airflow"."driven_staging"."fact_network_usage__dbt_backup"
[0m05:05:10.776293 [debug] [Thread-1 (]: Using postgres connection "model.dbt_driven_data.staging_fact_network_usage"
[0m05:05:10.777634 [debug] [Thread-1 (]: On model.dbt_driven_data.staging_fact_network_usage: /* {"app": "dbt", "dbt_version": "1.10.3", "profile_name": "default", "target_name": "dev", "node_id": "model.dbt_driven_data.staging_fact_network_usage"} */
drop table if exists "airflow"."driven_staging"."fact_network_usage__dbt_backup" cascade
[0m05:05:10.781374 [debug] [Thread-1 (]: SQL status: DROP TABLE in 0.002 seconds
[0m05:05:10.784260 [debug] [Thread-1 (]: On model.dbt_driven_data.staging_fact_network_usage: Close
[0m05:05:10.786022 [debug] [Thread-1 (]: Sending event: {'category': 'dbt', 'action': 'run_model', 'label': '10627043-1f3b-480a-9bed-85b9ca677331', 'context': [<snowplow_tracker.self_describing_json.SelfDescribingJson object at 0x70ad5876e9c0>]}
[0m05:05:10.788034 [info ] [Thread-1 (]: 5 of 5 OK created sql table model driven_staging.fact_network_usage ............ [[32mSELECT 400[0m in 0.13s]
[0m05:05:10.790029 [debug] [Thread-1 (]: Finished running node model.dbt_driven_data.staging_fact_network_usage
[0m05:05:10.793934 [debug] [MainThread]: Using postgres connection "master"
[0m05:05:10.795265 [debug] [MainThread]: On master: BEGIN
[0m05:05:10.796496 [debug] [MainThread]: Opening a new connection, currently in state closed
[0m05:05:10.806550 [debug] [MainThread]: SQL status: BEGIN in 0.010 seconds
[0m05:05:10.808209 [debug] [MainThread]: On master: COMMIT
[0m05:05:10.810304 [debug] [MainThread]: Using postgres connection "master"
[0m05:05:10.811482 [debug] [MainThread]: On master: COMMIT
[0m05:05:10.813157 [debug] [MainThread]: SQL status: COMMIT in 0.000 seconds
[0m05:05:10.814574 [debug] [MainThread]: On master: Close
[0m05:05:10.816276 [debug] [MainThread]: Connection 'master' was properly closed.
[0m05:05:10.817565 [debug] [MainThread]: Connection 'model.dbt_driven_data.staging_fact_network_usage' was properly closed.
[0m05:05:10.819295 [info ] [MainThread]: 
[0m05:05:10.821425 [info ] [MainThread]: Finished running 5 table models in 0 hours 0 minutes and 1.50 seconds (1.50s).
[0m05:05:10.825436 [debug] [MainThread]: Command end result
[0m05:05:10.892421 [debug] [MainThread]: Wrote artifact WritableManifest to /opt/airflow/dbt/target/manifest.json
[0m05:05:10.904249 [debug] [MainThread]: Wrote artifact SemanticManifest to /opt/airflow/dbt/target/semantic_manifest.json
[0m05:05:10.922172 [debug] [MainThread]: Wrote artifact RunExecutionResult to /opt/airflow/dbt/target/run_results.json
[0m05:05:10.923196 [info ] [MainThread]: 
[0m05:05:10.924488 [info ] [MainThread]: [32mCompleted successfully[0m
[0m05:05:10.925749 [info ] [MainThread]: 
[0m05:05:10.926866 [info ] [MainThread]: Done. PASS=5 WARN=0 ERROR=0 SKIP=0 NO-OP=0 TOTAL=5
[0m05:05:10.930000 [debug] [MainThread]: Resource report: {"command_name": "run", "command_success": true, "command_wall_clock_time": 4.777292, "process_in_blocks": "3362440", "process_kernel_time": 24.391016, "process_mem_max_rss": "113648", "process_out_blocks": "0", "process_user_time": 7.335892}
[0m05:05:10.931515 [debug] [MainThread]: Command `dbt run` succeeded at 05:05:10.931256 after 4.78 seconds
[0m05:05:10.932811 [debug] [MainThread]: Sending event: {'category': 'dbt', 'action': 'invocation', 'label': 'end', 'context': [<snowplow_tracker.self_describing_json.SelfDescribingJson object at 0x70ad5dbcb650>, <snowplow_tracker.self_describing_json.SelfDescribingJson object at 0x70ad5c632c90>, <snowplow_tracker.self_describing_json.SelfDescribingJson object at 0x70ad5a5eee70>]}
[0m05:05:10.934568 [debug] [MainThread]: Flushing usage events
[0m05:05:11.502852 [debug] [MainThread]: An error was encountered while trying to flush usage events
[0m05:05:17.003557 [debug] [MainThread]: Sending event: {'category': 'dbt', 'action': 'invocation', 'label': 'start', 'context': [<snowplow_tracker.self_describing_json.SelfDescribingJson object at 0x7be6b5144bc0>, <snowplow_tracker.self_describing_json.SelfDescribingJson object at 0x7be6b53d1fd0>, <snowplow_tracker.self_describing_json.SelfDescribingJson object at 0x7be6b53d1f10>]}


============================== 05:05:17.015748 | 40fe0163-e896-4d02-9055-6e41ccd061bd ==============================
[0m05:05:17.015748 [info ] [MainThread]: Running with dbt=1.10.3
[0m05:05:17.017487 [debug] [MainThread]: running dbt with arguments {'printer_width': '80', 'indirect_selection': 'eager', 'log_cache_events': 'False', 'write_json': 'True', 'partial_parse': 'True', 'cache_selected_only': 'False', 'warn_error': 'None', 'fail_fast': 'False', 'profiles_dir': '/opt/airflow/dbt', 'log_path': '/opt/airflow/dbt/logs', 'version_check': 'True', 'debug': 'False', 'use_colors': 'True', 'use_experimental_parser': 'False', 'empty': 'False', 'quiet': 'False', 'no_print': 'None', 'warn_error_options': 'WarnErrorOptionsV2(error=[], warn=[], silence=[])', 'introspect': 'True', 'invocation_command': 'dbt run --select tag:trusted', 'log_format': 'default', 'target_path': 'None', 'static_parser': 'True', 'send_anonymous_usage_stats': 'True'}
[0m05:05:17.466522 [debug] [MainThread]: Sending event: {'category': 'dbt', 'action': 'project_id', 'label': '40fe0163-e896-4d02-9055-6e41ccd061bd', 'context': [<snowplow_tracker.self_describing_json.SelfDescribingJson object at 0x7be6b37758b0>]}
[0m05:05:17.586392 [debug] [MainThread]: Sending event: {'category': 'dbt', 'action': 'adapter_info', 'label': '40fe0163-e896-4d02-9055-6e41ccd061bd', 'context': [<snowplow_tracker.self_describing_json.SelfDescribingJson object at 0x7be6b52545c0>]}
[0m05:05:17.588627 [info ] [MainThread]: Registered adapter: postgres=1.9.0
[0m05:05:17.807798 [debug] [MainThread]: checksum: 1bfacb87e6914c9942cfa2c4badfc1df19d859fe8ec086286ef238a7d920f97b, vars: {}, profile: , target: , version: 1.10.3
[0m05:05:18.256579 [debug] [MainThread]: Partial parsing enabled: 0 files deleted, 0 files added, 0 files changed.
[0m05:05:18.257952 [debug] [MainThread]: Partial parsing enabled, no changes found, skipping parsing
[0m05:05:18.319045 [debug] [MainThread]: Sending event: {'category': 'dbt', 'action': 'load_project', 'label': '40fe0163-e896-4d02-9055-6e41ccd061bd', 'context': [<snowplow_tracker.self_describing_json.SelfDescribingJson object at 0x7be6b4cc7590>]}
[0m05:05:18.519552 [debug] [MainThread]: Wrote artifact WritableManifest to /opt/airflow/dbt/target/manifest.json
[0m05:05:18.530711 [debug] [MainThread]: Wrote artifact SemanticManifest to /opt/airflow/dbt/target/semantic_manifest.json
[0m05:05:18.585319 [debug] [MainThread]: Sending event: {'category': 'dbt', 'action': 'resource_counts', 'label': '40fe0163-e896-4d02-9055-6e41ccd061bd', 'context': [<snowplow_tracker.self_describing_json.SelfDescribingJson object at 0x7be6b2b129c0>]}
[0m05:05:18.586823 [info ] [MainThread]: Found 9 models, 11 sources, 433 macros
[0m05:05:18.588210 [debug] [MainThread]: Sending event: {'category': 'dbt', 'action': 'runnable_timing', 'label': '40fe0163-e896-4d02-9055-6e41ccd061bd', 'context': [<snowplow_tracker.self_describing_json.SelfDescribingJson object at 0x7be6b2798590>]}
[0m05:05:18.592159 [info ] [MainThread]: 
[0m05:05:18.594039 [info ] [MainThread]: Concurrency: 1 threads (target='dev')
[0m05:05:18.596091 [info ] [MainThread]: 
[0m05:05:18.598446 [debug] [MainThread]: Acquiring new postgres connection 'master'
[0m05:05:18.607974 [debug] [ThreadPool]: Acquiring new postgres connection 'list_airflow'
[0m05:05:18.692962 [debug] [ThreadPool]: Using postgres connection "list_airflow"
[0m05:05:18.694388 [debug] [ThreadPool]: On list_airflow: /* {"app": "dbt", "dbt_version": "1.10.3", "profile_name": "default", "target_name": "dev", "connection_name": "list_airflow"} */

    select distinct nspname from pg_namespace
  
[0m05:05:18.695898 [debug] [ThreadPool]: Opening a new connection, currently in state init
[0m05:05:18.709408 [debug] [ThreadPool]: SQL status: SELECT 6 in 0.013 seconds
[0m05:05:18.712511 [debug] [ThreadPool]: On list_airflow: Close
[0m05:05:18.715058 [debug] [ThreadPool]: Re-using an available connection from the pool (formerly list_airflow, now create_airflow_driven_trusted)
[0m05:05:18.716775 [debug] [ThreadPool]: Creating schema "database: "airflow"
schema: "driven_trusted"
"
[0m05:05:18.726794 [debug] [ThreadPool]: Using postgres connection "create_airflow_driven_trusted"
[0m05:05:18.728165 [debug] [ThreadPool]: On create_airflow_driven_trusted: BEGIN
[0m05:05:18.729256 [debug] [ThreadPool]: Opening a new connection, currently in state closed
[0m05:05:18.739300 [debug] [ThreadPool]: SQL status: BEGIN in 0.010 seconds
[0m05:05:18.743831 [debug] [ThreadPool]: Using postgres connection "create_airflow_driven_trusted"
[0m05:05:18.745272 [debug] [ThreadPool]: On create_airflow_driven_trusted: /* {"app": "dbt", "dbt_version": "1.10.3", "profile_name": "default", "target_name": "dev", "connection_name": "create_airflow_driven_trusted"} */
create schema if not exists "driven_trusted"
[0m05:05:18.748918 [debug] [ThreadPool]: SQL status: CREATE SCHEMA in 0.002 seconds
[0m05:05:18.752081 [debug] [ThreadPool]: On create_airflow_driven_trusted: COMMIT
[0m05:05:18.753374 [debug] [ThreadPool]: Using postgres connection "create_airflow_driven_trusted"
[0m05:05:18.754584 [debug] [ThreadPool]: On create_airflow_driven_trusted: COMMIT
[0m05:05:18.757248 [debug] [ThreadPool]: SQL status: COMMIT in 0.002 seconds
[0m05:05:18.758682 [debug] [ThreadPool]: On create_airflow_driven_trusted: Close
[0m05:05:18.763333 [debug] [ThreadPool]: Re-using an available connection from the pool (formerly create_airflow_driven_trusted, now list_airflow_driven_staging)
[0m05:05:18.773913 [debug] [ThreadPool]: Using postgres connection "list_airflow_driven_staging"
[0m05:05:18.775378 [debug] [ThreadPool]: On list_airflow_driven_staging: BEGIN
[0m05:05:18.776578 [debug] [ThreadPool]: Opening a new connection, currently in state closed
[0m05:05:18.785741 [debug] [ThreadPool]: SQL status: BEGIN in 0.009 seconds
[0m05:05:18.787392 [debug] [ThreadPool]: Using postgres connection "list_airflow_driven_staging"
[0m05:05:18.789364 [debug] [ThreadPool]: On list_airflow_driven_staging: /* {"app": "dbt", "dbt_version": "1.10.3", "profile_name": "default", "target_name": "dev", "connection_name": "list_airflow_driven_staging"} */
select
      'airflow' as database,
      tablename as name,
      schemaname as schema,
      'table' as type
    from pg_tables
    where schemaname ilike 'driven_staging'
    union all
    select
      'airflow' as database,
      viewname as name,
      schemaname as schema,
      'view' as type
    from pg_views
    where schemaname ilike 'driven_staging'
    union all
    select
      'airflow' as database,
      matviewname as name,
      schemaname as schema,
      'materialized_view' as type
    from pg_matviews
    where schemaname ilike 'driven_staging'
  
[0m05:05:18.795428 [debug] [ThreadPool]: SQL status: SELECT 5 in 0.005 seconds
[0m05:05:18.800737 [debug] [ThreadPool]: On list_airflow_driven_staging: ROLLBACK
[0m05:05:18.802540 [debug] [ThreadPool]: On list_airflow_driven_staging: Close
[0m05:05:18.804112 [debug] [ThreadPool]: Re-using an available connection from the pool (formerly list_airflow_driven_staging, now list_airflow_driven_trusted)
[0m05:05:18.808685 [debug] [ThreadPool]: Using postgres connection "list_airflow_driven_trusted"
[0m05:05:18.810195 [debug] [ThreadPool]: On list_airflow_driven_trusted: BEGIN
[0m05:05:18.811634 [debug] [ThreadPool]: Opening a new connection, currently in state closed
[0m05:05:18.821053 [debug] [ThreadPool]: SQL status: BEGIN in 0.009 seconds
[0m05:05:18.822571 [debug] [ThreadPool]: Using postgres connection "list_airflow_driven_trusted"
[0m05:05:18.824190 [debug] [ThreadPool]: On list_airflow_driven_trusted: /* {"app": "dbt", "dbt_version": "1.10.3", "profile_name": "default", "target_name": "dev", "connection_name": "list_airflow_driven_trusted"} */
select
      'airflow' as database,
      tablename as name,
      schemaname as schema,
      'table' as type
    from pg_tables
    where schemaname ilike 'driven_trusted'
    union all
    select
      'airflow' as database,
      viewname as name,
      schemaname as schema,
      'view' as type
    from pg_views
    where schemaname ilike 'driven_trusted'
    union all
    select
      'airflow' as database,
      matviewname as name,
      schemaname as schema,
      'materialized_view' as type
    from pg_matviews
    where schemaname ilike 'driven_trusted'
  
[0m05:05:18.832187 [debug] [ThreadPool]: SQL status: SELECT 0 in 0.007 seconds
[0m05:05:18.834697 [debug] [ThreadPool]: On list_airflow_driven_trusted: ROLLBACK
[0m05:05:18.837067 [debug] [ThreadPool]: On list_airflow_driven_trusted: Close
[0m05:05:18.846720 [debug] [MainThread]: Using postgres connection "master"
[0m05:05:18.848805 [debug] [MainThread]: On master: BEGIN
[0m05:05:18.850155 [debug] [MainThread]: Opening a new connection, currently in state init
[0m05:05:18.858937 [debug] [MainThread]: SQL status: BEGIN in 0.009 seconds
[0m05:05:18.860691 [debug] [MainThread]: Using postgres connection "master"
[0m05:05:18.862547 [debug] [MainThread]: On master: /* {"app": "dbt", "dbt_version": "1.10.3", "profile_name": "default", "target_name": "dev", "connection_name": "master"} */
with relation as (
        select
            pg_rewrite.ev_class as class,
            pg_rewrite.oid as id
        from pg_rewrite
    ),
    class as (
        select
            oid as id,
            relname as name,
            relnamespace as schema,
            relkind as kind
        from pg_class
    ),
    dependency as (
        select distinct
            pg_depend.objid as id,
            pg_depend.refobjid as ref
        from pg_depend
    ),
    schema as (
        select
            pg_namespace.oid as id,
            pg_namespace.nspname as name
        from pg_namespace
        where nspname != 'information_schema' and nspname not like 'pg\_%'
    ),
    referenced as (
        select
            relation.id AS id,
            referenced_class.name ,
            referenced_class.schema ,
            referenced_class.kind
        from relation
        join class as referenced_class on relation.class=referenced_class.id
        where referenced_class.kind in ('r', 'v', 'm')
    ),
    relationships as (
        select
            referenced.name as referenced_name,
            referenced.schema as referenced_schema_id,
            dependent_class.name as dependent_name,
            dependent_class.schema as dependent_schema_id,
            referenced.kind as kind
        from referenced
        join dependency on referenced.id=dependency.id
        join class as dependent_class on dependency.ref=dependent_class.id
        where
            (referenced.name != dependent_class.name or
             referenced.schema != dependent_class.schema)
    )

    select
        referenced_schema.name as referenced_schema,
        relationships.referenced_name as referenced_name,
        dependent_schema.name as dependent_schema,
        relationships.dependent_name as dependent_name
    from relationships
    join schema as dependent_schema on relationships.dependent_schema_id=dependent_schema.id
    join schema as referenced_schema on relationships.referenced_schema_id=referenced_schema.id
    group by referenced_schema, referenced_name, dependent_schema, dependent_name
    order by referenced_schema, referenced_name, dependent_schema, dependent_name;
[0m05:05:18.871154 [debug] [MainThread]: SQL status: SELECT 0 in 0.007 seconds
[0m05:05:18.874392 [debug] [MainThread]: Sending event: {'category': 'dbt', 'action': 'runnable_timing', 'label': '40fe0163-e896-4d02-9055-6e41ccd061bd', 'context': [<snowplow_tracker.self_describing_json.SelfDescribingJson object at 0x7be6b276af00>]}
[0m05:05:18.875676 [debug] [MainThread]: On master: ROLLBACK
[0m05:05:18.877390 [debug] [MainThread]: Using postgres connection "master"
[0m05:05:18.878956 [debug] [MainThread]: On master: BEGIN
[0m05:05:18.881628 [debug] [MainThread]: SQL status: BEGIN in 0.001 seconds
[0m05:05:18.886035 [debug] [MainThread]: On master: COMMIT
[0m05:05:18.887096 [debug] [MainThread]: Using postgres connection "master"
[0m05:05:18.887944 [debug] [MainThread]: On master: COMMIT
[0m05:05:18.889282 [debug] [MainThread]: SQL status: COMMIT in 0.000 seconds
[0m05:05:18.890585 [debug] [MainThread]: On master: Close
[0m05:05:18.898905 [debug] [Thread-1 (]: Began running node model.dbt_driven_data.trusted_non_pii_data
[0m05:05:18.900395 [info ] [Thread-1 (]: 1 of 4 START sql table model driven_trusted.non_pii_data ....................... [RUN]
[0m05:05:18.901804 [debug] [Thread-1 (]: Re-using an available connection from the pool (formerly list_airflow_driven_trusted, now model.dbt_driven_data.trusted_non_pii_data)
[0m05:05:18.902860 [debug] [Thread-1 (]: Began compiling node model.dbt_driven_data.trusted_non_pii_data
[0m05:05:18.920870 [debug] [Thread-1 (]: Writing injected SQL for node "model.dbt_driven_data.trusted_non_pii_data"
[0m05:05:18.934028 [debug] [Thread-1 (]: Began executing node model.dbt_driven_data.trusted_non_pii_data
[0m05:05:18.998629 [debug] [Thread-1 (]: Writing runtime sql for node "model.dbt_driven_data.trusted_non_pii_data"
[0m05:05:18.996237 [debug] [MainThread]: Sending event: {'category': 'dbt', 'action': 'invocation', 'label': 'start', 'context': [<snowplow_tracker.self_describing_json.SelfDescribingJson object at 0x7a52bcaa6480>, <snowplow_tracker.self_describing_json.SelfDescribingJson object at 0x7a52ba23f680>, <snowplow_tracker.self_describing_json.SelfDescribingJson object at 0x7a52ba9b60c0>]}


============================== 05:05:19.006224 | 10f9b0f5-f3d6-41cd-8cc3-23a2e6ffb7e0 ==============================
[0m05:05:19.006224 [info ] [MainThread]: Running with dbt=1.10.3
[0m05:05:19.007839 [debug] [MainThread]: running dbt with arguments {'printer_width': '80', 'indirect_selection': 'eager', 'log_cache_events': 'False', 'write_json': 'True', 'partial_parse': 'True', 'cache_selected_only': 'False', 'warn_error': 'None', 'version_check': 'True', 'fail_fast': 'False', 'log_path': '/opt/airflow/dbt/logs', 'profiles_dir': '/opt/airflow/dbt', 'debug': 'False', 'use_colors': 'True', 'use_experimental_parser': 'False', 'no_print': 'None', 'quiet': 'False', 'empty': 'False', 'log_format': 'default', 'introspect': 'True', 'warn_error_options': 'WarnErrorOptionsV2(error=[], warn=[], silence=[])', 'static_parser': 'True', 'target_path': 'None', 'invocation_command': 'dbt run --select tag:trusted', 'send_anonymous_usage_stats': 'True'}
[0m05:05:19.014738 [debug] [Thread-1 (]: Using postgres connection "model.dbt_driven_data.trusted_non_pii_data"
[0m05:05:19.015821 [debug] [Thread-1 (]: On model.dbt_driven_data.trusted_non_pii_data: BEGIN
[0m05:05:19.016782 [debug] [Thread-1 (]: Opening a new connection, currently in state closed
[0m05:05:19.025780 [debug] [Thread-1 (]: SQL status: BEGIN in 0.009 seconds
[0m05:05:19.028389 [debug] [Thread-1 (]: Using postgres connection "model.dbt_driven_data.trusted_non_pii_data"
[0m05:05:19.029836 [debug] [Thread-1 (]: On model.dbt_driven_data.trusted_non_pii_data: /* {"app": "dbt", "dbt_version": "1.10.3", "profile_name": "default", "target_name": "dev", "node_id": "model.dbt_driven_data.trusted_non_pii_data"} */

  
    

  create  table "airflow"."driven_trusted"."non_pii_data__dbt_tmp"
  
  
    as
  
  (
    
WITH source_data AS (
 SELECT
 '***MASKED***' AS person_name,
 SUBSTRING(dp.user_name, 1, 5) || '*****' user_name,
 SUBSTRING(dp.email, 1, 5) || '*****' AS email,
 '***MASKED***' AS personal_number,
 '***MASKED***' AS birth_date,
 '***MASKED***' AS address,
 '***MASKED***' AS phone,
 SUBSTRING(da.mac_address, 1, 5) || '*****' AS mac_address,
 SUBSTRING(da.ip_address, 1, 5) || '*****' AS ip_address,
 SUBSTRING(df.iban, 1, 5) || '*****' AS iban,
 dd.accessed_at,
 fnu.session_duration,
 fnu.download_speed,
 fnu.upload_speed,
 fnu.consumed_traffic,
 fnu.unique_id
 FROM
 "airflow"."driven_staging"."fact_network_usage" fnu
 INNER JOIN
 "airflow"."driven_staging"."dim_address" da ON
fnu.unique_id = da.unique_id
 INNER JOIN
 "airflow"."driven_staging"."dim_date" dd ON da.unique_id =
dd.unique_id
 INNER JOIN
 "airflow"."driven_staging"."dim_finance" df ON dd.unique_id
= df.unique_id
 INNER JOIN
 "airflow"."driven_staging"."dim_person" dp ON df.unique_id
= dp.unique_id
)
SELECT
 *
FROM
 source_data
  );
  
[0m05:05:19.082000 [debug] [Thread-1 (]: SQL status: SELECT 3400 in 0.051 seconds
[0m05:05:19.097721 [debug] [Thread-1 (]: Using postgres connection "model.dbt_driven_data.trusted_non_pii_data"
[0m05:05:19.099469 [debug] [Thread-1 (]: On model.dbt_driven_data.trusted_non_pii_data: /* {"app": "dbt", "dbt_version": "1.10.3", "profile_name": "default", "target_name": "dev", "node_id": "model.dbt_driven_data.trusted_non_pii_data"} */
alter table "airflow"."driven_trusted"."non_pii_data__dbt_tmp" rename to "non_pii_data"
[0m05:05:19.102230 [debug] [Thread-1 (]: SQL status: ALTER TABLE in 0.001 seconds
[0m05:05:19.124672 [debug] [Thread-1 (]: On model.dbt_driven_data.trusted_non_pii_data: COMMIT
[0m05:05:19.126104 [debug] [Thread-1 (]: Using postgres connection "model.dbt_driven_data.trusted_non_pii_data"
[0m05:05:19.127109 [debug] [Thread-1 (]: On model.dbt_driven_data.trusted_non_pii_data: COMMIT
[0m05:05:19.134566 [debug] [Thread-1 (]: SQL status: COMMIT in 0.006 seconds
[0m05:05:19.144239 [debug] [Thread-1 (]: Applying DROP to: "airflow"."driven_trusted"."non_pii_data__dbt_backup"
[0m05:05:19.154512 [debug] [Thread-1 (]: Using postgres connection "model.dbt_driven_data.trusted_non_pii_data"
[0m05:05:19.155626 [debug] [Thread-1 (]: On model.dbt_driven_data.trusted_non_pii_data: /* {"app": "dbt", "dbt_version": "1.10.3", "profile_name": "default", "target_name": "dev", "node_id": "model.dbt_driven_data.trusted_non_pii_data"} */
drop table if exists "airflow"."driven_trusted"."non_pii_data__dbt_backup" cascade
[0m05:05:19.157287 [debug] [Thread-1 (]: SQL status: DROP TABLE in 0.001 seconds
[0m05:05:19.161731 [debug] [Thread-1 (]: On model.dbt_driven_data.trusted_non_pii_data: Close
[0m05:05:19.165249 [debug] [Thread-1 (]: Sending event: {'category': 'dbt', 'action': 'run_model', 'label': '40fe0163-e896-4d02-9055-6e41ccd061bd', 'context': [<snowplow_tracker.self_describing_json.SelfDescribingJson object at 0x7be6b6a406e0>]}
[0m05:05:19.167125 [info ] [Thread-1 (]: 1 of 4 OK created sql table model driven_trusted.non_pii_data .................. [[32mSELECT 3400[0m in 0.26s]
[0m05:05:19.169280 [debug] [Thread-1 (]: Finished running node model.dbt_driven_data.trusted_non_pii_data
[0m05:05:19.170668 [debug] [Thread-1 (]: Began running node model.dbt_driven_data.trusted_payment_data
[0m05:05:19.172211 [info ] [Thread-1 (]: 2 of 4 START sql table model driven_trusted.payment_data ....................... [RUN]
[0m05:05:19.173870 [debug] [Thread-1 (]: Re-using an available connection from the pool (formerly model.dbt_driven_data.trusted_non_pii_data, now model.dbt_driven_data.trusted_payment_data)
[0m05:05:19.175193 [debug] [Thread-1 (]: Began compiling node model.dbt_driven_data.trusted_payment_data
[0m05:05:19.180957 [debug] [Thread-1 (]: Writing injected SQL for node "model.dbt_driven_data.trusted_payment_data"
[0m05:05:19.197355 [debug] [Thread-1 (]: Began executing node model.dbt_driven_data.trusted_payment_data
[0m05:05:19.203494 [debug] [Thread-1 (]: Writing runtime sql for node "model.dbt_driven_data.trusted_payment_data"
[0m05:05:19.219753 [debug] [Thread-1 (]: Using postgres connection "model.dbt_driven_data.trusted_payment_data"
[0m05:05:19.220810 [debug] [Thread-1 (]: On model.dbt_driven_data.trusted_payment_data: BEGIN
[0m05:05:19.222167 [debug] [Thread-1 (]: Opening a new connection, currently in state closed
[0m05:05:19.231338 [debug] [Thread-1 (]: SQL status: BEGIN in 0.009 seconds
[0m05:05:19.233002 [debug] [Thread-1 (]: Using postgres connection "model.dbt_driven_data.trusted_payment_data"
[0m05:05:19.236917 [debug] [Thread-1 (]: On model.dbt_driven_data.trusted_payment_data: /* {"app": "dbt", "dbt_version": "1.10.3", "profile_name": "default", "target_name": "dev", "node_id": "model.dbt_driven_data.trusted_payment_data"} */

  
    

  create  table "airflow"."driven_trusted"."payment_data__dbt_tmp"
  
  
    as
  
  (
    
WITH source_data AS (
 SELECT
 fnu.unique_id,
 df.iban,
 fnu.download_speed,
 fnu.upload_speed,
 fnu.session_duration,
 fnu.consumed_traffic,
 ((fnu.download_speed + fnu.upload_speed + 1)/2) +
(fnu.consumed_traffic / (fnu.session_duration + 1)) AS payment_amount
 FROM
 "airflow"."driven_staging"."fact_network_usage" fnu
 JOIN
 "airflow"."driven_staging"."dim_finance" df
 ON
 fnu.unique_id = df.unique_id
)
SELECT
 *
FROM
 source_data
  );
  
[0m05:05:19.244569 [debug] [Thread-1 (]: SQL status: SELECT 600 in 0.006 seconds
[0m05:05:19.250711 [debug] [Thread-1 (]: Using postgres connection "model.dbt_driven_data.trusted_payment_data"
[0m05:05:19.251979 [debug] [Thread-1 (]: On model.dbt_driven_data.trusted_payment_data: /* {"app": "dbt", "dbt_version": "1.10.3", "profile_name": "default", "target_name": "dev", "node_id": "model.dbt_driven_data.trusted_payment_data"} */
alter table "airflow"."driven_trusted"."payment_data__dbt_tmp" rename to "payment_data"
[0m05:05:19.254056 [debug] [Thread-1 (]: SQL status: ALTER TABLE in 0.001 seconds
[0m05:05:19.258395 [debug] [Thread-1 (]: On model.dbt_driven_data.trusted_payment_data: COMMIT
[0m05:05:19.259878 [debug] [Thread-1 (]: Using postgres connection "model.dbt_driven_data.trusted_payment_data"
[0m05:05:19.261296 [debug] [Thread-1 (]: On model.dbt_driven_data.trusted_payment_data: COMMIT
[0m05:05:19.264975 [debug] [Thread-1 (]: SQL status: COMMIT in 0.002 seconds
[0m05:05:19.269853 [debug] [Thread-1 (]: Applying DROP to: "airflow"."driven_trusted"."payment_data__dbt_backup"
[0m05:05:19.272518 [debug] [Thread-1 (]: Using postgres connection "model.dbt_driven_data.trusted_payment_data"
[0m05:05:19.274445 [debug] [Thread-1 (]: On model.dbt_driven_data.trusted_payment_data: /* {"app": "dbt", "dbt_version": "1.10.3", "profile_name": "default", "target_name": "dev", "node_id": "model.dbt_driven_data.trusted_payment_data"} */
drop table if exists "airflow"."driven_trusted"."payment_data__dbt_backup" cascade
[0m05:05:19.276482 [debug] [Thread-1 (]: SQL status: DROP TABLE in 0.001 seconds
[0m05:05:19.280431 [debug] [Thread-1 (]: On model.dbt_driven_data.trusted_payment_data: Close
[0m05:05:19.282268 [debug] [Thread-1 (]: Sending event: {'category': 'dbt', 'action': 'run_model', 'label': '40fe0163-e896-4d02-9055-6e41ccd061bd', 'context': [<snowplow_tracker.self_describing_json.SelfDescribingJson object at 0x7be6b0110620>]}
[0m05:05:19.284109 [info ] [Thread-1 (]: 2 of 4 OK created sql table model driven_trusted.payment_data .................. [[32mSELECT 600[0m in 0.11s]
[0m05:05:19.285908 [debug] [Thread-1 (]: Finished running node model.dbt_driven_data.trusted_payment_data
[0m05:05:19.287047 [debug] [Thread-1 (]: Began running node model.dbt_driven_data.trusted_pii_data
[0m05:05:19.289223 [info ] [Thread-1 (]: 3 of 4 START sql table model driven_trusted.pii_data ........................... [RUN]
[0m05:05:19.290753 [debug] [Thread-1 (]: Re-using an available connection from the pool (formerly model.dbt_driven_data.trusted_payment_data, now model.dbt_driven_data.trusted_pii_data)
[0m05:05:19.291829 [debug] [Thread-1 (]: Began compiling node model.dbt_driven_data.trusted_pii_data
[0m05:05:19.300478 [debug] [Thread-1 (]: Writing injected SQL for node "model.dbt_driven_data.trusted_pii_data"
[0m05:05:19.316738 [debug] [Thread-1 (]: Began executing node model.dbt_driven_data.trusted_pii_data
[0m05:05:19.322630 [debug] [Thread-1 (]: Writing runtime sql for node "model.dbt_driven_data.trusted_pii_data"
[0m05:05:19.343768 [debug] [Thread-1 (]: Using postgres connection "model.dbt_driven_data.trusted_pii_data"
[0m05:05:19.347454 [debug] [Thread-1 (]: On model.dbt_driven_data.trusted_pii_data: BEGIN
[0m05:05:19.351324 [debug] [Thread-1 (]: Opening a new connection, currently in state closed
[0m05:05:19.378583 [debug] [Thread-1 (]: SQL status: BEGIN in 0.028 seconds
[0m05:05:19.381229 [debug] [Thread-1 (]: Using postgres connection "model.dbt_driven_data.trusted_pii_data"
[0m05:05:19.383916 [debug] [Thread-1 (]: On model.dbt_driven_data.trusted_pii_data: /* {"app": "dbt", "dbt_version": "1.10.3", "profile_name": "default", "target_name": "dev", "node_id": "model.dbt_driven_data.trusted_pii_data"} */

  
    

  create  table "airflow"."driven_trusted"."pii_data__dbt_tmp"
  
  
    as
  
  (
    
WITH source_data AS (
 SELECT
 dp.person_name,
 dp.user_name,
 dp.email,
 dp.personal_number,
 dp.birth_date,
 da.address,
 dp.phone,
 da.mac_address,
 da.ip_address,
 df.iban,
 dd.accessed_at,
 fnu.session_duration,
 fnu.download_speed,
 fnu.upload_speed,
 fnu.consumed_traffic,
 fnu.unique_id
 FROM
 "airflow"."driven_staging"."fact_network_usage" fnu
 INNER JOIN
 "airflow"."driven_staging"."dim_address" da ON
fnu.unique_id = da.unique_id
 INNER JOIN
 "airflow"."driven_staging"."dim_date" dd ON da.unique_id =
dd.unique_id
 INNER JOIN
 "airflow"."driven_staging"."dim_finance" df ON dd.unique_id
= df.unique_id
 INNER JOIN
 "airflow"."driven_staging"."dim_person" dp ON df.unique_id
= dp.unique_id
)
SELECT
 *
FROM
 source_data
  );
  
[0m05:05:19.445982 [debug] [MainThread]: Sending event: {'category': 'dbt', 'action': 'project_id', 'label': '10f9b0f5-f3d6-41cd-8cc3-23a2e6ffb7e0', 'context': [<snowplow_tracker.self_describing_json.SelfDescribingJson object at 0x7a52bc7a8bf0>]}
[0m05:05:19.463998 [debug] [Thread-1 (]: SQL status: SELECT 3400 in 0.077 seconds
[0m05:05:19.470866 [debug] [Thread-1 (]: Using postgres connection "model.dbt_driven_data.trusted_pii_data"
[0m05:05:19.473022 [debug] [Thread-1 (]: On model.dbt_driven_data.trusted_pii_data: /* {"app": "dbt", "dbt_version": "1.10.3", "profile_name": "default", "target_name": "dev", "node_id": "model.dbt_driven_data.trusted_pii_data"} */
alter table "airflow"."driven_trusted"."pii_data__dbt_tmp" rename to "pii_data"
[0m05:05:19.475917 [debug] [Thread-1 (]: SQL status: ALTER TABLE in 0.001 seconds
[0m05:05:19.478879 [debug] [Thread-1 (]: On model.dbt_driven_data.trusted_pii_data: COMMIT
[0m05:05:19.480581 [debug] [Thread-1 (]: Using postgres connection "model.dbt_driven_data.trusted_pii_data"
[0m05:05:19.486021 [debug] [Thread-1 (]: On model.dbt_driven_data.trusted_pii_data: COMMIT
[0m05:05:19.489083 [debug] [Thread-1 (]: SQL status: COMMIT in 0.002 seconds
[0m05:05:19.493887 [debug] [Thread-1 (]: Applying DROP to: "airflow"."driven_trusted"."pii_data__dbt_backup"
[0m05:05:19.496373 [debug] [Thread-1 (]: Using postgres connection "model.dbt_driven_data.trusted_pii_data"
[0m05:05:19.498241 [debug] [Thread-1 (]: On model.dbt_driven_data.trusted_pii_data: /* {"app": "dbt", "dbt_version": "1.10.3", "profile_name": "default", "target_name": "dev", "node_id": "model.dbt_driven_data.trusted_pii_data"} */
drop table if exists "airflow"."driven_trusted"."pii_data__dbt_backup" cascade
[0m05:05:19.500435 [debug] [Thread-1 (]: SQL status: DROP TABLE in 0.001 seconds
[0m05:05:19.504083 [debug] [Thread-1 (]: On model.dbt_driven_data.trusted_pii_data: Close
[0m05:05:19.506567 [debug] [Thread-1 (]: Sending event: {'category': 'dbt', 'action': 'run_model', 'label': '40fe0163-e896-4d02-9055-6e41ccd061bd', 'context': [<snowplow_tracker.self_describing_json.SelfDescribingJson object at 0x7be6b27a7950>]}
[0m05:05:19.508388 [info ] [Thread-1 (]: 3 of 4 OK created sql table model driven_trusted.pii_data ...................... [[32mSELECT 3400[0m in 0.22s]
[0m05:05:19.510377 [debug] [Thread-1 (]: Finished running node model.dbt_driven_data.trusted_pii_data
[0m05:05:19.511812 [debug] [Thread-1 (]: Began running node model.dbt_driven_data.trusted_technical_data
[0m05:05:19.513676 [info ] [Thread-1 (]: 4 of 4 START sql table model driven_trusted.technical_data ..................... [RUN]
[0m05:05:19.515332 [debug] [Thread-1 (]: Re-using an available connection from the pool (formerly model.dbt_driven_data.trusted_pii_data, now model.dbt_driven_data.trusted_technical_data)
[0m05:05:19.516574 [debug] [Thread-1 (]: Began compiling node model.dbt_driven_data.trusted_technical_data
[0m05:05:19.522759 [debug] [Thread-1 (]: Writing injected SQL for node "model.dbt_driven_data.trusted_technical_data"
[0m05:05:19.537221 [debug] [Thread-1 (]: Began executing node model.dbt_driven_data.trusted_technical_data
[0m05:05:19.542686 [debug] [Thread-1 (]: Writing runtime sql for node "model.dbt_driven_data.trusted_technical_data"
[0m05:05:19.556766 [debug] [Thread-1 (]: Using postgres connection "model.dbt_driven_data.trusted_technical_data"
[0m05:05:19.557833 [debug] [Thread-1 (]: On model.dbt_driven_data.trusted_technical_data: BEGIN
[0m05:05:19.558671 [debug] [Thread-1 (]: Opening a new connection, currently in state closed
[0m05:05:19.567621 [debug] [MainThread]: Sending event: {'category': 'dbt', 'action': 'adapter_info', 'label': '10f9b0f5-f3d6-41cd-8cc3-23a2e6ffb7e0', 'context': [<snowplow_tracker.self_describing_json.SelfDescribingJson object at 0x7a52bc3063f0>]}
[0m05:05:19.567848 [debug] [Thread-1 (]: SQL status: BEGIN in 0.009 seconds
[0m05:05:19.569743 [debug] [Thread-1 (]: Using postgres connection "model.dbt_driven_data.trusted_technical_data"
[0m05:05:19.570350 [info ] [MainThread]: Registered adapter: postgres=1.9.0
[0m05:05:19.571156 [debug] [Thread-1 (]: On model.dbt_driven_data.trusted_technical_data: /* {"app": "dbt", "dbt_version": "1.10.3", "profile_name": "default", "target_name": "dev", "node_id": "model.dbt_driven_data.trusted_technical_data"} */

  
    

  create  table "airflow"."driven_trusted"."technical_data__dbt_tmp"
  
  
    as
  
  (
    
WITH source_data AS (
 SELECT
 fnu.unique_id,
 da.address,
 da.mac_address,
 da.ip_address,
 fnu.download_speed,
 fnu.upload_speed,
 ROUND((fnu.session_duration/60), 1) as min_session_duration,
 CASE
 WHEN fnu.download_speed < 50 OR fnu.upload_speed < 30 OR
fnu.session_duration/60 < 1 THEN true
 ELSE false
 END AS technical_issue
 FROM
 "airflow"."driven_staging"."fact_network_usage" fnu
 JOIN
 "airflow"."driven_staging"."dim_address" da
 ON
 fnu.unique_id = da.unique_id
)
SELECT
 *
FROM
 source_data
  );
  
[0m05:05:19.588660 [debug] [Thread-1 (]: SQL status: SELECT 600 in 0.016 seconds
[0m05:05:19.594412 [debug] [Thread-1 (]: Using postgres connection "model.dbt_driven_data.trusted_technical_data"
[0m05:05:19.595783 [debug] [Thread-1 (]: On model.dbt_driven_data.trusted_technical_data: /* {"app": "dbt", "dbt_version": "1.10.3", "profile_name": "default", "target_name": "dev", "node_id": "model.dbt_driven_data.trusted_technical_data"} */
alter table "airflow"."driven_trusted"."technical_data__dbt_tmp" rename to "technical_data"
[0m05:05:19.598024 [debug] [Thread-1 (]: SQL status: ALTER TABLE in 0.001 seconds
[0m05:05:19.601529 [debug] [Thread-1 (]: On model.dbt_driven_data.trusted_technical_data: COMMIT
[0m05:05:19.602937 [debug] [Thread-1 (]: Using postgres connection "model.dbt_driven_data.trusted_technical_data"
[0m05:05:19.604206 [debug] [Thread-1 (]: On model.dbt_driven_data.trusted_technical_data: COMMIT
[0m05:05:19.607561 [debug] [Thread-1 (]: SQL status: COMMIT in 0.002 seconds
[0m05:05:19.612679 [debug] [Thread-1 (]: Applying DROP to: "airflow"."driven_trusted"."technical_data__dbt_backup"
[0m05:05:19.615064 [debug] [Thread-1 (]: Using postgres connection "model.dbt_driven_data.trusted_technical_data"
[0m05:05:19.616581 [debug] [Thread-1 (]: On model.dbt_driven_data.trusted_technical_data: /* {"app": "dbt", "dbt_version": "1.10.3", "profile_name": "default", "target_name": "dev", "node_id": "model.dbt_driven_data.trusted_technical_data"} */
drop table if exists "airflow"."driven_trusted"."technical_data__dbt_backup" cascade
[0m05:05:19.618598 [debug] [Thread-1 (]: SQL status: DROP TABLE in 0.001 seconds
[0m05:05:19.622326 [debug] [Thread-1 (]: On model.dbt_driven_data.trusted_technical_data: Close
[0m05:05:19.624685 [debug] [Thread-1 (]: Sending event: {'category': 'dbt', 'action': 'run_model', 'label': '40fe0163-e896-4d02-9055-6e41ccd061bd', 'context': [<snowplow_tracker.self_describing_json.SelfDescribingJson object at 0x7be6b122cb90>]}
[0m05:05:19.626570 [info ] [Thread-1 (]: 4 of 4 OK created sql table model driven_trusted.technical_data ................ [[32mSELECT 600[0m in 0.11s]
[0m05:05:19.628534 [debug] [Thread-1 (]: Finished running node model.dbt_driven_data.trusted_technical_data
[0m05:05:19.632566 [debug] [MainThread]: Using postgres connection "master"
[0m05:05:19.633915 [debug] [MainThread]: On master: BEGIN
[0m05:05:19.635654 [debug] [MainThread]: Opening a new connection, currently in state closed
[0m05:05:19.645484 [debug] [MainThread]: SQL status: BEGIN in 0.010 seconds
[0m05:05:19.646930 [debug] [MainThread]: On master: COMMIT
[0m05:05:19.653896 [debug] [MainThread]: Using postgres connection "master"
[0m05:05:19.655596 [debug] [MainThread]: On master: COMMIT
[0m05:05:19.656959 [debug] [MainThread]: SQL status: COMMIT in 0.000 seconds
[0m05:05:19.658239 [debug] [MainThread]: On master: Close
[0m05:05:19.659617 [debug] [MainThread]: Connection 'master' was properly closed.
[0m05:05:19.660638 [debug] [MainThread]: Connection 'model.dbt_driven_data.trusted_technical_data' was properly closed.
[0m05:05:19.661954 [info ] [MainThread]: 
[0m05:05:19.663267 [info ] [MainThread]: Finished running 4 table models in 0 hours 0 minutes and 1.06 seconds (1.06s).
[0m05:05:19.666931 [debug] [MainThread]: Command end result
[0m05:05:19.732942 [debug] [MainThread]: Wrote artifact WritableManifest to /opt/airflow/dbt/target/manifest.json
[0m05:05:19.743188 [debug] [MainThread]: Wrote artifact SemanticManifest to /opt/airflow/dbt/target/semantic_manifest.json
[0m05:05:19.761908 [debug] [MainThread]: Wrote artifact RunExecutionResult to /opt/airflow/dbt/target/run_results.json
[0m05:05:19.763878 [info ] [MainThread]: 
[0m05:05:19.765402 [info ] [MainThread]: [32mCompleted successfully[0m
[0m05:05:19.766565 [info ] [MainThread]: 
[0m05:05:19.767840 [info ] [MainThread]: Done. PASS=4 WARN=0 ERROR=0 SKIP=0 NO-OP=0 TOTAL=4
[0m05:05:19.770244 [debug] [MainThread]: Resource report: {"command_name": "run", "command_success": true, "command_wall_clock_time": 2.8868542, "process_in_blocks": "51568", "process_kernel_time": 1.292066, "process_mem_max_rss": "123424", "process_out_blocks": "0", "process_user_time": 5.343529}
[0m05:05:19.772154 [debug] [MainThread]: Command `dbt run` succeeded at 05:05:19.771740 after 2.89 seconds
[0m05:05:19.774192 [debug] [MainThread]: Sending event: {'category': 'dbt', 'action': 'invocation', 'label': 'end', 'context': [<snowplow_tracker.self_describing_json.SelfDescribingJson object at 0x7be6b4ee2210>, <snowplow_tracker.self_describing_json.SelfDescribingJson object at 0x7be6b5e3fb60>, <snowplow_tracker.self_describing_json.SelfDescribingJson object at 0x7be6b0107a40>]}
[0m05:05:19.775474 [debug] [MainThread]: Flushing usage events
[0m05:05:19.787399 [debug] [MainThread]: checksum: 1bfacb87e6914c9942cfa2c4badfc1df19d859fe8ec086286ef238a7d920f97b, vars: {}, profile: , target: , version: 1.10.3
[0m05:05:20.163302 [debug] [MainThread]: Partial parsing enabled: 0 files deleted, 0 files added, 0 files changed.
[0m05:05:20.164698 [debug] [MainThread]: Partial parsing enabled, no changes found, skipping parsing
[0m05:05:20.219487 [debug] [MainThread]: Sending event: {'category': 'dbt', 'action': 'load_project', 'label': '10f9b0f5-f3d6-41cd-8cc3-23a2e6ffb7e0', 'context': [<snowplow_tracker.self_describing_json.SelfDescribingJson object at 0x7a52b8d85df0>]}
[0m05:05:20.333714 [debug] [MainThread]: An error was encountered while trying to flush usage events
[0m05:05:20.397694 [debug] [MainThread]: Wrote artifact WritableManifest to /opt/airflow/dbt/target/manifest.json
[0m05:05:20.406958 [debug] [MainThread]: Wrote artifact SemanticManifest to /opt/airflow/dbt/target/semantic_manifest.json
[0m05:05:20.460171 [debug] [MainThread]: Sending event: {'category': 'dbt', 'action': 'resource_counts', 'label': '10f9b0f5-f3d6-41cd-8cc3-23a2e6ffb7e0', 'context': [<snowplow_tracker.self_describing_json.SelfDescribingJson object at 0x7a52b8539010>]}
[0m05:05:20.461785 [info ] [MainThread]: Found 9 models, 11 sources, 433 macros
[0m05:05:20.463378 [debug] [MainThread]: Sending event: {'category': 'dbt', 'action': 'runnable_timing', 'label': '10f9b0f5-f3d6-41cd-8cc3-23a2e6ffb7e0', 'context': [<snowplow_tracker.self_describing_json.SelfDescribingJson object at 0x7a52b8d332c0>]}
[0m05:05:20.467796 [info ] [MainThread]: 
[0m05:05:20.469563 [info ] [MainThread]: Concurrency: 1 threads (target='dev')
[0m05:05:20.471132 [info ] [MainThread]: 
[0m05:05:20.473085 [debug] [MainThread]: Acquiring new postgres connection 'master'
[0m05:05:20.482807 [debug] [ThreadPool]: Acquiring new postgres connection 'list_airflow'
[0m05:05:20.554034 [debug] [ThreadPool]: Using postgres connection "list_airflow"
[0m05:05:20.555351 [debug] [ThreadPool]: On list_airflow: /* {"app": "dbt", "dbt_version": "1.10.3", "profile_name": "default", "target_name": "dev", "connection_name": "list_airflow"} */

    select distinct nspname from pg_namespace
  
[0m05:05:20.556548 [debug] [ThreadPool]: Opening a new connection, currently in state init
[0m05:05:20.570349 [debug] [ThreadPool]: SQL status: SELECT 7 in 0.014 seconds
[0m05:05:20.573282 [debug] [ThreadPool]: On list_airflow: Close
[0m05:05:20.579085 [debug] [ThreadPool]: Re-using an available connection from the pool (formerly list_airflow, now list_airflow_driven_trusted)
[0m05:05:20.590511 [debug] [ThreadPool]: Using postgres connection "list_airflow_driven_trusted"
[0m05:05:20.591879 [debug] [ThreadPool]: On list_airflow_driven_trusted: BEGIN
[0m05:05:20.593207 [debug] [ThreadPool]: Opening a new connection, currently in state closed
[0m05:05:20.603178 [debug] [ThreadPool]: SQL status: BEGIN in 0.010 seconds
[0m05:05:20.604497 [debug] [ThreadPool]: Using postgres connection "list_airflow_driven_trusted"
[0m05:05:20.606529 [debug] [ThreadPool]: On list_airflow_driven_trusted: /* {"app": "dbt", "dbt_version": "1.10.3", "profile_name": "default", "target_name": "dev", "connection_name": "list_airflow_driven_trusted"} */
select
      'airflow' as database,
      tablename as name,
      schemaname as schema,
      'table' as type
    from pg_tables
    where schemaname ilike 'driven_trusted'
    union all
    select
      'airflow' as database,
      viewname as name,
      schemaname as schema,
      'view' as type
    from pg_views
    where schemaname ilike 'driven_trusted'
    union all
    select
      'airflow' as database,
      matviewname as name,
      schemaname as schema,
      'materialized_view' as type
    from pg_matviews
    where schemaname ilike 'driven_trusted'
  
[0m05:05:20.613245 [debug] [ThreadPool]: SQL status: SELECT 4 in 0.005 seconds
[0m05:05:20.616702 [debug] [ThreadPool]: On list_airflow_driven_trusted: ROLLBACK
[0m05:05:20.618686 [debug] [ThreadPool]: On list_airflow_driven_trusted: Close
[0m05:05:20.620743 [debug] [ThreadPool]: Re-using an available connection from the pool (formerly list_airflow_driven_trusted, now list_airflow_driven_staging)
[0m05:05:20.625912 [debug] [ThreadPool]: Using postgres connection "list_airflow_driven_staging"
[0m05:05:20.627277 [debug] [ThreadPool]: On list_airflow_driven_staging: BEGIN
[0m05:05:20.628415 [debug] [ThreadPool]: Opening a new connection, currently in state closed
[0m05:05:20.638789 [debug] [ThreadPool]: SQL status: BEGIN in 0.010 seconds
[0m05:05:20.640718 [debug] [ThreadPool]: Using postgres connection "list_airflow_driven_staging"
[0m05:05:20.642132 [debug] [ThreadPool]: On list_airflow_driven_staging: /* {"app": "dbt", "dbt_version": "1.10.3", "profile_name": "default", "target_name": "dev", "connection_name": "list_airflow_driven_staging"} */
select
      'airflow' as database,
      tablename as name,
      schemaname as schema,
      'table' as type
    from pg_tables
    where schemaname ilike 'driven_staging'
    union all
    select
      'airflow' as database,
      viewname as name,
      schemaname as schema,
      'view' as type
    from pg_views
    where schemaname ilike 'driven_staging'
    union all
    select
      'airflow' as database,
      matviewname as name,
      schemaname as schema,
      'materialized_view' as type
    from pg_matviews
    where schemaname ilike 'driven_staging'
  
[0m05:05:20.648165 [debug] [ThreadPool]: SQL status: SELECT 5 in 0.005 seconds
[0m05:05:20.651715 [debug] [ThreadPool]: On list_airflow_driven_staging: ROLLBACK
[0m05:05:20.653614 [debug] [ThreadPool]: On list_airflow_driven_staging: Close
[0m05:05:20.665493 [debug] [MainThread]: Using postgres connection "master"
[0m05:05:20.667067 [debug] [MainThread]: On master: BEGIN
[0m05:05:20.668382 [debug] [MainThread]: Opening a new connection, currently in state init
[0m05:05:20.677391 [debug] [MainThread]: SQL status: BEGIN in 0.009 seconds
[0m05:05:20.679599 [debug] [MainThread]: Using postgres connection "master"
[0m05:05:20.681282 [debug] [MainThread]: On master: /* {"app": "dbt", "dbt_version": "1.10.3", "profile_name": "default", "target_name": "dev", "connection_name": "master"} */
with relation as (
        select
            pg_rewrite.ev_class as class,
            pg_rewrite.oid as id
        from pg_rewrite
    ),
    class as (
        select
            oid as id,
            relname as name,
            relnamespace as schema,
            relkind as kind
        from pg_class
    ),
    dependency as (
        select distinct
            pg_depend.objid as id,
            pg_depend.refobjid as ref
        from pg_depend
    ),
    schema as (
        select
            pg_namespace.oid as id,
            pg_namespace.nspname as name
        from pg_namespace
        where nspname != 'information_schema' and nspname not like 'pg\_%'
    ),
    referenced as (
        select
            relation.id AS id,
            referenced_class.name ,
            referenced_class.schema ,
            referenced_class.kind
        from relation
        join class as referenced_class on relation.class=referenced_class.id
        where referenced_class.kind in ('r', 'v', 'm')
    ),
    relationships as (
        select
            referenced.name as referenced_name,
            referenced.schema as referenced_schema_id,
            dependent_class.name as dependent_name,
            dependent_class.schema as dependent_schema_id,
            referenced.kind as kind
        from referenced
        join dependency on referenced.id=dependency.id
        join class as dependent_class on dependency.ref=dependent_class.id
        where
            (referenced.name != dependent_class.name or
             referenced.schema != dependent_class.schema)
    )

    select
        referenced_schema.name as referenced_schema,
        relationships.referenced_name as referenced_name,
        dependent_schema.name as dependent_schema,
        relationships.dependent_name as dependent_name
    from relationships
    join schema as dependent_schema on relationships.dependent_schema_id=dependent_schema.id
    join schema as referenced_schema on relationships.referenced_schema_id=referenced_schema.id
    group by referenced_schema, referenced_name, dependent_schema, dependent_name
    order by referenced_schema, referenced_name, dependent_schema, dependent_name;
[0m05:05:20.688111 [debug] [MainThread]: SQL status: SELECT 0 in 0.005 seconds
[0m05:05:20.692063 [debug] [MainThread]: Sending event: {'category': 'dbt', 'action': 'runnable_timing', 'label': '10f9b0f5-f3d6-41cd-8cc3-23a2e6ffb7e0', 'context': [<snowplow_tracker.self_describing_json.SelfDescribingJson object at 0x7a52b9142c60>]}
[0m05:05:20.693828 [debug] [MainThread]: On master: ROLLBACK
[0m05:05:20.695892 [debug] [MainThread]: Using postgres connection "master"
[0m05:05:20.697516 [debug] [MainThread]: On master: BEGIN
[0m05:05:20.700112 [debug] [MainThread]: SQL status: BEGIN in 0.001 seconds
[0m05:05:20.701698 [debug] [MainThread]: On master: COMMIT
[0m05:05:20.703262 [debug] [MainThread]: Using postgres connection "master"
[0m05:05:20.705070 [debug] [MainThread]: On master: COMMIT
[0m05:05:20.706659 [debug] [MainThread]: SQL status: COMMIT in 0.000 seconds
[0m05:05:20.707821 [debug] [MainThread]: On master: Close
[0m05:05:20.717444 [debug] [Thread-1 (]: Began running node model.dbt_driven_data.trusted_non_pii_data
[0m05:05:20.719001 [info ] [Thread-1 (]: 1 of 4 START sql table model driven_trusted.non_pii_data ....................... [RUN]
[0m05:05:20.720434 [debug] [Thread-1 (]: Re-using an available connection from the pool (formerly list_airflow_driven_staging, now model.dbt_driven_data.trusted_non_pii_data)
[0m05:05:20.721692 [debug] [Thread-1 (]: Began compiling node model.dbt_driven_data.trusted_non_pii_data
[0m05:05:20.736187 [debug] [Thread-1 (]: Writing injected SQL for node "model.dbt_driven_data.trusted_non_pii_data"
[0m05:05:20.753021 [debug] [Thread-1 (]: Began executing node model.dbt_driven_data.trusted_non_pii_data
[0m05:05:20.818820 [debug] [Thread-1 (]: Writing runtime sql for node "model.dbt_driven_data.trusted_non_pii_data"
[0m05:05:20.835435 [debug] [Thread-1 (]: Using postgres connection "model.dbt_driven_data.trusted_non_pii_data"
[0m05:05:20.836451 [debug] [Thread-1 (]: On model.dbt_driven_data.trusted_non_pii_data: BEGIN
[0m05:05:20.837560 [debug] [Thread-1 (]: Opening a new connection, currently in state closed
[0m05:05:20.845977 [debug] [Thread-1 (]: SQL status: BEGIN in 0.008 seconds
[0m05:05:20.848181 [debug] [Thread-1 (]: Using postgres connection "model.dbt_driven_data.trusted_non_pii_data"
[0m05:05:20.849636 [debug] [Thread-1 (]: On model.dbt_driven_data.trusted_non_pii_data: /* {"app": "dbt", "dbt_version": "1.10.3", "profile_name": "default", "target_name": "dev", "node_id": "model.dbt_driven_data.trusted_non_pii_data"} */

  
    

  create  table "airflow"."driven_trusted"."non_pii_data__dbt_tmp"
  
  
    as
  
  (
    
WITH source_data AS (
 SELECT
 '***MASKED***' AS person_name,
 SUBSTRING(dp.user_name, 1, 5) || '*****' user_name,
 SUBSTRING(dp.email, 1, 5) || '*****' AS email,
 '***MASKED***' AS personal_number,
 '***MASKED***' AS birth_date,
 '***MASKED***' AS address,
 '***MASKED***' AS phone,
 SUBSTRING(da.mac_address, 1, 5) || '*****' AS mac_address,
 SUBSTRING(da.ip_address, 1, 5) || '*****' AS ip_address,
 SUBSTRING(df.iban, 1, 5) || '*****' AS iban,
 dd.accessed_at,
 fnu.session_duration,
 fnu.download_speed,
 fnu.upload_speed,
 fnu.consumed_traffic,
 fnu.unique_id
 FROM
 "airflow"."driven_staging"."fact_network_usage" fnu
 INNER JOIN
 "airflow"."driven_staging"."dim_address" da ON
fnu.unique_id = da.unique_id
 INNER JOIN
 "airflow"."driven_staging"."dim_date" dd ON da.unique_id =
dd.unique_id
 INNER JOIN
 "airflow"."driven_staging"."dim_finance" df ON dd.unique_id
= df.unique_id
 INNER JOIN
 "airflow"."driven_staging"."dim_person" dp ON df.unique_id
= dp.unique_id
)
SELECT
 *
FROM
 source_data
  );
  
[0m05:05:20.891530 [debug] [Thread-1 (]: SQL status: SELECT 3400 in 0.040 seconds
[0m05:05:20.920693 [debug] [Thread-1 (]: Using postgres connection "model.dbt_driven_data.trusted_non_pii_data"
[0m05:05:20.922588 [debug] [Thread-1 (]: On model.dbt_driven_data.trusted_non_pii_data: /* {"app": "dbt", "dbt_version": "1.10.3", "profile_name": "default", "target_name": "dev", "node_id": "model.dbt_driven_data.trusted_non_pii_data"} */
alter table "airflow"."driven_trusted"."non_pii_data" rename to "non_pii_data__dbt_backup"
[0m05:05:20.925762 [debug] [Thread-1 (]: SQL status: ALTER TABLE in 0.001 seconds
[0m05:05:20.935593 [debug] [Thread-1 (]: Using postgres connection "model.dbt_driven_data.trusted_non_pii_data"
[0m05:05:20.938457 [debug] [Thread-1 (]: On model.dbt_driven_data.trusted_non_pii_data: /* {"app": "dbt", "dbt_version": "1.10.3", "profile_name": "default", "target_name": "dev", "node_id": "model.dbt_driven_data.trusted_non_pii_data"} */
alter table "airflow"."driven_trusted"."non_pii_data__dbt_tmp" rename to "non_pii_data"
[0m05:05:20.940387 [debug] [Thread-1 (]: SQL status: ALTER TABLE in 0.001 seconds
[0m05:05:20.971045 [debug] [Thread-1 (]: On model.dbt_driven_data.trusted_non_pii_data: COMMIT
[0m05:05:20.972451 [debug] [Thread-1 (]: Using postgres connection "model.dbt_driven_data.trusted_non_pii_data"
[0m05:05:20.973670 [debug] [Thread-1 (]: On model.dbt_driven_data.trusted_non_pii_data: COMMIT
[0m05:05:20.977561 [debug] [Thread-1 (]: SQL status: COMMIT in 0.002 seconds
[0m05:05:20.989441 [debug] [Thread-1 (]: Applying DROP to: "airflow"."driven_trusted"."non_pii_data__dbt_backup"
[0m05:05:21.001024 [debug] [Thread-1 (]: Using postgres connection "model.dbt_driven_data.trusted_non_pii_data"
[0m05:05:21.002713 [debug] [Thread-1 (]: On model.dbt_driven_data.trusted_non_pii_data: /* {"app": "dbt", "dbt_version": "1.10.3", "profile_name": "default", "target_name": "dev", "node_id": "model.dbt_driven_data.trusted_non_pii_data"} */
drop table if exists "airflow"."driven_trusted"."non_pii_data__dbt_backup" cascade
[0m05:05:21.008543 [debug] [Thread-1 (]: SQL status: DROP TABLE in 0.004 seconds
[0m05:05:21.014633 [debug] [Thread-1 (]: On model.dbt_driven_data.trusted_non_pii_data: Close
[0m05:05:21.018752 [debug] [Thread-1 (]: Sending event: {'category': 'dbt', 'action': 'run_model', 'label': '10f9b0f5-f3d6-41cd-8cc3-23a2e6ffb7e0', 'context': [<snowplow_tracker.self_describing_json.SelfDescribingJson object at 0x7a52b8d30e30>]}
[0m05:05:21.020604 [info ] [Thread-1 (]: 1 of 4 OK created sql table model driven_trusted.non_pii_data .................. [[32mSELECT 3400[0m in 0.30s]
[0m05:05:21.022560 [debug] [Thread-1 (]: Finished running node model.dbt_driven_data.trusted_non_pii_data
[0m05:05:21.024005 [debug] [Thread-1 (]: Began running node model.dbt_driven_data.trusted_payment_data
[0m05:05:21.025836 [info ] [Thread-1 (]: 2 of 4 START sql table model driven_trusted.payment_data ....................... [RUN]
[0m05:05:21.027674 [debug] [Thread-1 (]: Re-using an available connection from the pool (formerly model.dbt_driven_data.trusted_non_pii_data, now model.dbt_driven_data.trusted_payment_data)
[0m05:05:21.029056 [debug] [Thread-1 (]: Began compiling node model.dbt_driven_data.trusted_payment_data
[0m05:05:21.035864 [debug] [Thread-1 (]: Writing injected SQL for node "model.dbt_driven_data.trusted_payment_data"
[0m05:05:21.053628 [debug] [Thread-1 (]: Began executing node model.dbt_driven_data.trusted_payment_data
[0m05:05:21.059570 [debug] [Thread-1 (]: Writing runtime sql for node "model.dbt_driven_data.trusted_payment_data"
[0m05:05:21.071866 [debug] [Thread-1 (]: Using postgres connection "model.dbt_driven_data.trusted_payment_data"
[0m05:05:21.072814 [debug] [Thread-1 (]: On model.dbt_driven_data.trusted_payment_data: BEGIN
[0m05:05:21.073965 [debug] [Thread-1 (]: Opening a new connection, currently in state closed
[0m05:05:21.082528 [debug] [Thread-1 (]: SQL status: BEGIN in 0.008 seconds
[0m05:05:21.086030 [debug] [Thread-1 (]: Using postgres connection "model.dbt_driven_data.trusted_payment_data"
[0m05:05:21.087438 [debug] [Thread-1 (]: On model.dbt_driven_data.trusted_payment_data: /* {"app": "dbt", "dbt_version": "1.10.3", "profile_name": "default", "target_name": "dev", "node_id": "model.dbt_driven_data.trusted_payment_data"} */

  
    

  create  table "airflow"."driven_trusted"."payment_data__dbt_tmp"
  
  
    as
  
  (
    
WITH source_data AS (
 SELECT
 fnu.unique_id,
 df.iban,
 fnu.download_speed,
 fnu.upload_speed,
 fnu.session_duration,
 fnu.consumed_traffic,
 ((fnu.download_speed + fnu.upload_speed + 1)/2) +
(fnu.consumed_traffic / (fnu.session_duration + 1)) AS payment_amount
 FROM
 "airflow"."driven_staging"."fact_network_usage" fnu
 JOIN
 "airflow"."driven_staging"."dim_finance" df
 ON
 fnu.unique_id = df.unique_id
)
SELECT
 *
FROM
 source_data
  );
  
[0m05:05:21.094569 [debug] [Thread-1 (]: SQL status: SELECT 600 in 0.005 seconds
[0m05:05:21.100809 [debug] [Thread-1 (]: Using postgres connection "model.dbt_driven_data.trusted_payment_data"
[0m05:05:21.102298 [debug] [Thread-1 (]: On model.dbt_driven_data.trusted_payment_data: /* {"app": "dbt", "dbt_version": "1.10.3", "profile_name": "default", "target_name": "dev", "node_id": "model.dbt_driven_data.trusted_payment_data"} */
alter table "airflow"."driven_trusted"."payment_data" rename to "payment_data__dbt_backup"
[0m05:05:21.104066 [debug] [Thread-1 (]: SQL status: ALTER TABLE in 0.001 seconds
[0m05:05:21.110180 [debug] [Thread-1 (]: Using postgres connection "model.dbt_driven_data.trusted_payment_data"
[0m05:05:21.111642 [debug] [Thread-1 (]: On model.dbt_driven_data.trusted_payment_data: /* {"app": "dbt", "dbt_version": "1.10.3", "profile_name": "default", "target_name": "dev", "node_id": "model.dbt_driven_data.trusted_payment_data"} */
alter table "airflow"."driven_trusted"."payment_data__dbt_tmp" rename to "payment_data"
[0m05:05:21.114080 [debug] [Thread-1 (]: SQL status: ALTER TABLE in 0.001 seconds
[0m05:05:21.118091 [debug] [Thread-1 (]: On model.dbt_driven_data.trusted_payment_data: COMMIT
[0m05:05:21.119465 [debug] [Thread-1 (]: Using postgres connection "model.dbt_driven_data.trusted_payment_data"
[0m05:05:21.120845 [debug] [Thread-1 (]: On model.dbt_driven_data.trusted_payment_data: COMMIT
[0m05:05:21.125031 [debug] [Thread-1 (]: SQL status: COMMIT in 0.002 seconds
[0m05:05:21.132510 [debug] [Thread-1 (]: Applying DROP to: "airflow"."driven_trusted"."payment_data__dbt_backup"
[0m05:05:21.134483 [debug] [Thread-1 (]: Using postgres connection "model.dbt_driven_data.trusted_payment_data"
[0m05:05:21.135749 [debug] [Thread-1 (]: On model.dbt_driven_data.trusted_payment_data: /* {"app": "dbt", "dbt_version": "1.10.3", "profile_name": "default", "target_name": "dev", "node_id": "model.dbt_driven_data.trusted_payment_data"} */
drop table if exists "airflow"."driven_trusted"."payment_data__dbt_backup" cascade
[0m05:05:21.140764 [debug] [Thread-1 (]: SQL status: DROP TABLE in 0.004 seconds
[0m05:05:21.144241 [debug] [Thread-1 (]: On model.dbt_driven_data.trusted_payment_data: Close
[0m05:05:21.146527 [debug] [Thread-1 (]: Sending event: {'category': 'dbt', 'action': 'run_model', 'label': '10f9b0f5-f3d6-41cd-8cc3-23a2e6ffb7e0', 'context': [<snowplow_tracker.self_describing_json.SelfDescribingJson object at 0x7a52b6fed1f0>]}
[0m05:05:21.149272 [info ] [Thread-1 (]: 2 of 4 OK created sql table model driven_trusted.payment_data .................. [[32mSELECT 600[0m in 0.12s]
[0m05:05:21.153067 [debug] [Thread-1 (]: Finished running node model.dbt_driven_data.trusted_payment_data
[0m05:05:21.155150 [debug] [Thread-1 (]: Began running node model.dbt_driven_data.trusted_pii_data
[0m05:05:21.157401 [info ] [Thread-1 (]: 3 of 4 START sql table model driven_trusted.pii_data ........................... [RUN]
[0m05:05:21.159343 [debug] [Thread-1 (]: Re-using an available connection from the pool (formerly model.dbt_driven_data.trusted_payment_data, now model.dbt_driven_data.trusted_pii_data)
[0m05:05:21.165268 [debug] [Thread-1 (]: Began compiling node model.dbt_driven_data.trusted_pii_data
[0m05:05:21.178066 [debug] [Thread-1 (]: Writing injected SQL for node "model.dbt_driven_data.trusted_pii_data"
[0m05:05:21.197699 [debug] [Thread-1 (]: Began executing node model.dbt_driven_data.trusted_pii_data
[0m05:05:21.203558 [debug] [Thread-1 (]: Writing runtime sql for node "model.dbt_driven_data.trusted_pii_data"
[0m05:05:21.216928 [debug] [Thread-1 (]: Using postgres connection "model.dbt_driven_data.trusted_pii_data"
[0m05:05:21.218036 [debug] [Thread-1 (]: On model.dbt_driven_data.trusted_pii_data: BEGIN
[0m05:05:21.219311 [debug] [Thread-1 (]: Opening a new connection, currently in state closed
[0m05:05:21.230470 [debug] [Thread-1 (]: SQL status: BEGIN in 0.011 seconds
[0m05:05:21.232645 [debug] [Thread-1 (]: Using postgres connection "model.dbt_driven_data.trusted_pii_data"
[0m05:05:21.234228 [debug] [Thread-1 (]: On model.dbt_driven_data.trusted_pii_data: /* {"app": "dbt", "dbt_version": "1.10.3", "profile_name": "default", "target_name": "dev", "node_id": "model.dbt_driven_data.trusted_pii_data"} */

  
    

  create  table "airflow"."driven_trusted"."pii_data__dbt_tmp"
  
  
    as
  
  (
    
WITH source_data AS (
 SELECT
 dp.person_name,
 dp.user_name,
 dp.email,
 dp.personal_number,
 dp.birth_date,
 da.address,
 dp.phone,
 da.mac_address,
 da.ip_address,
 df.iban,
 dd.accessed_at,
 fnu.session_duration,
 fnu.download_speed,
 fnu.upload_speed,
 fnu.consumed_traffic,
 fnu.unique_id
 FROM
 "airflow"."driven_staging"."fact_network_usage" fnu
 INNER JOIN
 "airflow"."driven_staging"."dim_address" da ON
fnu.unique_id = da.unique_id
 INNER JOIN
 "airflow"."driven_staging"."dim_date" dd ON da.unique_id =
dd.unique_id
 INNER JOIN
 "airflow"."driven_staging"."dim_finance" df ON dd.unique_id
= df.unique_id
 INNER JOIN
 "airflow"."driven_staging"."dim_person" dp ON df.unique_id
= dp.unique_id
)
SELECT
 *
FROM
 source_data
  );
  
[0m05:05:21.268774 [debug] [Thread-1 (]: SQL status: SELECT 3400 in 0.033 seconds
[0m05:05:21.276157 [debug] [Thread-1 (]: Using postgres connection "model.dbt_driven_data.trusted_pii_data"
[0m05:05:21.277677 [debug] [Thread-1 (]: On model.dbt_driven_data.trusted_pii_data: /* {"app": "dbt", "dbt_version": "1.10.3", "profile_name": "default", "target_name": "dev", "node_id": "model.dbt_driven_data.trusted_pii_data"} */
alter table "airflow"."driven_trusted"."pii_data" rename to "pii_data__dbt_backup"
[0m05:05:21.279499 [debug] [Thread-1 (]: SQL status: ALTER TABLE in 0.001 seconds
[0m05:05:21.284596 [debug] [Thread-1 (]: Using postgres connection "model.dbt_driven_data.trusted_pii_data"
[0m05:05:21.286589 [debug] [Thread-1 (]: On model.dbt_driven_data.trusted_pii_data: /* {"app": "dbt", "dbt_version": "1.10.3", "profile_name": "default", "target_name": "dev", "node_id": "model.dbt_driven_data.trusted_pii_data"} */
alter table "airflow"."driven_trusted"."pii_data__dbt_tmp" rename to "pii_data"
[0m05:05:21.288924 [debug] [Thread-1 (]: SQL status: ALTER TABLE in 0.001 seconds
[0m05:05:21.293211 [debug] [Thread-1 (]: On model.dbt_driven_data.trusted_pii_data: COMMIT
[0m05:05:21.294366 [debug] [Thread-1 (]: Using postgres connection "model.dbt_driven_data.trusted_pii_data"
[0m05:05:21.295495 [debug] [Thread-1 (]: On model.dbt_driven_data.trusted_pii_data: COMMIT
[0m05:05:21.306114 [debug] [Thread-1 (]: SQL status: COMMIT in 0.009 seconds
[0m05:05:21.311690 [debug] [Thread-1 (]: Applying DROP to: "airflow"."driven_trusted"."pii_data__dbt_backup"
[0m05:05:21.313935 [debug] [Thread-1 (]: Using postgres connection "model.dbt_driven_data.trusted_pii_data"
[0m05:05:21.316696 [debug] [Thread-1 (]: On model.dbt_driven_data.trusted_pii_data: /* {"app": "dbt", "dbt_version": "1.10.3", "profile_name": "default", "target_name": "dev", "node_id": "model.dbt_driven_data.trusted_pii_data"} */
drop table if exists "airflow"."driven_trusted"."pii_data__dbt_backup" cascade
[0m05:05:21.326378 [debug] [Thread-1 (]: SQL status: DROP TABLE in 0.007 seconds
[0m05:05:21.334340 [debug] [Thread-1 (]: On model.dbt_driven_data.trusted_pii_data: Close
[0m05:05:21.338325 [debug] [Thread-1 (]: Sending event: {'category': 'dbt', 'action': 'run_model', 'label': '10f9b0f5-f3d6-41cd-8cc3-23a2e6ffb7e0', 'context': [<snowplow_tracker.self_describing_json.SelfDescribingJson object at 0x7a52b70e75c0>]}
[0m05:05:21.351191 [info ] [Thread-1 (]: 3 of 4 OK created sql table model driven_trusted.pii_data ...................... [[32mSELECT 3400[0m in 0.18s]
[0m05:05:21.370279 [debug] [Thread-1 (]: Finished running node model.dbt_driven_data.trusted_pii_data
[0m05:05:21.374856 [debug] [Thread-1 (]: Began running node model.dbt_driven_data.trusted_technical_data
[0m05:05:21.377399 [info ] [Thread-1 (]: 4 of 4 START sql table model driven_trusted.technical_data ..................... [RUN]
[0m05:05:21.379364 [debug] [Thread-1 (]: Re-using an available connection from the pool (formerly model.dbt_driven_data.trusted_pii_data, now model.dbt_driven_data.trusted_technical_data)
[0m05:05:21.381546 [debug] [Thread-1 (]: Began compiling node model.dbt_driven_data.trusted_technical_data
[0m05:05:21.398556 [debug] [Thread-1 (]: Writing injected SQL for node "model.dbt_driven_data.trusted_technical_data"
[0m05:05:21.435449 [debug] [Thread-1 (]: Began executing node model.dbt_driven_data.trusted_technical_data
[0m05:05:21.444257 [debug] [Thread-1 (]: Writing runtime sql for node "model.dbt_driven_data.trusted_technical_data"
[0m05:05:21.461051 [debug] [Thread-1 (]: Using postgres connection "model.dbt_driven_data.trusted_technical_data"
[0m05:05:21.462425 [debug] [Thread-1 (]: On model.dbt_driven_data.trusted_technical_data: BEGIN
[0m05:05:21.463849 [debug] [Thread-1 (]: Opening a new connection, currently in state closed
[0m05:05:21.474627 [debug] [Thread-1 (]: SQL status: BEGIN in 0.011 seconds
[0m05:05:21.476954 [debug] [Thread-1 (]: Using postgres connection "model.dbt_driven_data.trusted_technical_data"
[0m05:05:21.478457 [debug] [Thread-1 (]: On model.dbt_driven_data.trusted_technical_data: /* {"app": "dbt", "dbt_version": "1.10.3", "profile_name": "default", "target_name": "dev", "node_id": "model.dbt_driven_data.trusted_technical_data"} */

  
    

  create  table "airflow"."driven_trusted"."technical_data__dbt_tmp"
  
  
    as
  
  (
    
WITH source_data AS (
 SELECT
 fnu.unique_id,
 da.address,
 da.mac_address,
 da.ip_address,
 fnu.download_speed,
 fnu.upload_speed,
 ROUND((fnu.session_duration/60), 1) as min_session_duration,
 CASE
 WHEN fnu.download_speed < 50 OR fnu.upload_speed < 30 OR
fnu.session_duration/60 < 1 THEN true
 ELSE false
 END AS technical_issue
 FROM
 "airflow"."driven_staging"."fact_network_usage" fnu
 JOIN
 "airflow"."driven_staging"."dim_address" da
 ON
 fnu.unique_id = da.unique_id
)
SELECT
 *
FROM
 source_data
  );
  
[0m05:05:21.488777 [debug] [Thread-1 (]: SQL status: SELECT 600 in 0.009 seconds
[0m05:05:21.495716 [debug] [Thread-1 (]: Using postgres connection "model.dbt_driven_data.trusted_technical_data"
[0m05:05:21.497114 [debug] [Thread-1 (]: On model.dbt_driven_data.trusted_technical_data: /* {"app": "dbt", "dbt_version": "1.10.3", "profile_name": "default", "target_name": "dev", "node_id": "model.dbt_driven_data.trusted_technical_data"} */
alter table "airflow"."driven_trusted"."technical_data" rename to "technical_data__dbt_backup"
[0m05:05:21.498936 [debug] [Thread-1 (]: SQL status: ALTER TABLE in 0.001 seconds
[0m05:05:21.504238 [debug] [Thread-1 (]: Using postgres connection "model.dbt_driven_data.trusted_technical_data"
[0m05:05:21.505670 [debug] [Thread-1 (]: On model.dbt_driven_data.trusted_technical_data: /* {"app": "dbt", "dbt_version": "1.10.3", "profile_name": "default", "target_name": "dev", "node_id": "model.dbt_driven_data.trusted_technical_data"} */
alter table "airflow"."driven_trusted"."technical_data__dbt_tmp" rename to "technical_data"
[0m05:05:21.507934 [debug] [Thread-1 (]: SQL status: ALTER TABLE in 0.001 seconds
[0m05:05:21.512187 [debug] [Thread-1 (]: On model.dbt_driven_data.trusted_technical_data: COMMIT
[0m05:05:21.513840 [debug] [Thread-1 (]: Using postgres connection "model.dbt_driven_data.trusted_technical_data"
[0m05:05:21.514903 [debug] [Thread-1 (]: On model.dbt_driven_data.trusted_technical_data: COMMIT
[0m05:05:21.519487 [debug] [Thread-1 (]: SQL status: COMMIT in 0.003 seconds
[0m05:05:21.525470 [debug] [Thread-1 (]: Applying DROP to: "airflow"."driven_trusted"."technical_data__dbt_backup"
[0m05:05:21.527580 [debug] [Thread-1 (]: Using postgres connection "model.dbt_driven_data.trusted_technical_data"
[0m05:05:21.528564 [debug] [Thread-1 (]: On model.dbt_driven_data.trusted_technical_data: /* {"app": "dbt", "dbt_version": "1.10.3", "profile_name": "default", "target_name": "dev", "node_id": "model.dbt_driven_data.trusted_technical_data"} */
drop table if exists "airflow"."driven_trusted"."technical_data__dbt_backup" cascade
[0m05:05:21.532685 [debug] [Thread-1 (]: SQL status: DROP TABLE in 0.003 seconds
[0m05:05:21.535735 [debug] [Thread-1 (]: On model.dbt_driven_data.trusted_technical_data: Close
[0m05:05:21.537626 [debug] [Thread-1 (]: Sending event: {'category': 'dbt', 'action': 'run_model', 'label': '10f9b0f5-f3d6-41cd-8cc3-23a2e6ffb7e0', 'context': [<snowplow_tracker.self_describing_json.SelfDescribingJson object at 0x7a52b70e7560>]}
[0m05:05:21.539248 [info ] [Thread-1 (]: 4 of 4 OK created sql table model driven_trusted.technical_data ................ [[32mSELECT 600[0m in 0.16s]
[0m05:05:21.542017 [debug] [Thread-1 (]: Finished running node model.dbt_driven_data.trusted_technical_data
[0m05:05:21.546011 [debug] [MainThread]: Using postgres connection "master"
[0m05:05:21.547261 [debug] [MainThread]: On master: BEGIN
[0m05:05:21.548415 [debug] [MainThread]: Opening a new connection, currently in state closed
[0m05:05:21.558780 [debug] [MainThread]: SQL status: BEGIN in 0.010 seconds
[0m05:05:21.560883 [debug] [MainThread]: On master: COMMIT
[0m05:05:21.562367 [debug] [MainThread]: Using postgres connection "master"
[0m05:05:21.563453 [debug] [MainThread]: On master: COMMIT
[0m05:05:21.564906 [debug] [MainThread]: SQL status: COMMIT in 0.000 seconds
[0m05:05:21.566472 [debug] [MainThread]: On master: Close
[0m05:05:21.567819 [debug] [MainThread]: Connection 'master' was properly closed.
[0m05:05:21.569043 [debug] [MainThread]: Connection 'model.dbt_driven_data.trusted_technical_data' was properly closed.
[0m05:05:21.570577 [info ] [MainThread]: 
[0m05:05:21.572030 [info ] [MainThread]: Finished running 4 table models in 0 hours 0 minutes and 1.10 seconds (1.10s).
[0m05:05:21.574749 [debug] [MainThread]: Command end result
[0m05:05:21.650509 [debug] [MainThread]: Wrote artifact WritableManifest to /opt/airflow/dbt/target/manifest.json
[0m05:05:21.661363 [debug] [MainThread]: Wrote artifact SemanticManifest to /opt/airflow/dbt/target/semantic_manifest.json
[0m05:05:21.681916 [debug] [MainThread]: Wrote artifact RunExecutionResult to /opt/airflow/dbt/target/run_results.json
[0m05:05:21.683274 [info ] [MainThread]: 
[0m05:05:21.684546 [info ] [MainThread]: [32mCompleted successfully[0m
[0m05:05:21.685655 [info ] [MainThread]: 
[0m05:05:21.686764 [info ] [MainThread]: Done. PASS=4 WARN=0 ERROR=0 SKIP=0 NO-OP=0 TOTAL=4
[0m05:05:21.689919 [debug] [MainThread]: Resource report: {"command_name": "run", "command_success": true, "command_wall_clock_time": 2.8181303, "process_in_blocks": "200", "process_kernel_time": 0.916009, "process_mem_max_rss": "123584", "process_out_blocks": "0", "process_user_time": 5.194843}
[0m05:05:21.691594 [debug] [MainThread]: Command `dbt run` succeeded at 05:05:21.691313 after 2.82 seconds
[0m05:05:21.692820 [debug] [MainThread]: Sending event: {'category': 'dbt', 'action': 'invocation', 'label': 'end', 'context': [<snowplow_tracker.self_describing_json.SelfDescribingJson object at 0x7a52ba367c80>, <snowplow_tracker.self_describing_json.SelfDescribingJson object at 0x7a52bb1181d0>, <snowplow_tracker.self_describing_json.SelfDescribingJson object at 0x7a52b5623d40>]}
[0m05:05:21.694448 [debug] [MainThread]: Flushing usage events
[0m05:05:22.253949 [debug] [MainThread]: An error was encountered while trying to flush usage events
[0m05:11:30.329610 [debug] [MainThread]: Sending event: {'category': 'dbt', 'action': 'invocation', 'label': 'start', 'context': [<snowplow_tracker.self_describing_json.SelfDescribingJson object at 0x729c8ad5ff80>, <snowplow_tracker.self_describing_json.SelfDescribingJson object at 0x729c8cafa510>, <snowplow_tracker.self_describing_json.SelfDescribingJson object at 0x729c89e76000>]}


============================== 05:11:30.342530 | 8a439903-43d0-41ea-9516-e01c6b5aba49 ==============================
[0m05:11:30.342530 [info ] [MainThread]: Running with dbt=1.10.3
[0m05:11:30.343722 [debug] [MainThread]: running dbt with arguments {'printer_width': '80', 'indirect_selection': 'eager', 'write_json': 'True', 'log_cache_events': 'False', 'partial_parse': 'True', 'cache_selected_only': 'False', 'profiles_dir': '/opt/airflow/dbt', 'fail_fast': 'False', 'warn_error': 'None', 'log_path': '/opt/airflow/dbt/logs', 'version_check': 'True', 'debug': 'False', 'use_colors': 'True', 'use_experimental_parser': 'False', 'no_print': 'None', 'quiet': 'False', 'empty': 'False', 'warn_error_options': 'WarnErrorOptionsV2(error=[], warn=[], silence=[])', 'introspect': 'True', 'log_format': 'default', 'invocation_command': 'dbt run --select tag:staging', 'target_path': 'None', 'static_parser': 'True', 'send_anonymous_usage_stats': 'True'}
[0m05:11:30.894959 [debug] [MainThread]: Sending event: {'category': 'dbt', 'action': 'project_id', 'label': '8a439903-43d0-41ea-9516-e01c6b5aba49', 'context': [<snowplow_tracker.self_describing_json.SelfDescribingJson object at 0x729c8c7f4ad0>]}
[0m05:11:30.991843 [debug] [MainThread]: Sending event: {'category': 'dbt', 'action': 'adapter_info', 'label': '8a439903-43d0-41ea-9516-e01c6b5aba49', 'context': [<snowplow_tracker.self_describing_json.SelfDescribingJson object at 0x729c89b6bb00>]}
[0m05:11:30.995476 [info ] [MainThread]: Registered adapter: postgres=1.9.0
[0m05:11:31.190955 [debug] [MainThread]: checksum: 1bfacb87e6914c9942cfa2c4badfc1df19d859fe8ec086286ef238a7d920f97b, vars: {}, profile: , target: , version: 1.10.3
[0m05:11:31.647624 [debug] [MainThread]: Partial parsing enabled: 0 files deleted, 0 files added, 0 files changed.
[0m05:11:31.648866 [debug] [MainThread]: Partial parsing enabled, no changes found, skipping parsing
[0m05:11:31.711259 [debug] [MainThread]: Sending event: {'category': 'dbt', 'action': 'load_project', 'label': '8a439903-43d0-41ea-9516-e01c6b5aba49', 'context': [<snowplow_tracker.self_describing_json.SelfDescribingJson object at 0x729c89386f30>]}
[0m05:11:31.860857 [debug] [MainThread]: Wrote artifact WritableManifest to /opt/airflow/dbt/target/manifest.json
[0m05:11:31.872411 [debug] [MainThread]: Wrote artifact SemanticManifest to /opt/airflow/dbt/target/semantic_manifest.json
[0m05:11:31.923267 [debug] [MainThread]: Sending event: {'category': 'dbt', 'action': 'resource_counts', 'label': '8a439903-43d0-41ea-9516-e01c6b5aba49', 'context': [<snowplow_tracker.self_describing_json.SelfDescribingJson object at 0x729c887c7a70>]}
[0m05:11:31.924498 [info ] [MainThread]: Found 9 models, 11 sources, 433 macros
[0m05:11:31.925941 [debug] [MainThread]: Sending event: {'category': 'dbt', 'action': 'runnable_timing', 'label': '8a439903-43d0-41ea-9516-e01c6b5aba49', 'context': [<snowplow_tracker.self_describing_json.SelfDescribingJson object at 0x729c893856a0>]}
[0m05:11:31.929804 [info ] [MainThread]: 
[0m05:11:31.931131 [info ] [MainThread]: Concurrency: 1 threads (target='dev')
[0m05:11:31.932269 [info ] [MainThread]: 
[0m05:11:31.933652 [debug] [MainThread]: Acquiring new postgres connection 'master'
[0m05:11:31.940012 [debug] [ThreadPool]: Acquiring new postgres connection 'list_airflow'
[0m05:11:32.032593 [debug] [ThreadPool]: Using postgres connection "list_airflow"
[0m05:11:32.033895 [debug] [ThreadPool]: On list_airflow: /* {"app": "dbt", "dbt_version": "1.10.3", "profile_name": "default", "target_name": "dev", "connection_name": "list_airflow"} */

    select distinct nspname from pg_namespace
  
[0m05:11:32.034696 [debug] [ThreadPool]: Opening a new connection, currently in state init
[0m05:11:32.047732 [debug] [ThreadPool]: SQL status: SELECT 7 in 0.013 seconds
[0m05:11:32.050038 [debug] [ThreadPool]: On list_airflow: Close
[0m05:11:32.053504 [debug] [ThreadPool]: Re-using an available connection from the pool (formerly list_airflow, now list_airflow_driven_trusted)
[0m05:11:32.061887 [debug] [ThreadPool]: Using postgres connection "list_airflow_driven_trusted"
[0m05:11:32.062932 [debug] [ThreadPool]: On list_airflow_driven_trusted: BEGIN
[0m05:11:32.063834 [debug] [ThreadPool]: Opening a new connection, currently in state closed
[0m05:11:32.073423 [debug] [ThreadPool]: SQL status: BEGIN in 0.009 seconds
[0m05:11:32.074713 [debug] [ThreadPool]: Using postgres connection "list_airflow_driven_trusted"
[0m05:11:32.077130 [debug] [ThreadPool]: On list_airflow_driven_trusted: /* {"app": "dbt", "dbt_version": "1.10.3", "profile_name": "default", "target_name": "dev", "connection_name": "list_airflow_driven_trusted"} */
select
      'airflow' as database,
      tablename as name,
      schemaname as schema,
      'table' as type
    from pg_tables
    where schemaname ilike 'driven_trusted'
    union all
    select
      'airflow' as database,
      viewname as name,
      schemaname as schema,
      'view' as type
    from pg_views
    where schemaname ilike 'driven_trusted'
    union all
    select
      'airflow' as database,
      matviewname as name,
      schemaname as schema,
      'materialized_view' as type
    from pg_matviews
    where schemaname ilike 'driven_trusted'
  
[0m05:11:32.091096 [debug] [ThreadPool]: SQL status: SELECT 4 in 0.013 seconds
[0m05:11:32.094844 [debug] [ThreadPool]: On list_airflow_driven_trusted: ROLLBACK
[0m05:11:32.096653 [debug] [ThreadPool]: On list_airflow_driven_trusted: Close
[0m05:11:32.098048 [debug] [ThreadPool]: Re-using an available connection from the pool (formerly list_airflow_driven_trusted, now list_airflow_driven_staging)
[0m05:11:32.102094 [debug] [ThreadPool]: Using postgres connection "list_airflow_driven_staging"
[0m05:11:32.103259 [debug] [ThreadPool]: On list_airflow_driven_staging: BEGIN
[0m05:11:32.104293 [debug] [ThreadPool]: Opening a new connection, currently in state closed
[0m05:11:32.113243 [debug] [ThreadPool]: SQL status: BEGIN in 0.009 seconds
[0m05:11:32.114483 [debug] [ThreadPool]: Using postgres connection "list_airflow_driven_staging"
[0m05:11:32.115569 [debug] [ThreadPool]: On list_airflow_driven_staging: /* {"app": "dbt", "dbt_version": "1.10.3", "profile_name": "default", "target_name": "dev", "connection_name": "list_airflow_driven_staging"} */
select
      'airflow' as database,
      tablename as name,
      schemaname as schema,
      'table' as type
    from pg_tables
    where schemaname ilike 'driven_staging'
    union all
    select
      'airflow' as database,
      viewname as name,
      schemaname as schema,
      'view' as type
    from pg_views
    where schemaname ilike 'driven_staging'
    union all
    select
      'airflow' as database,
      matviewname as name,
      schemaname as schema,
      'materialized_view' as type
    from pg_matviews
    where schemaname ilike 'driven_staging'
  
[0m05:11:32.121057 [debug] [ThreadPool]: SQL status: SELECT 5 in 0.004 seconds
[0m05:11:32.123564 [debug] [ThreadPool]: On list_airflow_driven_staging: ROLLBACK
[0m05:11:32.125788 [debug] [ThreadPool]: On list_airflow_driven_staging: Close
[0m05:11:32.135778 [debug] [MainThread]: Using postgres connection "master"
[0m05:11:32.136936 [debug] [MainThread]: On master: BEGIN
[0m05:11:32.138013 [debug] [MainThread]: Opening a new connection, currently in state init
[0m05:11:32.146278 [debug] [MainThread]: SQL status: BEGIN in 0.008 seconds
[0m05:11:32.147650 [debug] [MainThread]: Using postgres connection "master"
[0m05:11:32.148894 [debug] [MainThread]: On master: /* {"app": "dbt", "dbt_version": "1.10.3", "profile_name": "default", "target_name": "dev", "connection_name": "master"} */
with relation as (
        select
            pg_rewrite.ev_class as class,
            pg_rewrite.oid as id
        from pg_rewrite
    ),
    class as (
        select
            oid as id,
            relname as name,
            relnamespace as schema,
            relkind as kind
        from pg_class
    ),
    dependency as (
        select distinct
            pg_depend.objid as id,
            pg_depend.refobjid as ref
        from pg_depend
    ),
    schema as (
        select
            pg_namespace.oid as id,
            pg_namespace.nspname as name
        from pg_namespace
        where nspname != 'information_schema' and nspname not like 'pg\_%'
    ),
    referenced as (
        select
            relation.id AS id,
            referenced_class.name ,
            referenced_class.schema ,
            referenced_class.kind
        from relation
        join class as referenced_class on relation.class=referenced_class.id
        where referenced_class.kind in ('r', 'v', 'm')
    ),
    relationships as (
        select
            referenced.name as referenced_name,
            referenced.schema as referenced_schema_id,
            dependent_class.name as dependent_name,
            dependent_class.schema as dependent_schema_id,
            referenced.kind as kind
        from referenced
        join dependency on referenced.id=dependency.id
        join class as dependent_class on dependency.ref=dependent_class.id
        where
            (referenced.name != dependent_class.name or
             referenced.schema != dependent_class.schema)
    )

    select
        referenced_schema.name as referenced_schema,
        relationships.referenced_name as referenced_name,
        dependent_schema.name as dependent_schema,
        relationships.dependent_name as dependent_name
    from relationships
    join schema as dependent_schema on relationships.dependent_schema_id=dependent_schema.id
    join schema as referenced_schema on relationships.referenced_schema_id=referenced_schema.id
    group by referenced_schema, referenced_name, dependent_schema, dependent_name
    order by referenced_schema, referenced_name, dependent_schema, dependent_name;
[0m05:11:32.158959 [debug] [MainThread]: SQL status: SELECT 0 in 0.008 seconds
[0m05:11:32.162078 [debug] [MainThread]: Sending event: {'category': 'dbt', 'action': 'runnable_timing', 'label': '8a439903-43d0-41ea-9516-e01c6b5aba49', 'context': [<snowplow_tracker.self_describing_json.SelfDescribingJson object at 0x729c88b36990>]}
[0m05:11:32.163689 [debug] [MainThread]: On master: ROLLBACK
[0m05:11:32.165959 [debug] [MainThread]: Using postgres connection "master"
[0m05:11:32.166995 [debug] [MainThread]: On master: BEGIN
[0m05:11:32.168690 [debug] [MainThread]: SQL status: BEGIN in 0.001 seconds
[0m05:11:32.172579 [debug] [MainThread]: On master: COMMIT
[0m05:11:32.173588 [debug] [MainThread]: Using postgres connection "master"
[0m05:11:32.175279 [debug] [MainThread]: On master: COMMIT
[0m05:11:32.177296 [debug] [MainThread]: SQL status: COMMIT in 0.000 seconds
[0m05:11:32.178429 [debug] [MainThread]: On master: Close
[0m05:11:32.187293 [debug] [Thread-1 (]: Began running node model.dbt_driven_data.staging_dim_address
[0m05:11:32.188998 [info ] [Thread-1 (]: 1 of 5 START sql table model driven_staging.dim_address ........................ [RUN]
[0m05:11:32.190599 [debug] [Thread-1 (]: Re-using an available connection from the pool (formerly list_airflow_driven_staging, now model.dbt_driven_data.staging_dim_address)
[0m05:11:32.192139 [debug] [Thread-1 (]: Began compiling node model.dbt_driven_data.staging_dim_address
[0m05:11:32.203569 [debug] [Thread-1 (]: Writing injected SQL for node "model.dbt_driven_data.staging_dim_address"
[0m05:11:32.220019 [debug] [Thread-1 (]: Began executing node model.dbt_driven_data.staging_dim_address
[0m05:11:32.276776 [debug] [Thread-1 (]: Writing runtime sql for node "model.dbt_driven_data.staging_dim_address"
[0m05:11:32.289022 [debug] [Thread-1 (]: Using postgres connection "model.dbt_driven_data.staging_dim_address"
[0m05:11:32.290519 [debug] [Thread-1 (]: On model.dbt_driven_data.staging_dim_address: BEGIN
[0m05:11:32.291509 [debug] [Thread-1 (]: Opening a new connection, currently in state closed
[0m05:11:32.299984 [debug] [Thread-1 (]: SQL status: BEGIN in 0.008 seconds
[0m05:11:32.301453 [debug] [Thread-1 (]: Using postgres connection "model.dbt_driven_data.staging_dim_address"
[0m05:11:32.302670 [debug] [Thread-1 (]: On model.dbt_driven_data.staging_dim_address: /* {"app": "dbt", "dbt_version": "1.10.3", "profile_name": "default", "target_name": "dev", "node_id": "model.dbt_driven_data.staging_dim_address"} */

  
    

  create  table "airflow"."driven_staging"."dim_address__dbt_tmp"
  
  
    as
  
  (
    
WITH source_data AS (
 SELECT
 unique_id,
 address,
 mac_address,
 ip_address
 FROM
 "airflow"."driven_raw"."raw_batch_data"
)
SELECT
 *
FROM
 source_data
  );
  
[0m05:11:32.336631 [debug] [Thread-1 (]: SQL status: SELECT 500 in 0.033 seconds
[0m05:11:32.376285 [debug] [Thread-1 (]: Using postgres connection "model.dbt_driven_data.staging_dim_address"
[0m05:11:32.380482 [debug] [Thread-1 (]: On model.dbt_driven_data.staging_dim_address: /* {"app": "dbt", "dbt_version": "1.10.3", "profile_name": "default", "target_name": "dev", "node_id": "model.dbt_driven_data.staging_dim_address"} */
alter table "airflow"."driven_staging"."dim_address" rename to "dim_address__dbt_backup"
[0m05:11:32.385928 [debug] [Thread-1 (]: SQL status: ALTER TABLE in 0.003 seconds
[0m05:11:32.399707 [debug] [Thread-1 (]: Using postgres connection "model.dbt_driven_data.staging_dim_address"
[0m05:11:32.403410 [debug] [Thread-1 (]: On model.dbt_driven_data.staging_dim_address: /* {"app": "dbt", "dbt_version": "1.10.3", "profile_name": "default", "target_name": "dev", "node_id": "model.dbt_driven_data.staging_dim_address"} */
alter table "airflow"."driven_staging"."dim_address__dbt_tmp" rename to "dim_address"
[0m05:11:32.407173 [debug] [Thread-1 (]: SQL status: ALTER TABLE in 0.001 seconds
[0m05:11:32.433048 [debug] [Thread-1 (]: On model.dbt_driven_data.staging_dim_address: COMMIT
[0m05:11:32.434363 [debug] [Thread-1 (]: Using postgres connection "model.dbt_driven_data.staging_dim_address"
[0m05:11:32.435246 [debug] [Thread-1 (]: On model.dbt_driven_data.staging_dim_address: COMMIT
[0m05:11:32.441858 [debug] [Thread-1 (]: SQL status: COMMIT in 0.003 seconds
[0m05:11:32.450847 [debug] [Thread-1 (]: Applying DROP to: "airflow"."driven_staging"."dim_address__dbt_backup"
[0m05:11:32.460926 [debug] [Thread-1 (]: Using postgres connection "model.dbt_driven_data.staging_dim_address"
[0m05:11:32.462342 [debug] [Thread-1 (]: On model.dbt_driven_data.staging_dim_address: /* {"app": "dbt", "dbt_version": "1.10.3", "profile_name": "default", "target_name": "dev", "node_id": "model.dbt_driven_data.staging_dim_address"} */
drop table if exists "airflow"."driven_staging"."dim_address__dbt_backup" cascade
[0m05:11:32.484400 [debug] [Thread-1 (]: SQL status: DROP TABLE in 0.021 seconds
[0m05:11:32.490019 [debug] [Thread-1 (]: On model.dbt_driven_data.staging_dim_address: Close
[0m05:11:32.494668 [debug] [Thread-1 (]: Sending event: {'category': 'dbt', 'action': 'run_model', 'label': '8a439903-43d0-41ea-9516-e01c6b5aba49', 'context': [<snowplow_tracker.self_describing_json.SelfDescribingJson object at 0x729c8c7ec770>]}
[0m05:11:32.496497 [info ] [Thread-1 (]: 1 of 5 OK created sql table model driven_staging.dim_address ................... [[32mSELECT 500[0m in 0.30s]
[0m05:11:32.498051 [debug] [Thread-1 (]: Finished running node model.dbt_driven_data.staging_dim_address
[0m05:11:32.499066 [debug] [Thread-1 (]: Began running node model.dbt_driven_data.staging_dim_date
[0m05:11:32.500239 [info ] [Thread-1 (]: 2 of 5 START sql table model driven_staging.dim_date ........................... [RUN]
[0m05:11:32.501694 [debug] [Thread-1 (]: Re-using an available connection from the pool (formerly model.dbt_driven_data.staging_dim_address, now model.dbt_driven_data.staging_dim_date)
[0m05:11:32.504181 [debug] [Thread-1 (]: Began compiling node model.dbt_driven_data.staging_dim_date
[0m05:11:32.510075 [debug] [Thread-1 (]: Writing injected SQL for node "model.dbt_driven_data.staging_dim_date"
[0m05:11:32.524776 [debug] [Thread-1 (]: Began executing node model.dbt_driven_data.staging_dim_date
[0m05:11:32.530102 [debug] [Thread-1 (]: Writing runtime sql for node "model.dbt_driven_data.staging_dim_date"
[0m05:11:32.543622 [debug] [Thread-1 (]: Using postgres connection "model.dbt_driven_data.staging_dim_date"
[0m05:11:32.544441 [debug] [Thread-1 (]: On model.dbt_driven_data.staging_dim_date: BEGIN
[0m05:11:32.545200 [debug] [Thread-1 (]: Opening a new connection, currently in state closed
[0m05:11:32.556563 [debug] [Thread-1 (]: SQL status: BEGIN in 0.011 seconds
[0m05:11:32.557855 [debug] [Thread-1 (]: Using postgres connection "model.dbt_driven_data.staging_dim_date"
[0m05:11:32.558922 [debug] [Thread-1 (]: On model.dbt_driven_data.staging_dim_date: /* {"app": "dbt", "dbt_version": "1.10.3", "profile_name": "default", "target_name": "dev", "node_id": "model.dbt_driven_data.staging_dim_date"} */

  
    

  create  table "airflow"."driven_staging"."dim_date__dbt_tmp"
  
  
    as
  
  (
    
WITH source_data AS (
 SELECT
 unique_id,
 accessed_at
 FROM
 "airflow"."driven_raw"."raw_batch_data"
)
SELECT
 *
FROM
 source_data
  );
  
[0m05:11:32.563453 [debug] [Thread-1 (]: SQL status: SELECT 500 in 0.003 seconds
[0m05:11:32.569922 [debug] [Thread-1 (]: Using postgres connection "model.dbt_driven_data.staging_dim_date"
[0m05:11:32.570943 [debug] [Thread-1 (]: On model.dbt_driven_data.staging_dim_date: /* {"app": "dbt", "dbt_version": "1.10.3", "profile_name": "default", "target_name": "dev", "node_id": "model.dbt_driven_data.staging_dim_date"} */
alter table "airflow"."driven_staging"."dim_date" rename to "dim_date__dbt_backup"
[0m05:11:32.572527 [debug] [Thread-1 (]: SQL status: ALTER TABLE in 0.001 seconds
[0m05:11:32.576645 [debug] [Thread-1 (]: Using postgres connection "model.dbt_driven_data.staging_dim_date"
[0m05:11:32.577765 [debug] [Thread-1 (]: On model.dbt_driven_data.staging_dim_date: /* {"app": "dbt", "dbt_version": "1.10.3", "profile_name": "default", "target_name": "dev", "node_id": "model.dbt_driven_data.staging_dim_date"} */
alter table "airflow"."driven_staging"."dim_date__dbt_tmp" rename to "dim_date"
[0m05:11:32.579361 [debug] [Thread-1 (]: SQL status: ALTER TABLE in 0.001 seconds
[0m05:11:32.581930 [debug] [Thread-1 (]: On model.dbt_driven_data.staging_dim_date: COMMIT
[0m05:11:32.583079 [debug] [Thread-1 (]: Using postgres connection "model.dbt_driven_data.staging_dim_date"
[0m05:11:32.585084 [debug] [Thread-1 (]: On model.dbt_driven_data.staging_dim_date: COMMIT
[0m05:11:32.588357 [debug] [Thread-1 (]: SQL status: COMMIT in 0.002 seconds
[0m05:11:32.591918 [debug] [Thread-1 (]: Applying DROP to: "airflow"."driven_staging"."dim_date__dbt_backup"
[0m05:11:32.594015 [debug] [Thread-1 (]: Using postgres connection "model.dbt_driven_data.staging_dim_date"
[0m05:11:32.594930 [debug] [Thread-1 (]: On model.dbt_driven_data.staging_dim_date: /* {"app": "dbt", "dbt_version": "1.10.3", "profile_name": "default", "target_name": "dev", "node_id": "model.dbt_driven_data.staging_dim_date"} */
drop table if exists "airflow"."driven_staging"."dim_date__dbt_backup" cascade
[0m05:11:32.599509 [debug] [Thread-1 (]: SQL status: DROP TABLE in 0.004 seconds
[0m05:11:32.603259 [debug] [Thread-1 (]: On model.dbt_driven_data.staging_dim_date: Close
[0m05:11:32.605523 [debug] [Thread-1 (]: Sending event: {'category': 'dbt', 'action': 'run_model', 'label': '8a439903-43d0-41ea-9516-e01c6b5aba49', 'context': [<snowplow_tracker.self_describing_json.SelfDescribingJson object at 0x729c85623710>]}
[0m05:11:32.607231 [info ] [Thread-1 (]: 2 of 5 OK created sql table model driven_staging.dim_date ...................... [[32mSELECT 500[0m in 0.10s]
[0m05:11:32.609063 [debug] [Thread-1 (]: Finished running node model.dbt_driven_data.staging_dim_date
[0m05:11:32.610415 [debug] [Thread-1 (]: Began running node model.dbt_driven_data.staging_dim_finance
[0m05:11:32.611757 [info ] [Thread-1 (]: 3 of 5 START sql table model driven_staging.dim_finance ........................ [RUN]
[0m05:11:32.613026 [debug] [Thread-1 (]: Re-using an available connection from the pool (formerly model.dbt_driven_data.staging_dim_date, now model.dbt_driven_data.staging_dim_finance)
[0m05:11:32.614238 [debug] [Thread-1 (]: Began compiling node model.dbt_driven_data.staging_dim_finance
[0m05:11:32.620010 [debug] [Thread-1 (]: Writing injected SQL for node "model.dbt_driven_data.staging_dim_finance"
[0m05:11:32.635163 [debug] [Thread-1 (]: Began executing node model.dbt_driven_data.staging_dim_finance
[0m05:11:32.641320 [debug] [Thread-1 (]: Writing runtime sql for node "model.dbt_driven_data.staging_dim_finance"
[0m05:11:32.656071 [debug] [Thread-1 (]: Using postgres connection "model.dbt_driven_data.staging_dim_finance"
[0m05:11:32.656983 [debug] [Thread-1 (]: On model.dbt_driven_data.staging_dim_finance: BEGIN
[0m05:11:32.657993 [debug] [Thread-1 (]: Opening a new connection, currently in state closed
[0m05:11:32.667518 [debug] [Thread-1 (]: SQL status: BEGIN in 0.009 seconds
[0m05:11:32.669428 [debug] [Thread-1 (]: Using postgres connection "model.dbt_driven_data.staging_dim_finance"
[0m05:11:32.670477 [debug] [Thread-1 (]: On model.dbt_driven_data.staging_dim_finance: /* {"app": "dbt", "dbt_version": "1.10.3", "profile_name": "default", "target_name": "dev", "node_id": "model.dbt_driven_data.staging_dim_finance"} */

  
    

  create  table "airflow"."driven_staging"."dim_finance__dbt_tmp"
  
  
    as
  
  (
    
WITH source_data AS (
 SELECT
 unique_id,
 iban
 FROM
 "airflow"."driven_raw"."raw_batch_data"
)
SELECT
 *
FROM
 source_data
  );
  
[0m05:11:32.675046 [debug] [Thread-1 (]: SQL status: SELECT 500 in 0.004 seconds
[0m05:11:32.680732 [debug] [Thread-1 (]: Using postgres connection "model.dbt_driven_data.staging_dim_finance"
[0m05:11:32.682584 [debug] [Thread-1 (]: On model.dbt_driven_data.staging_dim_finance: /* {"app": "dbt", "dbt_version": "1.10.3", "profile_name": "default", "target_name": "dev", "node_id": "model.dbt_driven_data.staging_dim_finance"} */
alter table "airflow"."driven_staging"."dim_finance" rename to "dim_finance__dbt_backup"
[0m05:11:32.684896 [debug] [Thread-1 (]: SQL status: ALTER TABLE in 0.001 seconds
[0m05:11:32.689630 [debug] [Thread-1 (]: Using postgres connection "model.dbt_driven_data.staging_dim_finance"
[0m05:11:32.690946 [debug] [Thread-1 (]: On model.dbt_driven_data.staging_dim_finance: /* {"app": "dbt", "dbt_version": "1.10.3", "profile_name": "default", "target_name": "dev", "node_id": "model.dbt_driven_data.staging_dim_finance"} */
alter table "airflow"."driven_staging"."dim_finance__dbt_tmp" rename to "dim_finance"
[0m05:11:32.692952 [debug] [Thread-1 (]: SQL status: ALTER TABLE in 0.001 seconds
[0m05:11:32.695984 [debug] [Thread-1 (]: On model.dbt_driven_data.staging_dim_finance: COMMIT
[0m05:11:32.697413 [debug] [Thread-1 (]: Using postgres connection "model.dbt_driven_data.staging_dim_finance"
[0m05:11:32.699162 [debug] [Thread-1 (]: On model.dbt_driven_data.staging_dim_finance: COMMIT
[0m05:11:32.703383 [debug] [Thread-1 (]: SQL status: COMMIT in 0.002 seconds
[0m05:11:32.707355 [debug] [Thread-1 (]: Applying DROP to: "airflow"."driven_staging"."dim_finance__dbt_backup"
[0m05:11:32.709571 [debug] [Thread-1 (]: Using postgres connection "model.dbt_driven_data.staging_dim_finance"
[0m05:11:32.710633 [debug] [Thread-1 (]: On model.dbt_driven_data.staging_dim_finance: /* {"app": "dbt", "dbt_version": "1.10.3", "profile_name": "default", "target_name": "dev", "node_id": "model.dbt_driven_data.staging_dim_finance"} */
drop table if exists "airflow"."driven_staging"."dim_finance__dbt_backup" cascade
[0m05:11:32.715596 [debug] [Thread-1 (]: SQL status: DROP TABLE in 0.004 seconds
[0m05:11:32.718718 [debug] [Thread-1 (]: On model.dbt_driven_data.staging_dim_finance: Close
[0m05:11:32.720774 [debug] [Thread-1 (]: Sending event: {'category': 'dbt', 'action': 'run_model', 'label': '8a439903-43d0-41ea-9516-e01c6b5aba49', 'context': [<snowplow_tracker.self_describing_json.SelfDescribingJson object at 0x729c86fea120>]}
[0m05:11:32.722212 [info ] [Thread-1 (]: 3 of 5 OK created sql table model driven_staging.dim_finance ................... [[32mSELECT 500[0m in 0.11s]
[0m05:11:32.723882 [debug] [Thread-1 (]: Finished running node model.dbt_driven_data.staging_dim_finance
[0m05:11:32.725003 [debug] [Thread-1 (]: Began running node model.dbt_driven_data.staging_dim_person
[0m05:11:32.726232 [info ] [Thread-1 (]: 4 of 5 START sql table model driven_staging.dim_person ......................... [RUN]
[0m05:11:32.727834 [debug] [Thread-1 (]: Re-using an available connection from the pool (formerly model.dbt_driven_data.staging_dim_finance, now model.dbt_driven_data.staging_dim_person)
[0m05:11:32.729405 [debug] [Thread-1 (]: Began compiling node model.dbt_driven_data.staging_dim_person
[0m05:11:32.736158 [debug] [Thread-1 (]: Writing injected SQL for node "model.dbt_driven_data.staging_dim_person"
[0m05:11:32.750089 [debug] [Thread-1 (]: Began executing node model.dbt_driven_data.staging_dim_person
[0m05:11:32.754901 [debug] [Thread-1 (]: Writing runtime sql for node "model.dbt_driven_data.staging_dim_person"
[0m05:11:32.767651 [debug] [Thread-1 (]: Using postgres connection "model.dbt_driven_data.staging_dim_person"
[0m05:11:32.768596 [debug] [Thread-1 (]: On model.dbt_driven_data.staging_dim_person: BEGIN
[0m05:11:32.769792 [debug] [Thread-1 (]: Opening a new connection, currently in state closed
[0m05:11:32.779214 [debug] [Thread-1 (]: SQL status: BEGIN in 0.010 seconds
[0m05:11:32.782921 [debug] [Thread-1 (]: Using postgres connection "model.dbt_driven_data.staging_dim_person"
[0m05:11:32.785623 [debug] [Thread-1 (]: On model.dbt_driven_data.staging_dim_person: /* {"app": "dbt", "dbt_version": "1.10.3", "profile_name": "default", "target_name": "dev", "node_id": "model.dbt_driven_data.staging_dim_person"} */

  
    

  create  table "airflow"."driven_staging"."dim_person__dbt_tmp"
  
  
    as
  
  (
    
WITH source_data AS (
 SELECT
 unique_id,
 person_name,
 user_name,
 email,
 phone,
 birth_date,
 personal_number
 FROM
 "airflow"."driven_raw"."raw_batch_data"
)
SELECT
 *
FROM
 source_data
  );
  
[0m05:11:32.799827 [debug] [Thread-1 (]: SQL status: SELECT 500 in 0.012 seconds
[0m05:11:32.805105 [debug] [Thread-1 (]: Using postgres connection "model.dbt_driven_data.staging_dim_person"
[0m05:11:32.806458 [debug] [Thread-1 (]: On model.dbt_driven_data.staging_dim_person: /* {"app": "dbt", "dbt_version": "1.10.3", "profile_name": "default", "target_name": "dev", "node_id": "model.dbt_driven_data.staging_dim_person"} */
alter table "airflow"."driven_staging"."dim_person" rename to "dim_person__dbt_backup"
[0m05:11:32.808236 [debug] [Thread-1 (]: SQL status: ALTER TABLE in 0.001 seconds
[0m05:11:32.815876 [debug] [Thread-1 (]: Using postgres connection "model.dbt_driven_data.staging_dim_person"
[0m05:11:32.817485 [debug] [Thread-1 (]: On model.dbt_driven_data.staging_dim_person: /* {"app": "dbt", "dbt_version": "1.10.3", "profile_name": "default", "target_name": "dev", "node_id": "model.dbt_driven_data.staging_dim_person"} */
alter table "airflow"."driven_staging"."dim_person__dbt_tmp" rename to "dim_person"
[0m05:11:32.821581 [debug] [Thread-1 (]: SQL status: ALTER TABLE in 0.002 seconds
[0m05:11:32.827381 [debug] [Thread-1 (]: On model.dbt_driven_data.staging_dim_person: COMMIT
[0m05:11:32.829949 [debug] [Thread-1 (]: Using postgres connection "model.dbt_driven_data.staging_dim_person"
[0m05:11:32.831878 [debug] [Thread-1 (]: On model.dbt_driven_data.staging_dim_person: COMMIT
[0m05:11:32.835197 [debug] [Thread-1 (]: SQL status: COMMIT in 0.002 seconds
[0m05:11:32.840097 [debug] [Thread-1 (]: Applying DROP to: "airflow"."driven_staging"."dim_person__dbt_backup"
[0m05:11:32.841996 [debug] [Thread-1 (]: Using postgres connection "model.dbt_driven_data.staging_dim_person"
[0m05:11:32.842998 [debug] [Thread-1 (]: On model.dbt_driven_data.staging_dim_person: /* {"app": "dbt", "dbt_version": "1.10.3", "profile_name": "default", "target_name": "dev", "node_id": "model.dbt_driven_data.staging_dim_person"} */
drop table if exists "airflow"."driven_staging"."dim_person__dbt_backup" cascade
[0m05:11:32.849834 [debug] [Thread-1 (]: SQL status: DROP TABLE in 0.006 seconds
[0m05:11:32.852626 [debug] [Thread-1 (]: On model.dbt_driven_data.staging_dim_person: Close
[0m05:11:32.854227 [debug] [Thread-1 (]: Sending event: {'category': 'dbt', 'action': 'run_model', 'label': '8a439903-43d0-41ea-9516-e01c6b5aba49', 'context': [<snowplow_tracker.self_describing_json.SelfDescribingJson object at 0x729c89c352b0>]}
[0m05:11:32.855508 [info ] [Thread-1 (]: 4 of 5 OK created sql table model driven_staging.dim_person .................... [[32mSELECT 500[0m in 0.13s]
[0m05:11:32.856744 [debug] [Thread-1 (]: Finished running node model.dbt_driven_data.staging_dim_person
[0m05:11:32.857767 [debug] [Thread-1 (]: Began running node model.dbt_driven_data.staging_fact_network_usage
[0m05:11:32.858913 [info ] [Thread-1 (]: 5 of 5 START sql table model driven_staging.fact_network_usage ................. [RUN]
[0m05:11:32.860027 [debug] [Thread-1 (]: Re-using an available connection from the pool (formerly model.dbt_driven_data.staging_dim_person, now model.dbt_driven_data.staging_fact_network_usage)
[0m05:11:32.861103 [debug] [Thread-1 (]: Began compiling node model.dbt_driven_data.staging_fact_network_usage
[0m05:11:32.866668 [debug] [Thread-1 (]: Writing injected SQL for node "model.dbt_driven_data.staging_fact_network_usage"
[0m05:11:32.877691 [debug] [Thread-1 (]: Began executing node model.dbt_driven_data.staging_fact_network_usage
[0m05:11:32.883788 [debug] [Thread-1 (]: Writing runtime sql for node "model.dbt_driven_data.staging_fact_network_usage"
[0m05:11:32.895293 [debug] [Thread-1 (]: Using postgres connection "model.dbt_driven_data.staging_fact_network_usage"
[0m05:11:32.896863 [debug] [Thread-1 (]: On model.dbt_driven_data.staging_fact_network_usage: BEGIN
[0m05:11:32.898068 [debug] [Thread-1 (]: Opening a new connection, currently in state closed
[0m05:11:32.905642 [debug] [Thread-1 (]: SQL status: BEGIN in 0.007 seconds
[0m05:11:32.907043 [debug] [Thread-1 (]: Using postgres connection "model.dbt_driven_data.staging_fact_network_usage"
[0m05:11:32.908503 [debug] [Thread-1 (]: On model.dbt_driven_data.staging_fact_network_usage: /* {"app": "dbt", "dbt_version": "1.10.3", "profile_name": "default", "target_name": "dev", "node_id": "model.dbt_driven_data.staging_fact_network_usage"} */

  
    

  create  table "airflow"."driven_staging"."fact_network_usage__dbt_tmp"
  
  
    as
  
  (
    
WITH source_data AS (
 SELECT
 unique_id,
 session_duration,
 download_speed,
 upload_speed,
 consumed_traffic
 FROM
 "airflow"."driven_raw"."raw_batch_data"
)
SELECT
 *
FROM
 source_data
  );
  
[0m05:11:32.913948 [debug] [Thread-1 (]: SQL status: SELECT 500 in 0.004 seconds
[0m05:11:32.919902 [debug] [Thread-1 (]: Using postgres connection "model.dbt_driven_data.staging_fact_network_usage"
[0m05:11:32.921101 [debug] [Thread-1 (]: On model.dbt_driven_data.staging_fact_network_usage: /* {"app": "dbt", "dbt_version": "1.10.3", "profile_name": "default", "target_name": "dev", "node_id": "model.dbt_driven_data.staging_fact_network_usage"} */
alter table "airflow"."driven_staging"."fact_network_usage" rename to "fact_network_usage__dbt_backup"
[0m05:11:32.922796 [debug] [Thread-1 (]: SQL status: ALTER TABLE in 0.001 seconds
[0m05:11:32.926841 [debug] [Thread-1 (]: Using postgres connection "model.dbt_driven_data.staging_fact_network_usage"
[0m05:11:32.928688 [debug] [Thread-1 (]: On model.dbt_driven_data.staging_fact_network_usage: /* {"app": "dbt", "dbt_version": "1.10.3", "profile_name": "default", "target_name": "dev", "node_id": "model.dbt_driven_data.staging_fact_network_usage"} */
alter table "airflow"."driven_staging"."fact_network_usage__dbt_tmp" rename to "fact_network_usage"
[0m05:11:32.931048 [debug] [Thread-1 (]: SQL status: ALTER TABLE in 0.001 seconds
[0m05:11:32.933671 [debug] [Thread-1 (]: On model.dbt_driven_data.staging_fact_network_usage: COMMIT
[0m05:11:32.934672 [debug] [Thread-1 (]: Using postgres connection "model.dbt_driven_data.staging_fact_network_usage"
[0m05:11:32.935515 [debug] [Thread-1 (]: On model.dbt_driven_data.staging_fact_network_usage: COMMIT
[0m05:11:32.938383 [debug] [Thread-1 (]: SQL status: COMMIT in 0.002 seconds
[0m05:11:32.941674 [debug] [Thread-1 (]: Applying DROP to: "airflow"."driven_staging"."fact_network_usage__dbt_backup"
[0m05:11:32.943306 [debug] [Thread-1 (]: Using postgres connection "model.dbt_driven_data.staging_fact_network_usage"
[0m05:11:32.944618 [debug] [Thread-1 (]: On model.dbt_driven_data.staging_fact_network_usage: /* {"app": "dbt", "dbt_version": "1.10.3", "profile_name": "default", "target_name": "dev", "node_id": "model.dbt_driven_data.staging_fact_network_usage"} */
drop table if exists "airflow"."driven_staging"."fact_network_usage__dbt_backup" cascade
[0m05:11:32.948793 [debug] [Thread-1 (]: SQL status: DROP TABLE in 0.003 seconds
[0m05:11:32.951123 [debug] [Thread-1 (]: On model.dbt_driven_data.staging_fact_network_usage: Close
[0m05:11:32.952629 [debug] [Thread-1 (]: Sending event: {'category': 'dbt', 'action': 'run_model', 'label': '8a439903-43d0-41ea-9516-e01c6b5aba49', 'context': [<snowplow_tracker.self_describing_json.SelfDescribingJson object at 0x729c85680c20>]}
[0m05:11:32.954123 [info ] [Thread-1 (]: 5 of 5 OK created sql table model driven_staging.fact_network_usage ............ [[32mSELECT 500[0m in 0.09s]
[0m05:11:32.955637 [debug] [Thread-1 (]: Finished running node model.dbt_driven_data.staging_fact_network_usage
[0m05:11:32.958633 [debug] [MainThread]: Using postgres connection "master"
[0m05:11:32.959620 [debug] [MainThread]: On master: BEGIN
[0m05:11:32.960704 [debug] [MainThread]: Opening a new connection, currently in state closed
[0m05:11:32.968639 [debug] [MainThread]: SQL status: BEGIN in 0.008 seconds
[0m05:11:32.970001 [debug] [MainThread]: On master: COMMIT
[0m05:11:32.971145 [debug] [MainThread]: Using postgres connection "master"
[0m05:11:32.972200 [debug] [MainThread]: On master: COMMIT
[0m05:11:32.973682 [debug] [MainThread]: SQL status: COMMIT in 0.001 seconds
[0m05:11:32.974761 [debug] [MainThread]: On master: Close
[0m05:11:32.976011 [debug] [MainThread]: Connection 'master' was properly closed.
[0m05:11:32.978108 [debug] [MainThread]: Connection 'model.dbt_driven_data.staging_fact_network_usage' was properly closed.
[0m05:11:32.979846 [info ] [MainThread]: 
[0m05:11:32.981121 [info ] [MainThread]: Finished running 5 table models in 0 hours 0 minutes and 1.05 seconds (1.05s).
[0m05:11:32.983513 [debug] [MainThread]: Command end result
[0m05:11:33.041671 [debug] [MainThread]: Wrote artifact WritableManifest to /opt/airflow/dbt/target/manifest.json
[0m05:11:33.052818 [debug] [MainThread]: Wrote artifact SemanticManifest to /opt/airflow/dbt/target/semantic_manifest.json
[0m05:11:33.067575 [debug] [MainThread]: Wrote artifact RunExecutionResult to /opt/airflow/dbt/target/run_results.json
[0m05:11:33.068486 [info ] [MainThread]: 
[0m05:11:33.069571 [info ] [MainThread]: [32mCompleted successfully[0m
[0m05:11:33.070671 [info ] [MainThread]: 
[0m05:11:33.071637 [info ] [MainThread]: Done. PASS=5 WARN=0 ERROR=0 SKIP=0 NO-OP=0 TOTAL=5
[0m05:11:33.076065 [debug] [MainThread]: Resource report: {"command_name": "run", "command_success": true, "command_wall_clock_time": 2.8406641, "process_in_blocks": "89376", "process_kernel_time": 1.249857, "process_mem_max_rss": "123404", "process_out_blocks": "1504", "process_user_time": 4.633024}
[0m05:11:33.077884 [debug] [MainThread]: Command `dbt run` succeeded at 05:11:33.077628 after 2.84 seconds
[0m05:11:33.079089 [debug] [MainThread]: Sending event: {'category': 'dbt', 'action': 'invocation', 'label': 'end', 'context': [<snowplow_tracker.self_describing_json.SelfDescribingJson object at 0x729c8a8386b0>, <snowplow_tracker.self_describing_json.SelfDescribingJson object at 0x729c8a817890>, <snowplow_tracker.self_describing_json.SelfDescribingJson object at 0x729c893073e0>]}
[0m05:11:33.080165 [debug] [MainThread]: Flushing usage events
[0m05:11:33.813275 [debug] [MainThread]: An error was encountered while trying to flush usage events
[0m05:11:40.391393 [debug] [MainThread]: Sending event: {'category': 'dbt', 'action': 'invocation', 'label': 'start', 'context': [<snowplow_tracker.self_describing_json.SelfDescribingJson object at 0x762b93b75820>, <snowplow_tracker.self_describing_json.SelfDescribingJson object at 0x762b94d8dfd0>, <snowplow_tracker.self_describing_json.SelfDescribingJson object at 0x762b94d079e0>]}


============================== 05:11:40.401722 | 9401fd9e-7fc6-4fba-8d4a-c9c513737df3 ==============================
[0m05:11:40.401722 [info ] [MainThread]: Running with dbt=1.10.3
[0m05:11:40.403650 [debug] [MainThread]: running dbt with arguments {'printer_width': '80', 'indirect_selection': 'eager', 'write_json': 'True', 'log_cache_events': 'False', 'partial_parse': 'True', 'cache_selected_only': 'False', 'profiles_dir': '/opt/airflow/dbt', 'version_check': 'True', 'warn_error': 'None', 'log_path': '/opt/airflow/dbt/logs', 'fail_fast': 'False', 'debug': 'False', 'use_colors': 'True', 'use_experimental_parser': 'False', 'empty': 'False', 'quiet': 'False', 'no_print': 'None', 'log_format': 'default', 'invocation_command': 'dbt run --select tag:trusted', 'static_parser': 'True', 'warn_error_options': 'WarnErrorOptionsV2(error=[], warn=[], silence=[])', 'target_path': 'None', 'introspect': 'True', 'send_anonymous_usage_stats': 'True'}
[0m05:11:40.838324 [debug] [MainThread]: Sending event: {'category': 'dbt', 'action': 'project_id', 'label': '9401fd9e-7fc6-4fba-8d4a-c9c513737df3', 'context': [<snowplow_tracker.self_describing_json.SelfDescribingJson object at 0x762b937c6f90>]}
[0m05:11:40.966826 [debug] [MainThread]: Sending event: {'category': 'dbt', 'action': 'adapter_info', 'label': '9401fd9e-7fc6-4fba-8d4a-c9c513737df3', 'context': [<snowplow_tracker.self_describing_json.SelfDescribingJson object at 0x762b95e1a660>]}
[0m05:11:40.973014 [info ] [MainThread]: Registered adapter: postgres=1.9.0
[0m05:11:41.220718 [debug] [MainThread]: checksum: 1bfacb87e6914c9942cfa2c4badfc1df19d859fe8ec086286ef238a7d920f97b, vars: {}, profile: , target: , version: 1.10.3
[0m05:11:41.577995 [debug] [MainThread]: Partial parsing enabled: 0 files deleted, 0 files added, 0 files changed.
[0m05:11:41.579121 [debug] [MainThread]: Partial parsing enabled, no changes found, skipping parsing
[0m05:11:41.644704 [debug] [MainThread]: Sending event: {'category': 'dbt', 'action': 'load_project', 'label': '9401fd9e-7fc6-4fba-8d4a-c9c513737df3', 'context': [<snowplow_tracker.self_describing_json.SelfDescribingJson object at 0x762b92face00>]}
[0m05:11:41.809665 [debug] [MainThread]: Wrote artifact WritableManifest to /opt/airflow/dbt/target/manifest.json
[0m05:11:41.825443 [debug] [MainThread]: Wrote artifact SemanticManifest to /opt/airflow/dbt/target/semantic_manifest.json
[0m05:11:41.883559 [debug] [MainThread]: Sending event: {'category': 'dbt', 'action': 'resource_counts', 'label': '9401fd9e-7fc6-4fba-8d4a-c9c513737df3', 'context': [<snowplow_tracker.self_describing_json.SelfDescribingJson object at 0x762b92764ad0>]}
[0m05:11:41.885454 [info ] [MainThread]: Found 9 models, 11 sources, 433 macros
[0m05:11:41.887040 [debug] [MainThread]: Sending event: {'category': 'dbt', 'action': 'runnable_timing', 'label': '9401fd9e-7fc6-4fba-8d4a-c9c513737df3', 'context': [<snowplow_tracker.self_describing_json.SelfDescribingJson object at 0x762b92fac7a0>]}
[0m05:11:41.893681 [info ] [MainThread]: 
[0m05:11:41.895359 [info ] [MainThread]: Concurrency: 1 threads (target='dev')
[0m05:11:41.896719 [info ] [MainThread]: 
[0m05:11:41.898398 [debug] [MainThread]: Acquiring new postgres connection 'master'
[0m05:11:41.906874 [debug] [ThreadPool]: Acquiring new postgres connection 'list_airflow'
[0m05:11:42.061170 [debug] [ThreadPool]: Using postgres connection "list_airflow"
[0m05:11:42.064427 [debug] [ThreadPool]: On list_airflow: /* {"app": "dbt", "dbt_version": "1.10.3", "profile_name": "default", "target_name": "dev", "connection_name": "list_airflow"} */

    select distinct nspname from pg_namespace
  
[0m05:11:42.066380 [debug] [ThreadPool]: Opening a new connection, currently in state init
[0m05:11:42.091992 [debug] [ThreadPool]: SQL status: SELECT 7 in 0.026 seconds
[0m05:11:42.094922 [debug] [ThreadPool]: On list_airflow: Close
[0m05:11:42.099529 [debug] [ThreadPool]: Re-using an available connection from the pool (formerly list_airflow, now list_airflow_driven_trusted)
[0m05:11:42.109889 [debug] [ThreadPool]: Using postgres connection "list_airflow_driven_trusted"
[0m05:11:42.111064 [debug] [ThreadPool]: On list_airflow_driven_trusted: BEGIN
[0m05:11:42.111937 [debug] [ThreadPool]: Opening a new connection, currently in state closed
[0m05:11:42.119986 [debug] [ThreadPool]: SQL status: BEGIN in 0.008 seconds
[0m05:11:42.124391 [debug] [ThreadPool]: Using postgres connection "list_airflow_driven_trusted"
[0m05:11:42.126108 [debug] [ThreadPool]: On list_airflow_driven_trusted: /* {"app": "dbt", "dbt_version": "1.10.3", "profile_name": "default", "target_name": "dev", "connection_name": "list_airflow_driven_trusted"} */
select
      'airflow' as database,
      tablename as name,
      schemaname as schema,
      'table' as type
    from pg_tables
    where schemaname ilike 'driven_trusted'
    union all
    select
      'airflow' as database,
      viewname as name,
      schemaname as schema,
      'view' as type
    from pg_views
    where schemaname ilike 'driven_trusted'
    union all
    select
      'airflow' as database,
      matviewname as name,
      schemaname as schema,
      'materialized_view' as type
    from pg_matviews
    where schemaname ilike 'driven_trusted'
  
[0m05:11:42.132925 [debug] [ThreadPool]: SQL status: SELECT 4 in 0.005 seconds
[0m05:11:42.137049 [debug] [ThreadPool]: On list_airflow_driven_trusted: ROLLBACK
[0m05:11:42.140208 [debug] [ThreadPool]: On list_airflow_driven_trusted: Close
[0m05:11:42.142318 [debug] [ThreadPool]: Re-using an available connection from the pool (formerly list_airflow_driven_trusted, now list_airflow_driven_staging)
[0m05:11:42.147578 [debug] [ThreadPool]: Using postgres connection "list_airflow_driven_staging"
[0m05:11:42.149052 [debug] [ThreadPool]: On list_airflow_driven_staging: BEGIN
[0m05:11:42.150371 [debug] [ThreadPool]: Opening a new connection, currently in state closed
[0m05:11:42.160385 [debug] [ThreadPool]: SQL status: BEGIN in 0.010 seconds
[0m05:11:42.162040 [debug] [ThreadPool]: Using postgres connection "list_airflow_driven_staging"
[0m05:11:42.163601 [debug] [ThreadPool]: On list_airflow_driven_staging: /* {"app": "dbt", "dbt_version": "1.10.3", "profile_name": "default", "target_name": "dev", "connection_name": "list_airflow_driven_staging"} */
select
      'airflow' as database,
      tablename as name,
      schemaname as schema,
      'table' as type
    from pg_tables
    where schemaname ilike 'driven_staging'
    union all
    select
      'airflow' as database,
      viewname as name,
      schemaname as schema,
      'view' as type
    from pg_views
    where schemaname ilike 'driven_staging'
    union all
    select
      'airflow' as database,
      matviewname as name,
      schemaname as schema,
      'materialized_view' as type
    from pg_matviews
    where schemaname ilike 'driven_staging'
  
[0m05:11:42.169143 [debug] [ThreadPool]: SQL status: SELECT 5 in 0.004 seconds
[0m05:11:42.174028 [debug] [ThreadPool]: On list_airflow_driven_staging: ROLLBACK
[0m05:11:42.176186 [debug] [ThreadPool]: On list_airflow_driven_staging: Close
[0m05:11:42.188002 [debug] [MainThread]: Using postgres connection "master"
[0m05:11:42.189550 [debug] [MainThread]: On master: BEGIN
[0m05:11:42.190435 [debug] [MainThread]: Opening a new connection, currently in state init
[0m05:11:42.199531 [debug] [MainThread]: SQL status: BEGIN in 0.009 seconds
[0m05:11:42.200843 [debug] [MainThread]: Using postgres connection "master"
[0m05:11:42.205287 [debug] [MainThread]: On master: /* {"app": "dbt", "dbt_version": "1.10.3", "profile_name": "default", "target_name": "dev", "connection_name": "master"} */
with relation as (
        select
            pg_rewrite.ev_class as class,
            pg_rewrite.oid as id
        from pg_rewrite
    ),
    class as (
        select
            oid as id,
            relname as name,
            relnamespace as schema,
            relkind as kind
        from pg_class
    ),
    dependency as (
        select distinct
            pg_depend.objid as id,
            pg_depend.refobjid as ref
        from pg_depend
    ),
    schema as (
        select
            pg_namespace.oid as id,
            pg_namespace.nspname as name
        from pg_namespace
        where nspname != 'information_schema' and nspname not like 'pg\_%'
    ),
    referenced as (
        select
            relation.id AS id,
            referenced_class.name ,
            referenced_class.schema ,
            referenced_class.kind
        from relation
        join class as referenced_class on relation.class=referenced_class.id
        where referenced_class.kind in ('r', 'v', 'm')
    ),
    relationships as (
        select
            referenced.name as referenced_name,
            referenced.schema as referenced_schema_id,
            dependent_class.name as dependent_name,
            dependent_class.schema as dependent_schema_id,
            referenced.kind as kind
        from referenced
        join dependency on referenced.id=dependency.id
        join class as dependent_class on dependency.ref=dependent_class.id
        where
            (referenced.name != dependent_class.name or
             referenced.schema != dependent_class.schema)
    )

    select
        referenced_schema.name as referenced_schema,
        relationships.referenced_name as referenced_name,
        dependent_schema.name as dependent_schema,
        relationships.dependent_name as dependent_name
    from relationships
    join schema as dependent_schema on relationships.dependent_schema_id=dependent_schema.id
    join schema as referenced_schema on relationships.referenced_schema_id=referenced_schema.id
    group by referenced_schema, referenced_name, dependent_schema, dependent_name
    order by referenced_schema, referenced_name, dependent_schema, dependent_name;
[0m05:11:42.214805 [debug] [MainThread]: SQL status: SELECT 0 in 0.008 seconds
[0m05:11:42.217744 [debug] [MainThread]: Sending event: {'category': 'dbt', 'action': 'runnable_timing', 'label': '9401fd9e-7fc6-4fba-8d4a-c9c513737df3', 'context': [<snowplow_tracker.self_describing_json.SelfDescribingJson object at 0x762b92f1d130>]}
[0m05:11:42.219618 [debug] [MainThread]: On master: ROLLBACK
[0m05:11:42.221987 [debug] [MainThread]: Using postgres connection "master"
[0m05:11:42.223113 [debug] [MainThread]: On master: BEGIN
[0m05:11:42.224747 [debug] [MainThread]: SQL status: BEGIN in 0.001 seconds
[0m05:11:42.226707 [debug] [MainThread]: On master: COMMIT
[0m05:11:42.228686 [debug] [MainThread]: Using postgres connection "master"
[0m05:11:42.229724 [debug] [MainThread]: On master: COMMIT
[0m05:11:42.231247 [debug] [MainThread]: SQL status: COMMIT in 0.000 seconds
[0m05:11:42.232875 [debug] [MainThread]: On master: Close
[0m05:11:42.252061 [debug] [Thread-1 (]: Began running node model.dbt_driven_data.trusted_non_pii_data
[0m05:11:42.254169 [info ] [Thread-1 (]: 1 of 4 START sql table model driven_trusted.non_pii_data ....................... [RUN]
[0m05:11:42.256503 [debug] [Thread-1 (]: Re-using an available connection from the pool (formerly list_airflow_driven_staging, now model.dbt_driven_data.trusted_non_pii_data)
[0m05:11:42.257831 [debug] [Thread-1 (]: Began compiling node model.dbt_driven_data.trusted_non_pii_data
[0m05:11:42.276564 [debug] [Thread-1 (]: Writing injected SQL for node "model.dbt_driven_data.trusted_non_pii_data"
[0m05:11:42.291586 [debug] [Thread-1 (]: Began executing node model.dbt_driven_data.trusted_non_pii_data
[0m05:11:42.380257 [debug] [Thread-1 (]: Writing runtime sql for node "model.dbt_driven_data.trusted_non_pii_data"
[0m05:11:42.400416 [debug] [Thread-1 (]: Using postgres connection "model.dbt_driven_data.trusted_non_pii_data"
[0m05:11:42.401884 [debug] [Thread-1 (]: On model.dbt_driven_data.trusted_non_pii_data: BEGIN
[0m05:11:42.403266 [debug] [Thread-1 (]: Opening a new connection, currently in state closed
[0m05:11:42.416065 [debug] [Thread-1 (]: SQL status: BEGIN in 0.013 seconds
[0m05:11:42.418354 [debug] [Thread-1 (]: Using postgres connection "model.dbt_driven_data.trusted_non_pii_data"
[0m05:11:42.419936 [debug] [Thread-1 (]: On model.dbt_driven_data.trusted_non_pii_data: /* {"app": "dbt", "dbt_version": "1.10.3", "profile_name": "default", "target_name": "dev", "node_id": "model.dbt_driven_data.trusted_non_pii_data"} */

  
    

  create  table "airflow"."driven_trusted"."non_pii_data__dbt_tmp"
  
  
    as
  
  (
    
WITH source_data AS (
 SELECT
 '***MASKED***' AS person_name,
 SUBSTRING(dp.user_name, 1, 5) || '*****' user_name,
 SUBSTRING(dp.email, 1, 5) || '*****' AS email,
 '***MASKED***' AS personal_number,
 '***MASKED***' AS birth_date,
 '***MASKED***' AS address,
 '***MASKED***' AS phone,
 SUBSTRING(da.mac_address, 1, 5) || '*****' AS mac_address,
 SUBSTRING(da.ip_address, 1, 5) || '*****' AS ip_address,
 SUBSTRING(df.iban, 1, 5) || '*****' AS iban,
 dd.accessed_at,
 fnu.session_duration,
 fnu.download_speed,
 fnu.upload_speed,
 fnu.consumed_traffic,
 fnu.unique_id
 FROM
 "airflow"."driven_staging"."fact_network_usage" fnu
 INNER JOIN
 "airflow"."driven_staging"."dim_address" da ON
fnu.unique_id = da.unique_id
 INNER JOIN
 "airflow"."driven_staging"."dim_date" dd ON da.unique_id =
dd.unique_id
 INNER JOIN
 "airflow"."driven_staging"."dim_finance" df ON dd.unique_id
= df.unique_id
 INNER JOIN
 "airflow"."driven_staging"."dim_person" dp ON df.unique_id
= dp.unique_id
)
SELECT
 *
FROM
 source_data
  );
  
[0m05:11:42.477489 [debug] [Thread-1 (]: SQL status: SELECT 3500 in 0.056 seconds
[0m05:11:42.502374 [debug] [Thread-1 (]: Using postgres connection "model.dbt_driven_data.trusted_non_pii_data"
[0m05:11:42.504116 [debug] [Thread-1 (]: On model.dbt_driven_data.trusted_non_pii_data: /* {"app": "dbt", "dbt_version": "1.10.3", "profile_name": "default", "target_name": "dev", "node_id": "model.dbt_driven_data.trusted_non_pii_data"} */
alter table "airflow"."driven_trusted"."non_pii_data" rename to "non_pii_data__dbt_backup"
[0m05:11:42.506605 [debug] [Thread-1 (]: SQL status: ALTER TABLE in 0.001 seconds
[0m05:11:42.518033 [debug] [Thread-1 (]: Using postgres connection "model.dbt_driven_data.trusted_non_pii_data"
[0m05:11:42.519550 [debug] [Thread-1 (]: On model.dbt_driven_data.trusted_non_pii_data: /* {"app": "dbt", "dbt_version": "1.10.3", "profile_name": "default", "target_name": "dev", "node_id": "model.dbt_driven_data.trusted_non_pii_data"} */
alter table "airflow"."driven_trusted"."non_pii_data__dbt_tmp" rename to "non_pii_data"
[0m05:11:42.522044 [debug] [Thread-1 (]: SQL status: ALTER TABLE in 0.001 seconds
[0m05:11:42.563362 [debug] [Thread-1 (]: On model.dbt_driven_data.trusted_non_pii_data: COMMIT
[0m05:11:42.566804 [debug] [Thread-1 (]: Using postgres connection "model.dbt_driven_data.trusted_non_pii_data"
[0m05:11:42.569767 [debug] [Thread-1 (]: On model.dbt_driven_data.trusted_non_pii_data: COMMIT
[0m05:11:42.575416 [debug] [Thread-1 (]: SQL status: COMMIT in 0.004 seconds
[0m05:11:42.593971 [debug] [Thread-1 (]: Applying DROP to: "airflow"."driven_trusted"."non_pii_data__dbt_backup"
[0m05:11:42.610012 [debug] [Thread-1 (]: Using postgres connection "model.dbt_driven_data.trusted_non_pii_data"
[0m05:11:42.611986 [debug] [Thread-1 (]: On model.dbt_driven_data.trusted_non_pii_data: /* {"app": "dbt", "dbt_version": "1.10.3", "profile_name": "default", "target_name": "dev", "node_id": "model.dbt_driven_data.trusted_non_pii_data"} */
drop table if exists "airflow"."driven_trusted"."non_pii_data__dbt_backup" cascade
[0m05:11:42.622318 [debug] [Thread-1 (]: SQL status: DROP TABLE in 0.008 seconds
[0m05:11:42.626239 [debug] [Thread-1 (]: On model.dbt_driven_data.trusted_non_pii_data: Close
[0m05:11:42.631770 [debug] [Thread-1 (]: Sending event: {'category': 'dbt', 'action': 'run_model', 'label': '9401fd9e-7fc6-4fba-8d4a-c9c513737df3', 'context': [<snowplow_tracker.self_describing_json.SelfDescribingJson object at 0x762b962b4860>]}
[0m05:11:42.633624 [info ] [Thread-1 (]: 1 of 4 OK created sql table model driven_trusted.non_pii_data .................. [[32mSELECT 3500[0m in 0.37s]
[0m05:11:42.635852 [debug] [Thread-1 (]: Finished running node model.dbt_driven_data.trusted_non_pii_data
[0m05:11:42.636943 [debug] [Thread-1 (]: Began running node model.dbt_driven_data.trusted_payment_data
[0m05:11:42.638355 [info ] [Thread-1 (]: 2 of 4 START sql table model driven_trusted.payment_data ....................... [RUN]
[0m05:11:42.639740 [debug] [Thread-1 (]: Re-using an available connection from the pool (formerly model.dbt_driven_data.trusted_non_pii_data, now model.dbt_driven_data.trusted_payment_data)
[0m05:11:42.640617 [debug] [Thread-1 (]: Began compiling node model.dbt_driven_data.trusted_payment_data
[0m05:11:42.646717 [debug] [Thread-1 (]: Writing injected SQL for node "model.dbt_driven_data.trusted_payment_data"
[0m05:11:42.660730 [debug] [Thread-1 (]: Began executing node model.dbt_driven_data.trusted_payment_data
[0m05:11:42.666751 [debug] [Thread-1 (]: Writing runtime sql for node "model.dbt_driven_data.trusted_payment_data"
[0m05:11:42.680762 [debug] [Thread-1 (]: Using postgres connection "model.dbt_driven_data.trusted_payment_data"
[0m05:11:42.682028 [debug] [Thread-1 (]: On model.dbt_driven_data.trusted_payment_data: BEGIN
[0m05:11:42.683473 [debug] [Thread-1 (]: Opening a new connection, currently in state closed
[0m05:11:42.691593 [debug] [Thread-1 (]: SQL status: BEGIN in 0.008 seconds
[0m05:11:42.692907 [debug] [Thread-1 (]: Using postgres connection "model.dbt_driven_data.trusted_payment_data"
[0m05:11:42.696071 [debug] [Thread-1 (]: On model.dbt_driven_data.trusted_payment_data: /* {"app": "dbt", "dbt_version": "1.10.3", "profile_name": "default", "target_name": "dev", "node_id": "model.dbt_driven_data.trusted_payment_data"} */

  
    

  create  table "airflow"."driven_trusted"."payment_data__dbt_tmp"
  
  
    as
  
  (
    
WITH source_data AS (
 SELECT
 fnu.unique_id,
 df.iban,
 fnu.download_speed,
 fnu.upload_speed,
 fnu.session_duration,
 fnu.consumed_traffic,
 ((fnu.download_speed + fnu.upload_speed + 1)/2) +
(fnu.consumed_traffic / (fnu.session_duration + 1)) AS payment_amount
 FROM
 "airflow"."driven_staging"."fact_network_usage" fnu
 JOIN
 "airflow"."driven_staging"."dim_finance" df
 ON
 fnu.unique_id = df.unique_id
)
SELECT
 *
FROM
 source_data
  );
  
[0m05:11:42.703065 [debug] [Thread-1 (]: SQL status: SELECT 700 in 0.006 seconds
[0m05:11:42.708440 [debug] [Thread-1 (]: Using postgres connection "model.dbt_driven_data.trusted_payment_data"
[0m05:11:42.710313 [debug] [Thread-1 (]: On model.dbt_driven_data.trusted_payment_data: /* {"app": "dbt", "dbt_version": "1.10.3", "profile_name": "default", "target_name": "dev", "node_id": "model.dbt_driven_data.trusted_payment_data"} */
alter table "airflow"."driven_trusted"."payment_data" rename to "payment_data__dbt_backup"
[0m05:11:42.713561 [debug] [Thread-1 (]: SQL status: ALTER TABLE in 0.001 seconds
[0m05:11:42.721163 [debug] [Thread-1 (]: Using postgres connection "model.dbt_driven_data.trusted_payment_data"
[0m05:11:42.722812 [debug] [Thread-1 (]: On model.dbt_driven_data.trusted_payment_data: /* {"app": "dbt", "dbt_version": "1.10.3", "profile_name": "default", "target_name": "dev", "node_id": "model.dbt_driven_data.trusted_payment_data"} */
alter table "airflow"."driven_trusted"."payment_data__dbt_tmp" rename to "payment_data"
[0m05:11:42.725091 [debug] [Thread-1 (]: SQL status: ALTER TABLE in 0.001 seconds
[0m05:11:42.730825 [debug] [Thread-1 (]: On model.dbt_driven_data.trusted_payment_data: COMMIT
[0m05:11:42.732433 [debug] [Thread-1 (]: Using postgres connection "model.dbt_driven_data.trusted_payment_data"
[0m05:11:42.736869 [debug] [Thread-1 (]: On model.dbt_driven_data.trusted_payment_data: COMMIT
[0m05:11:42.742950 [debug] [Thread-1 (]: SQL status: COMMIT in 0.004 seconds
[0m05:11:42.751492 [debug] [Thread-1 (]: Applying DROP to: "airflow"."driven_trusted"."payment_data__dbt_backup"
[0m05:11:42.753912 [debug] [Thread-1 (]: Using postgres connection "model.dbt_driven_data.trusted_payment_data"
[0m05:11:42.755980 [debug] [Thread-1 (]: On model.dbt_driven_data.trusted_payment_data: /* {"app": "dbt", "dbt_version": "1.10.3", "profile_name": "default", "target_name": "dev", "node_id": "model.dbt_driven_data.trusted_payment_data"} */
drop table if exists "airflow"."driven_trusted"."payment_data__dbt_backup" cascade
[0m05:11:42.764011 [debug] [Thread-1 (]: SQL status: DROP TABLE in 0.004 seconds
[0m05:11:42.767365 [debug] [Thread-1 (]: On model.dbt_driven_data.trusted_payment_data: Close
[0m05:11:42.769381 [debug] [Thread-1 (]: Sending event: {'category': 'dbt', 'action': 'run_model', 'label': '9401fd9e-7fc6-4fba-8d4a-c9c513737df3', 'context': [<snowplow_tracker.self_describing_json.SelfDescribingJson object at 0x762b90be7230>]}
[0m05:11:42.771548 [info ] [Thread-1 (]: 2 of 4 OK created sql table model driven_trusted.payment_data .................. [[32mSELECT 700[0m in 0.13s]
[0m05:11:42.774012 [debug] [Thread-1 (]: Finished running node model.dbt_driven_data.trusted_payment_data
[0m05:11:42.779435 [debug] [Thread-1 (]: Began running node model.dbt_driven_data.trusted_pii_data
[0m05:11:42.781723 [info ] [Thread-1 (]: 3 of 4 START sql table model driven_trusted.pii_data ........................... [RUN]
[0m05:11:42.783373 [debug] [Thread-1 (]: Re-using an available connection from the pool (formerly model.dbt_driven_data.trusted_payment_data, now model.dbt_driven_data.trusted_pii_data)
[0m05:11:42.784569 [debug] [Thread-1 (]: Began compiling node model.dbt_driven_data.trusted_pii_data
[0m05:11:42.790299 [debug] [Thread-1 (]: Writing injected SQL for node "model.dbt_driven_data.trusted_pii_data"
[0m05:11:42.803855 [debug] [Thread-1 (]: Began executing node model.dbt_driven_data.trusted_pii_data
[0m05:11:42.809798 [debug] [Thread-1 (]: Writing runtime sql for node "model.dbt_driven_data.trusted_pii_data"
[0m05:11:42.821027 [debug] [Thread-1 (]: Using postgres connection "model.dbt_driven_data.trusted_pii_data"
[0m05:11:42.823026 [debug] [Thread-1 (]: On model.dbt_driven_data.trusted_pii_data: BEGIN
[0m05:11:42.824952 [debug] [Thread-1 (]: Opening a new connection, currently in state closed
[0m05:11:42.834534 [debug] [Thread-1 (]: SQL status: BEGIN in 0.010 seconds
[0m05:11:42.837703 [debug] [Thread-1 (]: Using postgres connection "model.dbt_driven_data.trusted_pii_data"
[0m05:11:42.839229 [debug] [Thread-1 (]: On model.dbt_driven_data.trusted_pii_data: /* {"app": "dbt", "dbt_version": "1.10.3", "profile_name": "default", "target_name": "dev", "node_id": "model.dbt_driven_data.trusted_pii_data"} */

  
    

  create  table "airflow"."driven_trusted"."pii_data__dbt_tmp"
  
  
    as
  
  (
    
WITH source_data AS (
 SELECT
 dp.person_name,
 dp.user_name,
 dp.email,
 dp.personal_number,
 dp.birth_date,
 da.address,
 dp.phone,
 da.mac_address,
 da.ip_address,
 df.iban,
 dd.accessed_at,
 fnu.session_duration,
 fnu.download_speed,
 fnu.upload_speed,
 fnu.consumed_traffic,
 fnu.unique_id
 FROM
 "airflow"."driven_staging"."fact_network_usage" fnu
 INNER JOIN
 "airflow"."driven_staging"."dim_address" da ON
fnu.unique_id = da.unique_id
 INNER JOIN
 "airflow"."driven_staging"."dim_date" dd ON da.unique_id =
dd.unique_id
 INNER JOIN
 "airflow"."driven_staging"."dim_finance" df ON dd.unique_id
= df.unique_id
 INNER JOIN
 "airflow"."driven_staging"."dim_person" dp ON df.unique_id
= dp.unique_id
)
SELECT
 *
FROM
 source_data
  );
  
[0m05:11:42.878907 [debug] [Thread-1 (]: SQL status: SELECT 3500 in 0.038 seconds
[0m05:11:42.884724 [debug] [Thread-1 (]: Using postgres connection "model.dbt_driven_data.trusted_pii_data"
[0m05:11:42.886148 [debug] [Thread-1 (]: On model.dbt_driven_data.trusted_pii_data: /* {"app": "dbt", "dbt_version": "1.10.3", "profile_name": "default", "target_name": "dev", "node_id": "model.dbt_driven_data.trusted_pii_data"} */
alter table "airflow"."driven_trusted"."pii_data" rename to "pii_data__dbt_backup"
[0m05:11:42.888176 [debug] [Thread-1 (]: SQL status: ALTER TABLE in 0.001 seconds
[0m05:11:42.894232 [debug] [Thread-1 (]: Using postgres connection "model.dbt_driven_data.trusted_pii_data"
[0m05:11:42.895635 [debug] [Thread-1 (]: On model.dbt_driven_data.trusted_pii_data: /* {"app": "dbt", "dbt_version": "1.10.3", "profile_name": "default", "target_name": "dev", "node_id": "model.dbt_driven_data.trusted_pii_data"} */
alter table "airflow"."driven_trusted"."pii_data__dbt_tmp" rename to "pii_data"
[0m05:11:42.897591 [debug] [Thread-1 (]: SQL status: ALTER TABLE in 0.001 seconds
[0m05:11:42.900659 [debug] [Thread-1 (]: On model.dbt_driven_data.trusted_pii_data: COMMIT
[0m05:11:42.902017 [debug] [Thread-1 (]: Using postgres connection "model.dbt_driven_data.trusted_pii_data"
[0m05:11:42.903242 [debug] [Thread-1 (]: On model.dbt_driven_data.trusted_pii_data: COMMIT
[0m05:11:42.911146 [debug] [Thread-1 (]: SQL status: COMMIT in 0.007 seconds
[0m05:11:42.916109 [debug] [Thread-1 (]: Applying DROP to: "airflow"."driven_trusted"."pii_data__dbt_backup"
[0m05:11:42.918169 [debug] [Thread-1 (]: Using postgres connection "model.dbt_driven_data.trusted_pii_data"
[0m05:11:42.919461 [debug] [Thread-1 (]: On model.dbt_driven_data.trusted_pii_data: /* {"app": "dbt", "dbt_version": "1.10.3", "profile_name": "default", "target_name": "dev", "node_id": "model.dbt_driven_data.trusted_pii_data"} */
drop table if exists "airflow"."driven_trusted"."pii_data__dbt_backup" cascade
[0m05:11:42.926754 [debug] [Thread-1 (]: SQL status: DROP TABLE in 0.006 seconds
[0m05:11:42.929594 [debug] [Thread-1 (]: On model.dbt_driven_data.trusted_pii_data: Close
[0m05:11:42.931318 [debug] [Thread-1 (]: Sending event: {'category': 'dbt', 'action': 'run_model', 'label': '9401fd9e-7fc6-4fba-8d4a-c9c513737df3', 'context': [<snowplow_tracker.self_describing_json.SelfDescribingJson object at 0x762b90be7230>]}
[0m05:11:42.932840 [info ] [Thread-1 (]: 3 of 4 OK created sql table model driven_trusted.pii_data ...................... [[32mSELECT 3500[0m in 0.15s]
[0m05:11:42.934403 [debug] [Thread-1 (]: Finished running node model.dbt_driven_data.trusted_pii_data
[0m05:11:42.935652 [debug] [Thread-1 (]: Began running node model.dbt_driven_data.trusted_technical_data
[0m05:11:42.937126 [info ] [Thread-1 (]: 4 of 4 START sql table model driven_trusted.technical_data ..................... [RUN]
[0m05:11:42.939779 [debug] [Thread-1 (]: Re-using an available connection from the pool (formerly model.dbt_driven_data.trusted_pii_data, now model.dbt_driven_data.trusted_technical_data)
[0m05:11:42.940950 [debug] [Thread-1 (]: Began compiling node model.dbt_driven_data.trusted_technical_data
[0m05:11:42.946885 [debug] [Thread-1 (]: Writing injected SQL for node "model.dbt_driven_data.trusted_technical_data"
[0m05:11:42.965595 [debug] [Thread-1 (]: Began executing node model.dbt_driven_data.trusted_technical_data
[0m05:11:42.971759 [debug] [Thread-1 (]: Writing runtime sql for node "model.dbt_driven_data.trusted_technical_data"
[0m05:11:42.986959 [debug] [Thread-1 (]: Using postgres connection "model.dbt_driven_data.trusted_technical_data"
[0m05:11:42.988880 [debug] [Thread-1 (]: On model.dbt_driven_data.trusted_technical_data: BEGIN
[0m05:11:42.990334 [debug] [Thread-1 (]: Opening a new connection, currently in state closed
[0m05:11:43.000114 [debug] [Thread-1 (]: SQL status: BEGIN in 0.010 seconds
[0m05:11:43.001966 [debug] [Thread-1 (]: Using postgres connection "model.dbt_driven_data.trusted_technical_data"
[0m05:11:43.004055 [debug] [Thread-1 (]: On model.dbt_driven_data.trusted_technical_data: /* {"app": "dbt", "dbt_version": "1.10.3", "profile_name": "default", "target_name": "dev", "node_id": "model.dbt_driven_data.trusted_technical_data"} */

  
    

  create  table "airflow"."driven_trusted"."technical_data__dbt_tmp"
  
  
    as
  
  (
    
WITH source_data AS (
 SELECT
 fnu.unique_id,
 da.address,
 da.mac_address,
 da.ip_address,
 fnu.download_speed,
 fnu.upload_speed,
 ROUND((fnu.session_duration/60), 1) as min_session_duration,
 CASE
 WHEN fnu.download_speed < 50 OR fnu.upload_speed < 30 OR
fnu.session_duration/60 < 1 THEN true
 ELSE false
 END AS technical_issue
 FROM
 "airflow"."driven_staging"."fact_network_usage" fnu
 JOIN
 "airflow"."driven_staging"."dim_address" da
 ON
 fnu.unique_id = da.unique_id
)
SELECT
 *
FROM
 source_data
  );
  
[0m05:11:43.018758 [debug] [Thread-1 (]: SQL status: SELECT 700 in 0.013 seconds
[0m05:11:43.025093 [debug] [Thread-1 (]: Using postgres connection "model.dbt_driven_data.trusted_technical_data"
[0m05:11:43.026301 [debug] [Thread-1 (]: On model.dbt_driven_data.trusted_technical_data: /* {"app": "dbt", "dbt_version": "1.10.3", "profile_name": "default", "target_name": "dev", "node_id": "model.dbt_driven_data.trusted_technical_data"} */
alter table "airflow"."driven_trusted"."technical_data" rename to "technical_data__dbt_backup"
[0m05:11:43.028030 [debug] [Thread-1 (]: SQL status: ALTER TABLE in 0.001 seconds
[0m05:11:43.032282 [debug] [Thread-1 (]: Using postgres connection "model.dbt_driven_data.trusted_technical_data"
[0m05:11:43.033207 [debug] [Thread-1 (]: On model.dbt_driven_data.trusted_technical_data: /* {"app": "dbt", "dbt_version": "1.10.3", "profile_name": "default", "target_name": "dev", "node_id": "model.dbt_driven_data.trusted_technical_data"} */
alter table "airflow"."driven_trusted"."technical_data__dbt_tmp" rename to "technical_data"
[0m05:11:43.034883 [debug] [Thread-1 (]: SQL status: ALTER TABLE in 0.001 seconds
[0m05:11:43.040622 [debug] [Thread-1 (]: On model.dbt_driven_data.trusted_technical_data: COMMIT
[0m05:11:43.042043 [debug] [Thread-1 (]: Using postgres connection "model.dbt_driven_data.trusted_technical_data"
[0m05:11:43.045671 [debug] [Thread-1 (]: On model.dbt_driven_data.trusted_technical_data: COMMIT
[0m05:11:43.051079 [debug] [Thread-1 (]: SQL status: COMMIT in 0.002 seconds
[0m05:11:43.058212 [debug] [Thread-1 (]: Applying DROP to: "airflow"."driven_trusted"."technical_data__dbt_backup"
[0m05:11:43.060087 [debug] [Thread-1 (]: Using postgres connection "model.dbt_driven_data.trusted_technical_data"
[0m05:11:43.061443 [debug] [Thread-1 (]: On model.dbt_driven_data.trusted_technical_data: /* {"app": "dbt", "dbt_version": "1.10.3", "profile_name": "default", "target_name": "dev", "node_id": "model.dbt_driven_data.trusted_technical_data"} */
drop table if exists "airflow"."driven_trusted"."technical_data__dbt_backup" cascade
[0m05:11:43.065688 [debug] [Thread-1 (]: SQL status: DROP TABLE in 0.003 seconds
[0m05:11:43.068884 [debug] [Thread-1 (]: On model.dbt_driven_data.trusted_technical_data: Close
[0m05:11:43.072621 [debug] [Thread-1 (]: Sending event: {'category': 'dbt', 'action': 'run_model', 'label': '9401fd9e-7fc6-4fba-8d4a-c9c513737df3', 'context': [<snowplow_tracker.self_describing_json.SelfDescribingJson object at 0x762b917d1250>]}
[0m05:11:43.078197 [info ] [Thread-1 (]: 4 of 4 OK created sql table model driven_trusted.technical_data ................ [[32mSELECT 700[0m in 0.13s]
[0m05:11:43.080074 [debug] [Thread-1 (]: Finished running node model.dbt_driven_data.trusted_technical_data
[0m05:11:43.083628 [debug] [MainThread]: Using postgres connection "master"
[0m05:11:43.085194 [debug] [MainThread]: On master: BEGIN
[0m05:11:43.086954 [debug] [MainThread]: Opening a new connection, currently in state closed
[0m05:11:43.095791 [debug] [MainThread]: SQL status: BEGIN in 0.009 seconds
[0m05:11:43.097521 [debug] [MainThread]: On master: COMMIT
[0m05:11:43.100386 [debug] [MainThread]: Using postgres connection "master"
[0m05:11:43.104530 [debug] [MainThread]: On master: COMMIT
[0m05:11:43.106892 [debug] [MainThread]: SQL status: COMMIT in 0.000 seconds
[0m05:11:43.108070 [debug] [MainThread]: On master: Close
[0m05:11:43.110087 [debug] [MainThread]: Connection 'master' was properly closed.
[0m05:11:43.117865 [debug] [MainThread]: Connection 'model.dbt_driven_data.trusted_technical_data' was properly closed.
[0m05:11:43.119707 [info ] [MainThread]: 
[0m05:11:43.121089 [info ] [MainThread]: Finished running 4 table models in 0 hours 0 minutes and 1.22 seconds (1.22s).
[0m05:11:43.123331 [debug] [MainThread]: Command end result
[0m05:11:43.196045 [debug] [MainThread]: Wrote artifact WritableManifest to /opt/airflow/dbt/target/manifest.json
[0m05:11:43.206767 [debug] [MainThread]: Wrote artifact SemanticManifest to /opt/airflow/dbt/target/semantic_manifest.json
[0m05:11:43.223184 [debug] [MainThread]: Wrote artifact RunExecutionResult to /opt/airflow/dbt/target/run_results.json
[0m05:11:43.224509 [info ] [MainThread]: 
[0m05:11:43.226023 [info ] [MainThread]: [32mCompleted successfully[0m
[0m05:11:43.227403 [info ] [MainThread]: 
[0m05:11:43.228915 [info ] [MainThread]: Done. PASS=4 WARN=0 ERROR=0 SKIP=0 NO-OP=0 TOTAL=4
[0m05:11:43.235601 [debug] [MainThread]: Resource report: {"command_name": "run", "command_success": true, "command_wall_clock_time": 2.9445379, "process_in_blocks": "23904", "process_kernel_time": 0.966342, "process_mem_max_rss": "122888", "process_out_blocks": "0", "process_user_time": 4.731744}
[0m05:11:43.240454 [debug] [MainThread]: Command `dbt run` succeeded at 05:11:43.240177 after 2.95 seconds
[0m05:11:43.241741 [debug] [MainThread]: Sending event: {'category': 'dbt', 'action': 'invocation', 'label': 'end', 'context': [<snowplow_tracker.self_describing_json.SelfDescribingJson object at 0x762b93b59cd0>, <snowplow_tracker.self_describing_json.SelfDescribingJson object at 0x762b9392d250>, <snowplow_tracker.self_describing_json.SelfDescribingJson object at 0x762b9023fe90>]}
[0m05:11:43.243031 [debug] [MainThread]: Flushing usage events
[0m05:11:43.804175 [debug] [MainThread]: An error was encountered while trying to flush usage events
[0m04:20:04.043050 [debug] [MainThread]: Sending event: {'category': 'dbt', 'action': 'invocation', 'label': 'start', 'context': [<snowplow_tracker.self_describing_json.SelfDescribingJson object at 0x704db82ecd40>, <snowplow_tracker.self_describing_json.SelfDescribingJson object at 0x704db8221a60>, <snowplow_tracker.self_describing_json.SelfDescribingJson object at 0x704db5769eb0>]}


============================== 04:20:04.053808 | aed646c9-3131-44cd-ad45-429218d0fa7a ==============================
[0m04:20:04.053808 [info ] [MainThread]: Running with dbt=1.10.3
[0m04:20:04.055246 [debug] [MainThread]: running dbt with arguments {'printer_width': '80', 'indirect_selection': 'eager', 'write_json': 'True', 'log_cache_events': 'False', 'partial_parse': 'True', 'cache_selected_only': 'False', 'profiles_dir': '/opt/airflow/dbt', 'version_check': 'True', 'debug': 'False', 'log_path': '/opt/airflow/dbt/logs', 'warn_error': 'None', 'fail_fast': 'False', 'use_colors': 'True', 'use_experimental_parser': 'False', 'empty': 'False', 'quiet': 'False', 'no_print': 'None', 'warn_error_options': 'WarnErrorOptionsV2(error=[], warn=[], silence=[])', 'introspect': 'True', 'invocation_command': 'dbt run --select tag:staging', 'log_format': 'default', 'target_path': 'None', 'static_parser': 'True', 'send_anonymous_usage_stats': 'True'}
[0m04:20:04.438484 [debug] [MainThread]: Sending event: {'category': 'dbt', 'action': 'project_id', 'label': 'aed646c9-3131-44cd-ad45-429218d0fa7a', 'context': [<snowplow_tracker.self_describing_json.SelfDescribingJson object at 0x704db67b9250>]}
[0m04:20:04.512559 [debug] [MainThread]: Sending event: {'category': 'dbt', 'action': 'adapter_info', 'label': 'aed646c9-3131-44cd-ad45-429218d0fa7a', 'context': [<snowplow_tracker.self_describing_json.SelfDescribingJson object at 0x704db6042600>]}
[0m04:20:04.515420 [info ] [MainThread]: Registered adapter: postgres=1.9.0
[0m04:20:04.669871 [debug] [MainThread]: checksum: 1bfacb87e6914c9942cfa2c4badfc1df19d859fe8ec086286ef238a7d920f97b, vars: {}, profile: , target: , version: 1.10.3
[0m04:20:05.001505 [debug] [MainThread]: Partial parsing enabled: 0 files deleted, 0 files added, 0 files changed.
[0m04:20:05.002790 [debug] [MainThread]: Partial parsing enabled, no changes found, skipping parsing
[0m04:20:05.050138 [debug] [MainThread]: Sending event: {'category': 'dbt', 'action': 'load_project', 'label': 'aed646c9-3131-44cd-ad45-429218d0fa7a', 'context': [<snowplow_tracker.self_describing_json.SelfDescribingJson object at 0x704db6213e00>]}
[0m04:20:05.164627 [debug] [MainThread]: Wrote artifact WritableManifest to /opt/airflow/dbt/target/manifest.json
[0m04:20:05.173788 [debug] [MainThread]: Wrote artifact SemanticManifest to /opt/airflow/dbt/target/semantic_manifest.json
[0m04:20:05.216910 [debug] [MainThread]: Sending event: {'category': 'dbt', 'action': 'resource_counts', 'label': 'aed646c9-3131-44cd-ad45-429218d0fa7a', 'context': [<snowplow_tracker.self_describing_json.SelfDescribingJson object at 0x704db39e5130>]}
[0m04:20:05.217946 [info ] [MainThread]: Found 9 models, 11 sources, 433 macros
[0m04:20:05.218804 [debug] [MainThread]: Sending event: {'category': 'dbt', 'action': 'runnable_timing', 'label': 'aed646c9-3131-44cd-ad45-429218d0fa7a', 'context': [<snowplow_tracker.self_describing_json.SelfDescribingJson object at 0x704db45b9730>]}
[0m04:20:05.221518 [info ] [MainThread]: 
[0m04:20:05.222800 [info ] [MainThread]: Concurrency: 1 threads (target='dev')
[0m04:20:05.223492 [info ] [MainThread]: 
[0m04:20:05.224471 [debug] [MainThread]: Acquiring new postgres connection 'master'
[0m04:20:05.230653 [debug] [ThreadPool]: Acquiring new postgres connection 'list_airflow'
[0m04:20:05.286124 [debug] [ThreadPool]: Using postgres connection "list_airflow"
[0m04:20:05.287057 [debug] [ThreadPool]: On list_airflow: /* {"app": "dbt", "dbt_version": "1.10.3", "profile_name": "default", "target_name": "dev", "connection_name": "list_airflow"} */

    select distinct nspname from pg_namespace
  
[0m04:20:05.287991 [debug] [ThreadPool]: Opening a new connection, currently in state init
[0m04:20:05.297110 [debug] [ThreadPool]: SQL status: SELECT 7 in 0.009 seconds
[0m04:20:05.299216 [debug] [ThreadPool]: On list_airflow: Close
[0m04:20:05.302764 [debug] [ThreadPool]: Re-using an available connection from the pool (formerly list_airflow, now list_airflow_driven_trusted)
[0m04:20:05.311227 [debug] [ThreadPool]: Using postgres connection "list_airflow_driven_trusted"
[0m04:20:05.312271 [debug] [ThreadPool]: On list_airflow_driven_trusted: BEGIN
[0m04:20:05.313103 [debug] [ThreadPool]: Opening a new connection, currently in state closed
[0m04:20:05.321756 [debug] [ThreadPool]: SQL status: BEGIN in 0.009 seconds
[0m04:20:05.322977 [debug] [ThreadPool]: Using postgres connection "list_airflow_driven_trusted"
[0m04:20:05.324852 [debug] [ThreadPool]: On list_airflow_driven_trusted: /* {"app": "dbt", "dbt_version": "1.10.3", "profile_name": "default", "target_name": "dev", "connection_name": "list_airflow_driven_trusted"} */
select
      'airflow' as database,
      tablename as name,
      schemaname as schema,
      'table' as type
    from pg_tables
    where schemaname ilike 'driven_trusted'
    union all
    select
      'airflow' as database,
      viewname as name,
      schemaname as schema,
      'view' as type
    from pg_views
    where schemaname ilike 'driven_trusted'
    union all
    select
      'airflow' as database,
      matviewname as name,
      schemaname as schema,
      'materialized_view' as type
    from pg_matviews
    where schemaname ilike 'driven_trusted'
  
[0m04:20:05.339373 [debug] [ThreadPool]: SQL status: SELECT 4 in 0.013 seconds
[0m04:20:05.342242 [debug] [ThreadPool]: On list_airflow_driven_trusted: ROLLBACK
[0m04:20:05.343664 [debug] [ThreadPool]: On list_airflow_driven_trusted: Close
[0m04:20:05.345741 [debug] [ThreadPool]: Re-using an available connection from the pool (formerly list_airflow_driven_trusted, now list_airflow_driven_staging)
[0m04:20:05.350541 [debug] [ThreadPool]: Using postgres connection "list_airflow_driven_staging"
[0m04:20:05.351520 [debug] [ThreadPool]: On list_airflow_driven_staging: BEGIN
[0m04:20:05.352351 [debug] [ThreadPool]: Opening a new connection, currently in state closed
[0m04:20:05.360343 [debug] [ThreadPool]: SQL status: BEGIN in 0.008 seconds
[0m04:20:05.361677 [debug] [ThreadPool]: Using postgres connection "list_airflow_driven_staging"
[0m04:20:05.364008 [debug] [ThreadPool]: On list_airflow_driven_staging: /* {"app": "dbt", "dbt_version": "1.10.3", "profile_name": "default", "target_name": "dev", "connection_name": "list_airflow_driven_staging"} */
select
      'airflow' as database,
      tablename as name,
      schemaname as schema,
      'table' as type
    from pg_tables
    where schemaname ilike 'driven_staging'
    union all
    select
      'airflow' as database,
      viewname as name,
      schemaname as schema,
      'view' as type
    from pg_views
    where schemaname ilike 'driven_staging'
    union all
    select
      'airflow' as database,
      matviewname as name,
      schemaname as schema,
      'materialized_view' as type
    from pg_matviews
    where schemaname ilike 'driven_staging'
  
[0m04:20:05.368354 [debug] [ThreadPool]: SQL status: SELECT 5 in 0.003 seconds
[0m04:20:05.371122 [debug] [ThreadPool]: On list_airflow_driven_staging: ROLLBACK
[0m04:20:05.372484 [debug] [ThreadPool]: On list_airflow_driven_staging: Close
[0m04:20:05.381145 [debug] [MainThread]: Using postgres connection "master"
[0m04:20:05.382450 [debug] [MainThread]: On master: BEGIN
[0m04:20:05.383427 [debug] [MainThread]: Opening a new connection, currently in state init
[0m04:20:05.390878 [debug] [MainThread]: SQL status: BEGIN in 0.007 seconds
[0m04:20:05.394847 [debug] [MainThread]: Using postgres connection "master"
[0m04:20:05.395902 [debug] [MainThread]: On master: /* {"app": "dbt", "dbt_version": "1.10.3", "profile_name": "default", "target_name": "dev", "connection_name": "master"} */
with relation as (
        select
            pg_rewrite.ev_class as class,
            pg_rewrite.oid as id
        from pg_rewrite
    ),
    class as (
        select
            oid as id,
            relname as name,
            relnamespace as schema,
            relkind as kind
        from pg_class
    ),
    dependency as (
        select distinct
            pg_depend.objid as id,
            pg_depend.refobjid as ref
        from pg_depend
    ),
    schema as (
        select
            pg_namespace.oid as id,
            pg_namespace.nspname as name
        from pg_namespace
        where nspname != 'information_schema' and nspname not like 'pg\_%'
    ),
    referenced as (
        select
            relation.id AS id,
            referenced_class.name ,
            referenced_class.schema ,
            referenced_class.kind
        from relation
        join class as referenced_class on relation.class=referenced_class.id
        where referenced_class.kind in ('r', 'v', 'm')
    ),
    relationships as (
        select
            referenced.name as referenced_name,
            referenced.schema as referenced_schema_id,
            dependent_class.name as dependent_name,
            dependent_class.schema as dependent_schema_id,
            referenced.kind as kind
        from referenced
        join dependency on referenced.id=dependency.id
        join class as dependent_class on dependency.ref=dependent_class.id
        where
            (referenced.name != dependent_class.name or
             referenced.schema != dependent_class.schema)
    )

    select
        referenced_schema.name as referenced_schema,
        relationships.referenced_name as referenced_name,
        dependent_schema.name as dependent_schema,
        relationships.dependent_name as dependent_name
    from relationships
    join schema as dependent_schema on relationships.dependent_schema_id=dependent_schema.id
    join schema as referenced_schema on relationships.referenced_schema_id=referenced_schema.id
    group by referenced_schema, referenced_name, dependent_schema, dependent_name
    order by referenced_schema, referenced_name, dependent_schema, dependent_name;
[0m04:20:05.404673 [debug] [MainThread]: SQL status: SELECT 0 in 0.008 seconds
[0m04:20:05.407423 [debug] [MainThread]: Sending event: {'category': 'dbt', 'action': 'runnable_timing', 'label': 'aed646c9-3131-44cd-ad45-429218d0fa7a', 'context': [<snowplow_tracker.self_describing_json.SelfDescribingJson object at 0x704db356dc70>]}
[0m04:20:05.408648 [debug] [MainThread]: On master: ROLLBACK
[0m04:20:05.410816 [debug] [MainThread]: Using postgres connection "master"
[0m04:20:05.411843 [debug] [MainThread]: On master: BEGIN
[0m04:20:05.413759 [debug] [MainThread]: SQL status: BEGIN in 0.001 seconds
[0m04:20:05.414797 [debug] [MainThread]: On master: COMMIT
[0m04:20:05.416341 [debug] [MainThread]: Using postgres connection "master"
[0m04:20:05.417429 [debug] [MainThread]: On master: COMMIT
[0m04:20:05.419034 [debug] [MainThread]: SQL status: COMMIT in 0.001 seconds
[0m04:20:05.420105 [debug] [MainThread]: On master: Close
[0m04:20:05.429212 [debug] [Thread-1 (]: Began running node model.dbt_driven_data.staging_dim_address
[0m04:20:05.430595 [info ] [Thread-1 (]: 1 of 5 START sql table model driven_staging.dim_address ........................ [RUN]
[0m04:20:05.431596 [debug] [Thread-1 (]: Re-using an available connection from the pool (formerly list_airflow_driven_staging, now model.dbt_driven_data.staging_dim_address)
[0m04:20:05.432516 [debug] [Thread-1 (]: Began compiling node model.dbt_driven_data.staging_dim_address
[0m04:20:05.441841 [debug] [Thread-1 (]: Writing injected SQL for node "model.dbt_driven_data.staging_dim_address"
[0m04:20:05.452596 [debug] [Thread-1 (]: Began executing node model.dbt_driven_data.staging_dim_address
[0m04:20:05.494469 [debug] [Thread-1 (]: Writing runtime sql for node "model.dbt_driven_data.staging_dim_address"
[0m04:20:05.506426 [debug] [Thread-1 (]: Using postgres connection "model.dbt_driven_data.staging_dim_address"
[0m04:20:05.507131 [debug] [Thread-1 (]: On model.dbt_driven_data.staging_dim_address: BEGIN
[0m04:20:05.507650 [debug] [Thread-1 (]: Opening a new connection, currently in state closed
[0m04:20:05.515501 [debug] [Thread-1 (]: SQL status: BEGIN in 0.008 seconds
[0m04:20:05.518548 [debug] [Thread-1 (]: Using postgres connection "model.dbt_driven_data.staging_dim_address"
[0m04:20:05.519640 [debug] [Thread-1 (]: On model.dbt_driven_data.staging_dim_address: /* {"app": "dbt", "dbt_version": "1.10.3", "profile_name": "default", "target_name": "dev", "node_id": "model.dbt_driven_data.staging_dim_address"} */

  
    

  create  table "airflow"."driven_staging"."dim_address__dbt_tmp"
  
  
    as
  
  (
    
WITH source_data AS (
 SELECT
 unique_id,
 address,
 mac_address,
 ip_address
 FROM
 "airflow"."driven_raw"."raw_batch_data"
)
SELECT
 *
FROM
 source_data
  );
  
[0m04:20:05.556852 [debug] [Thread-1 (]: SQL status: SELECT 1100 in 0.036 seconds
[0m04:20:05.568290 [debug] [Thread-1 (]: Using postgres connection "model.dbt_driven_data.staging_dim_address"
[0m04:20:05.569290 [debug] [Thread-1 (]: On model.dbt_driven_data.staging_dim_address: /* {"app": "dbt", "dbt_version": "1.10.3", "profile_name": "default", "target_name": "dev", "node_id": "model.dbt_driven_data.staging_dim_address"} */
alter table "airflow"."driven_staging"."dim_address" rename to "dim_address__dbt_backup"
[0m04:20:05.572632 [debug] [Thread-1 (]: SQL status: ALTER TABLE in 0.002 seconds
[0m04:20:05.577222 [debug] [Thread-1 (]: Using postgres connection "model.dbt_driven_data.staging_dim_address"
[0m04:20:05.578932 [debug] [Thread-1 (]: On model.dbt_driven_data.staging_dim_address: /* {"app": "dbt", "dbt_version": "1.10.3", "profile_name": "default", "target_name": "dev", "node_id": "model.dbt_driven_data.staging_dim_address"} */
alter table "airflow"."driven_staging"."dim_address__dbt_tmp" rename to "dim_address"
[0m04:20:05.580477 [debug] [Thread-1 (]: SQL status: ALTER TABLE in 0.001 seconds
[0m04:20:05.598102 [debug] [Thread-1 (]: On model.dbt_driven_data.staging_dim_address: COMMIT
[0m04:20:05.599346 [debug] [Thread-1 (]: Using postgres connection "model.dbt_driven_data.staging_dim_address"
[0m04:20:05.600187 [debug] [Thread-1 (]: On model.dbt_driven_data.staging_dim_address: COMMIT
[0m04:20:05.603800 [debug] [Thread-1 (]: SQL status: COMMIT in 0.003 seconds
[0m04:20:05.611465 [debug] [Thread-1 (]: Applying DROP to: "airflow"."driven_staging"."dim_address__dbt_backup"
[0m04:20:05.618241 [debug] [Thread-1 (]: Using postgres connection "model.dbt_driven_data.staging_dim_address"
[0m04:20:05.619261 [debug] [Thread-1 (]: On model.dbt_driven_data.staging_dim_address: /* {"app": "dbt", "dbt_version": "1.10.3", "profile_name": "default", "target_name": "dev", "node_id": "model.dbt_driven_data.staging_dim_address"} */
drop table if exists "airflow"."driven_staging"."dim_address__dbt_backup" cascade
[0m04:20:05.635094 [debug] [Thread-1 (]: SQL status: DROP TABLE in 0.015 seconds
[0m04:20:05.639345 [debug] [Thread-1 (]: On model.dbt_driven_data.staging_dim_address: Close
[0m04:20:05.642634 [debug] [Thread-1 (]: Sending event: {'category': 'dbt', 'action': 'run_model', 'label': 'aed646c9-3131-44cd-ad45-429218d0fa7a', 'context': [<snowplow_tracker.self_describing_json.SelfDescribingJson object at 0x704db2775760>]}
[0m04:20:05.644057 [info ] [Thread-1 (]: 1 of 5 OK created sql table model driven_staging.dim_address ................... [[32mSELECT 1100[0m in 0.21s]
[0m04:20:05.646631 [debug] [Thread-1 (]: Finished running node model.dbt_driven_data.staging_dim_address
[0m04:20:05.647714 [debug] [Thread-1 (]: Began running node model.dbt_driven_data.staging_dim_date
[0m04:20:05.648891 [info ] [Thread-1 (]: 2 of 5 START sql table model driven_staging.dim_date ........................... [RUN]
[0m04:20:05.649949 [debug] [Thread-1 (]: Re-using an available connection from the pool (formerly model.dbt_driven_data.staging_dim_address, now model.dbt_driven_data.staging_dim_date)
[0m04:20:05.650976 [debug] [Thread-1 (]: Began compiling node model.dbt_driven_data.staging_dim_date
[0m04:20:05.654887 [debug] [Thread-1 (]: Writing injected SQL for node "model.dbt_driven_data.staging_dim_date"
[0m04:20:05.667329 [debug] [Thread-1 (]: Began executing node model.dbt_driven_data.staging_dim_date
[0m04:20:05.671696 [debug] [Thread-1 (]: Writing runtime sql for node "model.dbt_driven_data.staging_dim_date"
[0m04:20:05.684052 [debug] [Thread-1 (]: Using postgres connection "model.dbt_driven_data.staging_dim_date"
[0m04:20:05.684765 [debug] [Thread-1 (]: On model.dbt_driven_data.staging_dim_date: BEGIN
[0m04:20:05.685334 [debug] [Thread-1 (]: Opening a new connection, currently in state closed
[0m04:20:05.692730 [debug] [Thread-1 (]: SQL status: BEGIN in 0.007 seconds
[0m04:20:05.696427 [debug] [Thread-1 (]: Using postgres connection "model.dbt_driven_data.staging_dim_date"
[0m04:20:05.698856 [debug] [Thread-1 (]: On model.dbt_driven_data.staging_dim_date: /* {"app": "dbt", "dbt_version": "1.10.3", "profile_name": "default", "target_name": "dev", "node_id": "model.dbt_driven_data.staging_dim_date"} */

  
    

  create  table "airflow"."driven_staging"."dim_date__dbt_tmp"
  
  
    as
  
  (
    
WITH source_data AS (
 SELECT
 unique_id,
 accessed_at
 FROM
 "airflow"."driven_raw"."raw_batch_data"
)
SELECT
 *
FROM
 source_data
  );
  
[0m04:20:05.704631 [debug] [Thread-1 (]: SQL status: SELECT 1100 in 0.005 seconds
[0m04:20:05.709476 [debug] [Thread-1 (]: Using postgres connection "model.dbt_driven_data.staging_dim_date"
[0m04:20:05.710960 [debug] [Thread-1 (]: On model.dbt_driven_data.staging_dim_date: /* {"app": "dbt", "dbt_version": "1.10.3", "profile_name": "default", "target_name": "dev", "node_id": "model.dbt_driven_data.staging_dim_date"} */
alter table "airflow"."driven_staging"."dim_date" rename to "dim_date__dbt_backup"
[0m04:20:05.713123 [debug] [Thread-1 (]: SQL status: ALTER TABLE in 0.001 seconds
[0m04:20:05.717663 [debug] [Thread-1 (]: Using postgres connection "model.dbt_driven_data.staging_dim_date"
[0m04:20:05.718919 [debug] [Thread-1 (]: On model.dbt_driven_data.staging_dim_date: /* {"app": "dbt", "dbt_version": "1.10.3", "profile_name": "default", "target_name": "dev", "node_id": "model.dbt_driven_data.staging_dim_date"} */
alter table "airflow"."driven_staging"."dim_date__dbt_tmp" rename to "dim_date"
[0m04:20:05.720984 [debug] [Thread-1 (]: SQL status: ALTER TABLE in 0.001 seconds
[0m04:20:05.723466 [debug] [Thread-1 (]: On model.dbt_driven_data.staging_dim_date: COMMIT
[0m04:20:05.724566 [debug] [Thread-1 (]: Using postgres connection "model.dbt_driven_data.staging_dim_date"
[0m04:20:05.725726 [debug] [Thread-1 (]: On model.dbt_driven_data.staging_dim_date: COMMIT
[0m04:20:05.728910 [debug] [Thread-1 (]: SQL status: COMMIT in 0.002 seconds
[0m04:20:05.732741 [debug] [Thread-1 (]: Applying DROP to: "airflow"."driven_staging"."dim_date__dbt_backup"
[0m04:20:05.736767 [debug] [Thread-1 (]: Using postgres connection "model.dbt_driven_data.staging_dim_date"
[0m04:20:05.737943 [debug] [Thread-1 (]: On model.dbt_driven_data.staging_dim_date: /* {"app": "dbt", "dbt_version": "1.10.3", "profile_name": "default", "target_name": "dev", "node_id": "model.dbt_driven_data.staging_dim_date"} */
drop table if exists "airflow"."driven_staging"."dim_date__dbt_backup" cascade
[0m04:20:05.742693 [debug] [Thread-1 (]: SQL status: DROP TABLE in 0.004 seconds
[0m04:20:05.745896 [debug] [Thread-1 (]: On model.dbt_driven_data.staging_dim_date: Close
[0m04:20:05.747644 [debug] [Thread-1 (]: Sending event: {'category': 'dbt', 'action': 'run_model', 'label': 'aed646c9-3131-44cd-ad45-429218d0fa7a', 'context': [<snowplow_tracker.self_describing_json.SelfDescribingJson object at 0x704db267b860>]}
[0m04:20:05.752437 [info ] [Thread-1 (]: 2 of 5 OK created sql table model driven_staging.dim_date ...................... [[32mSELECT 1100[0m in 0.10s]
[0m04:20:05.754004 [debug] [Thread-1 (]: Finished running node model.dbt_driven_data.staging_dim_date
[0m04:20:05.755435 [debug] [Thread-1 (]: Began running node model.dbt_driven_data.staging_dim_finance
[0m04:20:05.756804 [info ] [Thread-1 (]: 3 of 5 START sql table model driven_staging.dim_finance ........................ [RUN]
[0m04:20:05.758093 [debug] [Thread-1 (]: Re-using an available connection from the pool (formerly model.dbt_driven_data.staging_dim_date, now model.dbt_driven_data.staging_dim_finance)
[0m04:20:05.759503 [debug] [Thread-1 (]: Began compiling node model.dbt_driven_data.staging_dim_finance
[0m04:20:05.764167 [debug] [Thread-1 (]: Writing injected SQL for node "model.dbt_driven_data.staging_dim_finance"
[0m04:20:05.775923 [debug] [Thread-1 (]: Began executing node model.dbt_driven_data.staging_dim_finance
[0m04:20:05.780308 [debug] [Thread-1 (]: Writing runtime sql for node "model.dbt_driven_data.staging_dim_finance"
[0m04:20:05.790931 [debug] [Thread-1 (]: Using postgres connection "model.dbt_driven_data.staging_dim_finance"
[0m04:20:05.791755 [debug] [Thread-1 (]: On model.dbt_driven_data.staging_dim_finance: BEGIN
[0m04:20:05.792573 [debug] [Thread-1 (]: Opening a new connection, currently in state closed
[0m04:20:05.799486 [debug] [Thread-1 (]: SQL status: BEGIN in 0.007 seconds
[0m04:20:05.803632 [debug] [Thread-1 (]: Using postgres connection "model.dbt_driven_data.staging_dim_finance"
[0m04:20:05.805039 [debug] [Thread-1 (]: On model.dbt_driven_data.staging_dim_finance: /* {"app": "dbt", "dbt_version": "1.10.3", "profile_name": "default", "target_name": "dev", "node_id": "model.dbt_driven_data.staging_dim_finance"} */

  
    

  create  table "airflow"."driven_staging"."dim_finance__dbt_tmp"
  
  
    as
  
  (
    
WITH source_data AS (
 SELECT
 unique_id,
 iban
 FROM
 "airflow"."driven_raw"."raw_batch_data"
)
SELECT
 *
FROM
 source_data
  );
  
[0m04:20:05.810291 [debug] [Thread-1 (]: SQL status: SELECT 1100 in 0.004 seconds
[0m04:20:05.814719 [debug] [Thread-1 (]: Using postgres connection "model.dbt_driven_data.staging_dim_finance"
[0m04:20:05.815879 [debug] [Thread-1 (]: On model.dbt_driven_data.staging_dim_finance: /* {"app": "dbt", "dbt_version": "1.10.3", "profile_name": "default", "target_name": "dev", "node_id": "model.dbt_driven_data.staging_dim_finance"} */
alter table "airflow"."driven_staging"."dim_finance" rename to "dim_finance__dbt_backup"
[0m04:20:05.817455 [debug] [Thread-1 (]: SQL status: ALTER TABLE in 0.001 seconds
[0m04:20:05.821337 [debug] [Thread-1 (]: Using postgres connection "model.dbt_driven_data.staging_dim_finance"
[0m04:20:05.823081 [debug] [Thread-1 (]: On model.dbt_driven_data.staging_dim_finance: /* {"app": "dbt", "dbt_version": "1.10.3", "profile_name": "default", "target_name": "dev", "node_id": "model.dbt_driven_data.staging_dim_finance"} */
alter table "airflow"."driven_staging"."dim_finance__dbt_tmp" rename to "dim_finance"
[0m04:20:05.825021 [debug] [Thread-1 (]: SQL status: ALTER TABLE in 0.001 seconds
[0m04:20:05.828137 [debug] [Thread-1 (]: On model.dbt_driven_data.staging_dim_finance: COMMIT
[0m04:20:05.829475 [debug] [Thread-1 (]: Using postgres connection "model.dbt_driven_data.staging_dim_finance"
[0m04:20:05.830979 [debug] [Thread-1 (]: On model.dbt_driven_data.staging_dim_finance: COMMIT
[0m04:20:05.834856 [debug] [Thread-1 (]: SQL status: COMMIT in 0.002 seconds
[0m04:20:05.839029 [debug] [Thread-1 (]: Applying DROP to: "airflow"."driven_staging"."dim_finance__dbt_backup"
[0m04:20:05.841350 [debug] [Thread-1 (]: Using postgres connection "model.dbt_driven_data.staging_dim_finance"
[0m04:20:05.842417 [debug] [Thread-1 (]: On model.dbt_driven_data.staging_dim_finance: /* {"app": "dbt", "dbt_version": "1.10.3", "profile_name": "default", "target_name": "dev", "node_id": "model.dbt_driven_data.staging_dim_finance"} */
drop table if exists "airflow"."driven_staging"."dim_finance__dbt_backup" cascade
[0m04:20:05.847050 [debug] [Thread-1 (]: SQL status: DROP TABLE in 0.003 seconds
[0m04:20:05.849196 [debug] [Thread-1 (]: On model.dbt_driven_data.staging_dim_finance: Close
[0m04:20:05.850826 [debug] [Thread-1 (]: Sending event: {'category': 'dbt', 'action': 'run_model', 'label': 'aed646c9-3131-44cd-ad45-429218d0fa7a', 'context': [<snowplow_tracker.self_describing_json.SelfDescribingJson object at 0x704db39f8620>]}
[0m04:20:05.852527 [info ] [Thread-1 (]: 3 of 5 OK created sql table model driven_staging.dim_finance ................... [[32mSELECT 1100[0m in 0.09s]
[0m04:20:05.854094 [debug] [Thread-1 (]: Finished running node model.dbt_driven_data.staging_dim_finance
[0m04:20:05.855252 [debug] [Thread-1 (]: Began running node model.dbt_driven_data.staging_dim_person
[0m04:20:05.857006 [info ] [Thread-1 (]: 4 of 5 START sql table model driven_staging.dim_person ......................... [RUN]
[0m04:20:05.858323 [debug] [Thread-1 (]: Re-using an available connection from the pool (formerly model.dbt_driven_data.staging_dim_finance, now model.dbt_driven_data.staging_dim_person)
[0m04:20:05.859391 [debug] [Thread-1 (]: Began compiling node model.dbt_driven_data.staging_dim_person
[0m04:20:05.863966 [debug] [Thread-1 (]: Writing injected SQL for node "model.dbt_driven_data.staging_dim_person"
[0m04:20:05.876604 [debug] [Thread-1 (]: Began executing node model.dbt_driven_data.staging_dim_person
[0m04:20:05.880696 [debug] [Thread-1 (]: Writing runtime sql for node "model.dbt_driven_data.staging_dim_person"
[0m04:20:05.891182 [debug] [Thread-1 (]: Using postgres connection "model.dbt_driven_data.staging_dim_person"
[0m04:20:05.892323 [debug] [Thread-1 (]: On model.dbt_driven_data.staging_dim_person: BEGIN
[0m04:20:05.893069 [debug] [Thread-1 (]: Opening a new connection, currently in state closed
[0m04:20:05.900982 [debug] [Thread-1 (]: SQL status: BEGIN in 0.008 seconds
[0m04:20:05.902222 [debug] [Thread-1 (]: Using postgres connection "model.dbt_driven_data.staging_dim_person"
[0m04:20:05.903345 [debug] [Thread-1 (]: On model.dbt_driven_data.staging_dim_person: /* {"app": "dbt", "dbt_version": "1.10.3", "profile_name": "default", "target_name": "dev", "node_id": "model.dbt_driven_data.staging_dim_person"} */

  
    

  create  table "airflow"."driven_staging"."dim_person__dbt_tmp"
  
  
    as
  
  (
    
WITH source_data AS (
 SELECT
 unique_id,
 person_name,
 user_name,
 email,
 phone,
 birth_date,
 personal_number
 FROM
 "airflow"."driven_raw"."raw_batch_data"
)
SELECT
 *
FROM
 source_data
  );
  
[0m04:20:05.914282 [debug] [Thread-1 (]: SQL status: SELECT 1100 in 0.010 seconds
[0m04:20:05.919365 [debug] [Thread-1 (]: Using postgres connection "model.dbt_driven_data.staging_dim_person"
[0m04:20:05.920373 [debug] [Thread-1 (]: On model.dbt_driven_data.staging_dim_person: /* {"app": "dbt", "dbt_version": "1.10.3", "profile_name": "default", "target_name": "dev", "node_id": "model.dbt_driven_data.staging_dim_person"} */
alter table "airflow"."driven_staging"."dim_person" rename to "dim_person__dbt_backup"
[0m04:20:05.921976 [debug] [Thread-1 (]: SQL status: ALTER TABLE in 0.001 seconds
[0m04:20:05.926131 [debug] [Thread-1 (]: Using postgres connection "model.dbt_driven_data.staging_dim_person"
[0m04:20:05.927718 [debug] [Thread-1 (]: On model.dbt_driven_data.staging_dim_person: /* {"app": "dbt", "dbt_version": "1.10.3", "profile_name": "default", "target_name": "dev", "node_id": "model.dbt_driven_data.staging_dim_person"} */
alter table "airflow"."driven_staging"."dim_person__dbt_tmp" rename to "dim_person"
[0m04:20:05.929472 [debug] [Thread-1 (]: SQL status: ALTER TABLE in 0.001 seconds
[0m04:20:05.931840 [debug] [Thread-1 (]: On model.dbt_driven_data.staging_dim_person: COMMIT
[0m04:20:05.932986 [debug] [Thread-1 (]: Using postgres connection "model.dbt_driven_data.staging_dim_person"
[0m04:20:05.933956 [debug] [Thread-1 (]: On model.dbt_driven_data.staging_dim_person: COMMIT
[0m04:20:05.937366 [debug] [Thread-1 (]: SQL status: COMMIT in 0.002 seconds
[0m04:20:05.940987 [debug] [Thread-1 (]: Applying DROP to: "airflow"."driven_staging"."dim_person__dbt_backup"
[0m04:20:05.942613 [debug] [Thread-1 (]: Using postgres connection "model.dbt_driven_data.staging_dim_person"
[0m04:20:05.943738 [debug] [Thread-1 (]: On model.dbt_driven_data.staging_dim_person: /* {"app": "dbt", "dbt_version": "1.10.3", "profile_name": "default", "target_name": "dev", "node_id": "model.dbt_driven_data.staging_dim_person"} */
drop table if exists "airflow"."driven_staging"."dim_person__dbt_backup" cascade
[0m04:20:05.950084 [debug] [Thread-1 (]: SQL status: DROP TABLE in 0.005 seconds
[0m04:20:05.952626 [debug] [Thread-1 (]: On model.dbt_driven_data.staging_dim_person: Close
[0m04:20:05.954203 [debug] [Thread-1 (]: Sending event: {'category': 'dbt', 'action': 'run_model', 'label': 'aed646c9-3131-44cd-ad45-429218d0fa7a', 'context': [<snowplow_tracker.self_describing_json.SelfDescribingJson object at 0x704db26425d0>]}
[0m04:20:05.955510 [info ] [Thread-1 (]: 4 of 5 OK created sql table model driven_staging.dim_person .................... [[32mSELECT 1100[0m in 0.10s]
[0m04:20:05.956729 [debug] [Thread-1 (]: Finished running node model.dbt_driven_data.staging_dim_person
[0m04:20:05.957774 [debug] [Thread-1 (]: Began running node model.dbt_driven_data.staging_fact_network_usage
[0m04:20:05.959122 [info ] [Thread-1 (]: 5 of 5 START sql table model driven_staging.fact_network_usage ................. [RUN]
[0m04:20:05.960275 [debug] [Thread-1 (]: Re-using an available connection from the pool (formerly model.dbt_driven_data.staging_dim_person, now model.dbt_driven_data.staging_fact_network_usage)
[0m04:20:05.961228 [debug] [Thread-1 (]: Began compiling node model.dbt_driven_data.staging_fact_network_usage
[0m04:20:05.966621 [debug] [Thread-1 (]: Writing injected SQL for node "model.dbt_driven_data.staging_fact_network_usage"
[0m04:20:05.979038 [debug] [Thread-1 (]: Began executing node model.dbt_driven_data.staging_fact_network_usage
[0m04:20:05.985021 [debug] [Thread-1 (]: Writing runtime sql for node "model.dbt_driven_data.staging_fact_network_usage"
[0m04:20:05.995978 [debug] [Thread-1 (]: Using postgres connection "model.dbt_driven_data.staging_fact_network_usage"
[0m04:20:05.997206 [debug] [Thread-1 (]: On model.dbt_driven_data.staging_fact_network_usage: BEGIN
[0m04:20:05.998629 [debug] [Thread-1 (]: Opening a new connection, currently in state closed
[0m04:20:06.005434 [debug] [Thread-1 (]: SQL status: BEGIN in 0.007 seconds
[0m04:20:06.009370 [debug] [Thread-1 (]: Using postgres connection "model.dbt_driven_data.staging_fact_network_usage"
[0m04:20:06.010360 [debug] [Thread-1 (]: On model.dbt_driven_data.staging_fact_network_usage: /* {"app": "dbt", "dbt_version": "1.10.3", "profile_name": "default", "target_name": "dev", "node_id": "model.dbt_driven_data.staging_fact_network_usage"} */

  
    

  create  table "airflow"."driven_staging"."fact_network_usage__dbt_tmp"
  
  
    as
  
  (
    
WITH source_data AS (
 SELECT
 unique_id,
 session_duration,
 download_speed,
 upload_speed,
 consumed_traffic
 FROM
 "airflow"."driven_raw"."raw_batch_data"
)
SELECT
 *
FROM
 source_data
  );
  
[0m04:20:06.016201 [debug] [Thread-1 (]: SQL status: SELECT 1100 in 0.005 seconds
[0m04:20:06.020567 [debug] [Thread-1 (]: Using postgres connection "model.dbt_driven_data.staging_fact_network_usage"
[0m04:20:06.021842 [debug] [Thread-1 (]: On model.dbt_driven_data.staging_fact_network_usage: /* {"app": "dbt", "dbt_version": "1.10.3", "profile_name": "default", "target_name": "dev", "node_id": "model.dbt_driven_data.staging_fact_network_usage"} */
alter table "airflow"."driven_staging"."fact_network_usage" rename to "fact_network_usage__dbt_backup"
[0m04:20:06.023383 [debug] [Thread-1 (]: SQL status: ALTER TABLE in 0.001 seconds
[0m04:20:06.027031 [debug] [Thread-1 (]: Using postgres connection "model.dbt_driven_data.staging_fact_network_usage"
[0m04:20:06.028215 [debug] [Thread-1 (]: On model.dbt_driven_data.staging_fact_network_usage: /* {"app": "dbt", "dbt_version": "1.10.3", "profile_name": "default", "target_name": "dev", "node_id": "model.dbt_driven_data.staging_fact_network_usage"} */
alter table "airflow"."driven_staging"."fact_network_usage__dbt_tmp" rename to "fact_network_usage"
[0m04:20:06.029905 [debug] [Thread-1 (]: SQL status: ALTER TABLE in 0.001 seconds
[0m04:20:06.032326 [debug] [Thread-1 (]: On model.dbt_driven_data.staging_fact_network_usage: COMMIT
[0m04:20:06.034104 [debug] [Thread-1 (]: Using postgres connection "model.dbt_driven_data.staging_fact_network_usage"
[0m04:20:06.035306 [debug] [Thread-1 (]: On model.dbt_driven_data.staging_fact_network_usage: COMMIT
[0m04:20:06.039428 [debug] [Thread-1 (]: SQL status: COMMIT in 0.003 seconds
[0m04:20:06.042738 [debug] [Thread-1 (]: Applying DROP to: "airflow"."driven_staging"."fact_network_usage__dbt_backup"
[0m04:20:06.044378 [debug] [Thread-1 (]: Using postgres connection "model.dbt_driven_data.staging_fact_network_usage"
[0m04:20:06.045458 [debug] [Thread-1 (]: On model.dbt_driven_data.staging_fact_network_usage: /* {"app": "dbt", "dbt_version": "1.10.3", "profile_name": "default", "target_name": "dev", "node_id": "model.dbt_driven_data.staging_fact_network_usage"} */
drop table if exists "airflow"."driven_staging"."fact_network_usage__dbt_backup" cascade
[0m04:20:06.050220 [debug] [Thread-1 (]: SQL status: DROP TABLE in 0.004 seconds
[0m04:20:06.052985 [debug] [Thread-1 (]: On model.dbt_driven_data.staging_fact_network_usage: Close
[0m04:20:06.054584 [debug] [Thread-1 (]: Sending event: {'category': 'dbt', 'action': 'run_model', 'label': 'aed646c9-3131-44cd-ad45-429218d0fa7a', 'context': [<snowplow_tracker.self_describing_json.SelfDescribingJson object at 0x704db2776b70>]}
[0m04:20:06.055880 [info ] [Thread-1 (]: 5 of 5 OK created sql table model driven_staging.fact_network_usage ............ [[32mSELECT 1100[0m in 0.09s]
[0m04:20:06.057170 [debug] [Thread-1 (]: Finished running node model.dbt_driven_data.staging_fact_network_usage
[0m04:20:06.059909 [debug] [MainThread]: Using postgres connection "master"
[0m04:20:06.060928 [debug] [MainThread]: On master: BEGIN
[0m04:20:06.062371 [debug] [MainThread]: Opening a new connection, currently in state closed
[0m04:20:06.070501 [debug] [MainThread]: SQL status: BEGIN in 0.008 seconds
[0m04:20:06.071674 [debug] [MainThread]: On master: COMMIT
[0m04:20:06.073210 [debug] [MainThread]: Using postgres connection "master"
[0m04:20:06.074324 [debug] [MainThread]: On master: COMMIT
[0m04:20:06.075457 [debug] [MainThread]: SQL status: COMMIT in 0.000 seconds
[0m04:20:06.076350 [debug] [MainThread]: On master: Close
[0m04:20:06.077811 [debug] [MainThread]: Connection 'master' was properly closed.
[0m04:20:06.078824 [debug] [MainThread]: Connection 'model.dbt_driven_data.staging_fact_network_usage' was properly closed.
[0m04:20:06.079854 [info ] [MainThread]: 
[0m04:20:06.080776 [info ] [MainThread]: Finished running 5 table models in 0 hours 0 minutes and 0.86 seconds (0.86s).
[0m04:20:06.082956 [debug] [MainThread]: Command end result
[0m04:20:06.137564 [debug] [MainThread]: Wrote artifact WritableManifest to /opt/airflow/dbt/target/manifest.json
[0m04:20:06.146957 [debug] [MainThread]: Wrote artifact SemanticManifest to /opt/airflow/dbt/target/semantic_manifest.json
[0m04:20:06.161474 [debug] [MainThread]: Wrote artifact RunExecutionResult to /opt/airflow/dbt/target/run_results.json
[0m04:20:06.162401 [info ] [MainThread]: 
[0m04:20:06.163304 [info ] [MainThread]: [32mCompleted successfully[0m
[0m04:20:06.164317 [info ] [MainThread]: 
[0m04:20:06.165265 [info ] [MainThread]: Done. PASS=5 WARN=0 ERROR=0 SKIP=0 NO-OP=0 TOTAL=5
[0m04:20:06.168125 [debug] [MainThread]: Resource report: {"command_name": "run", "command_success": true, "command_wall_clock_time": 2.21154, "process_in_blocks": "72384", "process_kernel_time": 0.846507, "process_mem_max_rss": "123576", "process_out_blocks": "1504", "process_user_time": 3.318006}
[0m04:20:06.169789 [debug] [MainThread]: Command `dbt run` succeeded at 04:20:06.169399 after 2.21 seconds
[0m04:20:06.170794 [debug] [MainThread]: Sending event: {'category': 'dbt', 'action': 'invocation', 'label': 'end', 'context': [<snowplow_tracker.self_describing_json.SelfDescribingJson object at 0x704db5622de0>, <snowplow_tracker.self_describing_json.SelfDescribingJson object at 0x704db5a2d7f0>, <snowplow_tracker.self_describing_json.SelfDescribingJson object at 0x704db5454350>]}
[0m04:20:06.171622 [debug] [MainThread]: Flushing usage events
[0m04:20:06.717811 [debug] [MainThread]: An error was encountered while trying to flush usage events
[0m04:20:11.759222 [debug] [MainThread]: Sending event: {'category': 'dbt', 'action': 'invocation', 'label': 'start', 'context': [<snowplow_tracker.self_describing_json.SelfDescribingJson object at 0x70bcb8d49dc0>, <snowplow_tracker.self_describing_json.SelfDescribingJson object at 0x70bcb8443530>, <snowplow_tracker.self_describing_json.SelfDescribingJson object at 0x70bcb84435c0>]}


============================== 04:20:11.770018 | 5410c9ed-d453-428f-ab2b-09df0ec5d0fc ==============================
[0m04:20:11.770018 [info ] [MainThread]: Running with dbt=1.10.3
[0m04:20:11.772190 [debug] [MainThread]: running dbt with arguments {'printer_width': '80', 'indirect_selection': 'eager', 'log_cache_events': 'False', 'write_json': 'True', 'partial_parse': 'True', 'cache_selected_only': 'False', 'profiles_dir': '/opt/airflow/dbt', 'fail_fast': 'False', 'warn_error': 'None', 'log_path': '/opt/airflow/dbt/logs', 'debug': 'False', 'version_check': 'True', 'use_colors': 'True', 'use_experimental_parser': 'False', 'empty': 'False', 'quiet': 'False', 'no_print': 'None', 'warn_error_options': 'WarnErrorOptionsV2(error=[], warn=[], silence=[])', 'introspect': 'True', 'invocation_command': 'dbt run --select tag:trusted', 'log_format': 'default', 'target_path': 'None', 'static_parser': 'True', 'send_anonymous_usage_stats': 'True'}
[0m04:20:12.184752 [debug] [MainThread]: Sending event: {'category': 'dbt', 'action': 'project_id', 'label': '5410c9ed-d453-428f-ab2b-09df0ec5d0fc', 'context': [<snowplow_tracker.self_describing_json.SelfDescribingJson object at 0x70bcb6b5da30>]}
[0m04:20:12.268520 [debug] [MainThread]: Sending event: {'category': 'dbt', 'action': 'adapter_info', 'label': '5410c9ed-d453-428f-ab2b-09df0ec5d0fc', 'context': [<snowplow_tracker.self_describing_json.SelfDescribingJson object at 0x70bcb9cae600>]}
[0m04:20:12.270961 [info ] [MainThread]: Registered adapter: postgres=1.9.0
[0m04:20:10.516887 [debug] [MainThread]: checksum: 1bfacb87e6914c9942cfa2c4badfc1df19d859fe8ec086286ef238a7d920f97b, vars: {}, profile: , target: , version: 1.10.3
[0m04:20:10.837697 [debug] [MainThread]: Partial parsing enabled: 0 files deleted, 0 files added, 0 files changed.
[0m04:20:10.838897 [debug] [MainThread]: Partial parsing enabled, no changes found, skipping parsing
[0m04:20:10.881283 [debug] [MainThread]: Sending event: {'category': 'dbt', 'action': 'load_project', 'label': '5410c9ed-d453-428f-ab2b-09df0ec5d0fc', 'context': [<snowplow_tracker.self_describing_json.SelfDescribingJson object at 0x70bcb6bd0a40>]}
[0m04:20:11.022171 [debug] [MainThread]: Wrote artifact WritableManifest to /opt/airflow/dbt/target/manifest.json
[0m04:20:11.034729 [debug] [MainThread]: Wrote artifact SemanticManifest to /opt/airflow/dbt/target/semantic_manifest.json
[0m04:20:11.115406 [debug] [MainThread]: Sending event: {'category': 'dbt', 'action': 'resource_counts', 'label': '5410c9ed-d453-428f-ab2b-09df0ec5d0fc', 'context': [<snowplow_tracker.self_describing_json.SelfDescribingJson object at 0x70bcb5bcca70>]}
[0m04:20:11.116310 [info ] [MainThread]: Found 9 models, 11 sources, 433 macros
[0m04:20:11.117275 [debug] [MainThread]: Sending event: {'category': 'dbt', 'action': 'runnable_timing', 'label': '5410c9ed-d453-428f-ab2b-09df0ec5d0fc', 'context': [<snowplow_tracker.self_describing_json.SelfDescribingJson object at 0x70bcb5b8a2a0>]}
[0m04:20:11.120368 [info ] [MainThread]: 
[0m04:20:11.121877 [info ] [MainThread]: Concurrency: 1 threads (target='dev')
[0m04:20:11.123046 [info ] [MainThread]: 
[0m04:20:11.124181 [debug] [MainThread]: Acquiring new postgres connection 'master'
[0m04:20:11.130319 [debug] [ThreadPool]: Acquiring new postgres connection 'list_airflow'
[0m04:20:11.216911 [debug] [ThreadPool]: Using postgres connection "list_airflow"
[0m04:20:11.218243 [debug] [ThreadPool]: On list_airflow: /* {"app": "dbt", "dbt_version": "1.10.3", "profile_name": "default", "target_name": "dev", "connection_name": "list_airflow"} */

    select distinct nspname from pg_namespace
  
[0m04:20:11.219479 [debug] [ThreadPool]: Opening a new connection, currently in state init
[0m04:20:11.233803 [debug] [ThreadPool]: SQL status: SELECT 7 in 0.014 seconds
[0m04:20:11.235851 [debug] [ThreadPool]: On list_airflow: Close
[0m04:20:11.239532 [debug] [ThreadPool]: Re-using an available connection from the pool (formerly list_airflow, now list_airflow_driven_trusted)
[0m04:20:11.247686 [debug] [ThreadPool]: Using postgres connection "list_airflow_driven_trusted"
[0m04:20:11.248840 [debug] [ThreadPool]: On list_airflow_driven_trusted: BEGIN
[0m04:20:11.249788 [debug] [ThreadPool]: Opening a new connection, currently in state closed
[0m04:20:11.257258 [debug] [ThreadPool]: SQL status: BEGIN in 0.007 seconds
[0m04:20:11.258591 [debug] [ThreadPool]: Using postgres connection "list_airflow_driven_trusted"
[0m04:20:11.259685 [debug] [ThreadPool]: On list_airflow_driven_trusted: /* {"app": "dbt", "dbt_version": "1.10.3", "profile_name": "default", "target_name": "dev", "connection_name": "list_airflow_driven_trusted"} */
select
      'airflow' as database,
      tablename as name,
      schemaname as schema,
      'table' as type
    from pg_tables
    where schemaname ilike 'driven_trusted'
    union all
    select
      'airflow' as database,
      viewname as name,
      schemaname as schema,
      'view' as type
    from pg_views
    where schemaname ilike 'driven_trusted'
    union all
    select
      'airflow' as database,
      matviewname as name,
      schemaname as schema,
      'materialized_view' as type
    from pg_matviews
    where schemaname ilike 'driven_trusted'
  
[0m04:20:11.265774 [debug] [ThreadPool]: SQL status: SELECT 4 in 0.005 seconds
[0m04:20:11.268302 [debug] [ThreadPool]: On list_airflow_driven_trusted: ROLLBACK
[0m04:20:11.269886 [debug] [ThreadPool]: On list_airflow_driven_trusted: Close
[0m04:20:11.271369 [debug] [ThreadPool]: Re-using an available connection from the pool (formerly list_airflow_driven_trusted, now list_airflow_driven_staging)
[0m04:20:11.275603 [debug] [ThreadPool]: Using postgres connection "list_airflow_driven_staging"
[0m04:20:11.276695 [debug] [ThreadPool]: On list_airflow_driven_staging: BEGIN
[0m04:20:11.277669 [debug] [ThreadPool]: Opening a new connection, currently in state closed
[0m04:20:11.289294 [debug] [ThreadPool]: SQL status: BEGIN in 0.011 seconds
[0m04:20:11.290436 [debug] [ThreadPool]: Using postgres connection "list_airflow_driven_staging"
[0m04:20:11.291576 [debug] [ThreadPool]: On list_airflow_driven_staging: /* {"app": "dbt", "dbt_version": "1.10.3", "profile_name": "default", "target_name": "dev", "connection_name": "list_airflow_driven_staging"} */
select
      'airflow' as database,
      tablename as name,
      schemaname as schema,
      'table' as type
    from pg_tables
    where schemaname ilike 'driven_staging'
    union all
    select
      'airflow' as database,
      viewname as name,
      schemaname as schema,
      'view' as type
    from pg_views
    where schemaname ilike 'driven_staging'
    union all
    select
      'airflow' as database,
      matviewname as name,
      schemaname as schema,
      'materialized_view' as type
    from pg_matviews
    where schemaname ilike 'driven_staging'
  
[0m04:20:11.296243 [debug] [ThreadPool]: SQL status: SELECT 5 in 0.004 seconds
[0m04:20:11.300942 [debug] [ThreadPool]: On list_airflow_driven_staging: ROLLBACK
[0m04:20:11.302602 [debug] [ThreadPool]: On list_airflow_driven_staging: Close
[0m04:20:11.311761 [debug] [MainThread]: Using postgres connection "master"
[0m04:20:11.313163 [debug] [MainThread]: On master: BEGIN
[0m04:20:11.314491 [debug] [MainThread]: Opening a new connection, currently in state init
[0m04:20:11.322061 [debug] [MainThread]: SQL status: BEGIN in 0.008 seconds
[0m04:20:11.323712 [debug] [MainThread]: Using postgres connection "master"
[0m04:20:11.325018 [debug] [MainThread]: On master: /* {"app": "dbt", "dbt_version": "1.10.3", "profile_name": "default", "target_name": "dev", "connection_name": "master"} */
with relation as (
        select
            pg_rewrite.ev_class as class,
            pg_rewrite.oid as id
        from pg_rewrite
    ),
    class as (
        select
            oid as id,
            relname as name,
            relnamespace as schema,
            relkind as kind
        from pg_class
    ),
    dependency as (
        select distinct
            pg_depend.objid as id,
            pg_depend.refobjid as ref
        from pg_depend
    ),
    schema as (
        select
            pg_namespace.oid as id,
            pg_namespace.nspname as name
        from pg_namespace
        where nspname != 'information_schema' and nspname not like 'pg\_%'
    ),
    referenced as (
        select
            relation.id AS id,
            referenced_class.name ,
            referenced_class.schema ,
            referenced_class.kind
        from relation
        join class as referenced_class on relation.class=referenced_class.id
        where referenced_class.kind in ('r', 'v', 'm')
    ),
    relationships as (
        select
            referenced.name as referenced_name,
            referenced.schema as referenced_schema_id,
            dependent_class.name as dependent_name,
            dependent_class.schema as dependent_schema_id,
            referenced.kind as kind
        from referenced
        join dependency on referenced.id=dependency.id
        join class as dependent_class on dependency.ref=dependent_class.id
        where
            (referenced.name != dependent_class.name or
             referenced.schema != dependent_class.schema)
    )

    select
        referenced_schema.name as referenced_schema,
        relationships.referenced_name as referenced_name,
        dependent_schema.name as dependent_schema,
        relationships.dependent_name as dependent_name
    from relationships
    join schema as dependent_schema on relationships.dependent_schema_id=dependent_schema.id
    join schema as referenced_schema on relationships.referenced_schema_id=referenced_schema.id
    group by referenced_schema, referenced_name, dependent_schema, dependent_name
    order by referenced_schema, referenced_name, dependent_schema, dependent_name;
[0m04:20:11.330067 [debug] [MainThread]: SQL status: SELECT 0 in 0.004 seconds
[0m04:20:11.333741 [debug] [MainThread]: Sending event: {'category': 'dbt', 'action': 'runnable_timing', 'label': '5410c9ed-d453-428f-ab2b-09df0ec5d0fc', 'context': [<snowplow_tracker.self_describing_json.SelfDescribingJson object at 0x70bcb5b546e0>]}
[0m04:20:11.335570 [debug] [MainThread]: On master: ROLLBACK
[0m04:20:11.337084 [debug] [MainThread]: Using postgres connection "master"
[0m04:20:11.338094 [debug] [MainThread]: On master: BEGIN
[0m04:20:11.339902 [debug] [MainThread]: SQL status: BEGIN in 0.001 seconds
[0m04:20:11.341087 [debug] [MainThread]: On master: COMMIT
[0m04:20:11.342362 [debug] [MainThread]: Using postgres connection "master"
[0m04:20:11.343581 [debug] [MainThread]: On master: COMMIT
[0m04:20:11.344960 [debug] [MainThread]: SQL status: COMMIT in 0.000 seconds
[0m04:20:11.346125 [debug] [MainThread]: On master: Close
[0m04:20:11.356107 [debug] [Thread-1 (]: Began running node model.dbt_driven_data.trusted_non_pii_data
[0m04:20:11.357368 [info ] [Thread-1 (]: 1 of 4 START sql table model driven_trusted.non_pii_data ....................... [RUN]
[0m04:20:11.358663 [debug] [Thread-1 (]: Re-using an available connection from the pool (formerly list_airflow_driven_staging, now model.dbt_driven_data.trusted_non_pii_data)
[0m04:20:11.359562 [debug] [Thread-1 (]: Began compiling node model.dbt_driven_data.trusted_non_pii_data
[0m04:20:11.371830 [debug] [Thread-1 (]: Writing injected SQL for node "model.dbt_driven_data.trusted_non_pii_data"
[0m04:20:11.383581 [debug] [Thread-1 (]: Began executing node model.dbt_driven_data.trusted_non_pii_data
[0m04:20:11.427767 [debug] [Thread-1 (]: Writing runtime sql for node "model.dbt_driven_data.trusted_non_pii_data"
[0m04:20:11.439990 [debug] [Thread-1 (]: Using postgres connection "model.dbt_driven_data.trusted_non_pii_data"
[0m04:20:11.441215 [debug] [Thread-1 (]: On model.dbt_driven_data.trusted_non_pii_data: BEGIN
[0m04:20:11.442013 [debug] [Thread-1 (]: Opening a new connection, currently in state closed
[0m04:20:11.448575 [debug] [Thread-1 (]: SQL status: BEGIN in 0.006 seconds
[0m04:20:11.451441 [debug] [Thread-1 (]: Using postgres connection "model.dbt_driven_data.trusted_non_pii_data"
[0m04:20:11.452483 [debug] [Thread-1 (]: On model.dbt_driven_data.trusted_non_pii_data: /* {"app": "dbt", "dbt_version": "1.10.3", "profile_name": "default", "target_name": "dev", "node_id": "model.dbt_driven_data.trusted_non_pii_data"} */

  
    

  create  table "airflow"."driven_trusted"."non_pii_data__dbt_tmp"
  
  
    as
  
  (
    
WITH source_data AS (
 SELECT
 '***MASKED***' AS person_name,
 SUBSTRING(dp.user_name, 1, 5) || '*****' user_name,
 SUBSTRING(dp.email, 1, 5) || '*****' AS email,
 '***MASKED***' AS personal_number,
 '***MASKED***' AS birth_date,
 '***MASKED***' AS address,
 '***MASKED***' AS phone,
 SUBSTRING(da.mac_address, 1, 5) || '*****' AS mac_address,
 SUBSTRING(da.ip_address, 1, 5) || '*****' AS ip_address,
 SUBSTRING(df.iban, 1, 5) || '*****' AS iban,
 dd.accessed_at,
 fnu.session_duration,
 fnu.download_speed,
 fnu.upload_speed,
 fnu.consumed_traffic,
 fnu.unique_id
 FROM
 "airflow"."driven_staging"."fact_network_usage" fnu
 INNER JOIN
 "airflow"."driven_staging"."dim_address" da ON
fnu.unique_id = da.unique_id
 INNER JOIN
 "airflow"."driven_staging"."dim_date" dd ON da.unique_id =
dd.unique_id
 INNER JOIN
 "airflow"."driven_staging"."dim_finance" df ON dd.unique_id
= df.unique_id
 INNER JOIN
 "airflow"."driven_staging"."dim_person" dp ON df.unique_id
= dp.unique_id
)
SELECT
 *
FROM
 source_data
  );
  
[0m04:20:11.501312 [debug] [Thread-1 (]: SQL status: SELECT 7100 in 0.048 seconds
[0m04:20:11.514669 [debug] [Thread-1 (]: Using postgres connection "model.dbt_driven_data.trusted_non_pii_data"
[0m04:20:11.516007 [debug] [Thread-1 (]: On model.dbt_driven_data.trusted_non_pii_data: /* {"app": "dbt", "dbt_version": "1.10.3", "profile_name": "default", "target_name": "dev", "node_id": "model.dbt_driven_data.trusted_non_pii_data"} */
alter table "airflow"."driven_trusted"."non_pii_data" rename to "non_pii_data__dbt_backup"
[0m04:20:11.518869 [debug] [Thread-1 (]: SQL status: ALTER TABLE in 0.002 seconds
[0m04:20:11.522892 [debug] [Thread-1 (]: Using postgres connection "model.dbt_driven_data.trusted_non_pii_data"
[0m04:20:11.524136 [debug] [Thread-1 (]: On model.dbt_driven_data.trusted_non_pii_data: /* {"app": "dbt", "dbt_version": "1.10.3", "profile_name": "default", "target_name": "dev", "node_id": "model.dbt_driven_data.trusted_non_pii_data"} */
alter table "airflow"."driven_trusted"."non_pii_data__dbt_tmp" rename to "non_pii_data"
[0m04:20:11.525838 [debug] [Thread-1 (]: SQL status: ALTER TABLE in 0.001 seconds
[0m04:20:11.544130 [debug] [Thread-1 (]: On model.dbt_driven_data.trusted_non_pii_data: COMMIT
[0m04:20:11.545432 [debug] [Thread-1 (]: Using postgres connection "model.dbt_driven_data.trusted_non_pii_data"
[0m04:20:11.546638 [debug] [Thread-1 (]: On model.dbt_driven_data.trusted_non_pii_data: COMMIT
[0m04:20:11.554362 [debug] [Thread-1 (]: SQL status: COMMIT in 0.006 seconds
[0m04:20:11.562000 [debug] [Thread-1 (]: Applying DROP to: "airflow"."driven_trusted"."non_pii_data__dbt_backup"
[0m04:20:11.569696 [debug] [Thread-1 (]: Using postgres connection "model.dbt_driven_data.trusted_non_pii_data"
[0m04:20:11.570929 [debug] [Thread-1 (]: On model.dbt_driven_data.trusted_non_pii_data: /* {"app": "dbt", "dbt_version": "1.10.3", "profile_name": "default", "target_name": "dev", "node_id": "model.dbt_driven_data.trusted_non_pii_data"} */
drop table if exists "airflow"."driven_trusted"."non_pii_data__dbt_backup" cascade
[0m04:20:11.577614 [debug] [Thread-1 (]: SQL status: DROP TABLE in 0.006 seconds
[0m04:20:11.580840 [debug] [Thread-1 (]: On model.dbt_driven_data.trusted_non_pii_data: Close
[0m04:20:11.586377 [debug] [Thread-1 (]: Sending event: {'category': 'dbt', 'action': 'run_model', 'label': '5410c9ed-d453-428f-ab2b-09df0ec5d0fc', 'context': [<snowplow_tracker.self_describing_json.SelfDescribingJson object at 0x70bcba148770>]}
[0m04:20:11.587738 [info ] [Thread-1 (]: 1 of 4 OK created sql table model driven_trusted.non_pii_data .................. [[32mSELECT 7100[0m in 0.22s]
[0m04:20:11.589016 [debug] [Thread-1 (]: Finished running node model.dbt_driven_data.trusted_non_pii_data
[0m04:20:11.590056 [debug] [Thread-1 (]: Began running node model.dbt_driven_data.trusted_payment_data
[0m04:20:11.591046 [info ] [Thread-1 (]: 2 of 4 START sql table model driven_trusted.payment_data ....................... [RUN]
[0m04:20:11.592239 [debug] [Thread-1 (]: Re-using an available connection from the pool (formerly model.dbt_driven_data.trusted_non_pii_data, now model.dbt_driven_data.trusted_payment_data)
[0m04:20:11.593281 [debug] [Thread-1 (]: Began compiling node model.dbt_driven_data.trusted_payment_data
[0m04:20:11.597519 [debug] [Thread-1 (]: Writing injected SQL for node "model.dbt_driven_data.trusted_payment_data"
[0m04:20:11.608714 [debug] [Thread-1 (]: Began executing node model.dbt_driven_data.trusted_payment_data
[0m04:20:11.613090 [debug] [Thread-1 (]: Writing runtime sql for node "model.dbt_driven_data.trusted_payment_data"
[0m04:20:11.624006 [debug] [Thread-1 (]: Using postgres connection "model.dbt_driven_data.trusted_payment_data"
[0m04:20:11.624731 [debug] [Thread-1 (]: On model.dbt_driven_data.trusted_payment_data: BEGIN
[0m04:20:11.625449 [debug] [Thread-1 (]: Opening a new connection, currently in state closed
[0m04:20:11.633089 [debug] [Thread-1 (]: SQL status: BEGIN in 0.007 seconds
[0m04:20:11.636039 [debug] [Thread-1 (]: Using postgres connection "model.dbt_driven_data.trusted_payment_data"
[0m04:20:11.637277 [debug] [Thread-1 (]: On model.dbt_driven_data.trusted_payment_data: /* {"app": "dbt", "dbt_version": "1.10.3", "profile_name": "default", "target_name": "dev", "node_id": "model.dbt_driven_data.trusted_payment_data"} */

  
    

  create  table "airflow"."driven_trusted"."payment_data__dbt_tmp"
  
  
    as
  
  (
    
WITH source_data AS (
 SELECT
 fnu.unique_id,
 df.iban,
 fnu.download_speed,
 fnu.upload_speed,
 fnu.session_duration,
 fnu.consumed_traffic,
 ((fnu.download_speed + fnu.upload_speed + 1)/2) +
(fnu.consumed_traffic / (fnu.session_duration + 1)) AS payment_amount
 FROM
 "airflow"."driven_staging"."fact_network_usage" fnu
 JOIN
 "airflow"."driven_staging"."dim_finance" df
 ON
 fnu.unique_id = df.unique_id
)
SELECT
 *
FROM
 source_data
  );
  
[0m04:20:11.645323 [debug] [Thread-1 (]: SQL status: SELECT 1500 in 0.007 seconds
[0m04:20:11.650117 [debug] [Thread-1 (]: Using postgres connection "model.dbt_driven_data.trusted_payment_data"
[0m04:20:11.651641 [debug] [Thread-1 (]: On model.dbt_driven_data.trusted_payment_data: /* {"app": "dbt", "dbt_version": "1.10.3", "profile_name": "default", "target_name": "dev", "node_id": "model.dbt_driven_data.trusted_payment_data"} */
alter table "airflow"."driven_trusted"."payment_data" rename to "payment_data__dbt_backup"
[0m04:20:11.654089 [debug] [Thread-1 (]: SQL status: ALTER TABLE in 0.001 seconds
[0m04:20:11.659232 [debug] [Thread-1 (]: Using postgres connection "model.dbt_driven_data.trusted_payment_data"
[0m04:20:11.660381 [debug] [Thread-1 (]: On model.dbt_driven_data.trusted_payment_data: /* {"app": "dbt", "dbt_version": "1.10.3", "profile_name": "default", "target_name": "dev", "node_id": "model.dbt_driven_data.trusted_payment_data"} */
alter table "airflow"."driven_trusted"."payment_data__dbt_tmp" rename to "payment_data"
[0m04:20:11.661837 [debug] [Thread-1 (]: SQL status: ALTER TABLE in 0.000 seconds
[0m04:20:11.665633 [debug] [Thread-1 (]: On model.dbt_driven_data.trusted_payment_data: COMMIT
[0m04:20:11.666769 [debug] [Thread-1 (]: Using postgres connection "model.dbt_driven_data.trusted_payment_data"
[0m04:20:11.667639 [debug] [Thread-1 (]: On model.dbt_driven_data.trusted_payment_data: COMMIT
[0m04:20:11.671135 [debug] [Thread-1 (]: SQL status: COMMIT in 0.002 seconds
[0m04:20:11.675249 [debug] [Thread-1 (]: Applying DROP to: "airflow"."driven_trusted"."payment_data__dbt_backup"
[0m04:20:11.677025 [debug] [Thread-1 (]: Using postgres connection "model.dbt_driven_data.trusted_payment_data"
[0m04:20:11.678101 [debug] [Thread-1 (]: On model.dbt_driven_data.trusted_payment_data: /* {"app": "dbt", "dbt_version": "1.10.3", "profile_name": "default", "target_name": "dev", "node_id": "model.dbt_driven_data.trusted_payment_data"} */
drop table if exists "airflow"."driven_trusted"."payment_data__dbt_backup" cascade
[0m04:20:11.686665 [debug] [Thread-1 (]: SQL status: DROP TABLE in 0.008 seconds
[0m04:20:11.689376 [debug] [Thread-1 (]: On model.dbt_driven_data.trusted_payment_data: Close
[0m04:20:11.690807 [debug] [Thread-1 (]: Sending event: {'category': 'dbt', 'action': 'run_model', 'label': '5410c9ed-d453-428f-ab2b-09df0ec5d0fc', 'context': [<snowplow_tracker.self_describing_json.SelfDescribingJson object at 0x70bcaef5f9b0>]}
[0m04:20:11.692165 [info ] [Thread-1 (]: 2 of 4 OK created sql table model driven_trusted.payment_data .................. [[32mSELECT 1500[0m in 0.10s]
[0m04:20:11.693490 [debug] [Thread-1 (]: Finished running node model.dbt_driven_data.trusted_payment_data
[0m04:20:11.694547 [debug] [Thread-1 (]: Began running node model.dbt_driven_data.trusted_pii_data
[0m04:20:11.695630 [info ] [Thread-1 (]: 3 of 4 START sql table model driven_trusted.pii_data ........................... [RUN]
[0m04:20:11.696657 [debug] [Thread-1 (]: Re-using an available connection from the pool (formerly model.dbt_driven_data.trusted_payment_data, now model.dbt_driven_data.trusted_pii_data)
[0m04:20:11.697637 [debug] [Thread-1 (]: Began compiling node model.dbt_driven_data.trusted_pii_data
[0m04:20:11.702614 [debug] [Thread-1 (]: Writing injected SQL for node "model.dbt_driven_data.trusted_pii_data"
[0m04:20:11.714708 [debug] [Thread-1 (]: Began executing node model.dbt_driven_data.trusted_pii_data
[0m04:20:11.719087 [debug] [Thread-1 (]: Writing runtime sql for node "model.dbt_driven_data.trusted_pii_data"
[0m04:20:11.729915 [debug] [Thread-1 (]: Using postgres connection "model.dbt_driven_data.trusted_pii_data"
[0m04:20:11.730740 [debug] [Thread-1 (]: On model.dbt_driven_data.trusted_pii_data: BEGIN
[0m04:20:11.731417 [debug] [Thread-1 (]: Opening a new connection, currently in state closed
[0m04:20:11.738267 [debug] [Thread-1 (]: SQL status: BEGIN in 0.007 seconds
[0m04:20:11.739955 [debug] [Thread-1 (]: Using postgres connection "model.dbt_driven_data.trusted_pii_data"
[0m04:20:11.740915 [debug] [Thread-1 (]: On model.dbt_driven_data.trusted_pii_data: /* {"app": "dbt", "dbt_version": "1.10.3", "profile_name": "default", "target_name": "dev", "node_id": "model.dbt_driven_data.trusted_pii_data"} */

  
    

  create  table "airflow"."driven_trusted"."pii_data__dbt_tmp"
  
  
    as
  
  (
    
WITH source_data AS (
 SELECT
 dp.person_name,
 dp.user_name,
 dp.email,
 dp.personal_number,
 dp.birth_date,
 da.address,
 dp.phone,
 da.mac_address,
 da.ip_address,
 df.iban,
 dd.accessed_at,
 fnu.session_duration,
 fnu.download_speed,
 fnu.upload_speed,
 fnu.consumed_traffic,
 fnu.unique_id
 FROM
 "airflow"."driven_staging"."fact_network_usage" fnu
 INNER JOIN
 "airflow"."driven_staging"."dim_address" da ON
fnu.unique_id = da.unique_id
 INNER JOIN
 "airflow"."driven_staging"."dim_date" dd ON da.unique_id =
dd.unique_id
 INNER JOIN
 "airflow"."driven_staging"."dim_finance" df ON dd.unique_id
= df.unique_id
 INNER JOIN
 "airflow"."driven_staging"."dim_person" dp ON df.unique_id
= dp.unique_id
)
SELECT
 *
FROM
 source_data
  );
  
[0m04:20:11.780818 [debug] [Thread-1 (]: SQL status: SELECT 7100 in 0.039 seconds
[0m04:20:11.786084 [debug] [Thread-1 (]: Using postgres connection "model.dbt_driven_data.trusted_pii_data"
[0m04:20:11.787219 [debug] [Thread-1 (]: On model.dbt_driven_data.trusted_pii_data: /* {"app": "dbt", "dbt_version": "1.10.3", "profile_name": "default", "target_name": "dev", "node_id": "model.dbt_driven_data.trusted_pii_data"} */
alter table "airflow"."driven_trusted"."pii_data" rename to "pii_data__dbt_backup"
[0m04:20:11.789088 [debug] [Thread-1 (]: SQL status: ALTER TABLE in 0.001 seconds
[0m04:20:11.793034 [debug] [Thread-1 (]: Using postgres connection "model.dbt_driven_data.trusted_pii_data"
[0m04:20:11.794405 [debug] [Thread-1 (]: On model.dbt_driven_data.trusted_pii_data: /* {"app": "dbt", "dbt_version": "1.10.3", "profile_name": "default", "target_name": "dev", "node_id": "model.dbt_driven_data.trusted_pii_data"} */
alter table "airflow"."driven_trusted"."pii_data__dbt_tmp" rename to "pii_data"
[0m04:20:11.797095 [debug] [Thread-1 (]: SQL status: ALTER TABLE in 0.001 seconds
[0m04:20:11.799672 [debug] [Thread-1 (]: On model.dbt_driven_data.trusted_pii_data: COMMIT
[0m04:20:11.800603 [debug] [Thread-1 (]: Using postgres connection "model.dbt_driven_data.trusted_pii_data"
[0m04:20:11.801472 [debug] [Thread-1 (]: On model.dbt_driven_data.trusted_pii_data: COMMIT
[0m04:20:11.804014 [debug] [Thread-1 (]: SQL status: COMMIT in 0.002 seconds
[0m04:20:11.807270 [debug] [Thread-1 (]: Applying DROP to: "airflow"."driven_trusted"."pii_data__dbt_backup"
[0m04:20:11.808871 [debug] [Thread-1 (]: Using postgres connection "model.dbt_driven_data.trusted_pii_data"
[0m04:20:11.809982 [debug] [Thread-1 (]: On model.dbt_driven_data.trusted_pii_data: /* {"app": "dbt", "dbt_version": "1.10.3", "profile_name": "default", "target_name": "dev", "node_id": "model.dbt_driven_data.trusted_pii_data"} */
drop table if exists "airflow"."driven_trusted"."pii_data__dbt_backup" cascade
[0m04:20:11.815788 [debug] [Thread-1 (]: SQL status: DROP TABLE in 0.005 seconds
[0m04:20:11.817949 [debug] [Thread-1 (]: On model.dbt_driven_data.trusted_pii_data: Close
[0m04:20:11.819235 [debug] [Thread-1 (]: Sending event: {'category': 'dbt', 'action': 'run_model', 'label': '5410c9ed-d453-428f-ab2b-09df0ec5d0fc', 'context': [<snowplow_tracker.self_describing_json.SelfDescribingJson object at 0x70bcaef54fb0>]}
[0m04:20:11.820497 [info ] [Thread-1 (]: 3 of 4 OK created sql table model driven_trusted.pii_data ...................... [[32mSELECT 7100[0m in 0.12s]
[0m04:20:11.821911 [debug] [Thread-1 (]: Finished running node model.dbt_driven_data.trusted_pii_data
[0m04:20:11.822888 [debug] [Thread-1 (]: Began running node model.dbt_driven_data.trusted_technical_data
[0m04:20:11.823889 [info ] [Thread-1 (]: 4 of 4 START sql table model driven_trusted.technical_data ..................... [RUN]
[0m04:20:11.825121 [debug] [Thread-1 (]: Re-using an available connection from the pool (formerly model.dbt_driven_data.trusted_pii_data, now model.dbt_driven_data.trusted_technical_data)
[0m04:20:11.826030 [debug] [Thread-1 (]: Began compiling node model.dbt_driven_data.trusted_technical_data
[0m04:20:11.830259 [debug] [Thread-1 (]: Writing injected SQL for node "model.dbt_driven_data.trusted_technical_data"
[0m04:20:11.841440 [debug] [Thread-1 (]: Began executing node model.dbt_driven_data.trusted_technical_data
[0m04:20:11.845552 [debug] [Thread-1 (]: Writing runtime sql for node "model.dbt_driven_data.trusted_technical_data"
[0m04:20:11.856726 [debug] [Thread-1 (]: Using postgres connection "model.dbt_driven_data.trusted_technical_data"
[0m04:20:11.857562 [debug] [Thread-1 (]: On model.dbt_driven_data.trusted_technical_data: BEGIN
[0m04:20:11.858261 [debug] [Thread-1 (]: Opening a new connection, currently in state closed
[0m04:20:11.865310 [debug] [Thread-1 (]: SQL status: BEGIN in 0.007 seconds
[0m04:20:11.867920 [debug] [Thread-1 (]: Using postgres connection "model.dbt_driven_data.trusted_technical_data"
[0m04:20:11.868912 [debug] [Thread-1 (]: On model.dbt_driven_data.trusted_technical_data: /* {"app": "dbt", "dbt_version": "1.10.3", "profile_name": "default", "target_name": "dev", "node_id": "model.dbt_driven_data.trusted_technical_data"} */

  
    

  create  table "airflow"."driven_trusted"."technical_data__dbt_tmp"
  
  
    as
  
  (
    
WITH source_data AS (
 SELECT
 fnu.unique_id,
 da.address,
 da.mac_address,
 da.ip_address,
 fnu.download_speed,
 fnu.upload_speed,
 ROUND((fnu.session_duration/60), 1) as min_session_duration,
 CASE
 WHEN fnu.download_speed < 50 OR fnu.upload_speed < 30 OR
fnu.session_duration/60 < 1 THEN true
 ELSE false
 END AS technical_issue
 FROM
 "airflow"."driven_staging"."fact_network_usage" fnu
 JOIN
 "airflow"."driven_staging"."dim_address" da
 ON
 fnu.unique_id = da.unique_id
)
SELECT
 *
FROM
 source_data
  );
  
[0m04:20:11.880666 [debug] [Thread-1 (]: SQL status: SELECT 1500 in 0.010 seconds
[0m04:20:11.886234 [debug] [Thread-1 (]: Using postgres connection "model.dbt_driven_data.trusted_technical_data"
[0m04:20:11.887502 [debug] [Thread-1 (]: On model.dbt_driven_data.trusted_technical_data: /* {"app": "dbt", "dbt_version": "1.10.3", "profile_name": "default", "target_name": "dev", "node_id": "model.dbt_driven_data.trusted_technical_data"} */
alter table "airflow"."driven_trusted"."technical_data" rename to "technical_data__dbt_backup"
[0m04:20:11.889343 [debug] [Thread-1 (]: SQL status: ALTER TABLE in 0.001 seconds
[0m04:20:11.894078 [debug] [Thread-1 (]: Using postgres connection "model.dbt_driven_data.trusted_technical_data"
[0m04:20:11.895219 [debug] [Thread-1 (]: On model.dbt_driven_data.trusted_technical_data: /* {"app": "dbt", "dbt_version": "1.10.3", "profile_name": "default", "target_name": "dev", "node_id": "model.dbt_driven_data.trusted_technical_data"} */
alter table "airflow"."driven_trusted"."technical_data__dbt_tmp" rename to "technical_data"
[0m04:20:11.897165 [debug] [Thread-1 (]: SQL status: ALTER TABLE in 0.001 seconds
[0m04:20:11.900290 [debug] [Thread-1 (]: On model.dbt_driven_data.trusted_technical_data: COMMIT
[0m04:20:11.903098 [debug] [Thread-1 (]: Using postgres connection "model.dbt_driven_data.trusted_technical_data"
[0m04:20:11.904834 [debug] [Thread-1 (]: On model.dbt_driven_data.trusted_technical_data: COMMIT
[0m04:20:11.908359 [debug] [Thread-1 (]: SQL status: COMMIT in 0.002 seconds
[0m04:20:11.912704 [debug] [Thread-1 (]: Applying DROP to: "airflow"."driven_trusted"."technical_data__dbt_backup"
[0m04:20:11.914905 [debug] [Thread-1 (]: Using postgres connection "model.dbt_driven_data.trusted_technical_data"
[0m04:20:11.916292 [debug] [Thread-1 (]: On model.dbt_driven_data.trusted_technical_data: /* {"app": "dbt", "dbt_version": "1.10.3", "profile_name": "default", "target_name": "dev", "node_id": "model.dbt_driven_data.trusted_technical_data"} */
drop table if exists "airflow"."driven_trusted"."technical_data__dbt_backup" cascade
[0m04:20:11.923159 [debug] [Thread-1 (]: SQL status: DROP TABLE in 0.005 seconds
[0m04:20:11.925986 [debug] [Thread-1 (]: On model.dbt_driven_data.trusted_technical_data: Close
[0m04:20:11.927623 [debug] [Thread-1 (]: Sending event: {'category': 'dbt', 'action': 'run_model', 'label': '5410c9ed-d453-428f-ab2b-09df0ec5d0fc', 'context': [<snowplow_tracker.self_describing_json.SelfDescribingJson object at 0x70bcaef390d0>]}
[0m04:20:11.929090 [info ] [Thread-1 (]: 4 of 4 OK created sql table model driven_trusted.technical_data ................ [[32mSELECT 1500[0m in 0.10s]
[0m04:20:11.930619 [debug] [Thread-1 (]: Finished running node model.dbt_driven_data.trusted_technical_data
[0m04:20:11.933853 [debug] [MainThread]: Using postgres connection "master"
[0m04:20:11.935262 [debug] [MainThread]: On master: BEGIN
[0m04:20:11.936605 [debug] [MainThread]: Opening a new connection, currently in state closed
[0m04:20:11.944934 [debug] [MainThread]: SQL status: BEGIN in 0.008 seconds
[0m04:20:11.948229 [debug] [MainThread]: On master: COMMIT
[0m04:20:11.949729 [debug] [MainThread]: Using postgres connection "master"
[0m04:20:11.951047 [debug] [MainThread]: On master: COMMIT
[0m04:20:11.952976 [debug] [MainThread]: SQL status: COMMIT in 0.001 seconds
[0m04:20:11.954347 [debug] [MainThread]: On master: Close
[0m04:20:11.956625 [debug] [MainThread]: Connection 'master' was properly closed.
[0m04:20:11.958195 [debug] [MainThread]: Connection 'model.dbt_driven_data.trusted_technical_data' was properly closed.
[0m04:20:11.962475 [info ] [MainThread]: 
[0m04:20:11.964189 [info ] [MainThread]: Finished running 4 table models in 0 hours 0 minutes and 0.84 seconds (0.84s).
[0m04:20:11.966541 [debug] [MainThread]: Command end result
[0m04:20:12.042111 [debug] [MainThread]: Wrote artifact WritableManifest to /opt/airflow/dbt/target/manifest.json
[0m04:20:12.050796 [debug] [MainThread]: Wrote artifact SemanticManifest to /opt/airflow/dbt/target/semantic_manifest.json
[0m04:20:12.068602 [debug] [MainThread]: Wrote artifact RunExecutionResult to /opt/airflow/dbt/target/run_results.json
[0m04:20:12.069548 [info ] [MainThread]: 
[0m04:20:12.070905 [info ] [MainThread]: [32mCompleted successfully[0m
[0m04:20:12.071958 [info ] [MainThread]: 
[0m04:20:12.072889 [info ] [MainThread]: Done. PASS=4 WARN=0 ERROR=0 SKIP=0 NO-OP=0 TOTAL=4
[0m04:20:12.075862 [debug] [MainThread]: Resource report: {"command_name": "run", "command_success": true, "command_wall_clock_time": 2.3977063, "process_in_blocks": "24136", "process_kernel_time": 0.5783, "process_mem_max_rss": "119908", "process_out_blocks": "0", "process_user_time": 3.162116}
[0m04:20:12.079718 [debug] [MainThread]: Command `dbt run` succeeded at 04:20:12.079376 after 2.40 seconds
[0m04:20:12.080909 [debug] [MainThread]: Sending event: {'category': 'dbt', 'action': 'invocation', 'label': 'end', 'context': [<snowplow_tracker.self_describing_json.SelfDescribingJson object at 0x70bcb840f5f0>, <snowplow_tracker.self_describing_json.SelfDescribingJson object at 0x70bcb8443620>, <snowplow_tracker.self_describing_json.SelfDescribingJson object at 0x70bcaef8be90>]}
[0m04:20:12.081881 [debug] [MainThread]: Flushing usage events
[0m04:20:12.578410 [debug] [MainThread]: An error was encountered while trying to flush usage events
