[2025-07-07T03:12:04.508+0000] {processor.py:186} INFO - Started process (PID=92) to work on /opt/airflow/dags/driven_data_pipeline.py
[2025-07-07T03:12:04.510+0000] {processor.py:914} INFO - Processing file /opt/airflow/dags/driven_data_pipeline.py for tasks to queue
[2025-07-07T03:12:04.515+0000] {logging_mixin.py:190} INFO - [2025-07-07T03:12:04.514+0000] {dagbag.py:588} INFO - Filling up the DagBag from /opt/airflow/dags/driven_data_pipeline.py
[2025-07-07T03:12:07.015+0000] {processor.py:925} INFO - DAG(s) 'extract_raw_data_pipeline' retrieved from /opt/airflow/dags/driven_data_pipeline.py
[2025-07-07T03:12:07.170+0000] {logging_mixin.py:190} INFO - [2025-07-07T03:12:07.169+0000] {dag.py:3239} INFO - Sync 1 DAGs
[2025-07-07T03:12:07.285+0000] {logging_mixin.py:190} INFO - [2025-07-07T03:12:07.285+0000] {dag.py:4180} INFO - Setting next_dagrun for extract_raw_data_pipeline to 2025-07-06 07:59:00+00:00, run_after=2025-07-07 07:00:00+00:00
[2025-07-07T03:12:07.354+0000] {processor.py:208} INFO - Processing /opt/airflow/dags/driven_data_pipeline.py took 2.856 seconds
[2025-07-07T03:12:38.788+0000] {processor.py:186} INFO - Started process (PID=117) to work on /opt/airflow/dags/driven_data_pipeline.py
[2025-07-07T03:12:38.793+0000] {processor.py:914} INFO - Processing file /opt/airflow/dags/driven_data_pipeline.py for tasks to queue
[2025-07-07T03:12:38.831+0000] {logging_mixin.py:190} INFO - [2025-07-07T03:12:38.824+0000] {dagbag.py:588} INFO - Filling up the DagBag from /opt/airflow/dags/driven_data_pipeline.py
[2025-07-07T03:12:45.230+0000] {processor.py:925} INFO - DAG(s) 'extract_raw_data_pipeline' retrieved from /opt/airflow/dags/driven_data_pipeline.py
[2025-07-07T03:12:45.381+0000] {logging_mixin.py:190} INFO - [2025-07-07T03:12:45.380+0000] {dag.py:3239} INFO - Sync 1 DAGs
[2025-07-07T03:12:45.484+0000] {logging_mixin.py:190} INFO - [2025-07-07T03:12:45.483+0000] {dag.py:4180} INFO - Setting next_dagrun for extract_raw_data_pipeline to 2025-07-06 07:59:00+00:00, run_after=2025-07-07 07:00:00+00:00
[2025-07-07T03:12:45.580+0000] {processor.py:208} INFO - Processing /opt/airflow/dags/driven_data_pipeline.py took 6.872 seconds
[2025-07-07T03:13:15.934+0000] {processor.py:186} INFO - Started process (PID=126) to work on /opt/airflow/dags/driven_data_pipeline.py
[2025-07-07T03:13:15.935+0000] {processor.py:914} INFO - Processing file /opt/airflow/dags/driven_data_pipeline.py for tasks to queue
[2025-07-07T03:13:15.940+0000] {logging_mixin.py:190} INFO - [2025-07-07T03:13:15.939+0000] {dagbag.py:588} INFO - Filling up the DagBag from /opt/airflow/dags/driven_data_pipeline.py
[2025-07-07T03:13:16.538+0000] {processor.py:925} INFO - DAG(s) 'extract_raw_data_pipeline' retrieved from /opt/airflow/dags/driven_data_pipeline.py
[2025-07-07T03:13:16.564+0000] {logging_mixin.py:190} INFO - [2025-07-07T03:13:16.563+0000] {dag.py:3239} INFO - Sync 1 DAGs
[2025-07-07T03:13:16.587+0000] {logging_mixin.py:190} INFO - [2025-07-07T03:13:16.587+0000] {dag.py:4180} INFO - Setting next_dagrun for extract_raw_data_pipeline to 2025-07-06 07:59:00+00:00, run_after=2025-07-07 07:00:00+00:00
[2025-07-07T03:13:16.604+0000] {processor.py:208} INFO - Processing /opt/airflow/dags/driven_data_pipeline.py took 0.679 seconds
[2025-07-07T03:13:46.784+0000] {processor.py:186} INFO - Started process (PID=134) to work on /opt/airflow/dags/driven_data_pipeline.py
[2025-07-07T03:13:46.788+0000] {processor.py:914} INFO - Processing file /opt/airflow/dags/driven_data_pipeline.py for tasks to queue
[2025-07-07T03:13:46.793+0000] {logging_mixin.py:190} INFO - [2025-07-07T03:13:46.793+0000] {dagbag.py:588} INFO - Filling up the DagBag from /opt/airflow/dags/driven_data_pipeline.py
[2025-07-07T03:13:48.042+0000] {processor.py:925} INFO - DAG(s) 'extract_raw_data_pipeline' retrieved from /opt/airflow/dags/driven_data_pipeline.py
[2025-07-07T03:13:48.154+0000] {logging_mixin.py:190} INFO - [2025-07-07T03:13:48.153+0000] {dag.py:3239} INFO - Sync 1 DAGs
[2025-07-07T03:13:48.261+0000] {logging_mixin.py:190} INFO - [2025-07-07T03:13:48.260+0000] {dag.py:4180} INFO - Setting next_dagrun for extract_raw_data_pipeline to 2025-07-06 07:59:00+00:00, run_after=2025-07-07 07:00:00+00:00
[2025-07-07T03:13:48.326+0000] {processor.py:208} INFO - Processing /opt/airflow/dags/driven_data_pipeline.py took 1.560 seconds
[2025-07-07T03:14:18.684+0000] {processor.py:186} INFO - Started process (PID=142) to work on /opt/airflow/dags/driven_data_pipeline.py
[2025-07-07T03:14:18.688+0000] {processor.py:914} INFO - Processing file /opt/airflow/dags/driven_data_pipeline.py for tasks to queue
[2025-07-07T03:14:18.703+0000] {logging_mixin.py:190} INFO - [2025-07-07T03:14:18.702+0000] {dagbag.py:588} INFO - Filling up the DagBag from /opt/airflow/dags/driven_data_pipeline.py
[2025-07-07T03:14:19.830+0000] {processor.py:925} INFO - DAG(s) 'extract_raw_data_pipeline' retrieved from /opt/airflow/dags/driven_data_pipeline.py
[2025-07-07T03:14:19.894+0000] {logging_mixin.py:190} INFO - [2025-07-07T03:14:19.893+0000] {dag.py:3239} INFO - Sync 1 DAGs
[2025-07-07T03:14:19.932+0000] {logging_mixin.py:190} INFO - [2025-07-07T03:14:19.932+0000] {dag.py:4180} INFO - Setting next_dagrun for extract_raw_data_pipeline to 2025-07-06 07:59:00+00:00, run_after=2025-07-07 07:00:00+00:00
[2025-07-07T03:14:19.957+0000] {processor.py:208} INFO - Processing /opt/airflow/dags/driven_data_pipeline.py took 1.303 seconds
[2025-07-07T03:14:50.218+0000] {processor.py:186} INFO - Started process (PID=150) to work on /opt/airflow/dags/driven_data_pipeline.py
[2025-07-07T03:14:50.219+0000] {processor.py:914} INFO - Processing file /opt/airflow/dags/driven_data_pipeline.py for tasks to queue
[2025-07-07T03:14:50.226+0000] {logging_mixin.py:190} INFO - [2025-07-07T03:14:50.223+0000] {dagbag.py:588} INFO - Filling up the DagBag from /opt/airflow/dags/driven_data_pipeline.py
[2025-07-07T03:14:50.960+0000] {processor.py:925} INFO - DAG(s) 'extract_raw_data_pipeline' retrieved from /opt/airflow/dags/driven_data_pipeline.py
[2025-07-07T03:14:50.983+0000] {logging_mixin.py:190} INFO - [2025-07-07T03:14:50.983+0000] {dag.py:3239} INFO - Sync 1 DAGs
[2025-07-07T03:14:51.001+0000] {logging_mixin.py:190} INFO - [2025-07-07T03:14:51.001+0000] {dag.py:4180} INFO - Setting next_dagrun for extract_raw_data_pipeline to 2025-07-06 07:59:00+00:00, run_after=2025-07-07 07:00:00+00:00
[2025-07-07T03:14:51.017+0000] {processor.py:208} INFO - Processing /opt/airflow/dags/driven_data_pipeline.py took 0.807 seconds
[2025-07-07T03:15:21.276+0000] {processor.py:186} INFO - Started process (PID=158) to work on /opt/airflow/dags/driven_data_pipeline.py
[2025-07-07T03:15:21.277+0000] {processor.py:914} INFO - Processing file /opt/airflow/dags/driven_data_pipeline.py for tasks to queue
[2025-07-07T03:15:21.282+0000] {logging_mixin.py:190} INFO - [2025-07-07T03:15:21.281+0000] {dagbag.py:588} INFO - Filling up the DagBag from /opt/airflow/dags/driven_data_pipeline.py
[2025-07-07T03:15:21.503+0000] {processor.py:925} INFO - DAG(s) 'extract_raw_data_pipeline' retrieved from /opt/airflow/dags/driven_data_pipeline.py
[2025-07-07T03:15:21.529+0000] {logging_mixin.py:190} INFO - [2025-07-07T03:15:21.529+0000] {dag.py:3239} INFO - Sync 1 DAGs
[2025-07-07T03:15:21.550+0000] {logging_mixin.py:190} INFO - [2025-07-07T03:15:21.550+0000] {dag.py:4180} INFO - Setting next_dagrun for extract_raw_data_pipeline to 2025-07-06 07:59:00+00:00, run_after=2025-07-07 07:00:00+00:00
[2025-07-07T03:15:21.567+0000] {processor.py:208} INFO - Processing /opt/airflow/dags/driven_data_pipeline.py took 0.301 seconds
[2025-07-07T03:15:51.801+0000] {processor.py:186} INFO - Started process (PID=166) to work on /opt/airflow/dags/driven_data_pipeline.py
[2025-07-07T03:15:51.804+0000] {processor.py:914} INFO - Processing file /opt/airflow/dags/driven_data_pipeline.py for tasks to queue
[2025-07-07T03:15:51.807+0000] {logging_mixin.py:190} INFO - [2025-07-07T03:15:51.806+0000] {dagbag.py:588} INFO - Filling up the DagBag from /opt/airflow/dags/driven_data_pipeline.py
[2025-07-07T03:15:52.005+0000] {processor.py:925} INFO - DAG(s) 'extract_raw_data_pipeline' retrieved from /opt/airflow/dags/driven_data_pipeline.py
[2025-07-07T03:15:52.040+0000] {logging_mixin.py:190} INFO - [2025-07-07T03:15:52.040+0000] {dag.py:3239} INFO - Sync 1 DAGs
[2025-07-07T03:15:52.070+0000] {logging_mixin.py:190} INFO - [2025-07-07T03:15:52.069+0000] {dag.py:4180} INFO - Setting next_dagrun for extract_raw_data_pipeline to 2025-07-06 07:59:00+00:00, run_after=2025-07-07 07:00:00+00:00
[2025-07-07T03:15:52.098+0000] {processor.py:208} INFO - Processing /opt/airflow/dags/driven_data_pipeline.py took 0.306 seconds
[2025-07-07T03:16:22.391+0000] {processor.py:186} INFO - Started process (PID=174) to work on /opt/airflow/dags/driven_data_pipeline.py
[2025-07-07T03:16:22.393+0000] {processor.py:914} INFO - Processing file /opt/airflow/dags/driven_data_pipeline.py for tasks to queue
[2025-07-07T03:16:22.397+0000] {logging_mixin.py:190} INFO - [2025-07-07T03:16:22.396+0000] {dagbag.py:588} INFO - Filling up the DagBag from /opt/airflow/dags/driven_data_pipeline.py
[2025-07-07T03:16:22.665+0000] {processor.py:925} INFO - DAG(s) 'extract_raw_data_pipeline' retrieved from /opt/airflow/dags/driven_data_pipeline.py
[2025-07-07T03:16:22.706+0000] {logging_mixin.py:190} INFO - [2025-07-07T03:16:22.705+0000] {dag.py:3239} INFO - Sync 1 DAGs
[2025-07-07T03:16:22.737+0000] {logging_mixin.py:190} INFO - [2025-07-07T03:16:22.737+0000] {dag.py:4180} INFO - Setting next_dagrun for extract_raw_data_pipeline to 2025-07-06 07:59:00+00:00, run_after=2025-07-07 07:00:00+00:00
[2025-07-07T03:16:22.762+0000] {processor.py:208} INFO - Processing /opt/airflow/dags/driven_data_pipeline.py took 0.378 seconds
[2025-07-07T03:16:53.217+0000] {processor.py:186} INFO - Started process (PID=182) to work on /opt/airflow/dags/driven_data_pipeline.py
[2025-07-07T03:16:53.219+0000] {processor.py:914} INFO - Processing file /opt/airflow/dags/driven_data_pipeline.py for tasks to queue
[2025-07-07T03:16:53.226+0000] {logging_mixin.py:190} INFO - [2025-07-07T03:16:53.225+0000] {dagbag.py:588} INFO - Filling up the DagBag from /opt/airflow/dags/driven_data_pipeline.py
[2025-07-07T03:16:53.526+0000] {processor.py:925} INFO - DAG(s) 'extract_raw_data_pipeline' retrieved from /opt/airflow/dags/driven_data_pipeline.py
[2025-07-07T03:16:53.592+0000] {logging_mixin.py:190} INFO - [2025-07-07T03:16:53.591+0000] {dag.py:3239} INFO - Sync 1 DAGs
[2025-07-07T03:16:53.639+0000] {logging_mixin.py:190} INFO - [2025-07-07T03:16:53.639+0000] {dag.py:4180} INFO - Setting next_dagrun for extract_raw_data_pipeline to 2025-07-06 07:59:00+00:00, run_after=2025-07-07 07:00:00+00:00
[2025-07-07T03:16:53.670+0000] {processor.py:208} INFO - Processing /opt/airflow/dags/driven_data_pipeline.py took 0.464 seconds
[2025-07-07T03:17:23.982+0000] {processor.py:186} INFO - Started process (PID=190) to work on /opt/airflow/dags/driven_data_pipeline.py
[2025-07-07T03:17:23.983+0000] {processor.py:914} INFO - Processing file /opt/airflow/dags/driven_data_pipeline.py for tasks to queue
[2025-07-07T03:17:23.986+0000] {logging_mixin.py:190} INFO - [2025-07-07T03:17:23.986+0000] {dagbag.py:588} INFO - Filling up the DagBag from /opt/airflow/dags/driven_data_pipeline.py
[2025-07-07T03:17:24.172+0000] {processor.py:925} INFO - DAG(s) 'extract_raw_data_pipeline' retrieved from /opt/airflow/dags/driven_data_pipeline.py
[2025-07-07T03:17:24.199+0000] {logging_mixin.py:190} INFO - [2025-07-07T03:17:24.199+0000] {dag.py:3239} INFO - Sync 1 DAGs
[2025-07-07T03:17:24.219+0000] {logging_mixin.py:190} INFO - [2025-07-07T03:17:24.219+0000] {dag.py:4180} INFO - Setting next_dagrun for extract_raw_data_pipeline to 2025-07-06 07:59:00+00:00, run_after=2025-07-07 07:00:00+00:00
[2025-07-07T03:17:24.233+0000] {processor.py:208} INFO - Processing /opt/airflow/dags/driven_data_pipeline.py took 0.258 seconds
[2025-07-07T03:20:27.504+0000] {processor.py:186} INFO - Started process (PID=104) to work on /opt/airflow/dags/driven_data_pipeline.py
[2025-07-07T03:20:27.506+0000] {processor.py:914} INFO - Processing file /opt/airflow/dags/driven_data_pipeline.py for tasks to queue
[2025-07-07T03:20:27.523+0000] {logging_mixin.py:190} INFO - [2025-07-07T03:20:27.521+0000] {dagbag.py:588} INFO - Filling up the DagBag from /opt/airflow/dags/driven_data_pipeline.py
[2025-07-07T03:20:29.467+0000] {processor.py:925} INFO - DAG(s) 'extract_raw_data_pipeline' retrieved from /opt/airflow/dags/driven_data_pipeline.py
[2025-07-07T03:20:29.966+0000] {logging_mixin.py:190} INFO - [2025-07-07T03:20:29.961+0000] {override.py:1900} INFO - Created Permission View: can delete on DAG:extract_raw_data_pipeline
[2025-07-07T03:20:29.998+0000] {logging_mixin.py:190} INFO - [2025-07-07T03:20:29.997+0000] {override.py:1900} INFO - Created Permission View: can edit on DAG:extract_raw_data_pipeline
[2025-07-07T03:20:30.011+0000] {logging_mixin.py:190} INFO - [2025-07-07T03:20:30.010+0000] {override.py:1900} INFO - Created Permission View: can read on DAG:extract_raw_data_pipeline
[2025-07-07T03:20:30.023+0000] {logging_mixin.py:190} INFO - [2025-07-07T03:20:30.022+0000] {override.py:1900} INFO - Created Permission View: can delete on DAG Run:extract_raw_data_pipeline
[2025-07-07T03:20:30.034+0000] {logging_mixin.py:190} INFO - [2025-07-07T03:20:30.033+0000] {override.py:1900} INFO - Created Permission View: can read on DAG Run:extract_raw_data_pipeline
[2025-07-07T03:20:30.043+0000] {logging_mixin.py:190} INFO - [2025-07-07T03:20:30.043+0000] {override.py:1900} INFO - Created Permission View: menu access on DAG Run:extract_raw_data_pipeline
[2025-07-07T03:20:30.056+0000] {logging_mixin.py:190} INFO - [2025-07-07T03:20:30.055+0000] {override.py:1900} INFO - Created Permission View: can create on DAG Run:extract_raw_data_pipeline
[2025-07-07T03:20:30.057+0000] {logging_mixin.py:190} INFO - [2025-07-07T03:20:30.056+0000] {dag.py:3239} INFO - Sync 1 DAGs
[2025-07-07T03:20:30.085+0000] {logging_mixin.py:190} INFO - [2025-07-07T03:20:30.085+0000] {dag.py:3262} INFO - Creating ORM DAG for extract_raw_data_pipeline
[2025-07-07T03:20:30.104+0000] {logging_mixin.py:190} INFO - [2025-07-07T03:20:30.103+0000] {dag.py:4180} INFO - Setting next_dagrun for extract_raw_data_pipeline to 2025-07-06 07:58:00+00:00, run_after=2025-07-06 07:59:00+00:00
[2025-07-07T03:20:30.187+0000] {processor.py:208} INFO - Processing /opt/airflow/dags/driven_data_pipeline.py took 2.714 seconds
[2025-07-07T03:21:00.764+0000] {processor.py:186} INFO - Started process (PID=112) to work on /opt/airflow/dags/driven_data_pipeline.py
[2025-07-07T03:21:00.768+0000] {processor.py:914} INFO - Processing file /opt/airflow/dags/driven_data_pipeline.py for tasks to queue
[2025-07-07T03:21:00.797+0000] {logging_mixin.py:190} INFO - [2025-07-07T03:21:00.793+0000] {dagbag.py:588} INFO - Filling up the DagBag from /opt/airflow/dags/driven_data_pipeline.py
[2025-07-07T03:21:03.788+0000] {processor.py:925} INFO - DAG(s) 'extract_raw_data_pipeline' retrieved from /opt/airflow/dags/driven_data_pipeline.py
[2025-07-07T03:21:03.855+0000] {logging_mixin.py:190} INFO - [2025-07-07T03:21:03.854+0000] {dag.py:3239} INFO - Sync 1 DAGs
[2025-07-07T03:21:03.909+0000] {logging_mixin.py:190} INFO - [2025-07-07T03:21:03.908+0000] {dag.py:4180} INFO - Setting next_dagrun for extract_raw_data_pipeline to 2025-07-06 07:58:00+00:00, run_after=2025-07-06 07:59:00+00:00
[2025-07-07T03:21:03.978+0000] {processor.py:208} INFO - Processing /opt/airflow/dags/driven_data_pipeline.py took 3.281 seconds
[2025-07-07T03:21:34.299+0000] {processor.py:186} INFO - Started process (PID=120) to work on /opt/airflow/dags/driven_data_pipeline.py
[2025-07-07T03:21:34.302+0000] {processor.py:914} INFO - Processing file /opt/airflow/dags/driven_data_pipeline.py for tasks to queue
[2025-07-07T03:21:34.313+0000] {logging_mixin.py:190} INFO - [2025-07-07T03:21:34.312+0000] {dagbag.py:588} INFO - Filling up the DagBag from /opt/airflow/dags/driven_data_pipeline.py
[2025-07-07T03:21:35.544+0000] {processor.py:925} INFO - DAG(s) 'extract_raw_data_pipeline' retrieved from /opt/airflow/dags/driven_data_pipeline.py
[2025-07-07T03:21:35.612+0000] {logging_mixin.py:190} INFO - [2025-07-07T03:21:35.611+0000] {dag.py:3239} INFO - Sync 1 DAGs
[2025-07-07T03:21:35.648+0000] {logging_mixin.py:190} INFO - [2025-07-07T03:21:35.648+0000] {dag.py:4180} INFO - Setting next_dagrun for extract_raw_data_pipeline to 2025-07-06 07:58:00+00:00, run_after=2025-07-06 07:59:00+00:00
[2025-07-07T03:21:35.676+0000] {processor.py:208} INFO - Processing /opt/airflow/dags/driven_data_pipeline.py took 1.397 seconds
[2025-07-07T03:22:06.143+0000] {processor.py:186} INFO - Started process (PID=134) to work on /opt/airflow/dags/driven_data_pipeline.py
[2025-07-07T03:22:06.146+0000] {processor.py:914} INFO - Processing file /opt/airflow/dags/driven_data_pipeline.py for tasks to queue
[2025-07-07T03:22:06.152+0000] {logging_mixin.py:190} INFO - [2025-07-07T03:22:06.152+0000] {dagbag.py:588} INFO - Filling up the DagBag from /opt/airflow/dags/driven_data_pipeline.py
[2025-07-07T03:22:08.835+0000] {processor.py:925} INFO - DAG(s) 'extract_raw_data_pipeline' retrieved from /opt/airflow/dags/driven_data_pipeline.py
[2025-07-07T03:22:08.879+0000] {logging_mixin.py:190} INFO - [2025-07-07T03:22:08.878+0000] {dag.py:3239} INFO - Sync 1 DAGs
[2025-07-07T03:22:08.925+0000] {logging_mixin.py:190} INFO - [2025-07-07T03:22:08.924+0000] {dag.py:4180} INFO - Setting next_dagrun for extract_raw_data_pipeline to 2025-07-06 07:59:00+00:00, run_after=2025-07-07 07:00:00+00:00
[2025-07-07T03:22:08.953+0000] {processor.py:208} INFO - Processing /opt/airflow/dags/driven_data_pipeline.py took 2.843 seconds
[2025-07-07T03:22:39.248+0000] {processor.py:186} INFO - Started process (PID=146) to work on /opt/airflow/dags/driven_data_pipeline.py
[2025-07-07T03:22:39.249+0000] {processor.py:914} INFO - Processing file /opt/airflow/dags/driven_data_pipeline.py for tasks to queue
[2025-07-07T03:22:39.253+0000] {logging_mixin.py:190} INFO - [2025-07-07T03:22:39.252+0000] {dagbag.py:588} INFO - Filling up the DagBag from /opt/airflow/dags/driven_data_pipeline.py
[2025-07-07T03:22:40.111+0000] {processor.py:925} INFO - DAG(s) 'extract_raw_data_pipeline' retrieved from /opt/airflow/dags/driven_data_pipeline.py
[2025-07-07T03:22:40.134+0000] {logging_mixin.py:190} INFO - [2025-07-07T03:22:40.134+0000] {dag.py:3239} INFO - Sync 1 DAGs
[2025-07-07T03:22:40.151+0000] {logging_mixin.py:190} INFO - [2025-07-07T03:22:40.150+0000] {dag.py:4180} INFO - Setting next_dagrun for extract_raw_data_pipeline to 2025-07-06 07:59:00+00:00, run_after=2025-07-07 07:00:00+00:00
[2025-07-07T03:22:40.166+0000] {processor.py:208} INFO - Processing /opt/airflow/dags/driven_data_pipeline.py took 0.926 seconds
[2025-07-07T03:23:10.392+0000] {processor.py:186} INFO - Started process (PID=154) to work on /opt/airflow/dags/driven_data_pipeline.py
[2025-07-07T03:23:10.393+0000] {processor.py:914} INFO - Processing file /opt/airflow/dags/driven_data_pipeline.py for tasks to queue
[2025-07-07T03:23:10.395+0000] {logging_mixin.py:190} INFO - [2025-07-07T03:23:10.395+0000] {dagbag.py:588} INFO - Filling up the DagBag from /opt/airflow/dags/driven_data_pipeline.py
[2025-07-07T03:23:10.755+0000] {processor.py:925} INFO - DAG(s) 'extract_raw_data_pipeline' retrieved from /opt/airflow/dags/driven_data_pipeline.py
[2025-07-07T03:23:10.776+0000] {logging_mixin.py:190} INFO - [2025-07-07T03:23:10.776+0000] {dag.py:3239} INFO - Sync 1 DAGs
[2025-07-07T03:23:10.793+0000] {logging_mixin.py:190} INFO - [2025-07-07T03:23:10.793+0000] {dag.py:4180} INFO - Setting next_dagrun for extract_raw_data_pipeline to 2025-07-06 07:59:00+00:00, run_after=2025-07-07 07:00:00+00:00
[2025-07-07T03:23:10.809+0000] {processor.py:208} INFO - Processing /opt/airflow/dags/driven_data_pipeline.py took 0.422 seconds
[2025-07-07T03:23:41.044+0000] {processor.py:186} INFO - Started process (PID=162) to work on /opt/airflow/dags/driven_data_pipeline.py
[2025-07-07T03:23:41.045+0000] {processor.py:914} INFO - Processing file /opt/airflow/dags/driven_data_pipeline.py for tasks to queue
[2025-07-07T03:23:41.048+0000] {logging_mixin.py:190} INFO - [2025-07-07T03:23:41.047+0000] {dagbag.py:588} INFO - Filling up the DagBag from /opt/airflow/dags/driven_data_pipeline.py
[2025-07-07T03:23:41.437+0000] {processor.py:925} INFO - DAG(s) 'extract_raw_data_pipeline' retrieved from /opt/airflow/dags/driven_data_pipeline.py
[2025-07-07T03:23:41.461+0000] {logging_mixin.py:190} INFO - [2025-07-07T03:23:41.461+0000] {dag.py:3239} INFO - Sync 1 DAGs
[2025-07-07T03:23:41.480+0000] {logging_mixin.py:190} INFO - [2025-07-07T03:23:41.480+0000] {dag.py:4180} INFO - Setting next_dagrun for extract_raw_data_pipeline to 2025-07-06 07:59:00+00:00, run_after=2025-07-07 07:00:00+00:00
[2025-07-07T03:23:41.498+0000] {processor.py:208} INFO - Processing /opt/airflow/dags/driven_data_pipeline.py took 0.461 seconds
[2025-07-07T03:24:11.735+0000] {processor.py:186} INFO - Started process (PID=170) to work on /opt/airflow/dags/driven_data_pipeline.py
[2025-07-07T03:24:11.737+0000] {processor.py:914} INFO - Processing file /opt/airflow/dags/driven_data_pipeline.py for tasks to queue
[2025-07-07T03:24:11.739+0000] {logging_mixin.py:190} INFO - [2025-07-07T03:24:11.739+0000] {dagbag.py:588} INFO - Filling up the DagBag from /opt/airflow/dags/driven_data_pipeline.py
[2025-07-07T03:24:12.119+0000] {processor.py:925} INFO - DAG(s) 'extract_raw_data_pipeline' retrieved from /opt/airflow/dags/driven_data_pipeline.py
[2025-07-07T03:24:12.145+0000] {logging_mixin.py:190} INFO - [2025-07-07T03:24:12.145+0000] {dag.py:3239} INFO - Sync 1 DAGs
[2025-07-07T03:24:12.177+0000] {logging_mixin.py:190} INFO - [2025-07-07T03:24:12.176+0000] {dag.py:4180} INFO - Setting next_dagrun for extract_raw_data_pipeline to 2025-07-06 07:59:00+00:00, run_after=2025-07-07 07:00:00+00:00
[2025-07-07T03:24:12.201+0000] {processor.py:208} INFO - Processing /opt/airflow/dags/driven_data_pipeline.py took 0.472 seconds
[2025-07-07T03:24:42.468+0000] {processor.py:186} INFO - Started process (PID=182) to work on /opt/airflow/dags/driven_data_pipeline.py
[2025-07-07T03:24:42.469+0000] {processor.py:914} INFO - Processing file /opt/airflow/dags/driven_data_pipeline.py for tasks to queue
[2025-07-07T03:24:42.472+0000] {logging_mixin.py:190} INFO - [2025-07-07T03:24:42.471+0000] {dagbag.py:588} INFO - Filling up the DagBag from /opt/airflow/dags/driven_data_pipeline.py
[2025-07-07T03:24:43.033+0000] {processor.py:925} INFO - DAG(s) 'extract_raw_data_pipeline' retrieved from /opt/airflow/dags/driven_data_pipeline.py
[2025-07-07T03:24:43.059+0000] {logging_mixin.py:190} INFO - [2025-07-07T03:24:43.059+0000] {dag.py:3239} INFO - Sync 1 DAGs
[2025-07-07T03:24:43.078+0000] {logging_mixin.py:190} INFO - [2025-07-07T03:24:43.078+0000] {dag.py:4180} INFO - Setting next_dagrun for extract_raw_data_pipeline to 2025-07-06 07:59:00+00:00, run_after=2025-07-07 07:00:00+00:00
[2025-07-07T03:24:43.093+0000] {processor.py:208} INFO - Processing /opt/airflow/dags/driven_data_pipeline.py took 0.630 seconds
[2025-07-07T03:25:13.342+0000] {processor.py:186} INFO - Started process (PID=190) to work on /opt/airflow/dags/driven_data_pipeline.py
[2025-07-07T03:25:13.343+0000] {processor.py:914} INFO - Processing file /opt/airflow/dags/driven_data_pipeline.py for tasks to queue
[2025-07-07T03:25:13.345+0000] {logging_mixin.py:190} INFO - [2025-07-07T03:25:13.345+0000] {dagbag.py:588} INFO - Filling up the DagBag from /opt/airflow/dags/driven_data_pipeline.py
[2025-07-07T03:25:13.833+0000] {processor.py:925} INFO - DAG(s) 'extract_raw_data_pipeline' retrieved from /opt/airflow/dags/driven_data_pipeline.py
[2025-07-07T03:25:13.857+0000] {logging_mixin.py:190} INFO - [2025-07-07T03:25:13.857+0000] {dag.py:3239} INFO - Sync 1 DAGs
[2025-07-07T03:25:13.876+0000] {logging_mixin.py:190} INFO - [2025-07-07T03:25:13.876+0000] {dag.py:4180} INFO - Setting next_dagrun for extract_raw_data_pipeline to 2025-07-06 07:59:00+00:00, run_after=2025-07-07 07:00:00+00:00
[2025-07-07T03:25:13.891+0000] {processor.py:208} INFO - Processing /opt/airflow/dags/driven_data_pipeline.py took 0.556 seconds
[2025-07-07T03:25:44.114+0000] {processor.py:186} INFO - Started process (PID=198) to work on /opt/airflow/dags/driven_data_pipeline.py
[2025-07-07T03:25:44.115+0000] {processor.py:914} INFO - Processing file /opt/airflow/dags/driven_data_pipeline.py for tasks to queue
[2025-07-07T03:25:44.119+0000] {logging_mixin.py:190} INFO - [2025-07-07T03:25:44.118+0000] {dagbag.py:588} INFO - Filling up the DagBag from /opt/airflow/dags/driven_data_pipeline.py
[2025-07-07T03:25:44.571+0000] {processor.py:925} INFO - DAG(s) 'extract_raw_data_pipeline' retrieved from /opt/airflow/dags/driven_data_pipeline.py
[2025-07-07T03:25:44.593+0000] {logging_mixin.py:190} INFO - [2025-07-07T03:25:44.593+0000] {dag.py:3239} INFO - Sync 1 DAGs
[2025-07-07T03:25:44.613+0000] {logging_mixin.py:190} INFO - [2025-07-07T03:25:44.613+0000] {dag.py:4180} INFO - Setting next_dagrun for extract_raw_data_pipeline to 2025-07-06 07:59:00+00:00, run_after=2025-07-07 07:00:00+00:00
[2025-07-07T03:25:44.627+0000] {processor.py:208} INFO - Processing /opt/airflow/dags/driven_data_pipeline.py took 0.523 seconds
[2025-07-07T03:26:14.851+0000] {processor.py:186} INFO - Started process (PID=206) to work on /opt/airflow/dags/driven_data_pipeline.py
[2025-07-07T03:26:14.852+0000] {processor.py:914} INFO - Processing file /opt/airflow/dags/driven_data_pipeline.py for tasks to queue
[2025-07-07T03:26:14.857+0000] {logging_mixin.py:190} INFO - [2025-07-07T03:26:14.856+0000] {dagbag.py:588} INFO - Filling up the DagBag from /opt/airflow/dags/driven_data_pipeline.py
[2025-07-07T03:26:15.374+0000] {processor.py:925} INFO - DAG(s) 'extract_raw_data_pipeline' retrieved from /opt/airflow/dags/driven_data_pipeline.py
[2025-07-07T03:26:15.400+0000] {logging_mixin.py:190} INFO - [2025-07-07T03:26:15.400+0000] {dag.py:3239} INFO - Sync 1 DAGs
[2025-07-07T03:26:15.424+0000] {logging_mixin.py:190} INFO - [2025-07-07T03:26:15.423+0000] {dag.py:4180} INFO - Setting next_dagrun for extract_raw_data_pipeline to 2025-07-06 07:59:00+00:00, run_after=2025-07-07 07:00:00+00:00
[2025-07-07T03:26:15.443+0000] {processor.py:208} INFO - Processing /opt/airflow/dags/driven_data_pipeline.py took 0.600 seconds
[2025-07-07T03:26:45.691+0000] {processor.py:186} INFO - Started process (PID=214) to work on /opt/airflow/dags/driven_data_pipeline.py
[2025-07-07T03:26:45.692+0000] {processor.py:914} INFO - Processing file /opt/airflow/dags/driven_data_pipeline.py for tasks to queue
[2025-07-07T03:26:45.695+0000] {logging_mixin.py:190} INFO - [2025-07-07T03:26:45.695+0000] {dagbag.py:588} INFO - Filling up the DagBag from /opt/airflow/dags/driven_data_pipeline.py
[2025-07-07T03:26:46.124+0000] {processor.py:925} INFO - DAG(s) 'extract_raw_data_pipeline' retrieved from /opt/airflow/dags/driven_data_pipeline.py
[2025-07-07T03:26:46.160+0000] {logging_mixin.py:190} INFO - [2025-07-07T03:26:46.160+0000] {dag.py:3239} INFO - Sync 1 DAGs
[2025-07-07T03:26:46.189+0000] {logging_mixin.py:190} INFO - [2025-07-07T03:26:46.188+0000] {dag.py:4180} INFO - Setting next_dagrun for extract_raw_data_pipeline to 2025-07-06 07:59:00+00:00, run_after=2025-07-07 07:00:00+00:00
[2025-07-07T03:26:46.214+0000] {processor.py:208} INFO - Processing /opt/airflow/dags/driven_data_pipeline.py took 0.530 seconds
[2025-07-07T03:27:16.358+0000] {processor.py:186} INFO - Started process (PID=223) to work on /opt/airflow/dags/driven_data_pipeline.py
[2025-07-07T03:27:16.362+0000] {processor.py:914} INFO - Processing file /opt/airflow/dags/driven_data_pipeline.py for tasks to queue
[2025-07-07T03:27:16.383+0000] {logging_mixin.py:190} INFO - [2025-07-07T03:27:16.382+0000] {dagbag.py:588} INFO - Filling up the DagBag from /opt/airflow/dags/driven_data_pipeline.py
[2025-07-07T03:27:17.119+0000] {processor.py:925} INFO - DAG(s) 'extract_raw_data_pipeline' retrieved from /opt/airflow/dags/driven_data_pipeline.py
[2025-07-07T03:27:17.174+0000] {logging_mixin.py:190} INFO - [2025-07-07T03:27:17.174+0000] {dag.py:3239} INFO - Sync 1 DAGs
[2025-07-07T03:27:17.217+0000] {logging_mixin.py:190} INFO - [2025-07-07T03:27:17.217+0000] {dag.py:4180} INFO - Setting next_dagrun for extract_raw_data_pipeline to 2025-07-06 07:59:00+00:00, run_after=2025-07-07 07:00:00+00:00
[2025-07-07T03:27:17.255+0000] {processor.py:208} INFO - Processing /opt/airflow/dags/driven_data_pipeline.py took 0.912 seconds
[2025-07-07T03:27:47.500+0000] {processor.py:186} INFO - Started process (PID=231) to work on /opt/airflow/dags/driven_data_pipeline.py
[2025-07-07T03:27:47.502+0000] {processor.py:914} INFO - Processing file /opt/airflow/dags/driven_data_pipeline.py for tasks to queue
[2025-07-07T03:27:47.504+0000] {logging_mixin.py:190} INFO - [2025-07-07T03:27:47.504+0000] {dagbag.py:588} INFO - Filling up the DagBag from /opt/airflow/dags/driven_data_pipeline.py
[2025-07-07T03:27:47.692+0000] {processor.py:925} INFO - DAG(s) 'extract_raw_data_pipeline' retrieved from /opt/airflow/dags/driven_data_pipeline.py
[2025-07-07T03:27:47.722+0000] {logging_mixin.py:190} INFO - [2025-07-07T03:27:47.722+0000] {dag.py:3239} INFO - Sync 1 DAGs
[2025-07-07T03:27:47.746+0000] {logging_mixin.py:190} INFO - [2025-07-07T03:27:47.745+0000] {dag.py:4180} INFO - Setting next_dagrun for extract_raw_data_pipeline to 2025-07-06 07:59:00+00:00, run_after=2025-07-07 07:00:00+00:00
[2025-07-07T03:27:47.762+0000] {processor.py:208} INFO - Processing /opt/airflow/dags/driven_data_pipeline.py took 0.269 seconds
[2025-07-07T03:28:17.968+0000] {processor.py:186} INFO - Started process (PID=239) to work on /opt/airflow/dags/driven_data_pipeline.py
[2025-07-07T03:28:17.969+0000] {processor.py:914} INFO - Processing file /opt/airflow/dags/driven_data_pipeline.py for tasks to queue
[2025-07-07T03:28:17.972+0000] {logging_mixin.py:190} INFO - [2025-07-07T03:28:17.971+0000] {dagbag.py:588} INFO - Filling up the DagBag from /opt/airflow/dags/driven_data_pipeline.py
[2025-07-07T03:28:18.203+0000] {processor.py:925} INFO - DAG(s) 'extract_raw_data_pipeline' retrieved from /opt/airflow/dags/driven_data_pipeline.py
[2025-07-07T03:28:18.230+0000] {logging_mixin.py:190} INFO - [2025-07-07T03:28:18.230+0000] {dag.py:3239} INFO - Sync 1 DAGs
[2025-07-07T03:28:18.252+0000] {logging_mixin.py:190} INFO - [2025-07-07T03:28:18.252+0000] {dag.py:4180} INFO - Setting next_dagrun for extract_raw_data_pipeline to 2025-07-06 07:59:00+00:00, run_after=2025-07-07 07:00:00+00:00
[2025-07-07T03:28:18.268+0000] {processor.py:208} INFO - Processing /opt/airflow/dags/driven_data_pipeline.py took 0.308 seconds
[2025-07-07T03:28:48.484+0000] {processor.py:186} INFO - Started process (PID=247) to work on /opt/airflow/dags/driven_data_pipeline.py
[2025-07-07T03:28:48.485+0000] {processor.py:914} INFO - Processing file /opt/airflow/dags/driven_data_pipeline.py for tasks to queue
[2025-07-07T03:28:48.487+0000] {logging_mixin.py:190} INFO - [2025-07-07T03:28:48.487+0000] {dagbag.py:588} INFO - Filling up the DagBag from /opt/airflow/dags/driven_data_pipeline.py
[2025-07-07T03:28:48.719+0000] {processor.py:925} INFO - DAG(s) 'extract_raw_data_pipeline' retrieved from /opt/airflow/dags/driven_data_pipeline.py
[2025-07-07T03:28:48.758+0000] {logging_mixin.py:190} INFO - [2025-07-07T03:28:48.758+0000] {dag.py:3239} INFO - Sync 1 DAGs
[2025-07-07T03:28:48.782+0000] {logging_mixin.py:190} INFO - [2025-07-07T03:28:48.781+0000] {dag.py:4180} INFO - Setting next_dagrun for extract_raw_data_pipeline to 2025-07-06 07:59:00+00:00, run_after=2025-07-07 07:00:00+00:00
[2025-07-07T03:28:48.801+0000] {processor.py:208} INFO - Processing /opt/airflow/dags/driven_data_pipeline.py took 0.324 seconds
[2025-07-07T03:29:19.026+0000] {processor.py:186} INFO - Started process (PID=255) to work on /opt/airflow/dags/driven_data_pipeline.py
[2025-07-07T03:29:19.027+0000] {processor.py:914} INFO - Processing file /opt/airflow/dags/driven_data_pipeline.py for tasks to queue
[2025-07-07T03:29:19.029+0000] {logging_mixin.py:190} INFO - [2025-07-07T03:29:19.029+0000] {dagbag.py:588} INFO - Filling up the DagBag from /opt/airflow/dags/driven_data_pipeline.py
[2025-07-07T03:29:19.241+0000] {processor.py:925} INFO - DAG(s) 'extract_raw_data_pipeline' retrieved from /opt/airflow/dags/driven_data_pipeline.py
[2025-07-07T03:29:19.271+0000] {logging_mixin.py:190} INFO - [2025-07-07T03:29:19.270+0000] {dag.py:3239} INFO - Sync 1 DAGs
[2025-07-07T03:29:19.292+0000] {logging_mixin.py:190} INFO - [2025-07-07T03:29:19.292+0000] {dag.py:4180} INFO - Setting next_dagrun for extract_raw_data_pipeline to 2025-07-06 07:59:00+00:00, run_after=2025-07-07 07:00:00+00:00
[2025-07-07T03:29:19.309+0000] {processor.py:208} INFO - Processing /opt/airflow/dags/driven_data_pipeline.py took 0.292 seconds
[2025-07-07T03:29:49.550+0000] {processor.py:186} INFO - Started process (PID=263) to work on /opt/airflow/dags/driven_data_pipeline.py
[2025-07-07T03:29:49.551+0000] {processor.py:914} INFO - Processing file /opt/airflow/dags/driven_data_pipeline.py for tasks to queue
[2025-07-07T03:29:49.555+0000] {logging_mixin.py:190} INFO - [2025-07-07T03:29:49.555+0000] {dagbag.py:588} INFO - Filling up the DagBag from /opt/airflow/dags/driven_data_pipeline.py
[2025-07-07T03:29:49.791+0000] {processor.py:925} INFO - DAG(s) 'extract_raw_data_pipeline' retrieved from /opt/airflow/dags/driven_data_pipeline.py
[2025-07-07T03:29:49.821+0000] {logging_mixin.py:190} INFO - [2025-07-07T03:29:49.821+0000] {dag.py:3239} INFO - Sync 1 DAGs
[2025-07-07T03:29:49.850+0000] {logging_mixin.py:190} INFO - [2025-07-07T03:29:49.850+0000] {dag.py:4180} INFO - Setting next_dagrun for extract_raw_data_pipeline to 2025-07-06 07:59:00+00:00, run_after=2025-07-07 07:00:00+00:00
[2025-07-07T03:29:49.873+0000] {processor.py:208} INFO - Processing /opt/airflow/dags/driven_data_pipeline.py took 0.330 seconds
[2025-07-07T03:30:20.105+0000] {processor.py:186} INFO - Started process (PID=277) to work on /opt/airflow/dags/driven_data_pipeline.py
[2025-07-07T03:30:20.106+0000] {processor.py:914} INFO - Processing file /opt/airflow/dags/driven_data_pipeline.py for tasks to queue
[2025-07-07T03:30:20.109+0000] {logging_mixin.py:190} INFO - [2025-07-07T03:30:20.109+0000] {dagbag.py:588} INFO - Filling up the DagBag from /opt/airflow/dags/driven_data_pipeline.py
[2025-07-07T03:30:20.312+0000] {processor.py:925} INFO - DAG(s) 'extract_raw_data_pipeline' retrieved from /opt/airflow/dags/driven_data_pipeline.py
[2025-07-07T03:30:20.342+0000] {logging_mixin.py:190} INFO - [2025-07-07T03:30:20.341+0000] {dag.py:3239} INFO - Sync 1 DAGs
[2025-07-07T03:30:20.368+0000] {logging_mixin.py:190} INFO - [2025-07-07T03:30:20.368+0000] {dag.py:4180} INFO - Setting next_dagrun for extract_raw_data_pipeline to 2025-07-06 07:59:00+00:00, run_after=2025-07-07 07:00:00+00:00
[2025-07-07T03:30:20.386+0000] {processor.py:208} INFO - Processing /opt/airflow/dags/driven_data_pipeline.py took 0.288 seconds
[2025-07-07T03:30:50.627+0000] {processor.py:186} INFO - Started process (PID=285) to work on /opt/airflow/dags/driven_data_pipeline.py
[2025-07-07T03:30:50.628+0000] {processor.py:914} INFO - Processing file /opt/airflow/dags/driven_data_pipeline.py for tasks to queue
[2025-07-07T03:30:50.631+0000] {logging_mixin.py:190} INFO - [2025-07-07T03:30:50.630+0000] {dagbag.py:588} INFO - Filling up the DagBag from /opt/airflow/dags/driven_data_pipeline.py
[2025-07-07T03:30:50.813+0000] {processor.py:925} INFO - DAG(s) 'extract_raw_data_pipeline' retrieved from /opt/airflow/dags/driven_data_pipeline.py
[2025-07-07T03:30:50.841+0000] {logging_mixin.py:190} INFO - [2025-07-07T03:30:50.841+0000] {dag.py:3239} INFO - Sync 1 DAGs
[2025-07-07T03:30:50.866+0000] {logging_mixin.py:190} INFO - [2025-07-07T03:30:50.866+0000] {dag.py:4180} INFO - Setting next_dagrun for extract_raw_data_pipeline to 2025-07-06 07:59:00+00:00, run_after=2025-07-07 07:00:00+00:00
[2025-07-07T03:30:50.885+0000] {processor.py:208} INFO - Processing /opt/airflow/dags/driven_data_pipeline.py took 0.265 seconds
[2025-07-07T03:31:21.098+0000] {processor.py:186} INFO - Started process (PID=293) to work on /opt/airflow/dags/driven_data_pipeline.py
[2025-07-07T03:31:21.099+0000] {processor.py:914} INFO - Processing file /opt/airflow/dags/driven_data_pipeline.py for tasks to queue
[2025-07-07T03:31:21.101+0000] {logging_mixin.py:190} INFO - [2025-07-07T03:31:21.101+0000] {dagbag.py:588} INFO - Filling up the DagBag from /opt/airflow/dags/driven_data_pipeline.py
[2025-07-07T03:31:21.278+0000] {processor.py:925} INFO - DAG(s) 'extract_raw_data_pipeline' retrieved from /opt/airflow/dags/driven_data_pipeline.py
[2025-07-07T03:31:21.306+0000] {logging_mixin.py:190} INFO - [2025-07-07T03:31:21.305+0000] {dag.py:3239} INFO - Sync 1 DAGs
[2025-07-07T03:31:21.329+0000] {logging_mixin.py:190} INFO - [2025-07-07T03:31:21.329+0000] {dag.py:4180} INFO - Setting next_dagrun for extract_raw_data_pipeline to 2025-07-06 07:59:00+00:00, run_after=2025-07-07 07:00:00+00:00
[2025-07-07T03:31:21.346+0000] {processor.py:208} INFO - Processing /opt/airflow/dags/driven_data_pipeline.py took 0.254 seconds
[2025-07-07T03:31:51.573+0000] {processor.py:186} INFO - Started process (PID=301) to work on /opt/airflow/dags/driven_data_pipeline.py
[2025-07-07T03:31:51.574+0000] {processor.py:914} INFO - Processing file /opt/airflow/dags/driven_data_pipeline.py for tasks to queue
[2025-07-07T03:31:51.577+0000] {logging_mixin.py:190} INFO - [2025-07-07T03:31:51.576+0000] {dagbag.py:588} INFO - Filling up the DagBag from /opt/airflow/dags/driven_data_pipeline.py
[2025-07-07T03:31:51.780+0000] {processor.py:925} INFO - DAG(s) 'extract_raw_data_pipeline' retrieved from /opt/airflow/dags/driven_data_pipeline.py
[2025-07-07T03:31:51.816+0000] {logging_mixin.py:190} INFO - [2025-07-07T03:31:51.816+0000] {dag.py:3239} INFO - Sync 1 DAGs
[2025-07-07T03:31:51.843+0000] {logging_mixin.py:190} INFO - [2025-07-07T03:31:51.843+0000] {dag.py:4180} INFO - Setting next_dagrun for extract_raw_data_pipeline to 2025-07-06 07:59:00+00:00, run_after=2025-07-07 07:00:00+00:00
[2025-07-07T03:31:51.863+0000] {processor.py:208} INFO - Processing /opt/airflow/dags/driven_data_pipeline.py took 0.297 seconds
[2025-07-07T03:32:22.080+0000] {processor.py:186} INFO - Started process (PID=309) to work on /opt/airflow/dags/driven_data_pipeline.py
[2025-07-07T03:32:22.081+0000] {processor.py:914} INFO - Processing file /opt/airflow/dags/driven_data_pipeline.py for tasks to queue
[2025-07-07T03:32:22.083+0000] {logging_mixin.py:190} INFO - [2025-07-07T03:32:22.083+0000] {dagbag.py:588} INFO - Filling up the DagBag from /opt/airflow/dags/driven_data_pipeline.py
[2025-07-07T03:32:22.263+0000] {processor.py:925} INFO - DAG(s) 'extract_raw_data_pipeline' retrieved from /opt/airflow/dags/driven_data_pipeline.py
[2025-07-07T03:32:22.293+0000] {logging_mixin.py:190} INFO - [2025-07-07T03:32:22.293+0000] {dag.py:3239} INFO - Sync 1 DAGs
[2025-07-07T03:32:22.316+0000] {logging_mixin.py:190} INFO - [2025-07-07T03:32:22.316+0000] {dag.py:4180} INFO - Setting next_dagrun for extract_raw_data_pipeline to 2025-07-06 07:59:00+00:00, run_after=2025-07-07 07:00:00+00:00
[2025-07-07T03:32:22.332+0000] {processor.py:208} INFO - Processing /opt/airflow/dags/driven_data_pipeline.py took 0.258 seconds
[2025-07-07T03:32:52.555+0000] {processor.py:186} INFO - Started process (PID=317) to work on /opt/airflow/dags/driven_data_pipeline.py
[2025-07-07T03:32:52.556+0000] {processor.py:914} INFO - Processing file /opt/airflow/dags/driven_data_pipeline.py for tasks to queue
[2025-07-07T03:32:52.559+0000] {logging_mixin.py:190} INFO - [2025-07-07T03:32:52.559+0000] {dagbag.py:588} INFO - Filling up the DagBag from /opt/airflow/dags/driven_data_pipeline.py
[2025-07-07T03:32:52.732+0000] {processor.py:925} INFO - DAG(s) 'extract_raw_data_pipeline' retrieved from /opt/airflow/dags/driven_data_pipeline.py
[2025-07-07T03:32:52.765+0000] {logging_mixin.py:190} INFO - [2025-07-07T03:32:52.765+0000] {dag.py:3239} INFO - Sync 1 DAGs
[2025-07-07T03:32:52.790+0000] {logging_mixin.py:190} INFO - [2025-07-07T03:32:52.790+0000] {dag.py:4180} INFO - Setting next_dagrun for extract_raw_data_pipeline to 2025-07-06 07:59:00+00:00, run_after=2025-07-07 07:00:00+00:00
[2025-07-07T03:32:52.807+0000] {processor.py:208} INFO - Processing /opt/airflow/dags/driven_data_pipeline.py took 0.258 seconds
[2025-07-07T03:33:23.031+0000] {processor.py:186} INFO - Started process (PID=325) to work on /opt/airflow/dags/driven_data_pipeline.py
[2025-07-07T03:33:23.032+0000] {processor.py:914} INFO - Processing file /opt/airflow/dags/driven_data_pipeline.py for tasks to queue
[2025-07-07T03:33:23.034+0000] {logging_mixin.py:190} INFO - [2025-07-07T03:33:23.034+0000] {dagbag.py:588} INFO - Filling up the DagBag from /opt/airflow/dags/driven_data_pipeline.py
[2025-07-07T03:33:23.234+0000] {processor.py:925} INFO - DAG(s) 'extract_raw_data_pipeline' retrieved from /opt/airflow/dags/driven_data_pipeline.py
[2025-07-07T03:33:23.262+0000] {logging_mixin.py:190} INFO - [2025-07-07T03:33:23.262+0000] {dag.py:3239} INFO - Sync 1 DAGs
[2025-07-07T03:33:23.290+0000] {logging_mixin.py:190} INFO - [2025-07-07T03:33:23.289+0000] {dag.py:4180} INFO - Setting next_dagrun for extract_raw_data_pipeline to 2025-07-06 07:59:00+00:00, run_after=2025-07-07 07:00:00+00:00
[2025-07-07T03:33:23.311+0000] {processor.py:208} INFO - Processing /opt/airflow/dags/driven_data_pipeline.py took 0.286 seconds
[2025-07-07T03:33:53.546+0000] {processor.py:186} INFO - Started process (PID=333) to work on /opt/airflow/dags/driven_data_pipeline.py
[2025-07-07T03:33:53.547+0000] {processor.py:914} INFO - Processing file /opt/airflow/dags/driven_data_pipeline.py for tasks to queue
[2025-07-07T03:33:53.551+0000] {logging_mixin.py:190} INFO - [2025-07-07T03:33:53.550+0000] {dagbag.py:588} INFO - Filling up the DagBag from /opt/airflow/dags/driven_data_pipeline.py
[2025-07-07T03:33:53.752+0000] {processor.py:925} INFO - DAG(s) 'extract_raw_data_pipeline' retrieved from /opt/airflow/dags/driven_data_pipeline.py
[2025-07-07T03:33:53.809+0000] {logging_mixin.py:190} INFO - [2025-07-07T03:33:53.808+0000] {dag.py:3239} INFO - Sync 1 DAGs
[2025-07-07T03:33:53.846+0000] {logging_mixin.py:190} INFO - [2025-07-07T03:33:53.846+0000] {dag.py:4180} INFO - Setting next_dagrun for extract_raw_data_pipeline to 2025-07-06 07:59:00+00:00, run_after=2025-07-07 07:00:00+00:00
[2025-07-07T03:33:53.879+0000] {processor.py:208} INFO - Processing /opt/airflow/dags/driven_data_pipeline.py took 0.343 seconds
[2025-07-07T03:34:24.107+0000] {processor.py:186} INFO - Started process (PID=341) to work on /opt/airflow/dags/driven_data_pipeline.py
[2025-07-07T03:34:24.108+0000] {processor.py:914} INFO - Processing file /opt/airflow/dags/driven_data_pipeline.py for tasks to queue
[2025-07-07T03:34:24.111+0000] {logging_mixin.py:190} INFO - [2025-07-07T03:34:24.110+0000] {dagbag.py:588} INFO - Filling up the DagBag from /opt/airflow/dags/driven_data_pipeline.py
[2025-07-07T03:34:24.385+0000] {processor.py:925} INFO - DAG(s) 'extract_raw_data_pipeline' retrieved from /opt/airflow/dags/driven_data_pipeline.py
[2025-07-07T03:34:24.413+0000] {logging_mixin.py:190} INFO - [2025-07-07T03:34:24.413+0000] {dag.py:3239} INFO - Sync 1 DAGs
[2025-07-07T03:34:24.437+0000] {logging_mixin.py:190} INFO - [2025-07-07T03:34:24.436+0000] {dag.py:4180} INFO - Setting next_dagrun for extract_raw_data_pipeline to 2025-07-06 07:59:00+00:00, run_after=2025-07-07 07:00:00+00:00
[2025-07-07T03:34:24.455+0000] {processor.py:208} INFO - Processing /opt/airflow/dags/driven_data_pipeline.py took 0.359 seconds
[2025-07-07T03:34:54.691+0000] {processor.py:186} INFO - Started process (PID=349) to work on /opt/airflow/dags/driven_data_pipeline.py
[2025-07-07T03:34:54.692+0000] {processor.py:914} INFO - Processing file /opt/airflow/dags/driven_data_pipeline.py for tasks to queue
[2025-07-07T03:34:54.695+0000] {logging_mixin.py:190} INFO - [2025-07-07T03:34:54.694+0000] {dagbag.py:588} INFO - Filling up the DagBag from /opt/airflow/dags/driven_data_pipeline.py
[2025-07-07T03:34:54.861+0000] {processor.py:925} INFO - DAG(s) 'extract_raw_data_pipeline' retrieved from /opt/airflow/dags/driven_data_pipeline.py
[2025-07-07T03:34:54.888+0000] {logging_mixin.py:190} INFO - [2025-07-07T03:34:54.888+0000] {dag.py:3239} INFO - Sync 1 DAGs
[2025-07-07T03:34:54.907+0000] {logging_mixin.py:190} INFO - [2025-07-07T03:34:54.907+0000] {dag.py:4180} INFO - Setting next_dagrun for extract_raw_data_pipeline to 2025-07-06 07:59:00+00:00, run_after=2025-07-07 07:00:00+00:00
[2025-07-07T03:34:54.923+0000] {processor.py:208} INFO - Processing /opt/airflow/dags/driven_data_pipeline.py took 0.237 seconds
[2025-07-07T03:35:25.149+0000] {processor.py:186} INFO - Started process (PID=357) to work on /opt/airflow/dags/driven_data_pipeline.py
[2025-07-07T03:35:25.150+0000] {processor.py:914} INFO - Processing file /opt/airflow/dags/driven_data_pipeline.py for tasks to queue
[2025-07-07T03:35:25.152+0000] {logging_mixin.py:190} INFO - [2025-07-07T03:35:25.152+0000] {dagbag.py:588} INFO - Filling up the DagBag from /opt/airflow/dags/driven_data_pipeline.py
[2025-07-07T03:35:25.324+0000] {processor.py:925} INFO - DAG(s) 'extract_raw_data_pipeline' retrieved from /opt/airflow/dags/driven_data_pipeline.py
[2025-07-07T03:35:25.353+0000] {logging_mixin.py:190} INFO - [2025-07-07T03:35:25.353+0000] {dag.py:3239} INFO - Sync 1 DAGs
[2025-07-07T03:35:25.377+0000] {logging_mixin.py:190} INFO - [2025-07-07T03:35:25.376+0000] {dag.py:4180} INFO - Setting next_dagrun for extract_raw_data_pipeline to 2025-07-06 07:59:00+00:00, run_after=2025-07-07 07:00:00+00:00
[2025-07-07T03:35:25.395+0000] {processor.py:208} INFO - Processing /opt/airflow/dags/driven_data_pipeline.py took 0.252 seconds
[2025-07-07T03:35:55.638+0000] {processor.py:186} INFO - Started process (PID=365) to work on /opt/airflow/dags/driven_data_pipeline.py
[2025-07-07T03:35:55.639+0000] {processor.py:914} INFO - Processing file /opt/airflow/dags/driven_data_pipeline.py for tasks to queue
[2025-07-07T03:35:55.642+0000] {logging_mixin.py:190} INFO - [2025-07-07T03:35:55.641+0000] {dagbag.py:588} INFO - Filling up the DagBag from /opt/airflow/dags/driven_data_pipeline.py
[2025-07-07T03:35:55.813+0000] {processor.py:925} INFO - DAG(s) 'extract_raw_data_pipeline' retrieved from /opt/airflow/dags/driven_data_pipeline.py
[2025-07-07T03:35:55.841+0000] {logging_mixin.py:190} INFO - [2025-07-07T03:35:55.841+0000] {dag.py:3239} INFO - Sync 1 DAGs
[2025-07-07T03:35:55.867+0000] {logging_mixin.py:190} INFO - [2025-07-07T03:35:55.867+0000] {dag.py:4180} INFO - Setting next_dagrun for extract_raw_data_pipeline to 2025-07-06 07:59:00+00:00, run_after=2025-07-07 07:00:00+00:00
[2025-07-07T03:35:55.883+0000] {processor.py:208} INFO - Processing /opt/airflow/dags/driven_data_pipeline.py took 0.251 seconds
[2025-07-07T03:36:26.112+0000] {processor.py:186} INFO - Started process (PID=373) to work on /opt/airflow/dags/driven_data_pipeline.py
[2025-07-07T03:36:26.113+0000] {processor.py:914} INFO - Processing file /opt/airflow/dags/driven_data_pipeline.py for tasks to queue
[2025-07-07T03:36:26.116+0000] {logging_mixin.py:190} INFO - [2025-07-07T03:36:26.115+0000] {dagbag.py:588} INFO - Filling up the DagBag from /opt/airflow/dags/driven_data_pipeline.py
[2025-07-07T03:36:26.286+0000] {processor.py:925} INFO - DAG(s) 'extract_raw_data_pipeline' retrieved from /opt/airflow/dags/driven_data_pipeline.py
[2025-07-07T03:36:26.312+0000] {logging_mixin.py:190} INFO - [2025-07-07T03:36:26.312+0000] {dag.py:3239} INFO - Sync 1 DAGs
[2025-07-07T03:36:26.333+0000] {logging_mixin.py:190} INFO - [2025-07-07T03:36:26.333+0000] {dag.py:4180} INFO - Setting next_dagrun for extract_raw_data_pipeline to 2025-07-06 07:59:00+00:00, run_after=2025-07-07 07:00:00+00:00
[2025-07-07T03:36:26.349+0000] {processor.py:208} INFO - Processing /opt/airflow/dags/driven_data_pipeline.py took 0.243 seconds
[2025-07-07T03:36:56.573+0000] {processor.py:186} INFO - Started process (PID=381) to work on /opt/airflow/dags/driven_data_pipeline.py
[2025-07-07T03:36:56.575+0000] {processor.py:914} INFO - Processing file /opt/airflow/dags/driven_data_pipeline.py for tasks to queue
[2025-07-07T03:36:56.578+0000] {logging_mixin.py:190} INFO - [2025-07-07T03:36:56.578+0000] {dagbag.py:588} INFO - Filling up the DagBag from /opt/airflow/dags/driven_data_pipeline.py
[2025-07-07T03:36:56.767+0000] {processor.py:925} INFO - DAG(s) 'extract_raw_data_pipeline' retrieved from /opt/airflow/dags/driven_data_pipeline.py
[2025-07-07T03:36:56.798+0000] {logging_mixin.py:190} INFO - [2025-07-07T03:36:56.797+0000] {dag.py:3239} INFO - Sync 1 DAGs
[2025-07-07T03:36:56.819+0000] {logging_mixin.py:190} INFO - [2025-07-07T03:36:56.819+0000] {dag.py:4180} INFO - Setting next_dagrun for extract_raw_data_pipeline to 2025-07-06 07:59:00+00:00, run_after=2025-07-07 07:00:00+00:00
[2025-07-07T03:36:56.836+0000] {processor.py:208} INFO - Processing /opt/airflow/dags/driven_data_pipeline.py took 0.270 seconds
[2025-07-07T03:37:27.069+0000] {processor.py:186} INFO - Started process (PID=389) to work on /opt/airflow/dags/driven_data_pipeline.py
[2025-07-07T03:37:27.070+0000] {processor.py:914} INFO - Processing file /opt/airflow/dags/driven_data_pipeline.py for tasks to queue
[2025-07-07T03:37:27.073+0000] {logging_mixin.py:190} INFO - [2025-07-07T03:37:27.072+0000] {dagbag.py:588} INFO - Filling up the DagBag from /opt/airflow/dags/driven_data_pipeline.py
[2025-07-07T03:37:27.265+0000] {processor.py:925} INFO - DAG(s) 'extract_raw_data_pipeline' retrieved from /opt/airflow/dags/driven_data_pipeline.py
[2025-07-07T03:37:27.294+0000] {logging_mixin.py:190} INFO - [2025-07-07T03:37:27.293+0000] {dag.py:3239} INFO - Sync 1 DAGs
[2025-07-07T03:37:27.318+0000] {logging_mixin.py:190} INFO - [2025-07-07T03:37:27.318+0000] {dag.py:4180} INFO - Setting next_dagrun for extract_raw_data_pipeline to 2025-07-06 07:59:00+00:00, run_after=2025-07-07 07:00:00+00:00
[2025-07-07T03:37:27.335+0000] {processor.py:208} INFO - Processing /opt/airflow/dags/driven_data_pipeline.py took 0.273 seconds
[2025-07-07T03:37:57.573+0000] {processor.py:186} INFO - Started process (PID=397) to work on /opt/airflow/dags/driven_data_pipeline.py
[2025-07-07T03:37:57.574+0000] {processor.py:914} INFO - Processing file /opt/airflow/dags/driven_data_pipeline.py for tasks to queue
[2025-07-07T03:37:57.576+0000] {logging_mixin.py:190} INFO - [2025-07-07T03:37:57.576+0000] {dagbag.py:588} INFO - Filling up the DagBag from /opt/airflow/dags/driven_data_pipeline.py
[2025-07-07T03:37:57.759+0000] {processor.py:925} INFO - DAG(s) 'extract_raw_data_pipeline' retrieved from /opt/airflow/dags/driven_data_pipeline.py
[2025-07-07T03:37:57.786+0000] {logging_mixin.py:190} INFO - [2025-07-07T03:37:57.786+0000] {dag.py:3239} INFO - Sync 1 DAGs
[2025-07-07T03:37:57.806+0000] {logging_mixin.py:190} INFO - [2025-07-07T03:37:57.806+0000] {dag.py:4180} INFO - Setting next_dagrun for extract_raw_data_pipeline to 2025-07-06 07:59:00+00:00, run_after=2025-07-07 07:00:00+00:00
[2025-07-07T03:37:57.823+0000] {processor.py:208} INFO - Processing /opt/airflow/dags/driven_data_pipeline.py took 0.257 seconds
[2025-07-07T03:38:28.062+0000] {processor.py:186} INFO - Started process (PID=405) to work on /opt/airflow/dags/driven_data_pipeline.py
[2025-07-07T03:38:28.064+0000] {processor.py:914} INFO - Processing file /opt/airflow/dags/driven_data_pipeline.py for tasks to queue
[2025-07-07T03:38:28.068+0000] {logging_mixin.py:190} INFO - [2025-07-07T03:38:28.067+0000] {dagbag.py:588} INFO - Filling up the DagBag from /opt/airflow/dags/driven_data_pipeline.py
[2025-07-07T03:38:28.341+0000] {processor.py:925} INFO - DAG(s) 'extract_raw_data_pipeline' retrieved from /opt/airflow/dags/driven_data_pipeline.py
[2025-07-07T03:38:28.373+0000] {logging_mixin.py:190} INFO - [2025-07-07T03:38:28.373+0000] {dag.py:3239} INFO - Sync 1 DAGs
[2025-07-07T03:38:28.402+0000] {logging_mixin.py:190} INFO - [2025-07-07T03:38:28.402+0000] {dag.py:4180} INFO - Setting next_dagrun for extract_raw_data_pipeline to 2025-07-06 07:59:00+00:00, run_after=2025-07-07 07:00:00+00:00
[2025-07-07T03:38:28.421+0000] {processor.py:208} INFO - Processing /opt/airflow/dags/driven_data_pipeline.py took 0.368 seconds
[2025-07-07T03:38:58.662+0000] {processor.py:186} INFO - Started process (PID=413) to work on /opt/airflow/dags/driven_data_pipeline.py
[2025-07-07T03:38:58.663+0000] {processor.py:914} INFO - Processing file /opt/airflow/dags/driven_data_pipeline.py for tasks to queue
[2025-07-07T03:38:58.665+0000] {logging_mixin.py:190} INFO - [2025-07-07T03:38:58.665+0000] {dagbag.py:588} INFO - Filling up the DagBag from /opt/airflow/dags/driven_data_pipeline.py
[2025-07-07T03:38:58.838+0000] {processor.py:925} INFO - DAG(s) 'extract_raw_data_pipeline' retrieved from /opt/airflow/dags/driven_data_pipeline.py
[2025-07-07T03:38:58.866+0000] {logging_mixin.py:190} INFO - [2025-07-07T03:38:58.866+0000] {dag.py:3239} INFO - Sync 1 DAGs
[2025-07-07T03:38:58.887+0000] {logging_mixin.py:190} INFO - [2025-07-07T03:38:58.887+0000] {dag.py:4180} INFO - Setting next_dagrun for extract_raw_data_pipeline to 2025-07-06 07:59:00+00:00, run_after=2025-07-07 07:00:00+00:00
[2025-07-07T03:38:58.902+0000] {processor.py:208} INFO - Processing /opt/airflow/dags/driven_data_pipeline.py took 0.247 seconds
[2025-07-07T03:39:29.118+0000] {processor.py:186} INFO - Started process (PID=421) to work on /opt/airflow/dags/driven_data_pipeline.py
[2025-07-07T03:39:29.119+0000] {processor.py:914} INFO - Processing file /opt/airflow/dags/driven_data_pipeline.py for tasks to queue
[2025-07-07T03:39:29.121+0000] {logging_mixin.py:190} INFO - [2025-07-07T03:39:29.121+0000] {dagbag.py:588} INFO - Filling up the DagBag from /opt/airflow/dags/driven_data_pipeline.py
[2025-07-07T03:39:29.292+0000] {processor.py:925} INFO - DAG(s) 'extract_raw_data_pipeline' retrieved from /opt/airflow/dags/driven_data_pipeline.py
[2025-07-07T03:39:29.320+0000] {logging_mixin.py:190} INFO - [2025-07-07T03:39:29.320+0000] {dag.py:3239} INFO - Sync 1 DAGs
[2025-07-07T03:39:29.342+0000] {logging_mixin.py:190} INFO - [2025-07-07T03:39:29.342+0000] {dag.py:4180} INFO - Setting next_dagrun for extract_raw_data_pipeline to 2025-07-06 07:59:00+00:00, run_after=2025-07-07 07:00:00+00:00
[2025-07-07T03:39:29.359+0000] {processor.py:208} INFO - Processing /opt/airflow/dags/driven_data_pipeline.py took 0.247 seconds
[2025-07-07T03:39:59.576+0000] {processor.py:186} INFO - Started process (PID=429) to work on /opt/airflow/dags/driven_data_pipeline.py
[2025-07-07T03:39:59.577+0000] {processor.py:914} INFO - Processing file /opt/airflow/dags/driven_data_pipeline.py for tasks to queue
[2025-07-07T03:39:59.579+0000] {logging_mixin.py:190} INFO - [2025-07-07T03:39:59.579+0000] {dagbag.py:588} INFO - Filling up the DagBag from /opt/airflow/dags/driven_data_pipeline.py
[2025-07-07T03:39:59.754+0000] {processor.py:925} INFO - DAG(s) 'extract_raw_data_pipeline' retrieved from /opt/airflow/dags/driven_data_pipeline.py
[2025-07-07T03:39:59.782+0000] {logging_mixin.py:190} INFO - [2025-07-07T03:39:59.782+0000] {dag.py:3239} INFO - Sync 1 DAGs
[2025-07-07T03:39:59.803+0000] {logging_mixin.py:190} INFO - [2025-07-07T03:39:59.803+0000] {dag.py:4180} INFO - Setting next_dagrun for extract_raw_data_pipeline to 2025-07-06 07:59:00+00:00, run_after=2025-07-07 07:00:00+00:00
[2025-07-07T03:39:59.821+0000] {processor.py:208} INFO - Processing /opt/airflow/dags/driven_data_pipeline.py took 0.251 seconds
[2025-07-07T03:40:30.036+0000] {processor.py:186} INFO - Started process (PID=437) to work on /opt/airflow/dags/driven_data_pipeline.py
[2025-07-07T03:40:30.037+0000] {processor.py:914} INFO - Processing file /opt/airflow/dags/driven_data_pipeline.py for tasks to queue
[2025-07-07T03:40:30.040+0000] {logging_mixin.py:190} INFO - [2025-07-07T03:40:30.040+0000] {dagbag.py:588} INFO - Filling up the DagBag from /opt/airflow/dags/driven_data_pipeline.py
[2025-07-07T03:40:30.226+0000] {processor.py:925} INFO - DAG(s) 'extract_raw_data_pipeline' retrieved from /opt/airflow/dags/driven_data_pipeline.py
[2025-07-07T03:40:30.261+0000] {logging_mixin.py:190} INFO - [2025-07-07T03:40:30.260+0000] {dag.py:3239} INFO - Sync 1 DAGs
[2025-07-07T03:40:30.287+0000] {logging_mixin.py:190} INFO - [2025-07-07T03:40:30.287+0000] {dag.py:4180} INFO - Setting next_dagrun for extract_raw_data_pipeline to 2025-07-06 07:59:00+00:00, run_after=2025-07-07 07:00:00+00:00
[2025-07-07T03:40:30.305+0000] {processor.py:208} INFO - Processing /opt/airflow/dags/driven_data_pipeline.py took 0.275 seconds
[2025-07-07T03:41:00.534+0000] {processor.py:186} INFO - Started process (PID=445) to work on /opt/airflow/dags/driven_data_pipeline.py
[2025-07-07T03:41:00.535+0000] {processor.py:914} INFO - Processing file /opt/airflow/dags/driven_data_pipeline.py for tasks to queue
[2025-07-07T03:41:00.540+0000] {logging_mixin.py:190} INFO - [2025-07-07T03:41:00.539+0000] {dagbag.py:588} INFO - Filling up the DagBag from /opt/airflow/dags/driven_data_pipeline.py
[2025-07-07T03:41:00.750+0000] {processor.py:925} INFO - DAG(s) 'extract_raw_data_pipeline' retrieved from /opt/airflow/dags/driven_data_pipeline.py
[2025-07-07T03:41:00.782+0000] {logging_mixin.py:190} INFO - [2025-07-07T03:41:00.782+0000] {dag.py:3239} INFO - Sync 1 DAGs
[2025-07-07T03:41:00.807+0000] {logging_mixin.py:190} INFO - [2025-07-07T03:41:00.807+0000] {dag.py:4180} INFO - Setting next_dagrun for extract_raw_data_pipeline to 2025-07-06 07:59:00+00:00, run_after=2025-07-07 07:00:00+00:00
[2025-07-07T03:41:00.826+0000] {processor.py:208} INFO - Processing /opt/airflow/dags/driven_data_pipeline.py took 0.300 seconds
[2025-07-07T03:41:31.064+0000] {processor.py:186} INFO - Started process (PID=453) to work on /opt/airflow/dags/driven_data_pipeline.py
[2025-07-07T03:41:31.065+0000] {processor.py:914} INFO - Processing file /opt/airflow/dags/driven_data_pipeline.py for tasks to queue
[2025-07-07T03:41:31.067+0000] {logging_mixin.py:190} INFO - [2025-07-07T03:41:31.067+0000] {dagbag.py:588} INFO - Filling up the DagBag from /opt/airflow/dags/driven_data_pipeline.py
[2025-07-07T03:41:31.259+0000] {processor.py:925} INFO - DAG(s) 'extract_raw_data_pipeline' retrieved from /opt/airflow/dags/driven_data_pipeline.py
[2025-07-07T03:41:31.285+0000] {logging_mixin.py:190} INFO - [2025-07-07T03:41:31.285+0000] {dag.py:3239} INFO - Sync 1 DAGs
[2025-07-07T03:41:31.307+0000] {logging_mixin.py:190} INFO - [2025-07-07T03:41:31.306+0000] {dag.py:4180} INFO - Setting next_dagrun for extract_raw_data_pipeline to 2025-07-06 07:59:00+00:00, run_after=2025-07-07 07:00:00+00:00
[2025-07-07T03:41:31.323+0000] {processor.py:208} INFO - Processing /opt/airflow/dags/driven_data_pipeline.py took 0.265 seconds
[2025-07-07T03:42:01.569+0000] {processor.py:186} INFO - Started process (PID=461) to work on /opt/airflow/dags/driven_data_pipeline.py
[2025-07-07T03:42:01.570+0000] {processor.py:914} INFO - Processing file /opt/airflow/dags/driven_data_pipeline.py for tasks to queue
[2025-07-07T03:42:01.575+0000] {logging_mixin.py:190} INFO - [2025-07-07T03:42:01.574+0000] {dagbag.py:588} INFO - Filling up the DagBag from /opt/airflow/dags/driven_data_pipeline.py
[2025-07-07T03:42:02.000+0000] {processor.py:925} INFO - DAG(s) 'extract_raw_data_pipeline' retrieved from /opt/airflow/dags/driven_data_pipeline.py
[2025-07-07T03:42:02.084+0000] {logging_mixin.py:190} INFO - [2025-07-07T03:42:02.083+0000] {dag.py:3239} INFO - Sync 1 DAGs
[2025-07-07T03:42:02.135+0000] {logging_mixin.py:190} INFO - [2025-07-07T03:42:02.135+0000] {dag.py:4180} INFO - Setting next_dagrun for extract_raw_data_pipeline to 2025-07-06 07:59:00+00:00, run_after=2025-07-07 07:00:00+00:00
[2025-07-07T03:42:02.168+0000] {processor.py:208} INFO - Processing /opt/airflow/dags/driven_data_pipeline.py took 0.607 seconds
[2025-07-07T03:42:32.423+0000] {processor.py:186} INFO - Started process (PID=469) to work on /opt/airflow/dags/driven_data_pipeline.py
[2025-07-07T03:42:32.424+0000] {processor.py:914} INFO - Processing file /opt/airflow/dags/driven_data_pipeline.py for tasks to queue
[2025-07-07T03:42:32.426+0000] {logging_mixin.py:190} INFO - [2025-07-07T03:42:32.426+0000] {dagbag.py:588} INFO - Filling up the DagBag from /opt/airflow/dags/driven_data_pipeline.py
[2025-07-07T03:42:32.625+0000] {processor.py:925} INFO - DAG(s) 'extract_raw_data_pipeline' retrieved from /opt/airflow/dags/driven_data_pipeline.py
[2025-07-07T03:42:32.653+0000] {logging_mixin.py:190} INFO - [2025-07-07T03:42:32.653+0000] {dag.py:3239} INFO - Sync 1 DAGs
[2025-07-07T03:42:32.676+0000] {logging_mixin.py:190} INFO - [2025-07-07T03:42:32.676+0000] {dag.py:4180} INFO - Setting next_dagrun for extract_raw_data_pipeline to 2025-07-06 07:59:00+00:00, run_after=2025-07-07 07:00:00+00:00
[2025-07-07T03:42:32.695+0000] {processor.py:208} INFO - Processing /opt/airflow/dags/driven_data_pipeline.py took 0.278 seconds
[2025-07-07T03:43:02.911+0000] {processor.py:186} INFO - Started process (PID=477) to work on /opt/airflow/dags/driven_data_pipeline.py
[2025-07-07T03:43:02.912+0000] {processor.py:914} INFO - Processing file /opt/airflow/dags/driven_data_pipeline.py for tasks to queue
[2025-07-07T03:43:02.914+0000] {logging_mixin.py:190} INFO - [2025-07-07T03:43:02.913+0000] {dagbag.py:588} INFO - Filling up the DagBag from /opt/airflow/dags/driven_data_pipeline.py
[2025-07-07T03:43:03.106+0000] {processor.py:925} INFO - DAG(s) 'extract_raw_data_pipeline' retrieved from /opt/airflow/dags/driven_data_pipeline.py
[2025-07-07T03:43:03.138+0000] {logging_mixin.py:190} INFO - [2025-07-07T03:43:03.137+0000] {dag.py:3239} INFO - Sync 1 DAGs
[2025-07-07T03:43:03.163+0000] {logging_mixin.py:190} INFO - [2025-07-07T03:43:03.163+0000] {dag.py:4180} INFO - Setting next_dagrun for extract_raw_data_pipeline to 2025-07-06 07:59:00+00:00, run_after=2025-07-07 07:00:00+00:00
[2025-07-07T03:43:03.181+0000] {processor.py:208} INFO - Processing /opt/airflow/dags/driven_data_pipeline.py took 0.276 seconds
[2025-07-07T03:43:33.399+0000] {processor.py:186} INFO - Started process (PID=485) to work on /opt/airflow/dags/driven_data_pipeline.py
[2025-07-07T03:43:33.400+0000] {processor.py:914} INFO - Processing file /opt/airflow/dags/driven_data_pipeline.py for tasks to queue
[2025-07-07T03:43:33.402+0000] {logging_mixin.py:190} INFO - [2025-07-07T03:43:33.402+0000] {dagbag.py:588} INFO - Filling up the DagBag from /opt/airflow/dags/driven_data_pipeline.py
[2025-07-07T03:43:33.593+0000] {processor.py:925} INFO - DAG(s) 'extract_raw_data_pipeline' retrieved from /opt/airflow/dags/driven_data_pipeline.py
[2025-07-07T03:43:33.627+0000] {logging_mixin.py:190} INFO - [2025-07-07T03:43:33.627+0000] {dag.py:3239} INFO - Sync 1 DAGs
[2025-07-07T03:43:33.652+0000] {logging_mixin.py:190} INFO - [2025-07-07T03:43:33.652+0000] {dag.py:4180} INFO - Setting next_dagrun for extract_raw_data_pipeline to 2025-07-06 07:59:00+00:00, run_after=2025-07-07 07:00:00+00:00
[2025-07-07T03:43:33.673+0000] {processor.py:208} INFO - Processing /opt/airflow/dags/driven_data_pipeline.py took 0.280 seconds
[2025-07-07T03:44:03.899+0000] {processor.py:186} INFO - Started process (PID=493) to work on /opt/airflow/dags/driven_data_pipeline.py
[2025-07-07T03:44:03.901+0000] {processor.py:914} INFO - Processing file /opt/airflow/dags/driven_data_pipeline.py for tasks to queue
[2025-07-07T03:44:03.903+0000] {logging_mixin.py:190} INFO - [2025-07-07T03:44:03.902+0000] {dagbag.py:588} INFO - Filling up the DagBag from /opt/airflow/dags/driven_data_pipeline.py
[2025-07-07T03:44:04.084+0000] {processor.py:925} INFO - DAG(s) 'extract_raw_data_pipeline' retrieved from /opt/airflow/dags/driven_data_pipeline.py
[2025-07-07T03:44:04.117+0000] {logging_mixin.py:190} INFO - [2025-07-07T03:44:04.117+0000] {dag.py:3239} INFO - Sync 1 DAGs
[2025-07-07T03:44:04.140+0000] {logging_mixin.py:190} INFO - [2025-07-07T03:44:04.140+0000] {dag.py:4180} INFO - Setting next_dagrun for extract_raw_data_pipeline to 2025-07-06 07:59:00+00:00, run_after=2025-07-07 07:00:00+00:00
[2025-07-07T03:44:04.156+0000] {processor.py:208} INFO - Processing /opt/airflow/dags/driven_data_pipeline.py took 0.262 seconds
[2025-07-07T03:44:34.378+0000] {processor.py:186} INFO - Started process (PID=501) to work on /opt/airflow/dags/driven_data_pipeline.py
[2025-07-07T03:44:34.379+0000] {processor.py:914} INFO - Processing file /opt/airflow/dags/driven_data_pipeline.py for tasks to queue
[2025-07-07T03:44:34.382+0000] {logging_mixin.py:190} INFO - [2025-07-07T03:44:34.382+0000] {dagbag.py:588} INFO - Filling up the DagBag from /opt/airflow/dags/driven_data_pipeline.py
[2025-07-07T03:44:34.573+0000] {processor.py:925} INFO - DAG(s) 'extract_raw_data_pipeline' retrieved from /opt/airflow/dags/driven_data_pipeline.py
[2025-07-07T03:44:34.606+0000] {logging_mixin.py:190} INFO - [2025-07-07T03:44:34.605+0000] {dag.py:3239} INFO - Sync 1 DAGs
[2025-07-07T03:44:34.633+0000] {logging_mixin.py:190} INFO - [2025-07-07T03:44:34.633+0000] {dag.py:4180} INFO - Setting next_dagrun for extract_raw_data_pipeline to 2025-07-06 07:59:00+00:00, run_after=2025-07-07 07:00:00+00:00
[2025-07-07T03:44:34.650+0000] {processor.py:208} INFO - Processing /opt/airflow/dags/driven_data_pipeline.py took 0.279 seconds
[2025-07-07T03:45:04.864+0000] {processor.py:186} INFO - Started process (PID=509) to work on /opt/airflow/dags/driven_data_pipeline.py
[2025-07-07T03:45:04.865+0000] {processor.py:914} INFO - Processing file /opt/airflow/dags/driven_data_pipeline.py for tasks to queue
[2025-07-07T03:45:04.867+0000] {logging_mixin.py:190} INFO - [2025-07-07T03:45:04.867+0000] {dagbag.py:588} INFO - Filling up the DagBag from /opt/airflow/dags/driven_data_pipeline.py
[2025-07-07T03:45:05.048+0000] {processor.py:925} INFO - DAG(s) 'extract_raw_data_pipeline' retrieved from /opt/airflow/dags/driven_data_pipeline.py
[2025-07-07T03:45:05.077+0000] {logging_mixin.py:190} INFO - [2025-07-07T03:45:05.077+0000] {dag.py:3239} INFO - Sync 1 DAGs
[2025-07-07T03:45:05.097+0000] {logging_mixin.py:190} INFO - [2025-07-07T03:45:05.097+0000] {dag.py:4180} INFO - Setting next_dagrun for extract_raw_data_pipeline to 2025-07-06 07:59:00+00:00, run_after=2025-07-07 07:00:00+00:00
[2025-07-07T03:45:05.112+0000] {processor.py:208} INFO - Processing /opt/airflow/dags/driven_data_pipeline.py took 0.254 seconds
[2025-07-07T03:45:35.340+0000] {processor.py:186} INFO - Started process (PID=517) to work on /opt/airflow/dags/driven_data_pipeline.py
[2025-07-07T03:45:35.341+0000] {processor.py:914} INFO - Processing file /opt/airflow/dags/driven_data_pipeline.py for tasks to queue
[2025-07-07T03:45:35.344+0000] {logging_mixin.py:190} INFO - [2025-07-07T03:45:35.343+0000] {dagbag.py:588} INFO - Filling up the DagBag from /opt/airflow/dags/driven_data_pipeline.py
[2025-07-07T03:45:35.522+0000] {processor.py:925} INFO - DAG(s) 'extract_raw_data_pipeline' retrieved from /opt/airflow/dags/driven_data_pipeline.py
[2025-07-07T03:45:35.550+0000] {logging_mixin.py:190} INFO - [2025-07-07T03:45:35.550+0000] {dag.py:3239} INFO - Sync 1 DAGs
[2025-07-07T03:45:35.572+0000] {logging_mixin.py:190} INFO - [2025-07-07T03:45:35.571+0000] {dag.py:4180} INFO - Setting next_dagrun for extract_raw_data_pipeline to 2025-07-06 07:59:00+00:00, run_after=2025-07-07 07:00:00+00:00
[2025-07-07T03:45:35.588+0000] {processor.py:208} INFO - Processing /opt/airflow/dags/driven_data_pipeline.py took 0.254 seconds
[2025-07-07T03:46:05.827+0000] {processor.py:186} INFO - Started process (PID=525) to work on /opt/airflow/dags/driven_data_pipeline.py
[2025-07-07T03:46:05.828+0000] {processor.py:914} INFO - Processing file /opt/airflow/dags/driven_data_pipeline.py for tasks to queue
[2025-07-07T03:46:05.831+0000] {logging_mixin.py:190} INFO - [2025-07-07T03:46:05.831+0000] {dagbag.py:588} INFO - Filling up the DagBag from /opt/airflow/dags/driven_data_pipeline.py
[2025-07-07T03:46:06.039+0000] {processor.py:925} INFO - DAG(s) 'extract_raw_data_pipeline' retrieved from /opt/airflow/dags/driven_data_pipeline.py
[2025-07-07T03:46:06.076+0000] {logging_mixin.py:190} INFO - [2025-07-07T03:46:06.075+0000] {dag.py:3239} INFO - Sync 1 DAGs
[2025-07-07T03:46:06.107+0000] {logging_mixin.py:190} INFO - [2025-07-07T03:46:06.106+0000] {dag.py:4180} INFO - Setting next_dagrun for extract_raw_data_pipeline to 2025-07-06 07:59:00+00:00, run_after=2025-07-07 07:00:00+00:00
[2025-07-07T03:46:06.127+0000] {processor.py:208} INFO - Processing /opt/airflow/dags/driven_data_pipeline.py took 0.307 seconds
[2025-07-07T03:46:36.362+0000] {processor.py:186} INFO - Started process (PID=533) to work on /opt/airflow/dags/driven_data_pipeline.py
[2025-07-07T03:46:36.363+0000] {processor.py:914} INFO - Processing file /opt/airflow/dags/driven_data_pipeline.py for tasks to queue
[2025-07-07T03:46:36.367+0000] {logging_mixin.py:190} INFO - [2025-07-07T03:46:36.366+0000] {dagbag.py:588} INFO - Filling up the DagBag from /opt/airflow/dags/driven_data_pipeline.py
[2025-07-07T03:46:36.572+0000] {processor.py:925} INFO - DAG(s) 'extract_raw_data_pipeline' retrieved from /opt/airflow/dags/driven_data_pipeline.py
[2025-07-07T03:46:36.609+0000] {logging_mixin.py:190} INFO - [2025-07-07T03:46:36.609+0000] {dag.py:3239} INFO - Sync 1 DAGs
[2025-07-07T03:46:36.642+0000] {logging_mixin.py:190} INFO - [2025-07-07T03:46:36.642+0000] {dag.py:4180} INFO - Setting next_dagrun for extract_raw_data_pipeline to 2025-07-06 07:59:00+00:00, run_after=2025-07-07 07:00:00+00:00
[2025-07-07T03:46:36.663+0000] {processor.py:208} INFO - Processing /opt/airflow/dags/driven_data_pipeline.py took 0.307 seconds
[2025-07-07T03:47:06.965+0000] {processor.py:186} INFO - Started process (PID=541) to work on /opt/airflow/dags/driven_data_pipeline.py
[2025-07-07T03:47:06.967+0000] {processor.py:914} INFO - Processing file /opt/airflow/dags/driven_data_pipeline.py for tasks to queue
[2025-07-07T03:47:06.970+0000] {logging_mixin.py:190} INFO - [2025-07-07T03:47:06.969+0000] {dagbag.py:588} INFO - Filling up the DagBag from /opt/airflow/dags/driven_data_pipeline.py
[2025-07-07T03:47:07.210+0000] {processor.py:925} INFO - DAG(s) 'extract_raw_data_pipeline' retrieved from /opt/airflow/dags/driven_data_pipeline.py
[2025-07-07T03:47:07.246+0000] {logging_mixin.py:190} INFO - [2025-07-07T03:47:07.245+0000] {dag.py:3239} INFO - Sync 1 DAGs
[2025-07-07T03:47:07.271+0000] {logging_mixin.py:190} INFO - [2025-07-07T03:47:07.271+0000] {dag.py:4180} INFO - Setting next_dagrun for extract_raw_data_pipeline to 2025-07-06 07:59:00+00:00, run_after=2025-07-07 07:00:00+00:00
[2025-07-07T03:47:07.292+0000] {processor.py:208} INFO - Processing /opt/airflow/dags/driven_data_pipeline.py took 0.347 seconds
[2025-07-07T03:47:37.539+0000] {processor.py:186} INFO - Started process (PID=549) to work on /opt/airflow/dags/driven_data_pipeline.py
[2025-07-07T03:47:37.540+0000] {processor.py:914} INFO - Processing file /opt/airflow/dags/driven_data_pipeline.py for tasks to queue
[2025-07-07T03:47:37.543+0000] {logging_mixin.py:190} INFO - [2025-07-07T03:47:37.542+0000] {dagbag.py:588} INFO - Filling up the DagBag from /opt/airflow/dags/driven_data_pipeline.py
[2025-07-07T03:47:37.754+0000] {processor.py:925} INFO - DAG(s) 'extract_raw_data_pipeline' retrieved from /opt/airflow/dags/driven_data_pipeline.py
[2025-07-07T03:47:37.788+0000] {logging_mixin.py:190} INFO - [2025-07-07T03:47:37.787+0000] {dag.py:3239} INFO - Sync 1 DAGs
[2025-07-07T03:47:37.820+0000] {logging_mixin.py:190} INFO - [2025-07-07T03:47:37.820+0000] {dag.py:4180} INFO - Setting next_dagrun for extract_raw_data_pipeline to 2025-07-06 07:59:00+00:00, run_after=2025-07-07 07:00:00+00:00
[2025-07-07T03:47:37.839+0000] {processor.py:208} INFO - Processing /opt/airflow/dags/driven_data_pipeline.py took 0.307 seconds
[2025-07-07T03:48:08.096+0000] {processor.py:186} INFO - Started process (PID=557) to work on /opt/airflow/dags/driven_data_pipeline.py
[2025-07-07T03:48:08.097+0000] {processor.py:914} INFO - Processing file /opt/airflow/dags/driven_data_pipeline.py for tasks to queue
[2025-07-07T03:48:08.101+0000] {logging_mixin.py:190} INFO - [2025-07-07T03:48:08.101+0000] {dagbag.py:588} INFO - Filling up the DagBag from /opt/airflow/dags/driven_data_pipeline.py
[2025-07-07T03:48:08.350+0000] {processor.py:925} INFO - DAG(s) 'extract_raw_data_pipeline' retrieved from /opt/airflow/dags/driven_data_pipeline.py
[2025-07-07T03:48:08.381+0000] {logging_mixin.py:190} INFO - [2025-07-07T03:48:08.381+0000] {dag.py:3239} INFO - Sync 1 DAGs
[2025-07-07T03:48:08.403+0000] {logging_mixin.py:190} INFO - [2025-07-07T03:48:08.403+0000] {dag.py:4180} INFO - Setting next_dagrun for extract_raw_data_pipeline to 2025-07-06 07:59:00+00:00, run_after=2025-07-07 07:00:00+00:00
[2025-07-07T03:48:08.419+0000] {processor.py:208} INFO - Processing /opt/airflow/dags/driven_data_pipeline.py took 0.330 seconds
[2025-07-07T03:48:38.658+0000] {processor.py:186} INFO - Started process (PID=565) to work on /opt/airflow/dags/driven_data_pipeline.py
[2025-07-07T03:48:38.660+0000] {processor.py:914} INFO - Processing file /opt/airflow/dags/driven_data_pipeline.py for tasks to queue
[2025-07-07T03:48:38.666+0000] {logging_mixin.py:190} INFO - [2025-07-07T03:48:38.665+0000] {dagbag.py:588} INFO - Filling up the DagBag from /opt/airflow/dags/driven_data_pipeline.py
[2025-07-07T03:48:38.895+0000] {processor.py:925} INFO - DAG(s) 'extract_raw_data_pipeline' retrieved from /opt/airflow/dags/driven_data_pipeline.py
[2025-07-07T03:48:38.931+0000] {logging_mixin.py:190} INFO - [2025-07-07T03:48:38.931+0000] {dag.py:3239} INFO - Sync 1 DAGs
[2025-07-07T03:48:38.959+0000] {logging_mixin.py:190} INFO - [2025-07-07T03:48:38.959+0000] {dag.py:4180} INFO - Setting next_dagrun for extract_raw_data_pipeline to 2025-07-06 07:59:00+00:00, run_after=2025-07-07 07:00:00+00:00
[2025-07-07T03:48:38.979+0000] {processor.py:208} INFO - Processing /opt/airflow/dags/driven_data_pipeline.py took 0.327 seconds
[2025-07-07T03:49:09.217+0000] {processor.py:186} INFO - Started process (PID=573) to work on /opt/airflow/dags/driven_data_pipeline.py
[2025-07-07T03:49:09.218+0000] {processor.py:914} INFO - Processing file /opt/airflow/dags/driven_data_pipeline.py for tasks to queue
[2025-07-07T03:49:09.221+0000] {logging_mixin.py:190} INFO - [2025-07-07T03:49:09.221+0000] {dagbag.py:588} INFO - Filling up the DagBag from /opt/airflow/dags/driven_data_pipeline.py
[2025-07-07T03:49:09.413+0000] {processor.py:925} INFO - DAG(s) 'extract_raw_data_pipeline' retrieved from /opt/airflow/dags/driven_data_pipeline.py
[2025-07-07T03:49:09.447+0000] {logging_mixin.py:190} INFO - [2025-07-07T03:49:09.447+0000] {dag.py:3239} INFO - Sync 1 DAGs
[2025-07-07T03:49:09.473+0000] {logging_mixin.py:190} INFO - [2025-07-07T03:49:09.473+0000] {dag.py:4180} INFO - Setting next_dagrun for extract_raw_data_pipeline to 2025-07-06 07:59:00+00:00, run_after=2025-07-07 07:00:00+00:00
[2025-07-07T03:49:09.490+0000] {processor.py:208} INFO - Processing /opt/airflow/dags/driven_data_pipeline.py took 0.279 seconds
[2025-07-07T03:49:39.724+0000] {processor.py:186} INFO - Started process (PID=581) to work on /opt/airflow/dags/driven_data_pipeline.py
[2025-07-07T03:49:39.725+0000] {processor.py:914} INFO - Processing file /opt/airflow/dags/driven_data_pipeline.py for tasks to queue
[2025-07-07T03:49:39.727+0000] {logging_mixin.py:190} INFO - [2025-07-07T03:49:39.727+0000] {dagbag.py:588} INFO - Filling up the DagBag from /opt/airflow/dags/driven_data_pipeline.py
[2025-07-07T03:49:39.906+0000] {processor.py:925} INFO - DAG(s) 'extract_raw_data_pipeline' retrieved from /opt/airflow/dags/driven_data_pipeline.py
[2025-07-07T03:49:39.933+0000] {logging_mixin.py:190} INFO - [2025-07-07T03:49:39.933+0000] {dag.py:3239} INFO - Sync 1 DAGs
[2025-07-07T03:49:39.954+0000] {logging_mixin.py:190} INFO - [2025-07-07T03:49:39.953+0000] {dag.py:4180} INFO - Setting next_dagrun for extract_raw_data_pipeline to 2025-07-06 07:59:00+00:00, run_after=2025-07-07 07:00:00+00:00
[2025-07-07T03:49:39.971+0000] {processor.py:208} INFO - Processing /opt/airflow/dags/driven_data_pipeline.py took 0.254 seconds
[2025-07-07T03:50:10.203+0000] {processor.py:186} INFO - Started process (PID=589) to work on /opt/airflow/dags/driven_data_pipeline.py
[2025-07-07T03:50:10.205+0000] {processor.py:914} INFO - Processing file /opt/airflow/dags/driven_data_pipeline.py for tasks to queue
[2025-07-07T03:50:10.208+0000] {logging_mixin.py:190} INFO - [2025-07-07T03:50:10.208+0000] {dagbag.py:588} INFO - Filling up the DagBag from /opt/airflow/dags/driven_data_pipeline.py
[2025-07-07T03:50:10.482+0000] {processor.py:925} INFO - DAG(s) 'extract_raw_data_pipeline' retrieved from /opt/airflow/dags/driven_data_pipeline.py
[2025-07-07T03:50:10.528+0000] {logging_mixin.py:190} INFO - [2025-07-07T03:50:10.527+0000] {dag.py:3239} INFO - Sync 1 DAGs
[2025-07-07T03:50:10.567+0000] {logging_mixin.py:190} INFO - [2025-07-07T03:50:10.567+0000] {dag.py:4180} INFO - Setting next_dagrun for extract_raw_data_pipeline to 2025-07-06 07:59:00+00:00, run_after=2025-07-07 07:00:00+00:00
[2025-07-07T03:50:10.599+0000] {processor.py:208} INFO - Processing /opt/airflow/dags/driven_data_pipeline.py took 0.405 seconds
[2025-07-07T03:50:40.834+0000] {processor.py:186} INFO - Started process (PID=597) to work on /opt/airflow/dags/driven_data_pipeline.py
[2025-07-07T03:50:40.835+0000] {processor.py:914} INFO - Processing file /opt/airflow/dags/driven_data_pipeline.py for tasks to queue
[2025-07-07T03:50:40.837+0000] {logging_mixin.py:190} INFO - [2025-07-07T03:50:40.837+0000] {dagbag.py:588} INFO - Filling up the DagBag from /opt/airflow/dags/driven_data_pipeline.py
[2025-07-07T03:50:41.029+0000] {processor.py:925} INFO - DAG(s) 'extract_raw_data_pipeline' retrieved from /opt/airflow/dags/driven_data_pipeline.py
[2025-07-07T03:50:41.064+0000] {logging_mixin.py:190} INFO - [2025-07-07T03:50:41.064+0000] {dag.py:3239} INFO - Sync 1 DAGs
[2025-07-07T03:50:41.091+0000] {logging_mixin.py:190} INFO - [2025-07-07T03:50:41.091+0000] {dag.py:4180} INFO - Setting next_dagrun for extract_raw_data_pipeline to 2025-07-06 07:59:00+00:00, run_after=2025-07-07 07:00:00+00:00
[2025-07-07T03:50:41.110+0000] {processor.py:208} INFO - Processing /opt/airflow/dags/driven_data_pipeline.py took 0.282 seconds
[2025-07-07T03:51:11.342+0000] {processor.py:186} INFO - Started process (PID=605) to work on /opt/airflow/dags/driven_data_pipeline.py
[2025-07-07T03:51:11.343+0000] {processor.py:914} INFO - Processing file /opt/airflow/dags/driven_data_pipeline.py for tasks to queue
[2025-07-07T03:51:11.346+0000] {logging_mixin.py:190} INFO - [2025-07-07T03:51:11.345+0000] {dagbag.py:588} INFO - Filling up the DagBag from /opt/airflow/dags/driven_data_pipeline.py
[2025-07-07T03:51:11.530+0000] {processor.py:925} INFO - DAG(s) 'extract_raw_data_pipeline' retrieved from /opt/airflow/dags/driven_data_pipeline.py
[2025-07-07T03:51:11.559+0000] {logging_mixin.py:190} INFO - [2025-07-07T03:51:11.559+0000] {dag.py:3239} INFO - Sync 1 DAGs
[2025-07-07T03:51:11.580+0000] {logging_mixin.py:190} INFO - [2025-07-07T03:51:11.580+0000] {dag.py:4180} INFO - Setting next_dagrun for extract_raw_data_pipeline to 2025-07-06 07:59:00+00:00, run_after=2025-07-07 07:00:00+00:00
[2025-07-07T03:51:11.596+0000] {processor.py:208} INFO - Processing /opt/airflow/dags/driven_data_pipeline.py took 0.261 seconds
[2025-07-07T03:51:41.809+0000] {processor.py:186} INFO - Started process (PID=613) to work on /opt/airflow/dags/driven_data_pipeline.py
[2025-07-07T03:51:41.810+0000] {processor.py:914} INFO - Processing file /opt/airflow/dags/driven_data_pipeline.py for tasks to queue
[2025-07-07T03:51:41.812+0000] {logging_mixin.py:190} INFO - [2025-07-07T03:51:41.812+0000] {dagbag.py:588} INFO - Filling up the DagBag from /opt/airflow/dags/driven_data_pipeline.py
[2025-07-07T03:51:41.996+0000] {processor.py:925} INFO - DAG(s) 'extract_raw_data_pipeline' retrieved from /opt/airflow/dags/driven_data_pipeline.py
[2025-07-07T03:51:42.025+0000] {logging_mixin.py:190} INFO - [2025-07-07T03:51:42.024+0000] {dag.py:3239} INFO - Sync 1 DAGs
[2025-07-07T03:51:42.045+0000] {logging_mixin.py:190} INFO - [2025-07-07T03:51:42.045+0000] {dag.py:4180} INFO - Setting next_dagrun for extract_raw_data_pipeline to 2025-07-06 07:59:00+00:00, run_after=2025-07-07 07:00:00+00:00
[2025-07-07T03:51:42.061+0000] {processor.py:208} INFO - Processing /opt/airflow/dags/driven_data_pipeline.py took 0.258 seconds
[2025-07-07T03:52:12.275+0000] {processor.py:186} INFO - Started process (PID=622) to work on /opt/airflow/dags/driven_data_pipeline.py
[2025-07-07T03:52:12.276+0000] {processor.py:914} INFO - Processing file /opt/airflow/dags/driven_data_pipeline.py for tasks to queue
[2025-07-07T03:52:12.278+0000] {logging_mixin.py:190} INFO - [2025-07-07T03:52:12.278+0000] {dagbag.py:588} INFO - Filling up the DagBag from /opt/airflow/dags/driven_data_pipeline.py
[2025-07-07T03:52:12.450+0000] {processor.py:925} INFO - DAG(s) 'extract_raw_data_pipeline' retrieved from /opt/airflow/dags/driven_data_pipeline.py
[2025-07-07T03:52:12.477+0000] {logging_mixin.py:190} INFO - [2025-07-07T03:52:12.477+0000] {dag.py:3239} INFO - Sync 1 DAGs
[2025-07-07T03:52:12.498+0000] {logging_mixin.py:190} INFO - [2025-07-07T03:52:12.498+0000] {dag.py:4180} INFO - Setting next_dagrun for extract_raw_data_pipeline to 2025-07-06 07:59:00+00:00, run_after=2025-07-07 07:00:00+00:00
[2025-07-07T03:52:12.514+0000] {processor.py:208} INFO - Processing /opt/airflow/dags/driven_data_pipeline.py took 0.245 seconds
[2025-07-07T03:52:42.749+0000] {processor.py:186} INFO - Started process (PID=630) to work on /opt/airflow/dags/driven_data_pipeline.py
[2025-07-07T03:52:42.750+0000] {processor.py:914} INFO - Processing file /opt/airflow/dags/driven_data_pipeline.py for tasks to queue
[2025-07-07T03:52:42.752+0000] {logging_mixin.py:190} INFO - [2025-07-07T03:52:42.752+0000] {dagbag.py:588} INFO - Filling up the DagBag from /opt/airflow/dags/driven_data_pipeline.py
[2025-07-07T03:52:42.942+0000] {processor.py:925} INFO - DAG(s) 'extract_raw_data_pipeline' retrieved from /opt/airflow/dags/driven_data_pipeline.py
[2025-07-07T03:52:42.970+0000] {logging_mixin.py:190} INFO - [2025-07-07T03:52:42.970+0000] {dag.py:3239} INFO - Sync 1 DAGs
[2025-07-07T03:52:42.994+0000] {logging_mixin.py:190} INFO - [2025-07-07T03:52:42.994+0000] {dag.py:4180} INFO - Setting next_dagrun for extract_raw_data_pipeline to 2025-07-06 07:59:00+00:00, run_after=2025-07-07 07:00:00+00:00
[2025-07-07T03:52:43.011+0000] {processor.py:208} INFO - Processing /opt/airflow/dags/driven_data_pipeline.py took 0.269 seconds
[2025-07-07T03:53:13.238+0000] {processor.py:186} INFO - Started process (PID=638) to work on /opt/airflow/dags/driven_data_pipeline.py
[2025-07-07T03:53:13.239+0000] {processor.py:914} INFO - Processing file /opt/airflow/dags/driven_data_pipeline.py for tasks to queue
[2025-07-07T03:53:13.242+0000] {logging_mixin.py:190} INFO - [2025-07-07T03:53:13.241+0000] {dagbag.py:588} INFO - Filling up the DagBag from /opt/airflow/dags/driven_data_pipeline.py
[2025-07-07T03:53:13.431+0000] {processor.py:925} INFO - DAG(s) 'extract_raw_data_pipeline' retrieved from /opt/airflow/dags/driven_data_pipeline.py
[2025-07-07T03:53:13.460+0000] {logging_mixin.py:190} INFO - [2025-07-07T03:53:13.459+0000] {dag.py:3239} INFO - Sync 1 DAGs
[2025-07-07T03:53:13.485+0000] {logging_mixin.py:190} INFO - [2025-07-07T03:53:13.484+0000] {dag.py:4180} INFO - Setting next_dagrun for extract_raw_data_pipeline to 2025-07-06 07:59:00+00:00, run_after=2025-07-07 07:00:00+00:00
[2025-07-07T03:53:13.503+0000] {processor.py:208} INFO - Processing /opt/airflow/dags/driven_data_pipeline.py took 0.271 seconds
[2025-07-07T03:53:43.725+0000] {processor.py:186} INFO - Started process (PID=646) to work on /opt/airflow/dags/driven_data_pipeline.py
[2025-07-07T03:53:43.726+0000] {processor.py:914} INFO - Processing file /opt/airflow/dags/driven_data_pipeline.py for tasks to queue
[2025-07-07T03:53:43.729+0000] {logging_mixin.py:190} INFO - [2025-07-07T03:53:43.728+0000] {dagbag.py:588} INFO - Filling up the DagBag from /opt/airflow/dags/driven_data_pipeline.py
[2025-07-07T03:53:43.902+0000] {processor.py:925} INFO - DAG(s) 'extract_raw_data_pipeline' retrieved from /opt/airflow/dags/driven_data_pipeline.py
[2025-07-07T03:53:43.929+0000] {logging_mixin.py:190} INFO - [2025-07-07T03:53:43.929+0000] {dag.py:3239} INFO - Sync 1 DAGs
[2025-07-07T03:53:43.951+0000] {logging_mixin.py:190} INFO - [2025-07-07T03:53:43.951+0000] {dag.py:4180} INFO - Setting next_dagrun for extract_raw_data_pipeline to 2025-07-06 07:59:00+00:00, run_after=2025-07-07 07:00:00+00:00
[2025-07-07T03:53:43.968+0000] {processor.py:208} INFO - Processing /opt/airflow/dags/driven_data_pipeline.py took 0.250 seconds
[2025-07-07T03:54:14.189+0000] {processor.py:186} INFO - Started process (PID=654) to work on /opt/airflow/dags/driven_data_pipeline.py
[2025-07-07T03:54:14.190+0000] {processor.py:914} INFO - Processing file /opt/airflow/dags/driven_data_pipeline.py for tasks to queue
[2025-07-07T03:54:14.192+0000] {logging_mixin.py:190} INFO - [2025-07-07T03:54:14.192+0000] {dagbag.py:588} INFO - Filling up the DagBag from /opt/airflow/dags/driven_data_pipeline.py
[2025-07-07T03:54:14.367+0000] {processor.py:925} INFO - DAG(s) 'extract_raw_data_pipeline' retrieved from /opt/airflow/dags/driven_data_pipeline.py
[2025-07-07T03:54:14.395+0000] {logging_mixin.py:190} INFO - [2025-07-07T03:54:14.395+0000] {dag.py:3239} INFO - Sync 1 DAGs
[2025-07-07T03:54:14.415+0000] {logging_mixin.py:190} INFO - [2025-07-07T03:54:14.415+0000] {dag.py:4180} INFO - Setting next_dagrun for extract_raw_data_pipeline to 2025-07-06 07:59:00+00:00, run_after=2025-07-07 07:00:00+00:00
[2025-07-07T03:54:14.431+0000] {processor.py:208} INFO - Processing /opt/airflow/dags/driven_data_pipeline.py took 0.248 seconds
[2025-07-07T03:54:44.663+0000] {processor.py:186} INFO - Started process (PID=662) to work on /opt/airflow/dags/driven_data_pipeline.py
[2025-07-07T03:54:44.664+0000] {processor.py:914} INFO - Processing file /opt/airflow/dags/driven_data_pipeline.py for tasks to queue
[2025-07-07T03:54:44.666+0000] {logging_mixin.py:190} INFO - [2025-07-07T03:54:44.666+0000] {dagbag.py:588} INFO - Filling up the DagBag from /opt/airflow/dags/driven_data_pipeline.py
[2025-07-07T03:54:44.882+0000] {processor.py:925} INFO - DAG(s) 'extract_raw_data_pipeline' retrieved from /opt/airflow/dags/driven_data_pipeline.py
[2025-07-07T03:54:44.910+0000] {logging_mixin.py:190} INFO - [2025-07-07T03:54:44.909+0000] {dag.py:3239} INFO - Sync 1 DAGs
[2025-07-07T03:54:44.932+0000] {logging_mixin.py:190} INFO - [2025-07-07T03:54:44.932+0000] {dag.py:4180} INFO - Setting next_dagrun for extract_raw_data_pipeline to 2025-07-06 07:59:00+00:00, run_after=2025-07-07 07:00:00+00:00
[2025-07-07T03:54:44.948+0000] {processor.py:208} INFO - Processing /opt/airflow/dags/driven_data_pipeline.py took 0.292 seconds
[2025-07-07T03:55:15.165+0000] {processor.py:186} INFO - Started process (PID=670) to work on /opt/airflow/dags/driven_data_pipeline.py
[2025-07-07T03:55:15.166+0000] {processor.py:914} INFO - Processing file /opt/airflow/dags/driven_data_pipeline.py for tasks to queue
[2025-07-07T03:55:15.169+0000] {logging_mixin.py:190} INFO - [2025-07-07T03:55:15.168+0000] {dagbag.py:588} INFO - Filling up the DagBag from /opt/airflow/dags/driven_data_pipeline.py
[2025-07-07T03:55:15.342+0000] {processor.py:925} INFO - DAG(s) 'extract_raw_data_pipeline' retrieved from /opt/airflow/dags/driven_data_pipeline.py
[2025-07-07T03:55:15.370+0000] {logging_mixin.py:190} INFO - [2025-07-07T03:55:15.370+0000] {dag.py:3239} INFO - Sync 1 DAGs
[2025-07-07T03:55:15.391+0000] {logging_mixin.py:190} INFO - [2025-07-07T03:55:15.391+0000] {dag.py:4180} INFO - Setting next_dagrun for extract_raw_data_pipeline to 2025-07-06 07:59:00+00:00, run_after=2025-07-07 07:00:00+00:00
[2025-07-07T03:55:15.408+0000] {processor.py:208} INFO - Processing /opt/airflow/dags/driven_data_pipeline.py took 0.249 seconds
[2025-07-07T03:55:45.660+0000] {processor.py:186} INFO - Started process (PID=678) to work on /opt/airflow/dags/driven_data_pipeline.py
[2025-07-07T03:55:45.661+0000] {processor.py:914} INFO - Processing file /opt/airflow/dags/driven_data_pipeline.py for tasks to queue
[2025-07-07T03:55:45.666+0000] {logging_mixin.py:190} INFO - [2025-07-07T03:55:45.665+0000] {dagbag.py:588} INFO - Filling up the DagBag from /opt/airflow/dags/driven_data_pipeline.py
[2025-07-07T03:55:46.060+0000] {processor.py:925} INFO - DAG(s) 'extract_raw_data_pipeline' retrieved from /opt/airflow/dags/driven_data_pipeline.py
[2025-07-07T03:55:46.125+0000] {logging_mixin.py:190} INFO - [2025-07-07T03:55:46.125+0000] {dag.py:3239} INFO - Sync 1 DAGs
[2025-07-07T03:55:46.170+0000] {logging_mixin.py:190} INFO - [2025-07-07T03:55:46.170+0000] {dag.py:4180} INFO - Setting next_dagrun for extract_raw_data_pipeline to 2025-07-06 07:59:00+00:00, run_after=2025-07-07 07:00:00+00:00
[2025-07-07T03:55:46.200+0000] {processor.py:208} INFO - Processing /opt/airflow/dags/driven_data_pipeline.py took 0.549 seconds
[2025-07-07T03:56:16.453+0000] {processor.py:186} INFO - Started process (PID=686) to work on /opt/airflow/dags/driven_data_pipeline.py
[2025-07-07T03:56:16.454+0000] {processor.py:914} INFO - Processing file /opt/airflow/dags/driven_data_pipeline.py for tasks to queue
[2025-07-07T03:56:16.456+0000] {logging_mixin.py:190} INFO - [2025-07-07T03:56:16.456+0000] {dagbag.py:588} INFO - Filling up the DagBag from /opt/airflow/dags/driven_data_pipeline.py
[2025-07-07T03:56:16.657+0000] {processor.py:925} INFO - DAG(s) 'extract_raw_data_pipeline' retrieved from /opt/airflow/dags/driven_data_pipeline.py
[2025-07-07T03:56:16.688+0000] {logging_mixin.py:190} INFO - [2025-07-07T03:56:16.688+0000] {dag.py:3239} INFO - Sync 1 DAGs
[2025-07-07T03:56:16.712+0000] {logging_mixin.py:190} INFO - [2025-07-07T03:56:16.712+0000] {dag.py:4180} INFO - Setting next_dagrun for extract_raw_data_pipeline to 2025-07-06 07:59:00+00:00, run_after=2025-07-07 07:00:00+00:00
[2025-07-07T03:56:16.735+0000] {processor.py:208} INFO - Processing /opt/airflow/dags/driven_data_pipeline.py took 0.290 seconds
[2025-07-07T03:56:46.976+0000] {processor.py:186} INFO - Started process (PID=694) to work on /opt/airflow/dags/driven_data_pipeline.py
[2025-07-07T03:56:46.977+0000] {processor.py:914} INFO - Processing file /opt/airflow/dags/driven_data_pipeline.py for tasks to queue
[2025-07-07T03:56:46.980+0000] {logging_mixin.py:190} INFO - [2025-07-07T03:56:46.979+0000] {dagbag.py:588} INFO - Filling up the DagBag from /opt/airflow/dags/driven_data_pipeline.py
[2025-07-07T03:56:47.188+0000] {processor.py:925} INFO - DAG(s) 'extract_raw_data_pipeline' retrieved from /opt/airflow/dags/driven_data_pipeline.py
[2025-07-07T03:56:47.222+0000] {logging_mixin.py:190} INFO - [2025-07-07T03:56:47.222+0000] {dag.py:3239} INFO - Sync 1 DAGs
[2025-07-07T03:56:47.249+0000] {logging_mixin.py:190} INFO - [2025-07-07T03:56:47.249+0000] {dag.py:4180} INFO - Setting next_dagrun for extract_raw_data_pipeline to 2025-07-06 07:59:00+00:00, run_after=2025-07-07 07:00:00+00:00
[2025-07-07T03:56:47.268+0000] {processor.py:208} INFO - Processing /opt/airflow/dags/driven_data_pipeline.py took 0.300 seconds
[2025-07-07T03:57:17.503+0000] {processor.py:186} INFO - Started process (PID=702) to work on /opt/airflow/dags/driven_data_pipeline.py
[2025-07-07T03:57:17.504+0000] {processor.py:914} INFO - Processing file /opt/airflow/dags/driven_data_pipeline.py for tasks to queue
[2025-07-07T03:57:17.507+0000] {logging_mixin.py:190} INFO - [2025-07-07T03:57:17.507+0000] {dagbag.py:588} INFO - Filling up the DagBag from /opt/airflow/dags/driven_data_pipeline.py
[2025-07-07T03:57:17.703+0000] {processor.py:925} INFO - DAG(s) 'extract_raw_data_pipeline' retrieved from /opt/airflow/dags/driven_data_pipeline.py
[2025-07-07T03:57:17.734+0000] {logging_mixin.py:190} INFO - [2025-07-07T03:57:17.734+0000] {dag.py:3239} INFO - Sync 1 DAGs
[2025-07-07T03:57:17.757+0000] {logging_mixin.py:190} INFO - [2025-07-07T03:57:17.757+0000] {dag.py:4180} INFO - Setting next_dagrun for extract_raw_data_pipeline to 2025-07-06 07:59:00+00:00, run_after=2025-07-07 07:00:00+00:00
[2025-07-07T03:57:17.773+0000] {processor.py:208} INFO - Processing /opt/airflow/dags/driven_data_pipeline.py took 0.278 seconds
[2025-07-07T03:57:47.989+0000] {processor.py:186} INFO - Started process (PID=710) to work on /opt/airflow/dags/driven_data_pipeline.py
[2025-07-07T03:57:47.990+0000] {processor.py:914} INFO - Processing file /opt/airflow/dags/driven_data_pipeline.py for tasks to queue
[2025-07-07T03:57:47.993+0000] {logging_mixin.py:190} INFO - [2025-07-07T03:57:47.992+0000] {dagbag.py:588} INFO - Filling up the DagBag from /opt/airflow/dags/driven_data_pipeline.py
[2025-07-07T03:57:48.180+0000] {processor.py:925} INFO - DAG(s) 'extract_raw_data_pipeline' retrieved from /opt/airflow/dags/driven_data_pipeline.py
[2025-07-07T03:57:48.208+0000] {logging_mixin.py:190} INFO - [2025-07-07T03:57:48.207+0000] {dag.py:3239} INFO - Sync 1 DAGs
[2025-07-07T03:57:48.230+0000] {logging_mixin.py:190} INFO - [2025-07-07T03:57:48.230+0000] {dag.py:4180} INFO - Setting next_dagrun for extract_raw_data_pipeline to 2025-07-06 07:59:00+00:00, run_after=2025-07-07 07:00:00+00:00
[2025-07-07T03:57:48.246+0000] {processor.py:208} INFO - Processing /opt/airflow/dags/driven_data_pipeline.py took 0.264 seconds
[2025-07-07T03:58:18.466+0000] {processor.py:186} INFO - Started process (PID=718) to work on /opt/airflow/dags/driven_data_pipeline.py
[2025-07-07T03:58:18.467+0000] {processor.py:914} INFO - Processing file /opt/airflow/dags/driven_data_pipeline.py for tasks to queue
[2025-07-07T03:58:18.471+0000] {logging_mixin.py:190} INFO - [2025-07-07T03:58:18.470+0000] {dagbag.py:588} INFO - Filling up the DagBag from /opt/airflow/dags/driven_data_pipeline.py
[2025-07-07T03:58:18.672+0000] {processor.py:925} INFO - DAG(s) 'extract_raw_data_pipeline' retrieved from /opt/airflow/dags/driven_data_pipeline.py
[2025-07-07T03:58:18.706+0000] {logging_mixin.py:190} INFO - [2025-07-07T03:58:18.706+0000] {dag.py:3239} INFO - Sync 1 DAGs
[2025-07-07T03:58:18.730+0000] {logging_mixin.py:190} INFO - [2025-07-07T03:58:18.730+0000] {dag.py:4180} INFO - Setting next_dagrun for extract_raw_data_pipeline to 2025-07-06 07:59:00+00:00, run_after=2025-07-07 07:00:00+00:00
[2025-07-07T03:58:18.746+0000] {processor.py:208} INFO - Processing /opt/airflow/dags/driven_data_pipeline.py took 0.288 seconds
[2025-07-07T03:58:48.970+0000] {processor.py:186} INFO - Started process (PID=726) to work on /opt/airflow/dags/driven_data_pipeline.py
[2025-07-07T03:58:48.972+0000] {processor.py:914} INFO - Processing file /opt/airflow/dags/driven_data_pipeline.py for tasks to queue
[2025-07-07T03:58:48.974+0000] {logging_mixin.py:190} INFO - [2025-07-07T03:58:48.974+0000] {dagbag.py:588} INFO - Filling up the DagBag from /opt/airflow/dags/driven_data_pipeline.py
[2025-07-07T03:58:49.167+0000] {processor.py:925} INFO - DAG(s) 'extract_raw_data_pipeline' retrieved from /opt/airflow/dags/driven_data_pipeline.py
[2025-07-07T03:58:49.198+0000] {logging_mixin.py:190} INFO - [2025-07-07T03:58:49.198+0000] {dag.py:3239} INFO - Sync 1 DAGs
[2025-07-07T03:58:49.225+0000] {logging_mixin.py:190} INFO - [2025-07-07T03:58:49.225+0000] {dag.py:4180} INFO - Setting next_dagrun for extract_raw_data_pipeline to 2025-07-06 07:59:00+00:00, run_after=2025-07-07 07:00:00+00:00
[2025-07-07T03:58:49.243+0000] {processor.py:208} INFO - Processing /opt/airflow/dags/driven_data_pipeline.py took 0.280 seconds
[2025-07-07T03:59:19.460+0000] {processor.py:186} INFO - Started process (PID=734) to work on /opt/airflow/dags/driven_data_pipeline.py
[2025-07-07T03:59:19.461+0000] {processor.py:914} INFO - Processing file /opt/airflow/dags/driven_data_pipeline.py for tasks to queue
[2025-07-07T03:59:19.463+0000] {logging_mixin.py:190} INFO - [2025-07-07T03:59:19.463+0000] {dagbag.py:588} INFO - Filling up the DagBag from /opt/airflow/dags/driven_data_pipeline.py
[2025-07-07T03:59:19.637+0000] {processor.py:925} INFO - DAG(s) 'extract_raw_data_pipeline' retrieved from /opt/airflow/dags/driven_data_pipeline.py
[2025-07-07T03:59:19.665+0000] {logging_mixin.py:190} INFO - [2025-07-07T03:59:19.665+0000] {dag.py:3239} INFO - Sync 1 DAGs
[2025-07-07T03:59:19.685+0000] {logging_mixin.py:190} INFO - [2025-07-07T03:59:19.685+0000] {dag.py:4180} INFO - Setting next_dagrun for extract_raw_data_pipeline to 2025-07-06 07:59:00+00:00, run_after=2025-07-07 07:00:00+00:00
[2025-07-07T03:59:19.702+0000] {processor.py:208} INFO - Processing /opt/airflow/dags/driven_data_pipeline.py took 0.248 seconds
[2025-07-07T03:59:49.929+0000] {processor.py:186} INFO - Started process (PID=742) to work on /opt/airflow/dags/driven_data_pipeline.py
[2025-07-07T03:59:49.930+0000] {processor.py:914} INFO - Processing file /opt/airflow/dags/driven_data_pipeline.py for tasks to queue
[2025-07-07T03:59:49.932+0000] {logging_mixin.py:190} INFO - [2025-07-07T03:59:49.932+0000] {dagbag.py:588} INFO - Filling up the DagBag from /opt/airflow/dags/driven_data_pipeline.py
[2025-07-07T03:59:50.118+0000] {processor.py:925} INFO - DAG(s) 'extract_raw_data_pipeline' retrieved from /opt/airflow/dags/driven_data_pipeline.py
[2025-07-07T03:59:50.148+0000] {logging_mixin.py:190} INFO - [2025-07-07T03:59:50.148+0000] {dag.py:3239} INFO - Sync 1 DAGs
[2025-07-07T03:59:50.171+0000] {logging_mixin.py:190} INFO - [2025-07-07T03:59:50.170+0000] {dag.py:4180} INFO - Setting next_dagrun for extract_raw_data_pipeline to 2025-07-06 07:59:00+00:00, run_after=2025-07-07 07:00:00+00:00
[2025-07-07T03:59:50.189+0000] {processor.py:208} INFO - Processing /opt/airflow/dags/driven_data_pipeline.py took 0.268 seconds
[2025-07-07T04:00:20.411+0000] {processor.py:186} INFO - Started process (PID=750) to work on /opt/airflow/dags/driven_data_pipeline.py
[2025-07-07T04:00:20.412+0000] {processor.py:914} INFO - Processing file /opt/airflow/dags/driven_data_pipeline.py for tasks to queue
[2025-07-07T04:00:20.416+0000] {logging_mixin.py:190} INFO - [2025-07-07T04:00:20.416+0000] {dagbag.py:588} INFO - Filling up the DagBag from /opt/airflow/dags/driven_data_pipeline.py
[2025-07-07T04:00:20.607+0000] {processor.py:925} INFO - DAG(s) 'extract_raw_data_pipeline' retrieved from /opt/airflow/dags/driven_data_pipeline.py
[2025-07-07T04:00:20.639+0000] {logging_mixin.py:190} INFO - [2025-07-07T04:00:20.638+0000] {dag.py:3239} INFO - Sync 1 DAGs
[2025-07-07T04:00:20.663+0000] {logging_mixin.py:190} INFO - [2025-07-07T04:00:20.663+0000] {dag.py:4180} INFO - Setting next_dagrun for extract_raw_data_pipeline to 2025-07-06 07:59:00+00:00, run_after=2025-07-07 07:00:00+00:00
[2025-07-07T04:00:20.680+0000] {processor.py:208} INFO - Processing /opt/airflow/dags/driven_data_pipeline.py took 0.276 seconds
[2025-07-07T04:00:50.944+0000] {processor.py:186} INFO - Started process (PID=758) to work on /opt/airflow/dags/driven_data_pipeline.py
[2025-07-07T04:00:50.945+0000] {processor.py:914} INFO - Processing file /opt/airflow/dags/driven_data_pipeline.py for tasks to queue
[2025-07-07T04:00:50.947+0000] {logging_mixin.py:190} INFO - [2025-07-07T04:00:50.947+0000] {dagbag.py:588} INFO - Filling up the DagBag from /opt/airflow/dags/driven_data_pipeline.py
[2025-07-07T04:00:51.120+0000] {processor.py:925} INFO - DAG(s) 'extract_raw_data_pipeline' retrieved from /opt/airflow/dags/driven_data_pipeline.py
[2025-07-07T04:00:51.149+0000] {logging_mixin.py:190} INFO - [2025-07-07T04:00:51.149+0000] {dag.py:3239} INFO - Sync 1 DAGs
[2025-07-07T04:00:51.172+0000] {logging_mixin.py:190} INFO - [2025-07-07T04:00:51.172+0000] {dag.py:4180} INFO - Setting next_dagrun for extract_raw_data_pipeline to 2025-07-06 07:59:00+00:00, run_after=2025-07-07 07:00:00+00:00
[2025-07-07T04:00:51.191+0000] {processor.py:208} INFO - Processing /opt/airflow/dags/driven_data_pipeline.py took 0.255 seconds
[2025-07-07T04:01:21.421+0000] {processor.py:186} INFO - Started process (PID=766) to work on /opt/airflow/dags/driven_data_pipeline.py
[2025-07-07T04:01:21.422+0000] {processor.py:914} INFO - Processing file /opt/airflow/dags/driven_data_pipeline.py for tasks to queue
[2025-07-07T04:01:21.425+0000] {logging_mixin.py:190} INFO - [2025-07-07T04:01:21.424+0000] {dagbag.py:588} INFO - Filling up the DagBag from /opt/airflow/dags/driven_data_pipeline.py
[2025-07-07T04:01:21.623+0000] {processor.py:925} INFO - DAG(s) 'extract_raw_data_pipeline' retrieved from /opt/airflow/dags/driven_data_pipeline.py
[2025-07-07T04:01:21.658+0000] {logging_mixin.py:190} INFO - [2025-07-07T04:01:21.658+0000] {dag.py:3239} INFO - Sync 1 DAGs
[2025-07-07T04:01:21.683+0000] {logging_mixin.py:190} INFO - [2025-07-07T04:01:21.682+0000] {dag.py:4180} INFO - Setting next_dagrun for extract_raw_data_pipeline to 2025-07-06 07:59:00+00:00, run_after=2025-07-07 07:00:00+00:00
[2025-07-07T04:01:21.702+0000] {processor.py:208} INFO - Processing /opt/airflow/dags/driven_data_pipeline.py took 0.288 seconds
[2025-07-07T04:01:51.932+0000] {processor.py:186} INFO - Started process (PID=774) to work on /opt/airflow/dags/driven_data_pipeline.py
[2025-07-07T04:01:51.934+0000] {processor.py:914} INFO - Processing file /opt/airflow/dags/driven_data_pipeline.py for tasks to queue
[2025-07-07T04:01:51.936+0000] {logging_mixin.py:190} INFO - [2025-07-07T04:01:51.936+0000] {dagbag.py:588} INFO - Filling up the DagBag from /opt/airflow/dags/driven_data_pipeline.py
[2025-07-07T04:01:52.139+0000] {processor.py:925} INFO - DAG(s) 'extract_raw_data_pipeline' retrieved from /opt/airflow/dags/driven_data_pipeline.py
[2025-07-07T04:01:52.171+0000] {logging_mixin.py:190} INFO - [2025-07-07T04:01:52.171+0000] {dag.py:3239} INFO - Sync 1 DAGs
[2025-07-07T04:01:52.196+0000] {logging_mixin.py:190} INFO - [2025-07-07T04:01:52.196+0000] {dag.py:4180} INFO - Setting next_dagrun for extract_raw_data_pipeline to 2025-07-06 07:59:00+00:00, run_after=2025-07-07 07:00:00+00:00
[2025-07-07T04:01:52.213+0000] {processor.py:208} INFO - Processing /opt/airflow/dags/driven_data_pipeline.py took 0.288 seconds
[2025-07-07T04:02:22.436+0000] {processor.py:186} INFO - Started process (PID=782) to work on /opt/airflow/dags/driven_data_pipeline.py
[2025-07-07T04:02:22.437+0000] {processor.py:914} INFO - Processing file /opt/airflow/dags/driven_data_pipeline.py for tasks to queue
[2025-07-07T04:02:22.440+0000] {logging_mixin.py:190} INFO - [2025-07-07T04:02:22.439+0000] {dagbag.py:588} INFO - Filling up the DagBag from /opt/airflow/dags/driven_data_pipeline.py
[2025-07-07T04:02:22.625+0000] {processor.py:925} INFO - DAG(s) 'extract_raw_data_pipeline' retrieved from /opt/airflow/dags/driven_data_pipeline.py
[2025-07-07T04:02:22.656+0000] {logging_mixin.py:190} INFO - [2025-07-07T04:02:22.655+0000] {dag.py:3239} INFO - Sync 1 DAGs
[2025-07-07T04:02:22.679+0000] {logging_mixin.py:190} INFO - [2025-07-07T04:02:22.679+0000] {dag.py:4180} INFO - Setting next_dagrun for extract_raw_data_pipeline to 2025-07-06 07:59:00+00:00, run_after=2025-07-07 07:00:00+00:00
[2025-07-07T04:02:22.698+0000] {processor.py:208} INFO - Processing /opt/airflow/dags/driven_data_pipeline.py took 0.268 seconds
[2025-07-07T04:02:52.941+0000] {processor.py:186} INFO - Started process (PID=790) to work on /opt/airflow/dags/driven_data_pipeline.py
[2025-07-07T04:02:52.942+0000] {processor.py:914} INFO - Processing file /opt/airflow/dags/driven_data_pipeline.py for tasks to queue
[2025-07-07T04:02:52.945+0000] {logging_mixin.py:190} INFO - [2025-07-07T04:02:52.944+0000] {dagbag.py:588} INFO - Filling up the DagBag from /opt/airflow/dags/driven_data_pipeline.py
[2025-07-07T04:02:53.125+0000] {processor.py:925} INFO - DAG(s) 'extract_raw_data_pipeline' retrieved from /opt/airflow/dags/driven_data_pipeline.py
[2025-07-07T04:02:53.152+0000] {logging_mixin.py:190} INFO - [2025-07-07T04:02:53.151+0000] {dag.py:3239} INFO - Sync 1 DAGs
[2025-07-07T04:02:53.173+0000] {logging_mixin.py:190} INFO - [2025-07-07T04:02:53.173+0000] {dag.py:4180} INFO - Setting next_dagrun for extract_raw_data_pipeline to 2025-07-06 07:59:00+00:00, run_after=2025-07-07 07:00:00+00:00
[2025-07-07T04:02:53.187+0000] {processor.py:208} INFO - Processing /opt/airflow/dags/driven_data_pipeline.py took 0.253 seconds
[2025-07-07T04:03:23.401+0000] {processor.py:186} INFO - Started process (PID=798) to work on /opt/airflow/dags/driven_data_pipeline.py
[2025-07-07T04:03:23.403+0000] {processor.py:914} INFO - Processing file /opt/airflow/dags/driven_data_pipeline.py for tasks to queue
[2025-07-07T04:03:23.408+0000] {logging_mixin.py:190} INFO - [2025-07-07T04:03:23.407+0000] {dagbag.py:588} INFO - Filling up the DagBag from /opt/airflow/dags/driven_data_pipeline.py
[2025-07-07T04:03:23.635+0000] {processor.py:925} INFO - DAG(s) 'extract_raw_data_pipeline' retrieved from /opt/airflow/dags/driven_data_pipeline.py
[2025-07-07T04:03:23.667+0000] {logging_mixin.py:190} INFO - [2025-07-07T04:03:23.667+0000] {dag.py:3239} INFO - Sync 1 DAGs
[2025-07-07T04:03:23.692+0000] {logging_mixin.py:190} INFO - [2025-07-07T04:03:23.692+0000] {dag.py:4180} INFO - Setting next_dagrun for extract_raw_data_pipeline to 2025-07-06 07:59:00+00:00, run_after=2025-07-07 07:00:00+00:00
[2025-07-07T04:03:23.708+0000] {processor.py:208} INFO - Processing /opt/airflow/dags/driven_data_pipeline.py took 0.318 seconds
[2025-07-07T04:03:53.927+0000] {processor.py:186} INFO - Started process (PID=806) to work on /opt/airflow/dags/driven_data_pipeline.py
[2025-07-07T04:03:53.928+0000] {processor.py:914} INFO - Processing file /opt/airflow/dags/driven_data_pipeline.py for tasks to queue
[2025-07-07T04:03:53.931+0000] {logging_mixin.py:190} INFO - [2025-07-07T04:03:53.931+0000] {dagbag.py:588} INFO - Filling up the DagBag from /opt/airflow/dags/driven_data_pipeline.py
[2025-07-07T04:03:54.125+0000] {processor.py:925} INFO - DAG(s) 'extract_raw_data_pipeline' retrieved from /opt/airflow/dags/driven_data_pipeline.py
[2025-07-07T04:03:54.154+0000] {logging_mixin.py:190} INFO - [2025-07-07T04:03:54.154+0000] {dag.py:3239} INFO - Sync 1 DAGs
[2025-07-07T04:03:54.176+0000] {logging_mixin.py:190} INFO - [2025-07-07T04:03:54.176+0000] {dag.py:4180} INFO - Setting next_dagrun for extract_raw_data_pipeline to 2025-07-06 07:59:00+00:00, run_after=2025-07-07 07:00:00+00:00
[2025-07-07T04:03:54.194+0000] {processor.py:208} INFO - Processing /opt/airflow/dags/driven_data_pipeline.py took 0.273 seconds
[2025-07-07T04:04:24.399+0000] {processor.py:186} INFO - Started process (PID=814) to work on /opt/airflow/dags/driven_data_pipeline.py
[2025-07-07T04:04:24.400+0000] {processor.py:914} INFO - Processing file /opt/airflow/dags/driven_data_pipeline.py for tasks to queue
[2025-07-07T04:04:24.403+0000] {logging_mixin.py:190} INFO - [2025-07-07T04:04:24.402+0000] {dagbag.py:588} INFO - Filling up the DagBag from /opt/airflow/dags/driven_data_pipeline.py
[2025-07-07T04:04:24.589+0000] {processor.py:925} INFO - DAG(s) 'extract_raw_data_pipeline' retrieved from /opt/airflow/dags/driven_data_pipeline.py
[2025-07-07T04:04:24.617+0000] {logging_mixin.py:190} INFO - [2025-07-07T04:04:24.617+0000] {dag.py:3239} INFO - Sync 1 DAGs
[2025-07-07T04:04:24.640+0000] {logging_mixin.py:190} INFO - [2025-07-07T04:04:24.640+0000] {dag.py:4180} INFO - Setting next_dagrun for extract_raw_data_pipeline to 2025-07-06 07:59:00+00:00, run_after=2025-07-07 07:00:00+00:00
[2025-07-07T04:04:24.656+0000] {processor.py:208} INFO - Processing /opt/airflow/dags/driven_data_pipeline.py took 0.264 seconds
[2025-07-07T04:04:54.885+0000] {processor.py:186} INFO - Started process (PID=822) to work on /opt/airflow/dags/driven_data_pipeline.py
[2025-07-07T04:04:54.886+0000] {processor.py:914} INFO - Processing file /opt/airflow/dags/driven_data_pipeline.py for tasks to queue
[2025-07-07T04:04:54.889+0000] {logging_mixin.py:190} INFO - [2025-07-07T04:04:54.888+0000] {dagbag.py:588} INFO - Filling up the DagBag from /opt/airflow/dags/driven_data_pipeline.py
[2025-07-07T04:04:55.083+0000] {processor.py:925} INFO - DAG(s) 'extract_raw_data_pipeline' retrieved from /opt/airflow/dags/driven_data_pipeline.py
[2025-07-07T04:04:55.112+0000] {logging_mixin.py:190} INFO - [2025-07-07T04:04:55.111+0000] {dag.py:3239} INFO - Sync 1 DAGs
[2025-07-07T04:04:55.138+0000] {logging_mixin.py:190} INFO - [2025-07-07T04:04:55.137+0000] {dag.py:4180} INFO - Setting next_dagrun for extract_raw_data_pipeline to 2025-07-06 07:59:00+00:00, run_after=2025-07-07 07:00:00+00:00
[2025-07-07T04:04:55.160+0000] {processor.py:208} INFO - Processing /opt/airflow/dags/driven_data_pipeline.py took 0.282 seconds
[2025-07-07T04:05:25.399+0000] {processor.py:186} INFO - Started process (PID=830) to work on /opt/airflow/dags/driven_data_pipeline.py
[2025-07-07T04:05:25.400+0000] {processor.py:914} INFO - Processing file /opt/airflow/dags/driven_data_pipeline.py for tasks to queue
[2025-07-07T04:05:25.403+0000] {logging_mixin.py:190} INFO - [2025-07-07T04:05:25.403+0000] {dagbag.py:588} INFO - Filling up the DagBag from /opt/airflow/dags/driven_data_pipeline.py
[2025-07-07T04:05:25.585+0000] {processor.py:925} INFO - DAG(s) 'extract_raw_data_pipeline' retrieved from /opt/airflow/dags/driven_data_pipeline.py
[2025-07-07T04:05:25.614+0000] {logging_mixin.py:190} INFO - [2025-07-07T04:05:25.614+0000] {dag.py:3239} INFO - Sync 1 DAGs
[2025-07-07T04:05:25.636+0000] {logging_mixin.py:190} INFO - [2025-07-07T04:05:25.635+0000] {dag.py:4180} INFO - Setting next_dagrun for extract_raw_data_pipeline to 2025-07-06 07:59:00+00:00, run_after=2025-07-07 07:00:00+00:00
[2025-07-07T04:05:25.652+0000] {processor.py:208} INFO - Processing /opt/airflow/dags/driven_data_pipeline.py took 0.260 seconds
[2025-07-07T04:05:55.882+0000] {processor.py:186} INFO - Started process (PID=838) to work on /opt/airflow/dags/driven_data_pipeline.py
[2025-07-07T04:05:55.884+0000] {processor.py:914} INFO - Processing file /opt/airflow/dags/driven_data_pipeline.py for tasks to queue
[2025-07-07T04:05:55.887+0000] {logging_mixin.py:190} INFO - [2025-07-07T04:05:55.886+0000] {dagbag.py:588} INFO - Filling up the DagBag from /opt/airflow/dags/driven_data_pipeline.py
[2025-07-07T04:05:56.102+0000] {processor.py:925} INFO - DAG(s) 'extract_raw_data_pipeline' retrieved from /opt/airflow/dags/driven_data_pipeline.py
[2025-07-07T04:05:56.128+0000] {logging_mixin.py:190} INFO - [2025-07-07T04:05:56.128+0000] {dag.py:3239} INFO - Sync 1 DAGs
[2025-07-07T04:05:56.149+0000] {logging_mixin.py:190} INFO - [2025-07-07T04:05:56.149+0000] {dag.py:4180} INFO - Setting next_dagrun for extract_raw_data_pipeline to 2025-07-06 07:59:00+00:00, run_after=2025-07-07 07:00:00+00:00
[2025-07-07T04:05:56.165+0000] {processor.py:208} INFO - Processing /opt/airflow/dags/driven_data_pipeline.py took 0.292 seconds
[2025-07-07T04:06:26.384+0000] {processor.py:186} INFO - Started process (PID=852) to work on /opt/airflow/dags/driven_data_pipeline.py
[2025-07-07T04:06:26.385+0000] {processor.py:914} INFO - Processing file /opt/airflow/dags/driven_data_pipeline.py for tasks to queue
[2025-07-07T04:06:26.388+0000] {logging_mixin.py:190} INFO - [2025-07-07T04:06:26.387+0000] {dagbag.py:588} INFO - Filling up the DagBag from /opt/airflow/dags/driven_data_pipeline.py
[2025-07-07T04:06:26.579+0000] {processor.py:925} INFO - DAG(s) 'extract_raw_data_pipeline' retrieved from /opt/airflow/dags/driven_data_pipeline.py
[2025-07-07T04:06:26.610+0000] {logging_mixin.py:190} INFO - [2025-07-07T04:06:26.610+0000] {dag.py:3239} INFO - Sync 1 DAGs
[2025-07-07T04:06:26.634+0000] {logging_mixin.py:190} INFO - [2025-07-07T04:06:26.634+0000] {dag.py:4180} INFO - Setting next_dagrun for extract_raw_data_pipeline to 2025-07-06 07:59:00+00:00, run_after=2025-07-07 07:00:00+00:00
[2025-07-07T04:06:26.651+0000] {processor.py:208} INFO - Processing /opt/airflow/dags/driven_data_pipeline.py took 0.277 seconds
[2025-07-07T04:06:56.876+0000] {processor.py:186} INFO - Started process (PID=860) to work on /opt/airflow/dags/driven_data_pipeline.py
[2025-07-07T04:06:56.877+0000] {processor.py:914} INFO - Processing file /opt/airflow/dags/driven_data_pipeline.py for tasks to queue
[2025-07-07T04:06:56.879+0000] {logging_mixin.py:190} INFO - [2025-07-07T04:06:56.879+0000] {dagbag.py:588} INFO - Filling up the DagBag from /opt/airflow/dags/driven_data_pipeline.py
[2025-07-07T04:06:57.054+0000] {processor.py:925} INFO - DAG(s) 'extract_raw_data_pipeline' retrieved from /opt/airflow/dags/driven_data_pipeline.py
[2025-07-07T04:06:57.082+0000] {logging_mixin.py:190} INFO - [2025-07-07T04:06:57.082+0000] {dag.py:3239} INFO - Sync 1 DAGs
[2025-07-07T04:06:57.103+0000] {logging_mixin.py:190} INFO - [2025-07-07T04:06:57.103+0000] {dag.py:4180} INFO - Setting next_dagrun for extract_raw_data_pipeline to 2025-07-06 07:59:00+00:00, run_after=2025-07-07 07:00:00+00:00
[2025-07-07T04:06:57.119+0000] {processor.py:208} INFO - Processing /opt/airflow/dags/driven_data_pipeline.py took 0.250 seconds
[2025-07-07T04:07:27.341+0000] {processor.py:186} INFO - Started process (PID=868) to work on /opt/airflow/dags/driven_data_pipeline.py
[2025-07-07T04:07:27.342+0000] {processor.py:914} INFO - Processing file /opt/airflow/dags/driven_data_pipeline.py for tasks to queue
[2025-07-07T04:07:27.344+0000] {logging_mixin.py:190} INFO - [2025-07-07T04:07:27.344+0000] {dagbag.py:588} INFO - Filling up the DagBag from /opt/airflow/dags/driven_data_pipeline.py
[2025-07-07T04:07:27.521+0000] {processor.py:925} INFO - DAG(s) 'extract_raw_data_pipeline' retrieved from /opt/airflow/dags/driven_data_pipeline.py
[2025-07-07T04:07:27.551+0000] {logging_mixin.py:190} INFO - [2025-07-07T04:07:27.551+0000] {dag.py:3239} INFO - Sync 1 DAGs
[2025-07-07T04:07:27.574+0000] {logging_mixin.py:190} INFO - [2025-07-07T04:07:27.573+0000] {dag.py:4180} INFO - Setting next_dagrun for extract_raw_data_pipeline to 2025-07-06 07:59:00+00:00, run_after=2025-07-07 07:00:00+00:00
[2025-07-07T04:07:27.589+0000] {processor.py:208} INFO - Processing /opt/airflow/dags/driven_data_pipeline.py took 0.255 seconds
[2025-07-07T04:07:57.813+0000] {processor.py:186} INFO - Started process (PID=876) to work on /opt/airflow/dags/driven_data_pipeline.py
[2025-07-07T04:07:57.814+0000] {processor.py:914} INFO - Processing file /opt/airflow/dags/driven_data_pipeline.py for tasks to queue
[2025-07-07T04:07:57.816+0000] {logging_mixin.py:190} INFO - [2025-07-07T04:07:57.816+0000] {dagbag.py:588} INFO - Filling up the DagBag from /opt/airflow/dags/driven_data_pipeline.py
[2025-07-07T04:07:58.010+0000] {processor.py:925} INFO - DAG(s) 'extract_raw_data_pipeline' retrieved from /opt/airflow/dags/driven_data_pipeline.py
[2025-07-07T04:07:58.046+0000] {logging_mixin.py:190} INFO - [2025-07-07T04:07:58.045+0000] {dag.py:3239} INFO - Sync 1 DAGs
[2025-07-07T04:07:58.070+0000] {logging_mixin.py:190} INFO - [2025-07-07T04:07:58.070+0000] {dag.py:4180} INFO - Setting next_dagrun for extract_raw_data_pipeline to 2025-07-06 07:59:00+00:00, run_after=2025-07-07 07:00:00+00:00
[2025-07-07T04:07:58.086+0000] {processor.py:208} INFO - Processing /opt/airflow/dags/driven_data_pipeline.py took 0.280 seconds
[2025-07-07T04:08:28.315+0000] {processor.py:186} INFO - Started process (PID=884) to work on /opt/airflow/dags/driven_data_pipeline.py
[2025-07-07T04:08:28.316+0000] {processor.py:914} INFO - Processing file /opt/airflow/dags/driven_data_pipeline.py for tasks to queue
[2025-07-07T04:08:28.319+0000] {logging_mixin.py:190} INFO - [2025-07-07T04:08:28.319+0000] {dagbag.py:588} INFO - Filling up the DagBag from /opt/airflow/dags/driven_data_pipeline.py
[2025-07-07T04:08:28.534+0000] {processor.py:925} INFO - DAG(s) 'extract_raw_data_pipeline' retrieved from /opt/airflow/dags/driven_data_pipeline.py
[2025-07-07T04:08:28.565+0000] {logging_mixin.py:190} INFO - [2025-07-07T04:08:28.565+0000] {dag.py:3239} INFO - Sync 1 DAGs
[2025-07-07T04:08:28.591+0000] {logging_mixin.py:190} INFO - [2025-07-07T04:08:28.590+0000] {dag.py:4180} INFO - Setting next_dagrun for extract_raw_data_pipeline to 2025-07-06 07:59:00+00:00, run_after=2025-07-07 07:00:00+00:00
[2025-07-07T04:08:28.609+0000] {processor.py:208} INFO - Processing /opt/airflow/dags/driven_data_pipeline.py took 0.302 seconds
[2025-07-07T04:08:58.844+0000] {processor.py:186} INFO - Started process (PID=892) to work on /opt/airflow/dags/driven_data_pipeline.py
[2025-07-07T04:08:58.845+0000] {processor.py:914} INFO - Processing file /opt/airflow/dags/driven_data_pipeline.py for tasks to queue
[2025-07-07T04:08:58.848+0000] {logging_mixin.py:190} INFO - [2025-07-07T04:08:58.847+0000] {dagbag.py:588} INFO - Filling up the DagBag from /opt/airflow/dags/driven_data_pipeline.py
[2025-07-07T04:08:59.046+0000] {processor.py:925} INFO - DAG(s) 'extract_raw_data_pipeline' retrieved from /opt/airflow/dags/driven_data_pipeline.py
[2025-07-07T04:08:59.077+0000] {logging_mixin.py:190} INFO - [2025-07-07T04:08:59.077+0000] {dag.py:3239} INFO - Sync 1 DAGs
[2025-07-07T04:08:59.102+0000] {logging_mixin.py:190} INFO - [2025-07-07T04:08:59.101+0000] {dag.py:4180} INFO - Setting next_dagrun for extract_raw_data_pipeline to 2025-07-06 07:59:00+00:00, run_after=2025-07-07 07:00:00+00:00
[2025-07-07T04:08:59.118+0000] {processor.py:208} INFO - Processing /opt/airflow/dags/driven_data_pipeline.py took 0.280 seconds
[2025-07-07T04:09:29.344+0000] {processor.py:186} INFO - Started process (PID=900) to work on /opt/airflow/dags/driven_data_pipeline.py
[2025-07-07T04:09:29.346+0000] {processor.py:914} INFO - Processing file /opt/airflow/dags/driven_data_pipeline.py for tasks to queue
[2025-07-07T04:09:29.348+0000] {logging_mixin.py:190} INFO - [2025-07-07T04:09:29.348+0000] {dagbag.py:588} INFO - Filling up the DagBag from /opt/airflow/dags/driven_data_pipeline.py
[2025-07-07T04:09:29.540+0000] {processor.py:925} INFO - DAG(s) 'extract_raw_data_pipeline' retrieved from /opt/airflow/dags/driven_data_pipeline.py
[2025-07-07T04:09:29.569+0000] {logging_mixin.py:190} INFO - [2025-07-07T04:09:29.569+0000] {dag.py:3239} INFO - Sync 1 DAGs
[2025-07-07T04:09:29.592+0000] {logging_mixin.py:190} INFO - [2025-07-07T04:09:29.591+0000] {dag.py:4180} INFO - Setting next_dagrun for extract_raw_data_pipeline to 2025-07-06 07:59:00+00:00, run_after=2025-07-07 07:00:00+00:00
[2025-07-07T04:09:29.610+0000] {processor.py:208} INFO - Processing /opt/airflow/dags/driven_data_pipeline.py took 0.272 seconds
[2025-07-07T04:09:59.842+0000] {processor.py:186} INFO - Started process (PID=908) to work on /opt/airflow/dags/driven_data_pipeline.py
[2025-07-07T04:09:59.843+0000] {processor.py:914} INFO - Processing file /opt/airflow/dags/driven_data_pipeline.py for tasks to queue
[2025-07-07T04:09:59.846+0000] {logging_mixin.py:190} INFO - [2025-07-07T04:09:59.845+0000] {dagbag.py:588} INFO - Filling up the DagBag from /opt/airflow/dags/driven_data_pipeline.py
[2025-07-07T04:10:00.023+0000] {processor.py:925} INFO - DAG(s) 'extract_raw_data_pipeline' retrieved from /opt/airflow/dags/driven_data_pipeline.py
[2025-07-07T04:10:00.052+0000] {logging_mixin.py:190} INFO - [2025-07-07T04:10:00.052+0000] {dag.py:3239} INFO - Sync 1 DAGs
[2025-07-07T04:10:00.077+0000] {logging_mixin.py:190} INFO - [2025-07-07T04:10:00.076+0000] {dag.py:4180} INFO - Setting next_dagrun for extract_raw_data_pipeline to 2025-07-06 07:59:00+00:00, run_after=2025-07-07 07:00:00+00:00
[2025-07-07T04:10:00.092+0000] {processor.py:208} INFO - Processing /opt/airflow/dags/driven_data_pipeline.py took 0.257 seconds
[2025-07-07T04:10:30.307+0000] {processor.py:186} INFO - Started process (PID=916) to work on /opt/airflow/dags/driven_data_pipeline.py
[2025-07-07T04:10:30.308+0000] {processor.py:914} INFO - Processing file /opt/airflow/dags/driven_data_pipeline.py for tasks to queue
[2025-07-07T04:10:30.311+0000] {logging_mixin.py:190} INFO - [2025-07-07T04:10:30.310+0000] {dagbag.py:588} INFO - Filling up the DagBag from /opt/airflow/dags/driven_data_pipeline.py
[2025-07-07T04:10:30.489+0000] {processor.py:925} INFO - DAG(s) 'extract_raw_data_pipeline' retrieved from /opt/airflow/dags/driven_data_pipeline.py
[2025-07-07T04:10:30.517+0000] {logging_mixin.py:190} INFO - [2025-07-07T04:10:30.516+0000] {dag.py:3239} INFO - Sync 1 DAGs
[2025-07-07T04:10:30.537+0000] {logging_mixin.py:190} INFO - [2025-07-07T04:10:30.537+0000] {dag.py:4180} INFO - Setting next_dagrun for extract_raw_data_pipeline to 2025-07-06 07:59:00+00:00, run_after=2025-07-07 07:00:00+00:00
[2025-07-07T04:10:30.552+0000] {processor.py:208} INFO - Processing /opt/airflow/dags/driven_data_pipeline.py took 0.252 seconds
[2025-07-07T04:11:00.821+0000] {processor.py:186} INFO - Started process (PID=924) to work on /opt/airflow/dags/driven_data_pipeline.py
[2025-07-07T04:11:00.823+0000] {processor.py:914} INFO - Processing file /opt/airflow/dags/driven_data_pipeline.py for tasks to queue
[2025-07-07T04:11:00.827+0000] {logging_mixin.py:190} INFO - [2025-07-07T04:11:00.826+0000] {dagbag.py:588} INFO - Filling up the DagBag from /opt/airflow/dags/driven_data_pipeline.py
[2025-07-07T04:11:01.052+0000] {processor.py:925} INFO - DAG(s) 'extract_raw_data_pipeline' retrieved from /opt/airflow/dags/driven_data_pipeline.py
[2025-07-07T04:11:01.087+0000] {logging_mixin.py:190} INFO - [2025-07-07T04:11:01.086+0000] {dag.py:3239} INFO - Sync 1 DAGs
[2025-07-07T04:11:01.114+0000] {logging_mixin.py:190} INFO - [2025-07-07T04:11:01.114+0000] {dag.py:4180} INFO - Setting next_dagrun for extract_raw_data_pipeline to 2025-07-06 07:59:00+00:00, run_after=2025-07-07 07:00:00+00:00
[2025-07-07T04:11:01.133+0000] {processor.py:208} INFO - Processing /opt/airflow/dags/driven_data_pipeline.py took 0.324 seconds
[2025-07-07T04:11:31.356+0000] {processor.py:186} INFO - Started process (PID=932) to work on /opt/airflow/dags/driven_data_pipeline.py
[2025-07-07T04:11:31.357+0000] {processor.py:914} INFO - Processing file /opt/airflow/dags/driven_data_pipeline.py for tasks to queue
[2025-07-07T04:11:31.359+0000] {logging_mixin.py:190} INFO - [2025-07-07T04:11:31.359+0000] {dagbag.py:588} INFO - Filling up the DagBag from /opt/airflow/dags/driven_data_pipeline.py
[2025-07-07T04:11:31.551+0000] {processor.py:925} INFO - DAG(s) 'extract_raw_data_pipeline' retrieved from /opt/airflow/dags/driven_data_pipeline.py
[2025-07-07T04:11:31.585+0000] {logging_mixin.py:190} INFO - [2025-07-07T04:11:31.585+0000] {dag.py:3239} INFO - Sync 1 DAGs
[2025-07-07T04:11:31.613+0000] {logging_mixin.py:190} INFO - [2025-07-07T04:11:31.612+0000] {dag.py:4180} INFO - Setting next_dagrun for extract_raw_data_pipeline to 2025-07-06 07:59:00+00:00, run_after=2025-07-07 07:00:00+00:00
[2025-07-07T04:11:31.630+0000] {processor.py:208} INFO - Processing /opt/airflow/dags/driven_data_pipeline.py took 0.280 seconds
[2025-07-07T04:12:01.863+0000] {processor.py:186} INFO - Started process (PID=940) to work on /opt/airflow/dags/driven_data_pipeline.py
[2025-07-07T04:12:01.864+0000] {processor.py:914} INFO - Processing file /opt/airflow/dags/driven_data_pipeline.py for tasks to queue
[2025-07-07T04:12:01.867+0000] {logging_mixin.py:190} INFO - [2025-07-07T04:12:01.867+0000] {dagbag.py:588} INFO - Filling up the DagBag from /opt/airflow/dags/driven_data_pipeline.py
[2025-07-07T04:12:02.100+0000] {processor.py:925} INFO - DAG(s) 'extract_raw_data_pipeline' retrieved from /opt/airflow/dags/driven_data_pipeline.py
[2025-07-07T04:12:02.137+0000] {logging_mixin.py:190} INFO - [2025-07-07T04:12:02.137+0000] {dag.py:3239} INFO - Sync 1 DAGs
[2025-07-07T04:12:02.171+0000] {logging_mixin.py:190} INFO - [2025-07-07T04:12:02.171+0000] {dag.py:4180} INFO - Setting next_dagrun for extract_raw_data_pipeline to 2025-07-06 07:59:00+00:00, run_after=2025-07-07 07:00:00+00:00
[2025-07-07T04:12:02.188+0000] {processor.py:208} INFO - Processing /opt/airflow/dags/driven_data_pipeline.py took 0.332 seconds
