[2025-07-03T00:52:29.153+0000] {processor.py:186} INFO - Started process (PID=436) to work on /opt/airflow/dags/driven_data_pipeline.py
[2025-07-03T00:52:29.158+0000] {processor.py:914} INFO - Processing file /opt/airflow/dags/driven_data_pipeline.py for tasks to queue
[2025-07-03T00:52:29.172+0000] {logging_mixin.py:190} INFO - [2025-07-03T00:52:29.171+0000] {dagbag.py:588} INFO - Filling up the DagBag from /opt/airflow/dags/driven_data_pipeline.py
[2025-07-03T00:52:30.234+0000] {processor.py:925} INFO - DAG(s) 'extract_raw_data_pipeline' retrieved from /opt/airflow/dags/driven_data_pipeline.py
[2025-07-03T00:52:30.340+0000] {logging_mixin.py:190} INFO - [2025-07-03T00:52:30.339+0000] {dag.py:3239} INFO - Sync 1 DAGs
[2025-07-03T00:52:30.455+0000] {logging_mixin.py:190} INFO - [2025-07-03T00:52:30.447+0000] {dag.py:4180} INFO - Setting next_dagrun for extract_raw_data_pipeline to 2025-07-02 07:59:00+00:00, run_after=2025-07-03 07:00:00+00:00
[2025-07-03T00:52:30.549+0000] {processor.py:208} INFO - Processing /opt/airflow/dags/driven_data_pipeline.py took 1.440 seconds
[2025-07-03T00:53:00.688+0000] {processor.py:186} INFO - Started process (PID=444) to work on /opt/airflow/dags/driven_data_pipeline.py
[2025-07-03T00:53:00.690+0000] {processor.py:914} INFO - Processing file /opt/airflow/dags/driven_data_pipeline.py for tasks to queue
[2025-07-03T00:53:00.703+0000] {logging_mixin.py:190} INFO - [2025-07-03T00:53:00.702+0000] {dagbag.py:588} INFO - Filling up the DagBag from /opt/airflow/dags/driven_data_pipeline.py
[2025-07-03T00:53:01.655+0000] {processor.py:925} INFO - DAG(s) 'extract_raw_data_pipeline' retrieved from /opt/airflow/dags/driven_data_pipeline.py
[2025-07-03T00:53:01.779+0000] {logging_mixin.py:190} INFO - [2025-07-03T00:53:01.779+0000] {dag.py:3239} INFO - Sync 1 DAGs
[2025-07-03T00:53:01.823+0000] {logging_mixin.py:190} INFO - [2025-07-03T00:53:01.823+0000] {dag.py:4180} INFO - Setting next_dagrun for extract_raw_data_pipeline to 2025-07-02 07:59:00+00:00, run_after=2025-07-03 07:00:00+00:00
[2025-07-03T00:53:01.855+0000] {processor.py:208} INFO - Processing /opt/airflow/dags/driven_data_pipeline.py took 1.185 seconds
[2025-07-03T00:53:32.201+0000] {processor.py:186} INFO - Started process (PID=452) to work on /opt/airflow/dags/driven_data_pipeline.py
[2025-07-03T00:53:32.203+0000] {processor.py:914} INFO - Processing file /opt/airflow/dags/driven_data_pipeline.py for tasks to queue
[2025-07-03T00:53:32.206+0000] {logging_mixin.py:190} INFO - [2025-07-03T00:53:32.206+0000] {dagbag.py:588} INFO - Filling up the DagBag from /opt/airflow/dags/driven_data_pipeline.py
[2025-07-03T00:53:33.102+0000] {processor.py:925} INFO - DAG(s) 'extract_raw_data_pipeline' retrieved from /opt/airflow/dags/driven_data_pipeline.py
[2025-07-03T00:53:33.156+0000] {logging_mixin.py:190} INFO - [2025-07-03T00:53:33.155+0000] {dag.py:3239} INFO - Sync 1 DAGs
[2025-07-03T00:53:33.192+0000] {logging_mixin.py:190} INFO - [2025-07-03T00:53:33.192+0000] {dag.py:4180} INFO - Setting next_dagrun for extract_raw_data_pipeline to 2025-07-02 07:59:00+00:00, run_after=2025-07-03 07:00:00+00:00
[2025-07-03T00:53:33.224+0000] {processor.py:208} INFO - Processing /opt/airflow/dags/driven_data_pipeline.py took 1.036 seconds
[2025-07-03T00:54:03.676+0000] {processor.py:186} INFO - Started process (PID=460) to work on /opt/airflow/dags/driven_data_pipeline.py
[2025-07-03T00:54:03.679+0000] {processor.py:914} INFO - Processing file /opt/airflow/dags/driven_data_pipeline.py for tasks to queue
[2025-07-03T00:54:03.683+0000] {logging_mixin.py:190} INFO - [2025-07-03T00:54:03.683+0000] {dagbag.py:588} INFO - Filling up the DagBag from /opt/airflow/dags/driven_data_pipeline.py
[2025-07-03T00:54:04.348+0000] {processor.py:925} INFO - DAG(s) 'extract_raw_data_pipeline' retrieved from /opt/airflow/dags/driven_data_pipeline.py
[2025-07-03T00:54:04.396+0000] {logging_mixin.py:190} INFO - [2025-07-03T00:54:04.395+0000] {dag.py:3239} INFO - Sync 1 DAGs
[2025-07-03T00:54:04.431+0000] {logging_mixin.py:190} INFO - [2025-07-03T00:54:04.431+0000] {dag.py:4180} INFO - Setting next_dagrun for extract_raw_data_pipeline to 2025-07-02 07:59:00+00:00, run_after=2025-07-03 07:00:00+00:00
[2025-07-03T00:54:04.467+0000] {processor.py:208} INFO - Processing /opt/airflow/dags/driven_data_pipeline.py took 0.799 seconds
[2025-07-03T00:54:34.926+0000] {processor.py:186} INFO - Started process (PID=468) to work on /opt/airflow/dags/driven_data_pipeline.py
[2025-07-03T00:54:34.928+0000] {processor.py:914} INFO - Processing file /opt/airflow/dags/driven_data_pipeline.py for tasks to queue
[2025-07-03T00:54:34.934+0000] {logging_mixin.py:190} INFO - [2025-07-03T00:54:34.933+0000] {dagbag.py:588} INFO - Filling up the DagBag from /opt/airflow/dags/driven_data_pipeline.py
[2025-07-03T00:54:35.287+0000] {processor.py:925} INFO - DAG(s) 'extract_raw_data_pipeline' retrieved from /opt/airflow/dags/driven_data_pipeline.py
[2025-07-03T00:54:35.328+0000] {logging_mixin.py:190} INFO - [2025-07-03T00:54:35.328+0000] {dag.py:3239} INFO - Sync 1 DAGs
[2025-07-03T00:54:35.362+0000] {logging_mixin.py:190} INFO - [2025-07-03T00:54:35.361+0000] {dag.py:4180} INFO - Setting next_dagrun for extract_raw_data_pipeline to 2025-07-02 07:59:00+00:00, run_after=2025-07-03 07:00:00+00:00
[2025-07-03T00:54:35.398+0000] {processor.py:208} INFO - Processing /opt/airflow/dags/driven_data_pipeline.py took 0.484 seconds
[2025-07-03T00:55:05.852+0000] {processor.py:186} INFO - Started process (PID=476) to work on /opt/airflow/dags/driven_data_pipeline.py
[2025-07-03T00:55:05.854+0000] {processor.py:914} INFO - Processing file /opt/airflow/dags/driven_data_pipeline.py for tasks to queue
[2025-07-03T00:55:05.859+0000] {logging_mixin.py:190} INFO - [2025-07-03T00:55:05.858+0000] {dagbag.py:588} INFO - Filling up the DagBag from /opt/airflow/dags/driven_data_pipeline.py
[2025-07-03T00:55:06.582+0000] {processor.py:925} INFO - DAG(s) 'extract_raw_data_pipeline' retrieved from /opt/airflow/dags/driven_data_pipeline.py
[2025-07-03T00:55:06.632+0000] {logging_mixin.py:190} INFO - [2025-07-03T00:55:06.632+0000] {dag.py:3239} INFO - Sync 1 DAGs
[2025-07-03T00:55:06.668+0000] {logging_mixin.py:190} INFO - [2025-07-03T00:55:06.667+0000] {dag.py:4180} INFO - Setting next_dagrun for extract_raw_data_pipeline to 2025-07-02 07:59:00+00:00, run_after=2025-07-03 07:00:00+00:00
[2025-07-03T00:55:06.699+0000] {processor.py:208} INFO - Processing /opt/airflow/dags/driven_data_pipeline.py took 0.858 seconds
[2025-07-03T00:55:37.078+0000] {processor.py:186} INFO - Started process (PID=485) to work on /opt/airflow/dags/driven_data_pipeline.py
[2025-07-03T00:55:37.080+0000] {processor.py:914} INFO - Processing file /opt/airflow/dags/driven_data_pipeline.py for tasks to queue
[2025-07-03T00:55:37.083+0000] {logging_mixin.py:190} INFO - [2025-07-03T00:55:37.083+0000] {dagbag.py:588} INFO - Filling up the DagBag from /opt/airflow/dags/driven_data_pipeline.py
[2025-07-03T00:55:37.887+0000] {processor.py:925} INFO - DAG(s) 'extract_raw_data_pipeline' retrieved from /opt/airflow/dags/driven_data_pipeline.py
[2025-07-03T00:55:37.973+0000] {logging_mixin.py:190} INFO - [2025-07-03T00:55:37.972+0000] {dag.py:3239} INFO - Sync 1 DAGs
[2025-07-03T00:55:38.033+0000] {logging_mixin.py:190} INFO - [2025-07-03T00:55:38.032+0000] {dag.py:4180} INFO - Setting next_dagrun for extract_raw_data_pipeline to 2025-07-02 07:59:00+00:00, run_after=2025-07-03 07:00:00+00:00
[2025-07-03T00:55:38.067+0000] {processor.py:208} INFO - Processing /opt/airflow/dags/driven_data_pipeline.py took 1.001 seconds
[2025-07-03T00:56:08.424+0000] {processor.py:186} INFO - Started process (PID=493) to work on /opt/airflow/dags/driven_data_pipeline.py
[2025-07-03T00:56:08.426+0000] {processor.py:914} INFO - Processing file /opt/airflow/dags/driven_data_pipeline.py for tasks to queue
[2025-07-03T00:56:08.432+0000] {logging_mixin.py:190} INFO - [2025-07-03T00:56:08.431+0000] {dagbag.py:588} INFO - Filling up the DagBag from /opt/airflow/dags/driven_data_pipeline.py
[2025-07-03T00:56:09.264+0000] {processor.py:925} INFO - DAG(s) 'extract_raw_data_pipeline' retrieved from /opt/airflow/dags/driven_data_pipeline.py
[2025-07-03T00:56:09.320+0000] {logging_mixin.py:190} INFO - [2025-07-03T00:56:09.320+0000] {dag.py:3239} INFO - Sync 1 DAGs
[2025-07-03T00:56:09.359+0000] {logging_mixin.py:190} INFO - [2025-07-03T00:56:09.359+0000] {dag.py:4180} INFO - Setting next_dagrun for extract_raw_data_pipeline to 2025-07-02 07:59:00+00:00, run_after=2025-07-03 07:00:00+00:00
[2025-07-03T00:56:09.391+0000] {processor.py:208} INFO - Processing /opt/airflow/dags/driven_data_pipeline.py took 0.981 seconds
[2025-07-03T00:56:39.830+0000] {processor.py:186} INFO - Started process (PID=501) to work on /opt/airflow/dags/driven_data_pipeline.py
[2025-07-03T00:56:39.832+0000] {processor.py:914} INFO - Processing file /opt/airflow/dags/driven_data_pipeline.py for tasks to queue
[2025-07-03T00:56:39.837+0000] {logging_mixin.py:190} INFO - [2025-07-03T00:56:39.836+0000] {dagbag.py:588} INFO - Filling up the DagBag from /opt/airflow/dags/driven_data_pipeline.py
[2025-07-03T00:56:40.591+0000] {processor.py:925} INFO - DAG(s) 'extract_raw_data_pipeline' retrieved from /opt/airflow/dags/driven_data_pipeline.py
[2025-07-03T00:56:40.640+0000] {logging_mixin.py:190} INFO - [2025-07-03T00:56:40.640+0000] {dag.py:3239} INFO - Sync 1 DAGs
[2025-07-03T00:56:40.675+0000] {logging_mixin.py:190} INFO - [2025-07-03T00:56:40.674+0000] {dag.py:4180} INFO - Setting next_dagrun for extract_raw_data_pipeline to 2025-07-02 07:59:00+00:00, run_after=2025-07-03 07:00:00+00:00
[2025-07-03T00:56:40.709+0000] {processor.py:208} INFO - Processing /opt/airflow/dags/driven_data_pipeline.py took 0.889 seconds
[2025-07-03T00:57:11.181+0000] {processor.py:186} INFO - Started process (PID=509) to work on /opt/airflow/dags/driven_data_pipeline.py
[2025-07-03T00:57:11.183+0000] {processor.py:914} INFO - Processing file /opt/airflow/dags/driven_data_pipeline.py for tasks to queue
[2025-07-03T00:57:11.187+0000] {logging_mixin.py:190} INFO - [2025-07-03T00:57:11.187+0000] {dagbag.py:588} INFO - Filling up the DagBag from /opt/airflow/dags/driven_data_pipeline.py
[2025-07-03T00:57:11.888+0000] {processor.py:925} INFO - DAG(s) 'extract_raw_data_pipeline' retrieved from /opt/airflow/dags/driven_data_pipeline.py
[2025-07-03T00:57:11.930+0000] {logging_mixin.py:190} INFO - [2025-07-03T00:57:11.929+0000] {dag.py:3239} INFO - Sync 1 DAGs
[2025-07-03T00:57:11.963+0000] {logging_mixin.py:190} INFO - [2025-07-03T00:57:11.963+0000] {dag.py:4180} INFO - Setting next_dagrun for extract_raw_data_pipeline to 2025-07-02 07:59:00+00:00, run_after=2025-07-03 07:00:00+00:00
[2025-07-03T00:57:11.992+0000] {processor.py:208} INFO - Processing /opt/airflow/dags/driven_data_pipeline.py took 0.820 seconds
[2025-07-03T00:57:42.525+0000] {processor.py:186} INFO - Started process (PID=517) to work on /opt/airflow/dags/driven_data_pipeline.py
[2025-07-03T00:57:42.528+0000] {processor.py:914} INFO - Processing file /opt/airflow/dags/driven_data_pipeline.py for tasks to queue
[2025-07-03T00:57:42.533+0000] {logging_mixin.py:190} INFO - [2025-07-03T00:57:42.532+0000] {dagbag.py:588} INFO - Filling up the DagBag from /opt/airflow/dags/driven_data_pipeline.py
[2025-07-03T00:57:43.720+0000] {processor.py:925} INFO - DAG(s) 'extract_raw_data_pipeline' retrieved from /opt/airflow/dags/driven_data_pipeline.py
[2025-07-03T00:57:43.919+0000] {logging_mixin.py:190} INFO - [2025-07-03T00:57:43.916+0000] {dag.py:3239} INFO - Sync 1 DAGs
[2025-07-03T00:57:43.980+0000] {logging_mixin.py:190} INFO - [2025-07-03T00:57:43.980+0000] {dag.py:4180} INFO - Setting next_dagrun for extract_raw_data_pipeline to 2025-07-02 07:59:00+00:00, run_after=2025-07-03 07:00:00+00:00
[2025-07-03T00:57:44.046+0000] {processor.py:208} INFO - Processing /opt/airflow/dags/driven_data_pipeline.py took 1.532 seconds
[2025-07-03T00:58:14.532+0000] {processor.py:186} INFO - Started process (PID=525) to work on /opt/airflow/dags/driven_data_pipeline.py
[2025-07-03T00:58:14.534+0000] {processor.py:914} INFO - Processing file /opt/airflow/dags/driven_data_pipeline.py for tasks to queue
[2025-07-03T00:58:14.540+0000] {logging_mixin.py:190} INFO - [2025-07-03T00:58:14.539+0000] {dagbag.py:588} INFO - Filling up the DagBag from /opt/airflow/dags/driven_data_pipeline.py
[2025-07-03T00:58:15.192+0000] {processor.py:925} INFO - DAG(s) 'extract_raw_data_pipeline' retrieved from /opt/airflow/dags/driven_data_pipeline.py
[2025-07-03T00:58:15.242+0000] {logging_mixin.py:190} INFO - [2025-07-03T00:58:15.242+0000] {dag.py:3239} INFO - Sync 1 DAGs
[2025-07-03T00:58:15.283+0000] {logging_mixin.py:190} INFO - [2025-07-03T00:58:15.283+0000] {dag.py:4180} INFO - Setting next_dagrun for extract_raw_data_pipeline to 2025-07-02 07:59:00+00:00, run_after=2025-07-03 07:00:00+00:00
[2025-07-03T00:58:15.320+0000] {processor.py:208} INFO - Processing /opt/airflow/dags/driven_data_pipeline.py took 0.800 seconds
[2025-07-03T00:58:45.495+0000] {processor.py:186} INFO - Started process (PID=533) to work on /opt/airflow/dags/driven_data_pipeline.py
[2025-07-03T00:58:45.500+0000] {processor.py:914} INFO - Processing file /opt/airflow/dags/driven_data_pipeline.py for tasks to queue
[2025-07-03T00:58:45.507+0000] {logging_mixin.py:190} INFO - [2025-07-03T00:58:45.506+0000] {dagbag.py:588} INFO - Filling up the DagBag from /opt/airflow/dags/driven_data_pipeline.py
[2025-07-03T00:58:46.373+0000] {processor.py:925} INFO - DAG(s) 'extract_raw_data_pipeline' retrieved from /opt/airflow/dags/driven_data_pipeline.py
[2025-07-03T00:58:46.432+0000] {logging_mixin.py:190} INFO - [2025-07-03T00:58:46.432+0000] {dag.py:3239} INFO - Sync 1 DAGs
[2025-07-03T00:58:46.475+0000] {logging_mixin.py:190} INFO - [2025-07-03T00:58:46.475+0000] {dag.py:4180} INFO - Setting next_dagrun for extract_raw_data_pipeline to 2025-07-02 07:59:00+00:00, run_after=2025-07-03 07:00:00+00:00
[2025-07-03T00:58:46.515+0000] {processor.py:208} INFO - Processing /opt/airflow/dags/driven_data_pipeline.py took 1.052 seconds
[2025-07-03T00:59:16.864+0000] {processor.py:186} INFO - Started process (PID=541) to work on /opt/airflow/dags/driven_data_pipeline.py
[2025-07-03T00:59:16.866+0000] {processor.py:914} INFO - Processing file /opt/airflow/dags/driven_data_pipeline.py for tasks to queue
[2025-07-03T00:59:16.871+0000] {logging_mixin.py:190} INFO - [2025-07-03T00:59:16.871+0000] {dagbag.py:588} INFO - Filling up the DagBag from /opt/airflow/dags/driven_data_pipeline.py
[2025-07-03T00:59:17.686+0000] {processor.py:925} INFO - DAG(s) 'extract_raw_data_pipeline' retrieved from /opt/airflow/dags/driven_data_pipeline.py
[2025-07-03T00:59:17.737+0000] {logging_mixin.py:190} INFO - [2025-07-03T00:59:17.737+0000] {dag.py:3239} INFO - Sync 1 DAGs
[2025-07-03T00:59:17.781+0000] {logging_mixin.py:190} INFO - [2025-07-03T00:59:17.781+0000] {dag.py:4180} INFO - Setting next_dagrun for extract_raw_data_pipeline to 2025-07-02 07:59:00+00:00, run_after=2025-07-03 07:00:00+00:00
[2025-07-03T00:59:17.816+0000] {processor.py:208} INFO - Processing /opt/airflow/dags/driven_data_pipeline.py took 0.965 seconds
[2025-07-03T00:59:48.238+0000] {processor.py:186} INFO - Started process (PID=549) to work on /opt/airflow/dags/driven_data_pipeline.py
[2025-07-03T00:59:48.241+0000] {processor.py:914} INFO - Processing file /opt/airflow/dags/driven_data_pipeline.py for tasks to queue
[2025-07-03T00:59:48.246+0000] {logging_mixin.py:190} INFO - [2025-07-03T00:59:48.245+0000] {dagbag.py:588} INFO - Filling up the DagBag from /opt/airflow/dags/driven_data_pipeline.py
[2025-07-03T00:59:49.023+0000] {processor.py:925} INFO - DAG(s) 'extract_raw_data_pipeline' retrieved from /opt/airflow/dags/driven_data_pipeline.py
[2025-07-03T00:59:49.069+0000] {logging_mixin.py:190} INFO - [2025-07-03T00:59:49.069+0000] {dag.py:3239} INFO - Sync 1 DAGs
[2025-07-03T00:59:49.102+0000] {logging_mixin.py:190} INFO - [2025-07-03T00:59:49.102+0000] {dag.py:4180} INFO - Setting next_dagrun for extract_raw_data_pipeline to 2025-07-02 07:59:00+00:00, run_after=2025-07-03 07:00:00+00:00
[2025-07-03T00:59:49.140+0000] {processor.py:208} INFO - Processing /opt/airflow/dags/driven_data_pipeline.py took 0.914 seconds
[2025-07-03T01:00:19.606+0000] {processor.py:186} INFO - Started process (PID=557) to work on /opt/airflow/dags/driven_data_pipeline.py
[2025-07-03T01:00:19.608+0000] {processor.py:914} INFO - Processing file /opt/airflow/dags/driven_data_pipeline.py for tasks to queue
[2025-07-03T01:00:19.613+0000] {logging_mixin.py:190} INFO - [2025-07-03T01:00:19.612+0000] {dagbag.py:588} INFO - Filling up the DagBag from /opt/airflow/dags/driven_data_pipeline.py
[2025-07-03T01:00:20.325+0000] {processor.py:925} INFO - DAG(s) 'extract_raw_data_pipeline' retrieved from /opt/airflow/dags/driven_data_pipeline.py
[2025-07-03T01:00:20.371+0000] {logging_mixin.py:190} INFO - [2025-07-03T01:00:20.371+0000] {dag.py:3239} INFO - Sync 1 DAGs
[2025-07-03T01:00:20.402+0000] {logging_mixin.py:190} INFO - [2025-07-03T01:00:20.402+0000] {dag.py:4180} INFO - Setting next_dagrun for extract_raw_data_pipeline to 2025-07-02 07:59:00+00:00, run_after=2025-07-03 07:00:00+00:00
[2025-07-03T01:00:20.433+0000] {processor.py:208} INFO - Processing /opt/airflow/dags/driven_data_pipeline.py took 0.836 seconds
[2025-07-03T01:00:50.862+0000] {processor.py:186} INFO - Started process (PID=565) to work on /opt/airflow/dags/driven_data_pipeline.py
[2025-07-03T01:00:50.865+0000] {processor.py:914} INFO - Processing file /opt/airflow/dags/driven_data_pipeline.py for tasks to queue
[2025-07-03T01:00:50.872+0000] {logging_mixin.py:190} INFO - [2025-07-03T01:00:50.870+0000] {dagbag.py:588} INFO - Filling up the DagBag from /opt/airflow/dags/driven_data_pipeline.py
[2025-07-03T01:00:51.653+0000] {processor.py:925} INFO - DAG(s) 'extract_raw_data_pipeline' retrieved from /opt/airflow/dags/driven_data_pipeline.py
[2025-07-03T01:00:51.699+0000] {logging_mixin.py:190} INFO - [2025-07-03T01:00:51.698+0000] {dag.py:3239} INFO - Sync 1 DAGs
[2025-07-03T01:00:51.731+0000] {logging_mixin.py:190} INFO - [2025-07-03T01:00:51.731+0000] {dag.py:4180} INFO - Setting next_dagrun for extract_raw_data_pipeline to 2025-07-02 07:59:00+00:00, run_after=2025-07-03 07:00:00+00:00
[2025-07-03T01:00:51.758+0000] {processor.py:208} INFO - Processing /opt/airflow/dags/driven_data_pipeline.py took 0.909 seconds
[2025-07-03T01:01:22.237+0000] {processor.py:186} INFO - Started process (PID=573) to work on /opt/airflow/dags/driven_data_pipeline.py
[2025-07-03T01:01:22.239+0000] {processor.py:914} INFO - Processing file /opt/airflow/dags/driven_data_pipeline.py for tasks to queue
[2025-07-03T01:01:22.248+0000] {logging_mixin.py:190} INFO - [2025-07-03T01:01:22.244+0000] {dagbag.py:588} INFO - Filling up the DagBag from /opt/airflow/dags/driven_data_pipeline.py
[2025-07-03T01:01:23.006+0000] {processor.py:925} INFO - DAG(s) 'extract_raw_data_pipeline' retrieved from /opt/airflow/dags/driven_data_pipeline.py
[2025-07-03T01:01:23.111+0000] {logging_mixin.py:190} INFO - [2025-07-03T01:01:23.111+0000] {dag.py:3239} INFO - Sync 1 DAGs
[2025-07-03T01:01:23.153+0000] {logging_mixin.py:190} INFO - [2025-07-03T01:01:23.152+0000] {dag.py:4180} INFO - Setting next_dagrun for extract_raw_data_pipeline to 2025-07-02 07:59:00+00:00, run_after=2025-07-03 07:00:00+00:00
[2025-07-03T01:01:23.187+0000] {processor.py:208} INFO - Processing /opt/airflow/dags/driven_data_pipeline.py took 0.965 seconds
[2025-07-03T01:01:53.613+0000] {processor.py:186} INFO - Started process (PID=581) to work on /opt/airflow/dags/driven_data_pipeline.py
[2025-07-03T01:01:53.615+0000] {processor.py:914} INFO - Processing file /opt/airflow/dags/driven_data_pipeline.py for tasks to queue
[2025-07-03T01:01:53.620+0000] {logging_mixin.py:190} INFO - [2025-07-03T01:01:53.619+0000] {dagbag.py:588} INFO - Filling up the DagBag from /opt/airflow/dags/driven_data_pipeline.py
[2025-07-03T01:01:54.460+0000] {processor.py:925} INFO - DAG(s) 'extract_raw_data_pipeline' retrieved from /opt/airflow/dags/driven_data_pipeline.py
[2025-07-03T01:01:54.527+0000] {logging_mixin.py:190} INFO - [2025-07-03T01:01:54.527+0000] {dag.py:3239} INFO - Sync 1 DAGs
[2025-07-03T01:01:54.605+0000] {logging_mixin.py:190} INFO - [2025-07-03T01:01:54.604+0000] {dag.py:4180} INFO - Setting next_dagrun for extract_raw_data_pipeline to 2025-07-02 07:59:00+00:00, run_after=2025-07-03 07:00:00+00:00
[2025-07-03T01:01:54.643+0000] {processor.py:208} INFO - Processing /opt/airflow/dags/driven_data_pipeline.py took 1.041 seconds
[2025-07-03T01:02:24.972+0000] {processor.py:186} INFO - Started process (PID=595) to work on /opt/airflow/dags/driven_data_pipeline.py
[2025-07-03T01:02:24.974+0000] {processor.py:914} INFO - Processing file /opt/airflow/dags/driven_data_pipeline.py for tasks to queue
[2025-07-03T01:02:24.980+0000] {logging_mixin.py:190} INFO - [2025-07-03T01:02:24.979+0000] {dagbag.py:588} INFO - Filling up the DagBag from /opt/airflow/dags/driven_data_pipeline.py
[2025-07-03T01:02:25.735+0000] {processor.py:925} INFO - DAG(s) 'extract_raw_data_pipeline' retrieved from /opt/airflow/dags/driven_data_pipeline.py
[2025-07-03T01:02:25.773+0000] {logging_mixin.py:190} INFO - [2025-07-03T01:02:25.772+0000] {dag.py:3239} INFO - Sync 1 DAGs
[2025-07-03T01:02:25.803+0000] {logging_mixin.py:190} INFO - [2025-07-03T01:02:25.802+0000] {dag.py:4180} INFO - Setting next_dagrun for extract_raw_data_pipeline to 2025-07-02 07:59:00+00:00, run_after=2025-07-03 07:00:00+00:00
[2025-07-03T01:02:25.834+0000] {processor.py:208} INFO - Processing /opt/airflow/dags/driven_data_pipeline.py took 0.875 seconds
[2025-07-03T01:02:56.290+0000] {processor.py:186} INFO - Started process (PID=604) to work on /opt/airflow/dags/driven_data_pipeline.py
[2025-07-03T01:02:56.293+0000] {processor.py:914} INFO - Processing file /opt/airflow/dags/driven_data_pipeline.py for tasks to queue
[2025-07-03T01:02:56.296+0000] {logging_mixin.py:190} INFO - [2025-07-03T01:02:56.296+0000] {dagbag.py:588} INFO - Filling up the DagBag from /opt/airflow/dags/driven_data_pipeline.py
[2025-07-03T01:02:57.022+0000] {processor.py:925} INFO - DAG(s) 'extract_raw_data_pipeline' retrieved from /opt/airflow/dags/driven_data_pipeline.py
[2025-07-03T01:02:57.071+0000] {logging_mixin.py:190} INFO - [2025-07-03T01:02:57.070+0000] {dag.py:3239} INFO - Sync 1 DAGs
[2025-07-03T01:02:57.107+0000] {logging_mixin.py:190} INFO - [2025-07-03T01:02:57.107+0000] {dag.py:4180} INFO - Setting next_dagrun for extract_raw_data_pipeline to 2025-07-02 07:59:00+00:00, run_after=2025-07-03 07:00:00+00:00
[2025-07-03T01:02:57.143+0000] {processor.py:208} INFO - Processing /opt/airflow/dags/driven_data_pipeline.py took 0.866 seconds
[2025-07-03T01:03:27.574+0000] {processor.py:186} INFO - Started process (PID=612) to work on /opt/airflow/dags/driven_data_pipeline.py
[2025-07-03T01:03:27.578+0000] {processor.py:914} INFO - Processing file /opt/airflow/dags/driven_data_pipeline.py for tasks to queue
[2025-07-03T01:03:27.585+0000] {logging_mixin.py:190} INFO - [2025-07-03T01:03:27.583+0000] {dagbag.py:588} INFO - Filling up the DagBag from /opt/airflow/dags/driven_data_pipeline.py
[2025-07-03T01:03:28.606+0000] {processor.py:925} INFO - DAG(s) 'extract_raw_data_pipeline' retrieved from /opt/airflow/dags/driven_data_pipeline.py
[2025-07-03T01:03:28.672+0000] {logging_mixin.py:190} INFO - [2025-07-03T01:03:28.672+0000] {dag.py:3239} INFO - Sync 1 DAGs
[2025-07-03T01:03:28.719+0000] {logging_mixin.py:190} INFO - [2025-07-03T01:03:28.718+0000] {dag.py:4180} INFO - Setting next_dagrun for extract_raw_data_pipeline to 2025-07-02 07:59:00+00:00, run_after=2025-07-03 07:00:00+00:00
[2025-07-03T01:03:28.759+0000] {processor.py:208} INFO - Processing /opt/airflow/dags/driven_data_pipeline.py took 1.200 seconds
[2025-07-03T01:03:59.046+0000] {processor.py:186} INFO - Started process (PID=620) to work on /opt/airflow/dags/driven_data_pipeline.py
[2025-07-03T01:03:59.049+0000] {processor.py:914} INFO - Processing file /opt/airflow/dags/driven_data_pipeline.py for tasks to queue
[2025-07-03T01:03:59.053+0000] {logging_mixin.py:190} INFO - [2025-07-03T01:03:59.053+0000] {dagbag.py:588} INFO - Filling up the DagBag from /opt/airflow/dags/driven_data_pipeline.py
[2025-07-03T01:03:59.926+0000] {processor.py:925} INFO - DAG(s) 'extract_raw_data_pipeline' retrieved from /opt/airflow/dags/driven_data_pipeline.py
[2025-07-03T01:03:59.974+0000] {logging_mixin.py:190} INFO - [2025-07-03T01:03:59.973+0000] {dag.py:3239} INFO - Sync 1 DAGs
[2025-07-03T01:04:00.007+0000] {logging_mixin.py:190} INFO - [2025-07-03T01:04:00.007+0000] {dag.py:4180} INFO - Setting next_dagrun for extract_raw_data_pipeline to 2025-07-02 07:59:00+00:00, run_after=2025-07-03 07:00:00+00:00
[2025-07-03T01:04:00.047+0000] {processor.py:208} INFO - Processing /opt/airflow/dags/driven_data_pipeline.py took 1.014 seconds
[2025-07-03T01:04:30.418+0000] {processor.py:186} INFO - Started process (PID=628) to work on /opt/airflow/dags/driven_data_pipeline.py
[2025-07-03T01:04:30.421+0000] {processor.py:914} INFO - Processing file /opt/airflow/dags/driven_data_pipeline.py for tasks to queue
[2025-07-03T01:04:30.426+0000] {logging_mixin.py:190} INFO - [2025-07-03T01:04:30.425+0000] {dagbag.py:588} INFO - Filling up the DagBag from /opt/airflow/dags/driven_data_pipeline.py
[2025-07-03T01:04:31.336+0000] {processor.py:925} INFO - DAG(s) 'extract_raw_data_pipeline' retrieved from /opt/airflow/dags/driven_data_pipeline.py
[2025-07-03T01:04:31.399+0000] {logging_mixin.py:190} INFO - [2025-07-03T01:04:31.399+0000] {dag.py:3239} INFO - Sync 1 DAGs
[2025-07-03T01:04:31.493+0000] {logging_mixin.py:190} INFO - [2025-07-03T01:04:31.493+0000] {dag.py:4180} INFO - Setting next_dagrun for extract_raw_data_pipeline to 2025-07-02 07:59:00+00:00, run_after=2025-07-03 07:00:00+00:00
[2025-07-03T01:04:31.528+0000] {processor.py:208} INFO - Processing /opt/airflow/dags/driven_data_pipeline.py took 1.122 seconds
[2025-07-03T01:05:01.822+0000] {processor.py:186} INFO - Started process (PID=636) to work on /opt/airflow/dags/driven_data_pipeline.py
[2025-07-03T01:05:01.825+0000] {processor.py:914} INFO - Processing file /opt/airflow/dags/driven_data_pipeline.py for tasks to queue
[2025-07-03T01:05:01.830+0000] {logging_mixin.py:190} INFO - [2025-07-03T01:05:01.829+0000] {dagbag.py:588} INFO - Filling up the DagBag from /opt/airflow/dags/driven_data_pipeline.py
[2025-07-03T01:05:02.164+0000] {processor.py:925} INFO - DAG(s) 'extract_raw_data_pipeline' retrieved from /opt/airflow/dags/driven_data_pipeline.py
[2025-07-03T01:05:02.203+0000] {logging_mixin.py:190} INFO - [2025-07-03T01:05:02.202+0000] {dag.py:3239} INFO - Sync 1 DAGs
[2025-07-03T01:05:02.294+0000] {logging_mixin.py:190} INFO - [2025-07-03T01:05:02.294+0000] {dag.py:4180} INFO - Setting next_dagrun for extract_raw_data_pipeline to 2025-07-02 07:59:00+00:00, run_after=2025-07-03 07:00:00+00:00
[2025-07-03T01:05:02.344+0000] {processor.py:208} INFO - Processing /opt/airflow/dags/driven_data_pipeline.py took 0.534 seconds
[2025-07-03T01:05:32.782+0000] {processor.py:186} INFO - Started process (PID=645) to work on /opt/airflow/dags/driven_data_pipeline.py
[2025-07-03T01:05:32.784+0000] {processor.py:914} INFO - Processing file /opt/airflow/dags/driven_data_pipeline.py for tasks to queue
[2025-07-03T01:05:32.789+0000] {logging_mixin.py:190} INFO - [2025-07-03T01:05:32.788+0000] {dagbag.py:588} INFO - Filling up the DagBag from /opt/airflow/dags/driven_data_pipeline.py
[2025-07-03T01:05:33.593+0000] {processor.py:925} INFO - DAG(s) 'extract_raw_data_pipeline' retrieved from /opt/airflow/dags/driven_data_pipeline.py
[2025-07-03T01:05:33.639+0000] {logging_mixin.py:190} INFO - [2025-07-03T01:05:33.638+0000] {dag.py:3239} INFO - Sync 1 DAGs
[2025-07-03T01:05:33.679+0000] {logging_mixin.py:190} INFO - [2025-07-03T01:05:33.679+0000] {dag.py:4180} INFO - Setting next_dagrun for extract_raw_data_pipeline to 2025-07-02 07:59:00+00:00, run_after=2025-07-03 07:00:00+00:00
[2025-07-03T01:05:33.714+0000] {processor.py:208} INFO - Processing /opt/airflow/dags/driven_data_pipeline.py took 0.943 seconds
[2025-07-03T01:06:04.128+0000] {processor.py:186} INFO - Started process (PID=653) to work on /opt/airflow/dags/driven_data_pipeline.py
[2025-07-03T01:06:04.132+0000] {processor.py:914} INFO - Processing file /opt/airflow/dags/driven_data_pipeline.py for tasks to queue
[2025-07-03T01:06:04.139+0000] {logging_mixin.py:190} INFO - [2025-07-03T01:06:04.138+0000] {dagbag.py:588} INFO - Filling up the DagBag from /opt/airflow/dags/driven_data_pipeline.py
[2025-07-03T01:06:05.003+0000] {processor.py:925} INFO - DAG(s) 'extract_raw_data_pipeline' retrieved from /opt/airflow/dags/driven_data_pipeline.py
[2025-07-03T01:06:05.064+0000] {logging_mixin.py:190} INFO - [2025-07-03T01:06:05.064+0000] {dag.py:3239} INFO - Sync 1 DAGs
[2025-07-03T01:06:05.100+0000] {logging_mixin.py:190} INFO - [2025-07-03T01:06:05.100+0000] {dag.py:4180} INFO - Setting next_dagrun for extract_raw_data_pipeline to 2025-07-02 07:59:00+00:00, run_after=2025-07-03 07:00:00+00:00
[2025-07-03T01:06:05.131+0000] {processor.py:208} INFO - Processing /opt/airflow/dags/driven_data_pipeline.py took 1.014 seconds
[2025-07-03T01:06:35.547+0000] {processor.py:186} INFO - Started process (PID=661) to work on /opt/airflow/dags/driven_data_pipeline.py
[2025-07-03T01:06:35.549+0000] {processor.py:914} INFO - Processing file /opt/airflow/dags/driven_data_pipeline.py for tasks to queue
[2025-07-03T01:06:35.554+0000] {logging_mixin.py:190} INFO - [2025-07-03T01:06:35.554+0000] {dagbag.py:588} INFO - Filling up the DagBag from /opt/airflow/dags/driven_data_pipeline.py
[2025-07-03T01:06:36.323+0000] {processor.py:925} INFO - DAG(s) 'extract_raw_data_pipeline' retrieved from /opt/airflow/dags/driven_data_pipeline.py
[2025-07-03T01:06:36.369+0000] {logging_mixin.py:190} INFO - [2025-07-03T01:06:36.368+0000] {dag.py:3239} INFO - Sync 1 DAGs
[2025-07-03T01:06:36.402+0000] {logging_mixin.py:190} INFO - [2025-07-03T01:06:36.401+0000] {dag.py:4180} INFO - Setting next_dagrun for extract_raw_data_pipeline to 2025-07-02 07:59:00+00:00, run_after=2025-07-03 07:00:00+00:00
[2025-07-03T01:06:36.432+0000] {processor.py:208} INFO - Processing /opt/airflow/dags/driven_data_pipeline.py took 0.897 seconds
[2025-07-03T01:07:06.868+0000] {processor.py:186} INFO - Started process (PID=669) to work on /opt/airflow/dags/driven_data_pipeline.py
[2025-07-03T01:07:06.870+0000] {processor.py:914} INFO - Processing file /opt/airflow/dags/driven_data_pipeline.py for tasks to queue
[2025-07-03T01:07:06.875+0000] {logging_mixin.py:190} INFO - [2025-07-03T01:07:06.874+0000] {dagbag.py:588} INFO - Filling up the DagBag from /opt/airflow/dags/driven_data_pipeline.py
[2025-07-03T01:07:07.661+0000] {processor.py:925} INFO - DAG(s) 'extract_raw_data_pipeline' retrieved from /opt/airflow/dags/driven_data_pipeline.py
[2025-07-03T01:07:07.703+0000] {logging_mixin.py:190} INFO - [2025-07-03T01:07:07.703+0000] {dag.py:3239} INFO - Sync 1 DAGs
[2025-07-03T01:07:07.730+0000] {logging_mixin.py:190} INFO - [2025-07-03T01:07:07.730+0000] {dag.py:4180} INFO - Setting next_dagrun for extract_raw_data_pipeline to 2025-07-02 07:59:00+00:00, run_after=2025-07-03 07:00:00+00:00
[2025-07-03T01:07:07.760+0000] {processor.py:208} INFO - Processing /opt/airflow/dags/driven_data_pipeline.py took 0.903 seconds
[2025-07-03T01:07:27.067+0000] {processor.py:186} INFO - Started process (PID=677) to work on /opt/airflow/dags/driven_data_pipeline.py
[2025-07-03T01:07:27.069+0000] {processor.py:914} INFO - Processing file /opt/airflow/dags/driven_data_pipeline.py for tasks to queue
[2025-07-03T01:07:27.073+0000] {logging_mixin.py:190} INFO - [2025-07-03T01:07:27.072+0000] {dagbag.py:588} INFO - Filling up the DagBag from /opt/airflow/dags/driven_data_pipeline.py
[2025-07-03T01:07:27.404+0000] {processor.py:925} INFO - DAG(s) 'extract_raw_data_pipeline' retrieved from /opt/airflow/dags/driven_data_pipeline.py
[2025-07-03T01:07:27.988+0000] {logging_mixin.py:190} INFO - [2025-07-03T01:07:27.988+0000] {dag.py:3239} INFO - Sync 1 DAGs
[2025-07-03T01:07:28.026+0000] {logging_mixin.py:190} INFO - [2025-07-03T01:07:28.025+0000] {dag.py:4180} INFO - Setting next_dagrun for extract_raw_data_pipeline to 2025-07-02 07:59:00+00:00, run_after=2025-07-03 07:00:00+00:00
[2025-07-03T01:07:28.128+0000] {processor.py:208} INFO - Processing /opt/airflow/dags/driven_data_pipeline.py took 1.070 seconds
[2025-07-03T01:07:33.322+0000] {processor.py:186} INFO - Started process (PID=679) to work on /opt/airflow/dags/driven_data_pipeline.py
[2025-07-03T01:07:33.324+0000] {processor.py:914} INFO - Processing file /opt/airflow/dags/driven_data_pipeline.py for tasks to queue
[2025-07-03T01:07:33.329+0000] {logging_mixin.py:190} INFO - [2025-07-03T01:07:33.328+0000] {dagbag.py:588} INFO - Filling up the DagBag from /opt/airflow/dags/driven_data_pipeline.py
[2025-07-03T01:07:34.170+0000] {processor.py:925} INFO - DAG(s) 'extract_raw_data_pipeline' retrieved from /opt/airflow/dags/driven_data_pipeline.py
[2025-07-03T01:07:34.259+0000] {logging_mixin.py:190} INFO - [2025-07-03T01:07:34.259+0000] {dag.py:3239} INFO - Sync 1 DAGs
[2025-07-03T01:07:34.335+0000] {logging_mixin.py:190} INFO - [2025-07-03T01:07:34.334+0000] {dag.py:4180} INFO - Setting next_dagrun for extract_raw_data_pipeline to 2025-07-02 07:59:00+00:00, run_after=2025-07-03 07:00:00+00:00
[2025-07-03T01:07:34.449+0000] {processor.py:208} INFO - Processing /opt/airflow/dags/driven_data_pipeline.py took 1.140 seconds
[2025-07-03T01:08:04.722+0000] {processor.py:186} INFO - Started process (PID=687) to work on /opt/airflow/dags/driven_data_pipeline.py
[2025-07-03T01:08:04.724+0000] {processor.py:914} INFO - Processing file /opt/airflow/dags/driven_data_pipeline.py for tasks to queue
[2025-07-03T01:08:04.729+0000] {logging_mixin.py:190} INFO - [2025-07-03T01:08:04.728+0000] {dagbag.py:588} INFO - Filling up the DagBag from /opt/airflow/dags/driven_data_pipeline.py
[2025-07-03T01:08:05.531+0000] {processor.py:925} INFO - DAG(s) 'extract_raw_data_pipeline' retrieved from /opt/airflow/dags/driven_data_pipeline.py
[2025-07-03T01:08:05.637+0000] {logging_mixin.py:190} INFO - [2025-07-03T01:08:05.636+0000] {dag.py:3239} INFO - Sync 1 DAGs
[2025-07-03T01:08:05.668+0000] {logging_mixin.py:190} INFO - [2025-07-03T01:08:05.668+0000] {dag.py:4180} INFO - Setting next_dagrun for extract_raw_data_pipeline to 2025-07-02 07:59:00+00:00, run_after=2025-07-03 07:00:00+00:00
[2025-07-03T01:08:05.694+0000] {processor.py:208} INFO - Processing /opt/airflow/dags/driven_data_pipeline.py took 0.983 seconds
[2025-07-03T01:08:36.072+0000] {processor.py:186} INFO - Started process (PID=695) to work on /opt/airflow/dags/driven_data_pipeline.py
[2025-07-03T01:08:36.073+0000] {processor.py:914} INFO - Processing file /opt/airflow/dags/driven_data_pipeline.py for tasks to queue
[2025-07-03T01:08:36.079+0000] {logging_mixin.py:190} INFO - [2025-07-03T01:08:36.078+0000] {dagbag.py:588} INFO - Filling up the DagBag from /opt/airflow/dags/driven_data_pipeline.py
[2025-07-03T01:08:36.812+0000] {processor.py:925} INFO - DAG(s) 'extract_raw_data_pipeline' retrieved from /opt/airflow/dags/driven_data_pipeline.py
[2025-07-03T01:08:36.862+0000] {logging_mixin.py:190} INFO - [2025-07-03T01:08:36.861+0000] {dag.py:3239} INFO - Sync 1 DAGs
[2025-07-03T01:08:36.902+0000] {logging_mixin.py:190} INFO - [2025-07-03T01:08:36.902+0000] {dag.py:4180} INFO - Setting next_dagrun for extract_raw_data_pipeline to 2025-07-02 07:59:00+00:00, run_after=2025-07-03 07:00:00+00:00
[2025-07-03T01:08:36.937+0000] {processor.py:208} INFO - Processing /opt/airflow/dags/driven_data_pipeline.py took 0.875 seconds
[2025-07-03T01:09:07.335+0000] {processor.py:186} INFO - Started process (PID=703) to work on /opt/airflow/dags/driven_data_pipeline.py
[2025-07-03T01:09:07.337+0000] {processor.py:914} INFO - Processing file /opt/airflow/dags/driven_data_pipeline.py for tasks to queue
[2025-07-03T01:09:07.343+0000] {logging_mixin.py:190} INFO - [2025-07-03T01:09:07.343+0000] {dagbag.py:588} INFO - Filling up the DagBag from /opt/airflow/dags/driven_data_pipeline.py
[2025-07-03T01:09:08.094+0000] {processor.py:925} INFO - DAG(s) 'extract_raw_data_pipeline' retrieved from /opt/airflow/dags/driven_data_pipeline.py
[2025-07-03T01:09:08.146+0000] {logging_mixin.py:190} INFO - [2025-07-03T01:09:08.145+0000] {dag.py:3239} INFO - Sync 1 DAGs
[2025-07-03T01:09:08.181+0000] {logging_mixin.py:190} INFO - [2025-07-03T01:09:08.181+0000] {dag.py:4180} INFO - Setting next_dagrun for extract_raw_data_pipeline to 2025-07-02 07:59:00+00:00, run_after=2025-07-03 07:00:00+00:00
[2025-07-03T01:09:08.214+0000] {processor.py:208} INFO - Processing /opt/airflow/dags/driven_data_pipeline.py took 0.889 seconds
[2025-07-03T01:09:38.620+0000] {processor.py:186} INFO - Started process (PID=711) to work on /opt/airflow/dags/driven_data_pipeline.py
[2025-07-03T01:09:38.622+0000] {processor.py:914} INFO - Processing file /opt/airflow/dags/driven_data_pipeline.py for tasks to queue
[2025-07-03T01:09:38.628+0000] {logging_mixin.py:190} INFO - [2025-07-03T01:09:38.627+0000] {dagbag.py:588} INFO - Filling up the DagBag from /opt/airflow/dags/driven_data_pipeline.py
[2025-07-03T01:09:39.472+0000] {processor.py:925} INFO - DAG(s) 'extract_raw_data_pipeline' retrieved from /opt/airflow/dags/driven_data_pipeline.py
[2025-07-03T01:09:39.533+0000] {logging_mixin.py:190} INFO - [2025-07-03T01:09:39.533+0000] {dag.py:3239} INFO - Sync 1 DAGs
[2025-07-03T01:09:39.573+0000] {logging_mixin.py:190} INFO - [2025-07-03T01:09:39.572+0000] {dag.py:4180} INFO - Setting next_dagrun for extract_raw_data_pipeline to 2025-07-02 07:59:00+00:00, run_after=2025-07-03 07:00:00+00:00
[2025-07-03T01:09:39.606+0000] {processor.py:208} INFO - Processing /opt/airflow/dags/driven_data_pipeline.py took 1.000 seconds
[2025-07-03T01:10:09.977+0000] {processor.py:186} INFO - Started process (PID=719) to work on /opt/airflow/dags/driven_data_pipeline.py
[2025-07-03T01:10:09.979+0000] {processor.py:914} INFO - Processing file /opt/airflow/dags/driven_data_pipeline.py for tasks to queue
[2025-07-03T01:10:09.983+0000] {logging_mixin.py:190} INFO - [2025-07-03T01:10:09.982+0000] {dagbag.py:588} INFO - Filling up the DagBag from /opt/airflow/dags/driven_data_pipeline.py
[2025-07-03T01:10:10.740+0000] {processor.py:925} INFO - DAG(s) 'extract_raw_data_pipeline' retrieved from /opt/airflow/dags/driven_data_pipeline.py
[2025-07-03T01:10:10.793+0000] {logging_mixin.py:190} INFO - [2025-07-03T01:10:10.792+0000] {dag.py:3239} INFO - Sync 1 DAGs
[2025-07-03T01:10:10.826+0000] {logging_mixin.py:190} INFO - [2025-07-03T01:10:10.825+0000] {dag.py:4180} INFO - Setting next_dagrun for extract_raw_data_pipeline to 2025-07-02 07:59:00+00:00, run_after=2025-07-03 07:00:00+00:00
[2025-07-03T01:10:10.858+0000] {processor.py:208} INFO - Processing /opt/airflow/dags/driven_data_pipeline.py took 0.892 seconds
[2025-07-03T01:10:41.258+0000] {processor.py:186} INFO - Started process (PID=727) to work on /opt/airflow/dags/driven_data_pipeline.py
[2025-07-03T01:10:41.261+0000] {processor.py:914} INFO - Processing file /opt/airflow/dags/driven_data_pipeline.py for tasks to queue
[2025-07-03T01:10:41.265+0000] {logging_mixin.py:190} INFO - [2025-07-03T01:10:41.264+0000] {dagbag.py:588} INFO - Filling up the DagBag from /opt/airflow/dags/driven_data_pipeline.py
[2025-07-03T01:10:42.087+0000] {processor.py:925} INFO - DAG(s) 'extract_raw_data_pipeline' retrieved from /opt/airflow/dags/driven_data_pipeline.py
[2025-07-03T01:10:42.137+0000] {logging_mixin.py:190} INFO - [2025-07-03T01:10:42.137+0000] {dag.py:3239} INFO - Sync 1 DAGs
[2025-07-03T01:10:42.171+0000] {logging_mixin.py:190} INFO - [2025-07-03T01:10:42.170+0000] {dag.py:4180} INFO - Setting next_dagrun for extract_raw_data_pipeline to 2025-07-02 07:59:00+00:00, run_after=2025-07-03 07:00:00+00:00
[2025-07-03T01:10:42.202+0000] {processor.py:208} INFO - Processing /opt/airflow/dags/driven_data_pipeline.py took 0.956 seconds
[2025-07-03T01:13:24.825+0000] {processor.py:186} INFO - Started process (PID=91) to work on /opt/airflow/dags/driven_data_pipeline.py
[2025-07-03T01:13:24.828+0000] {processor.py:914} INFO - Processing file /opt/airflow/dags/driven_data_pipeline.py for tasks to queue
[2025-07-03T01:13:24.834+0000] {logging_mixin.py:190} INFO - [2025-07-03T01:13:24.833+0000] {dagbag.py:588} INFO - Filling up the DagBag from /opt/airflow/dags/driven_data_pipeline.py
[2025-07-03T01:13:25.894+0000] {processor.py:925} INFO - DAG(s) 'extract_raw_data_pipeline' retrieved from /opt/airflow/dags/driven_data_pipeline.py
[2025-07-03T01:13:25.972+0000] {logging_mixin.py:190} INFO - [2025-07-03T01:13:25.971+0000] {dag.py:3239} INFO - Sync 1 DAGs
[2025-07-03T01:13:26.018+0000] {logging_mixin.py:190} INFO - [2025-07-03T01:13:26.017+0000] {dag.py:4180} INFO - Setting next_dagrun for extract_raw_data_pipeline to 2025-07-02 07:59:00+00:00, run_after=2025-07-03 07:00:00+00:00
[2025-07-03T01:13:26.054+0000] {processor.py:208} INFO - Processing /opt/airflow/dags/driven_data_pipeline.py took 1.242 seconds
[2025-07-03T01:13:56.295+0000] {processor.py:186} INFO - Started process (PID=99) to work on /opt/airflow/dags/driven_data_pipeline.py
[2025-07-03T01:13:56.297+0000] {processor.py:914} INFO - Processing file /opt/airflow/dags/driven_data_pipeline.py for tasks to queue
[2025-07-03T01:13:56.304+0000] {logging_mixin.py:190} INFO - [2025-07-03T01:13:56.303+0000] {dagbag.py:588} INFO - Filling up the DagBag from /opt/airflow/dags/driven_data_pipeline.py
[2025-07-03T01:13:57.609+0000] {processor.py:925} INFO - DAG(s) 'extract_raw_data_pipeline' retrieved from /opt/airflow/dags/driven_data_pipeline.py
[2025-07-03T01:13:57.656+0000] {logging_mixin.py:190} INFO - [2025-07-03T01:13:57.655+0000] {dag.py:3239} INFO - Sync 1 DAGs
[2025-07-03T01:13:57.697+0000] {logging_mixin.py:190} INFO - [2025-07-03T01:13:57.696+0000] {dag.py:4180} INFO - Setting next_dagrun for extract_raw_data_pipeline to 2025-07-02 07:59:00+00:00, run_after=2025-07-03 07:00:00+00:00
[2025-07-03T01:13:57.766+0000] {processor.py:208} INFO - Processing /opt/airflow/dags/driven_data_pipeline.py took 1.483 seconds
[2025-07-03T01:14:28.194+0000] {processor.py:186} INFO - Started process (PID=107) to work on /opt/airflow/dags/driven_data_pipeline.py
[2025-07-03T01:14:28.196+0000] {processor.py:914} INFO - Processing file /opt/airflow/dags/driven_data_pipeline.py for tasks to queue
[2025-07-03T01:14:28.201+0000] {logging_mixin.py:190} INFO - [2025-07-03T01:14:28.200+0000] {dagbag.py:588} INFO - Filling up the DagBag from /opt/airflow/dags/driven_data_pipeline.py
[2025-07-03T01:14:29.130+0000] {processor.py:925} INFO - DAG(s) 'extract_raw_data_pipeline' retrieved from /opt/airflow/dags/driven_data_pipeline.py
[2025-07-03T01:14:29.183+0000] {logging_mixin.py:190} INFO - [2025-07-03T01:14:29.183+0000] {dag.py:3239} INFO - Sync 1 DAGs
[2025-07-03T01:14:29.225+0000] {logging_mixin.py:190} INFO - [2025-07-03T01:14:29.224+0000] {dag.py:4180} INFO - Setting next_dagrun for extract_raw_data_pipeline to 2025-07-02 07:59:00+00:00, run_after=2025-07-03 07:00:00+00:00
[2025-07-03T01:14:29.260+0000] {processor.py:208} INFO - Processing /opt/airflow/dags/driven_data_pipeline.py took 1.077 seconds
[2025-07-03T01:14:59.638+0000] {processor.py:186} INFO - Started process (PID=115) to work on /opt/airflow/dags/driven_data_pipeline.py
[2025-07-03T01:14:59.642+0000] {processor.py:914} INFO - Processing file /opt/airflow/dags/driven_data_pipeline.py for tasks to queue
[2025-07-03T01:14:59.652+0000] {logging_mixin.py:190} INFO - [2025-07-03T01:14:59.652+0000] {dagbag.py:588} INFO - Filling up the DagBag from /opt/airflow/dags/driven_data_pipeline.py
[2025-07-03T01:15:00.780+0000] {processor.py:925} INFO - DAG(s) 'extract_raw_data_pipeline' retrieved from /opt/airflow/dags/driven_data_pipeline.py
[2025-07-03T01:15:00.865+0000] {logging_mixin.py:190} INFO - [2025-07-03T01:15:00.864+0000] {dag.py:3239} INFO - Sync 1 DAGs
[2025-07-03T01:15:00.927+0000] {logging_mixin.py:190} INFO - [2025-07-03T01:15:00.926+0000] {dag.py:4180} INFO - Setting next_dagrun for extract_raw_data_pipeline to 2025-07-02 07:59:00+00:00, run_after=2025-07-03 07:00:00+00:00
[2025-07-03T01:15:00.965+0000] {processor.py:208} INFO - Processing /opt/airflow/dags/driven_data_pipeline.py took 1.354 seconds
[2025-07-03T01:15:31.460+0000] {processor.py:186} INFO - Started process (PID=127) to work on /opt/airflow/dags/driven_data_pipeline.py
[2025-07-03T01:15:31.463+0000] {processor.py:914} INFO - Processing file /opt/airflow/dags/driven_data_pipeline.py for tasks to queue
[2025-07-03T01:15:31.474+0000] {logging_mixin.py:190} INFO - [2025-07-03T01:15:31.468+0000] {dagbag.py:588} INFO - Filling up the DagBag from /opt/airflow/dags/driven_data_pipeline.py
[2025-07-03T01:15:33.528+0000] {processor.py:925} INFO - DAG(s) 'extract_raw_data_pipeline' retrieved from /opt/airflow/dags/driven_data_pipeline.py
[2025-07-03T01:15:33.583+0000] {logging_mixin.py:190} INFO - [2025-07-03T01:15:33.582+0000] {dag.py:3239} INFO - Sync 1 DAGs
[2025-07-03T01:15:33.624+0000] {logging_mixin.py:190} INFO - [2025-07-03T01:15:33.623+0000] {dag.py:4180} INFO - Setting next_dagrun for extract_raw_data_pipeline to 2025-07-02 07:59:00+00:00, run_after=2025-07-03 07:00:00+00:00
[2025-07-03T01:15:33.655+0000] {processor.py:208} INFO - Processing /opt/airflow/dags/driven_data_pipeline.py took 2.209 seconds
[2025-07-03T01:16:03.845+0000] {processor.py:186} INFO - Started process (PID=135) to work on /opt/airflow/dags/driven_data_pipeline.py
[2025-07-03T01:16:03.847+0000] {processor.py:914} INFO - Processing file /opt/airflow/dags/driven_data_pipeline.py for tasks to queue
[2025-07-03T01:16:03.853+0000] {logging_mixin.py:190} INFO - [2025-07-03T01:16:03.852+0000] {dagbag.py:588} INFO - Filling up the DagBag from /opt/airflow/dags/driven_data_pipeline.py
[2025-07-03T01:16:04.780+0000] {processor.py:925} INFO - DAG(s) 'extract_raw_data_pipeline' retrieved from /opt/airflow/dags/driven_data_pipeline.py
[2025-07-03T01:16:04.823+0000] {logging_mixin.py:190} INFO - [2025-07-03T01:16:04.822+0000] {dag.py:3239} INFO - Sync 1 DAGs
[2025-07-03T01:16:04.851+0000] {logging_mixin.py:190} INFO - [2025-07-03T01:16:04.851+0000] {dag.py:4180} INFO - Setting next_dagrun for extract_raw_data_pipeline to 2025-07-02 07:59:00+00:00, run_after=2025-07-03 07:00:00+00:00
[2025-07-03T01:16:04.879+0000] {processor.py:208} INFO - Processing /opt/airflow/dags/driven_data_pipeline.py took 1.045 seconds
[2025-07-03T01:16:35.229+0000] {processor.py:186} INFO - Started process (PID=143) to work on /opt/airflow/dags/driven_data_pipeline.py
[2025-07-03T01:16:35.231+0000] {processor.py:914} INFO - Processing file /opt/airflow/dags/driven_data_pipeline.py for tasks to queue
[2025-07-03T01:16:35.237+0000] {logging_mixin.py:190} INFO - [2025-07-03T01:16:35.236+0000] {dagbag.py:588} INFO - Filling up the DagBag from /opt/airflow/dags/driven_data_pipeline.py
[2025-07-03T01:16:36.064+0000] {processor.py:925} INFO - DAG(s) 'extract_raw_data_pipeline' retrieved from /opt/airflow/dags/driven_data_pipeline.py
[2025-07-03T01:16:36.107+0000] {logging_mixin.py:190} INFO - [2025-07-03T01:16:36.106+0000] {dag.py:3239} INFO - Sync 1 DAGs
[2025-07-03T01:16:36.137+0000] {logging_mixin.py:190} INFO - [2025-07-03T01:16:36.136+0000] {dag.py:4180} INFO - Setting next_dagrun for extract_raw_data_pipeline to 2025-07-02 07:59:00+00:00, run_after=2025-07-03 07:00:00+00:00
[2025-07-03T01:16:36.173+0000] {processor.py:208} INFO - Processing /opt/airflow/dags/driven_data_pipeline.py took 0.955 seconds
[2025-07-03T01:17:06.676+0000] {processor.py:186} INFO - Started process (PID=151) to work on /opt/airflow/dags/driven_data_pipeline.py
[2025-07-03T01:17:06.679+0000] {processor.py:914} INFO - Processing file /opt/airflow/dags/driven_data_pipeline.py for tasks to queue
[2025-07-03T01:17:06.684+0000] {logging_mixin.py:190} INFO - [2025-07-03T01:17:06.683+0000] {dagbag.py:588} INFO - Filling up the DagBag from /opt/airflow/dags/driven_data_pipeline.py
[2025-07-03T01:17:07.999+0000] {processor.py:925} INFO - DAG(s) 'extract_raw_data_pipeline' retrieved from /opt/airflow/dags/driven_data_pipeline.py
[2025-07-03T01:17:08.041+0000] {logging_mixin.py:190} INFO - [2025-07-03T01:17:08.041+0000] {dag.py:3239} INFO - Sync 1 DAGs
[2025-07-03T01:17:08.077+0000] {logging_mixin.py:190} INFO - [2025-07-03T01:17:08.077+0000] {dag.py:4180} INFO - Setting next_dagrun for extract_raw_data_pipeline to 2025-07-02 07:59:00+00:00, run_after=2025-07-03 07:00:00+00:00
[2025-07-03T01:17:08.108+0000] {processor.py:208} INFO - Processing /opt/airflow/dags/driven_data_pipeline.py took 1.444 seconds
[2025-07-03T01:17:38.659+0000] {processor.py:186} INFO - Started process (PID=165) to work on /opt/airflow/dags/driven_data_pipeline.py
[2025-07-03T01:17:38.661+0000] {processor.py:914} INFO - Processing file /opt/airflow/dags/driven_data_pipeline.py for tasks to queue
[2025-07-03T01:17:38.666+0000] {logging_mixin.py:190} INFO - [2025-07-03T01:17:38.665+0000] {dagbag.py:588} INFO - Filling up the DagBag from /opt/airflow/dags/driven_data_pipeline.py
[2025-07-03T01:17:39.538+0000] {processor.py:925} INFO - DAG(s) 'extract_raw_data_pipeline' retrieved from /opt/airflow/dags/driven_data_pipeline.py
[2025-07-03T01:17:39.578+0000] {logging_mixin.py:190} INFO - [2025-07-03T01:17:39.578+0000] {dag.py:3239} INFO - Sync 1 DAGs
[2025-07-03T01:17:39.610+0000] {logging_mixin.py:190} INFO - [2025-07-03T01:17:39.609+0000] {dag.py:4180} INFO - Setting next_dagrun for extract_raw_data_pipeline to 2025-07-02 07:59:00+00:00, run_after=2025-07-03 07:00:00+00:00
[2025-07-03T01:17:39.652+0000] {processor.py:208} INFO - Processing /opt/airflow/dags/driven_data_pipeline.py took 1.002 seconds
[2025-07-03T01:18:10.227+0000] {processor.py:186} INFO - Started process (PID=173) to work on /opt/airflow/dags/driven_data_pipeline.py
[2025-07-03T01:18:10.229+0000] {processor.py:914} INFO - Processing file /opt/airflow/dags/driven_data_pipeline.py for tasks to queue
[2025-07-03T01:18:10.235+0000] {logging_mixin.py:190} INFO - [2025-07-03T01:18:10.234+0000] {dagbag.py:588} INFO - Filling up the DagBag from /opt/airflow/dags/driven_data_pipeline.py
[2025-07-03T01:18:11.144+0000] {processor.py:925} INFO - DAG(s) 'extract_raw_data_pipeline' retrieved from /opt/airflow/dags/driven_data_pipeline.py
[2025-07-03T01:18:11.197+0000] {logging_mixin.py:190} INFO - [2025-07-03T01:18:11.197+0000] {dag.py:3239} INFO - Sync 1 DAGs
[2025-07-03T01:18:11.283+0000] {logging_mixin.py:190} INFO - [2025-07-03T01:18:11.282+0000] {dag.py:4180} INFO - Setting next_dagrun for extract_raw_data_pipeline to 2025-07-02 07:59:00+00:00, run_after=2025-07-03 07:00:00+00:00
[2025-07-03T01:18:11.331+0000] {processor.py:208} INFO - Processing /opt/airflow/dags/driven_data_pipeline.py took 1.119 seconds
[2025-07-03T01:18:41.690+0000] {processor.py:186} INFO - Started process (PID=181) to work on /opt/airflow/dags/driven_data_pipeline.py
[2025-07-03T01:18:41.693+0000] {processor.py:914} INFO - Processing file /opt/airflow/dags/driven_data_pipeline.py for tasks to queue
[2025-07-03T01:18:41.698+0000] {logging_mixin.py:190} INFO - [2025-07-03T01:18:41.698+0000] {dagbag.py:588} INFO - Filling up the DagBag from /opt/airflow/dags/driven_data_pipeline.py
[2025-07-03T01:18:42.736+0000] {processor.py:925} INFO - DAG(s) 'extract_raw_data_pipeline' retrieved from /opt/airflow/dags/driven_data_pipeline.py
[2025-07-03T01:18:42.812+0000] {logging_mixin.py:190} INFO - [2025-07-03T01:18:42.812+0000] {dag.py:3239} INFO - Sync 1 DAGs
[2025-07-03T01:18:42.849+0000] {logging_mixin.py:190} INFO - [2025-07-03T01:18:42.848+0000] {dag.py:4180} INFO - Setting next_dagrun for extract_raw_data_pipeline to 2025-07-02 07:59:00+00:00, run_after=2025-07-03 07:00:00+00:00
[2025-07-03T01:18:42.890+0000] {processor.py:208} INFO - Processing /opt/airflow/dags/driven_data_pipeline.py took 1.212 seconds
[2025-07-03T01:19:13.150+0000] {processor.py:186} INFO - Started process (PID=189) to work on /opt/airflow/dags/driven_data_pipeline.py
[2025-07-03T01:19:13.152+0000] {processor.py:914} INFO - Processing file /opt/airflow/dags/driven_data_pipeline.py for tasks to queue
[2025-07-03T01:19:13.157+0000] {logging_mixin.py:190} INFO - [2025-07-03T01:19:13.156+0000] {dagbag.py:588} INFO - Filling up the DagBag from /opt/airflow/dags/driven_data_pipeline.py
[2025-07-03T01:19:14.098+0000] {processor.py:925} INFO - DAG(s) 'extract_raw_data_pipeline' retrieved from /opt/airflow/dags/driven_data_pipeline.py
[2025-07-03T01:19:14.143+0000] {logging_mixin.py:190} INFO - [2025-07-03T01:19:14.143+0000] {dag.py:3239} INFO - Sync 1 DAGs
[2025-07-03T01:19:14.184+0000] {logging_mixin.py:190} INFO - [2025-07-03T01:19:14.184+0000] {dag.py:4180} INFO - Setting next_dagrun for extract_raw_data_pipeline to 2025-07-02 07:59:00+00:00, run_after=2025-07-03 07:00:00+00:00
[2025-07-03T01:19:14.220+0000] {processor.py:208} INFO - Processing /opt/airflow/dags/driven_data_pipeline.py took 1.083 seconds
[2025-07-03T01:19:44.685+0000] {processor.py:186} INFO - Started process (PID=197) to work on /opt/airflow/dags/driven_data_pipeline.py
[2025-07-03T01:19:44.687+0000] {processor.py:914} INFO - Processing file /opt/airflow/dags/driven_data_pipeline.py for tasks to queue
[2025-07-03T01:19:44.692+0000] {logging_mixin.py:190} INFO - [2025-07-03T01:19:44.691+0000] {dagbag.py:588} INFO - Filling up the DagBag from /opt/airflow/dags/driven_data_pipeline.py
[2025-07-03T01:19:45.421+0000] {processor.py:925} INFO - DAG(s) 'extract_raw_data_pipeline' retrieved from /opt/airflow/dags/driven_data_pipeline.py
[2025-07-03T01:19:45.461+0000] {logging_mixin.py:190} INFO - [2025-07-03T01:19:45.461+0000] {dag.py:3239} INFO - Sync 1 DAGs
[2025-07-03T01:19:45.494+0000] {logging_mixin.py:190} INFO - [2025-07-03T01:19:45.493+0000] {dag.py:4180} INFO - Setting next_dagrun for extract_raw_data_pipeline to 2025-07-02 07:59:00+00:00, run_after=2025-07-03 07:00:00+00:00
[2025-07-03T01:19:45.522+0000] {processor.py:208} INFO - Processing /opt/airflow/dags/driven_data_pipeline.py took 0.847 seconds
[2025-07-03T01:20:15.968+0000] {processor.py:186} INFO - Started process (PID=205) to work on /opt/airflow/dags/driven_data_pipeline.py
[2025-07-03T01:20:15.970+0000] {processor.py:914} INFO - Processing file /opt/airflow/dags/driven_data_pipeline.py for tasks to queue
[2025-07-03T01:20:15.974+0000] {logging_mixin.py:190} INFO - [2025-07-03T01:20:15.973+0000] {dagbag.py:588} INFO - Filling up the DagBag from /opt/airflow/dags/driven_data_pipeline.py
[2025-07-03T01:20:16.598+0000] {processor.py:925} INFO - DAG(s) 'extract_raw_data_pipeline' retrieved from /opt/airflow/dags/driven_data_pipeline.py
[2025-07-03T01:20:16.635+0000] {logging_mixin.py:190} INFO - [2025-07-03T01:20:16.635+0000] {dag.py:3239} INFO - Sync 1 DAGs
[2025-07-03T01:20:16.667+0000] {logging_mixin.py:190} INFO - [2025-07-03T01:20:16.666+0000] {dag.py:4180} INFO - Setting next_dagrun for extract_raw_data_pipeline to 2025-07-02 07:59:00+00:00, run_after=2025-07-03 07:00:00+00:00
[2025-07-03T01:20:16.695+0000] {processor.py:208} INFO - Processing /opt/airflow/dags/driven_data_pipeline.py took 0.735 seconds
[2025-07-03T01:20:47.143+0000] {processor.py:186} INFO - Started process (PID=213) to work on /opt/airflow/dags/driven_data_pipeline.py
[2025-07-03T01:20:47.145+0000] {processor.py:914} INFO - Processing file /opt/airflow/dags/driven_data_pipeline.py for tasks to queue
[2025-07-03T01:20:47.150+0000] {logging_mixin.py:190} INFO - [2025-07-03T01:20:47.150+0000] {dagbag.py:588} INFO - Filling up the DagBag from /opt/airflow/dags/driven_data_pipeline.py
[2025-07-03T01:20:47.729+0000] {processor.py:925} INFO - DAG(s) 'extract_raw_data_pipeline' retrieved from /opt/airflow/dags/driven_data_pipeline.py
[2025-07-03T01:20:47.762+0000] {logging_mixin.py:190} INFO - [2025-07-03T01:20:47.762+0000] {dag.py:3239} INFO - Sync 1 DAGs
[2025-07-03T01:20:47.787+0000] {logging_mixin.py:190} INFO - [2025-07-03T01:20:47.787+0000] {dag.py:4180} INFO - Setting next_dagrun for extract_raw_data_pipeline to 2025-07-02 07:59:00+00:00, run_after=2025-07-03 07:00:00+00:00
[2025-07-03T01:20:47.857+0000] {processor.py:208} INFO - Processing /opt/airflow/dags/driven_data_pipeline.py took 0.725 seconds
[2025-07-03T01:21:18.323+0000] {processor.py:186} INFO - Started process (PID=221) to work on /opt/airflow/dags/driven_data_pipeline.py
[2025-07-03T01:21:18.325+0000] {processor.py:914} INFO - Processing file /opt/airflow/dags/driven_data_pipeline.py for tasks to queue
[2025-07-03T01:21:18.329+0000] {logging_mixin.py:190} INFO - [2025-07-03T01:21:18.329+0000] {dagbag.py:588} INFO - Filling up the DagBag from /opt/airflow/dags/driven_data_pipeline.py
[2025-07-03T01:21:18.997+0000] {processor.py:925} INFO - DAG(s) 'extract_raw_data_pipeline' retrieved from /opt/airflow/dags/driven_data_pipeline.py
[2025-07-03T01:21:19.032+0000] {logging_mixin.py:190} INFO - [2025-07-03T01:21:19.032+0000] {dag.py:3239} INFO - Sync 1 DAGs
[2025-07-03T01:21:19.065+0000] {logging_mixin.py:190} INFO - [2025-07-03T01:21:19.065+0000] {dag.py:4180} INFO - Setting next_dagrun for extract_raw_data_pipeline to 2025-07-02 07:59:00+00:00, run_after=2025-07-03 07:00:00+00:00
[2025-07-03T01:21:19.093+0000] {processor.py:208} INFO - Processing /opt/airflow/dags/driven_data_pipeline.py took 0.779 seconds
[2025-07-03T01:21:49.485+0000] {processor.py:186} INFO - Started process (PID=229) to work on /opt/airflow/dags/driven_data_pipeline.py
[2025-07-03T01:21:49.487+0000] {processor.py:914} INFO - Processing file /opt/airflow/dags/driven_data_pipeline.py for tasks to queue
[2025-07-03T01:21:49.491+0000] {logging_mixin.py:190} INFO - [2025-07-03T01:21:49.490+0000] {dagbag.py:588} INFO - Filling up the DagBag from /opt/airflow/dags/driven_data_pipeline.py
[2025-07-03T01:21:50.242+0000] {processor.py:925} INFO - DAG(s) 'extract_raw_data_pipeline' retrieved from /opt/airflow/dags/driven_data_pipeline.py
[2025-07-03T01:21:50.283+0000] {logging_mixin.py:190} INFO - [2025-07-03T01:21:50.282+0000] {dag.py:3239} INFO - Sync 1 DAGs
[2025-07-03T01:21:50.312+0000] {logging_mixin.py:190} INFO - [2025-07-03T01:21:50.312+0000] {dag.py:4180} INFO - Setting next_dagrun for extract_raw_data_pipeline to 2025-07-02 07:59:00+00:00, run_after=2025-07-03 07:00:00+00:00
[2025-07-03T01:21:50.336+0000] {processor.py:208} INFO - Processing /opt/airflow/dags/driven_data_pipeline.py took 0.859 seconds
[2025-07-03T01:22:20.744+0000] {processor.py:186} INFO - Started process (PID=237) to work on /opt/airflow/dags/driven_data_pipeline.py
[2025-07-03T01:22:20.746+0000] {processor.py:914} INFO - Processing file /opt/airflow/dags/driven_data_pipeline.py for tasks to queue
[2025-07-03T01:22:20.751+0000] {logging_mixin.py:190} INFO - [2025-07-03T01:22:20.750+0000] {dagbag.py:588} INFO - Filling up the DagBag from /opt/airflow/dags/driven_data_pipeline.py
[2025-07-03T01:22:21.390+0000] {processor.py:925} INFO - DAG(s) 'extract_raw_data_pipeline' retrieved from /opt/airflow/dags/driven_data_pipeline.py
[2025-07-03T01:22:21.420+0000] {logging_mixin.py:190} INFO - [2025-07-03T01:22:21.420+0000] {dag.py:3239} INFO - Sync 1 DAGs
[2025-07-03T01:22:21.449+0000] {logging_mixin.py:190} INFO - [2025-07-03T01:22:21.449+0000] {dag.py:4180} INFO - Setting next_dagrun for extract_raw_data_pipeline to 2025-07-02 07:59:00+00:00, run_after=2025-07-03 07:00:00+00:00
[2025-07-03T01:22:21.478+0000] {processor.py:208} INFO - Processing /opt/airflow/dags/driven_data_pipeline.py took 0.743 seconds
[2025-07-03T01:22:51.591+0000] {processor.py:186} INFO - Started process (PID=245) to work on /opt/airflow/dags/driven_data_pipeline.py
[2025-07-03T01:22:51.593+0000] {processor.py:914} INFO - Processing file /opt/airflow/dags/driven_data_pipeline.py for tasks to queue
[2025-07-03T01:22:51.597+0000] {logging_mixin.py:190} INFO - [2025-07-03T01:22:51.597+0000] {dagbag.py:588} INFO - Filling up the DagBag from /opt/airflow/dags/driven_data_pipeline.py
[2025-07-03T01:22:52.254+0000] {processor.py:925} INFO - DAG(s) 'extract_raw_data_pipeline' retrieved from /opt/airflow/dags/driven_data_pipeline.py
[2025-07-03T01:22:52.295+0000] {logging_mixin.py:190} INFO - [2025-07-03T01:22:52.295+0000] {dag.py:3239} INFO - Sync 1 DAGs
[2025-07-03T01:22:52.325+0000] {logging_mixin.py:190} INFO - [2025-07-03T01:22:52.325+0000] {dag.py:4180} INFO - Setting next_dagrun for extract_raw_data_pipeline to 2025-07-02 07:59:00+00:00, run_after=2025-07-03 07:00:00+00:00
[2025-07-03T01:22:52.350+0000] {processor.py:208} INFO - Processing /opt/airflow/dags/driven_data_pipeline.py took 0.769 seconds
[2025-07-03T01:23:22.757+0000] {processor.py:186} INFO - Started process (PID=253) to work on /opt/airflow/dags/driven_data_pipeline.py
[2025-07-03T01:23:22.762+0000] {processor.py:914} INFO - Processing file /opt/airflow/dags/driven_data_pipeline.py for tasks to queue
[2025-07-03T01:23:22.767+0000] {logging_mixin.py:190} INFO - [2025-07-03T01:23:22.766+0000] {dagbag.py:588} INFO - Filling up the DagBag from /opt/airflow/dags/driven_data_pipeline.py
[2025-07-03T01:23:23.495+0000] {processor.py:925} INFO - DAG(s) 'extract_raw_data_pipeline' retrieved from /opt/airflow/dags/driven_data_pipeline.py
[2025-07-03T01:23:23.535+0000] {logging_mixin.py:190} INFO - [2025-07-03T01:23:23.534+0000] {dag.py:3239} INFO - Sync 1 DAGs
[2025-07-03T01:23:23.567+0000] {logging_mixin.py:190} INFO - [2025-07-03T01:23:23.567+0000] {dag.py:4180} INFO - Setting next_dagrun for extract_raw_data_pipeline to 2025-07-02 07:59:00+00:00, run_after=2025-07-03 07:00:00+00:00
[2025-07-03T01:23:23.592+0000] {processor.py:208} INFO - Processing /opt/airflow/dags/driven_data_pipeline.py took 0.855 seconds
[2025-07-03T01:23:54.067+0000] {processor.py:186} INFO - Started process (PID=261) to work on /opt/airflow/dags/driven_data_pipeline.py
[2025-07-03T01:23:54.070+0000] {processor.py:914} INFO - Processing file /opt/airflow/dags/driven_data_pipeline.py for tasks to queue
[2025-07-03T01:23:54.074+0000] {logging_mixin.py:190} INFO - [2025-07-03T01:23:54.074+0000] {dagbag.py:588} INFO - Filling up the DagBag from /opt/airflow/dags/driven_data_pipeline.py
[2025-07-03T01:23:54.967+0000] {processor.py:925} INFO - DAG(s) 'extract_raw_data_pipeline' retrieved from /opt/airflow/dags/driven_data_pipeline.py
[2025-07-03T01:23:55.038+0000] {logging_mixin.py:190} INFO - [2025-07-03T01:23:55.038+0000] {dag.py:3239} INFO - Sync 1 DAGs
[2025-07-03T01:23:55.102+0000] {logging_mixin.py:190} INFO - [2025-07-03T01:23:55.101+0000] {dag.py:4180} INFO - Setting next_dagrun for extract_raw_data_pipeline to 2025-07-02 07:59:00+00:00, run_after=2025-07-03 07:00:00+00:00
[2025-07-03T01:23:55.140+0000] {processor.py:208} INFO - Processing /opt/airflow/dags/driven_data_pipeline.py took 1.084 seconds
[2025-07-03T01:24:25.363+0000] {processor.py:186} INFO - Started process (PID=269) to work on /opt/airflow/dags/driven_data_pipeline.py
[2025-07-03T01:24:25.365+0000] {processor.py:914} INFO - Processing file /opt/airflow/dags/driven_data_pipeline.py for tasks to queue
[2025-07-03T01:24:25.370+0000] {logging_mixin.py:190} INFO - [2025-07-03T01:24:25.368+0000] {dagbag.py:588} INFO - Filling up the DagBag from /opt/airflow/dags/driven_data_pipeline.py
[2025-07-03T01:24:25.978+0000] {processor.py:925} INFO - DAG(s) 'extract_raw_data_pipeline' retrieved from /opt/airflow/dags/driven_data_pipeline.py
[2025-07-03T01:24:26.012+0000] {logging_mixin.py:190} INFO - [2025-07-03T01:24:26.011+0000] {dag.py:3239} INFO - Sync 1 DAGs
[2025-07-03T01:24:26.043+0000] {logging_mixin.py:190} INFO - [2025-07-03T01:24:26.043+0000] {dag.py:4180} INFO - Setting next_dagrun for extract_raw_data_pipeline to 2025-07-02 07:59:00+00:00, run_after=2025-07-03 07:00:00+00:00
[2025-07-03T01:24:26.070+0000] {processor.py:208} INFO - Processing /opt/airflow/dags/driven_data_pipeline.py took 0.716 seconds
[2025-07-03T01:24:56.493+0000] {processor.py:186} INFO - Started process (PID=277) to work on /opt/airflow/dags/driven_data_pipeline.py
[2025-07-03T01:24:56.495+0000] {processor.py:914} INFO - Processing file /opt/airflow/dags/driven_data_pipeline.py for tasks to queue
[2025-07-03T01:24:56.501+0000] {logging_mixin.py:190} INFO - [2025-07-03T01:24:56.500+0000] {dagbag.py:588} INFO - Filling up the DagBag from /opt/airflow/dags/driven_data_pipeline.py
[2025-07-03T01:24:57.921+0000] {processor.py:925} INFO - DAG(s) 'extract_raw_data_pipeline' retrieved from /opt/airflow/dags/driven_data_pipeline.py
[2025-07-03T01:24:58.013+0000] {logging_mixin.py:190} INFO - [2025-07-03T01:24:58.013+0000] {dag.py:3239} INFO - Sync 1 DAGs
[2025-07-03T01:24:58.046+0000] {logging_mixin.py:190} INFO - [2025-07-03T01:24:58.046+0000] {dag.py:4180} INFO - Setting next_dagrun for extract_raw_data_pipeline to 2025-07-02 07:59:00+00:00, run_after=2025-07-03 07:00:00+00:00
[2025-07-03T01:24:58.076+0000] {processor.py:208} INFO - Processing /opt/airflow/dags/driven_data_pipeline.py took 1.594 seconds
[2025-07-03T01:25:28.264+0000] {processor.py:186} INFO - Started process (PID=285) to work on /opt/airflow/dags/driven_data_pipeline.py
[2025-07-03T01:25:28.266+0000] {processor.py:914} INFO - Processing file /opt/airflow/dags/driven_data_pipeline.py for tasks to queue
[2025-07-03T01:25:28.271+0000] {logging_mixin.py:190} INFO - [2025-07-03T01:25:28.270+0000] {dagbag.py:588} INFO - Filling up the DagBag from /opt/airflow/dags/driven_data_pipeline.py
[2025-07-03T01:25:28.937+0000] {processor.py:925} INFO - DAG(s) 'extract_raw_data_pipeline' retrieved from /opt/airflow/dags/driven_data_pipeline.py
[2025-07-03T01:25:28.971+0000] {logging_mixin.py:190} INFO - [2025-07-03T01:25:28.971+0000] {dag.py:3239} INFO - Sync 1 DAGs
[2025-07-03T01:25:29.002+0000] {logging_mixin.py:190} INFO - [2025-07-03T01:25:29.001+0000] {dag.py:4180} INFO - Setting next_dagrun for extract_raw_data_pipeline to 2025-07-02 07:59:00+00:00, run_after=2025-07-03 07:00:00+00:00
[2025-07-03T01:25:29.030+0000] {processor.py:208} INFO - Processing /opt/airflow/dags/driven_data_pipeline.py took 0.776 seconds
[2025-07-03T01:25:59.422+0000] {processor.py:186} INFO - Started process (PID=293) to work on /opt/airflow/dags/driven_data_pipeline.py
[2025-07-03T01:25:59.425+0000] {processor.py:914} INFO - Processing file /opt/airflow/dags/driven_data_pipeline.py for tasks to queue
[2025-07-03T01:25:59.430+0000] {logging_mixin.py:190} INFO - [2025-07-03T01:25:59.429+0000] {dagbag.py:588} INFO - Filling up the DagBag from /opt/airflow/dags/driven_data_pipeline.py
[2025-07-03T01:26:00.169+0000] {processor.py:925} INFO - DAG(s) 'extract_raw_data_pipeline' retrieved from /opt/airflow/dags/driven_data_pipeline.py
[2025-07-03T01:26:00.235+0000] {logging_mixin.py:190} INFO - [2025-07-03T01:26:00.235+0000] {dag.py:3239} INFO - Sync 1 DAGs
[2025-07-03T01:26:00.272+0000] {logging_mixin.py:190} INFO - [2025-07-03T01:26:00.272+0000] {dag.py:4180} INFO - Setting next_dagrun for extract_raw_data_pipeline to 2025-07-02 07:59:00+00:00, run_after=2025-07-03 07:00:00+00:00
[2025-07-03T01:26:00.302+0000] {processor.py:208} INFO - Processing /opt/airflow/dags/driven_data_pipeline.py took 0.890 seconds
[2025-07-03T01:26:30.713+0000] {processor.py:186} INFO - Started process (PID=301) to work on /opt/airflow/dags/driven_data_pipeline.py
[2025-07-03T01:26:30.715+0000] {processor.py:914} INFO - Processing file /opt/airflow/dags/driven_data_pipeline.py for tasks to queue
[2025-07-03T01:26:30.720+0000] {logging_mixin.py:190} INFO - [2025-07-03T01:26:30.719+0000] {dagbag.py:588} INFO - Filling up the DagBag from /opt/airflow/dags/driven_data_pipeline.py
[2025-07-03T01:26:31.544+0000] {processor.py:925} INFO - DAG(s) 'extract_raw_data_pipeline' retrieved from /opt/airflow/dags/driven_data_pipeline.py
[2025-07-03T01:26:31.576+0000] {logging_mixin.py:190} INFO - [2025-07-03T01:26:31.576+0000] {dag.py:3239} INFO - Sync 1 DAGs
[2025-07-03T01:26:31.604+0000] {logging_mixin.py:190} INFO - [2025-07-03T01:26:31.604+0000] {dag.py:4180} INFO - Setting next_dagrun for extract_raw_data_pipeline to 2025-07-02 07:59:00+00:00, run_after=2025-07-03 07:00:00+00:00
[2025-07-03T01:26:31.629+0000] {processor.py:208} INFO - Processing /opt/airflow/dags/driven_data_pipeline.py took 0.927 seconds
[2025-07-03T01:27:02.019+0000] {processor.py:186} INFO - Started process (PID=309) to work on /opt/airflow/dags/driven_data_pipeline.py
[2025-07-03T01:27:02.021+0000] {processor.py:914} INFO - Processing file /opt/airflow/dags/driven_data_pipeline.py for tasks to queue
[2025-07-03T01:27:02.026+0000] {logging_mixin.py:190} INFO - [2025-07-03T01:27:02.026+0000] {dagbag.py:588} INFO - Filling up the DagBag from /opt/airflow/dags/driven_data_pipeline.py
[2025-07-03T01:27:02.722+0000] {processor.py:925} INFO - DAG(s) 'extract_raw_data_pipeline' retrieved from /opt/airflow/dags/driven_data_pipeline.py
[2025-07-03T01:27:02.760+0000] {logging_mixin.py:190} INFO - [2025-07-03T01:27:02.760+0000] {dag.py:3239} INFO - Sync 1 DAGs
[2025-07-03T01:27:02.789+0000] {logging_mixin.py:190} INFO - [2025-07-03T01:27:02.789+0000] {dag.py:4180} INFO - Setting next_dagrun for extract_raw_data_pipeline to 2025-07-02 07:59:00+00:00, run_after=2025-07-03 07:00:00+00:00
[2025-07-03T01:27:02.816+0000] {processor.py:208} INFO - Processing /opt/airflow/dags/driven_data_pipeline.py took 0.808 seconds
[2025-07-03T01:27:32.942+0000] {processor.py:186} INFO - Started process (PID=317) to work on /opt/airflow/dags/driven_data_pipeline.py
[2025-07-03T01:27:32.944+0000] {processor.py:914} INFO - Processing file /opt/airflow/dags/driven_data_pipeline.py for tasks to queue
[2025-07-03T01:27:32.948+0000] {logging_mixin.py:190} INFO - [2025-07-03T01:27:32.947+0000] {dagbag.py:588} INFO - Filling up the DagBag from /opt/airflow/dags/driven_data_pipeline.py
[2025-07-03T01:27:33.548+0000] {processor.py:925} INFO - DAG(s) 'extract_raw_data_pipeline' retrieved from /opt/airflow/dags/driven_data_pipeline.py
[2025-07-03T01:27:33.585+0000] {logging_mixin.py:190} INFO - [2025-07-03T01:27:33.585+0000] {dag.py:3239} INFO - Sync 1 DAGs
[2025-07-03T01:27:33.617+0000] {logging_mixin.py:190} INFO - [2025-07-03T01:27:33.617+0000] {dag.py:4180} INFO - Setting next_dagrun for extract_raw_data_pipeline to 2025-07-02 07:59:00+00:00, run_after=2025-07-03 07:00:00+00:00
[2025-07-03T01:27:33.645+0000] {processor.py:208} INFO - Processing /opt/airflow/dags/driven_data_pipeline.py took 0.716 seconds
[2025-07-03T01:28:04.108+0000] {processor.py:186} INFO - Started process (PID=325) to work on /opt/airflow/dags/driven_data_pipeline.py
[2025-07-03T01:28:04.111+0000] {processor.py:914} INFO - Processing file /opt/airflow/dags/driven_data_pipeline.py for tasks to queue
[2025-07-03T01:28:04.116+0000] {logging_mixin.py:190} INFO - [2025-07-03T01:28:04.115+0000] {dagbag.py:588} INFO - Filling up the DagBag from /opt/airflow/dags/driven_data_pipeline.py
[2025-07-03T01:28:04.675+0000] {processor.py:925} INFO - DAG(s) 'extract_raw_data_pipeline' retrieved from /opt/airflow/dags/driven_data_pipeline.py
[2025-07-03T01:28:04.718+0000] {logging_mixin.py:190} INFO - [2025-07-03T01:28:04.717+0000] {dag.py:3239} INFO - Sync 1 DAGs
[2025-07-03T01:28:04.747+0000] {logging_mixin.py:190} INFO - [2025-07-03T01:28:04.747+0000] {dag.py:4180} INFO - Setting next_dagrun for extract_raw_data_pipeline to 2025-07-02 07:59:00+00:00, run_after=2025-07-03 07:00:00+00:00
[2025-07-03T01:28:04.783+0000] {processor.py:208} INFO - Processing /opt/airflow/dags/driven_data_pipeline.py took 0.683 seconds
[2025-07-03T01:28:34.990+0000] {processor.py:186} INFO - Started process (PID=333) to work on /opt/airflow/dags/driven_data_pipeline.py
[2025-07-03T01:28:34.992+0000] {processor.py:914} INFO - Processing file /opt/airflow/dags/driven_data_pipeline.py for tasks to queue
[2025-07-03T01:28:35.005+0000] {logging_mixin.py:190} INFO - [2025-07-03T01:28:35.003+0000] {dagbag.py:588} INFO - Filling up the DagBag from /opt/airflow/dags/driven_data_pipeline.py
[2025-07-03T01:28:35.945+0000] {processor.py:925} INFO - DAG(s) 'extract_raw_data_pipeline' retrieved from /opt/airflow/dags/driven_data_pipeline.py
[2025-07-03T01:28:35.998+0000] {logging_mixin.py:190} INFO - [2025-07-03T01:28:35.998+0000] {dag.py:3239} INFO - Sync 1 DAGs
[2025-07-03T01:28:36.073+0000] {logging_mixin.py:190} INFO - [2025-07-03T01:28:36.073+0000] {dag.py:4180} INFO - Setting next_dagrun for extract_raw_data_pipeline to 2025-07-02 07:59:00+00:00, run_after=2025-07-03 07:00:00+00:00
[2025-07-03T01:28:36.095+0000] {processor.py:208} INFO - Processing /opt/airflow/dags/driven_data_pipeline.py took 1.118 seconds
[2025-07-03T01:29:06.404+0000] {processor.py:186} INFO - Started process (PID=341) to work on /opt/airflow/dags/driven_data_pipeline.py
[2025-07-03T01:29:06.406+0000] {processor.py:914} INFO - Processing file /opt/airflow/dags/driven_data_pipeline.py for tasks to queue
[2025-07-03T01:29:06.412+0000] {logging_mixin.py:190} INFO - [2025-07-03T01:29:06.412+0000] {dagbag.py:588} INFO - Filling up the DagBag from /opt/airflow/dags/driven_data_pipeline.py
[2025-07-03T01:29:07.172+0000] {processor.py:925} INFO - DAG(s) 'extract_raw_data_pipeline' retrieved from /opt/airflow/dags/driven_data_pipeline.py
[2025-07-03T01:29:07.209+0000] {logging_mixin.py:190} INFO - [2025-07-03T01:29:07.209+0000] {dag.py:3239} INFO - Sync 1 DAGs
[2025-07-03T01:29:07.240+0000] {logging_mixin.py:190} INFO - [2025-07-03T01:29:07.239+0000] {dag.py:4180} INFO - Setting next_dagrun for extract_raw_data_pipeline to 2025-07-02 07:59:00+00:00, run_after=2025-07-03 07:00:00+00:00
[2025-07-03T01:29:07.268+0000] {processor.py:208} INFO - Processing /opt/airflow/dags/driven_data_pipeline.py took 0.879 seconds
[2025-07-03T01:29:37.709+0000] {processor.py:186} INFO - Started process (PID=349) to work on /opt/airflow/dags/driven_data_pipeline.py
[2025-07-03T01:29:37.711+0000] {processor.py:914} INFO - Processing file /opt/airflow/dags/driven_data_pipeline.py for tasks to queue
[2025-07-03T01:29:37.714+0000] {logging_mixin.py:190} INFO - [2025-07-03T01:29:37.714+0000] {dagbag.py:588} INFO - Filling up the DagBag from /opt/airflow/dags/driven_data_pipeline.py
[2025-07-03T01:29:38.363+0000] {processor.py:925} INFO - DAG(s) 'extract_raw_data_pipeline' retrieved from /opt/airflow/dags/driven_data_pipeline.py
[2025-07-03T01:29:38.399+0000] {logging_mixin.py:190} INFO - [2025-07-03T01:29:38.398+0000] {dag.py:3239} INFO - Sync 1 DAGs
[2025-07-03T01:29:38.427+0000] {logging_mixin.py:190} INFO - [2025-07-03T01:29:38.427+0000] {dag.py:4180} INFO - Setting next_dagrun for extract_raw_data_pipeline to 2025-07-02 07:59:00+00:00, run_after=2025-07-03 07:00:00+00:00
[2025-07-03T01:29:38.456+0000] {processor.py:208} INFO - Processing /opt/airflow/dags/driven_data_pipeline.py took 0.757 seconds
[2025-07-03T01:30:08.911+0000] {processor.py:186} INFO - Started process (PID=357) to work on /opt/airflow/dags/driven_data_pipeline.py
[2025-07-03T01:30:08.916+0000] {processor.py:914} INFO - Processing file /opt/airflow/dags/driven_data_pipeline.py for tasks to queue
[2025-07-03T01:30:08.923+0000] {logging_mixin.py:190} INFO - [2025-07-03T01:30:08.922+0000] {dagbag.py:588} INFO - Filling up the DagBag from /opt/airflow/dags/driven_data_pipeline.py
[2025-07-03T01:30:10.332+0000] {processor.py:925} INFO - DAG(s) 'extract_raw_data_pipeline' retrieved from /opt/airflow/dags/driven_data_pipeline.py
[2025-07-03T01:30:10.396+0000] {logging_mixin.py:190} INFO - [2025-07-03T01:30:10.396+0000] {dag.py:3239} INFO - Sync 1 DAGs
[2025-07-03T01:30:10.426+0000] {logging_mixin.py:190} INFO - [2025-07-03T01:30:10.426+0000] {dag.py:4180} INFO - Setting next_dagrun for extract_raw_data_pipeline to 2025-07-02 07:59:00+00:00, run_after=2025-07-03 07:00:00+00:00
[2025-07-03T01:30:10.458+0000] {processor.py:208} INFO - Processing /opt/airflow/dags/driven_data_pipeline.py took 1.565 seconds
[2025-07-03T01:30:40.894+0000] {processor.py:186} INFO - Started process (PID=365) to work on /opt/airflow/dags/driven_data_pipeline.py
[2025-07-03T01:30:40.895+0000] {processor.py:914} INFO - Processing file /opt/airflow/dags/driven_data_pipeline.py for tasks to queue
[2025-07-03T01:30:40.902+0000] {logging_mixin.py:190} INFO - [2025-07-03T01:30:40.901+0000] {dagbag.py:588} INFO - Filling up the DagBag from /opt/airflow/dags/driven_data_pipeline.py
[2025-07-03T01:30:41.279+0000] {processor.py:925} INFO - DAG(s) 'extract_raw_data_pipeline' retrieved from /opt/airflow/dags/driven_data_pipeline.py
[2025-07-03T01:30:41.320+0000] {logging_mixin.py:190} INFO - [2025-07-03T01:30:41.319+0000] {dag.py:3239} INFO - Sync 1 DAGs
[2025-07-03T01:30:41.364+0000] {logging_mixin.py:190} INFO - [2025-07-03T01:30:41.364+0000] {dag.py:4180} INFO - Setting next_dagrun for extract_raw_data_pipeline to 2025-07-02 07:59:00+00:00, run_after=2025-07-03 07:00:00+00:00
[2025-07-03T01:30:41.395+0000] {processor.py:208} INFO - Processing /opt/airflow/dags/driven_data_pipeline.py took 0.511 seconds
[2025-07-03T01:30:41.954+0000] {processor.py:186} INFO - Started process (PID=373) to work on /opt/airflow/dags/driven_data_pipeline.py
[2025-07-03T01:30:41.956+0000] {processor.py:914} INFO - Processing file /opt/airflow/dags/driven_data_pipeline.py for tasks to queue
[2025-07-03T01:30:41.960+0000] {logging_mixin.py:190} INFO - [2025-07-03T01:30:41.959+0000] {dagbag.py:588} INFO - Filling up the DagBag from /opt/airflow/dags/driven_data_pipeline.py
[2025-07-03T01:30:42.320+0000] {processor.py:925} INFO - DAG(s) 'extract_raw_data_pipeline' retrieved from /opt/airflow/dags/driven_data_pipeline.py
[2025-07-03T01:30:42.944+0000] {logging_mixin.py:190} INFO - [2025-07-03T01:30:42.944+0000] {dag.py:3239} INFO - Sync 1 DAGs
[2025-07-03T01:30:42.981+0000] {logging_mixin.py:190} INFO - [2025-07-03T01:30:42.980+0000] {dag.py:4180} INFO - Setting next_dagrun for extract_raw_data_pipeline to 2025-07-02 07:59:00+00:00, run_after=2025-07-03 07:00:00+00:00
[2025-07-03T01:30:43.035+0000] {processor.py:208} INFO - Processing /opt/airflow/dags/driven_data_pipeline.py took 1.090 seconds
[2025-07-03T01:31:13.299+0000] {processor.py:186} INFO - Started process (PID=381) to work on /opt/airflow/dags/driven_data_pipeline.py
[2025-07-03T01:31:13.301+0000] {processor.py:914} INFO - Processing file /opt/airflow/dags/driven_data_pipeline.py for tasks to queue
[2025-07-03T01:31:13.305+0000] {logging_mixin.py:190} INFO - [2025-07-03T01:31:13.304+0000] {dagbag.py:588} INFO - Filling up the DagBag from /opt/airflow/dags/driven_data_pipeline.py
[2025-07-03T01:31:13.788+0000] {processor.py:925} INFO - DAG(s) 'extract_raw_data_pipeline' retrieved from /opt/airflow/dags/driven_data_pipeline.py
[2025-07-03T01:31:13.826+0000] {logging_mixin.py:190} INFO - [2025-07-03T01:31:13.826+0000] {dag.py:3239} INFO - Sync 1 DAGs
[2025-07-03T01:31:13.860+0000] {logging_mixin.py:190} INFO - [2025-07-03T01:31:13.859+0000] {dag.py:4180} INFO - Setting next_dagrun for extract_raw_data_pipeline to 2025-07-02 07:59:00+00:00, run_after=2025-07-03 07:00:00+00:00
[2025-07-03T01:31:13.887+0000] {processor.py:208} INFO - Processing /opt/airflow/dags/driven_data_pipeline.py took 0.597 seconds
[2025-07-03T01:31:44.290+0000] {processor.py:186} INFO - Started process (PID=389) to work on /opt/airflow/dags/driven_data_pipeline.py
[2025-07-03T01:31:44.292+0000] {processor.py:914} INFO - Processing file /opt/airflow/dags/driven_data_pipeline.py for tasks to queue
[2025-07-03T01:31:44.296+0000] {logging_mixin.py:190} INFO - [2025-07-03T01:31:44.295+0000] {dagbag.py:588} INFO - Filling up the DagBag from /opt/airflow/dags/driven_data_pipeline.py
[2025-07-03T01:31:44.651+0000] {processor.py:925} INFO - DAG(s) 'extract_raw_data_pipeline' retrieved from /opt/airflow/dags/driven_data_pipeline.py
[2025-07-03T01:31:44.697+0000] {logging_mixin.py:190} INFO - [2025-07-03T01:31:44.697+0000] {dag.py:3239} INFO - Sync 1 DAGs
[2025-07-03T01:31:44.731+0000] {logging_mixin.py:190} INFO - [2025-07-03T01:31:44.731+0000] {dag.py:4180} INFO - Setting next_dagrun for extract_raw_data_pipeline to 2025-07-02 07:59:00+00:00, run_after=2025-07-03 07:00:00+00:00
[2025-07-03T01:31:44.763+0000] {processor.py:208} INFO - Processing /opt/airflow/dags/driven_data_pipeline.py took 0.483 seconds
[2025-07-03T01:32:15.165+0000] {processor.py:186} INFO - Started process (PID=397) to work on /opt/airflow/dags/driven_data_pipeline.py
[2025-07-03T01:32:15.167+0000] {processor.py:914} INFO - Processing file /opt/airflow/dags/driven_data_pipeline.py for tasks to queue
[2025-07-03T01:32:15.171+0000] {logging_mixin.py:190} INFO - [2025-07-03T01:32:15.171+0000] {dagbag.py:588} INFO - Filling up the DagBag from /opt/airflow/dags/driven_data_pipeline.py
[2025-07-03T01:32:15.522+0000] {processor.py:925} INFO - DAG(s) 'extract_raw_data_pipeline' retrieved from /opt/airflow/dags/driven_data_pipeline.py
[2025-07-03T01:32:15.564+0000] {logging_mixin.py:190} INFO - [2025-07-03T01:32:15.563+0000] {dag.py:3239} INFO - Sync 1 DAGs
[2025-07-03T01:32:15.602+0000] {logging_mixin.py:190} INFO - [2025-07-03T01:32:15.601+0000] {dag.py:4180} INFO - Setting next_dagrun for extract_raw_data_pipeline to 2025-07-02 07:59:00+00:00, run_after=2025-07-03 07:00:00+00:00
[2025-07-03T01:32:15.635+0000] {processor.py:208} INFO - Processing /opt/airflow/dags/driven_data_pipeline.py took 0.478 seconds
[2025-07-03T01:32:45.967+0000] {processor.py:186} INFO - Started process (PID=405) to work on /opt/airflow/dags/driven_data_pipeline.py
[2025-07-03T01:32:45.969+0000] {processor.py:914} INFO - Processing file /opt/airflow/dags/driven_data_pipeline.py for tasks to queue
[2025-07-03T01:32:45.973+0000] {logging_mixin.py:190} INFO - [2025-07-03T01:32:45.973+0000] {dagbag.py:588} INFO - Filling up the DagBag from /opt/airflow/dags/driven_data_pipeline.py
[2025-07-03T01:32:46.321+0000] {processor.py:925} INFO - DAG(s) 'extract_raw_data_pipeline' retrieved from /opt/airflow/dags/driven_data_pipeline.py
[2025-07-03T01:32:46.362+0000] {logging_mixin.py:190} INFO - [2025-07-03T01:32:46.361+0000] {dag.py:3239} INFO - Sync 1 DAGs
[2025-07-03T01:32:46.395+0000] {logging_mixin.py:190} INFO - [2025-07-03T01:32:46.395+0000] {dag.py:4180} INFO - Setting next_dagrun for extract_raw_data_pipeline to 2025-07-02 07:59:00+00:00, run_after=2025-07-03 07:00:00+00:00
[2025-07-03T01:32:46.422+0000] {processor.py:208} INFO - Processing /opt/airflow/dags/driven_data_pipeline.py took 0.465 seconds
[2025-07-03T01:35:47.638+0000] {processor.py:186} INFO - Started process (PID=94) to work on /opt/airflow/dags/driven_data_pipeline.py
[2025-07-03T01:35:47.643+0000] {processor.py:914} INFO - Processing file /opt/airflow/dags/driven_data_pipeline.py for tasks to queue
[2025-07-03T01:35:47.661+0000] {logging_mixin.py:190} INFO - [2025-07-03T01:35:47.659+0000] {dagbag.py:588} INFO - Filling up the DagBag from /opt/airflow/dags/driven_data_pipeline.py
[2025-07-03T01:35:48.820+0000] {processor.py:925} INFO - DAG(s) 'extract_raw_data_pipeline' retrieved from /opt/airflow/dags/driven_data_pipeline.py
[2025-07-03T01:35:49.362+0000] {logging_mixin.py:190} INFO - [2025-07-03T01:35:49.351+0000] {override.py:1900} INFO - Created Permission View: can delete on DAG:extract_raw_data_pipeline
[2025-07-03T01:35:49.389+0000] {logging_mixin.py:190} INFO - [2025-07-03T01:35:49.388+0000] {override.py:1900} INFO - Created Permission View: can read on DAG:extract_raw_data_pipeline
[2025-07-03T01:35:49.402+0000] {logging_mixin.py:190} INFO - [2025-07-03T01:35:49.401+0000] {override.py:1900} INFO - Created Permission View: can edit on DAG:extract_raw_data_pipeline
[2025-07-03T01:35:49.415+0000] {logging_mixin.py:190} INFO - [2025-07-03T01:35:49.415+0000] {override.py:1900} INFO - Created Permission View: menu access on DAG Run:extract_raw_data_pipeline
[2025-07-03T01:35:49.429+0000] {logging_mixin.py:190} INFO - [2025-07-03T01:35:49.428+0000] {override.py:1900} INFO - Created Permission View: can create on DAG Run:extract_raw_data_pipeline
[2025-07-03T01:35:49.442+0000] {logging_mixin.py:190} INFO - [2025-07-03T01:35:49.441+0000] {override.py:1900} INFO - Created Permission View: can read on DAG Run:extract_raw_data_pipeline
[2025-07-03T01:35:49.457+0000] {logging_mixin.py:190} INFO - [2025-07-03T01:35:49.457+0000] {override.py:1900} INFO - Created Permission View: can delete on DAG Run:extract_raw_data_pipeline
[2025-07-03T01:35:49.459+0000] {logging_mixin.py:190} INFO - [2025-07-03T01:35:49.459+0000] {dag.py:3239} INFO - Sync 1 DAGs
[2025-07-03T01:35:49.482+0000] {logging_mixin.py:190} INFO - [2025-07-03T01:35:49.481+0000] {dag.py:3262} INFO - Creating ORM DAG for extract_raw_data_pipeline
[2025-07-03T01:35:49.502+0000] {logging_mixin.py:190} INFO - [2025-07-03T01:35:49.501+0000] {dag.py:4180} INFO - Setting next_dagrun for extract_raw_data_pipeline to 2025-07-02 07:58:00+00:00, run_after=2025-07-02 07:59:00+00:00
[2025-07-03T01:35:49.537+0000] {processor.py:208} INFO - Processing /opt/airflow/dags/driven_data_pipeline.py took 1.927 seconds
[2025-07-03T01:36:20.016+0000] {processor.py:186} INFO - Started process (PID=103) to work on /opt/airflow/dags/driven_data_pipeline.py
[2025-07-03T01:36:20.018+0000] {processor.py:914} INFO - Processing file /opt/airflow/dags/driven_data_pipeline.py for tasks to queue
[2025-07-03T01:36:20.025+0000] {logging_mixin.py:190} INFO - [2025-07-03T01:36:20.025+0000] {dagbag.py:588} INFO - Filling up the DagBag from /opt/airflow/dags/driven_data_pipeline.py
[2025-07-03T01:36:20.955+0000] {processor.py:925} INFO - DAG(s) 'extract_raw_data_pipeline' retrieved from /opt/airflow/dags/driven_data_pipeline.py
[2025-07-03T01:36:21.037+0000] {logging_mixin.py:190} INFO - [2025-07-03T01:36:21.037+0000] {dag.py:3239} INFO - Sync 1 DAGs
[2025-07-03T01:36:21.065+0000] {logging_mixin.py:190} INFO - [2025-07-03T01:36:21.065+0000] {dag.py:4180} INFO - Setting next_dagrun for extract_raw_data_pipeline to 2025-07-02 07:58:00+00:00, run_after=2025-07-02 07:59:00+00:00
[2025-07-03T01:36:21.091+0000] {processor.py:208} INFO - Processing /opt/airflow/dags/driven_data_pipeline.py took 1.085 seconds
[2025-07-03T01:36:51.453+0000] {processor.py:186} INFO - Started process (PID=111) to work on /opt/airflow/dags/driven_data_pipeline.py
[2025-07-03T01:36:51.455+0000] {processor.py:914} INFO - Processing file /opt/airflow/dags/driven_data_pipeline.py for tasks to queue
[2025-07-03T01:36:51.460+0000] {logging_mixin.py:190} INFO - [2025-07-03T01:36:51.459+0000] {dagbag.py:588} INFO - Filling up the DagBag from /opt/airflow/dags/driven_data_pipeline.py
[2025-07-03T01:36:52.063+0000] {processor.py:925} INFO - DAG(s) 'extract_raw_data_pipeline' retrieved from /opt/airflow/dags/driven_data_pipeline.py
[2025-07-03T01:36:52.093+0000] {logging_mixin.py:190} INFO - [2025-07-03T01:36:52.093+0000] {dag.py:3239} INFO - Sync 1 DAGs
[2025-07-03T01:36:52.123+0000] {logging_mixin.py:190} INFO - [2025-07-03T01:36:52.122+0000] {dag.py:4180} INFO - Setting next_dagrun for extract_raw_data_pipeline to 2025-07-02 07:58:00+00:00, run_after=2025-07-02 07:59:00+00:00
[2025-07-03T01:36:52.150+0000] {processor.py:208} INFO - Processing /opt/airflow/dags/driven_data_pipeline.py took 0.706 seconds
[2025-07-03T01:37:22.560+0000] {processor.py:186} INFO - Started process (PID=119) to work on /opt/airflow/dags/driven_data_pipeline.py
[2025-07-03T01:37:22.564+0000] {processor.py:914} INFO - Processing file /opt/airflow/dags/driven_data_pipeline.py for tasks to queue
[2025-07-03T01:37:22.571+0000] {logging_mixin.py:190} INFO - [2025-07-03T01:37:22.570+0000] {dagbag.py:588} INFO - Filling up the DagBag from /opt/airflow/dags/driven_data_pipeline.py
[2025-07-03T01:37:23.157+0000] {processor.py:925} INFO - DAG(s) 'extract_raw_data_pipeline' retrieved from /opt/airflow/dags/driven_data_pipeline.py
[2025-07-03T01:37:23.194+0000] {logging_mixin.py:190} INFO - [2025-07-03T01:37:23.194+0000] {dag.py:3239} INFO - Sync 1 DAGs
[2025-07-03T01:37:23.223+0000] {logging_mixin.py:190} INFO - [2025-07-03T01:37:23.223+0000] {dag.py:4180} INFO - Setting next_dagrun for extract_raw_data_pipeline to 2025-07-02 07:58:00+00:00, run_after=2025-07-02 07:59:00+00:00
[2025-07-03T01:37:23.247+0000] {processor.py:208} INFO - Processing /opt/airflow/dags/driven_data_pipeline.py took 0.708 seconds
[2025-07-03T01:37:53.702+0000] {processor.py:186} INFO - Started process (PID=127) to work on /opt/airflow/dags/driven_data_pipeline.py
[2025-07-03T01:37:53.704+0000] {processor.py:914} INFO - Processing file /opt/airflow/dags/driven_data_pipeline.py for tasks to queue
[2025-07-03T01:37:53.709+0000] {logging_mixin.py:190} INFO - [2025-07-03T01:37:53.709+0000] {dagbag.py:588} INFO - Filling up the DagBag from /opt/airflow/dags/driven_data_pipeline.py
[2025-07-03T01:37:54.360+0000] {processor.py:925} INFO - DAG(s) 'extract_raw_data_pipeline' retrieved from /opt/airflow/dags/driven_data_pipeline.py
[2025-07-03T01:37:54.402+0000] {logging_mixin.py:190} INFO - [2025-07-03T01:37:54.401+0000] {dag.py:3239} INFO - Sync 1 DAGs
[2025-07-03T01:37:54.435+0000] {logging_mixin.py:190} INFO - [2025-07-03T01:37:54.435+0000] {dag.py:4180} INFO - Setting next_dagrun for extract_raw_data_pipeline to 2025-07-02 07:58:00+00:00, run_after=2025-07-02 07:59:00+00:00
[2025-07-03T01:37:54.465+0000] {processor.py:208} INFO - Processing /opt/airflow/dags/driven_data_pipeline.py took 0.773 seconds
[2025-07-03T01:38:24.882+0000] {processor.py:186} INFO - Started process (PID=135) to work on /opt/airflow/dags/driven_data_pipeline.py
[2025-07-03T01:38:24.884+0000] {processor.py:914} INFO - Processing file /opt/airflow/dags/driven_data_pipeline.py for tasks to queue
[2025-07-03T01:38:24.889+0000] {logging_mixin.py:190} INFO - [2025-07-03T01:38:24.888+0000] {dagbag.py:588} INFO - Filling up the DagBag from /opt/airflow/dags/driven_data_pipeline.py
[2025-07-03T01:38:25.439+0000] {processor.py:925} INFO - DAG(s) 'extract_raw_data_pipeline' retrieved from /opt/airflow/dags/driven_data_pipeline.py
[2025-07-03T01:38:25.473+0000] {logging_mixin.py:190} INFO - [2025-07-03T01:38:25.472+0000] {dag.py:3239} INFO - Sync 1 DAGs
[2025-07-03T01:38:25.501+0000] {logging_mixin.py:190} INFO - [2025-07-03T01:38:25.501+0000] {dag.py:4180} INFO - Setting next_dagrun for extract_raw_data_pipeline to 2025-07-02 07:58:00+00:00, run_after=2025-07-02 07:59:00+00:00
[2025-07-03T01:38:25.527+0000] {processor.py:208} INFO - Processing /opt/airflow/dags/driven_data_pipeline.py took 0.655 seconds
[2025-07-03T01:38:55.872+0000] {processor.py:186} INFO - Started process (PID=143) to work on /opt/airflow/dags/driven_data_pipeline.py
[2025-07-03T01:38:55.874+0000] {processor.py:914} INFO - Processing file /opt/airflow/dags/driven_data_pipeline.py for tasks to queue
[2025-07-03T01:38:55.879+0000] {logging_mixin.py:190} INFO - [2025-07-03T01:38:55.878+0000] {dagbag.py:588} INFO - Filling up the DagBag from /opt/airflow/dags/driven_data_pipeline.py
[2025-07-03T01:38:56.474+0000] {processor.py:925} INFO - DAG(s) 'extract_raw_data_pipeline' retrieved from /opt/airflow/dags/driven_data_pipeline.py
[2025-07-03T01:38:56.511+0000] {logging_mixin.py:190} INFO - [2025-07-03T01:38:56.510+0000] {dag.py:3239} INFO - Sync 1 DAGs
[2025-07-03T01:38:56.542+0000] {logging_mixin.py:190} INFO - [2025-07-03T01:38:56.541+0000] {dag.py:4180} INFO - Setting next_dagrun for extract_raw_data_pipeline to 2025-07-02 07:58:00+00:00, run_after=2025-07-02 07:59:00+00:00
[2025-07-03T01:38:56.576+0000] {processor.py:208} INFO - Processing /opt/airflow/dags/driven_data_pipeline.py took 0.716 seconds
[2025-07-03T01:39:27.124+0000] {processor.py:186} INFO - Started process (PID=151) to work on /opt/airflow/dags/driven_data_pipeline.py
[2025-07-03T01:39:27.127+0000] {processor.py:914} INFO - Processing file /opt/airflow/dags/driven_data_pipeline.py for tasks to queue
[2025-07-03T01:39:27.134+0000] {logging_mixin.py:190} INFO - [2025-07-03T01:39:27.133+0000] {dagbag.py:588} INFO - Filling up the DagBag from /opt/airflow/dags/driven_data_pipeline.py
[2025-07-03T01:39:27.795+0000] {processor.py:925} INFO - DAG(s) 'extract_raw_data_pipeline' retrieved from /opt/airflow/dags/driven_data_pipeline.py
[2025-07-03T01:39:27.838+0000] {logging_mixin.py:190} INFO - [2025-07-03T01:39:27.837+0000] {dag.py:3239} INFO - Sync 1 DAGs
[2025-07-03T01:39:27.875+0000] {logging_mixin.py:190} INFO - [2025-07-03T01:39:27.874+0000] {dag.py:4180} INFO - Setting next_dagrun for extract_raw_data_pipeline to 2025-07-02 07:58:00+00:00, run_after=2025-07-02 07:59:00+00:00
[2025-07-03T01:39:27.908+0000] {processor.py:208} INFO - Processing /opt/airflow/dags/driven_data_pipeline.py took 0.803 seconds
[2025-07-03T01:39:58.418+0000] {processor.py:186} INFO - Started process (PID=159) to work on /opt/airflow/dags/driven_data_pipeline.py
[2025-07-03T01:39:58.420+0000] {processor.py:914} INFO - Processing file /opt/airflow/dags/driven_data_pipeline.py for tasks to queue
[2025-07-03T01:39:58.426+0000] {logging_mixin.py:190} INFO - [2025-07-03T01:39:58.425+0000] {dagbag.py:588} INFO - Filling up the DagBag from /opt/airflow/dags/driven_data_pipeline.py
[2025-07-03T01:39:59.305+0000] {processor.py:925} INFO - DAG(s) 'extract_raw_data_pipeline' retrieved from /opt/airflow/dags/driven_data_pipeline.py
[2025-07-03T01:39:59.344+0000] {logging_mixin.py:190} INFO - [2025-07-03T01:39:59.344+0000] {dag.py:3239} INFO - Sync 1 DAGs
[2025-07-03T01:39:59.378+0000] {logging_mixin.py:190} INFO - [2025-07-03T01:39:59.377+0000] {dag.py:4180} INFO - Setting next_dagrun for extract_raw_data_pipeline to 2025-07-02 07:58:00+00:00, run_after=2025-07-02 07:59:00+00:00
[2025-07-03T01:39:59.405+0000] {processor.py:208} INFO - Processing /opt/airflow/dags/driven_data_pipeline.py took 1.001 seconds
[2025-07-03T01:40:29.802+0000] {processor.py:186} INFO - Started process (PID=173) to work on /opt/airflow/dags/driven_data_pipeline.py
[2025-07-03T01:40:29.805+0000] {processor.py:914} INFO - Processing file /opt/airflow/dags/driven_data_pipeline.py for tasks to queue
[2025-07-03T01:40:29.810+0000] {logging_mixin.py:190} INFO - [2025-07-03T01:40:29.809+0000] {dagbag.py:588} INFO - Filling up the DagBag from /opt/airflow/dags/driven_data_pipeline.py
[2025-07-03T01:40:30.455+0000] {processor.py:925} INFO - DAG(s) 'extract_raw_data_pipeline' retrieved from /opt/airflow/dags/driven_data_pipeline.py
[2025-07-03T01:40:30.496+0000] {logging_mixin.py:190} INFO - [2025-07-03T01:40:30.495+0000] {dag.py:3239} INFO - Sync 1 DAGs
[2025-07-03T01:40:30.523+0000] {logging_mixin.py:190} INFO - [2025-07-03T01:40:30.523+0000] {dag.py:4180} INFO - Setting next_dagrun for extract_raw_data_pipeline to 2025-07-02 07:58:00+00:00, run_after=2025-07-02 07:59:00+00:00
[2025-07-03T01:40:30.548+0000] {processor.py:208} INFO - Processing /opt/airflow/dags/driven_data_pipeline.py took 0.756 seconds
[2025-07-03T01:41:01.061+0000] {processor.py:186} INFO - Started process (PID=181) to work on /opt/airflow/dags/driven_data_pipeline.py
[2025-07-03T01:41:01.063+0000] {processor.py:914} INFO - Processing file /opt/airflow/dags/driven_data_pipeline.py for tasks to queue
[2025-07-03T01:41:01.068+0000] {logging_mixin.py:190} INFO - [2025-07-03T01:41:01.067+0000] {dagbag.py:588} INFO - Filling up the DagBag from /opt/airflow/dags/driven_data_pipeline.py
[2025-07-03T01:41:01.619+0000] {processor.py:925} INFO - DAG(s) 'extract_raw_data_pipeline' retrieved from /opt/airflow/dags/driven_data_pipeline.py
[2025-07-03T01:41:01.660+0000] {logging_mixin.py:190} INFO - [2025-07-03T01:41:01.660+0000] {dag.py:3239} INFO - Sync 1 DAGs
[2025-07-03T01:41:01.693+0000] {logging_mixin.py:190} INFO - [2025-07-03T01:41:01.693+0000] {dag.py:4180} INFO - Setting next_dagrun for extract_raw_data_pipeline to 2025-07-02 07:58:00+00:00, run_after=2025-07-02 07:59:00+00:00
[2025-07-03T01:41:01.721+0000] {processor.py:208} INFO - Processing /opt/airflow/dags/driven_data_pipeline.py took 0.669 seconds
[2025-07-03T01:43:36.902+0000] {processor.py:186} INFO - Started process (PID=94) to work on /opt/airflow/dags/driven_data_pipeline.py
[2025-07-03T01:43:36.907+0000] {processor.py:914} INFO - Processing file /opt/airflow/dags/driven_data_pipeline.py for tasks to queue
[2025-07-03T01:43:36.911+0000] {logging_mixin.py:190} INFO - [2025-07-03T01:43:36.910+0000] {dagbag.py:588} INFO - Filling up the DagBag from /opt/airflow/dags/driven_data_pipeline.py
[2025-07-03T01:43:40.660+0000] {processor.py:925} INFO - DAG(s) 'extract_raw_data_pipeline' retrieved from /opt/airflow/dags/driven_data_pipeline.py
[2025-07-03T01:43:40.769+0000] {logging_mixin.py:190} INFO - [2025-07-03T01:43:40.768+0000] {dag.py:3239} INFO - Sync 1 DAGs
[2025-07-03T01:43:40.868+0000] {logging_mixin.py:190} INFO - [2025-07-03T01:43:40.867+0000] {dag.py:4180} INFO - Setting next_dagrun for extract_raw_data_pipeline to 2025-07-02 07:58:00+00:00, run_after=2025-07-02 07:59:00+00:00
[2025-07-03T01:43:40.934+0000] {processor.py:208} INFO - Processing /opt/airflow/dags/driven_data_pipeline.py took 4.056 seconds
[2025-07-03T01:44:11.603+0000] {processor.py:186} INFO - Started process (PID=102) to work on /opt/airflow/dags/driven_data_pipeline.py
[2025-07-03T01:44:11.606+0000] {processor.py:914} INFO - Processing file /opt/airflow/dags/driven_data_pipeline.py for tasks to queue
[2025-07-03T01:44:11.618+0000] {logging_mixin.py:190} INFO - [2025-07-03T01:44:11.617+0000] {dagbag.py:588} INFO - Filling up the DagBag from /opt/airflow/dags/driven_data_pipeline.py
[2025-07-03T01:44:13.279+0000] {processor.py:925} INFO - DAG(s) 'extract_raw_data_pipeline' retrieved from /opt/airflow/dags/driven_data_pipeline.py
[2025-07-03T01:44:13.349+0000] {logging_mixin.py:190} INFO - [2025-07-03T01:44:13.347+0000] {dag.py:3239} INFO - Sync 1 DAGs
[2025-07-03T01:44:13.407+0000] {logging_mixin.py:190} INFO - [2025-07-03T01:44:13.406+0000] {dag.py:4180} INFO - Setting next_dagrun for extract_raw_data_pipeline to 2025-07-02 07:58:00+00:00, run_after=2025-07-02 07:59:00+00:00
[2025-07-03T01:44:13.444+0000] {processor.py:208} INFO - Processing /opt/airflow/dags/driven_data_pipeline.py took 1.856 seconds
[2025-07-03T01:46:33.949+0000] {processor.py:186} INFO - Started process (PID=93) to work on /opt/airflow/dags/driven_data_pipeline.py
[2025-07-03T01:46:33.951+0000] {processor.py:914} INFO - Processing file /opt/airflow/dags/driven_data_pipeline.py for tasks to queue
[2025-07-03T01:46:33.955+0000] {logging_mixin.py:190} INFO - [2025-07-03T01:46:33.955+0000] {dagbag.py:588} INFO - Filling up the DagBag from /opt/airflow/dags/driven_data_pipeline.py
[2025-07-03T01:46:34.844+0000] {processor.py:925} INFO - DAG(s) 'extract_raw_data_pipeline' retrieved from /opt/airflow/dags/driven_data_pipeline.py
[2025-07-03T01:46:35.361+0000] {logging_mixin.py:190} INFO - [2025-07-03T01:46:35.358+0000] {override.py:1900} INFO - Created Permission View: can edit on DAG:extract_raw_data_pipeline
[2025-07-03T01:46:35.384+0000] {logging_mixin.py:190} INFO - [2025-07-03T01:46:35.383+0000] {override.py:1900} INFO - Created Permission View: can read on DAG:extract_raw_data_pipeline
[2025-07-03T01:46:35.398+0000] {logging_mixin.py:190} INFO - [2025-07-03T01:46:35.398+0000] {override.py:1900} INFO - Created Permission View: can delete on DAG:extract_raw_data_pipeline
[2025-07-03T01:46:35.416+0000] {logging_mixin.py:190} INFO - [2025-07-03T01:46:35.415+0000] {override.py:1900} INFO - Created Permission View: can read on DAG Run:extract_raw_data_pipeline
[2025-07-03T01:46:35.434+0000] {logging_mixin.py:190} INFO - [2025-07-03T01:46:35.433+0000] {override.py:1900} INFO - Created Permission View: can delete on DAG Run:extract_raw_data_pipeline
[2025-07-03T01:46:35.456+0000] {logging_mixin.py:190} INFO - [2025-07-03T01:46:35.456+0000] {override.py:1900} INFO - Created Permission View: menu access on DAG Run:extract_raw_data_pipeline
[2025-07-03T01:46:35.472+0000] {logging_mixin.py:190} INFO - [2025-07-03T01:46:35.471+0000] {override.py:1900} INFO - Created Permission View: can create on DAG Run:extract_raw_data_pipeline
[2025-07-03T01:46:35.474+0000] {logging_mixin.py:190} INFO - [2025-07-03T01:46:35.473+0000] {dag.py:3239} INFO - Sync 1 DAGs
[2025-07-03T01:46:35.498+0000] {logging_mixin.py:190} INFO - [2025-07-03T01:46:35.497+0000] {dag.py:3262} INFO - Creating ORM DAG for extract_raw_data_pipeline
[2025-07-03T01:46:35.523+0000] {logging_mixin.py:190} INFO - [2025-07-03T01:46:35.522+0000] {dag.py:4180} INFO - Setting next_dagrun for extract_raw_data_pipeline to 2025-07-02 07:58:00+00:00, run_after=2025-07-02 07:59:00+00:00
[2025-07-03T01:46:35.566+0000] {processor.py:208} INFO - Processing /opt/airflow/dags/driven_data_pipeline.py took 1.631 seconds
[2025-07-03T01:47:06.233+0000] {processor.py:186} INFO - Started process (PID=100) to work on /opt/airflow/dags/driven_data_pipeline.py
[2025-07-03T01:47:06.239+0000] {processor.py:914} INFO - Processing file /opt/airflow/dags/driven_data_pipeline.py for tasks to queue
[2025-07-03T01:47:06.250+0000] {logging_mixin.py:190} INFO - [2025-07-03T01:47:06.247+0000] {dagbag.py:588} INFO - Filling up the DagBag from /opt/airflow/dags/driven_data_pipeline.py
[2025-07-03T01:47:08.179+0000] {processor.py:925} INFO - DAG(s) 'extract_raw_data_pipeline' retrieved from /opt/airflow/dags/driven_data_pipeline.py
[2025-07-03T01:47:08.267+0000] {logging_mixin.py:190} INFO - [2025-07-03T01:47:08.267+0000] {dag.py:3239} INFO - Sync 1 DAGs
[2025-07-03T01:47:08.337+0000] {logging_mixin.py:190} INFO - [2025-07-03T01:47:08.337+0000] {dag.py:4180} INFO - Setting next_dagrun for extract_raw_data_pipeline to 2025-07-02 07:58:00+00:00, run_after=2025-07-02 07:59:00+00:00
[2025-07-03T01:47:08.386+0000] {processor.py:208} INFO - Processing /opt/airflow/dags/driven_data_pipeline.py took 2.177 seconds
[2025-07-03T01:47:37.610+0000] {processor.py:186} INFO - Started process (PID=108) to work on /opt/airflow/dags/driven_data_pipeline.py
[2025-07-03T01:47:37.612+0000] {processor.py:914} INFO - Processing file /opt/airflow/dags/driven_data_pipeline.py for tasks to queue
[2025-07-03T01:47:37.619+0000] {logging_mixin.py:190} INFO - [2025-07-03T01:47:37.618+0000] {dagbag.py:588} INFO - Filling up the DagBag from /opt/airflow/dags/driven_data_pipeline.py
[2025-07-03T01:47:39.868+0000] {processor.py:925} INFO - DAG(s) 'extract_raw_data_pipeline' retrieved from /opt/airflow/dags/driven_data_pipeline.py
[2025-07-03T01:47:40.019+0000] {logging_mixin.py:190} INFO - [2025-07-03T01:47:40.018+0000] {dag.py:3239} INFO - Sync 1 DAGs
[2025-07-03T01:47:40.120+0000] {logging_mixin.py:190} INFO - [2025-07-03T01:47:40.120+0000] {dag.py:4180} INFO - Setting next_dagrun for extract_raw_data_pipeline to 2025-07-02 07:58:00+00:00, run_after=2025-07-02 07:59:00+00:00
[2025-07-03T01:47:40.174+0000] {processor.py:208} INFO - Processing /opt/airflow/dags/driven_data_pipeline.py took 2.582 seconds
[2025-07-03T01:48:10.614+0000] {processor.py:186} INFO - Started process (PID=116) to work on /opt/airflow/dags/driven_data_pipeline.py
[2025-07-03T01:48:10.616+0000] {processor.py:914} INFO - Processing file /opt/airflow/dags/driven_data_pipeline.py for tasks to queue
[2025-07-03T01:48:10.620+0000] {logging_mixin.py:190} INFO - [2025-07-03T01:48:10.619+0000] {dagbag.py:588} INFO - Filling up the DagBag from /opt/airflow/dags/driven_data_pipeline.py
[2025-07-03T01:48:11.310+0000] {processor.py:925} INFO - DAG(s) 'extract_raw_data_pipeline' retrieved from /opt/airflow/dags/driven_data_pipeline.py
[2025-07-03T01:48:11.350+0000] {logging_mixin.py:190} INFO - [2025-07-03T01:48:11.350+0000] {dag.py:3239} INFO - Sync 1 DAGs
[2025-07-03T01:48:11.381+0000] {logging_mixin.py:190} INFO - [2025-07-03T01:48:11.380+0000] {dag.py:4180} INFO - Setting next_dagrun for extract_raw_data_pipeline to 2025-07-02 07:58:00+00:00, run_after=2025-07-02 07:59:00+00:00
[2025-07-03T01:48:11.409+0000] {processor.py:208} INFO - Processing /opt/airflow/dags/driven_data_pipeline.py took 0.804 seconds
[2025-07-03T01:48:41.608+0000] {processor.py:186} INFO - Started process (PID=124) to work on /opt/airflow/dags/driven_data_pipeline.py
[2025-07-03T01:48:41.610+0000] {processor.py:914} INFO - Processing file /opt/airflow/dags/driven_data_pipeline.py for tasks to queue
[2025-07-03T01:48:41.616+0000] {logging_mixin.py:190} INFO - [2025-07-03T01:48:41.616+0000] {dagbag.py:588} INFO - Filling up the DagBag from /opt/airflow/dags/driven_data_pipeline.py
[2025-07-03T01:48:42.215+0000] {processor.py:925} INFO - DAG(s) 'extract_raw_data_pipeline' retrieved from /opt/airflow/dags/driven_data_pipeline.py
[2025-07-03T01:48:42.249+0000] {logging_mixin.py:190} INFO - [2025-07-03T01:48:42.249+0000] {dag.py:3239} INFO - Sync 1 DAGs
[2025-07-03T01:48:42.276+0000] {logging_mixin.py:190} INFO - [2025-07-03T01:48:42.276+0000] {dag.py:4180} INFO - Setting next_dagrun for extract_raw_data_pipeline to 2025-07-02 07:58:00+00:00, run_after=2025-07-02 07:59:00+00:00
[2025-07-03T01:48:42.304+0000] {processor.py:208} INFO - Processing /opt/airflow/dags/driven_data_pipeline.py took 0.708 seconds
[2025-07-03T01:49:12.682+0000] {processor.py:186} INFO - Started process (PID=132) to work on /opt/airflow/dags/driven_data_pipeline.py
[2025-07-03T01:49:12.684+0000] {processor.py:914} INFO - Processing file /opt/airflow/dags/driven_data_pipeline.py for tasks to queue
[2025-07-03T01:49:12.689+0000] {logging_mixin.py:190} INFO - [2025-07-03T01:49:12.688+0000] {dagbag.py:588} INFO - Filling up the DagBag from /opt/airflow/dags/driven_data_pipeline.py
[2025-07-03T01:49:13.499+0000] {processor.py:925} INFO - DAG(s) 'extract_raw_data_pipeline' retrieved from /opt/airflow/dags/driven_data_pipeline.py
[2025-07-03T01:49:13.541+0000] {logging_mixin.py:190} INFO - [2025-07-03T01:49:13.540+0000] {dag.py:3239} INFO - Sync 1 DAGs
[2025-07-03T01:49:13.575+0000] {logging_mixin.py:190} INFO - [2025-07-03T01:49:13.575+0000] {dag.py:4180} INFO - Setting next_dagrun for extract_raw_data_pipeline to 2025-07-02 07:58:00+00:00, run_after=2025-07-02 07:59:00+00:00
[2025-07-03T01:49:13.598+0000] {processor.py:208} INFO - Processing /opt/airflow/dags/driven_data_pipeline.py took 0.924 seconds
[2025-07-03T01:49:44.002+0000] {processor.py:186} INFO - Started process (PID=140) to work on /opt/airflow/dags/driven_data_pipeline.py
[2025-07-03T01:49:44.005+0000] {processor.py:914} INFO - Processing file /opt/airflow/dags/driven_data_pipeline.py for tasks to queue
[2025-07-03T01:49:44.011+0000] {logging_mixin.py:190} INFO - [2025-07-03T01:49:44.009+0000] {dagbag.py:588} INFO - Filling up the DagBag from /opt/airflow/dags/driven_data_pipeline.py
[2025-07-03T01:49:44.629+0000] {processor.py:925} INFO - DAG(s) 'extract_raw_data_pipeline' retrieved from /opt/airflow/dags/driven_data_pipeline.py
[2025-07-03T01:49:44.665+0000] {logging_mixin.py:190} INFO - [2025-07-03T01:49:44.665+0000] {dag.py:3239} INFO - Sync 1 DAGs
[2025-07-03T01:49:44.694+0000] {logging_mixin.py:190} INFO - [2025-07-03T01:49:44.694+0000] {dag.py:4180} INFO - Setting next_dagrun for extract_raw_data_pipeline to 2025-07-02 07:58:00+00:00, run_after=2025-07-02 07:59:00+00:00
[2025-07-03T01:49:44.726+0000] {processor.py:208} INFO - Processing /opt/airflow/dags/driven_data_pipeline.py took 0.734 seconds
[2025-07-03T01:50:14.924+0000] {processor.py:186} INFO - Started process (PID=148) to work on /opt/airflow/dags/driven_data_pipeline.py
[2025-07-03T01:50:14.927+0000] {processor.py:914} INFO - Processing file /opt/airflow/dags/driven_data_pipeline.py for tasks to queue
[2025-07-03T01:50:14.931+0000] {logging_mixin.py:190} INFO - [2025-07-03T01:50:14.931+0000] {dagbag.py:588} INFO - Filling up the DagBag from /opt/airflow/dags/driven_data_pipeline.py
[2025-07-03T01:50:15.591+0000] {processor.py:925} INFO - DAG(s) 'extract_raw_data_pipeline' retrieved from /opt/airflow/dags/driven_data_pipeline.py
[2025-07-03T01:50:15.634+0000] {logging_mixin.py:190} INFO - [2025-07-03T01:50:15.633+0000] {dag.py:3239} INFO - Sync 1 DAGs
[2025-07-03T01:50:15.664+0000] {logging_mixin.py:190} INFO - [2025-07-03T01:50:15.663+0000] {dag.py:4180} INFO - Setting next_dagrun for extract_raw_data_pipeline to 2025-07-02 07:58:00+00:00, run_after=2025-07-02 07:59:00+00:00
[2025-07-03T01:50:15.691+0000] {processor.py:208} INFO - Processing /opt/airflow/dags/driven_data_pipeline.py took 0.775 seconds
[2025-07-03T01:50:46.102+0000] {processor.py:186} INFO - Started process (PID=156) to work on /opt/airflow/dags/driven_data_pipeline.py
[2025-07-03T01:50:46.105+0000] {processor.py:914} INFO - Processing file /opt/airflow/dags/driven_data_pipeline.py for tasks to queue
[2025-07-03T01:50:46.111+0000] {logging_mixin.py:190} INFO - [2025-07-03T01:50:46.110+0000] {dagbag.py:588} INFO - Filling up the DagBag from /opt/airflow/dags/driven_data_pipeline.py
[2025-07-03T01:50:46.754+0000] {processor.py:925} INFO - DAG(s) 'extract_raw_data_pipeline' retrieved from /opt/airflow/dags/driven_data_pipeline.py
[2025-07-03T01:50:46.835+0000] {logging_mixin.py:190} INFO - [2025-07-03T01:50:46.835+0000] {dag.py:3239} INFO - Sync 1 DAGs
[2025-07-03T01:50:46.870+0000] {logging_mixin.py:190} INFO - [2025-07-03T01:50:46.870+0000] {dag.py:4180} INFO - Setting next_dagrun for extract_raw_data_pipeline to 2025-07-02 07:58:00+00:00, run_after=2025-07-02 07:59:00+00:00
[2025-07-03T01:50:46.896+0000] {processor.py:208} INFO - Processing /opt/airflow/dags/driven_data_pipeline.py took 0.805 seconds
[2025-07-03T01:51:17.386+0000] {processor.py:186} INFO - Started process (PID=176) to work on /opt/airflow/dags/driven_data_pipeline.py
[2025-07-03T01:51:17.388+0000] {processor.py:914} INFO - Processing file /opt/airflow/dags/driven_data_pipeline.py for tasks to queue
[2025-07-03T01:51:17.397+0000] {logging_mixin.py:190} INFO - [2025-07-03T01:51:17.392+0000] {dagbag.py:588} INFO - Filling up the DagBag from /opt/airflow/dags/driven_data_pipeline.py
[2025-07-03T01:51:18.314+0000] {processor.py:925} INFO - DAG(s) 'extract_raw_data_pipeline' retrieved from /opt/airflow/dags/driven_data_pipeline.py
[2025-07-03T01:51:18.353+0000] {logging_mixin.py:190} INFO - [2025-07-03T01:51:18.353+0000] {dag.py:3239} INFO - Sync 1 DAGs
[2025-07-03T01:51:18.386+0000] {logging_mixin.py:190} INFO - [2025-07-03T01:51:18.385+0000] {dag.py:4180} INFO - Setting next_dagrun for extract_raw_data_pipeline to 2025-07-02 07:59:00+00:00, run_after=2025-07-03 07:00:00+00:00
[2025-07-03T01:51:18.413+0000] {processor.py:208} INFO - Processing /opt/airflow/dags/driven_data_pipeline.py took 1.038 seconds
[2025-07-03T01:51:48.853+0000] {processor.py:186} INFO - Started process (PID=184) to work on /opt/airflow/dags/driven_data_pipeline.py
[2025-07-03T01:51:48.855+0000] {processor.py:914} INFO - Processing file /opt/airflow/dags/driven_data_pipeline.py for tasks to queue
[2025-07-03T01:51:48.861+0000] {logging_mixin.py:190} INFO - [2025-07-03T01:51:48.860+0000] {dagbag.py:588} INFO - Filling up the DagBag from /opt/airflow/dags/driven_data_pipeline.py
[2025-07-03T01:51:49.998+0000] {processor.py:925} INFO - DAG(s) 'extract_raw_data_pipeline' retrieved from /opt/airflow/dags/driven_data_pipeline.py
[2025-07-03T01:51:50.056+0000] {logging_mixin.py:190} INFO - [2025-07-03T01:51:50.056+0000] {dag.py:3239} INFO - Sync 1 DAGs
[2025-07-03T01:51:50.098+0000] {logging_mixin.py:190} INFO - [2025-07-03T01:51:50.098+0000] {dag.py:4180} INFO - Setting next_dagrun for extract_raw_data_pipeline to 2025-07-02 07:59:00+00:00, run_after=2025-07-03 07:00:00+00:00
[2025-07-03T01:51:50.130+0000] {processor.py:208} INFO - Processing /opt/airflow/dags/driven_data_pipeline.py took 1.289 seconds
[2025-07-03T01:52:20.272+0000] {processor.py:186} INFO - Started process (PID=197) to work on /opt/airflow/dags/driven_data_pipeline.py
[2025-07-03T01:52:20.276+0000] {processor.py:914} INFO - Processing file /opt/airflow/dags/driven_data_pipeline.py for tasks to queue
[2025-07-03T01:52:20.287+0000] {logging_mixin.py:190} INFO - [2025-07-03T01:52:20.286+0000] {dagbag.py:588} INFO - Filling up the DagBag from /opt/airflow/dags/driven_data_pipeline.py
[2025-07-03T01:52:21.304+0000] {processor.py:925} INFO - DAG(s) 'extract_raw_data_pipeline' retrieved from /opt/airflow/dags/driven_data_pipeline.py
[2025-07-03T01:52:21.380+0000] {logging_mixin.py:190} INFO - [2025-07-03T01:52:21.379+0000] {dag.py:3239} INFO - Sync 1 DAGs
[2025-07-03T01:52:21.443+0000] {logging_mixin.py:190} INFO - [2025-07-03T01:52:21.443+0000] {dag.py:4180} INFO - Setting next_dagrun for extract_raw_data_pipeline to 2025-07-02 07:59:00+00:00, run_after=2025-07-03 07:00:00+00:00
[2025-07-03T01:52:21.482+0000] {processor.py:208} INFO - Processing /opt/airflow/dags/driven_data_pipeline.py took 1.230 seconds
[2025-07-03T01:52:22.618+0000] {processor.py:186} INFO - Started process (PID=199) to work on /opt/airflow/dags/driven_data_pipeline.py
[2025-07-03T01:52:22.620+0000] {processor.py:914} INFO - Processing file /opt/airflow/dags/driven_data_pipeline.py for tasks to queue
[2025-07-03T01:52:22.625+0000] {logging_mixin.py:190} INFO - [2025-07-03T01:52:22.624+0000] {dagbag.py:588} INFO - Filling up the DagBag from /opt/airflow/dags/driven_data_pipeline.py
[2025-07-03T01:52:23.428+0000] {processor.py:925} INFO - DAG(s) 'extract_raw_data_pipeline' retrieved from /opt/airflow/dags/driven_data_pipeline.py
[2025-07-03T01:52:23.695+0000] {logging_mixin.py:190} INFO - [2025-07-03T01:52:23.694+0000] {dag.py:3239} INFO - Sync 1 DAGs
[2025-07-03T01:52:23.728+0000] {logging_mixin.py:190} INFO - [2025-07-03T01:52:23.728+0000] {dag.py:4180} INFO - Setting next_dagrun for extract_raw_data_pipeline to 2025-07-02 07:59:00+00:00, run_after=2025-07-03 07:00:00+00:00
[2025-07-03T01:52:23.772+0000] {processor.py:208} INFO - Processing /opt/airflow/dags/driven_data_pipeline.py took 1.165 seconds
[2025-07-03T01:52:53.997+0000] {processor.py:186} INFO - Started process (PID=207) to work on /opt/airflow/dags/driven_data_pipeline.py
[2025-07-03T01:52:53.999+0000] {processor.py:914} INFO - Processing file /opt/airflow/dags/driven_data_pipeline.py for tasks to queue
[2025-07-03T01:52:54.006+0000] {logging_mixin.py:190} INFO - [2025-07-03T01:52:54.005+0000] {dagbag.py:588} INFO - Filling up the DagBag from /opt/airflow/dags/driven_data_pipeline.py
[2025-07-03T01:52:56.536+0000] {processor.py:925} INFO - DAG(s) 'extract_raw_data_pipeline' retrieved from /opt/airflow/dags/driven_data_pipeline.py
[2025-07-03T01:52:56.665+0000] {logging_mixin.py:190} INFO - [2025-07-03T01:52:56.665+0000] {dag.py:3239} INFO - Sync 1 DAGs
[2025-07-03T01:52:56.720+0000] {logging_mixin.py:190} INFO - [2025-07-03T01:52:56.720+0000] {dag.py:4180} INFO - Setting next_dagrun for extract_raw_data_pipeline to 2025-07-02 07:59:00+00:00, run_after=2025-07-03 07:00:00+00:00
[2025-07-03T01:52:56.768+0000] {processor.py:208} INFO - Processing /opt/airflow/dags/driven_data_pipeline.py took 2.783 seconds
[2025-07-03T01:53:27.078+0000] {processor.py:186} INFO - Started process (PID=215) to work on /opt/airflow/dags/driven_data_pipeline.py
[2025-07-03T01:53:27.081+0000] {processor.py:914} INFO - Processing file /opt/airflow/dags/driven_data_pipeline.py for tasks to queue
[2025-07-03T01:53:27.088+0000] {logging_mixin.py:190} INFO - [2025-07-03T01:53:27.087+0000] {dagbag.py:588} INFO - Filling up the DagBag from /opt/airflow/dags/driven_data_pipeline.py
[2025-07-03T01:53:27.413+0000] {processor.py:925} INFO - DAG(s) 'extract_raw_data_pipeline' retrieved from /opt/airflow/dags/driven_data_pipeline.py
[2025-07-03T01:53:27.455+0000] {logging_mixin.py:190} INFO - [2025-07-03T01:53:27.455+0000] {dag.py:3239} INFO - Sync 1 DAGs
[2025-07-03T01:53:27.492+0000] {logging_mixin.py:190} INFO - [2025-07-03T01:53:27.492+0000] {dag.py:4180} INFO - Setting next_dagrun for extract_raw_data_pipeline to 2025-07-02 07:59:00+00:00, run_after=2025-07-03 07:00:00+00:00
[2025-07-03T01:53:27.525+0000] {processor.py:208} INFO - Processing /opt/airflow/dags/driven_data_pipeline.py took 0.472 seconds
[2025-07-03T01:53:57.943+0000] {processor.py:186} INFO - Started process (PID=227) to work on /opt/airflow/dags/driven_data_pipeline.py
[2025-07-03T01:53:57.945+0000] {processor.py:914} INFO - Processing file /opt/airflow/dags/driven_data_pipeline.py for tasks to queue
[2025-07-03T01:53:57.949+0000] {logging_mixin.py:190} INFO - [2025-07-03T01:53:57.948+0000] {dagbag.py:588} INFO - Filling up the DagBag from /opt/airflow/dags/driven_data_pipeline.py
[2025-07-03T01:53:58.272+0000] {processor.py:925} INFO - DAG(s) 'extract_raw_data_pipeline' retrieved from /opt/airflow/dags/driven_data_pipeline.py
[2025-07-03T01:53:58.322+0000] {logging_mixin.py:190} INFO - [2025-07-03T01:53:58.322+0000] {dag.py:3239} INFO - Sync 1 DAGs
[2025-07-03T01:53:58.357+0000] {logging_mixin.py:190} INFO - [2025-07-03T01:53:58.357+0000] {dag.py:4180} INFO - Setting next_dagrun for extract_raw_data_pipeline to 2025-07-02 07:59:00+00:00, run_after=2025-07-03 07:00:00+00:00
[2025-07-03T01:53:58.391+0000] {processor.py:208} INFO - Processing /opt/airflow/dags/driven_data_pipeline.py took 0.459 seconds
[2025-07-03T01:54:28.771+0000] {processor.py:186} INFO - Started process (PID=235) to work on /opt/airflow/dags/driven_data_pipeline.py
[2025-07-03T01:54:28.773+0000] {processor.py:914} INFO - Processing file /opt/airflow/dags/driven_data_pipeline.py for tasks to queue
[2025-07-03T01:54:28.778+0000] {logging_mixin.py:190} INFO - [2025-07-03T01:54:28.777+0000] {dagbag.py:588} INFO - Filling up the DagBag from /opt/airflow/dags/driven_data_pipeline.py
[2025-07-03T01:54:29.290+0000] {processor.py:925} INFO - DAG(s) 'extract_raw_data_pipeline' retrieved from /opt/airflow/dags/driven_data_pipeline.py
[2025-07-03T01:54:29.333+0000] {logging_mixin.py:190} INFO - [2025-07-03T01:54:29.333+0000] {dag.py:3239} INFO - Sync 1 DAGs
[2025-07-03T01:54:29.366+0000] {logging_mixin.py:190} INFO - [2025-07-03T01:54:29.366+0000] {dag.py:4180} INFO - Setting next_dagrun for extract_raw_data_pipeline to 2025-07-02 07:59:00+00:00, run_after=2025-07-03 07:00:00+00:00
[2025-07-03T01:54:29.401+0000] {processor.py:208} INFO - Processing /opt/airflow/dags/driven_data_pipeline.py took 0.641 seconds
[2025-07-03T01:54:59.641+0000] {processor.py:186} INFO - Started process (PID=243) to work on /opt/airflow/dags/driven_data_pipeline.py
[2025-07-03T01:54:59.644+0000] {processor.py:914} INFO - Processing file /opt/airflow/dags/driven_data_pipeline.py for tasks to queue
[2025-07-03T01:54:59.648+0000] {logging_mixin.py:190} INFO - [2025-07-03T01:54:59.647+0000] {dagbag.py:588} INFO - Filling up the DagBag from /opt/airflow/dags/driven_data_pipeline.py
[2025-07-03T01:54:59.927+0000] {processor.py:925} INFO - DAG(s) 'extract_raw_data_pipeline' retrieved from /opt/airflow/dags/driven_data_pipeline.py
[2025-07-03T01:54:59.971+0000] {logging_mixin.py:190} INFO - [2025-07-03T01:54:59.971+0000] {dag.py:3239} INFO - Sync 1 DAGs
[2025-07-03T01:55:00.005+0000] {logging_mixin.py:190} INFO - [2025-07-03T01:55:00.005+0000] {dag.py:4180} INFO - Setting next_dagrun for extract_raw_data_pipeline to 2025-07-02 07:59:00+00:00, run_after=2025-07-03 07:00:00+00:00
[2025-07-03T01:55:00.037+0000] {processor.py:208} INFO - Processing /opt/airflow/dags/driven_data_pipeline.py took 0.407 seconds
[2025-07-03T01:55:30.414+0000] {processor.py:186} INFO - Started process (PID=251) to work on /opt/airflow/dags/driven_data_pipeline.py
[2025-07-03T01:55:30.417+0000] {processor.py:914} INFO - Processing file /opt/airflow/dags/driven_data_pipeline.py for tasks to queue
[2025-07-03T01:55:30.423+0000] {logging_mixin.py:190} INFO - [2025-07-03T01:55:30.422+0000] {dagbag.py:588} INFO - Filling up the DagBag from /opt/airflow/dags/driven_data_pipeline.py
[2025-07-03T01:55:30.733+0000] {processor.py:925} INFO - DAG(s) 'extract_raw_data_pipeline' retrieved from /opt/airflow/dags/driven_data_pipeline.py
[2025-07-03T01:55:30.781+0000] {logging_mixin.py:190} INFO - [2025-07-03T01:55:30.780+0000] {dag.py:3239} INFO - Sync 1 DAGs
[2025-07-03T01:55:30.819+0000] {logging_mixin.py:190} INFO - [2025-07-03T01:55:30.819+0000] {dag.py:4180} INFO - Setting next_dagrun for extract_raw_data_pipeline to 2025-07-02 07:59:00+00:00, run_after=2025-07-03 07:00:00+00:00
[2025-07-03T01:55:30.851+0000] {processor.py:208} INFO - Processing /opt/airflow/dags/driven_data_pipeline.py took 0.447 seconds
[2025-07-03T01:56:01.262+0000] {processor.py:186} INFO - Started process (PID=259) to work on /opt/airflow/dags/driven_data_pipeline.py
[2025-07-03T01:56:01.263+0000] {processor.py:914} INFO - Processing file /opt/airflow/dags/driven_data_pipeline.py for tasks to queue
[2025-07-03T01:56:01.267+0000] {logging_mixin.py:190} INFO - [2025-07-03T01:56:01.267+0000] {dagbag.py:588} INFO - Filling up the DagBag from /opt/airflow/dags/driven_data_pipeline.py
[2025-07-03T01:56:01.560+0000] {processor.py:925} INFO - DAG(s) 'extract_raw_data_pipeline' retrieved from /opt/airflow/dags/driven_data_pipeline.py
[2025-07-03T01:56:01.605+0000] {logging_mixin.py:190} INFO - [2025-07-03T01:56:01.604+0000] {dag.py:3239} INFO - Sync 1 DAGs
[2025-07-03T01:56:01.644+0000] {logging_mixin.py:190} INFO - [2025-07-03T01:56:01.643+0000] {dag.py:4180} INFO - Setting next_dagrun for extract_raw_data_pipeline to 2025-07-02 07:59:00+00:00, run_after=2025-07-03 07:00:00+00:00
[2025-07-03T01:56:01.671+0000] {processor.py:208} INFO - Processing /opt/airflow/dags/driven_data_pipeline.py took 0.418 seconds
[2025-07-03T01:56:32.080+0000] {processor.py:186} INFO - Started process (PID=267) to work on /opt/airflow/dags/driven_data_pipeline.py
[2025-07-03T01:56:32.082+0000] {processor.py:914} INFO - Processing file /opt/airflow/dags/driven_data_pipeline.py for tasks to queue
[2025-07-03T01:56:32.087+0000] {logging_mixin.py:190} INFO - [2025-07-03T01:56:32.086+0000] {dagbag.py:588} INFO - Filling up the DagBag from /opt/airflow/dags/driven_data_pipeline.py
[2025-07-03T01:56:32.387+0000] {processor.py:925} INFO - DAG(s) 'extract_raw_data_pipeline' retrieved from /opt/airflow/dags/driven_data_pipeline.py
[2025-07-03T01:56:32.430+0000] {logging_mixin.py:190} INFO - [2025-07-03T01:56:32.429+0000] {dag.py:3239} INFO - Sync 1 DAGs
[2025-07-03T01:56:32.460+0000] {logging_mixin.py:190} INFO - [2025-07-03T01:56:32.460+0000] {dag.py:4180} INFO - Setting next_dagrun for extract_raw_data_pipeline to 2025-07-02 07:59:00+00:00, run_after=2025-07-03 07:00:00+00:00
[2025-07-03T01:56:32.487+0000] {processor.py:208} INFO - Processing /opt/airflow/dags/driven_data_pipeline.py took 0.416 seconds
[2025-07-03T01:57:02.940+0000] {processor.py:186} INFO - Started process (PID=275) to work on /opt/airflow/dags/driven_data_pipeline.py
[2025-07-03T01:57:02.944+0000] {processor.py:914} INFO - Processing file /opt/airflow/dags/driven_data_pipeline.py for tasks to queue
[2025-07-03T01:57:02.964+0000] {logging_mixin.py:190} INFO - [2025-07-03T01:57:02.960+0000] {dagbag.py:588} INFO - Filling up the DagBag from /opt/airflow/dags/driven_data_pipeline.py
[2025-07-03T01:57:03.286+0000] {processor.py:925} INFO - DAG(s) 'extract_raw_data_pipeline' retrieved from /opt/airflow/dags/driven_data_pipeline.py
[2025-07-03T01:57:03.327+0000] {logging_mixin.py:190} INFO - [2025-07-03T01:57:03.326+0000] {dag.py:3239} INFO - Sync 1 DAGs
[2025-07-03T01:57:03.360+0000] {logging_mixin.py:190} INFO - [2025-07-03T01:57:03.360+0000] {dag.py:4180} INFO - Setting next_dagrun for extract_raw_data_pipeline to 2025-07-02 07:59:00+00:00, run_after=2025-07-03 07:00:00+00:00
[2025-07-03T01:57:03.401+0000] {processor.py:208} INFO - Processing /opt/airflow/dags/driven_data_pipeline.py took 0.505 seconds
[2025-07-03T01:57:33.716+0000] {processor.py:186} INFO - Started process (PID=283) to work on /opt/airflow/dags/driven_data_pipeline.py
[2025-07-03T01:57:33.719+0000] {processor.py:914} INFO - Processing file /opt/airflow/dags/driven_data_pipeline.py for tasks to queue
[2025-07-03T01:57:33.725+0000] {logging_mixin.py:190} INFO - [2025-07-03T01:57:33.724+0000] {dagbag.py:588} INFO - Filling up the DagBag from /opt/airflow/dags/driven_data_pipeline.py
[2025-07-03T01:57:34.062+0000] {processor.py:925} INFO - DAG(s) 'extract_raw_data_pipeline' retrieved from /opt/airflow/dags/driven_data_pipeline.py
[2025-07-03T01:57:34.116+0000] {logging_mixin.py:190} INFO - [2025-07-03T01:57:34.115+0000] {dag.py:3239} INFO - Sync 1 DAGs
[2025-07-03T01:57:34.157+0000] {logging_mixin.py:190} INFO - [2025-07-03T01:57:34.157+0000] {dag.py:4180} INFO - Setting next_dagrun for extract_raw_data_pipeline to 2025-07-02 07:59:00+00:00, run_after=2025-07-03 07:00:00+00:00
[2025-07-03T01:57:34.189+0000] {processor.py:208} INFO - Processing /opt/airflow/dags/driven_data_pipeline.py took 0.486 seconds
[2025-07-03T01:58:04.612+0000] {processor.py:186} INFO - Started process (PID=291) to work on /opt/airflow/dags/driven_data_pipeline.py
[2025-07-03T01:58:04.614+0000] {processor.py:914} INFO - Processing file /opt/airflow/dags/driven_data_pipeline.py for tasks to queue
[2025-07-03T01:58:04.623+0000] {logging_mixin.py:190} INFO - [2025-07-03T01:58:04.622+0000] {dagbag.py:588} INFO - Filling up the DagBag from /opt/airflow/dags/driven_data_pipeline.py
[2025-07-03T01:58:05.058+0000] {processor.py:925} INFO - DAG(s) 'extract_raw_data_pipeline' retrieved from /opt/airflow/dags/driven_data_pipeline.py
[2025-07-03T01:58:05.165+0000] {logging_mixin.py:190} INFO - [2025-07-03T01:58:05.164+0000] {dag.py:3239} INFO - Sync 1 DAGs
[2025-07-03T01:58:05.224+0000] {logging_mixin.py:190} INFO - [2025-07-03T01:58:05.223+0000] {dag.py:4180} INFO - Setting next_dagrun for extract_raw_data_pipeline to 2025-07-02 07:59:00+00:00, run_after=2025-07-03 07:00:00+00:00
[2025-07-03T01:58:05.260+0000] {processor.py:208} INFO - Processing /opt/airflow/dags/driven_data_pipeline.py took 0.666 seconds
[2025-07-03T01:58:35.481+0000] {processor.py:186} INFO - Started process (PID=299) to work on /opt/airflow/dags/driven_data_pipeline.py
[2025-07-03T01:58:35.484+0000] {processor.py:914} INFO - Processing file /opt/airflow/dags/driven_data_pipeline.py for tasks to queue
[2025-07-03T01:58:35.489+0000] {logging_mixin.py:190} INFO - [2025-07-03T01:58:35.488+0000] {dagbag.py:588} INFO - Filling up the DagBag from /opt/airflow/dags/driven_data_pipeline.py
[2025-07-03T01:58:36.227+0000] {processor.py:925} INFO - DAG(s) 'extract_raw_data_pipeline' retrieved from /opt/airflow/dags/driven_data_pipeline.py
[2025-07-03T01:58:36.296+0000] {logging_mixin.py:190} INFO - [2025-07-03T01:58:36.295+0000] {dag.py:3239} INFO - Sync 1 DAGs
[2025-07-03T01:58:36.339+0000] {logging_mixin.py:190} INFO - [2025-07-03T01:58:36.339+0000] {dag.py:4180} INFO - Setting next_dagrun for extract_raw_data_pipeline to 2025-07-02 07:59:00+00:00, run_after=2025-07-03 07:00:00+00:00
[2025-07-03T01:58:36.374+0000] {processor.py:208} INFO - Processing /opt/airflow/dags/driven_data_pipeline.py took 0.907 seconds
[2025-07-03T01:59:06.797+0000] {processor.py:186} INFO - Started process (PID=307) to work on /opt/airflow/dags/driven_data_pipeline.py
[2025-07-03T01:59:06.799+0000] {processor.py:914} INFO - Processing file /opt/airflow/dags/driven_data_pipeline.py for tasks to queue
[2025-07-03T01:59:06.804+0000] {logging_mixin.py:190} INFO - [2025-07-03T01:59:06.803+0000] {dagbag.py:588} INFO - Filling up the DagBag from /opt/airflow/dags/driven_data_pipeline.py
[2025-07-03T01:59:07.646+0000] {processor.py:925} INFO - DAG(s) 'extract_raw_data_pipeline' retrieved from /opt/airflow/dags/driven_data_pipeline.py
[2025-07-03T01:59:07.699+0000] {logging_mixin.py:190} INFO - [2025-07-03T01:59:07.699+0000] {dag.py:3239} INFO - Sync 1 DAGs
[2025-07-03T01:59:07.743+0000] {logging_mixin.py:190} INFO - [2025-07-03T01:59:07.743+0000] {dag.py:4180} INFO - Setting next_dagrun for extract_raw_data_pipeline to 2025-07-02 07:59:00+00:00, run_after=2025-07-03 07:00:00+00:00
[2025-07-03T01:59:07.778+0000] {processor.py:208} INFO - Processing /opt/airflow/dags/driven_data_pipeline.py took 0.992 seconds
[2025-07-03T01:59:38.219+0000] {processor.py:186} INFO - Started process (PID=315) to work on /opt/airflow/dags/driven_data_pipeline.py
[2025-07-03T01:59:38.221+0000] {processor.py:914} INFO - Processing file /opt/airflow/dags/driven_data_pipeline.py for tasks to queue
[2025-07-03T01:59:38.227+0000] {logging_mixin.py:190} INFO - [2025-07-03T01:59:38.226+0000] {dagbag.py:588} INFO - Filling up the DagBag from /opt/airflow/dags/driven_data_pipeline.py
[2025-07-03T01:59:38.832+0000] {processor.py:925} INFO - DAG(s) 'extract_raw_data_pipeline' retrieved from /opt/airflow/dags/driven_data_pipeline.py
[2025-07-03T01:59:38.882+0000] {logging_mixin.py:190} INFO - [2025-07-03T01:59:38.882+0000] {dag.py:3239} INFO - Sync 1 DAGs
[2025-07-03T01:59:38.917+0000] {logging_mixin.py:190} INFO - [2025-07-03T01:59:38.917+0000] {dag.py:4180} INFO - Setting next_dagrun for extract_raw_data_pipeline to 2025-07-02 07:59:00+00:00, run_after=2025-07-03 07:00:00+00:00
[2025-07-03T01:59:38.947+0000] {processor.py:208} INFO - Processing /opt/airflow/dags/driven_data_pipeline.py took 0.740 seconds
[2025-07-03T02:00:09.456+0000] {processor.py:186} INFO - Started process (PID=323) to work on /opt/airflow/dags/driven_data_pipeline.py
[2025-07-03T02:00:09.458+0000] {processor.py:914} INFO - Processing file /opt/airflow/dags/driven_data_pipeline.py for tasks to queue
[2025-07-03T02:00:09.464+0000] {logging_mixin.py:190} INFO - [2025-07-03T02:00:09.463+0000] {dagbag.py:588} INFO - Filling up the DagBag from /opt/airflow/dags/driven_data_pipeline.py
[2025-07-03T02:00:10.256+0000] {processor.py:925} INFO - DAG(s) 'extract_raw_data_pipeline' retrieved from /opt/airflow/dags/driven_data_pipeline.py
[2025-07-03T02:00:10.314+0000] {logging_mixin.py:190} INFO - [2025-07-03T02:00:10.314+0000] {dag.py:3239} INFO - Sync 1 DAGs
[2025-07-03T02:00:10.394+0000] {logging_mixin.py:190} INFO - [2025-07-03T02:00:10.394+0000] {dag.py:4180} INFO - Setting next_dagrun for extract_raw_data_pipeline to 2025-07-02 07:59:00+00:00, run_after=2025-07-03 07:00:00+00:00
[2025-07-03T02:00:10.421+0000] {processor.py:208} INFO - Processing /opt/airflow/dags/driven_data_pipeline.py took 0.975 seconds
[2025-07-03T02:00:40.877+0000] {processor.py:186} INFO - Started process (PID=331) to work on /opt/airflow/dags/driven_data_pipeline.py
[2025-07-03T02:00:40.880+0000] {processor.py:914} INFO - Processing file /opt/airflow/dags/driven_data_pipeline.py for tasks to queue
[2025-07-03T02:00:40.886+0000] {logging_mixin.py:190} INFO - [2025-07-03T02:00:40.885+0000] {dagbag.py:588} INFO - Filling up the DagBag from /opt/airflow/dags/driven_data_pipeline.py
[2025-07-03T02:00:41.686+0000] {processor.py:925} INFO - DAG(s) 'extract_raw_data_pipeline' retrieved from /opt/airflow/dags/driven_data_pipeline.py
[2025-07-03T02:00:41.767+0000] {logging_mixin.py:190} INFO - [2025-07-03T02:00:41.766+0000] {dag.py:3239} INFO - Sync 1 DAGs
[2025-07-03T02:00:41.809+0000] {logging_mixin.py:190} INFO - [2025-07-03T02:00:41.809+0000] {dag.py:4180} INFO - Setting next_dagrun for extract_raw_data_pipeline to 2025-07-02 07:59:00+00:00, run_after=2025-07-03 07:00:00+00:00
[2025-07-03T02:00:41.844+0000] {processor.py:208} INFO - Processing /opt/airflow/dags/driven_data_pipeline.py took 0.979 seconds
[2025-07-03T02:01:12.184+0000] {processor.py:186} INFO - Started process (PID=339) to work on /opt/airflow/dags/driven_data_pipeline.py
[2025-07-03T02:01:12.188+0000] {processor.py:914} INFO - Processing file /opt/airflow/dags/driven_data_pipeline.py for tasks to queue
[2025-07-03T02:01:12.193+0000] {logging_mixin.py:190} INFO - [2025-07-03T02:01:12.193+0000] {dagbag.py:588} INFO - Filling up the DagBag from /opt/airflow/dags/driven_data_pipeline.py
[2025-07-03T02:01:12.893+0000] {processor.py:925} INFO - DAG(s) 'extract_raw_data_pipeline' retrieved from /opt/airflow/dags/driven_data_pipeline.py
[2025-07-03T02:01:12.995+0000] {logging_mixin.py:190} INFO - [2025-07-03T02:01:12.995+0000] {dag.py:3239} INFO - Sync 1 DAGs
[2025-07-03T02:01:13.042+0000] {logging_mixin.py:190} INFO - [2025-07-03T02:01:13.041+0000] {dag.py:4180} INFO - Setting next_dagrun for extract_raw_data_pipeline to 2025-07-02 07:59:00+00:00, run_after=2025-07-03 07:00:00+00:00
[2025-07-03T02:01:13.082+0000] {processor.py:208} INFO - Processing /opt/airflow/dags/driven_data_pipeline.py took 0.909 seconds
[2025-07-03T02:01:43.552+0000] {processor.py:186} INFO - Started process (PID=347) to work on /opt/airflow/dags/driven_data_pipeline.py
[2025-07-03T02:01:43.568+0000] {processor.py:914} INFO - Processing file /opt/airflow/dags/driven_data_pipeline.py for tasks to queue
[2025-07-03T02:01:43.584+0000] {logging_mixin.py:190} INFO - [2025-07-03T02:01:43.574+0000] {dagbag.py:588} INFO - Filling up the DagBag from /opt/airflow/dags/driven_data_pipeline.py
[2025-07-03T02:01:44.081+0000] {processor.py:925} INFO - DAG(s) 'extract_raw_data_pipeline' retrieved from /opt/airflow/dags/driven_data_pipeline.py
[2025-07-03T02:01:44.125+0000] {logging_mixin.py:190} INFO - [2025-07-03T02:01:44.124+0000] {dag.py:3239} INFO - Sync 1 DAGs
[2025-07-03T02:01:44.161+0000] {logging_mixin.py:190} INFO - [2025-07-03T02:01:44.160+0000] {dag.py:4180} INFO - Setting next_dagrun for extract_raw_data_pipeline to 2025-07-02 07:59:00+00:00, run_after=2025-07-03 07:00:00+00:00
[2025-07-03T02:01:44.189+0000] {processor.py:208} INFO - Processing /opt/airflow/dags/driven_data_pipeline.py took 0.659 seconds
[2025-07-03T02:02:14.620+0000] {processor.py:186} INFO - Started process (PID=355) to work on /opt/airflow/dags/driven_data_pipeline.py
[2025-07-03T02:02:14.622+0000] {processor.py:914} INFO - Processing file /opt/airflow/dags/driven_data_pipeline.py for tasks to queue
[2025-07-03T02:02:14.628+0000] {logging_mixin.py:190} INFO - [2025-07-03T02:02:14.627+0000] {dagbag.py:588} INFO - Filling up the DagBag from /opt/airflow/dags/driven_data_pipeline.py
[2025-07-03T02:02:15.243+0000] {processor.py:925} INFO - DAG(s) 'extract_raw_data_pipeline' retrieved from /opt/airflow/dags/driven_data_pipeline.py
[2025-07-03T02:02:15.331+0000] {logging_mixin.py:190} INFO - [2025-07-03T02:02:15.331+0000] {dag.py:3239} INFO - Sync 1 DAGs
[2025-07-03T02:02:15.368+0000] {logging_mixin.py:190} INFO - [2025-07-03T02:02:15.368+0000] {dag.py:4180} INFO - Setting next_dagrun for extract_raw_data_pipeline to 2025-07-02 07:59:00+00:00, run_after=2025-07-03 07:00:00+00:00
[2025-07-03T02:02:15.403+0000] {processor.py:208} INFO - Processing /opt/airflow/dags/driven_data_pipeline.py took 0.808 seconds
[2025-07-03T02:02:45.820+0000] {processor.py:186} INFO - Started process (PID=363) to work on /opt/airflow/dags/driven_data_pipeline.py
[2025-07-03T02:02:45.822+0000] {processor.py:914} INFO - Processing file /opt/airflow/dags/driven_data_pipeline.py for tasks to queue
[2025-07-03T02:02:45.826+0000] {logging_mixin.py:190} INFO - [2025-07-03T02:02:45.826+0000] {dagbag.py:588} INFO - Filling up the DagBag from /opt/airflow/dags/driven_data_pipeline.py
[2025-07-03T02:02:46.354+0000] {processor.py:925} INFO - DAG(s) 'extract_raw_data_pipeline' retrieved from /opt/airflow/dags/driven_data_pipeline.py
[2025-07-03T02:02:46.405+0000] {logging_mixin.py:190} INFO - [2025-07-03T02:02:46.404+0000] {dag.py:3239} INFO - Sync 1 DAGs
[2025-07-03T02:02:46.440+0000] {logging_mixin.py:190} INFO - [2025-07-03T02:02:46.439+0000] {dag.py:4180} INFO - Setting next_dagrun for extract_raw_data_pipeline to 2025-07-02 07:59:00+00:00, run_after=2025-07-03 07:00:00+00:00
[2025-07-03T02:02:46.475+0000] {processor.py:208} INFO - Processing /opt/airflow/dags/driven_data_pipeline.py took 0.665 seconds
[2025-07-03T02:03:16.986+0000] {processor.py:186} INFO - Started process (PID=371) to work on /opt/airflow/dags/driven_data_pipeline.py
[2025-07-03T02:03:16.988+0000] {processor.py:914} INFO - Processing file /opt/airflow/dags/driven_data_pipeline.py for tasks to queue
[2025-07-03T02:03:16.993+0000] {logging_mixin.py:190} INFO - [2025-07-03T02:03:16.992+0000] {dagbag.py:588} INFO - Filling up the DagBag from /opt/airflow/dags/driven_data_pipeline.py
[2025-07-03T02:03:17.687+0000] {processor.py:925} INFO - DAG(s) 'extract_raw_data_pipeline' retrieved from /opt/airflow/dags/driven_data_pipeline.py
[2025-07-03T02:03:17.735+0000] {logging_mixin.py:190} INFO - [2025-07-03T02:03:17.734+0000] {dag.py:3239} INFO - Sync 1 DAGs
[2025-07-03T02:03:17.791+0000] {logging_mixin.py:190} INFO - [2025-07-03T02:03:17.790+0000] {dag.py:4180} INFO - Setting next_dagrun for extract_raw_data_pipeline to 2025-07-02 07:59:00+00:00, run_after=2025-07-03 07:00:00+00:00
[2025-07-03T02:03:17.840+0000] {processor.py:208} INFO - Processing /opt/airflow/dags/driven_data_pipeline.py took 0.869 seconds
[2025-07-03T02:03:21.573+0000] {processor.py:186} INFO - Started process (PID=373) to work on /opt/airflow/dags/driven_data_pipeline.py
[2025-07-03T02:03:21.575+0000] {processor.py:914} INFO - Processing file /opt/airflow/dags/driven_data_pipeline.py for tasks to queue
[2025-07-03T02:03:21.580+0000] {logging_mixin.py:190} INFO - [2025-07-03T02:03:21.579+0000] {dagbag.py:588} INFO - Filling up the DagBag from /opt/airflow/dags/driven_data_pipeline.py
[2025-07-03T02:03:21.869+0000] {processor.py:925} INFO - DAG(s) 'extract_raw_data_pipeline' retrieved from /opt/airflow/dags/driven_data_pipeline.py
[2025-07-03T02:03:21.908+0000] {logging_mixin.py:190} INFO - [2025-07-03T02:03:21.908+0000] {dag.py:3239} INFO - Sync 1 DAGs
[2025-07-03T02:03:21.947+0000] {logging_mixin.py:190} INFO - [2025-07-03T02:03:21.946+0000] {dag.py:4180} INFO - Setting next_dagrun for extract_raw_data_pipeline to 2025-07-02 07:59:00+00:00, run_after=2025-07-03 07:00:00+00:00
[2025-07-03T02:03:21.991+0000] {processor.py:208} INFO - Processing /opt/airflow/dags/driven_data_pipeline.py took 0.429 seconds
[2025-07-03T02:03:52.301+0000] {processor.py:186} INFO - Started process (PID=381) to work on /opt/airflow/dags/driven_data_pipeline.py
[2025-07-03T02:03:52.303+0000] {processor.py:914} INFO - Processing file /opt/airflow/dags/driven_data_pipeline.py for tasks to queue
[2025-07-03T02:03:52.307+0000] {logging_mixin.py:190} INFO - [2025-07-03T02:03:52.307+0000] {dagbag.py:588} INFO - Filling up the DagBag from /opt/airflow/dags/driven_data_pipeline.py
[2025-07-03T02:03:53.309+0000] {processor.py:925} INFO - DAG(s) 'extract_raw_data_pipeline' retrieved from /opt/airflow/dags/driven_data_pipeline.py
[2025-07-03T02:03:53.389+0000] {logging_mixin.py:190} INFO - [2025-07-03T02:03:53.389+0000] {dag.py:3239} INFO - Sync 1 DAGs
[2025-07-03T02:03:53.441+0000] {logging_mixin.py:190} INFO - [2025-07-03T02:03:53.440+0000] {dag.py:4180} INFO - Setting next_dagrun for extract_raw_data_pipeline to 2025-07-02 07:59:00+00:00, run_after=2025-07-03 07:00:00+00:00
[2025-07-03T02:03:53.486+0000] {processor.py:208} INFO - Processing /opt/airflow/dags/driven_data_pipeline.py took 1.198 seconds
[2025-07-03T02:04:23.870+0000] {processor.py:186} INFO - Started process (PID=395) to work on /opt/airflow/dags/driven_data_pipeline.py
[2025-07-03T02:04:23.872+0000] {processor.py:914} INFO - Processing file /opt/airflow/dags/driven_data_pipeline.py for tasks to queue
[2025-07-03T02:04:23.877+0000] {logging_mixin.py:190} INFO - [2025-07-03T02:04:23.876+0000] {dagbag.py:588} INFO - Filling up the DagBag from /opt/airflow/dags/driven_data_pipeline.py
[2025-07-03T02:04:24.679+0000] {processor.py:925} INFO - DAG(s) 'extract_raw_data_pipeline' retrieved from /opt/airflow/dags/driven_data_pipeline.py
[2025-07-03T02:04:24.726+0000] {logging_mixin.py:190} INFO - [2025-07-03T02:04:24.725+0000] {dag.py:3239} INFO - Sync 1 DAGs
[2025-07-03T02:04:24.764+0000] {logging_mixin.py:190} INFO - [2025-07-03T02:04:24.764+0000] {dag.py:4180} INFO - Setting next_dagrun for extract_raw_data_pipeline to 2025-07-02 07:59:00+00:00, run_after=2025-07-03 07:00:00+00:00
[2025-07-03T02:04:24.800+0000] {processor.py:208} INFO - Processing /opt/airflow/dags/driven_data_pipeline.py took 0.944 seconds
[2025-07-03T02:04:55.201+0000] {processor.py:186} INFO - Started process (PID=403) to work on /opt/airflow/dags/driven_data_pipeline.py
[2025-07-03T02:04:55.203+0000] {processor.py:914} INFO - Processing file /opt/airflow/dags/driven_data_pipeline.py for tasks to queue
[2025-07-03T02:04:55.208+0000] {logging_mixin.py:190} INFO - [2025-07-03T02:04:55.207+0000] {dagbag.py:588} INFO - Filling up the DagBag from /opt/airflow/dags/driven_data_pipeline.py
[2025-07-03T02:04:55.926+0000] {processor.py:925} INFO - DAG(s) 'extract_raw_data_pipeline' retrieved from /opt/airflow/dags/driven_data_pipeline.py
[2025-07-03T02:04:56.003+0000] {logging_mixin.py:190} INFO - [2025-07-03T02:04:56.003+0000] {dag.py:3239} INFO - Sync 1 DAGs
[2025-07-03T02:04:56.041+0000] {logging_mixin.py:190} INFO - [2025-07-03T02:04:56.041+0000] {dag.py:4180} INFO - Setting next_dagrun for extract_raw_data_pipeline to 2025-07-02 07:59:00+00:00, run_after=2025-07-03 07:00:00+00:00
[2025-07-03T02:04:56.075+0000] {processor.py:208} INFO - Processing /opt/airflow/dags/driven_data_pipeline.py took 0.884 seconds
[2025-07-03T02:05:26.447+0000] {processor.py:186} INFO - Started process (PID=411) to work on /opt/airflow/dags/driven_data_pipeline.py
[2025-07-03T02:05:26.450+0000] {processor.py:914} INFO - Processing file /opt/airflow/dags/driven_data_pipeline.py for tasks to queue
[2025-07-03T02:05:26.455+0000] {logging_mixin.py:190} INFO - [2025-07-03T02:05:26.454+0000] {dagbag.py:588} INFO - Filling up the DagBag from /opt/airflow/dags/driven_data_pipeline.py
[2025-07-03T02:05:27.009+0000] {processor.py:925} INFO - DAG(s) 'extract_raw_data_pipeline' retrieved from /opt/airflow/dags/driven_data_pipeline.py
[2025-07-03T02:05:27.068+0000] {logging_mixin.py:190} INFO - [2025-07-03T02:05:27.067+0000] {dag.py:3239} INFO - Sync 1 DAGs
[2025-07-03T02:05:27.102+0000] {logging_mixin.py:190} INFO - [2025-07-03T02:05:27.102+0000] {dag.py:4180} INFO - Setting next_dagrun for extract_raw_data_pipeline to 2025-07-02 07:59:00+00:00, run_after=2025-07-03 07:00:00+00:00
[2025-07-03T02:05:27.131+0000] {processor.py:208} INFO - Processing /opt/airflow/dags/driven_data_pipeline.py took 0.697 seconds
[2025-07-03T02:05:57.538+0000] {processor.py:186} INFO - Started process (PID=419) to work on /opt/airflow/dags/driven_data_pipeline.py
[2025-07-03T02:05:57.540+0000] {processor.py:914} INFO - Processing file /opt/airflow/dags/driven_data_pipeline.py for tasks to queue
[2025-07-03T02:05:57.545+0000] {logging_mixin.py:190} INFO - [2025-07-03T02:05:57.545+0000] {dagbag.py:588} INFO - Filling up the DagBag from /opt/airflow/dags/driven_data_pipeline.py
[2025-07-03T02:05:58.132+0000] {processor.py:925} INFO - DAG(s) 'extract_raw_data_pipeline' retrieved from /opt/airflow/dags/driven_data_pipeline.py
[2025-07-03T02:05:58.228+0000] {logging_mixin.py:190} INFO - [2025-07-03T02:05:58.227+0000] {dag.py:3239} INFO - Sync 1 DAGs
[2025-07-03T02:05:58.261+0000] {logging_mixin.py:190} INFO - [2025-07-03T02:05:58.260+0000] {dag.py:4180} INFO - Setting next_dagrun for extract_raw_data_pipeline to 2025-07-02 07:59:00+00:00, run_after=2025-07-03 07:00:00+00:00
[2025-07-03T02:05:58.295+0000] {processor.py:208} INFO - Processing /opt/airflow/dags/driven_data_pipeline.py took 0.769 seconds
[2025-07-03T02:05:59.389+0000] {processor.py:186} INFO - Started process (PID=421) to work on /opt/airflow/dags/driven_data_pipeline.py
[2025-07-03T02:05:59.391+0000] {processor.py:914} INFO - Processing file /opt/airflow/dags/driven_data_pipeline.py for tasks to queue
[2025-07-03T02:05:59.395+0000] {logging_mixin.py:190} INFO - [2025-07-03T02:05:59.394+0000] {dagbag.py:588} INFO - Filling up the DagBag from /opt/airflow/dags/driven_data_pipeline.py
[2025-07-03T02:05:59.775+0000] {processor.py:925} INFO - DAG(s) 'extract_raw_data_pipeline' retrieved from /opt/airflow/dags/driven_data_pipeline.py
[2025-07-03T02:06:00.305+0000] {logging_mixin.py:190} INFO - [2025-07-03T02:06:00.305+0000] {dag.py:3239} INFO - Sync 1 DAGs
[2025-07-03T02:06:00.339+0000] {logging_mixin.py:190} INFO - [2025-07-03T02:06:00.339+0000] {dag.py:4180} INFO - Setting next_dagrun for extract_raw_data_pipeline to 2025-07-02 07:59:00+00:00, run_after=2025-07-03 07:00:00+00:00
[2025-07-03T02:06:00.377+0000] {processor.py:208} INFO - Processing /opt/airflow/dags/driven_data_pipeline.py took 0.999 seconds
[2025-07-03T02:58:43.336+0000] {processor.py:186} INFO - Started process (PID=95) to work on /opt/airflow/dags/driven_data_pipeline.py
[2025-07-03T02:58:43.339+0000] {processor.py:914} INFO - Processing file /opt/airflow/dags/driven_data_pipeline.py for tasks to queue
[2025-07-03T02:58:43.348+0000] {logging_mixin.py:190} INFO - [2025-07-03T02:58:43.346+0000] {dagbag.py:588} INFO - Filling up the DagBag from /opt/airflow/dags/driven_data_pipeline.py
[2025-07-03T02:58:44.480+0000] {processor.py:925} INFO - DAG(s) 'extract_raw_data_pipeline' retrieved from /opt/airflow/dags/driven_data_pipeline.py
[2025-07-03T02:58:44.648+0000] {logging_mixin.py:190} INFO - [2025-07-03T02:58:44.648+0000] {dag.py:3239} INFO - Sync 1 DAGs
[2025-07-03T02:58:44.724+0000] {logging_mixin.py:190} INFO - [2025-07-03T02:58:44.723+0000] {dag.py:4180} INFO - Setting next_dagrun for extract_raw_data_pipeline to 2025-07-02 07:59:00+00:00, run_after=2025-07-03 07:00:00+00:00
[2025-07-03T02:58:44.827+0000] {processor.py:208} INFO - Processing /opt/airflow/dags/driven_data_pipeline.py took 1.507 seconds
[2025-07-03T02:59:15.034+0000] {processor.py:186} INFO - Started process (PID=103) to work on /opt/airflow/dags/driven_data_pipeline.py
[2025-07-03T02:59:15.037+0000] {processor.py:914} INFO - Processing file /opt/airflow/dags/driven_data_pipeline.py for tasks to queue
[2025-07-03T02:59:15.043+0000] {logging_mixin.py:190} INFO - [2025-07-03T02:59:15.042+0000] {dagbag.py:588} INFO - Filling up the DagBag from /opt/airflow/dags/driven_data_pipeline.py
[2025-07-03T02:59:16.166+0000] {processor.py:925} INFO - DAG(s) 'extract_raw_data_pipeline' retrieved from /opt/airflow/dags/driven_data_pipeline.py
[2025-07-03T02:59:16.223+0000] {logging_mixin.py:190} INFO - [2025-07-03T02:59:16.223+0000] {dag.py:3239} INFO - Sync 1 DAGs
[2025-07-03T02:59:16.268+0000] {logging_mixin.py:190} INFO - [2025-07-03T02:59:16.268+0000] {dag.py:4180} INFO - Setting next_dagrun for extract_raw_data_pipeline to 2025-07-02 07:59:00+00:00, run_after=2025-07-03 07:00:00+00:00
[2025-07-03T02:59:16.300+0000] {processor.py:208} INFO - Processing /opt/airflow/dags/driven_data_pipeline.py took 1.279 seconds
[2025-07-03T02:59:47.165+0000] {processor.py:186} INFO - Started process (PID=112) to work on /opt/airflow/dags/driven_data_pipeline.py
[2025-07-03T02:59:47.168+0000] {processor.py:914} INFO - Processing file /opt/airflow/dags/driven_data_pipeline.py for tasks to queue
[2025-07-03T02:59:47.174+0000] {logging_mixin.py:190} INFO - [2025-07-03T02:59:47.173+0000] {dagbag.py:588} INFO - Filling up the DagBag from /opt/airflow/dags/driven_data_pipeline.py
[2025-07-03T02:59:48.049+0000] {processor.py:925} INFO - DAG(s) 'extract_raw_data_pipeline' retrieved from /opt/airflow/dags/driven_data_pipeline.py
[2025-07-03T02:59:48.105+0000] {logging_mixin.py:190} INFO - [2025-07-03T02:59:48.104+0000] {dag.py:3239} INFO - Sync 1 DAGs
[2025-07-03T02:59:48.142+0000] {logging_mixin.py:190} INFO - [2025-07-03T02:59:48.142+0000] {dag.py:4180} INFO - Setting next_dagrun for extract_raw_data_pipeline to 2025-07-02 07:59:00+00:00, run_after=2025-07-03 07:00:00+00:00
[2025-07-03T02:59:48.176+0000] {processor.py:208} INFO - Processing /opt/airflow/dags/driven_data_pipeline.py took 1.024 seconds
[2025-07-03T03:00:18.534+0000] {processor.py:186} INFO - Started process (PID=120) to work on /opt/airflow/dags/driven_data_pipeline.py
[2025-07-03T03:00:18.536+0000] {processor.py:914} INFO - Processing file /opt/airflow/dags/driven_data_pipeline.py for tasks to queue
[2025-07-03T03:00:18.546+0000] {logging_mixin.py:190} INFO - [2025-07-03T03:00:18.544+0000] {dagbag.py:588} INFO - Filling up the DagBag from /opt/airflow/dags/driven_data_pipeline.py
[2025-07-03T03:00:21.585+0000] {processor.py:925} INFO - DAG(s) 'extract_raw_data_pipeline' retrieved from /opt/airflow/dags/driven_data_pipeline.py
[2025-07-03T03:00:21.620+0000] {logging_mixin.py:190} INFO - [2025-07-03T03:00:21.620+0000] {dag.py:3239} INFO - Sync 1 DAGs
[2025-07-03T03:00:21.650+0000] {logging_mixin.py:190} INFO - [2025-07-03T03:00:21.649+0000] {dag.py:4180} INFO - Setting next_dagrun for extract_raw_data_pipeline to 2025-07-02 07:59:00+00:00, run_after=2025-07-03 07:00:00+00:00
[2025-07-03T03:00:21.676+0000] {processor.py:208} INFO - Processing /opt/airflow/dags/driven_data_pipeline.py took 2.374 seconds
[2025-07-03T03:00:52.834+0000] {processor.py:186} INFO - Started process (PID=129) to work on /opt/airflow/dags/driven_data_pipeline.py
[2025-07-03T03:00:52.836+0000] {processor.py:914} INFO - Processing file /opt/airflow/dags/driven_data_pipeline.py for tasks to queue
[2025-07-03T03:00:52.841+0000] {logging_mixin.py:190} INFO - [2025-07-03T03:00:52.841+0000] {dagbag.py:588} INFO - Filling up the DagBag from /opt/airflow/dags/driven_data_pipeline.py
[2025-07-03T03:00:53.643+0000] {processor.py:925} INFO - DAG(s) 'extract_raw_data_pipeline' retrieved from /opt/airflow/dags/driven_data_pipeline.py
[2025-07-03T03:00:53.676+0000] {logging_mixin.py:190} INFO - [2025-07-03T03:00:53.676+0000] {dag.py:3239} INFO - Sync 1 DAGs
[2025-07-03T03:00:53.703+0000] {logging_mixin.py:190} INFO - [2025-07-03T03:00:53.703+0000] {dag.py:4180} INFO - Setting next_dagrun for extract_raw_data_pipeline to 2025-07-02 07:59:00+00:00, run_after=2025-07-03 07:00:00+00:00
[2025-07-03T03:00:53.739+0000] {processor.py:208} INFO - Processing /opt/airflow/dags/driven_data_pipeline.py took 0.913 seconds
[2025-07-03T03:01:24.165+0000] {processor.py:186} INFO - Started process (PID=137) to work on /opt/airflow/dags/driven_data_pipeline.py
[2025-07-03T03:01:24.169+0000] {processor.py:914} INFO - Processing file /opt/airflow/dags/driven_data_pipeline.py for tasks to queue
[2025-07-03T03:01:24.206+0000] {logging_mixin.py:190} INFO - [2025-07-03T03:01:24.183+0000] {dagbag.py:588} INFO - Filling up the DagBag from /opt/airflow/dags/driven_data_pipeline.py
[2025-07-03T03:01:27.028+0000] {processor.py:925} INFO - DAG(s) 'extract_raw_data_pipeline' retrieved from /opt/airflow/dags/driven_data_pipeline.py
[2025-07-03T03:01:27.120+0000] {logging_mixin.py:190} INFO - [2025-07-03T03:01:27.119+0000] {dag.py:3239} INFO - Sync 1 DAGs
[2025-07-03T03:01:27.163+0000] {logging_mixin.py:190} INFO - [2025-07-03T03:01:27.163+0000] {dag.py:4180} INFO - Setting next_dagrun for extract_raw_data_pipeline to 2025-07-02 07:59:00+00:00, run_after=2025-07-03 07:00:00+00:00
[2025-07-03T03:01:27.187+0000] {processor.py:208} INFO - Processing /opt/airflow/dags/driven_data_pipeline.py took 2.212 seconds
[2025-07-03T03:01:57.469+0000] {processor.py:186} INFO - Started process (PID=149) to work on /opt/airflow/dags/driven_data_pipeline.py
[2025-07-03T03:01:57.473+0000] {processor.py:914} INFO - Processing file /opt/airflow/dags/driven_data_pipeline.py for tasks to queue
[2025-07-03T03:01:57.486+0000] {logging_mixin.py:190} INFO - [2025-07-03T03:01:57.481+0000] {dagbag.py:588} INFO - Filling up the DagBag from /opt/airflow/dags/driven_data_pipeline.py
[2025-07-03T03:02:00.529+0000] {processor.py:925} INFO - DAG(s) 'extract_raw_data_pipeline' retrieved from /opt/airflow/dags/driven_data_pipeline.py
[2025-07-03T03:02:00.582+0000] {logging_mixin.py:190} INFO - [2025-07-03T03:02:00.582+0000] {dag.py:3239} INFO - Sync 1 DAGs
[2025-07-03T03:02:00.608+0000] {logging_mixin.py:190} INFO - [2025-07-03T03:02:00.607+0000] {dag.py:4180} INFO - Setting next_dagrun for extract_raw_data_pipeline to 2025-07-02 07:59:00+00:00, run_after=2025-07-03 07:00:00+00:00
[2025-07-03T03:02:00.635+0000] {processor.py:208} INFO - Processing /opt/airflow/dags/driven_data_pipeline.py took 2.293 seconds
[2025-07-03T03:03:04.094+0000] {processor.py:186} INFO - Started process (PID=157) to work on /opt/airflow/dags/driven_data_pipeline.py
[2025-07-03T03:03:08.949+0000] {processor.py:914} INFO - Processing file /opt/airflow/dags/driven_data_pipeline.py for tasks to queue
[2025-07-03T03:03:18.995+0000] {logging_mixin.py:190} INFO - [2025-07-03T03:03:15.016+0000] {dagbag.py:588} INFO - Filling up the DagBag from /opt/airflow/dags/driven_data_pipeline.py
[2025-07-03T03:03:29.874+0000] {processor.py:925} INFO - DAG(s) 'extract_raw_data_pipeline' retrieved from /opt/airflow/dags/driven_data_pipeline.py
[2025-07-03T03:03:29.945+0000] {logging_mixin.py:190} INFO - [2025-07-03T03:03:29.944+0000] {dag.py:3239} INFO - Sync 1 DAGs
[2025-07-03T03:03:29.986+0000] {logging_mixin.py:190} INFO - [2025-07-03T03:03:29.986+0000] {dag.py:4180} INFO - Setting next_dagrun for extract_raw_data_pipeline to 2025-07-02 07:59:00+00:00, run_after=2025-07-03 07:00:00+00:00
[2025-07-03T03:03:30.018+0000] {processor.py:208} INFO - Processing /opt/airflow/dags/driven_data_pipeline.py took 32.926 seconds
[2025-07-03T03:04:00.212+0000] {processor.py:186} INFO - Started process (PID=165) to work on /opt/airflow/dags/driven_data_pipeline.py
[2025-07-03T03:04:00.214+0000] {processor.py:914} INFO - Processing file /opt/airflow/dags/driven_data_pipeline.py for tasks to queue
[2025-07-03T03:04:00.222+0000] {logging_mixin.py:190} INFO - [2025-07-03T03:04:00.221+0000] {dagbag.py:588} INFO - Filling up the DagBag from /opt/airflow/dags/driven_data_pipeline.py
[2025-07-03T03:04:01.367+0000] {processor.py:925} INFO - DAG(s) 'extract_raw_data_pipeline' retrieved from /opt/airflow/dags/driven_data_pipeline.py
[2025-07-03T03:04:01.435+0000] {logging_mixin.py:190} INFO - [2025-07-03T03:04:01.435+0000] {dag.py:3239} INFO - Sync 1 DAGs
[2025-07-03T03:04:01.495+0000] {logging_mixin.py:190} INFO - [2025-07-03T03:04:01.495+0000] {dag.py:4180} INFO - Setting next_dagrun for extract_raw_data_pipeline to 2025-07-02 07:59:00+00:00, run_after=2025-07-03 07:00:00+00:00
[2025-07-03T03:04:01.542+0000] {processor.py:208} INFO - Processing /opt/airflow/dags/driven_data_pipeline.py took 1.346 seconds
[2025-07-03T03:04:31.769+0000] {processor.py:186} INFO - Started process (PID=173) to work on /opt/airflow/dags/driven_data_pipeline.py
[2025-07-03T03:04:31.771+0000] {processor.py:914} INFO - Processing file /opt/airflow/dags/driven_data_pipeline.py for tasks to queue
[2025-07-03T03:04:31.776+0000] {logging_mixin.py:190} INFO - [2025-07-03T03:04:31.775+0000] {dagbag.py:588} INFO - Filling up the DagBag from /opt/airflow/dags/driven_data_pipeline.py
[2025-07-03T03:04:32.625+0000] {processor.py:925} INFO - DAG(s) 'extract_raw_data_pipeline' retrieved from /opt/airflow/dags/driven_data_pipeline.py
[2025-07-03T03:04:32.660+0000] {logging_mixin.py:190} INFO - [2025-07-03T03:04:32.659+0000] {dag.py:3239} INFO - Sync 1 DAGs
[2025-07-03T03:04:32.687+0000] {logging_mixin.py:190} INFO - [2025-07-03T03:04:32.687+0000] {dag.py:4180} INFO - Setting next_dagrun for extract_raw_data_pipeline to 2025-07-02 07:59:00+00:00, run_after=2025-07-03 07:00:00+00:00
[2025-07-03T03:04:32.712+0000] {processor.py:208} INFO - Processing /opt/airflow/dags/driven_data_pipeline.py took 0.953 seconds
[2025-07-03T03:05:02.983+0000] {processor.py:186} INFO - Started process (PID=181) to work on /opt/airflow/dags/driven_data_pipeline.py
[2025-07-03T03:05:02.986+0000] {processor.py:914} INFO - Processing file /opt/airflow/dags/driven_data_pipeline.py for tasks to queue
[2025-07-03T03:05:02.991+0000] {logging_mixin.py:190} INFO - [2025-07-03T03:05:02.990+0000] {dagbag.py:588} INFO - Filling up the DagBag from /opt/airflow/dags/driven_data_pipeline.py
[2025-07-03T03:05:04.049+0000] {processor.py:925} INFO - DAG(s) 'extract_raw_data_pipeline' retrieved from /opt/airflow/dags/driven_data_pipeline.py
[2025-07-03T03:05:04.083+0000] {logging_mixin.py:190} INFO - [2025-07-03T03:05:04.083+0000] {dag.py:3239} INFO - Sync 1 DAGs
[2025-07-03T03:05:04.110+0000] {logging_mixin.py:190} INFO - [2025-07-03T03:05:04.110+0000] {dag.py:4180} INFO - Setting next_dagrun for extract_raw_data_pipeline to 2025-07-02 07:59:00+00:00, run_after=2025-07-03 07:00:00+00:00
[2025-07-03T03:05:04.142+0000] {processor.py:208} INFO - Processing /opt/airflow/dags/driven_data_pipeline.py took 1.171 seconds
[2025-07-03T03:05:34.252+0000] {processor.py:186} INFO - Started process (PID=189) to work on /opt/airflow/dags/driven_data_pipeline.py
[2025-07-03T03:05:34.254+0000] {processor.py:914} INFO - Processing file /opt/airflow/dags/driven_data_pipeline.py for tasks to queue
[2025-07-03T03:05:34.260+0000] {logging_mixin.py:190} INFO - [2025-07-03T03:05:34.259+0000] {dagbag.py:588} INFO - Filling up the DagBag from /opt/airflow/dags/driven_data_pipeline.py
[2025-07-03T03:05:35.065+0000] {processor.py:925} INFO - DAG(s) 'extract_raw_data_pipeline' retrieved from /opt/airflow/dags/driven_data_pipeline.py
[2025-07-03T03:05:35.115+0000] {logging_mixin.py:190} INFO - [2025-07-03T03:05:35.114+0000] {dag.py:3239} INFO - Sync 1 DAGs
[2025-07-03T03:05:35.151+0000] {logging_mixin.py:190} INFO - [2025-07-03T03:05:35.150+0000] {dag.py:4180} INFO - Setting next_dagrun for extract_raw_data_pipeline to 2025-07-02 07:59:00+00:00, run_after=2025-07-03 07:00:00+00:00
[2025-07-03T03:05:35.184+0000] {processor.py:208} INFO - Processing /opt/airflow/dags/driven_data_pipeline.py took 0.942 seconds
[2025-07-03T03:06:05.547+0000] {processor.py:186} INFO - Started process (PID=197) to work on /opt/airflow/dags/driven_data_pipeline.py
[2025-07-03T03:06:05.549+0000] {processor.py:914} INFO - Processing file /opt/airflow/dags/driven_data_pipeline.py for tasks to queue
[2025-07-03T03:06:05.554+0000] {logging_mixin.py:190} INFO - [2025-07-03T03:06:05.553+0000] {dagbag.py:588} INFO - Filling up the DagBag from /opt/airflow/dags/driven_data_pipeline.py
[2025-07-03T03:06:06.465+0000] {processor.py:925} INFO - DAG(s) 'extract_raw_data_pipeline' retrieved from /opt/airflow/dags/driven_data_pipeline.py
[2025-07-03T03:06:06.502+0000] {logging_mixin.py:190} INFO - [2025-07-03T03:06:06.502+0000] {dag.py:3239} INFO - Sync 1 DAGs
[2025-07-03T03:06:06.533+0000] {logging_mixin.py:190} INFO - [2025-07-03T03:06:06.533+0000] {dag.py:4180} INFO - Setting next_dagrun for extract_raw_data_pipeline to 2025-07-02 07:59:00+00:00, run_after=2025-07-03 07:00:00+00:00
[2025-07-03T03:06:06.564+0000] {processor.py:208} INFO - Processing /opt/airflow/dags/driven_data_pipeline.py took 1.028 seconds
[2025-07-03T03:06:36.856+0000] {processor.py:186} INFO - Started process (PID=205) to work on /opt/airflow/dags/driven_data_pipeline.py
[2025-07-03T03:06:36.864+0000] {processor.py:914} INFO - Processing file /opt/airflow/dags/driven_data_pipeline.py for tasks to queue
[2025-07-03T03:06:36.871+0000] {logging_mixin.py:190} INFO - [2025-07-03T03:06:36.869+0000] {dagbag.py:588} INFO - Filling up the DagBag from /opt/airflow/dags/driven_data_pipeline.py
[2025-07-03T03:06:38.016+0000] {processor.py:925} INFO - DAG(s) 'extract_raw_data_pipeline' retrieved from /opt/airflow/dags/driven_data_pipeline.py
[2025-07-03T03:06:38.071+0000] {logging_mixin.py:190} INFO - [2025-07-03T03:06:38.071+0000] {dag.py:3239} INFO - Sync 1 DAGs
[2025-07-03T03:06:38.106+0000] {logging_mixin.py:190} INFO - [2025-07-03T03:06:38.106+0000] {dag.py:4180} INFO - Setting next_dagrun for extract_raw_data_pipeline to 2025-07-02 07:59:00+00:00, run_after=2025-07-03 07:00:00+00:00
[2025-07-03T03:06:38.142+0000] {processor.py:208} INFO - Processing /opt/airflow/dags/driven_data_pipeline.py took 1.296 seconds
[2025-07-03T03:07:08.300+0000] {processor.py:186} INFO - Started process (PID=213) to work on /opt/airflow/dags/driven_data_pipeline.py
[2025-07-03T03:07:08.303+0000] {processor.py:914} INFO - Processing file /opt/airflow/dags/driven_data_pipeline.py for tasks to queue
[2025-07-03T03:07:08.309+0000] {logging_mixin.py:190} INFO - [2025-07-03T03:07:08.308+0000] {dagbag.py:588} INFO - Filling up the DagBag from /opt/airflow/dags/driven_data_pipeline.py
[2025-07-03T03:07:09.136+0000] {processor.py:925} INFO - DAG(s) 'extract_raw_data_pipeline' retrieved from /opt/airflow/dags/driven_data_pipeline.py
[2025-07-03T03:07:09.217+0000] {logging_mixin.py:190} INFO - [2025-07-03T03:07:09.216+0000] {dag.py:3239} INFO - Sync 1 DAGs
[2025-07-03T03:07:09.247+0000] {logging_mixin.py:190} INFO - [2025-07-03T03:07:09.247+0000] {dag.py:4180} INFO - Setting next_dagrun for extract_raw_data_pipeline to 2025-07-02 07:59:00+00:00, run_after=2025-07-03 07:00:00+00:00
[2025-07-03T03:07:09.277+0000] {processor.py:208} INFO - Processing /opt/airflow/dags/driven_data_pipeline.py took 0.989 seconds
[2025-07-03T03:07:39.646+0000] {processor.py:186} INFO - Started process (PID=221) to work on /opt/airflow/dags/driven_data_pipeline.py
[2025-07-03T03:07:39.648+0000] {processor.py:914} INFO - Processing file /opt/airflow/dags/driven_data_pipeline.py for tasks to queue
[2025-07-03T03:07:39.653+0000] {logging_mixin.py:190} INFO - [2025-07-03T03:07:39.652+0000] {dagbag.py:588} INFO - Filling up the DagBag from /opt/airflow/dags/driven_data_pipeline.py
[2025-07-03T03:07:40.515+0000] {processor.py:925} INFO - DAG(s) 'extract_raw_data_pipeline' retrieved from /opt/airflow/dags/driven_data_pipeline.py
[2025-07-03T03:07:40.547+0000] {logging_mixin.py:190} INFO - [2025-07-03T03:07:40.546+0000] {dag.py:3239} INFO - Sync 1 DAGs
[2025-07-03T03:07:40.574+0000] {logging_mixin.py:190} INFO - [2025-07-03T03:07:40.574+0000] {dag.py:4180} INFO - Setting next_dagrun for extract_raw_data_pipeline to 2025-07-02 07:59:00+00:00, run_after=2025-07-03 07:00:00+00:00
[2025-07-03T03:07:40.628+0000] {processor.py:208} INFO - Processing /opt/airflow/dags/driven_data_pipeline.py took 0.992 seconds
[2025-07-03T03:08:10.872+0000] {processor.py:186} INFO - Started process (PID=229) to work on /opt/airflow/dags/driven_data_pipeline.py
[2025-07-03T03:08:10.873+0000] {processor.py:914} INFO - Processing file /opt/airflow/dags/driven_data_pipeline.py for tasks to queue
[2025-07-03T03:08:10.879+0000] {logging_mixin.py:190} INFO - [2025-07-03T03:08:10.878+0000] {dagbag.py:588} INFO - Filling up the DagBag from /opt/airflow/dags/driven_data_pipeline.py
[2025-07-03T03:08:11.878+0000] {processor.py:925} INFO - DAG(s) 'extract_raw_data_pipeline' retrieved from /opt/airflow/dags/driven_data_pipeline.py
[2025-07-03T03:08:11.919+0000] {logging_mixin.py:190} INFO - [2025-07-03T03:08:11.919+0000] {dag.py:3239} INFO - Sync 1 DAGs
[2025-07-03T03:08:11.950+0000] {logging_mixin.py:190} INFO - [2025-07-03T03:08:11.949+0000] {dag.py:4180} INFO - Setting next_dagrun for extract_raw_data_pipeline to 2025-07-02 07:59:00+00:00, run_after=2025-07-03 07:00:00+00:00
[2025-07-03T03:08:11.979+0000] {processor.py:208} INFO - Processing /opt/airflow/dags/driven_data_pipeline.py took 1.116 seconds
[2025-07-03T03:08:42.235+0000] {processor.py:186} INFO - Started process (PID=237) to work on /opt/airflow/dags/driven_data_pipeline.py
[2025-07-03T03:08:42.237+0000] {processor.py:914} INFO - Processing file /opt/airflow/dags/driven_data_pipeline.py for tasks to queue
[2025-07-03T03:08:42.241+0000] {logging_mixin.py:190} INFO - [2025-07-03T03:08:42.240+0000] {dagbag.py:588} INFO - Filling up the DagBag from /opt/airflow/dags/driven_data_pipeline.py
[2025-07-03T03:08:42.539+0000] {processor.py:925} INFO - DAG(s) 'extract_raw_data_pipeline' retrieved from /opt/airflow/dags/driven_data_pipeline.py
[2025-07-03T03:08:42.588+0000] {logging_mixin.py:190} INFO - [2025-07-03T03:08:42.587+0000] {dag.py:3239} INFO - Sync 1 DAGs
[2025-07-03T03:08:42.670+0000] {logging_mixin.py:190} INFO - [2025-07-03T03:08:42.670+0000] {dag.py:4180} INFO - Setting next_dagrun for extract_raw_data_pipeline to 2025-07-02 07:59:00+00:00, run_after=2025-07-03 07:00:00+00:00
[2025-07-03T03:08:42.702+0000] {processor.py:208} INFO - Processing /opt/airflow/dags/driven_data_pipeline.py took 0.477 seconds
[2025-07-03T03:09:13.020+0000] {processor.py:186} INFO - Started process (PID=245) to work on /opt/airflow/dags/driven_data_pipeline.py
[2025-07-03T03:09:13.022+0000] {processor.py:914} INFO - Processing file /opt/airflow/dags/driven_data_pipeline.py for tasks to queue
[2025-07-03T03:09:13.026+0000] {logging_mixin.py:190} INFO - [2025-07-03T03:09:13.025+0000] {dagbag.py:588} INFO - Filling up the DagBag from /opt/airflow/dags/driven_data_pipeline.py
[2025-07-03T03:09:13.761+0000] {processor.py:925} INFO - DAG(s) 'extract_raw_data_pipeline' retrieved from /opt/airflow/dags/driven_data_pipeline.py
[2025-07-03T03:09:13.804+0000] {logging_mixin.py:190} INFO - [2025-07-03T03:09:13.803+0000] {dag.py:3239} INFO - Sync 1 DAGs
[2025-07-03T03:09:13.839+0000] {logging_mixin.py:190} INFO - [2025-07-03T03:09:13.838+0000] {dag.py:4180} INFO - Setting next_dagrun for extract_raw_data_pipeline to 2025-07-02 07:59:00+00:00, run_after=2025-07-03 07:00:00+00:00
[2025-07-03T03:09:13.873+0000] {processor.py:208} INFO - Processing /opt/airflow/dags/driven_data_pipeline.py took 0.860 seconds
[2025-07-03T03:09:44.248+0000] {processor.py:186} INFO - Started process (PID=253) to work on /opt/airflow/dags/driven_data_pipeline.py
[2025-07-03T03:09:44.250+0000] {processor.py:914} INFO - Processing file /opt/airflow/dags/driven_data_pipeline.py for tasks to queue
[2025-07-03T03:09:44.255+0000] {logging_mixin.py:190} INFO - [2025-07-03T03:09:44.254+0000] {dagbag.py:588} INFO - Filling up the DagBag from /opt/airflow/dags/driven_data_pipeline.py
[2025-07-03T03:09:45.045+0000] {processor.py:925} INFO - DAG(s) 'extract_raw_data_pipeline' retrieved from /opt/airflow/dags/driven_data_pipeline.py
[2025-07-03T03:09:45.094+0000] {logging_mixin.py:190} INFO - [2025-07-03T03:09:45.093+0000] {dag.py:3239} INFO - Sync 1 DAGs
[2025-07-03T03:09:45.131+0000] {logging_mixin.py:190} INFO - [2025-07-03T03:09:45.131+0000] {dag.py:4180} INFO - Setting next_dagrun for extract_raw_data_pipeline to 2025-07-02 07:59:00+00:00, run_after=2025-07-03 07:00:00+00:00
[2025-07-03T03:09:45.168+0000] {processor.py:208} INFO - Processing /opt/airflow/dags/driven_data_pipeline.py took 0.931 seconds
[2025-07-03T03:10:15.603+0000] {processor.py:186} INFO - Started process (PID=261) to work on /opt/airflow/dags/driven_data_pipeline.py
[2025-07-03T03:10:15.606+0000] {processor.py:914} INFO - Processing file /opt/airflow/dags/driven_data_pipeline.py for tasks to queue
[2025-07-03T03:10:15.611+0000] {logging_mixin.py:190} INFO - [2025-07-03T03:10:15.610+0000] {dagbag.py:588} INFO - Filling up the DagBag from /opt/airflow/dags/driven_data_pipeline.py
[2025-07-03T03:10:16.940+0000] {processor.py:925} INFO - DAG(s) 'extract_raw_data_pipeline' retrieved from /opt/airflow/dags/driven_data_pipeline.py
[2025-07-03T03:10:17.029+0000] {logging_mixin.py:190} INFO - [2025-07-03T03:10:17.029+0000] {dag.py:3239} INFO - Sync 1 DAGs
[2025-07-03T03:10:17.119+0000] {logging_mixin.py:190} INFO - [2025-07-03T03:10:17.118+0000] {dag.py:4180} INFO - Setting next_dagrun for extract_raw_data_pipeline to 2025-07-02 07:59:00+00:00, run_after=2025-07-03 07:00:00+00:00
[2025-07-03T03:10:17.210+0000] {processor.py:208} INFO - Processing /opt/airflow/dags/driven_data_pipeline.py took 0.627 seconds
[2025-07-03T03:10:47.589+0000] {processor.py:186} INFO - Started process (PID=269) to work on /opt/airflow/dags/driven_data_pipeline.py
[2025-07-03T03:10:47.591+0000] {processor.py:914} INFO - Processing file /opt/airflow/dags/driven_data_pipeline.py for tasks to queue
[2025-07-03T03:10:47.596+0000] {logging_mixin.py:190} INFO - [2025-07-03T03:10:47.596+0000] {dagbag.py:588} INFO - Filling up the DagBag from /opt/airflow/dags/driven_data_pipeline.py
[2025-07-03T03:10:48.312+0000] {processor.py:925} INFO - DAG(s) 'extract_raw_data_pipeline' retrieved from /opt/airflow/dags/driven_data_pipeline.py
[2025-07-03T03:10:48.359+0000] {logging_mixin.py:190} INFO - [2025-07-03T03:10:48.359+0000] {dag.py:3239} INFO - Sync 1 DAGs
[2025-07-03T03:10:48.396+0000] {logging_mixin.py:190} INFO - [2025-07-03T03:10:48.395+0000] {dag.py:4180} INFO - Setting next_dagrun for extract_raw_data_pipeline to 2025-07-02 07:59:00+00:00, run_after=2025-07-03 07:00:00+00:00
[2025-07-03T03:10:48.430+0000] {processor.py:208} INFO - Processing /opt/airflow/dags/driven_data_pipeline.py took 0.852 seconds
[2025-07-03T03:11:18.835+0000] {processor.py:186} INFO - Started process (PID=277) to work on /opt/airflow/dags/driven_data_pipeline.py
[2025-07-03T03:11:18.837+0000] {processor.py:914} INFO - Processing file /opt/airflow/dags/driven_data_pipeline.py for tasks to queue
[2025-07-03T03:11:18.843+0000] {logging_mixin.py:190} INFO - [2025-07-03T03:11:18.842+0000] {dagbag.py:588} INFO - Filling up the DagBag from /opt/airflow/dags/driven_data_pipeline.py
[2025-07-03T03:11:19.577+0000] {processor.py:925} INFO - DAG(s) 'extract_raw_data_pipeline' retrieved from /opt/airflow/dags/driven_data_pipeline.py
[2025-07-03T03:11:19.652+0000] {logging_mixin.py:190} INFO - [2025-07-03T03:11:19.651+0000] {dag.py:3239} INFO - Sync 1 DAGs
[2025-07-03T03:11:19.696+0000] {logging_mixin.py:190} INFO - [2025-07-03T03:11:19.695+0000] {dag.py:4180} INFO - Setting next_dagrun for extract_raw_data_pipeline to 2025-07-02 07:59:00+00:00, run_after=2025-07-03 07:00:00+00:00
[2025-07-03T03:11:19.751+0000] {processor.py:208} INFO - Processing /opt/airflow/dags/driven_data_pipeline.py took 0.927 seconds
[2025-07-03T03:11:50.191+0000] {processor.py:186} INFO - Started process (PID=285) to work on /opt/airflow/dags/driven_data_pipeline.py
[2025-07-03T03:11:50.194+0000] {processor.py:914} INFO - Processing file /opt/airflow/dags/driven_data_pipeline.py for tasks to queue
[2025-07-03T03:11:50.198+0000] {logging_mixin.py:190} INFO - [2025-07-03T03:11:50.197+0000] {dagbag.py:588} INFO - Filling up the DagBag from /opt/airflow/dags/driven_data_pipeline.py
[2025-07-03T03:11:51.059+0000] {processor.py:925} INFO - DAG(s) 'extract_raw_data_pipeline' retrieved from /opt/airflow/dags/driven_data_pipeline.py
[2025-07-03T03:11:51.110+0000] {logging_mixin.py:190} INFO - [2025-07-03T03:11:51.110+0000] {dag.py:3239} INFO - Sync 1 DAGs
[2025-07-03T03:11:51.147+0000] {logging_mixin.py:190} INFO - [2025-07-03T03:11:51.147+0000] {dag.py:4180} INFO - Setting next_dagrun for extract_raw_data_pipeline to 2025-07-02 07:59:00+00:00, run_after=2025-07-03 07:00:00+00:00
[2025-07-03T03:11:51.179+0000] {processor.py:208} INFO - Processing /opt/airflow/dags/driven_data_pipeline.py took 1.000 seconds
[2025-07-03T03:12:21.443+0000] {processor.py:186} INFO - Started process (PID=293) to work on /opt/airflow/dags/driven_data_pipeline.py
[2025-07-03T03:12:21.445+0000] {processor.py:914} INFO - Processing file /opt/airflow/dags/driven_data_pipeline.py for tasks to queue
[2025-07-03T03:12:21.449+0000] {logging_mixin.py:190} INFO - [2025-07-03T03:12:21.449+0000] {dagbag.py:588} INFO - Filling up the DagBag from /opt/airflow/dags/driven_data_pipeline.py
[2025-07-03T03:12:22.171+0000] {processor.py:925} INFO - DAG(s) 'extract_raw_data_pipeline' retrieved from /opt/airflow/dags/driven_data_pipeline.py
[2025-07-03T03:12:22.217+0000] {logging_mixin.py:190} INFO - [2025-07-03T03:12:22.217+0000] {dag.py:3239} INFO - Sync 1 DAGs
[2025-07-03T03:12:22.248+0000] {logging_mixin.py:190} INFO - [2025-07-03T03:12:22.248+0000] {dag.py:4180} INFO - Setting next_dagrun for extract_raw_data_pipeline to 2025-07-02 07:59:00+00:00, run_after=2025-07-03 07:00:00+00:00
[2025-07-03T03:12:22.280+0000] {processor.py:208} INFO - Processing /opt/airflow/dags/driven_data_pipeline.py took 0.848 seconds
[2025-07-03T03:12:52.478+0000] {processor.py:186} INFO - Started process (PID=301) to work on /opt/airflow/dags/driven_data_pipeline.py
[2025-07-03T03:12:52.480+0000] {processor.py:914} INFO - Processing file /opt/airflow/dags/driven_data_pipeline.py for tasks to queue
[2025-07-03T03:12:52.485+0000] {logging_mixin.py:190} INFO - [2025-07-03T03:12:52.484+0000] {dagbag.py:588} INFO - Filling up the DagBag from /opt/airflow/dags/driven_data_pipeline.py
[2025-07-03T03:12:53.495+0000] {processor.py:925} INFO - DAG(s) 'extract_raw_data_pipeline' retrieved from /opt/airflow/dags/driven_data_pipeline.py
[2025-07-03T03:12:53.669+0000] {logging_mixin.py:190} INFO - [2025-07-03T03:12:53.667+0000] {dag.py:3239} INFO - Sync 1 DAGs
[2025-07-03T03:12:53.723+0000] {logging_mixin.py:190} INFO - [2025-07-03T03:12:53.722+0000] {dag.py:4180} INFO - Setting next_dagrun for extract_raw_data_pipeline to 2025-07-02 07:59:00+00:00, run_after=2025-07-03 07:00:00+00:00
[2025-07-03T03:12:53.768+0000] {processor.py:208} INFO - Processing /opt/airflow/dags/driven_data_pipeline.py took 1.304 seconds
[2025-07-03T03:13:24.061+0000] {processor.py:186} INFO - Started process (PID=309) to work on /opt/airflow/dags/driven_data_pipeline.py
[2025-07-03T03:13:24.063+0000] {processor.py:914} INFO - Processing file /opt/airflow/dags/driven_data_pipeline.py for tasks to queue
[2025-07-03T03:13:24.068+0000] {logging_mixin.py:190} INFO - [2025-07-03T03:13:24.067+0000] {dagbag.py:588} INFO - Filling up the DagBag from /opt/airflow/dags/driven_data_pipeline.py
[2025-07-03T03:13:24.917+0000] {processor.py:925} INFO - DAG(s) 'extract_raw_data_pipeline' retrieved from /opt/airflow/dags/driven_data_pipeline.py
[2025-07-03T03:13:24.966+0000] {logging_mixin.py:190} INFO - [2025-07-03T03:13:24.966+0000] {dag.py:3239} INFO - Sync 1 DAGs
[2025-07-03T03:13:24.997+0000] {logging_mixin.py:190} INFO - [2025-07-03T03:13:24.997+0000] {dag.py:4180} INFO - Setting next_dagrun for extract_raw_data_pipeline to 2025-07-02 07:59:00+00:00, run_after=2025-07-03 07:00:00+00:00
[2025-07-03T03:13:25.025+0000] {processor.py:208} INFO - Processing /opt/airflow/dags/driven_data_pipeline.py took 0.974 seconds
[2025-07-03T03:13:55.331+0000] {processor.py:186} INFO - Started process (PID=317) to work on /opt/airflow/dags/driven_data_pipeline.py
[2025-07-03T03:13:55.333+0000] {processor.py:914} INFO - Processing file /opt/airflow/dags/driven_data_pipeline.py for tasks to queue
[2025-07-03T03:13:55.337+0000] {logging_mixin.py:190} INFO - [2025-07-03T03:13:55.336+0000] {dagbag.py:588} INFO - Filling up the DagBag from /opt/airflow/dags/driven_data_pipeline.py
[2025-07-03T03:13:56.209+0000] {processor.py:925} INFO - DAG(s) 'extract_raw_data_pipeline' retrieved from /opt/airflow/dags/driven_data_pipeline.py
[2025-07-03T03:13:56.261+0000] {logging_mixin.py:190} INFO - [2025-07-03T03:13:56.260+0000] {dag.py:3239} INFO - Sync 1 DAGs
[2025-07-03T03:13:56.299+0000] {logging_mixin.py:190} INFO - [2025-07-03T03:13:56.298+0000] {dag.py:4180} INFO - Setting next_dagrun for extract_raw_data_pipeline to 2025-07-02 07:59:00+00:00, run_after=2025-07-03 07:00:00+00:00
[2025-07-03T03:13:56.330+0000] {processor.py:208} INFO - Processing /opt/airflow/dags/driven_data_pipeline.py took 1.009 seconds
[2025-07-03T03:14:26.578+0000] {processor.py:186} INFO - Started process (PID=325) to work on /opt/airflow/dags/driven_data_pipeline.py
[2025-07-03T03:14:26.580+0000] {processor.py:914} INFO - Processing file /opt/airflow/dags/driven_data_pipeline.py for tasks to queue
[2025-07-03T03:14:26.584+0000] {logging_mixin.py:190} INFO - [2025-07-03T03:14:26.583+0000] {dagbag.py:588} INFO - Filling up the DagBag from /opt/airflow/dags/driven_data_pipeline.py
[2025-07-03T03:14:27.392+0000] {processor.py:925} INFO - DAG(s) 'extract_raw_data_pipeline' retrieved from /opt/airflow/dags/driven_data_pipeline.py
[2025-07-03T03:14:27.445+0000] {logging_mixin.py:190} INFO - [2025-07-03T03:14:27.445+0000] {dag.py:3239} INFO - Sync 1 DAGs
[2025-07-03T03:14:27.476+0000] {logging_mixin.py:190} INFO - [2025-07-03T03:14:27.476+0000] {dag.py:4180} INFO - Setting next_dagrun for extract_raw_data_pipeline to 2025-07-02 07:59:00+00:00, run_after=2025-07-03 07:00:00+00:00
[2025-07-03T03:14:27.508+0000] {processor.py:208} INFO - Processing /opt/airflow/dags/driven_data_pipeline.py took 0.940 seconds
[2025-07-03T03:14:57.832+0000] {processor.py:186} INFO - Started process (PID=333) to work on /opt/airflow/dags/driven_data_pipeline.py
[2025-07-03T03:14:57.833+0000] {processor.py:914} INFO - Processing file /opt/airflow/dags/driven_data_pipeline.py for tasks to queue
[2025-07-03T03:14:57.838+0000] {logging_mixin.py:190} INFO - [2025-07-03T03:14:57.837+0000] {dagbag.py:588} INFO - Filling up the DagBag from /opt/airflow/dags/driven_data_pipeline.py
[2025-07-03T03:14:58.633+0000] {processor.py:925} INFO - DAG(s) 'extract_raw_data_pipeline' retrieved from /opt/airflow/dags/driven_data_pipeline.py
[2025-07-03T03:14:58.680+0000] {logging_mixin.py:190} INFO - [2025-07-03T03:14:58.680+0000] {dag.py:3239} INFO - Sync 1 DAGs
[2025-07-03T03:14:58.711+0000] {logging_mixin.py:190} INFO - [2025-07-03T03:14:58.711+0000] {dag.py:4180} INFO - Setting next_dagrun for extract_raw_data_pipeline to 2025-07-02 07:59:00+00:00, run_after=2025-07-03 07:00:00+00:00
[2025-07-03T03:14:58.742+0000] {processor.py:208} INFO - Processing /opt/airflow/dags/driven_data_pipeline.py took 0.925 seconds
[2025-07-03T03:15:29.101+0000] {processor.py:186} INFO - Started process (PID=341) to work on /opt/airflow/dags/driven_data_pipeline.py
[2025-07-03T03:15:29.103+0000] {processor.py:914} INFO - Processing file /opt/airflow/dags/driven_data_pipeline.py for tasks to queue
[2025-07-03T03:15:29.109+0000] {logging_mixin.py:190} INFO - [2025-07-03T03:15:29.108+0000] {dagbag.py:588} INFO - Filling up the DagBag from /opt/airflow/dags/driven_data_pipeline.py
[2025-07-03T03:15:29.806+0000] {processor.py:925} INFO - DAG(s) 'extract_raw_data_pipeline' retrieved from /opt/airflow/dags/driven_data_pipeline.py
[2025-07-03T03:15:29.891+0000] {logging_mixin.py:190} INFO - [2025-07-03T03:15:29.891+0000] {dag.py:3239} INFO - Sync 1 DAGs
[2025-07-03T03:15:29.923+0000] {logging_mixin.py:190} INFO - [2025-07-03T03:15:29.923+0000] {dag.py:4180} INFO - Setting next_dagrun for extract_raw_data_pipeline to 2025-07-02 07:59:00+00:00, run_after=2025-07-03 07:00:00+00:00
[2025-07-03T03:15:29.959+0000] {processor.py:208} INFO - Processing /opt/airflow/dags/driven_data_pipeline.py took 0.885 seconds
[2025-07-03T03:16:00.308+0000] {processor.py:186} INFO - Started process (PID=349) to work on /opt/airflow/dags/driven_data_pipeline.py
[2025-07-03T03:16:00.313+0000] {processor.py:914} INFO - Processing file /opt/airflow/dags/driven_data_pipeline.py for tasks to queue
[2025-07-03T03:16:00.328+0000] {logging_mixin.py:190} INFO - [2025-07-03T03:16:00.326+0000] {dagbag.py:588} INFO - Filling up the DagBag from /opt/airflow/dags/driven_data_pipeline.py
[2025-07-03T03:16:00.725+0000] {processor.py:925} INFO - DAG(s) 'extract_raw_data_pipeline' retrieved from /opt/airflow/dags/driven_data_pipeline.py
[2025-07-03T03:16:00.779+0000] {logging_mixin.py:190} INFO - [2025-07-03T03:16:00.779+0000] {dag.py:3239} INFO - Sync 1 DAGs
[2025-07-03T03:16:00.821+0000] {logging_mixin.py:190} INFO - [2025-07-03T03:16:00.820+0000] {dag.py:4180} INFO - Setting next_dagrun for extract_raw_data_pipeline to 2025-07-02 07:59:00+00:00, run_after=2025-07-03 07:00:00+00:00
[2025-07-03T03:16:00.859+0000] {processor.py:208} INFO - Processing /opt/airflow/dags/driven_data_pipeline.py took 0.576 seconds
[2025-07-03T03:16:31.112+0000] {processor.py:186} INFO - Started process (PID=357) to work on /opt/airflow/dags/driven_data_pipeline.py
[2025-07-03T03:16:31.114+0000] {processor.py:914} INFO - Processing file /opt/airflow/dags/driven_data_pipeline.py for tasks to queue
[2025-07-03T03:16:31.119+0000] {logging_mixin.py:190} INFO - [2025-07-03T03:16:31.119+0000] {dagbag.py:588} INFO - Filling up the DagBag from /opt/airflow/dags/driven_data_pipeline.py
[2025-07-03T03:16:31.922+0000] {processor.py:925} INFO - DAG(s) 'extract_raw_data_pipeline' retrieved from /opt/airflow/dags/driven_data_pipeline.py
[2025-07-03T03:16:31.968+0000] {logging_mixin.py:190} INFO - [2025-07-03T03:16:31.968+0000] {dag.py:3239} INFO - Sync 1 DAGs
[2025-07-03T03:16:32.012+0000] {logging_mixin.py:190} INFO - [2025-07-03T03:16:32.007+0000] {dag.py:4180} INFO - Setting next_dagrun for extract_raw_data_pipeline to 2025-07-02 07:59:00+00:00, run_after=2025-07-03 07:00:00+00:00
[2025-07-03T03:16:32.093+0000] {processor.py:208} INFO - Processing /opt/airflow/dags/driven_data_pipeline.py took 0.991 seconds
[2025-07-03T03:17:02.382+0000] {processor.py:186} INFO - Started process (PID=365) to work on /opt/airflow/dags/driven_data_pipeline.py
[2025-07-03T03:17:02.384+0000] {processor.py:914} INFO - Processing file /opt/airflow/dags/driven_data_pipeline.py for tasks to queue
[2025-07-03T03:17:02.389+0000] {logging_mixin.py:190} INFO - [2025-07-03T03:17:02.388+0000] {dagbag.py:588} INFO - Filling up the DagBag from /opt/airflow/dags/driven_data_pipeline.py
[2025-07-03T03:17:03.167+0000] {processor.py:925} INFO - DAG(s) 'extract_raw_data_pipeline' retrieved from /opt/airflow/dags/driven_data_pipeline.py
[2025-07-03T03:17:03.217+0000] {logging_mixin.py:190} INFO - [2025-07-03T03:17:03.217+0000] {dag.py:3239} INFO - Sync 1 DAGs
[2025-07-03T03:17:03.252+0000] {logging_mixin.py:190} INFO - [2025-07-03T03:17:03.252+0000] {dag.py:4180} INFO - Setting next_dagrun for extract_raw_data_pipeline to 2025-07-02 07:59:00+00:00, run_after=2025-07-03 07:00:00+00:00
[2025-07-03T03:17:03.280+0000] {processor.py:208} INFO - Processing /opt/airflow/dags/driven_data_pipeline.py took 0.911 seconds
[2025-07-03T03:17:33.576+0000] {processor.py:186} INFO - Started process (PID=373) to work on /opt/airflow/dags/driven_data_pipeline.py
[2025-07-03T03:17:33.582+0000] {processor.py:914} INFO - Processing file /opt/airflow/dags/driven_data_pipeline.py for tasks to queue
[2025-07-03T03:17:33.600+0000] {logging_mixin.py:190} INFO - [2025-07-03T03:17:33.599+0000] {dagbag.py:588} INFO - Filling up the DagBag from /opt/airflow/dags/driven_data_pipeline.py
[2025-07-03T03:17:34.387+0000] {processor.py:925} INFO - DAG(s) 'extract_raw_data_pipeline' retrieved from /opt/airflow/dags/driven_data_pipeline.py
[2025-07-03T03:17:34.440+0000] {logging_mixin.py:190} INFO - [2025-07-03T03:17:34.440+0000] {dag.py:3239} INFO - Sync 1 DAGs
[2025-07-03T03:17:34.475+0000] {logging_mixin.py:190} INFO - [2025-07-03T03:17:34.474+0000] {dag.py:4180} INFO - Setting next_dagrun for extract_raw_data_pipeline to 2025-07-02 07:59:00+00:00, run_after=2025-07-03 07:00:00+00:00
[2025-07-03T03:17:34.507+0000] {processor.py:208} INFO - Processing /opt/airflow/dags/driven_data_pipeline.py took 0.948 seconds
[2025-07-03T03:18:04.759+0000] {processor.py:186} INFO - Started process (PID=381) to work on /opt/airflow/dags/driven_data_pipeline.py
[2025-07-03T03:18:04.761+0000] {processor.py:914} INFO - Processing file /opt/airflow/dags/driven_data_pipeline.py for tasks to queue
[2025-07-03T03:18:04.764+0000] {logging_mixin.py:190} INFO - [2025-07-03T03:18:04.764+0000] {dagbag.py:588} INFO - Filling up the DagBag from /opt/airflow/dags/driven_data_pipeline.py
[2025-07-03T03:18:05.447+0000] {processor.py:925} INFO - DAG(s) 'extract_raw_data_pipeline' retrieved from /opt/airflow/dags/driven_data_pipeline.py
[2025-07-03T03:18:05.488+0000] {logging_mixin.py:190} INFO - [2025-07-03T03:18:05.487+0000] {dag.py:3239} INFO - Sync 1 DAGs
[2025-07-03T03:18:05.521+0000] {logging_mixin.py:190} INFO - [2025-07-03T03:18:05.521+0000] {dag.py:4180} INFO - Setting next_dagrun for extract_raw_data_pipeline to 2025-07-02 07:59:00+00:00, run_after=2025-07-03 07:00:00+00:00
[2025-07-03T03:18:05.554+0000] {processor.py:208} INFO - Processing /opt/airflow/dags/driven_data_pipeline.py took 0.802 seconds
[2025-07-03T03:18:35.830+0000] {processor.py:186} INFO - Started process (PID=389) to work on /opt/airflow/dags/driven_data_pipeline.py
[2025-07-03T03:18:35.833+0000] {processor.py:914} INFO - Processing file /opt/airflow/dags/driven_data_pipeline.py for tasks to queue
[2025-07-03T03:18:35.838+0000] {logging_mixin.py:190} INFO - [2025-07-03T03:18:35.837+0000] {dagbag.py:588} INFO - Filling up the DagBag from /opt/airflow/dags/driven_data_pipeline.py
[2025-07-03T03:18:36.676+0000] {processor.py:925} INFO - DAG(s) 'extract_raw_data_pipeline' retrieved from /opt/airflow/dags/driven_data_pipeline.py
[2025-07-03T03:18:36.875+0000] {logging_mixin.py:190} INFO - [2025-07-03T03:18:36.860+0000] {dag.py:3239} INFO - Sync 1 DAGs
[2025-07-03T03:18:36.921+0000] {logging_mixin.py:190} INFO - [2025-07-03T03:18:36.920+0000] {dag.py:4180} INFO - Setting next_dagrun for extract_raw_data_pipeline to 2025-07-02 07:59:00+00:00, run_after=2025-07-03 07:00:00+00:00
[2025-07-03T03:18:36.957+0000] {processor.py:208} INFO - Processing /opt/airflow/dags/driven_data_pipeline.py took 1.138 seconds
[2025-07-03T03:19:08.369+0000] {processor.py:186} INFO - Started process (PID=397) to work on /opt/airflow/dags/driven_data_pipeline.py
[2025-07-03T03:19:08.371+0000] {processor.py:914} INFO - Processing file /opt/airflow/dags/driven_data_pipeline.py for tasks to queue
[2025-07-03T03:19:08.375+0000] {logging_mixin.py:190} INFO - [2025-07-03T03:19:08.374+0000] {dagbag.py:588} INFO - Filling up the DagBag from /opt/airflow/dags/driven_data_pipeline.py
[2025-07-03T03:19:09.239+0000] {processor.py:925} INFO - DAG(s) 'extract_raw_data_pipeline' retrieved from /opt/airflow/dags/driven_data_pipeline.py
[2025-07-03T03:19:09.291+0000] {logging_mixin.py:190} INFO - [2025-07-03T03:19:09.291+0000] {dag.py:3239} INFO - Sync 1 DAGs
[2025-07-03T03:19:09.328+0000] {logging_mixin.py:190} INFO - [2025-07-03T03:19:09.327+0000] {dag.py:4180} INFO - Setting next_dagrun for extract_raw_data_pipeline to 2025-07-02 07:59:00+00:00, run_after=2025-07-03 07:00:00+00:00
[2025-07-03T03:19:09.359+0000] {processor.py:208} INFO - Processing /opt/airflow/dags/driven_data_pipeline.py took 1.001 seconds
[2025-07-03T03:19:40.652+0000] {processor.py:186} INFO - Started process (PID=406) to work on /opt/airflow/dags/driven_data_pipeline.py
[2025-07-03T03:19:40.654+0000] {processor.py:914} INFO - Processing file /opt/airflow/dags/driven_data_pipeline.py for tasks to queue
[2025-07-03T03:19:40.658+0000] {logging_mixin.py:190} INFO - [2025-07-03T03:19:40.657+0000] {dagbag.py:588} INFO - Filling up the DagBag from /opt/airflow/dags/driven_data_pipeline.py
[2025-07-03T03:19:41.444+0000] {processor.py:925} INFO - DAG(s) 'extract_raw_data_pipeline' retrieved from /opt/airflow/dags/driven_data_pipeline.py
[2025-07-03T03:19:41.497+0000] {logging_mixin.py:190} INFO - [2025-07-03T03:19:41.496+0000] {dag.py:3239} INFO - Sync 1 DAGs
[2025-07-03T03:19:41.531+0000] {logging_mixin.py:190} INFO - [2025-07-03T03:19:41.531+0000] {dag.py:4180} INFO - Setting next_dagrun for extract_raw_data_pipeline to 2025-07-02 07:59:00+00:00, run_after=2025-07-03 07:00:00+00:00
[2025-07-03T03:19:41.560+0000] {processor.py:208} INFO - Processing /opt/airflow/dags/driven_data_pipeline.py took 0.918 seconds
[2025-07-03T03:20:11.955+0000] {processor.py:186} INFO - Started process (PID=414) to work on /opt/airflow/dags/driven_data_pipeline.py
[2025-07-03T03:20:11.956+0000] {processor.py:914} INFO - Processing file /opt/airflow/dags/driven_data_pipeline.py for tasks to queue
[2025-07-03T03:20:11.961+0000] {logging_mixin.py:190} INFO - [2025-07-03T03:20:11.960+0000] {dagbag.py:588} INFO - Filling up the DagBag from /opt/airflow/dags/driven_data_pipeline.py
[2025-07-03T03:20:12.688+0000] {processor.py:925} INFO - DAG(s) 'extract_raw_data_pipeline' retrieved from /opt/airflow/dags/driven_data_pipeline.py
[2025-07-03T03:20:12.732+0000] {logging_mixin.py:190} INFO - [2025-07-03T03:20:12.731+0000] {dag.py:3239} INFO - Sync 1 DAGs
[2025-07-03T03:20:12.764+0000] {logging_mixin.py:190} INFO - [2025-07-03T03:20:12.764+0000] {dag.py:4180} INFO - Setting next_dagrun for extract_raw_data_pipeline to 2025-07-02 07:59:00+00:00, run_after=2025-07-03 07:00:00+00:00
[2025-07-03T03:20:12.822+0000] {processor.py:208} INFO - Processing /opt/airflow/dags/driven_data_pipeline.py took 0.878 seconds
[2025-07-03T03:20:43.149+0000] {processor.py:186} INFO - Started process (PID=422) to work on /opt/airflow/dags/driven_data_pipeline.py
[2025-07-03T03:20:43.150+0000] {processor.py:914} INFO - Processing file /opt/airflow/dags/driven_data_pipeline.py for tasks to queue
[2025-07-03T03:20:43.154+0000] {logging_mixin.py:190} INFO - [2025-07-03T03:20:43.153+0000] {dagbag.py:588} INFO - Filling up the DagBag from /opt/airflow/dags/driven_data_pipeline.py
[2025-07-03T03:20:43.872+0000] {processor.py:925} INFO - DAG(s) 'extract_raw_data_pipeline' retrieved from /opt/airflow/dags/driven_data_pipeline.py
[2025-07-03T03:20:43.919+0000] {logging_mixin.py:190} INFO - [2025-07-03T03:20:43.918+0000] {dag.py:3239} INFO - Sync 1 DAGs
[2025-07-03T03:20:43.948+0000] {logging_mixin.py:190} INFO - [2025-07-03T03:20:43.948+0000] {dag.py:4180} INFO - Setting next_dagrun for extract_raw_data_pipeline to 2025-07-02 07:59:00+00:00, run_after=2025-07-03 07:00:00+00:00
[2025-07-03T03:20:43.981+0000] {processor.py:208} INFO - Processing /opt/airflow/dags/driven_data_pipeline.py took 0.841 seconds
[2025-07-03T03:21:14.199+0000] {processor.py:186} INFO - Started process (PID=430) to work on /opt/airflow/dags/driven_data_pipeline.py
[2025-07-03T03:21:14.200+0000] {processor.py:914} INFO - Processing file /opt/airflow/dags/driven_data_pipeline.py for tasks to queue
[2025-07-03T03:21:14.204+0000] {logging_mixin.py:190} INFO - [2025-07-03T03:21:14.204+0000] {dagbag.py:588} INFO - Filling up the DagBag from /opt/airflow/dags/driven_data_pipeline.py
[2025-07-03T03:21:14.855+0000] {processor.py:925} INFO - DAG(s) 'extract_raw_data_pipeline' retrieved from /opt/airflow/dags/driven_data_pipeline.py
[2025-07-03T03:21:14.922+0000] {logging_mixin.py:190} INFO - [2025-07-03T03:21:14.921+0000] {dag.py:3239} INFO - Sync 1 DAGs
[2025-07-03T03:21:14.973+0000] {logging_mixin.py:190} INFO - [2025-07-03T03:21:14.973+0000] {dag.py:4180} INFO - Setting next_dagrun for extract_raw_data_pipeline to 2025-07-02 07:59:00+00:00, run_after=2025-07-03 07:00:00+00:00
[2025-07-03T03:21:14.998+0000] {processor.py:208} INFO - Processing /opt/airflow/dags/driven_data_pipeline.py took 0.809 seconds
[2025-07-03T03:21:45.419+0000] {processor.py:186} INFO - Started process (PID=438) to work on /opt/airflow/dags/driven_data_pipeline.py
[2025-07-03T03:21:45.422+0000] {processor.py:914} INFO - Processing file /opt/airflow/dags/driven_data_pipeline.py for tasks to queue
[2025-07-03T03:21:45.427+0000] {logging_mixin.py:190} INFO - [2025-07-03T03:21:45.426+0000] {dagbag.py:588} INFO - Filling up the DagBag from /opt/airflow/dags/driven_data_pipeline.py
[2025-07-03T03:21:46.227+0000] {processor.py:925} INFO - DAG(s) 'extract_raw_data_pipeline' retrieved from /opt/airflow/dags/driven_data_pipeline.py
[2025-07-03T03:21:46.284+0000] {logging_mixin.py:190} INFO - [2025-07-03T03:21:46.284+0000] {dag.py:3239} INFO - Sync 1 DAGs
[2025-07-03T03:21:46.322+0000] {logging_mixin.py:190} INFO - [2025-07-03T03:21:46.321+0000] {dag.py:4180} INFO - Setting next_dagrun for extract_raw_data_pipeline to 2025-07-02 07:59:00+00:00, run_after=2025-07-03 07:00:00+00:00
[2025-07-03T03:21:46.356+0000] {processor.py:208} INFO - Processing /opt/airflow/dags/driven_data_pipeline.py took 0.950 seconds
[2025-07-03T03:22:16.664+0000] {processor.py:186} INFO - Started process (PID=446) to work on /opt/airflow/dags/driven_data_pipeline.py
[2025-07-03T03:22:16.666+0000] {processor.py:914} INFO - Processing file /opt/airflow/dags/driven_data_pipeline.py for tasks to queue
[2025-07-03T03:22:16.670+0000] {logging_mixin.py:190} INFO - [2025-07-03T03:22:16.669+0000] {dagbag.py:588} INFO - Filling up the DagBag from /opt/airflow/dags/driven_data_pipeline.py
[2025-07-03T03:22:16.981+0000] {processor.py:925} INFO - DAG(s) 'extract_raw_data_pipeline' retrieved from /opt/airflow/dags/driven_data_pipeline.py
[2025-07-03T03:22:17.025+0000] {logging_mixin.py:190} INFO - [2025-07-03T03:22:17.025+0000] {dag.py:3239} INFO - Sync 1 DAGs
[2025-07-03T03:22:17.064+0000] {logging_mixin.py:190} INFO - [2025-07-03T03:22:17.064+0000] {dag.py:4180} INFO - Setting next_dagrun for extract_raw_data_pipeline to 2025-07-02 07:59:00+00:00, run_after=2025-07-03 07:00:00+00:00
[2025-07-03T03:22:17.112+0000] {processor.py:208} INFO - Processing /opt/airflow/dags/driven_data_pipeline.py took 0.459 seconds
[2025-07-03T03:22:47.443+0000] {processor.py:186} INFO - Started process (PID=454) to work on /opt/airflow/dags/driven_data_pipeline.py
[2025-07-03T03:22:47.445+0000] {processor.py:914} INFO - Processing file /opt/airflow/dags/driven_data_pipeline.py for tasks to queue
[2025-07-03T03:22:47.450+0000] {logging_mixin.py:190} INFO - [2025-07-03T03:22:47.449+0000] {dagbag.py:588} INFO - Filling up the DagBag from /opt/airflow/dags/driven_data_pipeline.py
[2025-07-03T03:22:48.120+0000] {processor.py:925} INFO - DAG(s) 'extract_raw_data_pipeline' retrieved from /opt/airflow/dags/driven_data_pipeline.py
[2025-07-03T03:22:48.167+0000] {logging_mixin.py:190} INFO - [2025-07-03T03:22:48.166+0000] {dag.py:3239} INFO - Sync 1 DAGs
[2025-07-03T03:22:48.200+0000] {logging_mixin.py:190} INFO - [2025-07-03T03:22:48.200+0000] {dag.py:4180} INFO - Setting next_dagrun for extract_raw_data_pipeline to 2025-07-02 07:59:00+00:00, run_after=2025-07-03 07:00:00+00:00
[2025-07-03T03:22:48.227+0000] {processor.py:208} INFO - Processing /opt/airflow/dags/driven_data_pipeline.py took 0.794 seconds
[2025-07-03T03:23:18.320+0000] {processor.py:186} INFO - Started process (PID=462) to work on /opt/airflow/dags/driven_data_pipeline.py
[2025-07-03T03:23:18.322+0000] {processor.py:914} INFO - Processing file /opt/airflow/dags/driven_data_pipeline.py for tasks to queue
[2025-07-03T03:23:18.326+0000] {logging_mixin.py:190} INFO - [2025-07-03T03:23:18.326+0000] {dagbag.py:588} INFO - Filling up the DagBag from /opt/airflow/dags/driven_data_pipeline.py
[2025-07-03T03:23:19.066+0000] {processor.py:925} INFO - DAG(s) 'extract_raw_data_pipeline' retrieved from /opt/airflow/dags/driven_data_pipeline.py
[2025-07-03T03:23:19.117+0000] {logging_mixin.py:190} INFO - [2025-07-03T03:23:19.117+0000] {dag.py:3239} INFO - Sync 1 DAGs
[2025-07-03T03:23:19.151+0000] {logging_mixin.py:190} INFO - [2025-07-03T03:23:19.151+0000] {dag.py:4180} INFO - Setting next_dagrun for extract_raw_data_pipeline to 2025-07-02 07:59:00+00:00, run_after=2025-07-03 07:00:00+00:00
[2025-07-03T03:23:19.181+0000] {processor.py:208} INFO - Processing /opt/airflow/dags/driven_data_pipeline.py took 0.871 seconds
[2025-07-03T03:23:49.622+0000] {processor.py:186} INFO - Started process (PID=470) to work on /opt/airflow/dags/driven_data_pipeline.py
[2025-07-03T03:23:49.625+0000] {processor.py:914} INFO - Processing file /opt/airflow/dags/driven_data_pipeline.py for tasks to queue
[2025-07-03T03:23:49.630+0000] {logging_mixin.py:190} INFO - [2025-07-03T03:23:49.629+0000] {dagbag.py:588} INFO - Filling up the DagBag from /opt/airflow/dags/driven_data_pipeline.py
[2025-07-03T03:23:50.417+0000] {processor.py:925} INFO - DAG(s) 'extract_raw_data_pipeline' retrieved from /opt/airflow/dags/driven_data_pipeline.py
[2025-07-03T03:23:50.470+0000] {logging_mixin.py:190} INFO - [2025-07-03T03:23:50.470+0000] {dag.py:3239} INFO - Sync 1 DAGs
[2025-07-03T03:23:50.504+0000] {logging_mixin.py:190} INFO - [2025-07-03T03:23:50.504+0000] {dag.py:4180} INFO - Setting next_dagrun for extract_raw_data_pipeline to 2025-07-02 07:59:00+00:00, run_after=2025-07-03 07:00:00+00:00
[2025-07-03T03:23:50.532+0000] {processor.py:208} INFO - Processing /opt/airflow/dags/driven_data_pipeline.py took 0.923 seconds
[2025-07-03T03:24:14.839+0000] {processor.py:186} INFO - Started process (PID=478) to work on /opt/airflow/dags/driven_data_pipeline.py
[2025-07-03T03:24:14.842+0000] {processor.py:914} INFO - Processing file /opt/airflow/dags/driven_data_pipeline.py for tasks to queue
[2025-07-03T03:24:14.849+0000] {logging_mixin.py:190} INFO - [2025-07-03T03:24:14.847+0000] {dagbag.py:588} INFO - Filling up the DagBag from /opt/airflow/dags/driven_data_pipeline.py
[2025-07-03T03:24:15.227+0000] {processor.py:925} INFO - DAG(s) 'extract_raw_data_pipeline' retrieved from /opt/airflow/dags/driven_data_pipeline.py
[2025-07-03T03:24:15.896+0000] {logging_mixin.py:190} INFO - [2025-07-03T03:24:15.895+0000] {dag.py:3239} INFO - Sync 1 DAGs
[2025-07-03T03:24:15.946+0000] {logging_mixin.py:190} INFO - [2025-07-03T03:24:15.946+0000] {dag.py:4180} INFO - Setting next_dagrun for extract_raw_data_pipeline to 2025-07-02 07:59:00+00:00, run_after=2025-07-03 07:00:00+00:00
[2025-07-03T03:24:16.002+0000] {processor.py:208} INFO - Processing /opt/airflow/dags/driven_data_pipeline.py took 1.177 seconds
[2025-07-03T03:24:46.202+0000] {processor.py:186} INFO - Started process (PID=486) to work on /opt/airflow/dags/driven_data_pipeline.py
[2025-07-03T03:24:46.204+0000] {processor.py:914} INFO - Processing file /opt/airflow/dags/driven_data_pipeline.py for tasks to queue
[2025-07-03T03:24:46.210+0000] {logging_mixin.py:190} INFO - [2025-07-03T03:24:46.210+0000] {dagbag.py:588} INFO - Filling up the DagBag from /opt/airflow/dags/driven_data_pipeline.py
[2025-07-03T03:24:46.986+0000] {processor.py:925} INFO - DAG(s) 'extract_raw_data_pipeline' retrieved from /opt/airflow/dags/driven_data_pipeline.py
[2025-07-03T03:24:47.043+0000] {logging_mixin.py:190} INFO - [2025-07-03T03:24:47.043+0000] {dag.py:3239} INFO - Sync 1 DAGs
[2025-07-03T03:24:47.084+0000] {logging_mixin.py:190} INFO - [2025-07-03T03:24:47.084+0000] {dag.py:4180} INFO - Setting next_dagrun for extract_raw_data_pipeline to 2025-07-02 07:59:00+00:00, run_after=2025-07-03 07:00:00+00:00
[2025-07-03T03:24:47.117+0000] {processor.py:208} INFO - Processing /opt/airflow/dags/driven_data_pipeline.py took 0.925 seconds
[2025-07-03T03:25:17.363+0000] {processor.py:186} INFO - Started process (PID=494) to work on /opt/airflow/dags/driven_data_pipeline.py
[2025-07-03T03:25:17.366+0000] {processor.py:914} INFO - Processing file /opt/airflow/dags/driven_data_pipeline.py for tasks to queue
[2025-07-03T03:25:17.371+0000] {logging_mixin.py:190} INFO - [2025-07-03T03:25:17.370+0000] {dagbag.py:588} INFO - Filling up the DagBag from /opt/airflow/dags/driven_data_pipeline.py
[2025-07-03T03:25:18.299+0000] {processor.py:925} INFO - DAG(s) 'extract_raw_data_pipeline' retrieved from /opt/airflow/dags/driven_data_pipeline.py
[2025-07-03T03:25:18.358+0000] {logging_mixin.py:190} INFO - [2025-07-03T03:25:18.358+0000] {dag.py:3239} INFO - Sync 1 DAGs
[2025-07-03T03:25:18.403+0000] {logging_mixin.py:190} INFO - [2025-07-03T03:25:18.403+0000] {dag.py:4180} INFO - Setting next_dagrun for extract_raw_data_pipeline to 2025-07-02 07:59:00+00:00, run_after=2025-07-03 07:00:00+00:00
[2025-07-03T03:25:18.441+0000] {processor.py:208} INFO - Processing /opt/airflow/dags/driven_data_pipeline.py took 1.091 seconds
[2025-07-03T03:25:48.645+0000] {processor.py:186} INFO - Started process (PID=502) to work on /opt/airflow/dags/driven_data_pipeline.py
[2025-07-03T03:25:48.647+0000] {processor.py:914} INFO - Processing file /opt/airflow/dags/driven_data_pipeline.py for tasks to queue
[2025-07-03T03:25:48.651+0000] {logging_mixin.py:190} INFO - [2025-07-03T03:25:48.650+0000] {dagbag.py:588} INFO - Filling up the DagBag from /opt/airflow/dags/driven_data_pipeline.py
[2025-07-03T03:25:49.447+0000] {processor.py:925} INFO - DAG(s) 'extract_raw_data_pipeline' retrieved from /opt/airflow/dags/driven_data_pipeline.py
[2025-07-03T03:25:49.495+0000] {logging_mixin.py:190} INFO - [2025-07-03T03:25:49.494+0000] {dag.py:3239} INFO - Sync 1 DAGs
[2025-07-03T03:25:49.529+0000] {logging_mixin.py:190} INFO - [2025-07-03T03:25:49.529+0000] {dag.py:4180} INFO - Setting next_dagrun for extract_raw_data_pipeline to 2025-07-02 07:59:00+00:00, run_after=2025-07-03 07:00:00+00:00
[2025-07-03T03:25:49.562+0000] {processor.py:208} INFO - Processing /opt/airflow/dags/driven_data_pipeline.py took 0.926 seconds
[2025-07-03T03:31:30.024+0000] {processor.py:186} INFO - Started process (PID=118) to work on /opt/airflow/dags/driven_data_pipeline.py
[2025-07-03T03:31:30.034+0000] {processor.py:914} INFO - Processing file /opt/airflow/dags/driven_data_pipeline.py for tasks to queue
[2025-07-03T03:31:30.056+0000] {logging_mixin.py:190} INFO - [2025-07-03T03:31:30.054+0000] {dagbag.py:588} INFO - Filling up the DagBag from /opt/airflow/dags/driven_data_pipeline.py
[2025-07-03T03:31:31.684+0000] {processor.py:925} INFO - DAG(s) 'extract_raw_data_pipeline' retrieved from /opt/airflow/dags/driven_data_pipeline.py
[2025-07-03T03:31:32.270+0000] {logging_mixin.py:190} INFO - [2025-07-03T03:31:32.267+0000] {override.py:1900} INFO - Created Permission View: can edit on DAG:extract_raw_data_pipeline
[2025-07-03T03:31:32.292+0000] {logging_mixin.py:190} INFO - [2025-07-03T03:31:32.292+0000] {override.py:1900} INFO - Created Permission View: can read on DAG:extract_raw_data_pipeline
[2025-07-03T03:31:32.307+0000] {logging_mixin.py:190} INFO - [2025-07-03T03:31:32.306+0000] {override.py:1900} INFO - Created Permission View: can delete on DAG:extract_raw_data_pipeline
[2025-07-03T03:31:32.326+0000] {logging_mixin.py:190} INFO - [2025-07-03T03:31:32.326+0000] {override.py:1900} INFO - Created Permission View: menu access on DAG Run:extract_raw_data_pipeline
[2025-07-03T03:31:32.340+0000] {logging_mixin.py:190} INFO - [2025-07-03T03:31:32.339+0000] {override.py:1900} INFO - Created Permission View: can create on DAG Run:extract_raw_data_pipeline
[2025-07-03T03:31:32.358+0000] {logging_mixin.py:190} INFO - [2025-07-03T03:31:32.357+0000] {override.py:1900} INFO - Created Permission View: can read on DAG Run:extract_raw_data_pipeline
[2025-07-03T03:31:32.375+0000] {logging_mixin.py:190} INFO - [2025-07-03T03:31:32.374+0000] {override.py:1900} INFO - Created Permission View: can delete on DAG Run:extract_raw_data_pipeline
[2025-07-03T03:31:32.376+0000] {logging_mixin.py:190} INFO - [2025-07-03T03:31:32.376+0000] {dag.py:3239} INFO - Sync 1 DAGs
[2025-07-03T03:31:32.396+0000] {logging_mixin.py:190} INFO - [2025-07-03T03:31:32.395+0000] {dag.py:3262} INFO - Creating ORM DAG for extract_raw_data_pipeline
[2025-07-03T03:31:32.414+0000] {logging_mixin.py:190} INFO - [2025-07-03T03:31:32.413+0000] {dag.py:4180} INFO - Setting next_dagrun for extract_raw_data_pipeline to 2025-07-02 07:58:00+00:00, run_after=2025-07-02 07:59:00+00:00
[2025-07-03T03:31:32.450+0000] {processor.py:208} INFO - Processing /opt/airflow/dags/driven_data_pipeline.py took 2.471 seconds
[2025-07-03T03:32:02.632+0000] {processor.py:186} INFO - Started process (PID=126) to work on /opt/airflow/dags/driven_data_pipeline.py
[2025-07-03T03:32:02.634+0000] {processor.py:914} INFO - Processing file /opt/airflow/dags/driven_data_pipeline.py for tasks to queue
[2025-07-03T03:32:02.640+0000] {logging_mixin.py:190} INFO - [2025-07-03T03:32:02.639+0000] {dagbag.py:588} INFO - Filling up the DagBag from /opt/airflow/dags/driven_data_pipeline.py
[2025-07-03T03:32:03.347+0000] {processor.py:925} INFO - DAG(s) 'extract_raw_data_pipeline' retrieved from /opt/airflow/dags/driven_data_pipeline.py
[2025-07-03T03:32:03.387+0000] {logging_mixin.py:190} INFO - [2025-07-03T03:32:03.387+0000] {dag.py:3239} INFO - Sync 1 DAGs
[2025-07-03T03:32:03.420+0000] {logging_mixin.py:190} INFO - [2025-07-03T03:32:03.420+0000] {dag.py:4180} INFO - Setting next_dagrun for extract_raw_data_pipeline to 2025-07-02 07:58:00+00:00, run_after=2025-07-02 07:59:00+00:00
[2025-07-03T03:32:03.449+0000] {processor.py:208} INFO - Processing /opt/airflow/dags/driven_data_pipeline.py took 0.830 seconds
[2025-07-03T03:32:33.649+0000] {processor.py:186} INFO - Started process (PID=134) to work on /opt/airflow/dags/driven_data_pipeline.py
[2025-07-03T03:32:33.652+0000] {processor.py:914} INFO - Processing file /opt/airflow/dags/driven_data_pipeline.py for tasks to queue
[2025-07-03T03:32:33.657+0000] {logging_mixin.py:190} INFO - [2025-07-03T03:32:33.657+0000] {dagbag.py:588} INFO - Filling up the DagBag from /opt/airflow/dags/driven_data_pipeline.py
[2025-07-03T03:32:34.518+0000] {processor.py:925} INFO - DAG(s) 'extract_raw_data_pipeline' retrieved from /opt/airflow/dags/driven_data_pipeline.py
[2025-07-03T03:32:34.577+0000] {logging_mixin.py:190} INFO - [2025-07-03T03:32:34.577+0000] {dag.py:3239} INFO - Sync 1 DAGs
[2025-07-03T03:32:34.629+0000] {logging_mixin.py:190} INFO - [2025-07-03T03:32:34.629+0000] {dag.py:4180} INFO - Setting next_dagrun for extract_raw_data_pipeline to 2025-07-02 07:58:00+00:00, run_after=2025-07-02 07:59:00+00:00
[2025-07-03T03:32:34.706+0000] {processor.py:208} INFO - Processing /opt/airflow/dags/driven_data_pipeline.py took 1.069 seconds
[2025-07-03T03:33:04.897+0000] {processor.py:186} INFO - Started process (PID=142) to work on /opt/airflow/dags/driven_data_pipeline.py
[2025-07-03T03:33:04.899+0000] {processor.py:914} INFO - Processing file /opt/airflow/dags/driven_data_pipeline.py for tasks to queue
[2025-07-03T03:33:04.903+0000] {logging_mixin.py:190} INFO - [2025-07-03T03:33:04.903+0000] {dagbag.py:588} INFO - Filling up the DagBag from /opt/airflow/dags/driven_data_pipeline.py
[2025-07-03T03:33:05.535+0000] {processor.py:925} INFO - DAG(s) 'extract_raw_data_pipeline' retrieved from /opt/airflow/dags/driven_data_pipeline.py
[2025-07-03T03:33:05.572+0000] {logging_mixin.py:190} INFO - [2025-07-03T03:33:05.572+0000] {dag.py:3239} INFO - Sync 1 DAGs
[2025-07-03T03:33:05.604+0000] {logging_mixin.py:190} INFO - [2025-07-03T03:33:05.603+0000] {dag.py:4180} INFO - Setting next_dagrun for extract_raw_data_pipeline to 2025-07-02 07:58:00+00:00, run_after=2025-07-02 07:59:00+00:00
[2025-07-03T03:33:05.629+0000] {processor.py:208} INFO - Processing /opt/airflow/dags/driven_data_pipeline.py took 0.743 seconds
[2025-07-03T03:37:29.674+0000] {processor.py:186} INFO - Started process (PID=119) to work on /opt/airflow/dags/driven_data_pipeline.py
[2025-07-03T03:37:29.677+0000] {processor.py:914} INFO - Processing file /opt/airflow/dags/driven_data_pipeline.py for tasks to queue
[2025-07-03T03:37:29.682+0000] {logging_mixin.py:190} INFO - [2025-07-03T03:37:29.681+0000] {dagbag.py:588} INFO - Filling up the DagBag from /opt/airflow/dags/driven_data_pipeline.py
[2025-07-03T03:37:30.519+0000] {processor.py:925} INFO - DAG(s) 'extract_raw_data_pipeline' retrieved from /opt/airflow/dags/driven_data_pipeline.py
[2025-07-03T03:37:31.019+0000] {logging_mixin.py:190} INFO - [2025-07-03T03:37:31.017+0000] {override.py:1900} INFO - Created Permission View: can read on DAG:extract_raw_data_pipeline
[2025-07-03T03:37:31.062+0000] {logging_mixin.py:190} INFO - [2025-07-03T03:37:31.061+0000] {override.py:1900} INFO - Created Permission View: can delete on DAG:extract_raw_data_pipeline
[2025-07-03T03:37:31.078+0000] {logging_mixin.py:190} INFO - [2025-07-03T03:37:31.078+0000] {override.py:1900} INFO - Created Permission View: can edit on DAG:extract_raw_data_pipeline
[2025-07-03T03:37:31.098+0000] {logging_mixin.py:190} INFO - [2025-07-03T03:37:31.097+0000] {override.py:1900} INFO - Created Permission View: can read on DAG Run:extract_raw_data_pipeline
[2025-07-03T03:37:31.113+0000] {logging_mixin.py:190} INFO - [2025-07-03T03:37:31.113+0000] {override.py:1900} INFO - Created Permission View: menu access on DAG Run:extract_raw_data_pipeline
[2025-07-03T03:37:31.132+0000] {logging_mixin.py:190} INFO - [2025-07-03T03:37:31.131+0000] {override.py:1900} INFO - Created Permission View: can delete on DAG Run:extract_raw_data_pipeline
[2025-07-03T03:37:31.151+0000] {logging_mixin.py:190} INFO - [2025-07-03T03:37:31.150+0000] {override.py:1900} INFO - Created Permission View: can create on DAG Run:extract_raw_data_pipeline
[2025-07-03T03:37:31.152+0000] {logging_mixin.py:190} INFO - [2025-07-03T03:37:31.152+0000] {dag.py:3239} INFO - Sync 1 DAGs
[2025-07-03T03:37:31.181+0000] {logging_mixin.py:190} INFO - [2025-07-03T03:37:31.180+0000] {dag.py:3262} INFO - Creating ORM DAG for extract_raw_data_pipeline
[2025-07-03T03:37:31.202+0000] {logging_mixin.py:190} INFO - [2025-07-03T03:37:31.201+0000] {dag.py:4180} INFO - Setting next_dagrun for extract_raw_data_pipeline to 2025-07-02 07:58:00+00:00, run_after=2025-07-02 07:59:00+00:00
[2025-07-03T03:37:31.244+0000] {processor.py:208} INFO - Processing /opt/airflow/dags/driven_data_pipeline.py took 1.585 seconds
[2025-07-03T03:38:01.467+0000] {processor.py:186} INFO - Started process (PID=127) to work on /opt/airflow/dags/driven_data_pipeline.py
[2025-07-03T03:38:01.469+0000] {processor.py:914} INFO - Processing file /opt/airflow/dags/driven_data_pipeline.py for tasks to queue
[2025-07-03T03:38:01.476+0000] {logging_mixin.py:190} INFO - [2025-07-03T03:38:01.475+0000] {dagbag.py:588} INFO - Filling up the DagBag from /opt/airflow/dags/driven_data_pipeline.py
[2025-07-03T03:38:02.244+0000] {processor.py:925} INFO - DAG(s) 'extract_raw_data_pipeline' retrieved from /opt/airflow/dags/driven_data_pipeline.py
[2025-07-03T03:38:02.287+0000] {logging_mixin.py:190} INFO - [2025-07-03T03:38:02.286+0000] {dag.py:3239} INFO - Sync 1 DAGs
[2025-07-03T03:38:02.320+0000] {logging_mixin.py:190} INFO - [2025-07-03T03:38:02.320+0000] {dag.py:4180} INFO - Setting next_dagrun for extract_raw_data_pipeline to 2025-07-02 07:58:00+00:00, run_after=2025-07-02 07:59:00+00:00
[2025-07-03T03:38:02.351+0000] {processor.py:208} INFO - Processing /opt/airflow/dags/driven_data_pipeline.py took 0.905 seconds
[2025-07-03T03:38:32.749+0000] {processor.py:186} INFO - Started process (PID=135) to work on /opt/airflow/dags/driven_data_pipeline.py
[2025-07-03T03:38:32.753+0000] {processor.py:914} INFO - Processing file /opt/airflow/dags/driven_data_pipeline.py for tasks to queue
[2025-07-03T03:38:32.772+0000] {logging_mixin.py:190} INFO - [2025-07-03T03:38:32.769+0000] {dagbag.py:588} INFO - Filling up the DagBag from /opt/airflow/dags/driven_data_pipeline.py
[2025-07-03T03:38:37.150+0000] {processor.py:925} INFO - DAG(s) 'extract_raw_data_pipeline' retrieved from /opt/airflow/dags/driven_data_pipeline.py
[2025-07-03T03:38:37.351+0000] {logging_mixin.py:190} INFO - [2025-07-03T03:38:37.351+0000] {dag.py:3239} INFO - Sync 1 DAGs
[2025-07-03T03:38:37.446+0000] {logging_mixin.py:190} INFO - [2025-07-03T03:38:37.445+0000] {dag.py:4180} INFO - Setting next_dagrun for extract_raw_data_pipeline to 2025-07-02 07:58:00+00:00, run_after=2025-07-02 07:59:00+00:00
[2025-07-03T03:38:37.515+0000] {processor.py:208} INFO - Processing /opt/airflow/dags/driven_data_pipeline.py took 4.805 seconds
[2025-07-03T03:39:07.863+0000] {processor.py:186} INFO - Started process (PID=143) to work on /opt/airflow/dags/driven_data_pipeline.py
[2025-07-03T03:39:07.867+0000] {processor.py:914} INFO - Processing file /opt/airflow/dags/driven_data_pipeline.py for tasks to queue
[2025-07-03T03:39:07.889+0000] {logging_mixin.py:190} INFO - [2025-07-03T03:39:07.887+0000] {dagbag.py:588} INFO - Filling up the DagBag from /opt/airflow/dags/driven_data_pipeline.py
[2025-07-03T03:39:09.007+0000] {processor.py:925} INFO - DAG(s) 'extract_raw_data_pipeline' retrieved from /opt/airflow/dags/driven_data_pipeline.py
[2025-07-03T03:39:09.045+0000] {logging_mixin.py:190} INFO - [2025-07-03T03:39:09.045+0000] {dag.py:3239} INFO - Sync 1 DAGs
[2025-07-03T03:39:09.075+0000] {logging_mixin.py:190} INFO - [2025-07-03T03:39:09.074+0000] {dag.py:4180} INFO - Setting next_dagrun for extract_raw_data_pipeline to 2025-07-02 07:58:00+00:00, run_after=2025-07-02 07:59:00+00:00
[2025-07-03T03:39:09.103+0000] {processor.py:208} INFO - Processing /opt/airflow/dags/driven_data_pipeline.py took 1.278 seconds
[2025-07-03T03:39:39.307+0000] {processor.py:186} INFO - Started process (PID=151) to work on /opt/airflow/dags/driven_data_pipeline.py
[2025-07-03T03:39:39.310+0000] {processor.py:914} INFO - Processing file /opt/airflow/dags/driven_data_pipeline.py for tasks to queue
[2025-07-03T03:39:39.316+0000] {logging_mixin.py:190} INFO - [2025-07-03T03:39:39.315+0000] {dagbag.py:588} INFO - Filling up the DagBag from /opt/airflow/dags/driven_data_pipeline.py
[2025-07-03T03:39:40.168+0000] {processor.py:925} INFO - DAG(s) 'extract_raw_data_pipeline' retrieved from /opt/airflow/dags/driven_data_pipeline.py
[2025-07-03T03:39:40.206+0000] {logging_mixin.py:190} INFO - [2025-07-03T03:39:40.206+0000] {dag.py:3239} INFO - Sync 1 DAGs
[2025-07-03T03:39:40.244+0000] {logging_mixin.py:190} INFO - [2025-07-03T03:39:40.243+0000] {dag.py:4180} INFO - Setting next_dagrun for extract_raw_data_pipeline to 2025-07-02 07:58:00+00:00, run_after=2025-07-02 07:59:00+00:00
[2025-07-03T03:39:40.269+0000] {processor.py:208} INFO - Processing /opt/airflow/dags/driven_data_pipeline.py took 0.976 seconds
[2025-07-03T03:40:10.418+0000] {processor.py:186} INFO - Started process (PID=159) to work on /opt/airflow/dags/driven_data_pipeline.py
[2025-07-03T03:40:10.421+0000] {processor.py:914} INFO - Processing file /opt/airflow/dags/driven_data_pipeline.py for tasks to queue
[2025-07-03T03:40:10.425+0000] {logging_mixin.py:190} INFO - [2025-07-03T03:40:10.425+0000] {dagbag.py:588} INFO - Filling up the DagBag from /opt/airflow/dags/driven_data_pipeline.py
[2025-07-03T03:40:11.150+0000] {processor.py:925} INFO - DAG(s) 'extract_raw_data_pipeline' retrieved from /opt/airflow/dags/driven_data_pipeline.py
[2025-07-03T03:40:11.191+0000] {logging_mixin.py:190} INFO - [2025-07-03T03:40:11.190+0000] {dag.py:3239} INFO - Sync 1 DAGs
[2025-07-03T03:40:11.220+0000] {logging_mixin.py:190} INFO - [2025-07-03T03:40:11.219+0000] {dag.py:4180} INFO - Setting next_dagrun for extract_raw_data_pipeline to 2025-07-02 07:58:00+00:00, run_after=2025-07-02 07:59:00+00:00
[2025-07-03T03:40:11.246+0000] {processor.py:208} INFO - Processing /opt/airflow/dags/driven_data_pipeline.py took 0.837 seconds
[2025-07-03T03:40:41.526+0000] {processor.py:186} INFO - Started process (PID=167) to work on /opt/airflow/dags/driven_data_pipeline.py
[2025-07-03T03:40:41.530+0000] {processor.py:914} INFO - Processing file /opt/airflow/dags/driven_data_pipeline.py for tasks to queue
[2025-07-03T03:40:41.541+0000] {logging_mixin.py:190} INFO - [2025-07-03T03:40:41.540+0000] {dagbag.py:588} INFO - Filling up the DagBag from /opt/airflow/dags/driven_data_pipeline.py
[2025-07-03T03:40:43.409+0000] {processor.py:925} INFO - DAG(s) 'extract_raw_data_pipeline' retrieved from /opt/airflow/dags/driven_data_pipeline.py
[2025-07-03T03:40:43.462+0000] {logging_mixin.py:190} INFO - [2025-07-03T03:40:43.461+0000] {dag.py:3239} INFO - Sync 1 DAGs
[2025-07-03T03:40:43.500+0000] {logging_mixin.py:190} INFO - [2025-07-03T03:40:43.500+0000] {dag.py:4180} INFO - Setting next_dagrun for extract_raw_data_pipeline to 2025-07-02 07:58:00+00:00, run_after=2025-07-02 07:59:00+00:00
[2025-07-03T03:40:43.543+0000] {processor.py:208} INFO - Processing /opt/airflow/dags/driven_data_pipeline.py took 2.037 seconds
[2025-07-03T03:41:14.651+0000] {processor.py:186} INFO - Started process (PID=175) to work on /opt/airflow/dags/driven_data_pipeline.py
[2025-07-03T03:41:14.653+0000] {processor.py:914} INFO - Processing file /opt/airflow/dags/driven_data_pipeline.py for tasks to queue
[2025-07-03T03:41:14.661+0000] {logging_mixin.py:190} INFO - [2025-07-03T03:41:14.660+0000] {dagbag.py:588} INFO - Filling up the DagBag from /opt/airflow/dags/driven_data_pipeline.py
[2025-07-03T03:41:15.588+0000] {processor.py:925} INFO - DAG(s) 'extract_raw_data_pipeline' retrieved from /opt/airflow/dags/driven_data_pipeline.py
[2025-07-03T03:41:15.669+0000] {logging_mixin.py:190} INFO - [2025-07-03T03:41:15.666+0000] {dag.py:3239} INFO - Sync 1 DAGs
[2025-07-03T03:41:15.722+0000] {logging_mixin.py:190} INFO - [2025-07-03T03:41:15.721+0000] {dag.py:4180} INFO - Setting next_dagrun for extract_raw_data_pipeline to 2025-07-02 07:58:00+00:00, run_after=2025-07-02 07:59:00+00:00
[2025-07-03T03:41:15.767+0000] {processor.py:208} INFO - Processing /opt/airflow/dags/driven_data_pipeline.py took 1.126 seconds
[2025-07-03T03:41:46.011+0000] {processor.py:186} INFO - Started process (PID=183) to work on /opt/airflow/dags/driven_data_pipeline.py
[2025-07-03T03:41:46.014+0000] {processor.py:914} INFO - Processing file /opt/airflow/dags/driven_data_pipeline.py for tasks to queue
[2025-07-03T03:41:46.020+0000] {logging_mixin.py:190} INFO - [2025-07-03T03:41:46.019+0000] {dagbag.py:588} INFO - Filling up the DagBag from /opt/airflow/dags/driven_data_pipeline.py
[2025-07-03T03:41:46.725+0000] {processor.py:925} INFO - DAG(s) 'extract_raw_data_pipeline' retrieved from /opt/airflow/dags/driven_data_pipeline.py
[2025-07-03T03:41:46.765+0000] {logging_mixin.py:190} INFO - [2025-07-03T03:41:46.764+0000] {dag.py:3239} INFO - Sync 1 DAGs
[2025-07-03T03:41:46.798+0000] {logging_mixin.py:190} INFO - [2025-07-03T03:41:46.797+0000] {dag.py:4180} INFO - Setting next_dagrun for extract_raw_data_pipeline to 2025-07-02 07:58:00+00:00, run_after=2025-07-02 07:59:00+00:00
[2025-07-03T03:41:46.829+0000] {processor.py:208} INFO - Processing /opt/airflow/dags/driven_data_pipeline.py took 0.831 seconds
[2025-07-03T03:42:17.095+0000] {processor.py:186} INFO - Started process (PID=191) to work on /opt/airflow/dags/driven_data_pipeline.py
[2025-07-03T03:42:17.097+0000] {processor.py:914} INFO - Processing file /opt/airflow/dags/driven_data_pipeline.py for tasks to queue
[2025-07-03T03:42:17.103+0000] {logging_mixin.py:190} INFO - [2025-07-03T03:42:17.102+0000] {dagbag.py:588} INFO - Filling up the DagBag from /opt/airflow/dags/driven_data_pipeline.py
[2025-07-03T03:42:17.754+0000] {processor.py:925} INFO - DAG(s) 'extract_raw_data_pipeline' retrieved from /opt/airflow/dags/driven_data_pipeline.py
[2025-07-03T03:42:17.790+0000] {logging_mixin.py:190} INFO - [2025-07-03T03:42:17.789+0000] {dag.py:3239} INFO - Sync 1 DAGs
[2025-07-03T03:42:17.832+0000] {logging_mixin.py:190} INFO - [2025-07-03T03:42:17.831+0000] {dag.py:4180} INFO - Setting next_dagrun for extract_raw_data_pipeline to 2025-07-02 07:58:00+00:00, run_after=2025-07-02 07:59:00+00:00
[2025-07-03T03:42:17.867+0000] {processor.py:208} INFO - Processing /opt/airflow/dags/driven_data_pipeline.py took 0.786 seconds
[2025-07-03T03:42:49.114+0000] {processor.py:186} INFO - Started process (PID=199) to work on /opt/airflow/dags/driven_data_pipeline.py
[2025-07-03T03:42:49.117+0000] {processor.py:914} INFO - Processing file /opt/airflow/dags/driven_data_pipeline.py for tasks to queue
[2025-07-03T03:42:49.124+0000] {logging_mixin.py:190} INFO - [2025-07-03T03:42:49.123+0000] {dagbag.py:588} INFO - Filling up the DagBag from /opt/airflow/dags/driven_data_pipeline.py
[2025-07-03T03:42:49.744+0000] {processor.py:925} INFO - DAG(s) 'extract_raw_data_pipeline' retrieved from /opt/airflow/dags/driven_data_pipeline.py
[2025-07-03T03:42:49.783+0000] {logging_mixin.py:190} INFO - [2025-07-03T03:42:49.783+0000] {dag.py:3239} INFO - Sync 1 DAGs
[2025-07-03T03:42:49.814+0000] {logging_mixin.py:190} INFO - [2025-07-03T03:42:49.813+0000] {dag.py:4180} INFO - Setting next_dagrun for extract_raw_data_pipeline to 2025-07-02 07:58:00+00:00, run_after=2025-07-02 07:59:00+00:00
[2025-07-03T03:42:49.845+0000] {processor.py:208} INFO - Processing /opt/airflow/dags/driven_data_pipeline.py took 0.742 seconds
[2025-07-03T03:43:20.334+0000] {processor.py:186} INFO - Started process (PID=207) to work on /opt/airflow/dags/driven_data_pipeline.py
[2025-07-03T03:43:20.336+0000] {processor.py:914} INFO - Processing file /opt/airflow/dags/driven_data_pipeline.py for tasks to queue
[2025-07-03T03:43:20.342+0000] {logging_mixin.py:190} INFO - [2025-07-03T03:43:20.341+0000] {dagbag.py:588} INFO - Filling up the DagBag from /opt/airflow/dags/driven_data_pipeline.py
[2025-07-03T03:43:21.860+0000] {processor.py:925} INFO - DAG(s) 'extract_raw_data_pipeline' retrieved from /opt/airflow/dags/driven_data_pipeline.py
[2025-07-03T03:43:21.919+0000] {logging_mixin.py:190} INFO - [2025-07-03T03:43:21.919+0000] {dag.py:3239} INFO - Sync 1 DAGs
[2025-07-03T03:43:21.964+0000] {logging_mixin.py:190} INFO - [2025-07-03T03:43:21.963+0000] {dag.py:4180} INFO - Setting next_dagrun for extract_raw_data_pipeline to 2025-07-02 07:58:00+00:00, run_after=2025-07-02 07:59:00+00:00
[2025-07-03T03:43:21.990+0000] {processor.py:208} INFO - Processing /opt/airflow/dags/driven_data_pipeline.py took 0.920 seconds
[2025-07-03T03:46:59.850+0000] {processor.py:186} INFO - Started process (PID=106) to work on /opt/airflow/dags/driven_data_pipeline.py
[2025-07-03T03:46:59.853+0000] {processor.py:914} INFO - Processing file /opt/airflow/dags/driven_data_pipeline.py for tasks to queue
[2025-07-03T03:46:59.857+0000] {logging_mixin.py:190} INFO - [2025-07-03T03:46:59.856+0000] {dagbag.py:588} INFO - Filling up the DagBag from /opt/airflow/dags/driven_data_pipeline.py
[2025-07-03T03:47:00.902+0000] {processor.py:925} INFO - DAG(s) 'extract_raw_data_pipeline' retrieved from /opt/airflow/dags/driven_data_pipeline.py
[2025-07-03T03:47:01.507+0000] {logging_mixin.py:190} INFO - [2025-07-03T03:47:01.506+0000] {override.py:1900} INFO - Created Permission View: can edit on DAG:extract_raw_data_pipeline
[2025-07-03T03:47:01.527+0000] {logging_mixin.py:190} INFO - [2025-07-03T03:47:01.527+0000] {override.py:1900} INFO - Created Permission View: can read on DAG:extract_raw_data_pipeline
[2025-07-03T03:47:01.538+0000] {logging_mixin.py:190} INFO - [2025-07-03T03:47:01.538+0000] {override.py:1900} INFO - Created Permission View: can delete on DAG:extract_raw_data_pipeline
[2025-07-03T03:47:01.551+0000] {logging_mixin.py:190} INFO - [2025-07-03T03:47:01.551+0000] {override.py:1900} INFO - Created Permission View: can create on DAG Run:extract_raw_data_pipeline
[2025-07-03T03:47:01.562+0000] {logging_mixin.py:190} INFO - [2025-07-03T03:47:01.562+0000] {override.py:1900} INFO - Created Permission View: menu access on DAG Run:extract_raw_data_pipeline
[2025-07-03T03:47:01.573+0000] {logging_mixin.py:190} INFO - [2025-07-03T03:47:01.573+0000] {override.py:1900} INFO - Created Permission View: can read on DAG Run:extract_raw_data_pipeline
[2025-07-03T03:47:01.585+0000] {logging_mixin.py:190} INFO - [2025-07-03T03:47:01.584+0000] {override.py:1900} INFO - Created Permission View: can delete on DAG Run:extract_raw_data_pipeline
[2025-07-03T03:47:01.586+0000] {logging_mixin.py:190} INFO - [2025-07-03T03:47:01.585+0000] {dag.py:3239} INFO - Sync 1 DAGs
[2025-07-03T03:47:01.610+0000] {logging_mixin.py:190} INFO - [2025-07-03T03:47:01.610+0000] {dag.py:3262} INFO - Creating ORM DAG for extract_raw_data_pipeline
[2025-07-03T03:47:01.628+0000] {logging_mixin.py:190} INFO - [2025-07-03T03:47:01.628+0000] {dag.py:4180} INFO - Setting next_dagrun for extract_raw_data_pipeline to 2025-07-02 07:58:00+00:00, run_after=2025-07-02 07:59:00+00:00
[2025-07-03T03:47:01.658+0000] {processor.py:208} INFO - Processing /opt/airflow/dags/driven_data_pipeline.py took 1.820 seconds
[2025-07-03T03:47:31.789+0000] {processor.py:186} INFO - Started process (PID=114) to work on /opt/airflow/dags/driven_data_pipeline.py
[2025-07-03T03:47:31.792+0000] {processor.py:914} INFO - Processing file /opt/airflow/dags/driven_data_pipeline.py for tasks to queue
[2025-07-03T03:47:31.797+0000] {logging_mixin.py:190} INFO - [2025-07-03T03:47:31.797+0000] {dagbag.py:588} INFO - Filling up the DagBag from /opt/airflow/dags/driven_data_pipeline.py
[2025-07-03T03:47:32.610+0000] {processor.py:925} INFO - DAG(s) 'extract_raw_data_pipeline' retrieved from /opt/airflow/dags/driven_data_pipeline.py
[2025-07-03T03:47:32.650+0000] {logging_mixin.py:190} INFO - [2025-07-03T03:47:32.649+0000] {dag.py:3239} INFO - Sync 1 DAGs
[2025-07-03T03:47:32.692+0000] {logging_mixin.py:190} INFO - [2025-07-03T03:47:32.691+0000] {dag.py:4180} INFO - Setting next_dagrun for extract_raw_data_pipeline to 2025-07-02 07:58:00+00:00, run_after=2025-07-02 07:59:00+00:00
[2025-07-03T03:47:32.725+0000] {processor.py:208} INFO - Processing /opt/airflow/dags/driven_data_pipeline.py took 0.946 seconds
[2025-07-03T03:48:02.861+0000] {processor.py:186} INFO - Started process (PID=122) to work on /opt/airflow/dags/driven_data_pipeline.py
[2025-07-03T03:48:02.863+0000] {processor.py:914} INFO - Processing file /opt/airflow/dags/driven_data_pipeline.py for tasks to queue
[2025-07-03T03:48:02.868+0000] {logging_mixin.py:190} INFO - [2025-07-03T03:48:02.868+0000] {dagbag.py:588} INFO - Filling up the DagBag from /opt/airflow/dags/driven_data_pipeline.py
[2025-07-03T03:48:03.629+0000] {processor.py:925} INFO - DAG(s) 'extract_raw_data_pipeline' retrieved from /opt/airflow/dags/driven_data_pipeline.py
[2025-07-03T03:48:03.679+0000] {logging_mixin.py:190} INFO - [2025-07-03T03:48:03.679+0000] {dag.py:3239} INFO - Sync 1 DAGs
[2025-07-03T03:48:03.717+0000] {logging_mixin.py:190} INFO - [2025-07-03T03:48:03.716+0000] {dag.py:4180} INFO - Setting next_dagrun for extract_raw_data_pipeline to 2025-07-02 07:58:00+00:00, run_after=2025-07-02 07:59:00+00:00
[2025-07-03T03:48:03.753+0000] {processor.py:208} INFO - Processing /opt/airflow/dags/driven_data_pipeline.py took 0.903 seconds
[2025-07-03T03:48:33.869+0000] {processor.py:186} INFO - Started process (PID=130) to work on /opt/airflow/dags/driven_data_pipeline.py
[2025-07-03T03:48:33.871+0000] {processor.py:914} INFO - Processing file /opt/airflow/dags/driven_data_pipeline.py for tasks to queue
[2025-07-03T03:48:33.876+0000] {logging_mixin.py:190} INFO - [2025-07-03T03:48:33.875+0000] {dagbag.py:588} INFO - Filling up the DagBag from /opt/airflow/dags/driven_data_pipeline.py
[2025-07-03T03:48:34.552+0000] {processor.py:925} INFO - DAG(s) 'extract_raw_data_pipeline' retrieved from /opt/airflow/dags/driven_data_pipeline.py
[2025-07-03T03:48:34.589+0000] {logging_mixin.py:190} INFO - [2025-07-03T03:48:34.589+0000] {dag.py:3239} INFO - Sync 1 DAGs
[2025-07-03T03:48:34.623+0000] {logging_mixin.py:190} INFO - [2025-07-03T03:48:34.623+0000] {dag.py:4180} INFO - Setting next_dagrun for extract_raw_data_pipeline to 2025-07-02 07:58:00+00:00, run_after=2025-07-02 07:59:00+00:00
[2025-07-03T03:48:34.652+0000] {processor.py:208} INFO - Processing /opt/airflow/dags/driven_data_pipeline.py took 0.792 seconds
[2025-07-03T03:49:04.746+0000] {processor.py:186} INFO - Started process (PID=138) to work on /opt/airflow/dags/driven_data_pipeline.py
[2025-07-03T03:49:04.748+0000] {processor.py:914} INFO - Processing file /opt/airflow/dags/driven_data_pipeline.py for tasks to queue
[2025-07-03T03:49:04.752+0000] {logging_mixin.py:190} INFO - [2025-07-03T03:49:04.752+0000] {dagbag.py:588} INFO - Filling up the DagBag from /opt/airflow/dags/driven_data_pipeline.py
[2025-07-03T03:49:05.353+0000] {processor.py:925} INFO - DAG(s) 'extract_raw_data_pipeline' retrieved from /opt/airflow/dags/driven_data_pipeline.py
[2025-07-03T03:49:05.389+0000] {logging_mixin.py:190} INFO - [2025-07-03T03:49:05.389+0000] {dag.py:3239} INFO - Sync 1 DAGs
[2025-07-03T03:49:05.419+0000] {logging_mixin.py:190} INFO - [2025-07-03T03:49:05.418+0000] {dag.py:4180} INFO - Setting next_dagrun for extract_raw_data_pipeline to 2025-07-02 07:58:00+00:00, run_after=2025-07-02 07:59:00+00:00
[2025-07-03T03:49:05.450+0000] {processor.py:208} INFO - Processing /opt/airflow/dags/driven_data_pipeline.py took 0.714 seconds
[2025-07-03T03:49:35.574+0000] {processor.py:186} INFO - Started process (PID=147) to work on /opt/airflow/dags/driven_data_pipeline.py
[2025-07-03T03:49:35.577+0000] {processor.py:914} INFO - Processing file /opt/airflow/dags/driven_data_pipeline.py for tasks to queue
[2025-07-03T03:49:35.581+0000] {logging_mixin.py:190} INFO - [2025-07-03T03:49:35.581+0000] {dagbag.py:588} INFO - Filling up the DagBag from /opt/airflow/dags/driven_data_pipeline.py
[2025-07-03T03:49:36.243+0000] {processor.py:925} INFO - DAG(s) 'extract_raw_data_pipeline' retrieved from /opt/airflow/dags/driven_data_pipeline.py
[2025-07-03T03:49:36.279+0000] {logging_mixin.py:190} INFO - [2025-07-03T03:49:36.278+0000] {dag.py:3239} INFO - Sync 1 DAGs
[2025-07-03T03:49:36.308+0000] {logging_mixin.py:190} INFO - [2025-07-03T03:49:36.308+0000] {dag.py:4180} INFO - Setting next_dagrun for extract_raw_data_pipeline to 2025-07-02 07:58:00+00:00, run_after=2025-07-02 07:59:00+00:00
[2025-07-03T03:49:36.335+0000] {processor.py:208} INFO - Processing /opt/airflow/dags/driven_data_pipeline.py took 0.772 seconds
[2025-07-03T03:50:06.444+0000] {processor.py:186} INFO - Started process (PID=155) to work on /opt/airflow/dags/driven_data_pipeline.py
[2025-07-03T03:50:06.446+0000] {processor.py:914} INFO - Processing file /opt/airflow/dags/driven_data_pipeline.py for tasks to queue
[2025-07-03T03:50:06.450+0000] {logging_mixin.py:190} INFO - [2025-07-03T03:50:06.449+0000] {dagbag.py:588} INFO - Filling up the DagBag from /opt/airflow/dags/driven_data_pipeline.py
[2025-07-03T03:50:07.051+0000] {processor.py:925} INFO - DAG(s) 'extract_raw_data_pipeline' retrieved from /opt/airflow/dags/driven_data_pipeline.py
[2025-07-03T03:50:07.085+0000] {logging_mixin.py:190} INFO - [2025-07-03T03:50:07.085+0000] {dag.py:3239} INFO - Sync 1 DAGs
[2025-07-03T03:50:07.114+0000] {logging_mixin.py:190} INFO - [2025-07-03T03:50:07.114+0000] {dag.py:4180} INFO - Setting next_dagrun for extract_raw_data_pipeline to 2025-07-02 07:58:00+00:00, run_after=2025-07-02 07:59:00+00:00
[2025-07-03T03:50:07.148+0000] {processor.py:208} INFO - Processing /opt/airflow/dags/driven_data_pipeline.py took 0.715 seconds
[2025-07-03T03:50:37.345+0000] {processor.py:186} INFO - Started process (PID=163) to work on /opt/airflow/dags/driven_data_pipeline.py
[2025-07-03T03:50:37.348+0000] {processor.py:914} INFO - Processing file /opt/airflow/dags/driven_data_pipeline.py for tasks to queue
[2025-07-03T03:50:37.357+0000] {logging_mixin.py:190} INFO - [2025-07-03T03:50:37.355+0000] {dagbag.py:588} INFO - Filling up the DagBag from /opt/airflow/dags/driven_data_pipeline.py
[2025-07-03T03:50:38.050+0000] {processor.py:925} INFO - DAG(s) 'extract_raw_data_pipeline' retrieved from /opt/airflow/dags/driven_data_pipeline.py
[2025-07-03T03:50:38.094+0000] {logging_mixin.py:190} INFO - [2025-07-03T03:50:38.093+0000] {dag.py:3239} INFO - Sync 1 DAGs
[2025-07-03T03:50:38.129+0000] {logging_mixin.py:190} INFO - [2025-07-03T03:50:38.129+0000] {dag.py:4180} INFO - Setting next_dagrun for extract_raw_data_pipeline to 2025-07-02 07:58:00+00:00, run_after=2025-07-02 07:59:00+00:00
[2025-07-03T03:50:38.157+0000] {processor.py:208} INFO - Processing /opt/airflow/dags/driven_data_pipeline.py took 0.827 seconds
[2025-07-03T03:51:08.935+0000] {processor.py:186} INFO - Started process (PID=171) to work on /opt/airflow/dags/driven_data_pipeline.py
[2025-07-03T03:51:08.938+0000] {processor.py:914} INFO - Processing file /opt/airflow/dags/driven_data_pipeline.py for tasks to queue
[2025-07-03T03:51:08.942+0000] {logging_mixin.py:190} INFO - [2025-07-03T03:51:08.942+0000] {dagbag.py:588} INFO - Filling up the DagBag from /opt/airflow/dags/driven_data_pipeline.py
[2025-07-03T03:51:09.496+0000] {processor.py:925} INFO - DAG(s) 'extract_raw_data_pipeline' retrieved from /opt/airflow/dags/driven_data_pipeline.py
[2025-07-03T03:51:09.535+0000] {logging_mixin.py:190} INFO - [2025-07-03T03:51:09.535+0000] {dag.py:3239} INFO - Sync 1 DAGs
[2025-07-03T03:51:09.564+0000] {logging_mixin.py:190} INFO - [2025-07-03T03:51:09.564+0000] {dag.py:4180} INFO - Setting next_dagrun for extract_raw_data_pipeline to 2025-07-02 07:58:00+00:00, run_after=2025-07-02 07:59:00+00:00
[2025-07-03T03:51:09.593+0000] {processor.py:208} INFO - Processing /opt/airflow/dags/driven_data_pipeline.py took 0.671 seconds
[2025-07-03T03:51:39.714+0000] {processor.py:186} INFO - Started process (PID=179) to work on /opt/airflow/dags/driven_data_pipeline.py
[2025-07-03T03:51:39.716+0000] {processor.py:914} INFO - Processing file /opt/airflow/dags/driven_data_pipeline.py for tasks to queue
[2025-07-03T03:51:39.721+0000] {logging_mixin.py:190} INFO - [2025-07-03T03:51:39.720+0000] {dagbag.py:588} INFO - Filling up the DagBag from /opt/airflow/dags/driven_data_pipeline.py
[2025-07-03T03:51:40.323+0000] {processor.py:925} INFO - DAG(s) 'extract_raw_data_pipeline' retrieved from /opt/airflow/dags/driven_data_pipeline.py
[2025-07-03T03:51:40.358+0000] {logging_mixin.py:190} INFO - [2025-07-03T03:51:40.358+0000] {dag.py:3239} INFO - Sync 1 DAGs
[2025-07-03T03:51:40.384+0000] {logging_mixin.py:190} INFO - [2025-07-03T03:51:40.383+0000] {dag.py:4180} INFO - Setting next_dagrun for extract_raw_data_pipeline to 2025-07-02 07:58:00+00:00, run_after=2025-07-02 07:59:00+00:00
[2025-07-03T03:51:40.409+0000] {processor.py:208} INFO - Processing /opt/airflow/dags/driven_data_pipeline.py took 0.706 seconds
[2025-07-03T03:52:10.623+0000] {processor.py:186} INFO - Started process (PID=187) to work on /opt/airflow/dags/driven_data_pipeline.py
[2025-07-03T03:52:10.632+0000] {processor.py:914} INFO - Processing file /opt/airflow/dags/driven_data_pipeline.py for tasks to queue
[2025-07-03T03:52:10.642+0000] {logging_mixin.py:190} INFO - [2025-07-03T03:52:10.642+0000] {dagbag.py:588} INFO - Filling up the DagBag from /opt/airflow/dags/driven_data_pipeline.py
[2025-07-03T03:52:11.281+0000] {processor.py:925} INFO - DAG(s) 'extract_raw_data_pipeline' retrieved from /opt/airflow/dags/driven_data_pipeline.py
[2025-07-03T03:52:11.325+0000] {logging_mixin.py:190} INFO - [2025-07-03T03:52:11.325+0000] {dag.py:3239} INFO - Sync 1 DAGs
[2025-07-03T03:52:11.367+0000] {logging_mixin.py:190} INFO - [2025-07-03T03:52:11.367+0000] {dag.py:4180} INFO - Setting next_dagrun for extract_raw_data_pipeline to 2025-07-02 07:58:00+00:00, run_after=2025-07-02 07:59:00+00:00
[2025-07-03T03:52:11.398+0000] {processor.py:208} INFO - Processing /opt/airflow/dags/driven_data_pipeline.py took 0.788 seconds
[2025-07-03T03:52:42.374+0000] {processor.py:186} INFO - Started process (PID=196) to work on /opt/airflow/dags/driven_data_pipeline.py
[2025-07-03T03:52:42.376+0000] {processor.py:914} INFO - Processing file /opt/airflow/dags/driven_data_pipeline.py for tasks to queue
[2025-07-03T03:52:42.381+0000] {logging_mixin.py:190} INFO - [2025-07-03T03:52:42.380+0000] {dagbag.py:588} INFO - Filling up the DagBag from /opt/airflow/dags/driven_data_pipeline.py
[2025-07-03T03:52:43.254+0000] {processor.py:925} INFO - DAG(s) 'extract_raw_data_pipeline' retrieved from /opt/airflow/dags/driven_data_pipeline.py
[2025-07-03T03:52:43.308+0000] {logging_mixin.py:190} INFO - [2025-07-03T03:52:43.307+0000] {dag.py:3239} INFO - Sync 1 DAGs
[2025-07-03T03:52:43.354+0000] {logging_mixin.py:190} INFO - [2025-07-03T03:52:43.353+0000] {dag.py:4180} INFO - Setting next_dagrun for extract_raw_data_pipeline to 2025-07-02 07:58:00+00:00, run_after=2025-07-02 07:59:00+00:00
[2025-07-03T03:52:43.388+0000] {processor.py:208} INFO - Processing /opt/airflow/dags/driven_data_pipeline.py took 1.025 seconds
[2025-07-03T03:53:13.771+0000] {processor.py:186} INFO - Started process (PID=204) to work on /opt/airflow/dags/driven_data_pipeline.py
[2025-07-03T03:53:13.773+0000] {processor.py:914} INFO - Processing file /opt/airflow/dags/driven_data_pipeline.py for tasks to queue
[2025-07-03T03:53:13.779+0000] {logging_mixin.py:190} INFO - [2025-07-03T03:53:13.778+0000] {dagbag.py:588} INFO - Filling up the DagBag from /opt/airflow/dags/driven_data_pipeline.py
[2025-07-03T03:53:15.082+0000] {processor.py:925} INFO - DAG(s) 'extract_raw_data_pipeline' retrieved from /opt/airflow/dags/driven_data_pipeline.py
[2025-07-03T03:53:15.121+0000] {logging_mixin.py:190} INFO - [2025-07-03T03:53:15.120+0000] {dag.py:3239} INFO - Sync 1 DAGs
[2025-07-03T03:53:15.152+0000] {logging_mixin.py:190} INFO - [2025-07-03T03:53:15.151+0000] {dag.py:4180} INFO - Setting next_dagrun for extract_raw_data_pipeline to 2025-07-02 07:58:00+00:00, run_after=2025-07-02 07:59:00+00:00
[2025-07-03T03:53:15.180+0000] {processor.py:208} INFO - Processing /opt/airflow/dags/driven_data_pipeline.py took 0.755 seconds
[2025-07-03T03:53:45.664+0000] {processor.py:186} INFO - Started process (PID=212) to work on /opt/airflow/dags/driven_data_pipeline.py
[2025-07-03T03:53:45.667+0000] {processor.py:914} INFO - Processing file /opt/airflow/dags/driven_data_pipeline.py for tasks to queue
[2025-07-03T03:53:45.674+0000] {logging_mixin.py:190} INFO - [2025-07-03T03:53:45.673+0000] {dagbag.py:588} INFO - Filling up the DagBag from /opt/airflow/dags/driven_data_pipeline.py
[2025-07-03T03:53:47.505+0000] {processor.py:925} INFO - DAG(s) 'extract_raw_data_pipeline' retrieved from /opt/airflow/dags/driven_data_pipeline.py
[2025-07-03T03:53:47.556+0000] {logging_mixin.py:190} INFO - [2025-07-03T03:53:47.556+0000] {dag.py:3239} INFO - Sync 1 DAGs
[2025-07-03T03:53:47.603+0000] {logging_mixin.py:190} INFO - [2025-07-03T03:53:47.603+0000] {dag.py:4180} INFO - Setting next_dagrun for extract_raw_data_pipeline to 2025-07-02 07:58:00+00:00, run_after=2025-07-02 07:59:00+00:00
[2025-07-03T03:53:47.639+0000] {processor.py:208} INFO - Processing /opt/airflow/dags/driven_data_pipeline.py took 1.332 seconds
[2025-07-03T03:54:17.813+0000] {processor.py:186} INFO - Started process (PID=220) to work on /opt/airflow/dags/driven_data_pipeline.py
[2025-07-03T03:54:17.815+0000] {processor.py:914} INFO - Processing file /opt/airflow/dags/driven_data_pipeline.py for tasks to queue
[2025-07-03T03:54:17.820+0000] {logging_mixin.py:190} INFO - [2025-07-03T03:54:17.819+0000] {dagbag.py:588} INFO - Filling up the DagBag from /opt/airflow/dags/driven_data_pipeline.py
[2025-07-03T03:54:18.414+0000] {processor.py:925} INFO - DAG(s) 'extract_raw_data_pipeline' retrieved from /opt/airflow/dags/driven_data_pipeline.py
[2025-07-03T03:54:18.459+0000] {logging_mixin.py:190} INFO - [2025-07-03T03:54:18.459+0000] {dag.py:3239} INFO - Sync 1 DAGs
[2025-07-03T03:54:18.535+0000] {logging_mixin.py:190} INFO - [2025-07-03T03:54:18.534+0000] {dag.py:4180} INFO - Setting next_dagrun for extract_raw_data_pipeline to 2025-07-02 07:58:00+00:00, run_after=2025-07-02 07:59:00+00:00
[2025-07-03T03:54:18.567+0000] {processor.py:208} INFO - Processing /opt/airflow/dags/driven_data_pipeline.py took 0.764 seconds
[2025-07-03T03:54:49.037+0000] {processor.py:186} INFO - Started process (PID=228) to work on /opt/airflow/dags/driven_data_pipeline.py
[2025-07-03T03:54:49.039+0000] {processor.py:914} INFO - Processing file /opt/airflow/dags/driven_data_pipeline.py for tasks to queue
[2025-07-03T03:54:49.045+0000] {logging_mixin.py:190} INFO - [2025-07-03T03:54:49.044+0000] {dagbag.py:588} INFO - Filling up the DagBag from /opt/airflow/dags/driven_data_pipeline.py
[2025-07-03T03:54:49.688+0000] {processor.py:925} INFO - DAG(s) 'extract_raw_data_pipeline' retrieved from /opt/airflow/dags/driven_data_pipeline.py
[2025-07-03T03:54:49.724+0000] {logging_mixin.py:190} INFO - [2025-07-03T03:54:49.723+0000] {dag.py:3239} INFO - Sync 1 DAGs
[2025-07-03T03:54:49.753+0000] {logging_mixin.py:190} INFO - [2025-07-03T03:54:49.753+0000] {dag.py:4180} INFO - Setting next_dagrun for extract_raw_data_pipeline to 2025-07-02 07:58:00+00:00, run_after=2025-07-02 07:59:00+00:00
[2025-07-03T03:54:49.781+0000] {processor.py:208} INFO - Processing /opt/airflow/dags/driven_data_pipeline.py took 0.752 seconds
[2025-07-03T03:55:20.655+0000] {processor.py:186} INFO - Started process (PID=236) to work on /opt/airflow/dags/driven_data_pipeline.py
[2025-07-03T03:55:20.657+0000] {processor.py:914} INFO - Processing file /opt/airflow/dags/driven_data_pipeline.py for tasks to queue
[2025-07-03T03:55:20.662+0000] {logging_mixin.py:190} INFO - [2025-07-03T03:55:20.661+0000] {dagbag.py:588} INFO - Filling up the DagBag from /opt/airflow/dags/driven_data_pipeline.py
[2025-07-03T03:55:21.278+0000] {processor.py:925} INFO - DAG(s) 'extract_raw_data_pipeline' retrieved from /opt/airflow/dags/driven_data_pipeline.py
[2025-07-03T03:55:21.316+0000] {logging_mixin.py:190} INFO - [2025-07-03T03:55:21.315+0000] {dag.py:3239} INFO - Sync 1 DAGs
[2025-07-03T03:55:21.360+0000] {logging_mixin.py:190} INFO - [2025-07-03T03:55:21.360+0000] {dag.py:4180} INFO - Setting next_dagrun for extract_raw_data_pipeline to 2025-07-02 07:58:00+00:00, run_after=2025-07-02 07:59:00+00:00
[2025-07-03T03:55:21.427+0000] {processor.py:208} INFO - Processing /opt/airflow/dags/driven_data_pipeline.py took 0.782 seconds
[2025-07-03T03:55:51.915+0000] {processor.py:186} INFO - Started process (PID=244) to work on /opt/airflow/dags/driven_data_pipeline.py
[2025-07-03T03:55:51.918+0000] {processor.py:914} INFO - Processing file /opt/airflow/dags/driven_data_pipeline.py for tasks to queue
[2025-07-03T03:55:51.923+0000] {logging_mixin.py:190} INFO - [2025-07-03T03:55:51.922+0000] {dagbag.py:588} INFO - Filling up the DagBag from /opt/airflow/dags/driven_data_pipeline.py
[2025-07-03T03:55:52.338+0000] {processor.py:925} INFO - DAG(s) 'extract_raw_data_pipeline' retrieved from /opt/airflow/dags/driven_data_pipeline.py
[2025-07-03T03:55:52.404+0000] {logging_mixin.py:190} INFO - [2025-07-03T03:55:52.404+0000] {dag.py:3239} INFO - Sync 1 DAGs
[2025-07-03T03:55:52.455+0000] {logging_mixin.py:190} INFO - [2025-07-03T03:55:52.454+0000] {dag.py:4180} INFO - Setting next_dagrun for extract_raw_data_pipeline to 2025-07-02 07:58:00+00:00, run_after=2025-07-02 07:59:00+00:00
[2025-07-03T03:55:52.526+0000] {processor.py:208} INFO - Processing /opt/airflow/dags/driven_data_pipeline.py took 0.623 seconds
[2025-07-03T03:56:23.131+0000] {processor.py:186} INFO - Started process (PID=252) to work on /opt/airflow/dags/driven_data_pipeline.py
[2025-07-03T03:56:23.133+0000] {processor.py:914} INFO - Processing file /opt/airflow/dags/driven_data_pipeline.py for tasks to queue
[2025-07-03T03:56:23.139+0000] {logging_mixin.py:190} INFO - [2025-07-03T03:56:23.138+0000] {dagbag.py:588} INFO - Filling up the DagBag from /opt/airflow/dags/driven_data_pipeline.py
[2025-07-03T03:56:23.555+0000] {processor.py:925} INFO - DAG(s) 'extract_raw_data_pipeline' retrieved from /opt/airflow/dags/driven_data_pipeline.py
[2025-07-03T03:56:23.612+0000] {logging_mixin.py:190} INFO - [2025-07-03T03:56:23.612+0000] {dag.py:3239} INFO - Sync 1 DAGs
[2025-07-03T03:56:23.653+0000] {logging_mixin.py:190} INFO - [2025-07-03T03:56:23.653+0000] {dag.py:4180} INFO - Setting next_dagrun for extract_raw_data_pipeline to 2025-07-02 07:58:00+00:00, run_after=2025-07-02 07:59:00+00:00
[2025-07-03T03:56:23.692+0000] {processor.py:208} INFO - Processing /opt/airflow/dags/driven_data_pipeline.py took 0.576 seconds
[2025-07-03T04:01:21.667+0000] {processor.py:186} INFO - Started process (PID=95) to work on /opt/airflow/dags/driven_data_pipeline.py
[2025-07-03T04:01:21.673+0000] {processor.py:914} INFO - Processing file /opt/airflow/dags/driven_data_pipeline.py for tasks to queue
[2025-07-03T04:01:21.685+0000] {logging_mixin.py:190} INFO - [2025-07-03T04:01:21.683+0000] {dagbag.py:588} INFO - Filling up the DagBag from /opt/airflow/dags/driven_data_pipeline.py
[2025-07-03T04:01:23.036+0000] {processor.py:925} INFO - DAG(s) 'extract_raw_data_pipeline' retrieved from /opt/airflow/dags/driven_data_pipeline.py
[2025-07-03T04:01:23.562+0000] {logging_mixin.py:190} INFO - [2025-07-03T04:01:23.561+0000] {override.py:1900} INFO - Created Permission View: can read on DAG:extract_raw_data_pipeline
[2025-07-03T04:01:23.591+0000] {logging_mixin.py:190} INFO - [2025-07-03T04:01:23.590+0000] {override.py:1900} INFO - Created Permission View: can edit on DAG:extract_raw_data_pipeline
[2025-07-03T04:01:23.608+0000] {logging_mixin.py:190} INFO - [2025-07-03T04:01:23.608+0000] {override.py:1900} INFO - Created Permission View: can delete on DAG:extract_raw_data_pipeline
[2025-07-03T04:01:23.625+0000] {logging_mixin.py:190} INFO - [2025-07-03T04:01:23.624+0000] {override.py:1900} INFO - Created Permission View: can read on DAG Run:extract_raw_data_pipeline
[2025-07-03T04:01:23.640+0000] {logging_mixin.py:190} INFO - [2025-07-03T04:01:23.640+0000] {override.py:1900} INFO - Created Permission View: can delete on DAG Run:extract_raw_data_pipeline
[2025-07-03T04:01:23.656+0000] {logging_mixin.py:190} INFO - [2025-07-03T04:01:23.656+0000] {override.py:1900} INFO - Created Permission View: menu access on DAG Run:extract_raw_data_pipeline
[2025-07-03T04:01:23.674+0000] {logging_mixin.py:190} INFO - [2025-07-03T04:01:23.674+0000] {override.py:1900} INFO - Created Permission View: can create on DAG Run:extract_raw_data_pipeline
[2025-07-03T04:01:23.675+0000] {logging_mixin.py:190} INFO - [2025-07-03T04:01:23.675+0000] {dag.py:3239} INFO - Sync 1 DAGs
[2025-07-03T04:01:23.694+0000] {logging_mixin.py:190} INFO - [2025-07-03T04:01:23.693+0000] {dag.py:3262} INFO - Creating ORM DAG for extract_raw_data_pipeline
[2025-07-03T04:01:23.710+0000] {logging_mixin.py:190} INFO - [2025-07-03T04:01:23.709+0000] {dag.py:4180} INFO - Setting next_dagrun for extract_raw_data_pipeline to 2025-07-02 07:58:00+00:00, run_after=2025-07-02 07:59:00+00:00
[2025-07-03T04:01:23.748+0000] {processor.py:208} INFO - Processing /opt/airflow/dags/driven_data_pipeline.py took 2.116 seconds
[2025-07-03T04:01:54.831+0000] {processor.py:186} INFO - Started process (PID=103) to work on /opt/airflow/dags/driven_data_pipeline.py
[2025-07-03T04:01:54.838+0000] {processor.py:914} INFO - Processing file /opt/airflow/dags/driven_data_pipeline.py for tasks to queue
[2025-07-03T04:01:54.856+0000] {logging_mixin.py:190} INFO - [2025-07-03T04:01:54.854+0000] {dagbag.py:588} INFO - Filling up the DagBag from /opt/airflow/dags/driven_data_pipeline.py
[2025-07-03T04:01:56.692+0000] {processor.py:925} INFO - DAG(s) 'extract_raw_data_pipeline' retrieved from /opt/airflow/dags/driven_data_pipeline.py
[2025-07-03T04:01:56.767+0000] {logging_mixin.py:190} INFO - [2025-07-03T04:01:56.766+0000] {dag.py:3239} INFO - Sync 1 DAGs
[2025-07-03T04:01:56.832+0000] {logging_mixin.py:190} INFO - [2025-07-03T04:01:56.831+0000] {dag.py:4180} INFO - Setting next_dagrun for extract_raw_data_pipeline to 2025-07-02 07:58:00+00:00, run_after=2025-07-02 07:59:00+00:00
[2025-07-03T04:01:56.910+0000] {processor.py:208} INFO - Processing /opt/airflow/dags/driven_data_pipeline.py took 2.115 seconds
[2025-07-03T04:02:27.873+0000] {processor.py:186} INFO - Started process (PID=112) to work on /opt/airflow/dags/driven_data_pipeline.py
[2025-07-03T04:02:27.876+0000] {processor.py:914} INFO - Processing file /opt/airflow/dags/driven_data_pipeline.py for tasks to queue
[2025-07-03T04:02:27.882+0000] {logging_mixin.py:190} INFO - [2025-07-03T04:02:27.881+0000] {dagbag.py:588} INFO - Filling up the DagBag from /opt/airflow/dags/driven_data_pipeline.py
[2025-07-03T04:02:28.843+0000] {processor.py:925} INFO - DAG(s) 'extract_raw_data_pipeline' retrieved from /opt/airflow/dags/driven_data_pipeline.py
[2025-07-03T04:02:28.909+0000] {logging_mixin.py:190} INFO - [2025-07-03T04:02:28.908+0000] {dag.py:3239} INFO - Sync 1 DAGs
[2025-07-03T04:02:28.991+0000] {logging_mixin.py:190} INFO - [2025-07-03T04:02:28.991+0000] {dag.py:4180} INFO - Setting next_dagrun for extract_raw_data_pipeline to 2025-07-02 07:58:00+00:00, run_after=2025-07-02 07:59:00+00:00
[2025-07-03T04:02:29.033+0000] {processor.py:208} INFO - Processing /opt/airflow/dags/driven_data_pipeline.py took 1.171 seconds
[2025-07-03T04:02:59.300+0000] {processor.py:186} INFO - Started process (PID=120) to work on /opt/airflow/dags/driven_data_pipeline.py
[2025-07-03T04:02:59.308+0000] {processor.py:914} INFO - Processing file /opt/airflow/dags/driven_data_pipeline.py for tasks to queue
[2025-07-03T04:02:59.329+0000] {logging_mixin.py:190} INFO - [2025-07-03T04:02:59.325+0000] {dagbag.py:588} INFO - Filling up the DagBag from /opt/airflow/dags/driven_data_pipeline.py
[2025-07-03T04:03:04.737+0000] {processor.py:925} INFO - DAG(s) 'extract_raw_data_pipeline' retrieved from /opt/airflow/dags/driven_data_pipeline.py
[2025-07-03T04:03:04.789+0000] {logging_mixin.py:190} INFO - [2025-07-03T04:03:04.788+0000] {dag.py:3239} INFO - Sync 1 DAGs
[2025-07-03T04:03:04.836+0000] {logging_mixin.py:190} INFO - [2025-07-03T04:03:04.836+0000] {dag.py:4180} INFO - Setting next_dagrun for extract_raw_data_pipeline to 2025-07-02 07:58:00+00:00, run_after=2025-07-02 07:59:00+00:00
[2025-07-03T04:03:04.867+0000] {processor.py:208} INFO - Processing /opt/airflow/dags/driven_data_pipeline.py took 5.620 seconds
[2025-07-03T04:03:35.016+0000] {processor.py:186} INFO - Started process (PID=128) to work on /opt/airflow/dags/driven_data_pipeline.py
[2025-07-03T04:03:35.020+0000] {processor.py:914} INFO - Processing file /opt/airflow/dags/driven_data_pipeline.py for tasks to queue
[2025-07-03T04:03:35.029+0000] {logging_mixin.py:190} INFO - [2025-07-03T04:03:35.025+0000] {dagbag.py:588} INFO - Filling up the DagBag from /opt/airflow/dags/driven_data_pipeline.py
[2025-07-03T04:03:36.122+0000] {processor.py:925} INFO - DAG(s) 'extract_raw_data_pipeline' retrieved from /opt/airflow/dags/driven_data_pipeline.py
[2025-07-03T04:03:36.162+0000] {logging_mixin.py:190} INFO - [2025-07-03T04:03:36.161+0000] {dag.py:3239} INFO - Sync 1 DAGs
[2025-07-03T04:03:36.191+0000] {logging_mixin.py:190} INFO - [2025-07-03T04:03:36.191+0000] {dag.py:4180} INFO - Setting next_dagrun for extract_raw_data_pipeline to 2025-07-02 07:58:00+00:00, run_after=2025-07-02 07:59:00+00:00
[2025-07-03T04:03:36.222+0000] {processor.py:208} INFO - Processing /opt/airflow/dags/driven_data_pipeline.py took 1.216 seconds
[2025-07-03T04:04:07.010+0000] {processor.py:186} INFO - Started process (PID=136) to work on /opt/airflow/dags/driven_data_pipeline.py
[2025-07-03T04:04:07.013+0000] {processor.py:914} INFO - Processing file /opt/airflow/dags/driven_data_pipeline.py for tasks to queue
[2025-07-03T04:04:07.017+0000] {logging_mixin.py:190} INFO - [2025-07-03T04:04:07.016+0000] {dagbag.py:588} INFO - Filling up the DagBag from /opt/airflow/dags/driven_data_pipeline.py
[2025-07-03T04:04:08.205+0000] {processor.py:925} INFO - DAG(s) 'extract_raw_data_pipeline' retrieved from /opt/airflow/dags/driven_data_pipeline.py
[2025-07-03T04:04:08.253+0000] {logging_mixin.py:190} INFO - [2025-07-03T04:04:08.252+0000] {dag.py:3239} INFO - Sync 1 DAGs
[2025-07-03T04:04:08.333+0000] {logging_mixin.py:190} INFO - [2025-07-03T04:04:08.332+0000] {dag.py:4180} INFO - Setting next_dagrun for extract_raw_data_pipeline to 2025-07-02 07:58:00+00:00, run_after=2025-07-02 07:59:00+00:00
[2025-07-03T04:04:08.367+0000] {processor.py:208} INFO - Processing /opt/airflow/dags/driven_data_pipeline.py took 1.367 seconds
[2025-07-03T04:04:39.233+0000] {processor.py:186} INFO - Started process (PID=144) to work on /opt/airflow/dags/driven_data_pipeline.py
[2025-07-03T04:04:39.236+0000] {processor.py:914} INFO - Processing file /opt/airflow/dags/driven_data_pipeline.py for tasks to queue
[2025-07-03T04:04:39.245+0000] {logging_mixin.py:190} INFO - [2025-07-03T04:04:39.243+0000] {dagbag.py:588} INFO - Filling up the DagBag from /opt/airflow/dags/driven_data_pipeline.py
[2025-07-03T04:04:40.396+0000] {processor.py:925} INFO - DAG(s) 'extract_raw_data_pipeline' retrieved from /opt/airflow/dags/driven_data_pipeline.py
[2025-07-03T04:04:40.436+0000] {logging_mixin.py:190} INFO - [2025-07-03T04:04:40.436+0000] {dag.py:3239} INFO - Sync 1 DAGs
[2025-07-03T04:04:40.466+0000] {logging_mixin.py:190} INFO - [2025-07-03T04:04:40.466+0000] {dag.py:4180} INFO - Setting next_dagrun for extract_raw_data_pipeline to 2025-07-02 07:58:00+00:00, run_after=2025-07-02 07:59:00+00:00
[2025-07-03T04:04:40.509+0000] {processor.py:208} INFO - Processing /opt/airflow/dags/driven_data_pipeline.py took 1.290 seconds
[2025-07-03T04:05:11.386+0000] {processor.py:186} INFO - Started process (PID=152) to work on /opt/airflow/dags/driven_data_pipeline.py
[2025-07-03T04:05:11.389+0000] {processor.py:914} INFO - Processing file /opt/airflow/dags/driven_data_pipeline.py for tasks to queue
[2025-07-03T04:05:11.395+0000] {logging_mixin.py:190} INFO - [2025-07-03T04:05:11.393+0000] {dagbag.py:588} INFO - Filling up the DagBag from /opt/airflow/dags/driven_data_pipeline.py
[2025-07-03T04:05:12.334+0000] {processor.py:925} INFO - DAG(s) 'extract_raw_data_pipeline' retrieved from /opt/airflow/dags/driven_data_pipeline.py
[2025-07-03T04:05:12.385+0000] {logging_mixin.py:190} INFO - [2025-07-03T04:05:12.384+0000] {dag.py:3239} INFO - Sync 1 DAGs
[2025-07-03T04:05:12.421+0000] {logging_mixin.py:190} INFO - [2025-07-03T04:05:12.421+0000] {dag.py:4180} INFO - Setting next_dagrun for extract_raw_data_pipeline to 2025-07-02 07:58:00+00:00, run_after=2025-07-02 07:59:00+00:00
[2025-07-03T04:05:12.452+0000] {processor.py:208} INFO - Processing /opt/airflow/dags/driven_data_pipeline.py took 1.077 seconds
[2025-07-03T04:05:43.427+0000] {processor.py:186} INFO - Started process (PID=160) to work on /opt/airflow/dags/driven_data_pipeline.py
[2025-07-03T04:05:43.429+0000] {processor.py:914} INFO - Processing file /opt/airflow/dags/driven_data_pipeline.py for tasks to queue
[2025-07-03T04:05:43.436+0000] {logging_mixin.py:190} INFO - [2025-07-03T04:05:43.435+0000] {dagbag.py:588} INFO - Filling up the DagBag from /opt/airflow/dags/driven_data_pipeline.py
[2025-07-03T04:05:44.255+0000] {processor.py:925} INFO - DAG(s) 'extract_raw_data_pipeline' retrieved from /opt/airflow/dags/driven_data_pipeline.py
[2025-07-03T04:05:44.334+0000] {logging_mixin.py:190} INFO - [2025-07-03T04:05:44.334+0000] {dag.py:3239} INFO - Sync 1 DAGs
[2025-07-03T04:05:44.365+0000] {logging_mixin.py:190} INFO - [2025-07-03T04:05:44.365+0000] {dag.py:4180} INFO - Setting next_dagrun for extract_raw_data_pipeline to 2025-07-02 07:58:00+00:00, run_after=2025-07-02 07:59:00+00:00
[2025-07-03T04:05:44.396+0000] {processor.py:208} INFO - Processing /opt/airflow/dags/driven_data_pipeline.py took 0.983 seconds
[2025-07-03T04:06:14.517+0000] {processor.py:186} INFO - Started process (PID=168) to work on /opt/airflow/dags/driven_data_pipeline.py
[2025-07-03T04:06:14.519+0000] {processor.py:914} INFO - Processing file /opt/airflow/dags/driven_data_pipeline.py for tasks to queue
[2025-07-03T04:06:14.523+0000] {logging_mixin.py:190} INFO - [2025-07-03T04:06:14.522+0000] {dagbag.py:588} INFO - Filling up the DagBag from /opt/airflow/dags/driven_data_pipeline.py
[2025-07-03T04:06:15.357+0000] {processor.py:925} INFO - DAG(s) 'extract_raw_data_pipeline' retrieved from /opt/airflow/dags/driven_data_pipeline.py
[2025-07-03T04:06:15.397+0000] {logging_mixin.py:190} INFO - [2025-07-03T04:06:15.397+0000] {dag.py:3239} INFO - Sync 1 DAGs
[2025-07-03T04:06:15.431+0000] {logging_mixin.py:190} INFO - [2025-07-03T04:06:15.431+0000] {dag.py:4180} INFO - Setting next_dagrun for extract_raw_data_pipeline to 2025-07-02 07:58:00+00:00, run_after=2025-07-02 07:59:00+00:00
[2025-07-03T04:06:15.460+0000] {processor.py:208} INFO - Processing /opt/airflow/dags/driven_data_pipeline.py took 0.957 seconds
[2025-07-03T04:06:45.708+0000] {processor.py:186} INFO - Started process (PID=188) to work on /opt/airflow/dags/driven_data_pipeline.py
[2025-07-03T04:06:45.711+0000] {processor.py:914} INFO - Processing file /opt/airflow/dags/driven_data_pipeline.py for tasks to queue
[2025-07-03T04:06:45.721+0000] {logging_mixin.py:190} INFO - [2025-07-03T04:06:45.719+0000] {dagbag.py:588} INFO - Filling up the DagBag from /opt/airflow/dags/driven_data_pipeline.py
[2025-07-03T04:06:48.351+0000] {processor.py:925} INFO - DAG(s) 'extract_raw_data_pipeline' retrieved from /opt/airflow/dags/driven_data_pipeline.py
[2025-07-03T04:06:48.447+0000] {logging_mixin.py:190} INFO - [2025-07-03T04:06:48.447+0000] {dag.py:3239} INFO - Sync 1 DAGs
[2025-07-03T04:06:48.613+0000] {logging_mixin.py:190} INFO - [2025-07-03T04:06:48.612+0000] {dag.py:4180} INFO - Setting next_dagrun for extract_raw_data_pipeline to 2025-07-02 07:59:00+00:00, run_after=2025-07-03 07:00:00+00:00
[2025-07-03T04:06:49.085+0000] {processor.py:208} INFO - Processing /opt/airflow/dags/driven_data_pipeline.py took 3.413 seconds
[2025-07-03T04:07:19.241+0000] {processor.py:186} INFO - Started process (PID=208) to work on /opt/airflow/dags/driven_data_pipeline.py
[2025-07-03T04:07:19.243+0000] {processor.py:914} INFO - Processing file /opt/airflow/dags/driven_data_pipeline.py for tasks to queue
[2025-07-03T04:07:19.264+0000] {logging_mixin.py:190} INFO - [2025-07-03T04:07:19.262+0000] {dagbag.py:588} INFO - Filling up the DagBag from /opt/airflow/dags/driven_data_pipeline.py
[2025-07-03T04:07:20.786+0000] {processor.py:925} INFO - DAG(s) 'extract_raw_data_pipeline' retrieved from /opt/airflow/dags/driven_data_pipeline.py
[2025-07-03T04:07:20.824+0000] {logging_mixin.py:190} INFO - [2025-07-03T04:07:20.824+0000] {dag.py:3239} INFO - Sync 1 DAGs
[2025-07-03T04:07:20.853+0000] {logging_mixin.py:190} INFO - [2025-07-03T04:07:20.853+0000] {dag.py:4180} INFO - Setting next_dagrun for extract_raw_data_pipeline to 2025-07-02 07:59:00+00:00, run_after=2025-07-03 07:00:00+00:00
[2025-07-03T04:07:20.883+0000] {processor.py:208} INFO - Processing /opt/airflow/dags/driven_data_pipeline.py took 1.660 seconds
[2025-07-03T04:07:51.763+0000] {processor.py:186} INFO - Started process (PID=222) to work on /opt/airflow/dags/driven_data_pipeline.py
[2025-07-03T04:07:51.765+0000] {processor.py:914} INFO - Processing file /opt/airflow/dags/driven_data_pipeline.py for tasks to queue
[2025-07-03T04:07:51.770+0000] {logging_mixin.py:190} INFO - [2025-07-03T04:07:51.769+0000] {dagbag.py:588} INFO - Filling up the DagBag from /opt/airflow/dags/driven_data_pipeline.py
[2025-07-03T04:07:52.540+0000] {processor.py:925} INFO - DAG(s) 'extract_raw_data_pipeline' retrieved from /opt/airflow/dags/driven_data_pipeline.py
[2025-07-03T04:07:52.615+0000] {logging_mixin.py:190} INFO - [2025-07-03T04:07:52.614+0000] {dag.py:3239} INFO - Sync 1 DAGs
[2025-07-03T04:07:52.646+0000] {logging_mixin.py:190} INFO - [2025-07-03T04:07:52.645+0000] {dag.py:4180} INFO - Setting next_dagrun for extract_raw_data_pipeline to 2025-07-02 07:59:00+00:00, run_after=2025-07-03 07:00:00+00:00
[2025-07-03T04:07:52.674+0000] {processor.py:208} INFO - Processing /opt/airflow/dags/driven_data_pipeline.py took 0.922 seconds
[2025-07-03T04:08:23.809+0000] {processor.py:186} INFO - Started process (PID=230) to work on /opt/airflow/dags/driven_data_pipeline.py
[2025-07-03T04:08:23.811+0000] {processor.py:914} INFO - Processing file /opt/airflow/dags/driven_data_pipeline.py for tasks to queue
[2025-07-03T04:08:23.816+0000] {logging_mixin.py:190} INFO - [2025-07-03T04:08:23.815+0000] {dagbag.py:588} INFO - Filling up the DagBag from /opt/airflow/dags/driven_data_pipeline.py
[2025-07-03T04:08:24.935+0000] {processor.py:925} INFO - DAG(s) 'extract_raw_data_pipeline' retrieved from /opt/airflow/dags/driven_data_pipeline.py
[2025-07-03T04:08:24.973+0000] {logging_mixin.py:190} INFO - [2025-07-03T04:08:24.973+0000] {dag.py:3239} INFO - Sync 1 DAGs
[2025-07-03T04:08:25.004+0000] {logging_mixin.py:190} INFO - [2025-07-03T04:08:25.004+0000] {dag.py:4180} INFO - Setting next_dagrun for extract_raw_data_pipeline to 2025-07-02 07:59:00+00:00, run_after=2025-07-03 07:00:00+00:00
[2025-07-03T04:08:25.035+0000] {processor.py:208} INFO - Processing /opt/airflow/dags/driven_data_pipeline.py took 1.236 seconds
[2025-07-03T04:08:55.829+0000] {processor.py:186} INFO - Started process (PID=238) to work on /opt/airflow/dags/driven_data_pipeline.py
[2025-07-03T04:08:55.831+0000] {processor.py:914} INFO - Processing file /opt/airflow/dags/driven_data_pipeline.py for tasks to queue
[2025-07-03T04:08:55.838+0000] {logging_mixin.py:190} INFO - [2025-07-03T04:08:55.837+0000] {dagbag.py:588} INFO - Filling up the DagBag from /opt/airflow/dags/driven_data_pipeline.py
[2025-07-03T04:08:57.299+0000] {processor.py:925} INFO - DAG(s) 'extract_raw_data_pipeline' retrieved from /opt/airflow/dags/driven_data_pipeline.py
[2025-07-03T04:08:57.398+0000] {logging_mixin.py:190} INFO - [2025-07-03T04:08:57.396+0000] {dag.py:3239} INFO - Sync 1 DAGs
[2025-07-03T04:08:57.431+0000] {logging_mixin.py:190} INFO - [2025-07-03T04:08:57.431+0000] {dag.py:4180} INFO - Setting next_dagrun for extract_raw_data_pipeline to 2025-07-02 07:59:00+00:00, run_after=2025-07-03 07:00:00+00:00
[2025-07-03T04:08:57.463+0000] {processor.py:208} INFO - Processing /opt/airflow/dags/driven_data_pipeline.py took 1.645 seconds
[2025-07-03T04:09:27.600+0000] {processor.py:186} INFO - Started process (PID=246) to work on /opt/airflow/dags/driven_data_pipeline.py
[2025-07-03T04:09:27.603+0000] {processor.py:914} INFO - Processing file /opt/airflow/dags/driven_data_pipeline.py for tasks to queue
[2025-07-03T04:09:27.625+0000] {logging_mixin.py:190} INFO - [2025-07-03T04:09:27.621+0000] {dagbag.py:588} INFO - Filling up the DagBag from /opt/airflow/dags/driven_data_pipeline.py
[2025-07-03T04:09:28.622+0000] {processor.py:925} INFO - DAG(s) 'extract_raw_data_pipeline' retrieved from /opt/airflow/dags/driven_data_pipeline.py
[2025-07-03T04:09:28.682+0000] {logging_mixin.py:190} INFO - [2025-07-03T04:09:28.682+0000] {dag.py:3239} INFO - Sync 1 DAGs
[2025-07-03T04:09:28.742+0000] {logging_mixin.py:190} INFO - [2025-07-03T04:09:28.741+0000] {dag.py:4180} INFO - Setting next_dagrun for extract_raw_data_pipeline to 2025-07-02 07:59:00+00:00, run_after=2025-07-03 07:00:00+00:00
[2025-07-03T04:09:28.801+0000] {processor.py:208} INFO - Processing /opt/airflow/dags/driven_data_pipeline.py took 1.219 seconds
[2025-07-03T04:09:59.680+0000] {processor.py:186} INFO - Started process (PID=254) to work on /opt/airflow/dags/driven_data_pipeline.py
[2025-07-03T04:09:59.682+0000] {processor.py:914} INFO - Processing file /opt/airflow/dags/driven_data_pipeline.py for tasks to queue
[2025-07-03T04:09:59.687+0000] {logging_mixin.py:190} INFO - [2025-07-03T04:09:59.686+0000] {dagbag.py:588} INFO - Filling up the DagBag from /opt/airflow/dags/driven_data_pipeline.py
[2025-07-03T04:10:00.817+0000] {processor.py:925} INFO - DAG(s) 'extract_raw_data_pipeline' retrieved from /opt/airflow/dags/driven_data_pipeline.py
[2025-07-03T04:10:00.883+0000] {logging_mixin.py:190} INFO - [2025-07-03T04:10:00.883+0000] {dag.py:3239} INFO - Sync 1 DAGs
[2025-07-03T04:10:00.927+0000] {logging_mixin.py:190} INFO - [2025-07-03T04:10:00.926+0000] {dag.py:4180} INFO - Setting next_dagrun for extract_raw_data_pipeline to 2025-07-02 07:59:00+00:00, run_after=2025-07-03 07:00:00+00:00
[2025-07-03T04:10:00.964+0000] {processor.py:208} INFO - Processing /opt/airflow/dags/driven_data_pipeline.py took 1.294 seconds
[2025-07-03T04:10:31.325+0000] {processor.py:186} INFO - Started process (PID=262) to work on /opt/airflow/dags/driven_data_pipeline.py
[2025-07-03T04:10:31.327+0000] {processor.py:914} INFO - Processing file /opt/airflow/dags/driven_data_pipeline.py for tasks to queue
[2025-07-03T04:10:31.333+0000] {logging_mixin.py:190} INFO - [2025-07-03T04:10:31.332+0000] {dagbag.py:588} INFO - Filling up the DagBag from /opt/airflow/dags/driven_data_pipeline.py
[2025-07-03T04:10:31.749+0000] {processor.py:925} INFO - DAG(s) 'extract_raw_data_pipeline' retrieved from /opt/airflow/dags/driven_data_pipeline.py
[2025-07-03T04:10:31.801+0000] {logging_mixin.py:190} INFO - [2025-07-03T04:10:31.801+0000] {dag.py:3239} INFO - Sync 1 DAGs
[2025-07-03T04:10:31.843+0000] {logging_mixin.py:190} INFO - [2025-07-03T04:10:31.842+0000] {dag.py:4180} INFO - Setting next_dagrun for extract_raw_data_pipeline to 2025-07-02 07:59:00+00:00, run_after=2025-07-03 07:00:00+00:00
[2025-07-03T04:10:31.925+0000] {processor.py:208} INFO - Processing /opt/airflow/dags/driven_data_pipeline.py took 0.614 seconds
[2025-07-03T04:11:02.292+0000] {processor.py:186} INFO - Started process (PID=270) to work on /opt/airflow/dags/driven_data_pipeline.py
[2025-07-03T04:11:02.294+0000] {processor.py:914} INFO - Processing file /opt/airflow/dags/driven_data_pipeline.py for tasks to queue
[2025-07-03T04:11:02.299+0000] {logging_mixin.py:190} INFO - [2025-07-03T04:11:02.298+0000] {dagbag.py:588} INFO - Filling up the DagBag from /opt/airflow/dags/driven_data_pipeline.py
[2025-07-03T04:11:03.143+0000] {processor.py:925} INFO - DAG(s) 'extract_raw_data_pipeline' retrieved from /opt/airflow/dags/driven_data_pipeline.py
[2025-07-03T04:11:03.199+0000] {logging_mixin.py:190} INFO - [2025-07-03T04:11:03.199+0000] {dag.py:3239} INFO - Sync 1 DAGs
[2025-07-03T04:11:03.232+0000] {logging_mixin.py:190} INFO - [2025-07-03T04:11:03.231+0000] {dag.py:4180} INFO - Setting next_dagrun for extract_raw_data_pipeline to 2025-07-02 07:59:00+00:00, run_after=2025-07-03 07:00:00+00:00
[2025-07-03T04:11:03.261+0000] {processor.py:208} INFO - Processing /opt/airflow/dags/driven_data_pipeline.py took 0.981 seconds
[2025-07-03T04:11:33.760+0000] {processor.py:186} INFO - Started process (PID=278) to work on /opt/airflow/dags/driven_data_pipeline.py
[2025-07-03T04:11:33.762+0000] {processor.py:914} INFO - Processing file /opt/airflow/dags/driven_data_pipeline.py for tasks to queue
[2025-07-03T04:11:33.767+0000] {logging_mixin.py:190} INFO - [2025-07-03T04:11:33.767+0000] {dagbag.py:588} INFO - Filling up the DagBag from /opt/airflow/dags/driven_data_pipeline.py
[2025-07-03T04:11:34.670+0000] {processor.py:925} INFO - DAG(s) 'extract_raw_data_pipeline' retrieved from /opt/airflow/dags/driven_data_pipeline.py
[2025-07-03T04:11:34.730+0000] {logging_mixin.py:190} INFO - [2025-07-03T04:11:34.729+0000] {dag.py:3239} INFO - Sync 1 DAGs
[2025-07-03T04:11:34.772+0000] {logging_mixin.py:190} INFO - [2025-07-03T04:11:34.771+0000] {dag.py:4180} INFO - Setting next_dagrun for extract_raw_data_pipeline to 2025-07-02 07:59:00+00:00, run_after=2025-07-03 07:00:00+00:00
[2025-07-03T04:11:34.811+0000] {processor.py:208} INFO - Processing /opt/airflow/dags/driven_data_pipeline.py took 1.063 seconds
[2025-07-03T04:12:05.189+0000] {processor.py:186} INFO - Started process (PID=286) to work on /opt/airflow/dags/driven_data_pipeline.py
[2025-07-03T04:12:05.194+0000] {processor.py:914} INFO - Processing file /opt/airflow/dags/driven_data_pipeline.py for tasks to queue
[2025-07-03T04:12:05.201+0000] {logging_mixin.py:190} INFO - [2025-07-03T04:12:05.200+0000] {dagbag.py:588} INFO - Filling up the DagBag from /opt/airflow/dags/driven_data_pipeline.py
[2025-07-03T04:12:06.090+0000] {processor.py:925} INFO - DAG(s) 'extract_raw_data_pipeline' retrieved from /opt/airflow/dags/driven_data_pipeline.py
[2025-07-03T04:12:06.244+0000] {logging_mixin.py:190} INFO - [2025-07-03T04:12:06.243+0000] {dag.py:3239} INFO - Sync 1 DAGs
[2025-07-03T04:12:06.296+0000] {logging_mixin.py:190} INFO - [2025-07-03T04:12:06.295+0000] {dag.py:4180} INFO - Setting next_dagrun for extract_raw_data_pipeline to 2025-07-02 07:59:00+00:00, run_after=2025-07-03 07:00:00+00:00
[2025-07-03T04:12:06.348+0000] {processor.py:208} INFO - Processing /opt/airflow/dags/driven_data_pipeline.py took 1.171 seconds
[2025-07-03T04:12:36.682+0000] {processor.py:186} INFO - Started process (PID=294) to work on /opt/airflow/dags/driven_data_pipeline.py
[2025-07-03T04:12:36.685+0000] {processor.py:914} INFO - Processing file /opt/airflow/dags/driven_data_pipeline.py for tasks to queue
[2025-07-03T04:12:36.689+0000] {logging_mixin.py:190} INFO - [2025-07-03T04:12:36.688+0000] {dagbag.py:588} INFO - Filling up the DagBag from /opt/airflow/dags/driven_data_pipeline.py
[2025-07-03T04:12:37.547+0000] {processor.py:925} INFO - DAG(s) 'extract_raw_data_pipeline' retrieved from /opt/airflow/dags/driven_data_pipeline.py
[2025-07-03T04:12:37.606+0000] {logging_mixin.py:190} INFO - [2025-07-03T04:12:37.606+0000] {dag.py:3239} INFO - Sync 1 DAGs
[2025-07-03T04:12:37.642+0000] {logging_mixin.py:190} INFO - [2025-07-03T04:12:37.642+0000] {dag.py:4180} INFO - Setting next_dagrun for extract_raw_data_pipeline to 2025-07-02 07:59:00+00:00, run_after=2025-07-03 07:00:00+00:00
[2025-07-03T04:12:37.678+0000] {processor.py:208} INFO - Processing /opt/airflow/dags/driven_data_pipeline.py took 1.011 seconds
[2025-07-03T04:16:36.779+0000] {processor.py:186} INFO - Started process (PID=84) to work on /opt/airflow/dags/driven_data_pipeline.py
[2025-07-03T04:16:36.783+0000] {processor.py:914} INFO - Processing file /opt/airflow/dags/driven_data_pipeline.py for tasks to queue
[2025-07-03T04:16:36.789+0000] {logging_mixin.py:190} INFO - [2025-07-03T04:16:36.788+0000] {dagbag.py:588} INFO - Filling up the DagBag from /opt/airflow/dags/driven_data_pipeline.py
[2025-07-03T04:16:38.683+0000] {processor.py:925} INFO - DAG(s) 'extract_raw_data_pipeline' retrieved from /opt/airflow/dags/driven_data_pipeline.py
[2025-07-03T04:16:38.750+0000] {logging_mixin.py:190} INFO - [2025-07-03T04:16:38.749+0000] {dag.py:3239} INFO - Sync 1 DAGs
[2025-07-03T04:16:38.809+0000] {logging_mixin.py:190} INFO - [2025-07-03T04:16:38.809+0000] {dag.py:4180} INFO - Setting next_dagrun for extract_raw_data_pipeline to 2025-07-02 07:59:00+00:00, run_after=2025-07-03 07:00:00+00:00
[2025-07-03T04:16:38.864+0000] {processor.py:208} INFO - Processing /opt/airflow/dags/driven_data_pipeline.py took 2.100 seconds
[2025-07-03T04:17:09.760+0000] {processor.py:186} INFO - Started process (PID=92) to work on /opt/airflow/dags/driven_data_pipeline.py
[2025-07-03T04:17:09.763+0000] {processor.py:914} INFO - Processing file /opt/airflow/dags/driven_data_pipeline.py for tasks to queue
[2025-07-03T04:17:09.770+0000] {logging_mixin.py:190} INFO - [2025-07-03T04:17:09.769+0000] {dagbag.py:588} INFO - Filling up the DagBag from /opt/airflow/dags/driven_data_pipeline.py
[2025-07-03T04:17:10.769+0000] {processor.py:925} INFO - DAG(s) 'extract_raw_data_pipeline' retrieved from /opt/airflow/dags/driven_data_pipeline.py
[2025-07-03T04:17:10.814+0000] {logging_mixin.py:190} INFO - [2025-07-03T04:17:10.813+0000] {dag.py:3239} INFO - Sync 1 DAGs
[2025-07-03T04:17:10.843+0000] {logging_mixin.py:190} INFO - [2025-07-03T04:17:10.842+0000] {dag.py:4180} INFO - Setting next_dagrun for extract_raw_data_pipeline to 2025-07-02 07:59:00+00:00, run_after=2025-07-03 07:00:00+00:00
[2025-07-03T04:17:10.869+0000] {processor.py:208} INFO - Processing /opt/airflow/dags/driven_data_pipeline.py took 1.119 seconds
[2025-07-03T04:17:41.955+0000] {processor.py:186} INFO - Started process (PID=100) to work on /opt/airflow/dags/driven_data_pipeline.py
[2025-07-03T04:17:41.958+0000] {processor.py:914} INFO - Processing file /opt/airflow/dags/driven_data_pipeline.py for tasks to queue
[2025-07-03T04:17:42.002+0000] {logging_mixin.py:190} INFO - [2025-07-03T04:17:42.001+0000] {dagbag.py:588} INFO - Filling up the DagBag from /opt/airflow/dags/driven_data_pipeline.py
[2025-07-03T04:17:46.288+0000] {processor.py:925} INFO - DAG(s) 'extract_raw_data_pipeline' retrieved from /opt/airflow/dags/driven_data_pipeline.py
[2025-07-03T04:17:46.336+0000] {logging_mixin.py:190} INFO - [2025-07-03T04:17:46.335+0000] {dag.py:3239} INFO - Sync 1 DAGs
[2025-07-03T04:17:46.372+0000] {logging_mixin.py:190} INFO - [2025-07-03T04:17:46.371+0000] {dag.py:4180} INFO - Setting next_dagrun for extract_raw_data_pipeline to 2025-07-02 07:59:00+00:00, run_after=2025-07-03 07:00:00+00:00
[2025-07-03T04:17:46.405+0000] {processor.py:208} INFO - Processing /opt/airflow/dags/driven_data_pipeline.py took 4.502 seconds
[2025-07-03T04:18:16.827+0000] {processor.py:186} INFO - Started process (PID=108) to work on /opt/airflow/dags/driven_data_pipeline.py
[2025-07-03T04:18:16.837+0000] {processor.py:914} INFO - Processing file /opt/airflow/dags/driven_data_pipeline.py for tasks to queue
[2025-07-03T04:18:16.845+0000] {logging_mixin.py:190} INFO - [2025-07-03T04:18:16.842+0000] {dagbag.py:588} INFO - Filling up the DagBag from /opt/airflow/dags/driven_data_pipeline.py
[2025-07-03T04:18:17.634+0000] {processor.py:925} INFO - DAG(s) 'extract_raw_data_pipeline' retrieved from /opt/airflow/dags/driven_data_pipeline.py
[2025-07-03T04:18:17.681+0000] {logging_mixin.py:190} INFO - [2025-07-03T04:18:17.681+0000] {dag.py:3239} INFO - Sync 1 DAGs
[2025-07-03T04:18:17.721+0000] {logging_mixin.py:190} INFO - [2025-07-03T04:18:17.721+0000] {dag.py:4180} INFO - Setting next_dagrun for extract_raw_data_pipeline to 2025-07-02 07:59:00+00:00, run_after=2025-07-03 07:00:00+00:00
[2025-07-03T04:18:17.749+0000] {processor.py:208} INFO - Processing /opt/airflow/dags/driven_data_pipeline.py took 0.935 seconds
[2025-07-03T04:18:48.647+0000] {processor.py:186} INFO - Started process (PID=116) to work on /opt/airflow/dags/driven_data_pipeline.py
[2025-07-03T04:18:48.649+0000] {processor.py:914} INFO - Processing file /opt/airflow/dags/driven_data_pipeline.py for tasks to queue
[2025-07-03T04:18:48.652+0000] {logging_mixin.py:190} INFO - [2025-07-03T04:18:48.652+0000] {dagbag.py:588} INFO - Filling up the DagBag from /opt/airflow/dags/driven_data_pipeline.py
[2025-07-03T04:18:49.278+0000] {processor.py:925} INFO - DAG(s) 'extract_raw_data_pipeline' retrieved from /opt/airflow/dags/driven_data_pipeline.py
[2025-07-03T04:18:49.314+0000] {logging_mixin.py:190} INFO - [2025-07-03T04:18:49.313+0000] {dag.py:3239} INFO - Sync 1 DAGs
[2025-07-03T04:18:49.348+0000] {logging_mixin.py:190} INFO - [2025-07-03T04:18:49.347+0000] {dag.py:4180} INFO - Setting next_dagrun for extract_raw_data_pipeline to 2025-07-02 07:59:00+00:00, run_after=2025-07-03 07:00:00+00:00
[2025-07-03T04:18:49.376+0000] {processor.py:208} INFO - Processing /opt/airflow/dags/driven_data_pipeline.py took 0.737 seconds
[2025-07-03T04:19:19.777+0000] {processor.py:186} INFO - Started process (PID=124) to work on /opt/airflow/dags/driven_data_pipeline.py
[2025-07-03T04:19:19.779+0000] {processor.py:914} INFO - Processing file /opt/airflow/dags/driven_data_pipeline.py for tasks to queue
[2025-07-03T04:19:19.784+0000] {logging_mixin.py:190} INFO - [2025-07-03T04:19:19.784+0000] {dagbag.py:588} INFO - Filling up the DagBag from /opt/airflow/dags/driven_data_pipeline.py
[2025-07-03T04:19:20.483+0000] {processor.py:925} INFO - DAG(s) 'extract_raw_data_pipeline' retrieved from /opt/airflow/dags/driven_data_pipeline.py
[2025-07-03T04:19:20.533+0000] {logging_mixin.py:190} INFO - [2025-07-03T04:19:20.532+0000] {dag.py:3239} INFO - Sync 1 DAGs
[2025-07-03T04:19:20.561+0000] {logging_mixin.py:190} INFO - [2025-07-03T04:19:20.561+0000] {dag.py:4180} INFO - Setting next_dagrun for extract_raw_data_pipeline to 2025-07-02 07:59:00+00:00, run_after=2025-07-03 07:00:00+00:00
[2025-07-03T04:19:20.618+0000] {processor.py:208} INFO - Processing /opt/airflow/dags/driven_data_pipeline.py took 0.850 seconds
[2025-07-03T04:19:50.992+0000] {processor.py:186} INFO - Started process (PID=132) to work on /opt/airflow/dags/driven_data_pipeline.py
[2025-07-03T04:19:50.994+0000] {processor.py:914} INFO - Processing file /opt/airflow/dags/driven_data_pipeline.py for tasks to queue
[2025-07-03T04:19:50.998+0000] {logging_mixin.py:190} INFO - [2025-07-03T04:19:50.997+0000] {dagbag.py:588} INFO - Filling up the DagBag from /opt/airflow/dags/driven_data_pipeline.py
[2025-07-03T04:19:51.341+0000] {processor.py:925} INFO - DAG(s) 'extract_raw_data_pipeline' retrieved from /opt/airflow/dags/driven_data_pipeline.py
[2025-07-03T04:19:51.434+0000] {logging_mixin.py:190} INFO - [2025-07-03T04:19:51.433+0000] {dag.py:3239} INFO - Sync 1 DAGs
[2025-07-03T04:19:51.476+0000] {logging_mixin.py:190} INFO - [2025-07-03T04:19:51.475+0000] {dag.py:4180} INFO - Setting next_dagrun for extract_raw_data_pipeline to 2025-07-02 07:59:00+00:00, run_after=2025-07-03 07:00:00+00:00
[2025-07-03T04:19:51.508+0000] {processor.py:208} INFO - Processing /opt/airflow/dags/driven_data_pipeline.py took 0.524 seconds
[2025-07-03T04:20:22.286+0000] {processor.py:186} INFO - Started process (PID=141) to work on /opt/airflow/dags/driven_data_pipeline.py
[2025-07-03T04:20:22.295+0000] {processor.py:914} INFO - Processing file /opt/airflow/dags/driven_data_pipeline.py for tasks to queue
[2025-07-03T04:20:22.304+0000] {logging_mixin.py:190} INFO - [2025-07-03T04:20:22.303+0000] {dagbag.py:588} INFO - Filling up the DagBag from /opt/airflow/dags/driven_data_pipeline.py
[2025-07-03T04:20:22.617+0000] {processor.py:925} INFO - DAG(s) 'extract_raw_data_pipeline' retrieved from /opt/airflow/dags/driven_data_pipeline.py
[2025-07-03T04:20:22.713+0000] {logging_mixin.py:190} INFO - [2025-07-03T04:20:22.712+0000] {dag.py:3239} INFO - Sync 1 DAGs
[2025-07-03T04:20:22.773+0000] {logging_mixin.py:190} INFO - [2025-07-03T04:20:22.773+0000] {dag.py:4180} INFO - Setting next_dagrun for extract_raw_data_pipeline to 2025-07-02 07:59:00+00:00, run_after=2025-07-03 07:00:00+00:00
[2025-07-03T04:20:22.799+0000] {processor.py:208} INFO - Processing /opt/airflow/dags/driven_data_pipeline.py took 0.548 seconds
[2025-07-03T04:20:53.179+0000] {processor.py:186} INFO - Started process (PID=149) to work on /opt/airflow/dags/driven_data_pipeline.py
[2025-07-03T04:20:53.181+0000] {processor.py:914} INFO - Processing file /opt/airflow/dags/driven_data_pipeline.py for tasks to queue
[2025-07-03T04:20:53.186+0000] {logging_mixin.py:190} INFO - [2025-07-03T04:20:53.185+0000] {dagbag.py:588} INFO - Filling up the DagBag from /opt/airflow/dags/driven_data_pipeline.py
[2025-07-03T04:20:53.446+0000] {processor.py:925} INFO - DAG(s) 'extract_raw_data_pipeline' retrieved from /opt/airflow/dags/driven_data_pipeline.py
[2025-07-03T04:20:53.490+0000] {logging_mixin.py:190} INFO - [2025-07-03T04:20:53.490+0000] {dag.py:3239} INFO - Sync 1 DAGs
[2025-07-03T04:20:53.562+0000] {logging_mixin.py:190} INFO - [2025-07-03T04:20:53.561+0000] {dag.py:4180} INFO - Setting next_dagrun for extract_raw_data_pipeline to 2025-07-02 07:59:00+00:00, run_after=2025-07-03 07:00:00+00:00
[2025-07-03T04:20:53.599+0000] {processor.py:208} INFO - Processing /opt/airflow/dags/driven_data_pipeline.py took 0.431 seconds
[2025-07-03T04:21:24.382+0000] {processor.py:186} INFO - Started process (PID=157) to work on /opt/airflow/dags/driven_data_pipeline.py
[2025-07-03T04:21:24.384+0000] {processor.py:914} INFO - Processing file /opt/airflow/dags/driven_data_pipeline.py for tasks to queue
[2025-07-03T04:21:24.391+0000] {logging_mixin.py:190} INFO - [2025-07-03T04:21:24.390+0000] {dagbag.py:588} INFO - Filling up the DagBag from /opt/airflow/dags/driven_data_pipeline.py
[2025-07-03T04:21:24.692+0000] {processor.py:925} INFO - DAG(s) 'extract_raw_data_pipeline' retrieved from /opt/airflow/dags/driven_data_pipeline.py
[2025-07-03T04:21:24.742+0000] {logging_mixin.py:190} INFO - [2025-07-03T04:21:24.742+0000] {dag.py:3239} INFO - Sync 1 DAGs
[2025-07-03T04:21:24.793+0000] {logging_mixin.py:190} INFO - [2025-07-03T04:21:24.793+0000] {dag.py:4180} INFO - Setting next_dagrun for extract_raw_data_pipeline to 2025-07-02 07:59:00+00:00, run_after=2025-07-03 07:00:00+00:00
[2025-07-03T04:21:24.848+0000] {processor.py:208} INFO - Processing /opt/airflow/dags/driven_data_pipeline.py took 0.479 seconds
[2025-07-03T04:21:55.315+0000] {processor.py:186} INFO - Started process (PID=165) to work on /opt/airflow/dags/driven_data_pipeline.py
[2025-07-03T04:21:55.317+0000] {processor.py:914} INFO - Processing file /opt/airflow/dags/driven_data_pipeline.py for tasks to queue
[2025-07-03T04:21:55.322+0000] {logging_mixin.py:190} INFO - [2025-07-03T04:21:55.322+0000] {dagbag.py:588} INFO - Filling up the DagBag from /opt/airflow/dags/driven_data_pipeline.py
[2025-07-03T04:21:55.699+0000] {processor.py:925} INFO - DAG(s) 'extract_raw_data_pipeline' retrieved from /opt/airflow/dags/driven_data_pipeline.py
[2025-07-03T04:21:55.741+0000] {logging_mixin.py:190} INFO - [2025-07-03T04:21:55.740+0000] {dag.py:3239} INFO - Sync 1 DAGs
[2025-07-03T04:21:55.781+0000] {logging_mixin.py:190} INFO - [2025-07-03T04:21:55.781+0000] {dag.py:4180} INFO - Setting next_dagrun for extract_raw_data_pipeline to 2025-07-02 07:59:00+00:00, run_after=2025-07-03 07:00:00+00:00
[2025-07-03T04:21:55.810+0000] {processor.py:208} INFO - Processing /opt/airflow/dags/driven_data_pipeline.py took 0.505 seconds
[2025-07-03T04:22:26.555+0000] {processor.py:186} INFO - Started process (PID=173) to work on /opt/airflow/dags/driven_data_pipeline.py
[2025-07-03T04:22:26.558+0000] {processor.py:914} INFO - Processing file /opt/airflow/dags/driven_data_pipeline.py for tasks to queue
[2025-07-03T04:22:26.566+0000] {logging_mixin.py:190} INFO - [2025-07-03T04:22:26.565+0000] {dagbag.py:588} INFO - Filling up the DagBag from /opt/airflow/dags/driven_data_pipeline.py
[2025-07-03T04:22:27.279+0000] {processor.py:925} INFO - DAG(s) 'extract_raw_data_pipeline' retrieved from /opt/airflow/dags/driven_data_pipeline.py
[2025-07-03T04:22:27.385+0000] {logging_mixin.py:190} INFO - [2025-07-03T04:22:27.384+0000] {dag.py:3239} INFO - Sync 1 DAGs
[2025-07-03T04:22:27.472+0000] {logging_mixin.py:190} INFO - [2025-07-03T04:22:27.471+0000] {dag.py:4180} INFO - Setting next_dagrun for extract_raw_data_pipeline to 2025-07-02 07:59:00+00:00, run_after=2025-07-03 07:00:00+00:00
[2025-07-03T04:22:27.545+0000] {processor.py:208} INFO - Processing /opt/airflow/dags/driven_data_pipeline.py took 1.004 seconds
[2025-07-03T04:22:58.443+0000] {processor.py:186} INFO - Started process (PID=181) to work on /opt/airflow/dags/driven_data_pipeline.py
[2025-07-03T04:22:58.445+0000] {processor.py:914} INFO - Processing file /opt/airflow/dags/driven_data_pipeline.py for tasks to queue
[2025-07-03T04:22:58.453+0000] {logging_mixin.py:190} INFO - [2025-07-03T04:22:58.452+0000] {dagbag.py:588} INFO - Filling up the DagBag from /opt/airflow/dags/driven_data_pipeline.py
[2025-07-03T04:22:58.885+0000] {processor.py:925} INFO - DAG(s) 'extract_raw_data_pipeline' retrieved from /opt/airflow/dags/driven_data_pipeline.py
[2025-07-03T04:22:58.932+0000] {logging_mixin.py:190} INFO - [2025-07-03T04:22:58.932+0000] {dag.py:3239} INFO - Sync 1 DAGs
[2025-07-03T04:22:58.973+0000] {logging_mixin.py:190} INFO - [2025-07-03T04:22:58.973+0000] {dag.py:4180} INFO - Setting next_dagrun for extract_raw_data_pipeline to 2025-07-02 07:59:00+00:00, run_after=2025-07-03 07:00:00+00:00
[2025-07-03T04:22:59.006+0000] {processor.py:208} INFO - Processing /opt/airflow/dags/driven_data_pipeline.py took 0.576 seconds
[2025-07-03T04:23:29.275+0000] {processor.py:186} INFO - Started process (PID=189) to work on /opt/airflow/dags/driven_data_pipeline.py
[2025-07-03T04:23:29.278+0000] {processor.py:914} INFO - Processing file /opt/airflow/dags/driven_data_pipeline.py for tasks to queue
[2025-07-03T04:23:29.284+0000] {logging_mixin.py:190} INFO - [2025-07-03T04:23:29.283+0000] {dagbag.py:588} INFO - Filling up the DagBag from /opt/airflow/dags/driven_data_pipeline.py
[2025-07-03T04:23:29.609+0000] {processor.py:925} INFO - DAG(s) 'extract_raw_data_pipeline' retrieved from /opt/airflow/dags/driven_data_pipeline.py
[2025-07-03T04:23:29.655+0000] {logging_mixin.py:190} INFO - [2025-07-03T04:23:29.654+0000] {dag.py:3239} INFO - Sync 1 DAGs
[2025-07-03T04:23:29.693+0000] {logging_mixin.py:190} INFO - [2025-07-03T04:23:29.693+0000] {dag.py:4180} INFO - Setting next_dagrun for extract_raw_data_pipeline to 2025-07-02 07:59:00+00:00, run_after=2025-07-03 07:00:00+00:00
[2025-07-03T04:23:29.727+0000] {processor.py:208} INFO - Processing /opt/airflow/dags/driven_data_pipeline.py took 0.466 seconds
[2025-07-03T04:24:00.080+0000] {processor.py:186} INFO - Started process (PID=197) to work on /opt/airflow/dags/driven_data_pipeline.py
[2025-07-03T04:24:00.082+0000] {processor.py:914} INFO - Processing file /opt/airflow/dags/driven_data_pipeline.py for tasks to queue
[2025-07-03T04:24:00.087+0000] {logging_mixin.py:190} INFO - [2025-07-03T04:24:00.087+0000] {dagbag.py:588} INFO - Filling up the DagBag from /opt/airflow/dags/driven_data_pipeline.py
[2025-07-03T04:24:00.367+0000] {processor.py:925} INFO - DAG(s) 'extract_raw_data_pipeline' retrieved from /opt/airflow/dags/driven_data_pipeline.py
[2025-07-03T04:24:00.413+0000] {logging_mixin.py:190} INFO - [2025-07-03T04:24:00.413+0000] {dag.py:3239} INFO - Sync 1 DAGs
[2025-07-03T04:24:00.442+0000] {logging_mixin.py:190} INFO - [2025-07-03T04:24:00.442+0000] {dag.py:4180} INFO - Setting next_dagrun for extract_raw_data_pipeline to 2025-07-02 07:59:00+00:00, run_after=2025-07-03 07:00:00+00:00
[2025-07-03T04:24:00.465+0000] {processor.py:208} INFO - Processing /opt/airflow/dags/driven_data_pipeline.py took 0.396 seconds
[2025-07-03T04:24:30.967+0000] {processor.py:186} INFO - Started process (PID=205) to work on /opt/airflow/dags/driven_data_pipeline.py
[2025-07-03T04:24:30.969+0000] {processor.py:914} INFO - Processing file /opt/airflow/dags/driven_data_pipeline.py for tasks to queue
[2025-07-03T04:24:30.973+0000] {logging_mixin.py:190} INFO - [2025-07-03T04:24:30.972+0000] {dagbag.py:588} INFO - Filling up the DagBag from /opt/airflow/dags/driven_data_pipeline.py
[2025-07-03T04:24:31.284+0000] {processor.py:925} INFO - DAG(s) 'extract_raw_data_pipeline' retrieved from /opt/airflow/dags/driven_data_pipeline.py
[2025-07-03T04:24:31.325+0000] {logging_mixin.py:190} INFO - [2025-07-03T04:24:31.324+0000] {dag.py:3239} INFO - Sync 1 DAGs
[2025-07-03T04:24:31.359+0000] {logging_mixin.py:190} INFO - [2025-07-03T04:24:31.359+0000] {dag.py:4180} INFO - Setting next_dagrun for extract_raw_data_pipeline to 2025-07-02 07:59:00+00:00, run_after=2025-07-03 07:00:00+00:00
[2025-07-03T04:24:31.390+0000] {processor.py:208} INFO - Processing /opt/airflow/dags/driven_data_pipeline.py took 0.434 seconds
[2025-07-03T04:25:02.126+0000] {processor.py:186} INFO - Started process (PID=214) to work on /opt/airflow/dags/driven_data_pipeline.py
[2025-07-03T04:25:02.128+0000] {processor.py:914} INFO - Processing file /opt/airflow/dags/driven_data_pipeline.py for tasks to queue
[2025-07-03T04:25:02.133+0000] {logging_mixin.py:190} INFO - [2025-07-03T04:25:02.132+0000] {dagbag.py:588} INFO - Filling up the DagBag from /opt/airflow/dags/driven_data_pipeline.py
[2025-07-03T04:25:02.457+0000] {processor.py:925} INFO - DAG(s) 'extract_raw_data_pipeline' retrieved from /opt/airflow/dags/driven_data_pipeline.py
[2025-07-03T04:25:02.496+0000] {logging_mixin.py:190} INFO - [2025-07-03T04:25:02.496+0000] {dag.py:3239} INFO - Sync 1 DAGs
[2025-07-03T04:25:02.534+0000] {logging_mixin.py:190} INFO - [2025-07-03T04:25:02.533+0000] {dag.py:4180} INFO - Setting next_dagrun for extract_raw_data_pipeline to 2025-07-02 07:59:00+00:00, run_after=2025-07-03 07:00:00+00:00
[2025-07-03T04:25:02.564+0000] {processor.py:208} INFO - Processing /opt/airflow/dags/driven_data_pipeline.py took 0.448 seconds
[2025-07-03T04:25:33.008+0000] {processor.py:186} INFO - Started process (PID=222) to work on /opt/airflow/dags/driven_data_pipeline.py
[2025-07-03T04:25:33.011+0000] {processor.py:914} INFO - Processing file /opt/airflow/dags/driven_data_pipeline.py for tasks to queue
[2025-07-03T04:25:33.017+0000] {logging_mixin.py:190} INFO - [2025-07-03T04:25:33.016+0000] {dagbag.py:588} INFO - Filling up the DagBag from /opt/airflow/dags/driven_data_pipeline.py
[2025-07-03T04:25:33.341+0000] {processor.py:925} INFO - DAG(s) 'extract_raw_data_pipeline' retrieved from /opt/airflow/dags/driven_data_pipeline.py
[2025-07-03T04:25:33.380+0000] {logging_mixin.py:190} INFO - [2025-07-03T04:25:33.380+0000] {dag.py:3239} INFO - Sync 1 DAGs
[2025-07-03T04:25:33.411+0000] {logging_mixin.py:190} INFO - [2025-07-03T04:25:33.410+0000] {dag.py:4180} INFO - Setting next_dagrun for extract_raw_data_pipeline to 2025-07-02 07:59:00+00:00, run_after=2025-07-03 07:00:00+00:00
[2025-07-03T04:25:33.441+0000] {processor.py:208} INFO - Processing /opt/airflow/dags/driven_data_pipeline.py took 0.445 seconds
[2025-07-03T04:26:04.302+0000] {processor.py:186} INFO - Started process (PID=231) to work on /opt/airflow/dags/driven_data_pipeline.py
[2025-07-03T04:26:04.303+0000] {processor.py:914} INFO - Processing file /opt/airflow/dags/driven_data_pipeline.py for tasks to queue
[2025-07-03T04:26:04.309+0000] {logging_mixin.py:190} INFO - [2025-07-03T04:26:04.308+0000] {dagbag.py:588} INFO - Filling up the DagBag from /opt/airflow/dags/driven_data_pipeline.py
[2025-07-03T04:26:04.664+0000] {processor.py:925} INFO - DAG(s) 'extract_raw_data_pipeline' retrieved from /opt/airflow/dags/driven_data_pipeline.py
[2025-07-03T04:26:04.707+0000] {logging_mixin.py:190} INFO - [2025-07-03T04:26:04.707+0000] {dag.py:3239} INFO - Sync 1 DAGs
[2025-07-03T04:26:04.743+0000] {logging_mixin.py:190} INFO - [2025-07-03T04:26:04.743+0000] {dag.py:4180} INFO - Setting next_dagrun for extract_raw_data_pipeline to 2025-07-02 07:59:00+00:00, run_after=2025-07-03 07:00:00+00:00
[2025-07-03T04:26:04.773+0000] {processor.py:208} INFO - Processing /opt/airflow/dags/driven_data_pipeline.py took 0.479 seconds
[2025-07-03T04:26:35.229+0000] {processor.py:186} INFO - Started process (PID=239) to work on /opt/airflow/dags/driven_data_pipeline.py
[2025-07-03T04:26:35.234+0000] {processor.py:914} INFO - Processing file /opt/airflow/dags/driven_data_pipeline.py for tasks to queue
[2025-07-03T04:26:35.248+0000] {logging_mixin.py:190} INFO - [2025-07-03T04:26:35.246+0000] {dagbag.py:588} INFO - Filling up the DagBag from /opt/airflow/dags/driven_data_pipeline.py
[2025-07-03T04:26:35.545+0000] {processor.py:925} INFO - DAG(s) 'extract_raw_data_pipeline' retrieved from /opt/airflow/dags/driven_data_pipeline.py
[2025-07-03T04:26:35.584+0000] {logging_mixin.py:190} INFO - [2025-07-03T04:26:35.584+0000] {dag.py:3239} INFO - Sync 1 DAGs
[2025-07-03T04:26:35.613+0000] {logging_mixin.py:190} INFO - [2025-07-03T04:26:35.613+0000] {dag.py:4180} INFO - Setting next_dagrun for extract_raw_data_pipeline to 2025-07-02 07:59:00+00:00, run_after=2025-07-03 07:00:00+00:00
[2025-07-03T04:26:35.694+0000] {processor.py:208} INFO - Processing /opt/airflow/dags/driven_data_pipeline.py took 0.513 seconds
[2025-07-03T04:27:06.580+0000] {processor.py:186} INFO - Started process (PID=247) to work on /opt/airflow/dags/driven_data_pipeline.py
[2025-07-03T04:27:06.582+0000] {processor.py:914} INFO - Processing file /opt/airflow/dags/driven_data_pipeline.py for tasks to queue
[2025-07-03T04:27:06.586+0000] {logging_mixin.py:190} INFO - [2025-07-03T04:27:06.586+0000] {dagbag.py:588} INFO - Filling up the DagBag from /opt/airflow/dags/driven_data_pipeline.py
[2025-07-03T04:27:06.896+0000] {processor.py:925} INFO - DAG(s) 'extract_raw_data_pipeline' retrieved from /opt/airflow/dags/driven_data_pipeline.py
[2025-07-03T04:27:06.943+0000] {logging_mixin.py:190} INFO - [2025-07-03T04:27:06.942+0000] {dag.py:3239} INFO - Sync 1 DAGs
[2025-07-03T04:27:06.984+0000] {logging_mixin.py:190} INFO - [2025-07-03T04:27:06.983+0000] {dag.py:4180} INFO - Setting next_dagrun for extract_raw_data_pipeline to 2025-07-02 07:59:00+00:00, run_after=2025-07-03 07:00:00+00:00
[2025-07-03T04:27:07.016+0000] {processor.py:208} INFO - Processing /opt/airflow/dags/driven_data_pipeline.py took 0.444 seconds
[2025-07-03T04:27:37.355+0000] {processor.py:186} INFO - Started process (PID=255) to work on /opt/airflow/dags/driven_data_pipeline.py
[2025-07-03T04:27:37.357+0000] {processor.py:914} INFO - Processing file /opt/airflow/dags/driven_data_pipeline.py for tasks to queue
[2025-07-03T04:27:37.362+0000] {logging_mixin.py:190} INFO - [2025-07-03T04:27:37.361+0000] {dagbag.py:588} INFO - Filling up the DagBag from /opt/airflow/dags/driven_data_pipeline.py
[2025-07-03T04:27:37.618+0000] {processor.py:925} INFO - DAG(s) 'extract_raw_data_pipeline' retrieved from /opt/airflow/dags/driven_data_pipeline.py
[2025-07-03T04:27:38.182+0000] {logging_mixin.py:190} INFO - [2025-07-03T04:27:38.181+0000] {dag.py:3239} INFO - Sync 1 DAGs
[2025-07-03T04:27:38.213+0000] {logging_mixin.py:190} INFO - [2025-07-03T04:27:38.213+0000] {dag.py:4180} INFO - Setting next_dagrun for extract_raw_data_pipeline to 2025-07-02 07:59:00+00:00, run_after=2025-07-03 07:00:00+00:00
[2025-07-03T04:27:38.239+0000] {processor.py:208} INFO - Processing /opt/airflow/dags/driven_data_pipeline.py took 0.414 seconds
[2025-07-03T04:28:08.614+0000] {processor.py:186} INFO - Started process (PID=263) to work on /opt/airflow/dags/driven_data_pipeline.py
[2025-07-03T04:28:08.616+0000] {processor.py:914} INFO - Processing file /opt/airflow/dags/driven_data_pipeline.py for tasks to queue
[2025-07-03T04:28:08.621+0000] {logging_mixin.py:190} INFO - [2025-07-03T04:28:08.620+0000] {dagbag.py:588} INFO - Filling up the DagBag from /opt/airflow/dags/driven_data_pipeline.py
[2025-07-03T04:28:08.934+0000] {processor.py:925} INFO - DAG(s) 'extract_raw_data_pipeline' retrieved from /opt/airflow/dags/driven_data_pipeline.py
[2025-07-03T04:28:08.972+0000] {logging_mixin.py:190} INFO - [2025-07-03T04:28:08.972+0000] {dag.py:3239} INFO - Sync 1 DAGs
[2025-07-03T04:28:09.006+0000] {logging_mixin.py:190} INFO - [2025-07-03T04:28:09.006+0000] {dag.py:4180} INFO - Setting next_dagrun for extract_raw_data_pipeline to 2025-07-02 07:59:00+00:00, run_after=2025-07-03 07:00:00+00:00
[2025-07-03T04:28:09.036+0000] {processor.py:208} INFO - Processing /opt/airflow/dags/driven_data_pipeline.py took 0.431 seconds
[2025-07-03T04:28:39.392+0000] {processor.py:186} INFO - Started process (PID=271) to work on /opt/airflow/dags/driven_data_pipeline.py
[2025-07-03T04:28:39.394+0000] {processor.py:914} INFO - Processing file /opt/airflow/dags/driven_data_pipeline.py for tasks to queue
[2025-07-03T04:28:39.399+0000] {logging_mixin.py:190} INFO - [2025-07-03T04:28:39.398+0000] {dagbag.py:588} INFO - Filling up the DagBag from /opt/airflow/dags/driven_data_pipeline.py
[2025-07-03T04:28:39.675+0000] {processor.py:925} INFO - DAG(s) 'extract_raw_data_pipeline' retrieved from /opt/airflow/dags/driven_data_pipeline.py
[2025-07-03T04:28:39.721+0000] {logging_mixin.py:190} INFO - [2025-07-03T04:28:39.721+0000] {dag.py:3239} INFO - Sync 1 DAGs
[2025-07-03T04:28:39.754+0000] {logging_mixin.py:190} INFO - [2025-07-03T04:28:39.754+0000] {dag.py:4180} INFO - Setting next_dagrun for extract_raw_data_pipeline to 2025-07-02 07:59:00+00:00, run_after=2025-07-03 07:00:00+00:00
[2025-07-03T04:28:39.778+0000] {processor.py:208} INFO - Processing /opt/airflow/dags/driven_data_pipeline.py took 0.396 seconds
[2025-07-03T04:29:10.216+0000] {processor.py:186} INFO - Started process (PID=279) to work on /opt/airflow/dags/driven_data_pipeline.py
[2025-07-03T04:29:10.218+0000] {processor.py:914} INFO - Processing file /opt/airflow/dags/driven_data_pipeline.py for tasks to queue
[2025-07-03T04:29:10.222+0000] {logging_mixin.py:190} INFO - [2025-07-03T04:29:10.221+0000] {dagbag.py:588} INFO - Filling up the DagBag from /opt/airflow/dags/driven_data_pipeline.py
[2025-07-03T04:29:10.496+0000] {processor.py:925} INFO - DAG(s) 'extract_raw_data_pipeline' retrieved from /opt/airflow/dags/driven_data_pipeline.py
[2025-07-03T04:29:10.539+0000] {logging_mixin.py:190} INFO - [2025-07-03T04:29:10.539+0000] {dag.py:3239} INFO - Sync 1 DAGs
[2025-07-03T04:29:10.570+0000] {logging_mixin.py:190} INFO - [2025-07-03T04:29:10.569+0000] {dag.py:4180} INFO - Setting next_dagrun for extract_raw_data_pipeline to 2025-07-02 07:59:00+00:00, run_after=2025-07-03 07:00:00+00:00
[2025-07-03T04:29:10.600+0000] {processor.py:208} INFO - Processing /opt/airflow/dags/driven_data_pipeline.py took 0.393 seconds
[2025-07-03T04:29:41.073+0000] {processor.py:186} INFO - Started process (PID=287) to work on /opt/airflow/dags/driven_data_pipeline.py
[2025-07-03T04:29:41.075+0000] {processor.py:914} INFO - Processing file /opt/airflow/dags/driven_data_pipeline.py for tasks to queue
[2025-07-03T04:29:41.081+0000] {logging_mixin.py:190} INFO - [2025-07-03T04:29:41.080+0000] {dagbag.py:588} INFO - Filling up the DagBag from /opt/airflow/dags/driven_data_pipeline.py
[2025-07-03T04:29:41.383+0000] {processor.py:925} INFO - DAG(s) 'extract_raw_data_pipeline' retrieved from /opt/airflow/dags/driven_data_pipeline.py
[2025-07-03T04:29:41.420+0000] {logging_mixin.py:190} INFO - [2025-07-03T04:29:41.420+0000] {dag.py:3239} INFO - Sync 1 DAGs
[2025-07-03T04:29:41.452+0000] {logging_mixin.py:190} INFO - [2025-07-03T04:29:41.451+0000] {dag.py:4180} INFO - Setting next_dagrun for extract_raw_data_pipeline to 2025-07-02 07:59:00+00:00, run_after=2025-07-03 07:00:00+00:00
[2025-07-03T04:29:41.480+0000] {processor.py:208} INFO - Processing /opt/airflow/dags/driven_data_pipeline.py took 0.418 seconds
[2025-07-03T04:30:12.386+0000] {processor.py:186} INFO - Started process (PID=295) to work on /opt/airflow/dags/driven_data_pipeline.py
[2025-07-03T04:30:12.388+0000] {processor.py:914} INFO - Processing file /opt/airflow/dags/driven_data_pipeline.py for tasks to queue
[2025-07-03T04:30:12.393+0000] {logging_mixin.py:190} INFO - [2025-07-03T04:30:12.392+0000] {dagbag.py:588} INFO - Filling up the DagBag from /opt/airflow/dags/driven_data_pipeline.py
[2025-07-03T04:30:12.681+0000] {processor.py:925} INFO - DAG(s) 'extract_raw_data_pipeline' retrieved from /opt/airflow/dags/driven_data_pipeline.py
[2025-07-03T04:30:12.721+0000] {logging_mixin.py:190} INFO - [2025-07-03T04:30:12.721+0000] {dag.py:3239} INFO - Sync 1 DAGs
[2025-07-03T04:30:12.789+0000] {logging_mixin.py:190} INFO - [2025-07-03T04:30:12.788+0000] {dag.py:4180} INFO - Setting next_dagrun for extract_raw_data_pipeline to 2025-07-02 07:59:00+00:00, run_after=2025-07-03 07:00:00+00:00
[2025-07-03T04:30:12.839+0000] {processor.py:208} INFO - Processing /opt/airflow/dags/driven_data_pipeline.py took 0.464 seconds
[2025-07-03T04:30:43.227+0000] {processor.py:186} INFO - Started process (PID=303) to work on /opt/airflow/dags/driven_data_pipeline.py
[2025-07-03T04:30:43.234+0000] {processor.py:914} INFO - Processing file /opt/airflow/dags/driven_data_pipeline.py for tasks to queue
[2025-07-03T04:30:43.241+0000] {logging_mixin.py:190} INFO - [2025-07-03T04:30:43.240+0000] {dagbag.py:588} INFO - Filling up the DagBag from /opt/airflow/dags/driven_data_pipeline.py
[2025-07-03T04:30:43.510+0000] {processor.py:925} INFO - DAG(s) 'extract_raw_data_pipeline' retrieved from /opt/airflow/dags/driven_data_pipeline.py
[2025-07-03T04:30:43.558+0000] {logging_mixin.py:190} INFO - [2025-07-03T04:30:43.557+0000] {dag.py:3239} INFO - Sync 1 DAGs
[2025-07-03T04:30:43.585+0000] {logging_mixin.py:190} INFO - [2025-07-03T04:30:43.585+0000] {dag.py:4180} INFO - Setting next_dagrun for extract_raw_data_pipeline to 2025-07-02 07:59:00+00:00, run_after=2025-07-03 07:00:00+00:00
[2025-07-03T04:30:43.608+0000] {processor.py:208} INFO - Processing /opt/airflow/dags/driven_data_pipeline.py took 0.397 seconds
[2025-07-03T04:31:14.064+0000] {processor.py:186} INFO - Started process (PID=311) to work on /opt/airflow/dags/driven_data_pipeline.py
[2025-07-03T04:31:14.066+0000] {processor.py:914} INFO - Processing file /opt/airflow/dags/driven_data_pipeline.py for tasks to queue
[2025-07-03T04:31:14.072+0000] {logging_mixin.py:190} INFO - [2025-07-03T04:31:14.072+0000] {dagbag.py:588} INFO - Filling up the DagBag from /opt/airflow/dags/driven_data_pipeline.py
[2025-07-03T04:31:14.689+0000] {processor.py:925} INFO - DAG(s) 'extract_raw_data_pipeline' retrieved from /opt/airflow/dags/driven_data_pipeline.py
[2025-07-03T04:31:14.768+0000] {logging_mixin.py:190} INFO - [2025-07-03T04:31:14.767+0000] {dag.py:3239} INFO - Sync 1 DAGs
[2025-07-03T04:31:14.828+0000] {logging_mixin.py:190} INFO - [2025-07-03T04:31:14.828+0000] {dag.py:4180} INFO - Setting next_dagrun for extract_raw_data_pipeline to 2025-07-02 07:59:00+00:00, run_after=2025-07-03 07:00:00+00:00
[2025-07-03T04:31:14.871+0000] {processor.py:208} INFO - Processing /opt/airflow/dags/driven_data_pipeline.py took 0.820 seconds
[2025-07-03T04:31:45.462+0000] {processor.py:186} INFO - Started process (PID=319) to work on /opt/airflow/dags/driven_data_pipeline.py
[2025-07-03T04:31:45.465+0000] {processor.py:914} INFO - Processing file /opt/airflow/dags/driven_data_pipeline.py for tasks to queue
[2025-07-03T04:31:45.472+0000] {logging_mixin.py:190} INFO - [2025-07-03T04:31:45.470+0000] {dagbag.py:588} INFO - Filling up the DagBag from /opt/airflow/dags/driven_data_pipeline.py
[2025-07-03T04:31:45.811+0000] {processor.py:925} INFO - DAG(s) 'extract_raw_data_pipeline' retrieved from /opt/airflow/dags/driven_data_pipeline.py
[2025-07-03T04:31:45.876+0000] {logging_mixin.py:190} INFO - [2025-07-03T04:31:45.875+0000] {dag.py:3239} INFO - Sync 1 DAGs
[2025-07-03T04:31:45.911+0000] {logging_mixin.py:190} INFO - [2025-07-03T04:31:45.911+0000] {dag.py:4180} INFO - Setting next_dagrun for extract_raw_data_pipeline to 2025-07-02 07:59:00+00:00, run_after=2025-07-03 07:00:00+00:00
[2025-07-03T04:31:45.942+0000] {processor.py:208} INFO - Processing /opt/airflow/dags/driven_data_pipeline.py took 0.491 seconds
[2025-07-03T04:32:16.672+0000] {processor.py:186} INFO - Started process (PID=327) to work on /opt/airflow/dags/driven_data_pipeline.py
[2025-07-03T04:32:16.674+0000] {processor.py:914} INFO - Processing file /opt/airflow/dags/driven_data_pipeline.py for tasks to queue
[2025-07-03T04:32:16.678+0000] {logging_mixin.py:190} INFO - [2025-07-03T04:32:16.678+0000] {dagbag.py:588} INFO - Filling up the DagBag from /opt/airflow/dags/driven_data_pipeline.py
[2025-07-03T04:32:16.957+0000] {processor.py:925} INFO - DAG(s) 'extract_raw_data_pipeline' retrieved from /opt/airflow/dags/driven_data_pipeline.py
[2025-07-03T04:32:17.012+0000] {logging_mixin.py:190} INFO - [2025-07-03T04:32:17.012+0000] {dag.py:3239} INFO - Sync 1 DAGs
[2025-07-03T04:32:17.044+0000] {logging_mixin.py:190} INFO - [2025-07-03T04:32:17.044+0000] {dag.py:4180} INFO - Setting next_dagrun for extract_raw_data_pipeline to 2025-07-02 07:59:00+00:00, run_after=2025-07-03 07:00:00+00:00
[2025-07-03T04:32:17.080+0000] {processor.py:208} INFO - Processing /opt/airflow/dags/driven_data_pipeline.py took 0.417 seconds
[2025-07-03T04:32:47.699+0000] {processor.py:186} INFO - Started process (PID=335) to work on /opt/airflow/dags/driven_data_pipeline.py
[2025-07-03T04:32:47.702+0000] {processor.py:914} INFO - Processing file /opt/airflow/dags/driven_data_pipeline.py for tasks to queue
[2025-07-03T04:32:47.707+0000] {logging_mixin.py:190} INFO - [2025-07-03T04:32:47.706+0000] {dagbag.py:588} INFO - Filling up the DagBag from /opt/airflow/dags/driven_data_pipeline.py
[2025-07-03T04:32:48.072+0000] {processor.py:925} INFO - DAG(s) 'extract_raw_data_pipeline' retrieved from /opt/airflow/dags/driven_data_pipeline.py
[2025-07-03T04:32:48.197+0000] {logging_mixin.py:190} INFO - [2025-07-03T04:32:48.196+0000] {dag.py:3239} INFO - Sync 1 DAGs
[2025-07-03T04:32:48.241+0000] {logging_mixin.py:190} INFO - [2025-07-03T04:32:48.241+0000] {dag.py:4180} INFO - Setting next_dagrun for extract_raw_data_pipeline to 2025-07-02 07:59:00+00:00, run_after=2025-07-03 07:00:00+00:00
[2025-07-03T04:32:48.281+0000] {processor.py:208} INFO - Processing /opt/airflow/dags/driven_data_pipeline.py took 0.596 seconds
[2025-07-03T04:33:18.897+0000] {processor.py:186} INFO - Started process (PID=343) to work on /opt/airflow/dags/driven_data_pipeline.py
[2025-07-03T04:33:18.899+0000] {processor.py:914} INFO - Processing file /opt/airflow/dags/driven_data_pipeline.py for tasks to queue
[2025-07-03T04:33:18.904+0000] {logging_mixin.py:190} INFO - [2025-07-03T04:33:18.903+0000] {dagbag.py:588} INFO - Filling up the DagBag from /opt/airflow/dags/driven_data_pipeline.py
[2025-07-03T04:33:19.173+0000] {processor.py:925} INFO - DAG(s) 'extract_raw_data_pipeline' retrieved from /opt/airflow/dags/driven_data_pipeline.py
[2025-07-03T04:33:19.208+0000] {logging_mixin.py:190} INFO - [2025-07-03T04:33:19.208+0000] {dag.py:3239} INFO - Sync 1 DAGs
[2025-07-03T04:33:19.239+0000] {logging_mixin.py:190} INFO - [2025-07-03T04:33:19.239+0000] {dag.py:4180} INFO - Setting next_dagrun for extract_raw_data_pipeline to 2025-07-02 07:59:00+00:00, run_after=2025-07-03 07:00:00+00:00
[2025-07-03T04:33:19.266+0000] {processor.py:208} INFO - Processing /opt/airflow/dags/driven_data_pipeline.py took 0.379 seconds
[2025-07-03T04:33:50.054+0000] {processor.py:186} INFO - Started process (PID=351) to work on /opt/airflow/dags/driven_data_pipeline.py
[2025-07-03T04:33:50.056+0000] {processor.py:914} INFO - Processing file /opt/airflow/dags/driven_data_pipeline.py for tasks to queue
[2025-07-03T04:33:50.061+0000] {logging_mixin.py:190} INFO - [2025-07-03T04:33:50.060+0000] {dagbag.py:588} INFO - Filling up the DagBag from /opt/airflow/dags/driven_data_pipeline.py
[2025-07-03T04:33:50.383+0000] {processor.py:925} INFO - DAG(s) 'extract_raw_data_pipeline' retrieved from /opt/airflow/dags/driven_data_pipeline.py
[2025-07-03T04:33:50.425+0000] {logging_mixin.py:190} INFO - [2025-07-03T04:33:50.424+0000] {dag.py:3239} INFO - Sync 1 DAGs
[2025-07-03T04:33:50.457+0000] {logging_mixin.py:190} INFO - [2025-07-03T04:33:50.457+0000] {dag.py:4180} INFO - Setting next_dagrun for extract_raw_data_pipeline to 2025-07-02 07:59:00+00:00, run_after=2025-07-03 07:00:00+00:00
[2025-07-03T04:33:50.487+0000] {processor.py:208} INFO - Processing /opt/airflow/dags/driven_data_pipeline.py took 0.444 seconds
[2025-07-03T04:34:21.071+0000] {processor.py:186} INFO - Started process (PID=359) to work on /opt/airflow/dags/driven_data_pipeline.py
[2025-07-03T04:34:21.073+0000] {processor.py:914} INFO - Processing file /opt/airflow/dags/driven_data_pipeline.py for tasks to queue
[2025-07-03T04:34:21.077+0000] {logging_mixin.py:190} INFO - [2025-07-03T04:34:21.076+0000] {dagbag.py:588} INFO - Filling up the DagBag from /opt/airflow/dags/driven_data_pipeline.py
[2025-07-03T04:34:21.374+0000] {processor.py:925} INFO - DAG(s) 'extract_raw_data_pipeline' retrieved from /opt/airflow/dags/driven_data_pipeline.py
[2025-07-03T04:34:21.411+0000] {logging_mixin.py:190} INFO - [2025-07-03T04:34:21.410+0000] {dag.py:3239} INFO - Sync 1 DAGs
[2025-07-03T04:34:21.440+0000] {logging_mixin.py:190} INFO - [2025-07-03T04:34:21.440+0000] {dag.py:4180} INFO - Setting next_dagrun for extract_raw_data_pipeline to 2025-07-02 07:59:00+00:00, run_after=2025-07-03 07:00:00+00:00
[2025-07-03T04:34:21.467+0000] {processor.py:208} INFO - Processing /opt/airflow/dags/driven_data_pipeline.py took 0.405 seconds
[2025-07-03T04:34:52.307+0000] {processor.py:186} INFO - Started process (PID=367) to work on /opt/airflow/dags/driven_data_pipeline.py
[2025-07-03T04:34:52.310+0000] {processor.py:914} INFO - Processing file /opt/airflow/dags/driven_data_pipeline.py for tasks to queue
[2025-07-03T04:34:52.315+0000] {logging_mixin.py:190} INFO - [2025-07-03T04:34:52.314+0000] {dagbag.py:588} INFO - Filling up the DagBag from /opt/airflow/dags/driven_data_pipeline.py
[2025-07-03T04:34:52.617+0000] {processor.py:925} INFO - DAG(s) 'extract_raw_data_pipeline' retrieved from /opt/airflow/dags/driven_data_pipeline.py
[2025-07-03T04:34:52.653+0000] {logging_mixin.py:190} INFO - [2025-07-03T04:34:52.653+0000] {dag.py:3239} INFO - Sync 1 DAGs
[2025-07-03T04:34:52.686+0000] {logging_mixin.py:190} INFO - [2025-07-03T04:34:52.686+0000] {dag.py:4180} INFO - Setting next_dagrun for extract_raw_data_pipeline to 2025-07-02 07:59:00+00:00, run_after=2025-07-03 07:00:00+00:00
[2025-07-03T04:34:52.719+0000] {processor.py:208} INFO - Processing /opt/airflow/dags/driven_data_pipeline.py took 0.423 seconds
[2025-07-03T04:35:23.315+0000] {processor.py:186} INFO - Started process (PID=375) to work on /opt/airflow/dags/driven_data_pipeline.py
[2025-07-03T04:35:23.317+0000] {processor.py:914} INFO - Processing file /opt/airflow/dags/driven_data_pipeline.py for tasks to queue
[2025-07-03T04:35:23.321+0000] {logging_mixin.py:190} INFO - [2025-07-03T04:35:23.321+0000] {dagbag.py:588} INFO - Filling up the DagBag from /opt/airflow/dags/driven_data_pipeline.py
[2025-07-03T04:35:23.585+0000] {processor.py:925} INFO - DAG(s) 'extract_raw_data_pipeline' retrieved from /opt/airflow/dags/driven_data_pipeline.py
[2025-07-03T04:35:23.620+0000] {logging_mixin.py:190} INFO - [2025-07-03T04:35:23.619+0000] {dag.py:3239} INFO - Sync 1 DAGs
[2025-07-03T04:35:23.697+0000] {logging_mixin.py:190} INFO - [2025-07-03T04:35:23.697+0000] {dag.py:4180} INFO - Setting next_dagrun for extract_raw_data_pipeline to 2025-07-02 07:59:00+00:00, run_after=2025-07-03 07:00:00+00:00
[2025-07-03T04:35:23.726+0000] {processor.py:208} INFO - Processing /opt/airflow/dags/driven_data_pipeline.py took 0.419 seconds
[2025-07-03T04:35:54.488+0000] {processor.py:186} INFO - Started process (PID=383) to work on /opt/airflow/dags/driven_data_pipeline.py
[2025-07-03T04:35:54.491+0000] {processor.py:914} INFO - Processing file /opt/airflow/dags/driven_data_pipeline.py for tasks to queue
[2025-07-03T04:35:54.497+0000] {logging_mixin.py:190} INFO - [2025-07-03T04:35:54.496+0000] {dagbag.py:588} INFO - Filling up the DagBag from /opt/airflow/dags/driven_data_pipeline.py
[2025-07-03T04:35:54.913+0000] {processor.py:925} INFO - DAG(s) 'extract_raw_data_pipeline' retrieved from /opt/airflow/dags/driven_data_pipeline.py
[2025-07-03T04:35:54.965+0000] {logging_mixin.py:190} INFO - [2025-07-03T04:35:54.965+0000] {dag.py:3239} INFO - Sync 1 DAGs
[2025-07-03T04:35:55.003+0000] {logging_mixin.py:190} INFO - [2025-07-03T04:35:55.003+0000] {dag.py:4180} INFO - Setting next_dagrun for extract_raw_data_pipeline to 2025-07-02 07:59:00+00:00, run_after=2025-07-03 07:00:00+00:00
[2025-07-03T04:35:55.038+0000] {processor.py:208} INFO - Processing /opt/airflow/dags/driven_data_pipeline.py took 0.563 seconds
[2025-07-03T04:36:25.548+0000] {processor.py:186} INFO - Started process (PID=391) to work on /opt/airflow/dags/driven_data_pipeline.py
[2025-07-03T04:36:25.553+0000] {processor.py:914} INFO - Processing file /opt/airflow/dags/driven_data_pipeline.py for tasks to queue
[2025-07-03T04:36:25.557+0000] {logging_mixin.py:190} INFO - [2025-07-03T04:36:25.557+0000] {dagbag.py:588} INFO - Filling up the DagBag from /opt/airflow/dags/driven_data_pipeline.py
[2025-07-03T04:36:25.824+0000] {processor.py:925} INFO - DAG(s) 'extract_raw_data_pipeline' retrieved from /opt/airflow/dags/driven_data_pipeline.py
[2025-07-03T04:36:25.902+0000] {logging_mixin.py:190} INFO - [2025-07-03T04:36:25.901+0000] {dag.py:3239} INFO - Sync 1 DAGs
[2025-07-03T04:36:25.935+0000] {logging_mixin.py:190} INFO - [2025-07-03T04:36:25.934+0000] {dag.py:4180} INFO - Setting next_dagrun for extract_raw_data_pipeline to 2025-07-02 07:59:00+00:00, run_after=2025-07-03 07:00:00+00:00
[2025-07-03T04:36:25.966+0000] {processor.py:208} INFO - Processing /opt/airflow/dags/driven_data_pipeline.py took 0.427 seconds
[2025-07-03T04:36:56.959+0000] {processor.py:186} INFO - Started process (PID=405) to work on /opt/airflow/dags/driven_data_pipeline.py
[2025-07-03T04:36:56.961+0000] {processor.py:914} INFO - Processing file /opt/airflow/dags/driven_data_pipeline.py for tasks to queue
[2025-07-03T04:36:56.965+0000] {logging_mixin.py:190} INFO - [2025-07-03T04:36:56.965+0000] {dagbag.py:588} INFO - Filling up the DagBag from /opt/airflow/dags/driven_data_pipeline.py
[2025-07-03T04:36:57.276+0000] {processor.py:925} INFO - DAG(s) 'extract_raw_data_pipeline' retrieved from /opt/airflow/dags/driven_data_pipeline.py
[2025-07-03T04:36:57.333+0000] {logging_mixin.py:190} INFO - [2025-07-03T04:36:57.333+0000] {dag.py:3239} INFO - Sync 1 DAGs
[2025-07-03T04:36:57.368+0000] {logging_mixin.py:190} INFO - [2025-07-03T04:36:57.368+0000] {dag.py:4180} INFO - Setting next_dagrun for extract_raw_data_pipeline to 2025-07-02 07:59:00+00:00, run_after=2025-07-03 07:00:00+00:00
[2025-07-03T04:36:57.399+0000] {processor.py:208} INFO - Processing /opt/airflow/dags/driven_data_pipeline.py took 0.452 seconds
[2025-07-03T04:37:28.402+0000] {processor.py:186} INFO - Started process (PID=413) to work on /opt/airflow/dags/driven_data_pipeline.py
[2025-07-03T04:37:28.404+0000] {processor.py:914} INFO - Processing file /opt/airflow/dags/driven_data_pipeline.py for tasks to queue
[2025-07-03T04:37:28.408+0000] {logging_mixin.py:190} INFO - [2025-07-03T04:37:28.408+0000] {dagbag.py:588} INFO - Filling up the DagBag from /opt/airflow/dags/driven_data_pipeline.py
[2025-07-03T04:37:28.696+0000] {processor.py:925} INFO - DAG(s) 'extract_raw_data_pipeline' retrieved from /opt/airflow/dags/driven_data_pipeline.py
[2025-07-03T04:37:28.741+0000] {logging_mixin.py:190} INFO - [2025-07-03T04:37:28.741+0000] {dag.py:3239} INFO - Sync 1 DAGs
[2025-07-03T04:37:28.781+0000] {logging_mixin.py:190} INFO - [2025-07-03T04:37:28.777+0000] {dag.py:4180} INFO - Setting next_dagrun for extract_raw_data_pipeline to 2025-07-02 07:59:00+00:00, run_after=2025-07-03 07:00:00+00:00
[2025-07-03T04:37:28.868+0000] {processor.py:208} INFO - Processing /opt/airflow/dags/driven_data_pipeline.py took 0.477 seconds
[2025-07-03T04:37:59.175+0000] {processor.py:186} INFO - Started process (PID=421) to work on /opt/airflow/dags/driven_data_pipeline.py
[2025-07-03T04:37:59.177+0000] {processor.py:914} INFO - Processing file /opt/airflow/dags/driven_data_pipeline.py for tasks to queue
[2025-07-03T04:37:59.181+0000] {logging_mixin.py:190} INFO - [2025-07-03T04:37:59.181+0000] {dagbag.py:588} INFO - Filling up the DagBag from /opt/airflow/dags/driven_data_pipeline.py
[2025-07-03T04:37:59.454+0000] {processor.py:925} INFO - DAG(s) 'extract_raw_data_pipeline' retrieved from /opt/airflow/dags/driven_data_pipeline.py
[2025-07-03T04:37:59.495+0000] {logging_mixin.py:190} INFO - [2025-07-03T04:37:59.494+0000] {dag.py:3239} INFO - Sync 1 DAGs
[2025-07-03T04:37:59.560+0000] {logging_mixin.py:190} INFO - [2025-07-03T04:37:59.560+0000] {dag.py:4180} INFO - Setting next_dagrun for extract_raw_data_pipeline to 2025-07-02 07:59:00+00:00, run_after=2025-07-03 07:00:00+00:00
[2025-07-03T04:37:59.596+0000] {processor.py:208} INFO - Processing /opt/airflow/dags/driven_data_pipeline.py took 0.429 seconds
[2025-07-03T04:38:30.137+0000] {processor.py:186} INFO - Started process (PID=429) to work on /opt/airflow/dags/driven_data_pipeline.py
[2025-07-03T04:38:30.139+0000] {processor.py:914} INFO - Processing file /opt/airflow/dags/driven_data_pipeline.py for tasks to queue
[2025-07-03T04:38:30.144+0000] {logging_mixin.py:190} INFO - [2025-07-03T04:38:30.142+0000] {dagbag.py:588} INFO - Filling up the DagBag from /opt/airflow/dags/driven_data_pipeline.py
[2025-07-03T04:38:30.481+0000] {processor.py:925} INFO - DAG(s) 'extract_raw_data_pipeline' retrieved from /opt/airflow/dags/driven_data_pipeline.py
[2025-07-03T04:38:30.525+0000] {logging_mixin.py:190} INFO - [2025-07-03T04:38:30.524+0000] {dag.py:3239} INFO - Sync 1 DAGs
[2025-07-03T04:38:30.560+0000] {logging_mixin.py:190} INFO - [2025-07-03T04:38:30.559+0000] {dag.py:4180} INFO - Setting next_dagrun for extract_raw_data_pipeline to 2025-07-02 07:59:00+00:00, run_after=2025-07-03 07:00:00+00:00
[2025-07-03T04:38:30.591+0000] {processor.py:208} INFO - Processing /opt/airflow/dags/driven_data_pipeline.py took 0.464 seconds
[2025-07-03T04:39:01.501+0000] {processor.py:186} INFO - Started process (PID=437) to work on /opt/airflow/dags/driven_data_pipeline.py
[2025-07-03T04:39:01.503+0000] {processor.py:914} INFO - Processing file /opt/airflow/dags/driven_data_pipeline.py for tasks to queue
[2025-07-03T04:39:01.508+0000] {logging_mixin.py:190} INFO - [2025-07-03T04:39:01.508+0000] {dagbag.py:588} INFO - Filling up the DagBag from /opt/airflow/dags/driven_data_pipeline.py
[2025-07-03T04:39:01.763+0000] {processor.py:925} INFO - DAG(s) 'extract_raw_data_pipeline' retrieved from /opt/airflow/dags/driven_data_pipeline.py
[2025-07-03T04:39:01.806+0000] {logging_mixin.py:190} INFO - [2025-07-03T04:39:01.805+0000] {dag.py:3239} INFO - Sync 1 DAGs
[2025-07-03T04:39:01.835+0000] {logging_mixin.py:190} INFO - [2025-07-03T04:39:01.835+0000] {dag.py:4180} INFO - Setting next_dagrun for extract_raw_data_pipeline to 2025-07-02 07:59:00+00:00, run_after=2025-07-03 07:00:00+00:00
[2025-07-03T04:39:01.862+0000] {processor.py:208} INFO - Processing /opt/airflow/dags/driven_data_pipeline.py took 0.370 seconds
[2025-07-03T04:39:32.468+0000] {processor.py:186} INFO - Started process (PID=446) to work on /opt/airflow/dags/driven_data_pipeline.py
[2025-07-03T04:39:32.470+0000] {processor.py:914} INFO - Processing file /opt/airflow/dags/driven_data_pipeline.py for tasks to queue
[2025-07-03T04:39:32.474+0000] {logging_mixin.py:190} INFO - [2025-07-03T04:39:32.474+0000] {dagbag.py:588} INFO - Filling up the DagBag from /opt/airflow/dags/driven_data_pipeline.py
[2025-07-03T04:39:32.874+0000] {processor.py:925} INFO - DAG(s) 'extract_raw_data_pipeline' retrieved from /opt/airflow/dags/driven_data_pipeline.py
[2025-07-03T04:39:32.915+0000] {logging_mixin.py:190} INFO - [2025-07-03T04:39:32.914+0000] {dag.py:3239} INFO - Sync 1 DAGs
[2025-07-03T04:39:32.952+0000] {logging_mixin.py:190} INFO - [2025-07-03T04:39:32.951+0000] {dag.py:4180} INFO - Setting next_dagrun for extract_raw_data_pipeline to 2025-07-02 07:59:00+00:00, run_after=2025-07-03 07:00:00+00:00
[2025-07-03T04:39:32.979+0000] {processor.py:208} INFO - Processing /opt/airflow/dags/driven_data_pipeline.py took 0.522 seconds
[2025-07-03T04:40:03.811+0000] {processor.py:186} INFO - Started process (PID=454) to work on /opt/airflow/dags/driven_data_pipeline.py
[2025-07-03T04:40:03.814+0000] {processor.py:914} INFO - Processing file /opt/airflow/dags/driven_data_pipeline.py for tasks to queue
[2025-07-03T04:40:03.820+0000] {logging_mixin.py:190} INFO - [2025-07-03T04:40:03.819+0000] {dagbag.py:588} INFO - Filling up the DagBag from /opt/airflow/dags/driven_data_pipeline.py
[2025-07-03T04:40:04.202+0000] {processor.py:925} INFO - DAG(s) 'extract_raw_data_pipeline' retrieved from /opt/airflow/dags/driven_data_pipeline.py
[2025-07-03T04:40:04.252+0000] {logging_mixin.py:190} INFO - [2025-07-03T04:40:04.250+0000] {dag.py:3239} INFO - Sync 1 DAGs
[2025-07-03T04:40:04.304+0000] {logging_mixin.py:190} INFO - [2025-07-03T04:40:04.303+0000] {dag.py:4180} INFO - Setting next_dagrun for extract_raw_data_pipeline to 2025-07-02 07:59:00+00:00, run_after=2025-07-03 07:00:00+00:00
[2025-07-03T04:40:04.348+0000] {processor.py:208} INFO - Processing /opt/airflow/dags/driven_data_pipeline.py took 0.552 seconds
[2025-07-03T04:40:34.860+0000] {processor.py:186} INFO - Started process (PID=462) to work on /opt/airflow/dags/driven_data_pipeline.py
[2025-07-03T04:40:34.862+0000] {processor.py:914} INFO - Processing file /opt/airflow/dags/driven_data_pipeline.py for tasks to queue
[2025-07-03T04:40:34.867+0000] {logging_mixin.py:190} INFO - [2025-07-03T04:40:34.867+0000] {dagbag.py:588} INFO - Filling up the DagBag from /opt/airflow/dags/driven_data_pipeline.py
[2025-07-03T04:40:35.149+0000] {processor.py:925} INFO - DAG(s) 'extract_raw_data_pipeline' retrieved from /opt/airflow/dags/driven_data_pipeline.py
[2025-07-03T04:40:35.192+0000] {logging_mixin.py:190} INFO - [2025-07-03T04:40:35.192+0000] {dag.py:3239} INFO - Sync 1 DAGs
[2025-07-03T04:40:35.228+0000] {logging_mixin.py:190} INFO - [2025-07-03T04:40:35.227+0000] {dag.py:4180} INFO - Setting next_dagrun for extract_raw_data_pipeline to 2025-07-02 07:59:00+00:00, run_after=2025-07-03 07:00:00+00:00
[2025-07-03T04:40:35.254+0000] {processor.py:208} INFO - Processing /opt/airflow/dags/driven_data_pipeline.py took 0.405 seconds
[2025-07-03T04:41:06.148+0000] {processor.py:186} INFO - Started process (PID=470) to work on /opt/airflow/dags/driven_data_pipeline.py
[2025-07-03T04:41:06.150+0000] {processor.py:914} INFO - Processing file /opt/airflow/dags/driven_data_pipeline.py for tasks to queue
[2025-07-03T04:41:06.156+0000] {logging_mixin.py:190} INFO - [2025-07-03T04:41:06.155+0000] {dagbag.py:588} INFO - Filling up the DagBag from /opt/airflow/dags/driven_data_pipeline.py
[2025-07-03T04:41:06.457+0000] {processor.py:925} INFO - DAG(s) 'extract_raw_data_pipeline' retrieved from /opt/airflow/dags/driven_data_pipeline.py
[2025-07-03T04:41:06.498+0000] {logging_mixin.py:190} INFO - [2025-07-03T04:41:06.497+0000] {dag.py:3239} INFO - Sync 1 DAGs
[2025-07-03T04:41:06.527+0000] {logging_mixin.py:190} INFO - [2025-07-03T04:41:06.526+0000] {dag.py:4180} INFO - Setting next_dagrun for extract_raw_data_pipeline to 2025-07-02 07:59:00+00:00, run_after=2025-07-03 07:00:00+00:00
[2025-07-03T04:41:06.561+0000] {processor.py:208} INFO - Processing /opt/airflow/dags/driven_data_pipeline.py took 0.424 seconds
[2025-07-03T04:41:37.052+0000] {processor.py:186} INFO - Started process (PID=478) to work on /opt/airflow/dags/driven_data_pipeline.py
[2025-07-03T04:41:37.054+0000] {processor.py:914} INFO - Processing file /opt/airflow/dags/driven_data_pipeline.py for tasks to queue
[2025-07-03T04:41:37.058+0000] {logging_mixin.py:190} INFO - [2025-07-03T04:41:37.057+0000] {dagbag.py:588} INFO - Filling up the DagBag from /opt/airflow/dags/driven_data_pipeline.py
[2025-07-03T04:41:37.365+0000] {processor.py:925} INFO - DAG(s) 'extract_raw_data_pipeline' retrieved from /opt/airflow/dags/driven_data_pipeline.py
[2025-07-03T04:41:37.408+0000] {logging_mixin.py:190} INFO - [2025-07-03T04:41:37.407+0000] {dag.py:3239} INFO - Sync 1 DAGs
[2025-07-03T04:41:37.446+0000] {logging_mixin.py:190} INFO - [2025-07-03T04:41:37.446+0000] {dag.py:4180} INFO - Setting next_dagrun for extract_raw_data_pipeline to 2025-07-02 07:59:00+00:00, run_after=2025-07-03 07:00:00+00:00
[2025-07-03T04:41:37.477+0000] {processor.py:208} INFO - Processing /opt/airflow/dags/driven_data_pipeline.py took 0.435 seconds
[2025-07-03T04:42:08.436+0000] {processor.py:186} INFO - Started process (PID=494) to work on /opt/airflow/dags/driven_data_pipeline.py
[2025-07-03T04:42:08.437+0000] {processor.py:914} INFO - Processing file /opt/airflow/dags/driven_data_pipeline.py for tasks to queue
[2025-07-03T04:42:08.441+0000] {logging_mixin.py:190} INFO - [2025-07-03T04:42:08.440+0000] {dagbag.py:588} INFO - Filling up the DagBag from /opt/airflow/dags/driven_data_pipeline.py
[2025-07-03T04:42:08.745+0000] {processor.py:925} INFO - DAG(s) 'extract_raw_data_pipeline' retrieved from /opt/airflow/dags/driven_data_pipeline.py
[2025-07-03T04:42:08.793+0000] {logging_mixin.py:190} INFO - [2025-07-03T04:42:08.793+0000] {dag.py:3239} INFO - Sync 1 DAGs
[2025-07-03T04:42:08.829+0000] {logging_mixin.py:190} INFO - [2025-07-03T04:42:08.828+0000] {dag.py:4180} INFO - Setting next_dagrun for extract_raw_data_pipeline to 2025-07-02 07:59:00+00:00, run_after=2025-07-03 07:00:00+00:00
[2025-07-03T04:42:08.901+0000] {processor.py:208} INFO - Processing /opt/airflow/dags/driven_data_pipeline.py took 0.474 seconds
[2025-07-03T04:42:39.335+0000] {processor.py:186} INFO - Started process (PID=502) to work on /opt/airflow/dags/driven_data_pipeline.py
[2025-07-03T04:42:39.337+0000] {processor.py:914} INFO - Processing file /opt/airflow/dags/driven_data_pipeline.py for tasks to queue
[2025-07-03T04:42:39.342+0000] {logging_mixin.py:190} INFO - [2025-07-03T04:42:39.341+0000] {dagbag.py:588} INFO - Filling up the DagBag from /opt/airflow/dags/driven_data_pipeline.py
[2025-07-03T04:42:39.674+0000] {processor.py:925} INFO - DAG(s) 'extract_raw_data_pipeline' retrieved from /opt/airflow/dags/driven_data_pipeline.py
[2025-07-03T04:42:39.718+0000] {logging_mixin.py:190} INFO - [2025-07-03T04:42:39.718+0000] {dag.py:3239} INFO - Sync 1 DAGs
[2025-07-03T04:42:39.746+0000] {logging_mixin.py:190} INFO - [2025-07-03T04:42:39.746+0000] {dag.py:4180} INFO - Setting next_dagrun for extract_raw_data_pipeline to 2025-07-02 07:59:00+00:00, run_after=2025-07-03 07:00:00+00:00
[2025-07-03T04:42:39.773+0000] {processor.py:208} INFO - Processing /opt/airflow/dags/driven_data_pipeline.py took 0.448 seconds
[2025-07-03T04:43:10.237+0000] {processor.py:186} INFO - Started process (PID=510) to work on /opt/airflow/dags/driven_data_pipeline.py
[2025-07-03T04:43:10.239+0000] {processor.py:914} INFO - Processing file /opt/airflow/dags/driven_data_pipeline.py for tasks to queue
[2025-07-03T04:43:10.245+0000] {logging_mixin.py:190} INFO - [2025-07-03T04:43:10.244+0000] {dagbag.py:588} INFO - Filling up the DagBag from /opt/airflow/dags/driven_data_pipeline.py
[2025-07-03T04:43:10.531+0000] {processor.py:925} INFO - DAG(s) 'extract_raw_data_pipeline' retrieved from /opt/airflow/dags/driven_data_pipeline.py
[2025-07-03T04:43:10.578+0000] {logging_mixin.py:190} INFO - [2025-07-03T04:43:10.577+0000] {dag.py:3239} INFO - Sync 1 DAGs
[2025-07-03T04:43:10.655+0000] {logging_mixin.py:190} INFO - [2025-07-03T04:43:10.655+0000] {dag.py:4180} INFO - Setting next_dagrun for extract_raw_data_pipeline to 2025-07-02 07:59:00+00:00, run_after=2025-07-03 07:00:00+00:00
[2025-07-03T04:43:10.687+0000] {processor.py:208} INFO - Processing /opt/airflow/dags/driven_data_pipeline.py took 0.461 seconds
[2025-07-03T04:43:41.612+0000] {processor.py:186} INFO - Started process (PID=518) to work on /opt/airflow/dags/driven_data_pipeline.py
[2025-07-03T04:43:41.614+0000] {processor.py:914} INFO - Processing file /opt/airflow/dags/driven_data_pipeline.py for tasks to queue
[2025-07-03T04:43:41.619+0000] {logging_mixin.py:190} INFO - [2025-07-03T04:43:41.618+0000] {dagbag.py:588} INFO - Filling up the DagBag from /opt/airflow/dags/driven_data_pipeline.py
[2025-07-03T04:43:41.900+0000] {processor.py:925} INFO - DAG(s) 'extract_raw_data_pipeline' retrieved from /opt/airflow/dags/driven_data_pipeline.py
[2025-07-03T04:43:41.939+0000] {logging_mixin.py:190} INFO - [2025-07-03T04:43:41.939+0000] {dag.py:3239} INFO - Sync 1 DAGs
[2025-07-03T04:43:41.987+0000] {logging_mixin.py:190} INFO - [2025-07-03T04:43:41.986+0000] {dag.py:4180} INFO - Setting next_dagrun for extract_raw_data_pipeline to 2025-07-02 07:59:00+00:00, run_after=2025-07-03 07:00:00+00:00
[2025-07-03T04:43:42.014+0000] {processor.py:208} INFO - Processing /opt/airflow/dags/driven_data_pipeline.py took 0.412 seconds
[2025-07-03T04:44:12.496+0000] {processor.py:186} INFO - Started process (PID=526) to work on /opt/airflow/dags/driven_data_pipeline.py
[2025-07-03T04:44:12.499+0000] {processor.py:914} INFO - Processing file /opt/airflow/dags/driven_data_pipeline.py for tasks to queue
[2025-07-03T04:44:12.503+0000] {logging_mixin.py:190} INFO - [2025-07-03T04:44:12.502+0000] {dagbag.py:588} INFO - Filling up the DagBag from /opt/airflow/dags/driven_data_pipeline.py
[2025-07-03T04:44:12.799+0000] {processor.py:925} INFO - DAG(s) 'extract_raw_data_pipeline' retrieved from /opt/airflow/dags/driven_data_pipeline.py
[2025-07-03T04:44:12.843+0000] {logging_mixin.py:190} INFO - [2025-07-03T04:44:12.843+0000] {dag.py:3239} INFO - Sync 1 DAGs
[2025-07-03T04:44:12.878+0000] {logging_mixin.py:190} INFO - [2025-07-03T04:44:12.877+0000] {dag.py:4180} INFO - Setting next_dagrun for extract_raw_data_pipeline to 2025-07-02 07:59:00+00:00, run_after=2025-07-03 07:00:00+00:00
[2025-07-03T04:44:12.902+0000] {processor.py:208} INFO - Processing /opt/airflow/dags/driven_data_pipeline.py took 0.415 seconds
[2025-07-03T04:44:43.836+0000] {processor.py:186} INFO - Started process (PID=534) to work on /opt/airflow/dags/driven_data_pipeline.py
[2025-07-03T04:44:43.840+0000] {processor.py:914} INFO - Processing file /opt/airflow/dags/driven_data_pipeline.py for tasks to queue
[2025-07-03T04:44:43.847+0000] {logging_mixin.py:190} INFO - [2025-07-03T04:44:43.846+0000] {dagbag.py:588} INFO - Filling up the DagBag from /opt/airflow/dags/driven_data_pipeline.py
[2025-07-03T04:44:44.255+0000] {processor.py:925} INFO - DAG(s) 'extract_raw_data_pipeline' retrieved from /opt/airflow/dags/driven_data_pipeline.py
[2025-07-03T04:44:44.309+0000] {logging_mixin.py:190} INFO - [2025-07-03T04:44:44.308+0000] {dag.py:3239} INFO - Sync 1 DAGs
[2025-07-03T04:44:44.352+0000] {logging_mixin.py:190} INFO - [2025-07-03T04:44:44.352+0000] {dag.py:4180} INFO - Setting next_dagrun for extract_raw_data_pipeline to 2025-07-02 07:59:00+00:00, run_after=2025-07-03 07:00:00+00:00
[2025-07-03T04:44:44.391+0000] {processor.py:208} INFO - Processing /opt/airflow/dags/driven_data_pipeline.py took 0.569 seconds
[2025-07-03T04:45:14.826+0000] {processor.py:186} INFO - Started process (PID=542) to work on /opt/airflow/dags/driven_data_pipeline.py
[2025-07-03T04:45:14.828+0000] {processor.py:914} INFO - Processing file /opt/airflow/dags/driven_data_pipeline.py for tasks to queue
[2025-07-03T04:45:14.833+0000] {logging_mixin.py:190} INFO - [2025-07-03T04:45:14.832+0000] {dagbag.py:588} INFO - Filling up the DagBag from /opt/airflow/dags/driven_data_pipeline.py
[2025-07-03T04:45:15.149+0000] {processor.py:925} INFO - DAG(s) 'extract_raw_data_pipeline' retrieved from /opt/airflow/dags/driven_data_pipeline.py
[2025-07-03T04:45:15.194+0000] {logging_mixin.py:190} INFO - [2025-07-03T04:45:15.194+0000] {dag.py:3239} INFO - Sync 1 DAGs
[2025-07-03T04:45:15.233+0000] {logging_mixin.py:190} INFO - [2025-07-03T04:45:15.232+0000] {dag.py:4180} INFO - Setting next_dagrun for extract_raw_data_pipeline to 2025-07-02 07:59:00+00:00, run_after=2025-07-03 07:00:00+00:00
[2025-07-03T04:45:15.263+0000] {processor.py:208} INFO - Processing /opt/airflow/dags/driven_data_pipeline.py took 0.446 seconds
[2025-07-03T04:45:46.204+0000] {processor.py:186} INFO - Started process (PID=550) to work on /opt/airflow/dags/driven_data_pipeline.py
[2025-07-03T04:45:46.206+0000] {processor.py:914} INFO - Processing file /opt/airflow/dags/driven_data_pipeline.py for tasks to queue
[2025-07-03T04:45:46.210+0000] {logging_mixin.py:190} INFO - [2025-07-03T04:45:46.210+0000] {dagbag.py:588} INFO - Filling up the DagBag from /opt/airflow/dags/driven_data_pipeline.py
[2025-07-03T04:45:46.539+0000] {processor.py:925} INFO - DAG(s) 'extract_raw_data_pipeline' retrieved from /opt/airflow/dags/driven_data_pipeline.py
[2025-07-03T04:45:46.586+0000] {logging_mixin.py:190} INFO - [2025-07-03T04:45:46.586+0000] {dag.py:3239} INFO - Sync 1 DAGs
[2025-07-03T04:45:46.628+0000] {logging_mixin.py:190} INFO - [2025-07-03T04:45:46.628+0000] {dag.py:4180} INFO - Setting next_dagrun for extract_raw_data_pipeline to 2025-07-02 07:59:00+00:00, run_after=2025-07-03 07:00:00+00:00
[2025-07-03T04:45:46.662+0000] {processor.py:208} INFO - Processing /opt/airflow/dags/driven_data_pipeline.py took 0.468 seconds
[2025-07-03T04:46:17.118+0000] {processor.py:186} INFO - Started process (PID=558) to work on /opt/airflow/dags/driven_data_pipeline.py
[2025-07-03T04:46:17.120+0000] {processor.py:914} INFO - Processing file /opt/airflow/dags/driven_data_pipeline.py for tasks to queue
[2025-07-03T04:46:17.126+0000] {logging_mixin.py:190} INFO - [2025-07-03T04:46:17.125+0000] {dagbag.py:588} INFO - Filling up the DagBag from /opt/airflow/dags/driven_data_pipeline.py
[2025-07-03T04:46:17.485+0000] {processor.py:925} INFO - DAG(s) 'extract_raw_data_pipeline' retrieved from /opt/airflow/dags/driven_data_pipeline.py
[2025-07-03T04:46:17.537+0000] {logging_mixin.py:190} INFO - [2025-07-03T04:46:17.537+0000] {dag.py:3239} INFO - Sync 1 DAGs
[2025-07-03T04:46:17.583+0000] {logging_mixin.py:190} INFO - [2025-07-03T04:46:17.582+0000] {dag.py:4180} INFO - Setting next_dagrun for extract_raw_data_pipeline to 2025-07-02 07:59:00+00:00, run_after=2025-07-03 07:00:00+00:00
[2025-07-03T04:46:17.621+0000] {processor.py:208} INFO - Processing /opt/airflow/dags/driven_data_pipeline.py took 0.517 seconds
[2025-07-03T04:46:48.651+0000] {processor.py:186} INFO - Started process (PID=566) to work on /opt/airflow/dags/driven_data_pipeline.py
[2025-07-03T04:46:48.654+0000] {processor.py:914} INFO - Processing file /opt/airflow/dags/driven_data_pipeline.py for tasks to queue
[2025-07-03T04:46:48.659+0000] {logging_mixin.py:190} INFO - [2025-07-03T04:46:48.658+0000] {dagbag.py:588} INFO - Filling up the DagBag from /opt/airflow/dags/driven_data_pipeline.py
[2025-07-03T04:46:49.025+0000] {processor.py:925} INFO - DAG(s) 'extract_raw_data_pipeline' retrieved from /opt/airflow/dags/driven_data_pipeline.py
[2025-07-03T04:46:49.065+0000] {logging_mixin.py:190} INFO - [2025-07-03T04:46:49.065+0000] {dag.py:3239} INFO - Sync 1 DAGs
[2025-07-03T04:46:49.096+0000] {logging_mixin.py:190} INFO - [2025-07-03T04:46:49.096+0000] {dag.py:4180} INFO - Setting next_dagrun for extract_raw_data_pipeline to 2025-07-02 07:59:00+00:00, run_after=2025-07-03 07:00:00+00:00
[2025-07-03T04:46:49.126+0000] {processor.py:208} INFO - Processing /opt/airflow/dags/driven_data_pipeline.py took 0.483 seconds
[2025-07-03T04:47:19.415+0000] {processor.py:186} INFO - Started process (PID=574) to work on /opt/airflow/dags/driven_data_pipeline.py
[2025-07-03T04:47:19.417+0000] {processor.py:914} INFO - Processing file /opt/airflow/dags/driven_data_pipeline.py for tasks to queue
[2025-07-03T04:47:19.422+0000] {logging_mixin.py:190} INFO - [2025-07-03T04:47:19.422+0000] {dagbag.py:588} INFO - Filling up the DagBag from /opt/airflow/dags/driven_data_pipeline.py
[2025-07-03T04:47:19.723+0000] {processor.py:925} INFO - DAG(s) 'extract_raw_data_pipeline' retrieved from /opt/airflow/dags/driven_data_pipeline.py
[2025-07-03T04:47:19.762+0000] {logging_mixin.py:190} INFO - [2025-07-03T04:47:19.762+0000] {dag.py:3239} INFO - Sync 1 DAGs
[2025-07-03T04:47:19.796+0000] {logging_mixin.py:190} INFO - [2025-07-03T04:47:19.795+0000] {dag.py:4180} INFO - Setting next_dagrun for extract_raw_data_pipeline to 2025-07-02 07:59:00+00:00, run_after=2025-07-03 07:00:00+00:00
[2025-07-03T04:47:19.822+0000] {processor.py:208} INFO - Processing /opt/airflow/dags/driven_data_pipeline.py took 0.415 seconds
[2025-07-03T04:47:50.205+0000] {processor.py:186} INFO - Started process (PID=582) to work on /opt/airflow/dags/driven_data_pipeline.py
[2025-07-03T04:47:50.207+0000] {processor.py:914} INFO - Processing file /opt/airflow/dags/driven_data_pipeline.py for tasks to queue
[2025-07-03T04:47:50.212+0000] {logging_mixin.py:190} INFO - [2025-07-03T04:47:50.211+0000] {dagbag.py:588} INFO - Filling up the DagBag from /opt/airflow/dags/driven_data_pipeline.py
[2025-07-03T04:47:50.472+0000] {processor.py:925} INFO - DAG(s) 'extract_raw_data_pipeline' retrieved from /opt/airflow/dags/driven_data_pipeline.py
[2025-07-03T04:47:50.510+0000] {logging_mixin.py:190} INFO - [2025-07-03T04:47:50.510+0000] {dag.py:3239} INFO - Sync 1 DAGs
[2025-07-03T04:47:50.546+0000] {logging_mixin.py:190} INFO - [2025-07-03T04:47:50.546+0000] {dag.py:4180} INFO - Setting next_dagrun for extract_raw_data_pipeline to 2025-07-02 07:59:00+00:00, run_after=2025-07-03 07:00:00+00:00
[2025-07-03T04:47:50.571+0000] {processor.py:208} INFO - Processing /opt/airflow/dags/driven_data_pipeline.py took 0.376 seconds
[2025-07-03T04:48:21.170+0000] {processor.py:186} INFO - Started process (PID=591) to work on /opt/airflow/dags/driven_data_pipeline.py
[2025-07-03T04:48:21.172+0000] {processor.py:914} INFO - Processing file /opt/airflow/dags/driven_data_pipeline.py for tasks to queue
[2025-07-03T04:48:21.177+0000] {logging_mixin.py:190} INFO - [2025-07-03T04:48:21.176+0000] {dagbag.py:588} INFO - Filling up the DagBag from /opt/airflow/dags/driven_data_pipeline.py
[2025-07-03T04:48:21.448+0000] {processor.py:925} INFO - DAG(s) 'extract_raw_data_pipeline' retrieved from /opt/airflow/dags/driven_data_pipeline.py
[2025-07-03T04:48:21.489+0000] {logging_mixin.py:190} INFO - [2025-07-03T04:48:21.489+0000] {dag.py:3239} INFO - Sync 1 DAGs
[2025-07-03T04:48:21.524+0000] {logging_mixin.py:190} INFO - [2025-07-03T04:48:21.523+0000] {dag.py:4180} INFO - Setting next_dagrun for extract_raw_data_pipeline to 2025-07-02 07:59:00+00:00, run_after=2025-07-03 07:00:00+00:00
[2025-07-03T04:48:21.548+0000] {processor.py:208} INFO - Processing /opt/airflow/dags/driven_data_pipeline.py took 0.387 seconds
[2025-07-03T04:48:52.460+0000] {processor.py:186} INFO - Started process (PID=599) to work on /opt/airflow/dags/driven_data_pipeline.py
[2025-07-03T04:48:52.462+0000] {processor.py:914} INFO - Processing file /opt/airflow/dags/driven_data_pipeline.py for tasks to queue
[2025-07-03T04:48:52.466+0000] {logging_mixin.py:190} INFO - [2025-07-03T04:48:52.466+0000] {dagbag.py:588} INFO - Filling up the DagBag from /opt/airflow/dags/driven_data_pipeline.py
[2025-07-03T04:48:52.755+0000] {processor.py:925} INFO - DAG(s) 'extract_raw_data_pipeline' retrieved from /opt/airflow/dags/driven_data_pipeline.py
[2025-07-03T04:48:52.791+0000] {logging_mixin.py:190} INFO - [2025-07-03T04:48:52.791+0000] {dag.py:3239} INFO - Sync 1 DAGs
[2025-07-03T04:48:52.820+0000] {logging_mixin.py:190} INFO - [2025-07-03T04:48:52.820+0000] {dag.py:4180} INFO - Setting next_dagrun for extract_raw_data_pipeline to 2025-07-02 07:59:00+00:00, run_after=2025-07-03 07:00:00+00:00
[2025-07-03T04:48:52.847+0000] {processor.py:208} INFO - Processing /opt/airflow/dags/driven_data_pipeline.py took 0.394 seconds
[2025-07-03T04:49:23.480+0000] {processor.py:186} INFO - Started process (PID=611) to work on /opt/airflow/dags/driven_data_pipeline.py
[2025-07-03T04:49:23.483+0000] {processor.py:914} INFO - Processing file /opt/airflow/dags/driven_data_pipeline.py for tasks to queue
[2025-07-03T04:49:23.488+0000] {logging_mixin.py:190} INFO - [2025-07-03T04:49:23.487+0000] {dagbag.py:588} INFO - Filling up the DagBag from /opt/airflow/dags/driven_data_pipeline.py
[2025-07-03T04:49:23.836+0000] {processor.py:925} INFO - DAG(s) 'extract_raw_data_pipeline' retrieved from /opt/airflow/dags/driven_data_pipeline.py
[2025-07-03T04:49:23.886+0000] {logging_mixin.py:190} INFO - [2025-07-03T04:49:23.886+0000] {dag.py:3239} INFO - Sync 1 DAGs
[2025-07-03T04:49:23.921+0000] {logging_mixin.py:190} INFO - [2025-07-03T04:49:23.921+0000] {dag.py:4180} INFO - Setting next_dagrun for extract_raw_data_pipeline to 2025-07-02 07:59:00+00:00, run_after=2025-07-03 07:00:00+00:00
[2025-07-03T04:49:23.955+0000] {processor.py:208} INFO - Processing /opt/airflow/dags/driven_data_pipeline.py took 0.489 seconds
[2025-07-03T04:53:32.109+0000] {processor.py:186} INFO - Started process (PID=94) to work on /opt/airflow/dags/driven_data_pipeline.py
[2025-07-03T04:53:32.112+0000] {processor.py:914} INFO - Processing file /opt/airflow/dags/driven_data_pipeline.py for tasks to queue
[2025-07-03T04:53:32.117+0000] {logging_mixin.py:190} INFO - [2025-07-03T04:53:32.115+0000] {dagbag.py:588} INFO - Filling up the DagBag from /opt/airflow/dags/driven_data_pipeline.py
[2025-07-03T04:53:33.161+0000] {processor.py:925} INFO - DAG(s) 'extract_raw_data_pipeline' retrieved from /opt/airflow/dags/driven_data_pipeline.py
[2025-07-03T04:53:33.766+0000] {logging_mixin.py:190} INFO - [2025-07-03T04:53:33.765+0000] {override.py:1900} INFO - Created Permission View: can delete on DAG:extract_raw_data_pipeline
[2025-07-03T04:53:33.799+0000] {logging_mixin.py:190} INFO - [2025-07-03T04:53:33.798+0000] {override.py:1900} INFO - Created Permission View: can read on DAG:extract_raw_data_pipeline
[2025-07-03T04:53:33.820+0000] {logging_mixin.py:190} INFO - [2025-07-03T04:53:33.818+0000] {override.py:1900} INFO - Created Permission View: can edit on DAG:extract_raw_data_pipeline
[2025-07-03T04:53:33.860+0000] {logging_mixin.py:190} INFO - [2025-07-03T04:53:33.859+0000] {override.py:1900} INFO - Created Permission View: menu access on DAG Run:extract_raw_data_pipeline
[2025-07-03T04:53:33.881+0000] {logging_mixin.py:190} INFO - [2025-07-03T04:53:33.881+0000] {override.py:1900} INFO - Created Permission View: can read on DAG Run:extract_raw_data_pipeline
[2025-07-03T04:53:33.899+0000] {logging_mixin.py:190} INFO - [2025-07-03T04:53:33.899+0000] {override.py:1900} INFO - Created Permission View: can create on DAG Run:extract_raw_data_pipeline
[2025-07-03T04:53:33.920+0000] {logging_mixin.py:190} INFO - [2025-07-03T04:53:33.919+0000] {override.py:1900} INFO - Created Permission View: can delete on DAG Run:extract_raw_data_pipeline
[2025-07-03T04:53:33.924+0000] {logging_mixin.py:190} INFO - [2025-07-03T04:53:33.923+0000] {dag.py:3239} INFO - Sync 1 DAGs
[2025-07-03T04:53:33.955+0000] {logging_mixin.py:190} INFO - [2025-07-03T04:53:33.955+0000] {dag.py:3262} INFO - Creating ORM DAG for extract_raw_data_pipeline
[2025-07-03T04:53:33.980+0000] {logging_mixin.py:190} INFO - [2025-07-03T04:53:33.980+0000] {dag.py:4180} INFO - Setting next_dagrun for extract_raw_data_pipeline to 2025-07-02 07:58:00+00:00, run_after=2025-07-02 07:59:00+00:00
[2025-07-03T04:53:34.024+0000] {processor.py:208} INFO - Processing /opt/airflow/dags/driven_data_pipeline.py took 1.926 seconds
[2025-07-03T04:54:05.082+0000] {processor.py:186} INFO - Started process (PID=101) to work on /opt/airflow/dags/driven_data_pipeline.py
[2025-07-03T04:54:05.084+0000] {processor.py:914} INFO - Processing file /opt/airflow/dags/driven_data_pipeline.py for tasks to queue
[2025-07-03T04:54:05.091+0000] {logging_mixin.py:190} INFO - [2025-07-03T04:54:05.090+0000] {dagbag.py:588} INFO - Filling up the DagBag from /opt/airflow/dags/driven_data_pipeline.py
[2025-07-03T04:54:06.275+0000] {processor.py:925} INFO - DAG(s) 'extract_raw_data_pipeline' retrieved from /opt/airflow/dags/driven_data_pipeline.py
[2025-07-03T04:54:06.314+0000] {logging_mixin.py:190} INFO - [2025-07-03T04:54:06.314+0000] {dag.py:3239} INFO - Sync 1 DAGs
[2025-07-03T04:54:06.347+0000] {logging_mixin.py:190} INFO - [2025-07-03T04:54:06.347+0000] {dag.py:4180} INFO - Setting next_dagrun for extract_raw_data_pipeline to 2025-07-02 07:58:00+00:00, run_after=2025-07-02 07:59:00+00:00
[2025-07-03T04:54:06.380+0000] {processor.py:208} INFO - Processing /opt/airflow/dags/driven_data_pipeline.py took 1.308 seconds
[2025-07-03T04:54:36.944+0000] {processor.py:186} INFO - Started process (PID=109) to work on /opt/airflow/dags/driven_data_pipeline.py
[2025-07-03T04:54:36.946+0000] {processor.py:914} INFO - Processing file /opt/airflow/dags/driven_data_pipeline.py for tasks to queue
[2025-07-03T04:54:36.951+0000] {logging_mixin.py:190} INFO - [2025-07-03T04:54:36.950+0000] {dagbag.py:588} INFO - Filling up the DagBag from /opt/airflow/dags/driven_data_pipeline.py
[2025-07-03T04:54:37.673+0000] {processor.py:925} INFO - DAG(s) 'extract_raw_data_pipeline' retrieved from /opt/airflow/dags/driven_data_pipeline.py
[2025-07-03T04:54:37.720+0000] {logging_mixin.py:190} INFO - [2025-07-03T04:54:37.719+0000] {dag.py:3239} INFO - Sync 1 DAGs
[2025-07-03T04:54:37.757+0000] {logging_mixin.py:190} INFO - [2025-07-03T04:54:37.757+0000] {dag.py:4180} INFO - Setting next_dagrun for extract_raw_data_pipeline to 2025-07-02 07:58:00+00:00, run_after=2025-07-02 07:59:00+00:00
[2025-07-03T04:54:37.791+0000] {processor.py:208} INFO - Processing /opt/airflow/dags/driven_data_pipeline.py took 0.873 seconds
[2025-07-03T04:55:08.181+0000] {processor.py:186} INFO - Started process (PID=124) to work on /opt/airflow/dags/driven_data_pipeline.py
[2025-07-03T04:55:08.184+0000] {processor.py:914} INFO - Processing file /opt/airflow/dags/driven_data_pipeline.py for tasks to queue
[2025-07-03T04:55:08.197+0000] {logging_mixin.py:190} INFO - [2025-07-03T04:55:08.196+0000] {dagbag.py:588} INFO - Filling up the DagBag from /opt/airflow/dags/driven_data_pipeline.py
[2025-07-03T04:55:10.001+0000] {processor.py:925} INFO - DAG(s) 'extract_raw_data_pipeline' retrieved from /opt/airflow/dags/driven_data_pipeline.py
[2025-07-03T04:55:10.074+0000] {logging_mixin.py:190} INFO - [2025-07-03T04:55:10.073+0000] {dag.py:3239} INFO - Sync 1 DAGs
[2025-07-03T04:55:10.126+0000] {logging_mixin.py:190} INFO - [2025-07-03T04:55:10.126+0000] {dag.py:4180} INFO - Setting next_dagrun for extract_raw_data_pipeline to 2025-07-02 07:59:00+00:00, run_after=2025-07-03 07:00:00+00:00
[2025-07-03T04:55:10.180+0000] {processor.py:208} INFO - Processing /opt/airflow/dags/driven_data_pipeline.py took 2.022 seconds
[2025-07-03T04:55:41.118+0000] {processor.py:186} INFO - Started process (PID=139) to work on /opt/airflow/dags/driven_data_pipeline.py
[2025-07-03T04:55:41.120+0000] {processor.py:914} INFO - Processing file /opt/airflow/dags/driven_data_pipeline.py for tasks to queue
[2025-07-03T04:55:41.130+0000] {logging_mixin.py:190} INFO - [2025-07-03T04:55:41.125+0000] {dagbag.py:588} INFO - Filling up the DagBag from /opt/airflow/dags/driven_data_pipeline.py
[2025-07-03T04:55:43.169+0000] {processor.py:925} INFO - DAG(s) 'extract_raw_data_pipeline' retrieved from /opt/airflow/dags/driven_data_pipeline.py
[2025-07-03T04:55:43.222+0000] {logging_mixin.py:190} INFO - [2025-07-03T04:55:43.222+0000] {dag.py:3239} INFO - Sync 1 DAGs
[2025-07-03T04:55:43.251+0000] {logging_mixin.py:190} INFO - [2025-07-03T04:55:43.251+0000] {dag.py:4180} INFO - Setting next_dagrun for extract_raw_data_pipeline to 2025-07-02 07:59:00+00:00, run_after=2025-07-03 07:00:00+00:00
[2025-07-03T04:55:43.276+0000] {processor.py:208} INFO - Processing /opt/airflow/dags/driven_data_pipeline.py took 2.172 seconds
[2025-07-03T04:56:14.150+0000] {processor.py:186} INFO - Started process (PID=147) to work on /opt/airflow/dags/driven_data_pipeline.py
[2025-07-03T04:56:14.154+0000] {processor.py:914} INFO - Processing file /opt/airflow/dags/driven_data_pipeline.py for tasks to queue
[2025-07-03T04:56:14.159+0000] {logging_mixin.py:190} INFO - [2025-07-03T04:56:14.159+0000] {dagbag.py:588} INFO - Filling up the DagBag from /opt/airflow/dags/driven_data_pipeline.py
[2025-07-03T04:56:14.898+0000] {processor.py:925} INFO - DAG(s) 'extract_raw_data_pipeline' retrieved from /opt/airflow/dags/driven_data_pipeline.py
[2025-07-03T04:56:14.942+0000] {logging_mixin.py:190} INFO - [2025-07-03T04:56:14.942+0000] {dag.py:3239} INFO - Sync 1 DAGs
[2025-07-03T04:56:14.975+0000] {logging_mixin.py:190} INFO - [2025-07-03T04:56:14.974+0000] {dag.py:4180} INFO - Setting next_dagrun for extract_raw_data_pipeline to 2025-07-02 07:59:00+00:00, run_after=2025-07-03 07:00:00+00:00
[2025-07-03T04:56:15.002+0000] {processor.py:208} INFO - Processing /opt/airflow/dags/driven_data_pipeline.py took 0.865 seconds
[2025-07-03T04:56:45.145+0000] {processor.py:186} INFO - Started process (PID=155) to work on /opt/airflow/dags/driven_data_pipeline.py
[2025-07-03T04:56:45.148+0000] {processor.py:914} INFO - Processing file /opt/airflow/dags/driven_data_pipeline.py for tasks to queue
[2025-07-03T04:56:45.154+0000] {logging_mixin.py:190} INFO - [2025-07-03T04:56:45.153+0000] {dagbag.py:588} INFO - Filling up the DagBag from /opt/airflow/dags/driven_data_pipeline.py
[2025-07-03T04:56:45.974+0000] {processor.py:925} INFO - DAG(s) 'extract_raw_data_pipeline' retrieved from /opt/airflow/dags/driven_data_pipeline.py
[2025-07-03T04:56:46.017+0000] {logging_mixin.py:190} INFO - [2025-07-03T04:56:46.017+0000] {dag.py:3239} INFO - Sync 1 DAGs
[2025-07-03T04:56:46.053+0000] {logging_mixin.py:190} INFO - [2025-07-03T04:56:46.052+0000] {dag.py:4180} INFO - Setting next_dagrun for extract_raw_data_pipeline to 2025-07-02 07:59:00+00:00, run_after=2025-07-03 07:00:00+00:00
[2025-07-03T04:56:46.089+0000] {processor.py:208} INFO - Processing /opt/airflow/dags/driven_data_pipeline.py took 0.958 seconds
[2025-07-03T04:57:17.098+0000] {processor.py:186} INFO - Started process (PID=169) to work on /opt/airflow/dags/driven_data_pipeline.py
[2025-07-03T04:57:17.100+0000] {processor.py:914} INFO - Processing file /opt/airflow/dags/driven_data_pipeline.py for tasks to queue
[2025-07-03T04:57:17.107+0000] {logging_mixin.py:190} INFO - [2025-07-03T04:57:17.106+0000] {dagbag.py:588} INFO - Filling up the DagBag from /opt/airflow/dags/driven_data_pipeline.py
[2025-07-03T04:57:17.795+0000] {processor.py:925} INFO - DAG(s) 'extract_raw_data_pipeline' retrieved from /opt/airflow/dags/driven_data_pipeline.py
[2025-07-03T04:57:17.834+0000] {logging_mixin.py:190} INFO - [2025-07-03T04:57:17.834+0000] {dag.py:3239} INFO - Sync 1 DAGs
[2025-07-03T04:57:17.871+0000] {logging_mixin.py:190} INFO - [2025-07-03T04:57:17.871+0000] {dag.py:4180} INFO - Setting next_dagrun for extract_raw_data_pipeline to 2025-07-02 07:59:00+00:00, run_after=2025-07-03 07:00:00+00:00
[2025-07-03T04:57:17.917+0000] {processor.py:208} INFO - Processing /opt/airflow/dags/driven_data_pipeline.py took 0.831 seconds
[2025-07-03T04:57:48.985+0000] {processor.py:186} INFO - Started process (PID=177) to work on /opt/airflow/dags/driven_data_pipeline.py
[2025-07-03T04:57:48.987+0000] {processor.py:914} INFO - Processing file /opt/airflow/dags/driven_data_pipeline.py for tasks to queue
[2025-07-03T04:57:48.993+0000] {logging_mixin.py:190} INFO - [2025-07-03T04:57:48.992+0000] {dagbag.py:588} INFO - Filling up the DagBag from /opt/airflow/dags/driven_data_pipeline.py
[2025-07-03T04:57:49.634+0000] {processor.py:925} INFO - DAG(s) 'extract_raw_data_pipeline' retrieved from /opt/airflow/dags/driven_data_pipeline.py
[2025-07-03T04:57:49.674+0000] {logging_mixin.py:190} INFO - [2025-07-03T04:57:49.673+0000] {dag.py:3239} INFO - Sync 1 DAGs
[2025-07-03T04:57:49.711+0000] {logging_mixin.py:190} INFO - [2025-07-03T04:57:49.710+0000] {dag.py:4180} INFO - Setting next_dagrun for extract_raw_data_pipeline to 2025-07-02 07:59:00+00:00, run_after=2025-07-03 07:00:00+00:00
[2025-07-03T04:57:49.742+0000] {processor.py:208} INFO - Processing /opt/airflow/dags/driven_data_pipeline.py took 0.767 seconds
[2025-07-03T04:58:19.992+0000] {processor.py:186} INFO - Started process (PID=185) to work on /opt/airflow/dags/driven_data_pipeline.py
[2025-07-03T04:58:19.994+0000] {processor.py:914} INFO - Processing file /opt/airflow/dags/driven_data_pipeline.py for tasks to queue
[2025-07-03T04:58:19.999+0000] {logging_mixin.py:190} INFO - [2025-07-03T04:58:19.999+0000] {dagbag.py:588} INFO - Filling up the DagBag from /opt/airflow/dags/driven_data_pipeline.py
[2025-07-03T04:58:20.679+0000] {processor.py:925} INFO - DAG(s) 'extract_raw_data_pipeline' retrieved from /opt/airflow/dags/driven_data_pipeline.py
[2025-07-03T04:58:20.722+0000] {logging_mixin.py:190} INFO - [2025-07-03T04:58:20.721+0000] {dag.py:3239} INFO - Sync 1 DAGs
[2025-07-03T04:58:20.763+0000] {logging_mixin.py:190} INFO - [2025-07-03T04:58:20.762+0000] {dag.py:4180} INFO - Setting next_dagrun for extract_raw_data_pipeline to 2025-07-02 07:59:00+00:00, run_after=2025-07-03 07:00:00+00:00
[2025-07-03T04:58:20.819+0000] {processor.py:208} INFO - Processing /opt/airflow/dags/driven_data_pipeline.py took 0.837 seconds
[2025-07-03T04:58:51.746+0000] {processor.py:186} INFO - Started process (PID=193) to work on /opt/airflow/dags/driven_data_pipeline.py
[2025-07-03T04:58:51.748+0000] {processor.py:914} INFO - Processing file /opt/airflow/dags/driven_data_pipeline.py for tasks to queue
[2025-07-03T04:58:51.754+0000] {logging_mixin.py:190} INFO - [2025-07-03T04:58:51.753+0000] {dagbag.py:588} INFO - Filling up the DagBag from /opt/airflow/dags/driven_data_pipeline.py
[2025-07-03T04:58:52.631+0000] {processor.py:925} INFO - DAG(s) 'extract_raw_data_pipeline' retrieved from /opt/airflow/dags/driven_data_pipeline.py
[2025-07-03T04:58:52.689+0000] {logging_mixin.py:190} INFO - [2025-07-03T04:58:52.689+0000] {dag.py:3239} INFO - Sync 1 DAGs
[2025-07-03T04:58:52.729+0000] {logging_mixin.py:190} INFO - [2025-07-03T04:58:52.729+0000] {dag.py:4180} INFO - Setting next_dagrun for extract_raw_data_pipeline to 2025-07-02 07:59:00+00:00, run_after=2025-07-03 07:00:00+00:00
[2025-07-03T04:58:52.764+0000] {processor.py:208} INFO - Processing /opt/airflow/dags/driven_data_pipeline.py took 1.027 seconds
[2025-07-03T04:59:23.693+0000] {processor.py:186} INFO - Started process (PID=201) to work on /opt/airflow/dags/driven_data_pipeline.py
[2025-07-03T04:59:23.696+0000] {processor.py:914} INFO - Processing file /opt/airflow/dags/driven_data_pipeline.py for tasks to queue
[2025-07-03T04:59:23.701+0000] {logging_mixin.py:190} INFO - [2025-07-03T04:59:23.700+0000] {dagbag.py:588} INFO - Filling up the DagBag from /opt/airflow/dags/driven_data_pipeline.py
[2025-07-03T04:59:24.384+0000] {processor.py:925} INFO - DAG(s) 'extract_raw_data_pipeline' retrieved from /opt/airflow/dags/driven_data_pipeline.py
[2025-07-03T04:59:24.435+0000] {logging_mixin.py:190} INFO - [2025-07-03T04:59:24.434+0000] {dag.py:3239} INFO - Sync 1 DAGs
[2025-07-03T04:59:24.483+0000] {logging_mixin.py:190} INFO - [2025-07-03T04:59:24.482+0000] {dag.py:4180} INFO - Setting next_dagrun for extract_raw_data_pipeline to 2025-07-02 07:59:00+00:00, run_after=2025-07-03 07:00:00+00:00
[2025-07-03T04:59:24.521+0000] {processor.py:208} INFO - Processing /opt/airflow/dags/driven_data_pipeline.py took 0.839 seconds
[2025-07-03T04:59:54.619+0000] {processor.py:186} INFO - Started process (PID=209) to work on /opt/airflow/dags/driven_data_pipeline.py
[2025-07-03T04:59:54.621+0000] {processor.py:914} INFO - Processing file /opt/airflow/dags/driven_data_pipeline.py for tasks to queue
[2025-07-03T04:59:54.625+0000] {logging_mixin.py:190} INFO - [2025-07-03T04:59:54.625+0000] {dagbag.py:588} INFO - Filling up the DagBag from /opt/airflow/dags/driven_data_pipeline.py
[2025-07-03T04:59:55.258+0000] {processor.py:925} INFO - DAG(s) 'extract_raw_data_pipeline' retrieved from /opt/airflow/dags/driven_data_pipeline.py
[2025-07-03T04:59:55.301+0000] {logging_mixin.py:190} INFO - [2025-07-03T04:59:55.301+0000] {dag.py:3239} INFO - Sync 1 DAGs
[2025-07-03T04:59:55.333+0000] {logging_mixin.py:190} INFO - [2025-07-03T04:59:55.333+0000] {dag.py:4180} INFO - Setting next_dagrun for extract_raw_data_pipeline to 2025-07-02 07:59:00+00:00, run_after=2025-07-03 07:00:00+00:00
[2025-07-03T04:59:55.362+0000] {processor.py:208} INFO - Processing /opt/airflow/dags/driven_data_pipeline.py took 0.752 seconds
[2025-07-03T05:00:26.292+0000] {processor.py:186} INFO - Started process (PID=217) to work on /opt/airflow/dags/driven_data_pipeline.py
[2025-07-03T05:00:26.294+0000] {processor.py:914} INFO - Processing file /opt/airflow/dags/driven_data_pipeline.py for tasks to queue
[2025-07-03T05:00:26.299+0000] {logging_mixin.py:190} INFO - [2025-07-03T05:00:26.298+0000] {dagbag.py:588} INFO - Filling up the DagBag from /opt/airflow/dags/driven_data_pipeline.py
[2025-07-03T05:00:26.958+0000] {processor.py:925} INFO - DAG(s) 'extract_raw_data_pipeline' retrieved from /opt/airflow/dags/driven_data_pipeline.py
[2025-07-03T05:00:26.998+0000] {logging_mixin.py:190} INFO - [2025-07-03T05:00:26.997+0000] {dag.py:3239} INFO - Sync 1 DAGs
[2025-07-03T05:00:27.027+0000] {logging_mixin.py:190} INFO - [2025-07-03T05:00:27.027+0000] {dag.py:4180} INFO - Setting next_dagrun for extract_raw_data_pipeline to 2025-07-02 07:59:00+00:00, run_after=2025-07-03 07:00:00+00:00
[2025-07-03T05:00:27.054+0000] {processor.py:208} INFO - Processing /opt/airflow/dags/driven_data_pipeline.py took 0.771 seconds
[2025-07-03T05:00:57.445+0000] {processor.py:186} INFO - Started process (PID=225) to work on /opt/airflow/dags/driven_data_pipeline.py
[2025-07-03T05:00:57.446+0000] {processor.py:914} INFO - Processing file /opt/airflow/dags/driven_data_pipeline.py for tasks to queue
[2025-07-03T05:00:57.450+0000] {logging_mixin.py:190} INFO - [2025-07-03T05:00:57.449+0000] {dagbag.py:588} INFO - Filling up the DagBag from /opt/airflow/dags/driven_data_pipeline.py
[2025-07-03T05:00:57.983+0000] {processor.py:925} INFO - DAG(s) 'extract_raw_data_pipeline' retrieved from /opt/airflow/dags/driven_data_pipeline.py
[2025-07-03T05:00:58.020+0000] {logging_mixin.py:190} INFO - [2025-07-03T05:00:58.020+0000] {dag.py:3239} INFO - Sync 1 DAGs
[2025-07-03T05:00:58.056+0000] {logging_mixin.py:190} INFO - [2025-07-03T05:00:58.055+0000] {dag.py:4180} INFO - Setting next_dagrun for extract_raw_data_pipeline to 2025-07-02 07:59:00+00:00, run_after=2025-07-03 07:00:00+00:00
[2025-07-03T05:00:58.080+0000] {processor.py:208} INFO - Processing /opt/airflow/dags/driven_data_pipeline.py took 0.644 seconds
[2025-07-03T05:01:28.759+0000] {processor.py:186} INFO - Started process (PID=241) to work on /opt/airflow/dags/driven_data_pipeline.py
[2025-07-03T05:01:28.778+0000] {processor.py:914} INFO - Processing file /opt/airflow/dags/driven_data_pipeline.py for tasks to queue
[2025-07-03T05:01:28.786+0000] {logging_mixin.py:190} INFO - [2025-07-03T05:01:28.785+0000] {dagbag.py:588} INFO - Filling up the DagBag from /opt/airflow/dags/driven_data_pipeline.py
[2025-07-03T05:01:32.878+0000] {processor.py:925} INFO - DAG(s) 'extract_raw_data_pipeline' retrieved from /opt/airflow/dags/driven_data_pipeline.py
[2025-07-03T05:01:32.943+0000] {logging_mixin.py:190} INFO - [2025-07-03T05:01:32.942+0000] {dag.py:3239} INFO - Sync 1 DAGs
[2025-07-03T05:01:32.996+0000] {logging_mixin.py:190} INFO - [2025-07-03T05:01:32.996+0000] {dag.py:4180} INFO - Setting next_dagrun for extract_raw_data_pipeline to 2025-07-02 07:59:00+00:00, run_after=2025-07-03 07:00:00+00:00
[2025-07-03T05:01:33.051+0000] {processor.py:208} INFO - Processing /opt/airflow/dags/driven_data_pipeline.py took 3.736 seconds
[2025-07-03T05:05:04.262+0000] {processor.py:186} INFO - Started process (PID=243) to work on /opt/airflow/dags/driven_data_pipeline.py
[2025-07-03T05:05:04.265+0000] {processor.py:914} INFO - Processing file /opt/airflow/dags/driven_data_pipeline.py for tasks to queue
[2025-07-03T05:05:04.279+0000] {logging_mixin.py:190} INFO - [2025-07-03T05:05:04.276+0000] {dagbag.py:588} INFO - Filling up the DagBag from /opt/airflow/dags/driven_data_pipeline.py
[2025-07-03T05:05:06.235+0000] {processor.py:925} INFO - DAG(s) 'extract_raw_data_pipeline' retrieved from /opt/airflow/dags/driven_data_pipeline.py
[2025-07-03T05:05:06.479+0000] {logging_mixin.py:190} INFO - [2025-07-03T05:05:06.478+0000] {dag.py:3239} INFO - Sync 1 DAGs
[2025-07-03T05:05:06.539+0000] {logging_mixin.py:190} INFO - [2025-07-03T05:05:06.539+0000] {dag.py:4180} INFO - Setting next_dagrun for extract_raw_data_pipeline to 2025-07-02 07:59:00+00:00, run_after=2025-07-03 07:00:00+00:00
[2025-07-03T05:05:06.593+0000] {processor.py:208} INFO - Processing /opt/airflow/dags/driven_data_pipeline.py took 2.385 seconds
[2025-07-03T05:05:37.649+0000] {processor.py:186} INFO - Started process (PID=251) to work on /opt/airflow/dags/driven_data_pipeline.py
[2025-07-03T05:05:37.652+0000] {processor.py:914} INFO - Processing file /opt/airflow/dags/driven_data_pipeline.py for tasks to queue
[2025-07-03T05:05:37.657+0000] {logging_mixin.py:190} INFO - [2025-07-03T05:05:37.656+0000] {dagbag.py:588} INFO - Filling up the DagBag from /opt/airflow/dags/driven_data_pipeline.py
[2025-07-03T05:05:38.669+0000] {processor.py:925} INFO - DAG(s) 'extract_raw_data_pipeline' retrieved from /opt/airflow/dags/driven_data_pipeline.py
[2025-07-03T05:05:38.737+0000] {logging_mixin.py:190} INFO - [2025-07-03T05:05:38.736+0000] {dag.py:3239} INFO - Sync 1 DAGs
[2025-07-03T05:05:38.776+0000] {logging_mixin.py:190} INFO - [2025-07-03T05:05:38.775+0000] {dag.py:4180} INFO - Setting next_dagrun for extract_raw_data_pipeline to 2025-07-02 07:59:00+00:00, run_after=2025-07-03 07:00:00+00:00
[2025-07-03T05:05:38.810+0000] {processor.py:208} INFO - Processing /opt/airflow/dags/driven_data_pipeline.py took 1.174 seconds
[2025-07-03T05:06:09.566+0000] {processor.py:186} INFO - Started process (PID=259) to work on /opt/airflow/dags/driven_data_pipeline.py
[2025-07-03T05:06:09.568+0000] {processor.py:914} INFO - Processing file /opt/airflow/dags/driven_data_pipeline.py for tasks to queue
[2025-07-03T05:06:09.583+0000] {logging_mixin.py:190} INFO - [2025-07-03T05:06:09.581+0000] {dagbag.py:588} INFO - Filling up the DagBag from /opt/airflow/dags/driven_data_pipeline.py
[2025-07-03T05:06:09.891+0000] {processor.py:925} INFO - DAG(s) 'extract_raw_data_pipeline' retrieved from /opt/airflow/dags/driven_data_pipeline.py
[2025-07-03T05:06:09.926+0000] {logging_mixin.py:190} INFO - [2025-07-03T05:06:09.926+0000] {dag.py:3239} INFO - Sync 1 DAGs
[2025-07-03T05:06:09.955+0000] {logging_mixin.py:190} INFO - [2025-07-03T05:06:09.955+0000] {dag.py:4180} INFO - Setting next_dagrun for extract_raw_data_pipeline to 2025-07-02 07:59:00+00:00, run_after=2025-07-03 07:00:00+00:00
[2025-07-03T05:06:09.981+0000] {processor.py:208} INFO - Processing /opt/airflow/dags/driven_data_pipeline.py took 0.430 seconds
[2025-07-03T05:06:40.725+0000] {processor.py:186} INFO - Started process (PID=267) to work on /opt/airflow/dags/driven_data_pipeline.py
[2025-07-03T05:06:40.727+0000] {processor.py:914} INFO - Processing file /opt/airflow/dags/driven_data_pipeline.py for tasks to queue
[2025-07-03T05:06:40.733+0000] {logging_mixin.py:190} INFO - [2025-07-03T05:06:40.731+0000] {dagbag.py:588} INFO - Filling up the DagBag from /opt/airflow/dags/driven_data_pipeline.py
[2025-07-03T05:06:41.237+0000] {processor.py:925} INFO - DAG(s) 'extract_raw_data_pipeline' retrieved from /opt/airflow/dags/driven_data_pipeline.py
[2025-07-03T05:06:41.289+0000] {logging_mixin.py:190} INFO - [2025-07-03T05:06:41.288+0000] {dag.py:3239} INFO - Sync 1 DAGs
[2025-07-03T05:06:41.333+0000] {logging_mixin.py:190} INFO - [2025-07-03T05:06:41.332+0000] {dag.py:4180} INFO - Setting next_dagrun for extract_raw_data_pipeline to 2025-07-02 07:59:00+00:00, run_after=2025-07-03 07:00:00+00:00
[2025-07-03T05:06:41.367+0000] {processor.py:208} INFO - Processing /opt/airflow/dags/driven_data_pipeline.py took 0.662 seconds
[2025-07-03T05:09:57.288+0000] {processor.py:186} INFO - Started process (PID=94) to work on /opt/airflow/dags/driven_data_pipeline.py
[2025-07-03T05:09:57.290+0000] {processor.py:914} INFO - Processing file /opt/airflow/dags/driven_data_pipeline.py for tasks to queue
[2025-07-03T05:09:57.293+0000] {logging_mixin.py:190} INFO - [2025-07-03T05:09:57.293+0000] {dagbag.py:588} INFO - Filling up the DagBag from /opt/airflow/dags/driven_data_pipeline.py
[2025-07-03T05:09:58.086+0000] {processor.py:925} INFO - DAG(s) 'extract_raw_data_pipeline' retrieved from /opt/airflow/dags/driven_data_pipeline.py
[2025-07-03T05:09:58.187+0000] {logging_mixin.py:190} INFO - [2025-07-03T05:09:58.187+0000] {dag.py:3239} INFO - Sync 1 DAGs
[2025-07-03T05:09:58.239+0000] {logging_mixin.py:190} INFO - [2025-07-03T05:09:58.237+0000] {dag.py:4180} INFO - Setting next_dagrun for extract_raw_data_pipeline to 2025-07-02 07:59:00+00:00, run_after=2025-07-03 07:00:00+00:00
[2025-07-03T05:09:58.293+0000] {processor.py:208} INFO - Processing /opt/airflow/dags/driven_data_pipeline.py took 1.017 seconds
[2025-07-03T05:10:29.402+0000] {processor.py:186} INFO - Started process (PID=102) to work on /opt/airflow/dags/driven_data_pipeline.py
[2025-07-03T05:10:29.405+0000] {processor.py:914} INFO - Processing file /opt/airflow/dags/driven_data_pipeline.py for tasks to queue
[2025-07-03T05:10:29.420+0000] {logging_mixin.py:190} INFO - [2025-07-03T05:10:29.418+0000] {dagbag.py:588} INFO - Filling up the DagBag from /opt/airflow/dags/driven_data_pipeline.py
[2025-07-03T05:10:31.377+0000] {processor.py:925} INFO - DAG(s) 'extract_raw_data_pipeline' retrieved from /opt/airflow/dags/driven_data_pipeline.py
[2025-07-03T05:10:31.447+0000] {logging_mixin.py:190} INFO - [2025-07-03T05:10:31.447+0000] {dag.py:3239} INFO - Sync 1 DAGs
[2025-07-03T05:10:31.487+0000] {logging_mixin.py:190} INFO - [2025-07-03T05:10:31.487+0000] {dag.py:4180} INFO - Setting next_dagrun for extract_raw_data_pipeline to 2025-07-02 07:59:00+00:00, run_after=2025-07-03 07:00:00+00:00
[2025-07-03T05:10:31.515+0000] {processor.py:208} INFO - Processing /opt/airflow/dags/driven_data_pipeline.py took 2.146 seconds
[2025-07-03T05:11:02.373+0000] {processor.py:186} INFO - Started process (PID=110) to work on /opt/airflow/dags/driven_data_pipeline.py
[2025-07-03T05:11:02.376+0000] {processor.py:914} INFO - Processing file /opt/airflow/dags/driven_data_pipeline.py for tasks to queue
[2025-07-03T05:11:02.383+0000] {logging_mixin.py:190} INFO - [2025-07-03T05:11:02.382+0000] {dagbag.py:588} INFO - Filling up the DagBag from /opt/airflow/dags/driven_data_pipeline.py
[2025-07-03T05:11:03.457+0000] {processor.py:925} INFO - DAG(s) 'extract_raw_data_pipeline' retrieved from /opt/airflow/dags/driven_data_pipeline.py
[2025-07-03T05:11:03.501+0000] {logging_mixin.py:190} INFO - [2025-07-03T05:11:03.501+0000] {dag.py:3239} INFO - Sync 1 DAGs
[2025-07-03T05:11:03.531+0000] {logging_mixin.py:190} INFO - [2025-07-03T05:11:03.531+0000] {dag.py:4180} INFO - Setting next_dagrun for extract_raw_data_pipeline to 2025-07-02 07:59:00+00:00, run_after=2025-07-03 07:00:00+00:00
[2025-07-03T05:11:03.561+0000] {processor.py:208} INFO - Processing /opt/airflow/dags/driven_data_pipeline.py took 1.198 seconds
[2025-07-03T05:11:34.348+0000] {processor.py:186} INFO - Started process (PID=122) to work on /opt/airflow/dags/driven_data_pipeline.py
[2025-07-03T05:11:34.350+0000] {processor.py:914} INFO - Processing file /opt/airflow/dags/driven_data_pipeline.py for tasks to queue
[2025-07-03T05:11:34.360+0000] {logging_mixin.py:190} INFO - [2025-07-03T05:11:34.354+0000] {dagbag.py:588} INFO - Filling up the DagBag from /opt/airflow/dags/driven_data_pipeline.py
[2025-07-03T05:11:36.082+0000] {processor.py:925} INFO - DAG(s) 'extract_raw_data_pipeline' retrieved from /opt/airflow/dags/driven_data_pipeline.py
[2025-07-03T05:11:36.124+0000] {logging_mixin.py:190} INFO - [2025-07-03T05:11:36.124+0000] {dag.py:3239} INFO - Sync 1 DAGs
[2025-07-03T05:11:36.160+0000] {logging_mixin.py:190} INFO - [2025-07-03T05:11:36.159+0000] {dag.py:4180} INFO - Setting next_dagrun for extract_raw_data_pipeline to 2025-07-02 07:59:00+00:00, run_after=2025-07-03 07:00:00+00:00
[2025-07-03T05:11:36.188+0000] {processor.py:208} INFO - Processing /opt/airflow/dags/driven_data_pipeline.py took 1.852 seconds
[2025-07-03T05:12:06.353+0000] {processor.py:186} INFO - Started process (PID=130) to work on /opt/airflow/dags/driven_data_pipeline.py
[2025-07-03T05:12:06.356+0000] {processor.py:914} INFO - Processing file /opt/airflow/dags/driven_data_pipeline.py for tasks to queue
[2025-07-03T05:12:06.361+0000] {logging_mixin.py:190} INFO - [2025-07-03T05:12:06.360+0000] {dagbag.py:588} INFO - Filling up the DagBag from /opt/airflow/dags/driven_data_pipeline.py
[2025-07-03T05:12:07.260+0000] {processor.py:925} INFO - DAG(s) 'extract_raw_data_pipeline' retrieved from /opt/airflow/dags/driven_data_pipeline.py
[2025-07-03T05:12:07.296+0000] {logging_mixin.py:190} INFO - [2025-07-03T05:12:07.296+0000] {dag.py:3239} INFO - Sync 1 DAGs
[2025-07-03T05:12:07.320+0000] {logging_mixin.py:190} INFO - [2025-07-03T05:12:07.319+0000] {dag.py:4180} INFO - Setting next_dagrun for extract_raw_data_pipeline to 2025-07-02 07:59:00+00:00, run_after=2025-07-03 07:00:00+00:00
[2025-07-03T05:12:07.344+0000] {processor.py:208} INFO - Processing /opt/airflow/dags/driven_data_pipeline.py took 0.999 seconds
[2025-07-03T05:12:38.352+0000] {processor.py:186} INFO - Started process (PID=138) to work on /opt/airflow/dags/driven_data_pipeline.py
[2025-07-03T05:12:38.354+0000] {processor.py:914} INFO - Processing file /opt/airflow/dags/driven_data_pipeline.py for tasks to queue
[2025-07-03T05:12:38.359+0000] {logging_mixin.py:190} INFO - [2025-07-03T05:12:38.359+0000] {dagbag.py:588} INFO - Filling up the DagBag from /opt/airflow/dags/driven_data_pipeline.py
[2025-07-03T05:12:39.204+0000] {processor.py:925} INFO - DAG(s) 'extract_raw_data_pipeline' retrieved from /opt/airflow/dags/driven_data_pipeline.py
[2025-07-03T05:12:39.245+0000] {logging_mixin.py:190} INFO - [2025-07-03T05:12:39.245+0000] {dag.py:3239} INFO - Sync 1 DAGs
[2025-07-03T05:12:39.281+0000] {logging_mixin.py:190} INFO - [2025-07-03T05:12:39.280+0000] {dag.py:4180} INFO - Setting next_dagrun for extract_raw_data_pipeline to 2025-07-02 07:59:00+00:00, run_after=2025-07-03 07:00:00+00:00
[2025-07-03T05:12:39.314+0000] {processor.py:208} INFO - Processing /opt/airflow/dags/driven_data_pipeline.py took 0.971 seconds
[2025-07-03T05:13:10.257+0000] {processor.py:186} INFO - Started process (PID=146) to work on /opt/airflow/dags/driven_data_pipeline.py
[2025-07-03T05:13:10.259+0000] {processor.py:914} INFO - Processing file /opt/airflow/dags/driven_data_pipeline.py for tasks to queue
[2025-07-03T05:13:10.263+0000] {logging_mixin.py:190} INFO - [2025-07-03T05:13:10.262+0000] {dagbag.py:588} INFO - Filling up the DagBag from /opt/airflow/dags/driven_data_pipeline.py
[2025-07-03T05:13:11.134+0000] {processor.py:925} INFO - DAG(s) 'extract_raw_data_pipeline' retrieved from /opt/airflow/dags/driven_data_pipeline.py
[2025-07-03T05:13:11.175+0000] {logging_mixin.py:190} INFO - [2025-07-03T05:13:11.174+0000] {dag.py:3239} INFO - Sync 1 DAGs
[2025-07-03T05:13:11.206+0000] {logging_mixin.py:190} INFO - [2025-07-03T05:13:11.206+0000] {dag.py:4180} INFO - Setting next_dagrun for extract_raw_data_pipeline to 2025-07-02 07:59:00+00:00, run_after=2025-07-03 07:00:00+00:00
[2025-07-03T05:13:11.237+0000] {processor.py:208} INFO - Processing /opt/airflow/dags/driven_data_pipeline.py took 0.989 seconds
[2025-07-03T05:13:42.173+0000] {processor.py:186} INFO - Started process (PID=154) to work on /opt/airflow/dags/driven_data_pipeline.py
[2025-07-03T05:13:42.176+0000] {processor.py:914} INFO - Processing file /opt/airflow/dags/driven_data_pipeline.py for tasks to queue
[2025-07-03T05:13:42.181+0000] {logging_mixin.py:190} INFO - [2025-07-03T05:13:42.180+0000] {dagbag.py:588} INFO - Filling up the DagBag from /opt/airflow/dags/driven_data_pipeline.py
[2025-07-03T05:13:43.108+0000] {processor.py:925} INFO - DAG(s) 'extract_raw_data_pipeline' retrieved from /opt/airflow/dags/driven_data_pipeline.py
[2025-07-03T05:13:43.155+0000] {logging_mixin.py:190} INFO - [2025-07-03T05:13:43.154+0000] {dag.py:3239} INFO - Sync 1 DAGs
[2025-07-03T05:13:43.189+0000] {logging_mixin.py:190} INFO - [2025-07-03T05:13:43.189+0000] {dag.py:4180} INFO - Setting next_dagrun for extract_raw_data_pipeline to 2025-07-02 07:59:00+00:00, run_after=2025-07-03 07:00:00+00:00
[2025-07-03T05:13:43.222+0000] {processor.py:208} INFO - Processing /opt/airflow/dags/driven_data_pipeline.py took 1.058 seconds
[2025-07-03T05:14:14.114+0000] {processor.py:186} INFO - Started process (PID=162) to work on /opt/airflow/dags/driven_data_pipeline.py
[2025-07-03T05:14:14.116+0000] {processor.py:914} INFO - Processing file /opt/airflow/dags/driven_data_pipeline.py for tasks to queue
[2025-07-03T05:14:14.123+0000] {logging_mixin.py:190} INFO - [2025-07-03T05:14:14.122+0000] {dagbag.py:588} INFO - Filling up the DagBag from /opt/airflow/dags/driven_data_pipeline.py
[2025-07-03T05:14:14.776+0000] {processor.py:925} INFO - DAG(s) 'extract_raw_data_pipeline' retrieved from /opt/airflow/dags/driven_data_pipeline.py
[2025-07-03T05:14:14.819+0000] {logging_mixin.py:190} INFO - [2025-07-03T05:14:14.818+0000] {dag.py:3239} INFO - Sync 1 DAGs
[2025-07-03T05:14:14.848+0000] {logging_mixin.py:190} INFO - [2025-07-03T05:14:14.848+0000] {dag.py:4180} INFO - Setting next_dagrun for extract_raw_data_pipeline to 2025-07-02 07:59:00+00:00, run_after=2025-07-03 07:00:00+00:00
[2025-07-03T05:14:14.877+0000] {processor.py:208} INFO - Processing /opt/airflow/dags/driven_data_pipeline.py took 0.774 seconds
[2025-07-03T05:14:45.013+0000] {processor.py:186} INFO - Started process (PID=170) to work on /opt/airflow/dags/driven_data_pipeline.py
[2025-07-03T05:14:45.015+0000] {processor.py:914} INFO - Processing file /opt/airflow/dags/driven_data_pipeline.py for tasks to queue
[2025-07-03T05:14:45.019+0000] {logging_mixin.py:190} INFO - [2025-07-03T05:14:45.018+0000] {dagbag.py:588} INFO - Filling up the DagBag from /opt/airflow/dags/driven_data_pipeline.py
[2025-07-03T05:14:45.907+0000] {processor.py:925} INFO - DAG(s) 'extract_raw_data_pipeline' retrieved from /opt/airflow/dags/driven_data_pipeline.py
[2025-07-03T05:14:45.947+0000] {logging_mixin.py:190} INFO - [2025-07-03T05:14:45.947+0000] {dag.py:3239} INFO - Sync 1 DAGs
[2025-07-03T05:14:45.974+0000] {logging_mixin.py:190} INFO - [2025-07-03T05:14:45.974+0000] {dag.py:4180} INFO - Setting next_dagrun for extract_raw_data_pipeline to 2025-07-02 07:59:00+00:00, run_after=2025-07-03 07:00:00+00:00
[2025-07-03T05:14:46.004+0000] {processor.py:208} INFO - Processing /opt/airflow/dags/driven_data_pipeline.py took 0.999 seconds
[2025-07-03T05:15:16.972+0000] {processor.py:186} INFO - Started process (PID=178) to work on /opt/airflow/dags/driven_data_pipeline.py
[2025-07-03T05:15:16.974+0000] {processor.py:914} INFO - Processing file /opt/airflow/dags/driven_data_pipeline.py for tasks to queue
[2025-07-03T05:15:16.977+0000] {logging_mixin.py:190} INFO - [2025-07-03T05:15:16.977+0000] {dagbag.py:588} INFO - Filling up the DagBag from /opt/airflow/dags/driven_data_pipeline.py
[2025-07-03T05:15:17.737+0000] {processor.py:925} INFO - DAG(s) 'extract_raw_data_pipeline' retrieved from /opt/airflow/dags/driven_data_pipeline.py
[2025-07-03T05:15:17.778+0000] {logging_mixin.py:190} INFO - [2025-07-03T05:15:17.778+0000] {dag.py:3239} INFO - Sync 1 DAGs
[2025-07-03T05:15:17.805+0000] {logging_mixin.py:190} INFO - [2025-07-03T05:15:17.805+0000] {dag.py:4180} INFO - Setting next_dagrun for extract_raw_data_pipeline to 2025-07-02 07:59:00+00:00, run_after=2025-07-03 07:00:00+00:00
[2025-07-03T05:15:17.828+0000] {processor.py:208} INFO - Processing /opt/airflow/dags/driven_data_pipeline.py took 0.865 seconds
[2025-07-03T05:15:48.233+0000] {processor.py:186} INFO - Started process (PID=186) to work on /opt/airflow/dags/driven_data_pipeline.py
[2025-07-03T05:15:48.235+0000] {processor.py:914} INFO - Processing file /opt/airflow/dags/driven_data_pipeline.py for tasks to queue
[2025-07-03T05:15:48.239+0000] {logging_mixin.py:190} INFO - [2025-07-03T05:15:48.238+0000] {dagbag.py:588} INFO - Filling up the DagBag from /opt/airflow/dags/driven_data_pipeline.py
[2025-07-03T05:15:49.696+0000] {processor.py:925} INFO - DAG(s) 'extract_raw_data_pipeline' retrieved from /opt/airflow/dags/driven_data_pipeline.py
[2025-07-03T05:15:49.740+0000] {logging_mixin.py:190} INFO - [2025-07-03T05:15:49.740+0000] {dag.py:3239} INFO - Sync 1 DAGs
[2025-07-03T05:15:49.768+0000] {logging_mixin.py:190} INFO - [2025-07-03T05:15:49.768+0000] {dag.py:4180} INFO - Setting next_dagrun for extract_raw_data_pipeline to 2025-07-02 07:59:00+00:00, run_after=2025-07-03 07:00:00+00:00
[2025-07-03T05:15:49.792+0000] {processor.py:208} INFO - Processing /opt/airflow/dags/driven_data_pipeline.py took 1.009 seconds
[2025-07-03T05:16:20.182+0000] {processor.py:186} INFO - Started process (PID=194) to work on /opt/airflow/dags/driven_data_pipeline.py
[2025-07-03T05:16:20.184+0000] {processor.py:914} INFO - Processing file /opt/airflow/dags/driven_data_pipeline.py for tasks to queue
[2025-07-03T05:16:20.189+0000] {logging_mixin.py:190} INFO - [2025-07-03T05:16:20.188+0000] {dagbag.py:588} INFO - Filling up the DagBag from /opt/airflow/dags/driven_data_pipeline.py
[2025-07-03T05:16:21.066+0000] {processor.py:925} INFO - DAG(s) 'extract_raw_data_pipeline' retrieved from /opt/airflow/dags/driven_data_pipeline.py
[2025-07-03T05:16:21.110+0000] {logging_mixin.py:190} INFO - [2025-07-03T05:16:21.109+0000] {dag.py:3239} INFO - Sync 1 DAGs
[2025-07-03T05:16:21.138+0000] {logging_mixin.py:190} INFO - [2025-07-03T05:16:21.138+0000] {dag.py:4180} INFO - Setting next_dagrun for extract_raw_data_pipeline to 2025-07-02 07:59:00+00:00, run_after=2025-07-03 07:00:00+00:00
[2025-07-03T05:16:21.163+0000] {processor.py:208} INFO - Processing /opt/airflow/dags/driven_data_pipeline.py took 0.991 seconds
[2025-07-03T05:16:52.093+0000] {processor.py:186} INFO - Started process (PID=202) to work on /opt/airflow/dags/driven_data_pipeline.py
[2025-07-03T05:16:52.095+0000] {processor.py:914} INFO - Processing file /opt/airflow/dags/driven_data_pipeline.py for tasks to queue
[2025-07-03T05:16:52.101+0000] {logging_mixin.py:190} INFO - [2025-07-03T05:16:52.100+0000] {dagbag.py:588} INFO - Filling up the DagBag from /opt/airflow/dags/driven_data_pipeline.py
[2025-07-03T05:16:52.838+0000] {processor.py:925} INFO - DAG(s) 'extract_raw_data_pipeline' retrieved from /opt/airflow/dags/driven_data_pipeline.py
[2025-07-03T05:16:52.875+0000] {logging_mixin.py:190} INFO - [2025-07-03T05:16:52.874+0000] {dag.py:3239} INFO - Sync 1 DAGs
[2025-07-03T05:16:52.902+0000] {logging_mixin.py:190} INFO - [2025-07-03T05:16:52.902+0000] {dag.py:4180} INFO - Setting next_dagrun for extract_raw_data_pipeline to 2025-07-02 07:59:00+00:00, run_after=2025-07-03 07:00:00+00:00
[2025-07-03T05:16:52.952+0000] {processor.py:208} INFO - Processing /opt/airflow/dags/driven_data_pipeline.py took 0.870 seconds
[2025-07-03T05:17:23.943+0000] {processor.py:186} INFO - Started process (PID=210) to work on /opt/airflow/dags/driven_data_pipeline.py
[2025-07-03T05:17:23.945+0000] {processor.py:914} INFO - Processing file /opt/airflow/dags/driven_data_pipeline.py for tasks to queue
[2025-07-03T05:17:23.949+0000] {logging_mixin.py:190} INFO - [2025-07-03T05:17:23.949+0000] {dagbag.py:588} INFO - Filling up the DagBag from /opt/airflow/dags/driven_data_pipeline.py
[2025-07-03T05:17:24.758+0000] {processor.py:925} INFO - DAG(s) 'extract_raw_data_pipeline' retrieved from /opt/airflow/dags/driven_data_pipeline.py
[2025-07-03T05:17:24.810+0000] {logging_mixin.py:190} INFO - [2025-07-03T05:17:24.809+0000] {dag.py:3239} INFO - Sync 1 DAGs
[2025-07-03T05:17:24.841+0000] {logging_mixin.py:190} INFO - [2025-07-03T05:17:24.841+0000] {dag.py:4180} INFO - Setting next_dagrun for extract_raw_data_pipeline to 2025-07-02 07:59:00+00:00, run_after=2025-07-03 07:00:00+00:00
[2025-07-03T05:17:24.869+0000] {processor.py:208} INFO - Processing /opt/airflow/dags/driven_data_pipeline.py took 0.936 seconds
[2025-07-03T05:17:55.825+0000] {processor.py:186} INFO - Started process (PID=218) to work on /opt/airflow/dags/driven_data_pipeline.py
[2025-07-03T05:17:55.827+0000] {processor.py:914} INFO - Processing file /opt/airflow/dags/driven_data_pipeline.py for tasks to queue
[2025-07-03T05:17:55.831+0000] {logging_mixin.py:190} INFO - [2025-07-03T05:17:55.830+0000] {dagbag.py:588} INFO - Filling up the DagBag from /opt/airflow/dags/driven_data_pipeline.py
[2025-07-03T05:17:56.441+0000] {processor.py:925} INFO - DAG(s) 'extract_raw_data_pipeline' retrieved from /opt/airflow/dags/driven_data_pipeline.py
[2025-07-03T05:17:56.476+0000] {logging_mixin.py:190} INFO - [2025-07-03T05:17:56.476+0000] {dag.py:3239} INFO - Sync 1 DAGs
[2025-07-03T05:17:56.507+0000] {logging_mixin.py:190} INFO - [2025-07-03T05:17:56.506+0000] {dag.py:4180} INFO - Setting next_dagrun for extract_raw_data_pipeline to 2025-07-02 07:59:00+00:00, run_after=2025-07-03 07:00:00+00:00
[2025-07-03T05:17:56.538+0000] {processor.py:208} INFO - Processing /opt/airflow/dags/driven_data_pipeline.py took 0.722 seconds
[2025-07-03T05:18:26.692+0000] {processor.py:186} INFO - Started process (PID=226) to work on /opt/airflow/dags/driven_data_pipeline.py
[2025-07-03T05:18:26.695+0000] {processor.py:914} INFO - Processing file /opt/airflow/dags/driven_data_pipeline.py for tasks to queue
[2025-07-03T05:18:26.699+0000] {logging_mixin.py:190} INFO - [2025-07-03T05:18:26.698+0000] {dagbag.py:588} INFO - Filling up the DagBag from /opt/airflow/dags/driven_data_pipeline.py
[2025-07-03T05:18:27.482+0000] {processor.py:925} INFO - DAG(s) 'extract_raw_data_pipeline' retrieved from /opt/airflow/dags/driven_data_pipeline.py
[2025-07-03T05:18:27.520+0000] {logging_mixin.py:190} INFO - [2025-07-03T05:18:27.519+0000] {dag.py:3239} INFO - Sync 1 DAGs
[2025-07-03T05:18:27.551+0000] {logging_mixin.py:190} INFO - [2025-07-03T05:18:27.551+0000] {dag.py:4180} INFO - Setting next_dagrun for extract_raw_data_pipeline to 2025-07-02 07:59:00+00:00, run_after=2025-07-03 07:00:00+00:00
[2025-07-03T05:18:27.578+0000] {processor.py:208} INFO - Processing /opt/airflow/dags/driven_data_pipeline.py took 0.896 seconds
[2025-07-03T05:18:57.797+0000] {processor.py:186} INFO - Started process (PID=234) to work on /opt/airflow/dags/driven_data_pipeline.py
[2025-07-03T05:18:57.799+0000] {processor.py:914} INFO - Processing file /opt/airflow/dags/driven_data_pipeline.py for tasks to queue
[2025-07-03T05:18:57.804+0000] {logging_mixin.py:190} INFO - [2025-07-03T05:18:57.803+0000] {dagbag.py:588} INFO - Filling up the DagBag from /opt/airflow/dags/driven_data_pipeline.py
[2025-07-03T05:18:58.268+0000] {processor.py:925} INFO - DAG(s) 'extract_raw_data_pipeline' retrieved from /opt/airflow/dags/driven_data_pipeline.py
[2025-07-03T05:18:58.315+0000] {logging_mixin.py:190} INFO - [2025-07-03T05:18:58.315+0000] {dag.py:3239} INFO - Sync 1 DAGs
[2025-07-03T05:18:58.350+0000] {logging_mixin.py:190} INFO - [2025-07-03T05:18:58.350+0000] {dag.py:4180} INFO - Setting next_dagrun for extract_raw_data_pipeline to 2025-07-02 07:59:00+00:00, run_after=2025-07-03 07:00:00+00:00
[2025-07-03T05:18:58.380+0000] {processor.py:208} INFO - Processing /opt/airflow/dags/driven_data_pipeline.py took 0.595 seconds
[2025-07-03T05:19:29.231+0000] {processor.py:186} INFO - Started process (PID=248) to work on /opt/airflow/dags/driven_data_pipeline.py
[2025-07-03T05:19:29.233+0000] {processor.py:914} INFO - Processing file /opt/airflow/dags/driven_data_pipeline.py for tasks to queue
[2025-07-03T05:19:29.239+0000] {logging_mixin.py:190} INFO - [2025-07-03T05:19:29.237+0000] {dagbag.py:588} INFO - Filling up the DagBag from /opt/airflow/dags/driven_data_pipeline.py
[2025-07-03T05:19:29.799+0000] {processor.py:925} INFO - DAG(s) 'extract_raw_data_pipeline' retrieved from /opt/airflow/dags/driven_data_pipeline.py
[2025-07-03T05:19:29.838+0000] {logging_mixin.py:190} INFO - [2025-07-03T05:19:29.838+0000] {dag.py:3239} INFO - Sync 1 DAGs
[2025-07-03T05:19:29.870+0000] {logging_mixin.py:190} INFO - [2025-07-03T05:19:29.869+0000] {dag.py:4180} INFO - Setting next_dagrun for extract_raw_data_pipeline to 2025-07-02 07:59:00+00:00, run_after=2025-07-03 07:00:00+00:00
[2025-07-03T05:19:29.899+0000] {processor.py:208} INFO - Processing /opt/airflow/dags/driven_data_pipeline.py took 0.678 seconds
[2025-07-03T05:20:00.291+0000] {processor.py:186} INFO - Started process (PID=256) to work on /opt/airflow/dags/driven_data_pipeline.py
[2025-07-03T05:20:00.293+0000] {processor.py:914} INFO - Processing file /opt/airflow/dags/driven_data_pipeline.py for tasks to queue
[2025-07-03T05:20:00.297+0000] {logging_mixin.py:190} INFO - [2025-07-03T05:20:00.296+0000] {dagbag.py:588} INFO - Filling up the DagBag from /opt/airflow/dags/driven_data_pipeline.py
[2025-07-03T05:20:00.774+0000] {processor.py:925} INFO - DAG(s) 'extract_raw_data_pipeline' retrieved from /opt/airflow/dags/driven_data_pipeline.py
[2025-07-03T05:20:00.819+0000] {logging_mixin.py:190} INFO - [2025-07-03T05:20:00.819+0000] {dag.py:3239} INFO - Sync 1 DAGs
[2025-07-03T05:20:00.856+0000] {logging_mixin.py:190} INFO - [2025-07-03T05:20:00.856+0000] {dag.py:4180} INFO - Setting next_dagrun for extract_raw_data_pipeline to 2025-07-02 07:59:00+00:00, run_after=2025-07-03 07:00:00+00:00
[2025-07-03T05:20:00.881+0000] {processor.py:208} INFO - Processing /opt/airflow/dags/driven_data_pipeline.py took 0.600 seconds
[2025-07-03T05:20:31.734+0000] {processor.py:186} INFO - Started process (PID=264) to work on /opt/airflow/dags/driven_data_pipeline.py
[2025-07-03T05:20:31.736+0000] {processor.py:914} INFO - Processing file /opt/airflow/dags/driven_data_pipeline.py for tasks to queue
[2025-07-03T05:20:31.740+0000] {logging_mixin.py:190} INFO - [2025-07-03T05:20:31.740+0000] {dagbag.py:588} INFO - Filling up the DagBag from /opt/airflow/dags/driven_data_pipeline.py
[2025-07-03T05:20:32.121+0000] {processor.py:925} INFO - DAG(s) 'extract_raw_data_pipeline' retrieved from /opt/airflow/dags/driven_data_pipeline.py
[2025-07-03T05:20:32.161+0000] {logging_mixin.py:190} INFO - [2025-07-03T05:20:32.160+0000] {dag.py:3239} INFO - Sync 1 DAGs
[2025-07-03T05:20:32.192+0000] {logging_mixin.py:190} INFO - [2025-07-03T05:20:32.192+0000] {dag.py:4180} INFO - Setting next_dagrun for extract_raw_data_pipeline to 2025-07-02 07:59:00+00:00, run_after=2025-07-03 07:00:00+00:00
[2025-07-03T05:20:32.218+0000] {processor.py:208} INFO - Processing /opt/airflow/dags/driven_data_pipeline.py took 0.492 seconds
[2025-07-03T05:21:02.619+0000] {processor.py:186} INFO - Started process (PID=272) to work on /opt/airflow/dags/driven_data_pipeline.py
[2025-07-03T05:21:02.621+0000] {processor.py:914} INFO - Processing file /opt/airflow/dags/driven_data_pipeline.py for tasks to queue
[2025-07-03T05:21:02.633+0000] {logging_mixin.py:190} INFO - [2025-07-03T05:21:02.632+0000] {dagbag.py:588} INFO - Filling up the DagBag from /opt/airflow/dags/driven_data_pipeline.py
[2025-07-03T05:21:03.213+0000] {processor.py:925} INFO - DAG(s) 'extract_raw_data_pipeline' retrieved from /opt/airflow/dags/driven_data_pipeline.py
[2025-07-03T05:21:03.260+0000] {logging_mixin.py:190} INFO - [2025-07-03T05:21:03.259+0000] {dag.py:3239} INFO - Sync 1 DAGs
[2025-07-03T05:21:03.293+0000] {logging_mixin.py:190} INFO - [2025-07-03T05:21:03.293+0000] {dag.py:4180} INFO - Setting next_dagrun for extract_raw_data_pipeline to 2025-07-02 07:59:00+00:00, run_after=2025-07-03 07:00:00+00:00
[2025-07-03T05:21:03.326+0000] {processor.py:208} INFO - Processing /opt/airflow/dags/driven_data_pipeline.py took 0.722 seconds
[2025-07-03T05:21:34.110+0000] {processor.py:186} INFO - Started process (PID=280) to work on /opt/airflow/dags/driven_data_pipeline.py
[2025-07-03T05:21:34.113+0000] {processor.py:914} INFO - Processing file /opt/airflow/dags/driven_data_pipeline.py for tasks to queue
[2025-07-03T05:21:34.119+0000] {logging_mixin.py:190} INFO - [2025-07-03T05:21:34.118+0000] {dagbag.py:588} INFO - Filling up the DagBag from /opt/airflow/dags/driven_data_pipeline.py
[2025-07-03T05:21:34.663+0000] {processor.py:925} INFO - DAG(s) 'extract_raw_data_pipeline' retrieved from /opt/airflow/dags/driven_data_pipeline.py
[2025-07-03T05:21:34.740+0000] {logging_mixin.py:190} INFO - [2025-07-03T05:21:34.739+0000] {dag.py:3239} INFO - Sync 1 DAGs
[2025-07-03T05:21:34.785+0000] {logging_mixin.py:190} INFO - [2025-07-03T05:21:34.785+0000] {dag.py:4180} INFO - Setting next_dagrun for extract_raw_data_pipeline to 2025-07-02 07:59:00+00:00, run_after=2025-07-03 07:00:00+00:00
[2025-07-03T05:21:34.823+0000] {processor.py:208} INFO - Processing /opt/airflow/dags/driven_data_pipeline.py took 0.727 seconds
[2025-07-03T05:22:05.121+0000] {processor.py:186} INFO - Started process (PID=288) to work on /opt/airflow/dags/driven_data_pipeline.py
[2025-07-03T05:22:05.123+0000] {processor.py:914} INFO - Processing file /opt/airflow/dags/driven_data_pipeline.py for tasks to queue
[2025-07-03T05:22:05.128+0000] {logging_mixin.py:190} INFO - [2025-07-03T05:22:05.127+0000] {dagbag.py:588} INFO - Filling up the DagBag from /opt/airflow/dags/driven_data_pipeline.py
[2025-07-03T05:22:05.744+0000] {processor.py:925} INFO - DAG(s) 'extract_raw_data_pipeline' retrieved from /opt/airflow/dags/driven_data_pipeline.py
[2025-07-03T05:22:05.797+0000] {logging_mixin.py:190} INFO - [2025-07-03T05:22:05.796+0000] {dag.py:3239} INFO - Sync 1 DAGs
[2025-07-03T05:22:05.835+0000] {logging_mixin.py:190} INFO - [2025-07-03T05:22:05.835+0000] {dag.py:4180} INFO - Setting next_dagrun for extract_raw_data_pipeline to 2025-07-02 07:59:00+00:00, run_after=2025-07-03 07:00:00+00:00
[2025-07-03T05:22:05.868+0000] {processor.py:208} INFO - Processing /opt/airflow/dags/driven_data_pipeline.py took 0.758 seconds
[2025-07-03T05:22:36.687+0000] {processor.py:186} INFO - Started process (PID=296) to work on /opt/airflow/dags/driven_data_pipeline.py
[2025-07-03T05:22:36.689+0000] {processor.py:914} INFO - Processing file /opt/airflow/dags/driven_data_pipeline.py for tasks to queue
[2025-07-03T05:22:36.696+0000] {logging_mixin.py:190} INFO - [2025-07-03T05:22:36.695+0000] {dagbag.py:588} INFO - Filling up the DagBag from /opt/airflow/dags/driven_data_pipeline.py
[2025-07-03T05:22:37.260+0000] {processor.py:925} INFO - DAG(s) 'extract_raw_data_pipeline' retrieved from /opt/airflow/dags/driven_data_pipeline.py
[2025-07-03T05:22:37.313+0000] {logging_mixin.py:190} INFO - [2025-07-03T05:22:37.313+0000] {dag.py:3239} INFO - Sync 1 DAGs
[2025-07-03T05:22:37.345+0000] {logging_mixin.py:190} INFO - [2025-07-03T05:22:37.344+0000] {dag.py:4180} INFO - Setting next_dagrun for extract_raw_data_pipeline to 2025-07-02 07:59:00+00:00, run_after=2025-07-03 07:00:00+00:00
[2025-07-03T05:22:37.377+0000] {processor.py:208} INFO - Processing /opt/airflow/dags/driven_data_pipeline.py took 0.706 seconds
[2025-07-03T05:23:07.642+0000] {processor.py:186} INFO - Started process (PID=304) to work on /opt/airflow/dags/driven_data_pipeline.py
[2025-07-03T05:23:07.645+0000] {processor.py:914} INFO - Processing file /opt/airflow/dags/driven_data_pipeline.py for tasks to queue
[2025-07-03T05:23:07.649+0000] {logging_mixin.py:190} INFO - [2025-07-03T05:23:07.649+0000] {dagbag.py:588} INFO - Filling up the DagBag from /opt/airflow/dags/driven_data_pipeline.py
[2025-07-03T05:23:08.027+0000] {processor.py:925} INFO - DAG(s) 'extract_raw_data_pipeline' retrieved from /opt/airflow/dags/driven_data_pipeline.py
[2025-07-03T05:23:08.071+0000] {logging_mixin.py:190} INFO - [2025-07-03T05:23:08.070+0000] {dag.py:3239} INFO - Sync 1 DAGs
[2025-07-03T05:23:08.102+0000] {logging_mixin.py:190} INFO - [2025-07-03T05:23:08.101+0000] {dag.py:4180} INFO - Setting next_dagrun for extract_raw_data_pipeline to 2025-07-02 07:59:00+00:00, run_after=2025-07-03 07:00:00+00:00
[2025-07-03T05:23:08.128+0000] {processor.py:208} INFO - Processing /opt/airflow/dags/driven_data_pipeline.py took 0.497 seconds
[2025-07-03T05:23:38.494+0000] {processor.py:186} INFO - Started process (PID=312) to work on /opt/airflow/dags/driven_data_pipeline.py
[2025-07-03T05:23:38.497+0000] {processor.py:914} INFO - Processing file /opt/airflow/dags/driven_data_pipeline.py for tasks to queue
[2025-07-03T05:23:38.501+0000] {logging_mixin.py:190} INFO - [2025-07-03T05:23:38.500+0000] {dagbag.py:588} INFO - Filling up the DagBag from /opt/airflow/dags/driven_data_pipeline.py
[2025-07-03T05:23:39.036+0000] {processor.py:925} INFO - DAG(s) 'extract_raw_data_pipeline' retrieved from /opt/airflow/dags/driven_data_pipeline.py
[2025-07-03T05:23:39.078+0000] {logging_mixin.py:190} INFO - [2025-07-03T05:23:39.077+0000] {dag.py:3239} INFO - Sync 1 DAGs
[2025-07-03T05:23:39.109+0000] {logging_mixin.py:190} INFO - [2025-07-03T05:23:39.109+0000] {dag.py:4180} INFO - Setting next_dagrun for extract_raw_data_pipeline to 2025-07-02 07:59:00+00:00, run_after=2025-07-03 07:00:00+00:00
[2025-07-03T05:23:39.138+0000] {processor.py:208} INFO - Processing /opt/airflow/dags/driven_data_pipeline.py took 0.653 seconds
[2025-07-03T05:24:09.867+0000] {processor.py:186} INFO - Started process (PID=320) to work on /opt/airflow/dags/driven_data_pipeline.py
[2025-07-03T05:24:09.869+0000] {processor.py:914} INFO - Processing file /opt/airflow/dags/driven_data_pipeline.py for tasks to queue
[2025-07-03T05:24:09.874+0000] {logging_mixin.py:190} INFO - [2025-07-03T05:24:09.873+0000] {dagbag.py:588} INFO - Filling up the DagBag from /opt/airflow/dags/driven_data_pipeline.py
[2025-07-03T05:24:10.256+0000] {processor.py:925} INFO - DAG(s) 'extract_raw_data_pipeline' retrieved from /opt/airflow/dags/driven_data_pipeline.py
[2025-07-03T05:24:10.295+0000] {logging_mixin.py:190} INFO - [2025-07-03T05:24:10.294+0000] {dag.py:3239} INFO - Sync 1 DAGs
[2025-07-03T05:24:10.325+0000] {logging_mixin.py:190} INFO - [2025-07-03T05:24:10.324+0000] {dag.py:4180} INFO - Setting next_dagrun for extract_raw_data_pipeline to 2025-07-02 07:59:00+00:00, run_after=2025-07-03 07:00:00+00:00
[2025-07-03T05:24:10.351+0000] {processor.py:208} INFO - Processing /opt/airflow/dags/driven_data_pipeline.py took 0.494 seconds
[2025-07-03T05:24:40.963+0000] {processor.py:186} INFO - Started process (PID=328) to work on /opt/airflow/dags/driven_data_pipeline.py
[2025-07-03T05:24:40.965+0000] {processor.py:914} INFO - Processing file /opt/airflow/dags/driven_data_pipeline.py for tasks to queue
[2025-07-03T05:24:40.969+0000] {logging_mixin.py:190} INFO - [2025-07-03T05:24:40.969+0000] {dagbag.py:588} INFO - Filling up the DagBag from /opt/airflow/dags/driven_data_pipeline.py
[2025-07-03T05:24:41.359+0000] {processor.py:925} INFO - DAG(s) 'extract_raw_data_pipeline' retrieved from /opt/airflow/dags/driven_data_pipeline.py
[2025-07-03T05:24:41.396+0000] {logging_mixin.py:190} INFO - [2025-07-03T05:24:41.396+0000] {dag.py:3239} INFO - Sync 1 DAGs
[2025-07-03T05:24:41.425+0000] {logging_mixin.py:190} INFO - [2025-07-03T05:24:41.424+0000] {dag.py:4180} INFO - Setting next_dagrun for extract_raw_data_pipeline to 2025-07-02 07:59:00+00:00, run_after=2025-07-03 07:00:00+00:00
[2025-07-03T05:24:41.449+0000] {processor.py:208} INFO - Processing /opt/airflow/dags/driven_data_pipeline.py took 0.495 seconds
[2025-07-03T05:25:12.234+0000] {processor.py:186} INFO - Started process (PID=336) to work on /opt/airflow/dags/driven_data_pipeline.py
[2025-07-03T05:25:12.236+0000] {processor.py:914} INFO - Processing file /opt/airflow/dags/driven_data_pipeline.py for tasks to queue
[2025-07-03T05:25:12.242+0000] {logging_mixin.py:190} INFO - [2025-07-03T05:25:12.241+0000] {dagbag.py:588} INFO - Filling up the DagBag from /opt/airflow/dags/driven_data_pipeline.py
[2025-07-03T05:25:12.674+0000] {processor.py:925} INFO - DAG(s) 'extract_raw_data_pipeline' retrieved from /opt/airflow/dags/driven_data_pipeline.py
[2025-07-03T05:25:12.725+0000] {logging_mixin.py:190} INFO - [2025-07-03T05:25:12.724+0000] {dag.py:3239} INFO - Sync 1 DAGs
[2025-07-03T05:25:12.758+0000] {logging_mixin.py:190} INFO - [2025-07-03T05:25:12.757+0000] {dag.py:4180} INFO - Setting next_dagrun for extract_raw_data_pipeline to 2025-07-02 07:59:00+00:00, run_after=2025-07-03 07:00:00+00:00
[2025-07-03T05:25:12.791+0000] {processor.py:208} INFO - Processing /opt/airflow/dags/driven_data_pipeline.py took 0.569 seconds
[2025-07-03T05:25:43.246+0000] {processor.py:186} INFO - Started process (PID=344) to work on /opt/airflow/dags/driven_data_pipeline.py
[2025-07-03T05:25:43.248+0000] {processor.py:914} INFO - Processing file /opt/airflow/dags/driven_data_pipeline.py for tasks to queue
[2025-07-03T05:25:43.252+0000] {logging_mixin.py:190} INFO - [2025-07-03T05:25:43.252+0000] {dagbag.py:588} INFO - Filling up the DagBag from /opt/airflow/dags/driven_data_pipeline.py
[2025-07-03T05:25:43.841+0000] {processor.py:925} INFO - DAG(s) 'extract_raw_data_pipeline' retrieved from /opt/airflow/dags/driven_data_pipeline.py
[2025-07-03T05:25:43.889+0000] {logging_mixin.py:190} INFO - [2025-07-03T05:25:43.888+0000] {dag.py:3239} INFO - Sync 1 DAGs
[2025-07-03T05:25:43.924+0000] {logging_mixin.py:190} INFO - [2025-07-03T05:25:43.924+0000] {dag.py:4180} INFO - Setting next_dagrun for extract_raw_data_pipeline to 2025-07-02 07:59:00+00:00, run_after=2025-07-03 07:00:00+00:00
[2025-07-03T05:25:43.956+0000] {processor.py:208} INFO - Processing /opt/airflow/dags/driven_data_pipeline.py took 0.720 seconds
[2025-07-03T05:26:14.641+0000] {processor.py:186} INFO - Started process (PID=352) to work on /opt/airflow/dags/driven_data_pipeline.py
[2025-07-03T05:26:14.642+0000] {processor.py:914} INFO - Processing file /opt/airflow/dags/driven_data_pipeline.py for tasks to queue
[2025-07-03T05:26:14.646+0000] {logging_mixin.py:190} INFO - [2025-07-03T05:26:14.646+0000] {dagbag.py:588} INFO - Filling up the DagBag from /opt/airflow/dags/driven_data_pipeline.py
[2025-07-03T05:26:15.065+0000] {processor.py:925} INFO - DAG(s) 'extract_raw_data_pipeline' retrieved from /opt/airflow/dags/driven_data_pipeline.py
[2025-07-03T05:26:15.122+0000] {logging_mixin.py:190} INFO - [2025-07-03T05:26:15.122+0000] {dag.py:3239} INFO - Sync 1 DAGs
[2025-07-03T05:26:15.162+0000] {logging_mixin.py:190} INFO - [2025-07-03T05:26:15.161+0000] {dag.py:4180} INFO - Setting next_dagrun for extract_raw_data_pipeline to 2025-07-02 07:59:00+00:00, run_after=2025-07-03 07:00:00+00:00
[2025-07-03T05:26:15.195+0000] {processor.py:208} INFO - Processing /opt/airflow/dags/driven_data_pipeline.py took 0.563 seconds
[2025-07-03T05:26:45.641+0000] {processor.py:186} INFO - Started process (PID=360) to work on /opt/airflow/dags/driven_data_pipeline.py
[2025-07-03T05:26:45.643+0000] {processor.py:914} INFO - Processing file /opt/airflow/dags/driven_data_pipeline.py for tasks to queue
[2025-07-03T05:26:45.647+0000] {logging_mixin.py:190} INFO - [2025-07-03T05:26:45.647+0000] {dagbag.py:588} INFO - Filling up the DagBag from /opt/airflow/dags/driven_data_pipeline.py
[2025-07-03T05:26:46.297+0000] {processor.py:925} INFO - DAG(s) 'extract_raw_data_pipeline' retrieved from /opt/airflow/dags/driven_data_pipeline.py
[2025-07-03T05:26:46.337+0000] {logging_mixin.py:190} INFO - [2025-07-03T05:26:46.336+0000] {dag.py:3239} INFO - Sync 1 DAGs
[2025-07-03T05:26:46.369+0000] {logging_mixin.py:190} INFO - [2025-07-03T05:26:46.369+0000] {dag.py:4180} INFO - Setting next_dagrun for extract_raw_data_pipeline to 2025-07-02 07:59:00+00:00, run_after=2025-07-03 07:00:00+00:00
[2025-07-03T05:26:46.402+0000] {processor.py:208} INFO - Processing /opt/airflow/dags/driven_data_pipeline.py took 0.771 seconds
[2025-07-03T05:27:16.751+0000] {processor.py:186} INFO - Started process (PID=368) to work on /opt/airflow/dags/driven_data_pipeline.py
[2025-07-03T05:27:16.753+0000] {processor.py:914} INFO - Processing file /opt/airflow/dags/driven_data_pipeline.py for tasks to queue
[2025-07-03T05:27:16.758+0000] {logging_mixin.py:190} INFO - [2025-07-03T05:27:16.757+0000] {dagbag.py:588} INFO - Filling up the DagBag from /opt/airflow/dags/driven_data_pipeline.py
[2025-07-03T05:27:17.186+0000] {processor.py:925} INFO - DAG(s) 'extract_raw_data_pipeline' retrieved from /opt/airflow/dags/driven_data_pipeline.py
[2025-07-03T05:27:17.229+0000] {logging_mixin.py:190} INFO - [2025-07-03T05:27:17.229+0000] {dag.py:3239} INFO - Sync 1 DAGs
[2025-07-03T05:27:17.263+0000] {logging_mixin.py:190} INFO - [2025-07-03T05:27:17.262+0000] {dag.py:4180} INFO - Setting next_dagrun for extract_raw_data_pipeline to 2025-07-02 07:59:00+00:00, run_after=2025-07-03 07:00:00+00:00
[2025-07-03T05:27:17.292+0000] {processor.py:208} INFO - Processing /opt/airflow/dags/driven_data_pipeline.py took 0.551 seconds
[2025-07-03T05:27:48.202+0000] {processor.py:186} INFO - Started process (PID=376) to work on /opt/airflow/dags/driven_data_pipeline.py
[2025-07-03T05:27:48.204+0000] {processor.py:914} INFO - Processing file /opt/airflow/dags/driven_data_pipeline.py for tasks to queue
[2025-07-03T05:27:48.208+0000] {logging_mixin.py:190} INFO - [2025-07-03T05:27:48.207+0000] {dagbag.py:588} INFO - Filling up the DagBag from /opt/airflow/dags/driven_data_pipeline.py
[2025-07-03T05:27:48.701+0000] {processor.py:925} INFO - DAG(s) 'extract_raw_data_pipeline' retrieved from /opt/airflow/dags/driven_data_pipeline.py
[2025-07-03T05:27:48.743+0000] {logging_mixin.py:190} INFO - [2025-07-03T05:27:48.743+0000] {dag.py:3239} INFO - Sync 1 DAGs
[2025-07-03T05:27:48.771+0000] {logging_mixin.py:190} INFO - [2025-07-03T05:27:48.771+0000] {dag.py:4180} INFO - Setting next_dagrun for extract_raw_data_pipeline to 2025-07-02 07:59:00+00:00, run_after=2025-07-03 07:00:00+00:00
[2025-07-03T05:27:48.800+0000] {processor.py:208} INFO - Processing /opt/airflow/dags/driven_data_pipeline.py took 0.608 seconds
[2025-07-03T05:28:19.410+0000] {processor.py:186} INFO - Started process (PID=384) to work on /opt/airflow/dags/driven_data_pipeline.py
[2025-07-03T05:28:19.412+0000] {processor.py:914} INFO - Processing file /opt/airflow/dags/driven_data_pipeline.py for tasks to queue
[2025-07-03T05:28:19.416+0000] {logging_mixin.py:190} INFO - [2025-07-03T05:28:19.415+0000] {dagbag.py:588} INFO - Filling up the DagBag from /opt/airflow/dags/driven_data_pipeline.py
[2025-07-03T05:28:19.841+0000] {processor.py:925} INFO - DAG(s) 'extract_raw_data_pipeline' retrieved from /opt/airflow/dags/driven_data_pipeline.py
[2025-07-03T05:28:19.879+0000] {logging_mixin.py:190} INFO - [2025-07-03T05:28:19.879+0000] {dag.py:3239} INFO - Sync 1 DAGs
[2025-07-03T05:28:19.912+0000] {logging_mixin.py:190} INFO - [2025-07-03T05:28:19.912+0000] {dag.py:4180} INFO - Setting next_dagrun for extract_raw_data_pipeline to 2025-07-02 07:59:00+00:00, run_after=2025-07-03 07:00:00+00:00
[2025-07-03T05:28:19.938+0000] {processor.py:208} INFO - Processing /opt/airflow/dags/driven_data_pipeline.py took 0.539 seconds
[2025-07-03T05:28:50.586+0000] {processor.py:186} INFO - Started process (PID=392) to work on /opt/airflow/dags/driven_data_pipeline.py
[2025-07-03T05:28:50.588+0000] {processor.py:914} INFO - Processing file /opt/airflow/dags/driven_data_pipeline.py for tasks to queue
[2025-07-03T05:28:50.593+0000] {logging_mixin.py:190} INFO - [2025-07-03T05:28:50.592+0000] {dagbag.py:588} INFO - Filling up the DagBag from /opt/airflow/dags/driven_data_pipeline.py
[2025-07-03T05:28:50.999+0000] {processor.py:925} INFO - DAG(s) 'extract_raw_data_pipeline' retrieved from /opt/airflow/dags/driven_data_pipeline.py
[2025-07-03T05:28:51.053+0000] {logging_mixin.py:190} INFO - [2025-07-03T05:28:51.052+0000] {dag.py:3239} INFO - Sync 1 DAGs
[2025-07-03T05:28:51.084+0000] {logging_mixin.py:190} INFO - [2025-07-03T05:28:51.084+0000] {dag.py:4180} INFO - Setting next_dagrun for extract_raw_data_pipeline to 2025-07-02 07:59:00+00:00, run_after=2025-07-03 07:00:00+00:00
[2025-07-03T05:28:51.111+0000] {processor.py:208} INFO - Processing /opt/airflow/dags/driven_data_pipeline.py took 0.533 seconds
[2025-07-03T05:29:21.717+0000] {processor.py:186} INFO - Started process (PID=400) to work on /opt/airflow/dags/driven_data_pipeline.py
[2025-07-03T05:29:21.719+0000] {processor.py:914} INFO - Processing file /opt/airflow/dags/driven_data_pipeline.py for tasks to queue
[2025-07-03T05:29:21.723+0000] {logging_mixin.py:190} INFO - [2025-07-03T05:29:21.723+0000] {dagbag.py:588} INFO - Filling up the DagBag from /opt/airflow/dags/driven_data_pipeline.py
[2025-07-03T05:29:22.231+0000] {processor.py:925} INFO - DAG(s) 'extract_raw_data_pipeline' retrieved from /opt/airflow/dags/driven_data_pipeline.py
[2025-07-03T05:29:22.337+0000] {logging_mixin.py:190} INFO - [2025-07-03T05:29:22.336+0000] {dag.py:3239} INFO - Sync 1 DAGs
[2025-07-03T05:29:22.372+0000] {logging_mixin.py:190} INFO - [2025-07-03T05:29:22.372+0000] {dag.py:4180} INFO - Setting next_dagrun for extract_raw_data_pipeline to 2025-07-02 07:59:00+00:00, run_after=2025-07-03 07:00:00+00:00
[2025-07-03T05:29:22.404+0000] {processor.py:208} INFO - Processing /opt/airflow/dags/driven_data_pipeline.py took 0.699 seconds
[2025-07-03T05:29:52.995+0000] {processor.py:186} INFO - Started process (PID=408) to work on /opt/airflow/dags/driven_data_pipeline.py
[2025-07-03T05:29:52.998+0000] {processor.py:914} INFO - Processing file /opt/airflow/dags/driven_data_pipeline.py for tasks to queue
[2025-07-03T05:29:53.007+0000] {logging_mixin.py:190} INFO - [2025-07-03T05:29:53.005+0000] {dagbag.py:588} INFO - Filling up the DagBag from /opt/airflow/dags/driven_data_pipeline.py
[2025-07-03T05:29:53.517+0000] {processor.py:925} INFO - DAG(s) 'extract_raw_data_pipeline' retrieved from /opt/airflow/dags/driven_data_pipeline.py
[2025-07-03T05:29:53.573+0000] {logging_mixin.py:190} INFO - [2025-07-03T05:29:53.572+0000] {dag.py:3239} INFO - Sync 1 DAGs
[2025-07-03T05:29:53.611+0000] {logging_mixin.py:190} INFO - [2025-07-03T05:29:53.611+0000] {dag.py:4180} INFO - Setting next_dagrun for extract_raw_data_pipeline to 2025-07-02 07:59:00+00:00, run_after=2025-07-03 07:00:00+00:00
[2025-07-03T05:29:53.650+0000] {processor.py:208} INFO - Processing /opt/airflow/dags/driven_data_pipeline.py took 0.672 seconds
[2025-07-03T05:30:24.683+0000] {processor.py:186} INFO - Started process (PID=416) to work on /opt/airflow/dags/driven_data_pipeline.py
[2025-07-03T05:30:24.686+0000] {processor.py:914} INFO - Processing file /opt/airflow/dags/driven_data_pipeline.py for tasks to queue
[2025-07-03T05:30:24.696+0000] {logging_mixin.py:190} INFO - [2025-07-03T05:30:24.695+0000] {dagbag.py:588} INFO - Filling up the DagBag from /opt/airflow/dags/driven_data_pipeline.py
[2025-07-03T05:30:25.358+0000] {processor.py:925} INFO - DAG(s) 'extract_raw_data_pipeline' retrieved from /opt/airflow/dags/driven_data_pipeline.py
[2025-07-03T05:30:25.412+0000] {logging_mixin.py:190} INFO - [2025-07-03T05:30:25.411+0000] {dag.py:3239} INFO - Sync 1 DAGs
[2025-07-03T05:30:25.460+0000] {logging_mixin.py:190} INFO - [2025-07-03T05:30:25.460+0000] {dag.py:4180} INFO - Setting next_dagrun for extract_raw_data_pipeline to 2025-07-02 07:59:00+00:00, run_after=2025-07-03 07:00:00+00:00
[2025-07-03T05:30:25.498+0000] {processor.py:208} INFO - Processing /opt/airflow/dags/driven_data_pipeline.py took 0.834 seconds
[2025-07-03T05:30:55.609+0000] {processor.py:186} INFO - Started process (PID=424) to work on /opt/airflow/dags/driven_data_pipeline.py
[2025-07-03T05:30:55.611+0000] {processor.py:914} INFO - Processing file /opt/airflow/dags/driven_data_pipeline.py for tasks to queue
[2025-07-03T05:30:55.617+0000] {logging_mixin.py:190} INFO - [2025-07-03T05:30:55.616+0000] {dagbag.py:588} INFO - Filling up the DagBag from /opt/airflow/dags/driven_data_pipeline.py
[2025-07-03T05:30:56.045+0000] {processor.py:925} INFO - DAG(s) 'extract_raw_data_pipeline' retrieved from /opt/airflow/dags/driven_data_pipeline.py
[2025-07-03T05:30:56.102+0000] {logging_mixin.py:190} INFO - [2025-07-03T05:30:56.102+0000] {dag.py:3239} INFO - Sync 1 DAGs
[2025-07-03T05:30:56.143+0000] {logging_mixin.py:190} INFO - [2025-07-03T05:30:56.142+0000] {dag.py:4180} INFO - Setting next_dagrun for extract_raw_data_pipeline to 2025-07-02 07:59:00+00:00, run_after=2025-07-03 07:00:00+00:00
[2025-07-03T05:30:56.177+0000] {processor.py:208} INFO - Processing /opt/airflow/dags/driven_data_pipeline.py took 0.580 seconds
[2025-07-03T05:31:26.470+0000] {processor.py:186} INFO - Started process (PID=432) to work on /opt/airflow/dags/driven_data_pipeline.py
[2025-07-03T05:31:26.472+0000] {processor.py:914} INFO - Processing file /opt/airflow/dags/driven_data_pipeline.py for tasks to queue
[2025-07-03T05:31:26.478+0000] {logging_mixin.py:190} INFO - [2025-07-03T05:31:26.477+0000] {dagbag.py:588} INFO - Filling up the DagBag from /opt/airflow/dags/driven_data_pipeline.py
[2025-07-03T05:31:26.898+0000] {processor.py:925} INFO - DAG(s) 'extract_raw_data_pipeline' retrieved from /opt/airflow/dags/driven_data_pipeline.py
[2025-07-03T05:31:26.943+0000] {logging_mixin.py:190} INFO - [2025-07-03T05:31:26.943+0000] {dag.py:3239} INFO - Sync 1 DAGs
[2025-07-03T05:31:26.976+0000] {logging_mixin.py:190} INFO - [2025-07-03T05:31:26.976+0000] {dag.py:4180} INFO - Setting next_dagrun for extract_raw_data_pipeline to 2025-07-02 07:59:00+00:00, run_after=2025-07-03 07:00:00+00:00
[2025-07-03T05:31:27.007+0000] {processor.py:208} INFO - Processing /opt/airflow/dags/driven_data_pipeline.py took 0.548 seconds
[2025-07-03T05:31:57.392+0000] {processor.py:186} INFO - Started process (PID=439) to work on /opt/airflow/dags/driven_data_pipeline.py
[2025-07-03T05:31:57.397+0000] {processor.py:914} INFO - Processing file /opt/airflow/dags/driven_data_pipeline.py for tasks to queue
[2025-07-03T05:31:57.403+0000] {logging_mixin.py:190} INFO - [2025-07-03T05:31:57.402+0000] {dagbag.py:588} INFO - Filling up the DagBag from /opt/airflow/dags/driven_data_pipeline.py
[2025-07-03T05:31:57.949+0000] {processor.py:925} INFO - DAG(s) 'extract_raw_data_pipeline' retrieved from /opt/airflow/dags/driven_data_pipeline.py
[2025-07-03T05:31:57.985+0000] {logging_mixin.py:190} INFO - [2025-07-03T05:31:57.985+0000] {dag.py:3239} INFO - Sync 1 DAGs
[2025-07-03T05:31:58.020+0000] {logging_mixin.py:190} INFO - [2025-07-03T05:31:58.020+0000] {dag.py:4180} INFO - Setting next_dagrun for extract_raw_data_pipeline to 2025-07-02 07:59:00+00:00, run_after=2025-07-03 07:00:00+00:00
[2025-07-03T05:31:58.050+0000] {processor.py:208} INFO - Processing /opt/airflow/dags/driven_data_pipeline.py took 0.671 seconds
[2025-07-03T05:32:28.756+0000] {processor.py:186} INFO - Started process (PID=447) to work on /opt/airflow/dags/driven_data_pipeline.py
[2025-07-03T05:32:28.758+0000] {processor.py:914} INFO - Processing file /opt/airflow/dags/driven_data_pipeline.py for tasks to queue
[2025-07-03T05:32:28.762+0000] {logging_mixin.py:190} INFO - [2025-07-03T05:32:28.762+0000] {dagbag.py:588} INFO - Filling up the DagBag from /opt/airflow/dags/driven_data_pipeline.py
[2025-07-03T05:32:29.164+0000] {processor.py:925} INFO - DAG(s) 'extract_raw_data_pipeline' retrieved from /opt/airflow/dags/driven_data_pipeline.py
[2025-07-03T05:32:29.208+0000] {logging_mixin.py:190} INFO - [2025-07-03T05:32:29.207+0000] {dag.py:3239} INFO - Sync 1 DAGs
[2025-07-03T05:32:29.239+0000] {logging_mixin.py:190} INFO - [2025-07-03T05:32:29.239+0000] {dag.py:4180} INFO - Setting next_dagrun for extract_raw_data_pipeline to 2025-07-02 07:59:00+00:00, run_after=2025-07-03 07:00:00+00:00
[2025-07-03T05:32:29.266+0000] {processor.py:208} INFO - Processing /opt/airflow/dags/driven_data_pipeline.py took 0.520 seconds
[2025-07-03T05:32:59.715+0000] {processor.py:186} INFO - Started process (PID=455) to work on /opt/airflow/dags/driven_data_pipeline.py
[2025-07-03T05:32:59.718+0000] {processor.py:914} INFO - Processing file /opt/airflow/dags/driven_data_pipeline.py for tasks to queue
[2025-07-03T05:32:59.724+0000] {logging_mixin.py:190} INFO - [2025-07-03T05:32:59.722+0000] {dagbag.py:588} INFO - Filling up the DagBag from /opt/airflow/dags/driven_data_pipeline.py
[2025-07-03T05:33:00.178+0000] {processor.py:925} INFO - DAG(s) 'extract_raw_data_pipeline' retrieved from /opt/airflow/dags/driven_data_pipeline.py
[2025-07-03T05:33:00.244+0000] {logging_mixin.py:190} INFO - [2025-07-03T05:33:00.244+0000] {dag.py:3239} INFO - Sync 1 DAGs
[2025-07-03T05:33:00.284+0000] {logging_mixin.py:190} INFO - [2025-07-03T05:33:00.284+0000] {dag.py:4180} INFO - Setting next_dagrun for extract_raw_data_pipeline to 2025-07-02 07:59:00+00:00, run_after=2025-07-03 07:00:00+00:00
[2025-07-03T05:33:00.321+0000] {processor.py:208} INFO - Processing /opt/airflow/dags/driven_data_pipeline.py took 0.621 seconds
[2025-07-03T05:33:30.925+0000] {processor.py:186} INFO - Started process (PID=463) to work on /opt/airflow/dags/driven_data_pipeline.py
[2025-07-03T05:33:30.927+0000] {processor.py:914} INFO - Processing file /opt/airflow/dags/driven_data_pipeline.py for tasks to queue
[2025-07-03T05:33:30.932+0000] {logging_mixin.py:190} INFO - [2025-07-03T05:33:30.931+0000] {dagbag.py:588} INFO - Filling up the DagBag from /opt/airflow/dags/driven_data_pipeline.py
[2025-07-03T05:33:31.227+0000] {processor.py:925} INFO - DAG(s) 'extract_raw_data_pipeline' retrieved from /opt/airflow/dags/driven_data_pipeline.py
[2025-07-03T05:33:31.258+0000] {logging_mixin.py:190} INFO - [2025-07-03T05:33:31.257+0000] {dag.py:3239} INFO - Sync 1 DAGs
[2025-07-03T05:33:31.287+0000] {logging_mixin.py:190} INFO - [2025-07-03T05:33:31.287+0000] {dag.py:4180} INFO - Setting next_dagrun for extract_raw_data_pipeline to 2025-07-02 07:59:00+00:00, run_after=2025-07-03 07:00:00+00:00
[2025-07-03T05:33:31.358+0000] {processor.py:208} INFO - Processing /opt/airflow/dags/driven_data_pipeline.py took 0.444 seconds
[2025-07-03T05:34:02.039+0000] {processor.py:186} INFO - Started process (PID=471) to work on /opt/airflow/dags/driven_data_pipeline.py
[2025-07-03T05:34:02.041+0000] {processor.py:914} INFO - Processing file /opt/airflow/dags/driven_data_pipeline.py for tasks to queue
[2025-07-03T05:34:02.045+0000] {logging_mixin.py:190} INFO - [2025-07-03T05:34:02.045+0000] {dagbag.py:588} INFO - Filling up the DagBag from /opt/airflow/dags/driven_data_pipeline.py
[2025-07-03T05:34:02.399+0000] {processor.py:925} INFO - DAG(s) 'extract_raw_data_pipeline' retrieved from /opt/airflow/dags/driven_data_pipeline.py
[2025-07-03T05:34:02.441+0000] {logging_mixin.py:190} INFO - [2025-07-03T05:34:02.441+0000] {dag.py:3239} INFO - Sync 1 DAGs
[2025-07-03T05:34:02.474+0000] {logging_mixin.py:190} INFO - [2025-07-03T05:34:02.473+0000] {dag.py:4180} INFO - Setting next_dagrun for extract_raw_data_pipeline to 2025-07-02 07:59:00+00:00, run_after=2025-07-03 07:00:00+00:00
[2025-07-03T05:34:02.502+0000] {processor.py:208} INFO - Processing /opt/airflow/dags/driven_data_pipeline.py took 0.473 seconds
[2025-07-03T05:34:33.134+0000] {processor.py:186} INFO - Started process (PID=479) to work on /opt/airflow/dags/driven_data_pipeline.py
[2025-07-03T05:34:33.136+0000] {processor.py:914} INFO - Processing file /opt/airflow/dags/driven_data_pipeline.py for tasks to queue
[2025-07-03T05:34:33.141+0000] {logging_mixin.py:190} INFO - [2025-07-03T05:34:33.141+0000] {dagbag.py:588} INFO - Filling up the DagBag from /opt/airflow/dags/driven_data_pipeline.py
[2025-07-03T05:34:33.496+0000] {processor.py:925} INFO - DAG(s) 'extract_raw_data_pipeline' retrieved from /opt/airflow/dags/driven_data_pipeline.py
[2025-07-03T05:34:33.540+0000] {logging_mixin.py:190} INFO - [2025-07-03T05:34:33.540+0000] {dag.py:3239} INFO - Sync 1 DAGs
[2025-07-03T05:34:33.576+0000] {logging_mixin.py:190} INFO - [2025-07-03T05:34:33.576+0000] {dag.py:4180} INFO - Setting next_dagrun for extract_raw_data_pipeline to 2025-07-02 07:59:00+00:00, run_after=2025-07-03 07:00:00+00:00
[2025-07-03T05:34:33.608+0000] {processor.py:208} INFO - Processing /opt/airflow/dags/driven_data_pipeline.py took 0.486 seconds
[2025-07-03T05:35:04.304+0000] {processor.py:186} INFO - Started process (PID=487) to work on /opt/airflow/dags/driven_data_pipeline.py
[2025-07-03T05:35:04.306+0000] {processor.py:914} INFO - Processing file /opt/airflow/dags/driven_data_pipeline.py for tasks to queue
[2025-07-03T05:35:04.310+0000] {logging_mixin.py:190} INFO - [2025-07-03T05:35:04.310+0000] {dagbag.py:588} INFO - Filling up the DagBag from /opt/airflow/dags/driven_data_pipeline.py
[2025-07-03T05:35:04.734+0000] {processor.py:925} INFO - DAG(s) 'extract_raw_data_pipeline' retrieved from /opt/airflow/dags/driven_data_pipeline.py
[2025-07-03T05:35:04.778+0000] {logging_mixin.py:190} INFO - [2025-07-03T05:35:04.778+0000] {dag.py:3239} INFO - Sync 1 DAGs
[2025-07-03T05:35:04.811+0000] {logging_mixin.py:190} INFO - [2025-07-03T05:35:04.811+0000] {dag.py:4180} INFO - Setting next_dagrun for extract_raw_data_pipeline to 2025-07-02 07:59:00+00:00, run_after=2025-07-03 07:00:00+00:00
[2025-07-03T05:35:04.838+0000] {processor.py:208} INFO - Processing /opt/airflow/dags/driven_data_pipeline.py took 0.544 seconds
[2025-07-03T05:35:35.425+0000] {processor.py:186} INFO - Started process (PID=495) to work on /opt/airflow/dags/driven_data_pipeline.py
[2025-07-03T05:35:35.427+0000] {processor.py:914} INFO - Processing file /opt/airflow/dags/driven_data_pipeline.py for tasks to queue
[2025-07-03T05:35:35.432+0000] {logging_mixin.py:190} INFO - [2025-07-03T05:35:35.431+0000] {dagbag.py:588} INFO - Filling up the DagBag from /opt/airflow/dags/driven_data_pipeline.py
[2025-07-03T05:35:35.927+0000] {processor.py:925} INFO - DAG(s) 'extract_raw_data_pipeline' retrieved from /opt/airflow/dags/driven_data_pipeline.py
[2025-07-03T05:35:35.968+0000] {logging_mixin.py:190} INFO - [2025-07-03T05:35:35.967+0000] {dag.py:3239} INFO - Sync 1 DAGs
[2025-07-03T05:35:36.004+0000] {logging_mixin.py:190} INFO - [2025-07-03T05:35:36.004+0000] {dag.py:4180} INFO - Setting next_dagrun for extract_raw_data_pipeline to 2025-07-02 07:59:00+00:00, run_after=2025-07-03 07:00:00+00:00
[2025-07-03T05:35:36.037+0000] {processor.py:208} INFO - Processing /opt/airflow/dags/driven_data_pipeline.py took 0.623 seconds
[2025-07-03T05:36:06.628+0000] {processor.py:186} INFO - Started process (PID=503) to work on /opt/airflow/dags/driven_data_pipeline.py
[2025-07-03T05:36:06.630+0000] {processor.py:914} INFO - Processing file /opt/airflow/dags/driven_data_pipeline.py for tasks to queue
[2025-07-03T05:36:06.634+0000] {logging_mixin.py:190} INFO - [2025-07-03T05:36:06.633+0000] {dagbag.py:588} INFO - Filling up the DagBag from /opt/airflow/dags/driven_data_pipeline.py
[2025-07-03T05:36:07.088+0000] {processor.py:925} INFO - DAG(s) 'extract_raw_data_pipeline' retrieved from /opt/airflow/dags/driven_data_pipeline.py
[2025-07-03T05:36:07.133+0000] {logging_mixin.py:190} INFO - [2025-07-03T05:36:07.133+0000] {dag.py:3239} INFO - Sync 1 DAGs
[2025-07-03T05:36:07.170+0000] {logging_mixin.py:190} INFO - [2025-07-03T05:36:07.169+0000] {dag.py:4180} INFO - Setting next_dagrun for extract_raw_data_pipeline to 2025-07-02 07:59:00+00:00, run_after=2025-07-03 07:00:00+00:00
[2025-07-03T05:36:07.201+0000] {processor.py:208} INFO - Processing /opt/airflow/dags/driven_data_pipeline.py took 0.581 seconds
[2025-07-03T05:36:37.754+0000] {processor.py:186} INFO - Started process (PID=511) to work on /opt/airflow/dags/driven_data_pipeline.py
[2025-07-03T05:36:37.756+0000] {processor.py:914} INFO - Processing file /opt/airflow/dags/driven_data_pipeline.py for tasks to queue
[2025-07-03T05:36:37.760+0000] {logging_mixin.py:190} INFO - [2025-07-03T05:36:37.760+0000] {dagbag.py:588} INFO - Filling up the DagBag from /opt/airflow/dags/driven_data_pipeline.py
[2025-07-03T05:36:38.109+0000] {processor.py:925} INFO - DAG(s) 'extract_raw_data_pipeline' retrieved from /opt/airflow/dags/driven_data_pipeline.py
[2025-07-03T05:36:38.147+0000] {logging_mixin.py:190} INFO - [2025-07-03T05:36:38.146+0000] {dag.py:3239} INFO - Sync 1 DAGs
[2025-07-03T05:36:38.176+0000] {logging_mixin.py:190} INFO - [2025-07-03T05:36:38.176+0000] {dag.py:4180} INFO - Setting next_dagrun for extract_raw_data_pipeline to 2025-07-02 07:59:00+00:00, run_after=2025-07-03 07:00:00+00:00
[2025-07-03T05:36:38.208+0000] {processor.py:208} INFO - Processing /opt/airflow/dags/driven_data_pipeline.py took 0.462 seconds
[2025-07-03T05:37:09.040+0000] {processor.py:186} INFO - Started process (PID=519) to work on /opt/airflow/dags/driven_data_pipeline.py
[2025-07-03T05:37:09.042+0000] {processor.py:914} INFO - Processing file /opt/airflow/dags/driven_data_pipeline.py for tasks to queue
[2025-07-03T05:37:09.047+0000] {logging_mixin.py:190} INFO - [2025-07-03T05:37:09.046+0000] {dagbag.py:588} INFO - Filling up the DagBag from /opt/airflow/dags/driven_data_pipeline.py
[2025-07-03T05:37:09.530+0000] {processor.py:925} INFO - DAG(s) 'extract_raw_data_pipeline' retrieved from /opt/airflow/dags/driven_data_pipeline.py
[2025-07-03T05:37:09.586+0000] {logging_mixin.py:190} INFO - [2025-07-03T05:37:09.586+0000] {dag.py:3239} INFO - Sync 1 DAGs
[2025-07-03T05:37:09.623+0000] {logging_mixin.py:190} INFO - [2025-07-03T05:37:09.623+0000] {dag.py:4180} INFO - Setting next_dagrun for extract_raw_data_pipeline to 2025-07-02 07:59:00+00:00, run_after=2025-07-03 07:00:00+00:00
[2025-07-03T05:37:09.659+0000] {processor.py:208} INFO - Processing /opt/airflow/dags/driven_data_pipeline.py took 0.630 seconds
[2025-07-03T05:37:40.607+0000] {processor.py:186} INFO - Started process (PID=527) to work on /opt/airflow/dags/driven_data_pipeline.py
[2025-07-03T05:37:40.610+0000] {processor.py:914} INFO - Processing file /opt/airflow/dags/driven_data_pipeline.py for tasks to queue
[2025-07-03T05:37:40.615+0000] {logging_mixin.py:190} INFO - [2025-07-03T05:37:40.614+0000] {dagbag.py:588} INFO - Filling up the DagBag from /opt/airflow/dags/driven_data_pipeline.py
[2025-07-03T05:37:41.096+0000] {processor.py:925} INFO - DAG(s) 'extract_raw_data_pipeline' retrieved from /opt/airflow/dags/driven_data_pipeline.py
[2025-07-03T05:37:41.138+0000] {logging_mixin.py:190} INFO - [2025-07-03T05:37:41.137+0000] {dag.py:3239} INFO - Sync 1 DAGs
[2025-07-03T05:37:41.172+0000] {logging_mixin.py:190} INFO - [2025-07-03T05:37:41.172+0000] {dag.py:4180} INFO - Setting next_dagrun for extract_raw_data_pipeline to 2025-07-02 07:59:00+00:00, run_after=2025-07-03 07:00:00+00:00
[2025-07-03T05:37:41.203+0000] {processor.py:208} INFO - Processing /opt/airflow/dags/driven_data_pipeline.py took 0.607 seconds
[2025-07-03T05:38:11.584+0000] {processor.py:186} INFO - Started process (PID=535) to work on /opt/airflow/dags/driven_data_pipeline.py
[2025-07-03T05:38:11.587+0000] {processor.py:914} INFO - Processing file /opt/airflow/dags/driven_data_pipeline.py for tasks to queue
[2025-07-03T05:38:11.591+0000] {logging_mixin.py:190} INFO - [2025-07-03T05:38:11.590+0000] {dagbag.py:588} INFO - Filling up the DagBag from /opt/airflow/dags/driven_data_pipeline.py
[2025-07-03T05:38:11.884+0000] {processor.py:925} INFO - DAG(s) 'extract_raw_data_pipeline' retrieved from /opt/airflow/dags/driven_data_pipeline.py
[2025-07-03T05:38:11.923+0000] {logging_mixin.py:190} INFO - [2025-07-03T05:38:11.923+0000] {dag.py:3239} INFO - Sync 1 DAGs
[2025-07-03T05:38:11.957+0000] {logging_mixin.py:190} INFO - [2025-07-03T05:38:11.956+0000] {dag.py:4180} INFO - Setting next_dagrun for extract_raw_data_pipeline to 2025-07-02 07:59:00+00:00, run_after=2025-07-03 07:00:00+00:00
[2025-07-03T05:38:11.984+0000] {processor.py:208} INFO - Processing /opt/airflow/dags/driven_data_pipeline.py took 0.410 seconds
[2025-07-03T05:38:42.459+0000] {processor.py:186} INFO - Started process (PID=543) to work on /opt/airflow/dags/driven_data_pipeline.py
[2025-07-03T05:38:42.462+0000] {processor.py:914} INFO - Processing file /opt/airflow/dags/driven_data_pipeline.py for tasks to queue
[2025-07-03T05:38:42.468+0000] {logging_mixin.py:190} INFO - [2025-07-03T05:38:42.467+0000] {dagbag.py:588} INFO - Filling up the DagBag from /opt/airflow/dags/driven_data_pipeline.py
[2025-07-03T05:38:42.989+0000] {processor.py:925} INFO - DAG(s) 'extract_raw_data_pipeline' retrieved from /opt/airflow/dags/driven_data_pipeline.py
[2025-07-03T05:38:43.031+0000] {logging_mixin.py:190} INFO - [2025-07-03T05:38:43.030+0000] {dag.py:3239} INFO - Sync 1 DAGs
[2025-07-03T05:38:43.064+0000] {logging_mixin.py:190} INFO - [2025-07-03T05:38:43.064+0000] {dag.py:4180} INFO - Setting next_dagrun for extract_raw_data_pipeline to 2025-07-02 07:59:00+00:00, run_after=2025-07-03 07:00:00+00:00
[2025-07-03T05:38:43.136+0000] {processor.py:208} INFO - Processing /opt/airflow/dags/driven_data_pipeline.py took 0.692 seconds
[2025-07-03T05:39:13.807+0000] {processor.py:186} INFO - Started process (PID=551) to work on /opt/airflow/dags/driven_data_pipeline.py
[2025-07-03T05:39:13.809+0000] {processor.py:914} INFO - Processing file /opt/airflow/dags/driven_data_pipeline.py for tasks to queue
[2025-07-03T05:39:13.815+0000] {logging_mixin.py:190} INFO - [2025-07-03T05:39:13.814+0000] {dagbag.py:588} INFO - Filling up the DagBag from /opt/airflow/dags/driven_data_pipeline.py
[2025-07-03T05:39:14.336+0000] {processor.py:925} INFO - DAG(s) 'extract_raw_data_pipeline' retrieved from /opt/airflow/dags/driven_data_pipeline.py
[2025-07-03T05:39:14.403+0000] {logging_mixin.py:190} INFO - [2025-07-03T05:39:14.403+0000] {dag.py:3239} INFO - Sync 1 DAGs
[2025-07-03T05:39:14.449+0000] {logging_mixin.py:190} INFO - [2025-07-03T05:39:14.448+0000] {dag.py:4180} INFO - Setting next_dagrun for extract_raw_data_pipeline to 2025-07-02 07:59:00+00:00, run_after=2025-07-03 07:00:00+00:00
[2025-07-03T05:39:14.488+0000] {processor.py:208} INFO - Processing /opt/airflow/dags/driven_data_pipeline.py took 0.692 seconds
[2025-07-03T05:39:45.014+0000] {processor.py:186} INFO - Started process (PID=559) to work on /opt/airflow/dags/driven_data_pipeline.py
[2025-07-03T05:39:45.017+0000] {processor.py:914} INFO - Processing file /opt/airflow/dags/driven_data_pipeline.py for tasks to queue
[2025-07-03T05:39:45.024+0000] {logging_mixin.py:190} INFO - [2025-07-03T05:39:45.023+0000] {dagbag.py:588} INFO - Filling up the DagBag from /opt/airflow/dags/driven_data_pipeline.py
[2025-07-03T05:39:45.631+0000] {processor.py:925} INFO - DAG(s) 'extract_raw_data_pipeline' retrieved from /opt/airflow/dags/driven_data_pipeline.py
[2025-07-03T05:39:45.676+0000] {logging_mixin.py:190} INFO - [2025-07-03T05:39:45.675+0000] {dag.py:3239} INFO - Sync 1 DAGs
[2025-07-03T05:39:45.711+0000] {logging_mixin.py:190} INFO - [2025-07-03T05:39:45.711+0000] {dag.py:4180} INFO - Setting next_dagrun for extract_raw_data_pipeline to 2025-07-02 07:59:00+00:00, run_after=2025-07-03 07:00:00+00:00
[2025-07-03T05:39:45.744+0000] {processor.py:208} INFO - Processing /opt/airflow/dags/driven_data_pipeline.py took 0.747 seconds
[2025-07-03T05:40:16.807+0000] {processor.py:186} INFO - Started process (PID=567) to work on /opt/airflow/dags/driven_data_pipeline.py
[2025-07-03T05:40:16.814+0000] {processor.py:914} INFO - Processing file /opt/airflow/dags/driven_data_pipeline.py for tasks to queue
[2025-07-03T05:40:16.820+0000] {logging_mixin.py:190} INFO - [2025-07-03T05:40:16.819+0000] {dagbag.py:588} INFO - Filling up the DagBag from /opt/airflow/dags/driven_data_pipeline.py
[2025-07-03T05:40:17.416+0000] {processor.py:925} INFO - DAG(s) 'extract_raw_data_pipeline' retrieved from /opt/airflow/dags/driven_data_pipeline.py
[2025-07-03T05:40:17.560+0000] {logging_mixin.py:190} INFO - [2025-07-03T05:40:17.558+0000] {dag.py:3239} INFO - Sync 1 DAGs
[2025-07-03T05:40:17.679+0000] {logging_mixin.py:190} INFO - [2025-07-03T05:40:17.679+0000] {dag.py:4180} INFO - Setting next_dagrun for extract_raw_data_pipeline to 2025-07-02 07:59:00+00:00, run_after=2025-07-03 07:00:00+00:00
[2025-07-03T05:40:17.787+0000] {processor.py:208} INFO - Processing /opt/airflow/dags/driven_data_pipeline.py took 0.995 seconds
[2025-07-03T05:40:48.799+0000] {processor.py:186} INFO - Started process (PID=575) to work on /opt/airflow/dags/driven_data_pipeline.py
[2025-07-03T05:40:48.802+0000] {processor.py:914} INFO - Processing file /opt/airflow/dags/driven_data_pipeline.py for tasks to queue
[2025-07-03T05:40:48.810+0000] {logging_mixin.py:190} INFO - [2025-07-03T05:40:48.809+0000] {dagbag.py:588} INFO - Filling up the DagBag from /opt/airflow/dags/driven_data_pipeline.py
[2025-07-03T05:40:49.469+0000] {processor.py:925} INFO - DAG(s) 'extract_raw_data_pipeline' retrieved from /opt/airflow/dags/driven_data_pipeline.py
[2025-07-03T05:40:49.522+0000] {logging_mixin.py:190} INFO - [2025-07-03T05:40:49.522+0000] {dag.py:3239} INFO - Sync 1 DAGs
[2025-07-03T05:40:49.562+0000] {logging_mixin.py:190} INFO - [2025-07-03T05:40:49.562+0000] {dag.py:4180} INFO - Setting next_dagrun for extract_raw_data_pipeline to 2025-07-02 07:59:00+00:00, run_after=2025-07-03 07:00:00+00:00
[2025-07-03T05:40:49.594+0000] {processor.py:208} INFO - Processing /opt/airflow/dags/driven_data_pipeline.py took 0.813 seconds
[2025-07-03T05:41:20.570+0000] {processor.py:186} INFO - Started process (PID=583) to work on /opt/airflow/dags/driven_data_pipeline.py
[2025-07-03T05:41:20.573+0000] {processor.py:914} INFO - Processing file /opt/airflow/dags/driven_data_pipeline.py for tasks to queue
[2025-07-03T05:41:20.578+0000] {logging_mixin.py:190} INFO - [2025-07-03T05:41:20.577+0000] {dagbag.py:588} INFO - Filling up the DagBag from /opt/airflow/dags/driven_data_pipeline.py
[2025-07-03T05:41:20.994+0000] {processor.py:925} INFO - DAG(s) 'extract_raw_data_pipeline' retrieved from /opt/airflow/dags/driven_data_pipeline.py
[2025-07-03T05:41:21.039+0000] {logging_mixin.py:190} INFO - [2025-07-03T05:41:21.039+0000] {dag.py:3239} INFO - Sync 1 DAGs
[2025-07-03T05:41:21.076+0000] {logging_mixin.py:190} INFO - [2025-07-03T05:41:21.075+0000] {dag.py:4180} INFO - Setting next_dagrun for extract_raw_data_pipeline to 2025-07-02 07:59:00+00:00, run_after=2025-07-03 07:00:00+00:00
[2025-07-03T05:41:21.107+0000] {processor.py:208} INFO - Processing /opt/airflow/dags/driven_data_pipeline.py took 0.548 seconds
[2025-07-03T05:41:51.445+0000] {processor.py:186} INFO - Started process (PID=591) to work on /opt/airflow/dags/driven_data_pipeline.py
[2025-07-03T05:41:51.447+0000] {processor.py:914} INFO - Processing file /opt/airflow/dags/driven_data_pipeline.py for tasks to queue
[2025-07-03T05:41:51.452+0000] {logging_mixin.py:190} INFO - [2025-07-03T05:41:51.451+0000] {dagbag.py:588} INFO - Filling up the DagBag from /opt/airflow/dags/driven_data_pipeline.py
[2025-07-03T05:41:51.975+0000] {processor.py:925} INFO - DAG(s) 'extract_raw_data_pipeline' retrieved from /opt/airflow/dags/driven_data_pipeline.py
[2025-07-03T05:41:52.020+0000] {logging_mixin.py:190} INFO - [2025-07-03T05:41:52.019+0000] {dag.py:3239} INFO - Sync 1 DAGs
[2025-07-03T05:41:52.059+0000] {logging_mixin.py:190} INFO - [2025-07-03T05:41:52.059+0000] {dag.py:4180} INFO - Setting next_dagrun for extract_raw_data_pipeline to 2025-07-02 07:59:00+00:00, run_after=2025-07-03 07:00:00+00:00
[2025-07-03T05:41:52.090+0000] {processor.py:208} INFO - Processing /opt/airflow/dags/driven_data_pipeline.py took 0.656 seconds
[2025-07-03T05:42:22.812+0000] {processor.py:186} INFO - Started process (PID=599) to work on /opt/airflow/dags/driven_data_pipeline.py
[2025-07-03T05:42:22.814+0000] {processor.py:914} INFO - Processing file /opt/airflow/dags/driven_data_pipeline.py for tasks to queue
[2025-07-03T05:42:22.818+0000] {logging_mixin.py:190} INFO - [2025-07-03T05:42:22.818+0000] {dagbag.py:588} INFO - Filling up the DagBag from /opt/airflow/dags/driven_data_pipeline.py
[2025-07-03T05:42:23.211+0000] {processor.py:925} INFO - DAG(s) 'extract_raw_data_pipeline' retrieved from /opt/airflow/dags/driven_data_pipeline.py
[2025-07-03T05:42:23.254+0000] {logging_mixin.py:190} INFO - [2025-07-03T05:42:23.253+0000] {dag.py:3239} INFO - Sync 1 DAGs
[2025-07-03T05:42:23.286+0000] {logging_mixin.py:190} INFO - [2025-07-03T05:42:23.286+0000] {dag.py:4180} INFO - Setting next_dagrun for extract_raw_data_pipeline to 2025-07-02 07:59:00+00:00, run_after=2025-07-03 07:00:00+00:00
[2025-07-03T05:42:23.315+0000] {processor.py:208} INFO - Processing /opt/airflow/dags/driven_data_pipeline.py took 0.514 seconds
[2025-07-03T05:42:53.829+0000] {processor.py:186} INFO - Started process (PID=607) to work on /opt/airflow/dags/driven_data_pipeline.py
[2025-07-03T05:42:53.831+0000] {processor.py:914} INFO - Processing file /opt/airflow/dags/driven_data_pipeline.py for tasks to queue
[2025-07-03T05:42:53.839+0000] {logging_mixin.py:190} INFO - [2025-07-03T05:42:53.838+0000] {dagbag.py:588} INFO - Filling up the DagBag from /opt/airflow/dags/driven_data_pipeline.py
[2025-07-03T05:42:54.425+0000] {processor.py:925} INFO - DAG(s) 'extract_raw_data_pipeline' retrieved from /opt/airflow/dags/driven_data_pipeline.py
[2025-07-03T05:42:54.481+0000] {logging_mixin.py:190} INFO - [2025-07-03T05:42:54.481+0000] {dag.py:3239} INFO - Sync 1 DAGs
[2025-07-03T05:42:54.531+0000] {logging_mixin.py:190} INFO - [2025-07-03T05:42:54.530+0000] {dag.py:4180} INFO - Setting next_dagrun for extract_raw_data_pipeline to 2025-07-02 07:59:00+00:00, run_after=2025-07-03 07:00:00+00:00
[2025-07-03T05:42:54.566+0000] {processor.py:208} INFO - Processing /opt/airflow/dags/driven_data_pipeline.py took 0.754 seconds
[2025-07-03T05:43:25.069+0000] {processor.py:186} INFO - Started process (PID=615) to work on /opt/airflow/dags/driven_data_pipeline.py
[2025-07-03T05:43:25.071+0000] {processor.py:914} INFO - Processing file /opt/airflow/dags/driven_data_pipeline.py for tasks to queue
[2025-07-03T05:43:25.076+0000] {logging_mixin.py:190} INFO - [2025-07-03T05:43:25.075+0000] {dagbag.py:588} INFO - Filling up the DagBag from /opt/airflow/dags/driven_data_pipeline.py
[2025-07-03T05:43:25.627+0000] {processor.py:925} INFO - DAG(s) 'extract_raw_data_pipeline' retrieved from /opt/airflow/dags/driven_data_pipeline.py
[2025-07-03T05:43:25.670+0000] {logging_mixin.py:190} INFO - [2025-07-03T05:43:25.670+0000] {dag.py:3239} INFO - Sync 1 DAGs
[2025-07-03T05:43:25.706+0000] {logging_mixin.py:190} INFO - [2025-07-03T05:43:25.705+0000] {dag.py:4180} INFO - Setting next_dagrun for extract_raw_data_pipeline to 2025-07-02 07:59:00+00:00, run_after=2025-07-03 07:00:00+00:00
[2025-07-03T05:43:25.733+0000] {processor.py:208} INFO - Processing /opt/airflow/dags/driven_data_pipeline.py took 0.673 seconds
[2025-07-03T05:43:56.443+0000] {processor.py:186} INFO - Started process (PID=623) to work on /opt/airflow/dags/driven_data_pipeline.py
[2025-07-03T05:43:56.446+0000] {processor.py:914} INFO - Processing file /opt/airflow/dags/driven_data_pipeline.py for tasks to queue
[2025-07-03T05:43:56.452+0000] {logging_mixin.py:190} INFO - [2025-07-03T05:43:56.450+0000] {dagbag.py:588} INFO - Filling up the DagBag from /opt/airflow/dags/driven_data_pipeline.py
[2025-07-03T05:43:56.940+0000] {processor.py:925} INFO - DAG(s) 'extract_raw_data_pipeline' retrieved from /opt/airflow/dags/driven_data_pipeline.py
[2025-07-03T05:43:56.986+0000] {logging_mixin.py:190} INFO - [2025-07-03T05:43:56.985+0000] {dag.py:3239} INFO - Sync 1 DAGs
[2025-07-03T05:43:57.024+0000] {logging_mixin.py:190} INFO - [2025-07-03T05:43:57.024+0000] {dag.py:4180} INFO - Setting next_dagrun for extract_raw_data_pipeline to 2025-07-02 07:59:00+00:00, run_after=2025-07-03 07:00:00+00:00
[2025-07-03T05:43:57.058+0000] {processor.py:208} INFO - Processing /opt/airflow/dags/driven_data_pipeline.py took 0.630 seconds
[2025-07-03T05:44:27.567+0000] {processor.py:186} INFO - Started process (PID=631) to work on /opt/airflow/dags/driven_data_pipeline.py
[2025-07-03T05:44:27.569+0000] {processor.py:914} INFO - Processing file /opt/airflow/dags/driven_data_pipeline.py for tasks to queue
[2025-07-03T05:44:27.574+0000] {logging_mixin.py:190} INFO - [2025-07-03T05:44:27.573+0000] {dagbag.py:588} INFO - Filling up the DagBag from /opt/airflow/dags/driven_data_pipeline.py
[2025-07-03T05:44:28.067+0000] {processor.py:925} INFO - DAG(s) 'extract_raw_data_pipeline' retrieved from /opt/airflow/dags/driven_data_pipeline.py
[2025-07-03T05:44:28.113+0000] {logging_mixin.py:190} INFO - [2025-07-03T05:44:28.112+0000] {dag.py:3239} INFO - Sync 1 DAGs
[2025-07-03T05:44:28.153+0000] {logging_mixin.py:190} INFO - [2025-07-03T05:44:28.153+0000] {dag.py:4180} INFO - Setting next_dagrun for extract_raw_data_pipeline to 2025-07-02 07:59:00+00:00, run_after=2025-07-03 07:00:00+00:00
[2025-07-03T05:44:28.181+0000] {processor.py:208} INFO - Processing /opt/airflow/dags/driven_data_pipeline.py took 0.627 seconds
[2025-07-03T05:44:59.009+0000] {processor.py:186} INFO - Started process (PID=639) to work on /opt/airflow/dags/driven_data_pipeline.py
[2025-07-03T05:44:59.011+0000] {processor.py:914} INFO - Processing file /opt/airflow/dags/driven_data_pipeline.py for tasks to queue
[2025-07-03T05:44:59.016+0000] {logging_mixin.py:190} INFO - [2025-07-03T05:44:59.016+0000] {dagbag.py:588} INFO - Filling up the DagBag from /opt/airflow/dags/driven_data_pipeline.py
[2025-07-03T05:44:59.527+0000] {processor.py:925} INFO - DAG(s) 'extract_raw_data_pipeline' retrieved from /opt/airflow/dags/driven_data_pipeline.py
[2025-07-03T05:44:59.580+0000] {logging_mixin.py:190} INFO - [2025-07-03T05:44:59.579+0000] {dag.py:3239} INFO - Sync 1 DAGs
[2025-07-03T05:44:59.618+0000] {logging_mixin.py:190} INFO - [2025-07-03T05:44:59.618+0000] {dag.py:4180} INFO - Setting next_dagrun for extract_raw_data_pipeline to 2025-07-02 07:59:00+00:00, run_after=2025-07-03 07:00:00+00:00
[2025-07-03T05:44:59.651+0000] {processor.py:208} INFO - Processing /opt/airflow/dags/driven_data_pipeline.py took 0.660 seconds
