[2025-07-02T01:29:34.722+0000] {processor.py:186} INFO - Started process (PID=72) to work on /opt/airflow/dags/driven_data_pipeline.py
[2025-07-02T01:29:34.730+0000] {processor.py:914} INFO - Processing file /opt/airflow/dags/driven_data_pipeline.py for tasks to queue
[2025-07-02T01:29:34.757+0000] {logging_mixin.py:190} INFO - [2025-07-02T01:29:34.756+0000] {dagbag.py:588} INFO - Filling up the DagBag from /opt/airflow/dags/driven_data_pipeline.py
[2025-07-02T01:29:34.955+0000] {logging_mixin.py:190} INFO - [2025-07-02T01:29:34.933+0000] {dagbag.py:387} ERROR - Failed to import: /opt/airflow/dags/driven_data_pipeline.py
Traceback (most recent call last):
  File "/home/airflow/.local/lib/python3.12/site-packages/airflow/models/dagbag.py", line 383, in parse
    loader.exec_module(new_module)
  File "<frozen importlib._bootstrap_external>", line 995, in exec_module
  File "<frozen importlib._bootstrap>", line 488, in _call_with_frames_removed
  File "/opt/airflow/dags/driven_data_pipeline.py", line 11, in <module>
    import polars as pl
ModuleNotFoundError: No module named 'polars'
[2025-07-02T01:29:34.967+0000] {processor.py:927} WARNING - No viable dags retrieved from /opt/airflow/dags/driven_data_pipeline.py
[2025-07-02T01:29:35.124+0000] {processor.py:208} INFO - Processing /opt/airflow/dags/driven_data_pipeline.py took 0.449 seconds
[2025-07-02T01:30:05.578+0000] {processor.py:186} INFO - Started process (PID=79) to work on /opt/airflow/dags/driven_data_pipeline.py
[2025-07-02T01:30:05.585+0000] {processor.py:914} INFO - Processing file /opt/airflow/dags/driven_data_pipeline.py for tasks to queue
[2025-07-02T01:30:05.608+0000] {logging_mixin.py:190} INFO - [2025-07-02T01:30:05.603+0000] {dagbag.py:588} INFO - Filling up the DagBag from /opt/airflow/dags/driven_data_pipeline.py
[2025-07-02T01:30:05.762+0000] {logging_mixin.py:190} INFO - [2025-07-02T01:30:05.730+0000] {dagbag.py:387} ERROR - Failed to import: /opt/airflow/dags/driven_data_pipeline.py
Traceback (most recent call last):
  File "/home/airflow/.local/lib/python3.12/site-packages/airflow/models/dagbag.py", line 383, in parse
    loader.exec_module(new_module)
  File "<frozen importlib._bootstrap_external>", line 995, in exec_module
  File "<frozen importlib._bootstrap>", line 488, in _call_with_frames_removed
  File "/opt/airflow/dags/driven_data_pipeline.py", line 11, in <module>
    import polars as pl
ModuleNotFoundError: No module named 'polars'
[2025-07-02T01:30:05.779+0000] {processor.py:927} WARNING - No viable dags retrieved from /opt/airflow/dags/driven_data_pipeline.py
[2025-07-02T01:30:05.959+0000] {processor.py:208} INFO - Processing /opt/airflow/dags/driven_data_pipeline.py took 0.407 seconds
[2025-07-02T01:30:36.350+0000] {processor.py:186} INFO - Started process (PID=86) to work on /opt/airflow/dags/driven_data_pipeline.py
[2025-07-02T01:30:36.354+0000] {processor.py:914} INFO - Processing file /opt/airflow/dags/driven_data_pipeline.py for tasks to queue
[2025-07-02T01:30:36.367+0000] {logging_mixin.py:190} INFO - [2025-07-02T01:30:36.363+0000] {dagbag.py:588} INFO - Filling up the DagBag from /opt/airflow/dags/driven_data_pipeline.py
[2025-07-02T01:30:36.533+0000] {logging_mixin.py:190} INFO - [2025-07-02T01:30:36.502+0000] {dagbag.py:387} ERROR - Failed to import: /opt/airflow/dags/driven_data_pipeline.py
Traceback (most recent call last):
  File "/home/airflow/.local/lib/python3.12/site-packages/airflow/models/dagbag.py", line 383, in parse
    loader.exec_module(new_module)
  File "<frozen importlib._bootstrap_external>", line 995, in exec_module
  File "<frozen importlib._bootstrap>", line 488, in _call_with_frames_removed
  File "/opt/airflow/dags/driven_data_pipeline.py", line 11, in <module>
    import polars as pl
ModuleNotFoundError: No module named 'polars'
[2025-07-02T01:30:36.543+0000] {processor.py:927} WARNING - No viable dags retrieved from /opt/airflow/dags/driven_data_pipeline.py
[2025-07-02T01:30:36.772+0000] {processor.py:208} INFO - Processing /opt/airflow/dags/driven_data_pipeline.py took 0.455 seconds
[2025-07-02T01:34:41.495+0000] {processor.py:186} INFO - Started process (PID=93) to work on /opt/airflow/dags/driven_data_pipeline.py
[2025-07-02T01:34:59.444+0000] {processor.py:914} INFO - Processing file /opt/airflow/dags/driven_data_pipeline.py for tasks to queue
[2025-07-02T01:35:00.315+0000] {logging_mixin.py:190} INFO - [2025-07-02T01:35:00.259+0000] {dagbag.py:588} INFO - Filling up the DagBag from /opt/airflow/dags/driven_data_pipeline.py
[2025-07-02T01:35:03.818+0000] {logging_mixin.py:190} INFO - [2025-07-02T01:35:02.781+0000] {dagbag.py:387} ERROR - Failed to import: /opt/airflow/dags/driven_data_pipeline.py
Traceback (most recent call last):
  File "/home/airflow/.local/lib/python3.12/site-packages/airflow/models/dagbag.py", line 383, in parse
    loader.exec_module(new_module)
  File "<frozen importlib._bootstrap_external>", line 995, in exec_module
  File "<frozen importlib._bootstrap>", line 488, in _call_with_frames_removed
  File "/opt/airflow/dags/driven_data_pipeline.py", line 11, in <module>
    import polars as pl
ModuleNotFoundError: No module named 'polars'
[2025-07-02T01:35:04.233+0000] {processor.py:927} WARNING - No viable dags retrieved from /opt/airflow/dags/driven_data_pipeline.py
[2025-07-02T01:35:15.375+0000] {processor.py:211} ERROR - Got an exception! Propagating...
Traceback (most recent call last):
  File "/home/airflow/.local/lib/python3.12/site-packages/sqlalchemy/engine/base.py", line 3371, in _wrap_pool_connect
    return fn()
           ^^^^
  File "/home/airflow/.local/lib/python3.12/site-packages/sqlalchemy/pool/base.py", line 327, in connect
    return _ConnectionFairy._checkout(self)
           ^^^^^^^^^^^^^^^^^^^^^^^^^^^^^^^^
  File "/home/airflow/.local/lib/python3.12/site-packages/sqlalchemy/pool/base.py", line 894, in _checkout
    fairy = _ConnectionRecord.checkout(pool)
            ^^^^^^^^^^^^^^^^^^^^^^^^^^^^^^^^
  File "/home/airflow/.local/lib/python3.12/site-packages/sqlalchemy/pool/base.py", line 493, in checkout
    rec = pool._do_get()
          ^^^^^^^^^^^^^^
  File "/home/airflow/.local/lib/python3.12/site-packages/sqlalchemy/pool/impl.py", line 145, in _do_get
    with util.safe_reraise():
         ^^^^^^^^^^^^^^^^^^^
  File "/home/airflow/.local/lib/python3.12/site-packages/sqlalchemy/util/langhelpers.py", line 70, in __exit__
    compat.raise_(
  File "/home/airflow/.local/lib/python3.12/site-packages/sqlalchemy/util/compat.py", line 211, in raise_
    raise exception
  File "/home/airflow/.local/lib/python3.12/site-packages/sqlalchemy/pool/impl.py", line 143, in _do_get
    return self._create_connection()
           ^^^^^^^^^^^^^^^^^^^^^^^^^
  File "/home/airflow/.local/lib/python3.12/site-packages/sqlalchemy/pool/base.py", line 273, in _create_connection
    return _ConnectionRecord(self)
           ^^^^^^^^^^^^^^^^^^^^^^^
  File "/home/airflow/.local/lib/python3.12/site-packages/sqlalchemy/pool/base.py", line 388, in __init__
    self.__connect()
  File "/home/airflow/.local/lib/python3.12/site-packages/sqlalchemy/pool/base.py", line 690, in __connect
    with util.safe_reraise():
         ^^^^^^^^^^^^^^^^^^^
  File "/home/airflow/.local/lib/python3.12/site-packages/sqlalchemy/util/langhelpers.py", line 70, in __exit__
    compat.raise_(
  File "/home/airflow/.local/lib/python3.12/site-packages/sqlalchemy/util/compat.py", line 211, in raise_
    raise exception
  File "/home/airflow/.local/lib/python3.12/site-packages/sqlalchemy/pool/base.py", line 686, in __connect
    self.dbapi_connection = connection = pool._invoke_creator(self)
                                         ^^^^^^^^^^^^^^^^^^^^^^^^^^
  File "/home/airflow/.local/lib/python3.12/site-packages/sqlalchemy/engine/create.py", line 574, in connect
    return dialect.connect(*cargs, **cparams)
           ^^^^^^^^^^^^^^^^^^^^^^^^^^^^^^^^^^
  File "/home/airflow/.local/lib/python3.12/site-packages/sqlalchemy/engine/default.py", line 598, in connect
    return self.dbapi.connect(*cargs, **cparams)
           ^^^^^^^^^^^^^^^^^^^^^^^^^^^^^^^^^^^^^
  File "/home/airflow/.local/lib/python3.12/site-packages/psycopg2/__init__.py", line 122, in connect
    conn = _connect(dsn, connection_factory=connection_factory, **kwasync)
           ^^^^^^^^^^^^^^^^^^^^^^^^^^^^^^^^^^^^^^^^^^^^^^^^^^^^^^^^^^^^^^^
psycopg2.OperationalError: could not translate host name "postgres" to address: Temporary failure in name resolution


The above exception was the direct cause of the following exception:

Traceback (most recent call last):
  File "/home/airflow/.local/lib/python3.12/site-packages/airflow/dag_processing/processor.py", line 207, in _run_file_processor
    _handle_dag_file_processing()
  File "/home/airflow/.local/lib/python3.12/site-packages/airflow/dag_processing/processor.py", line 188, in _handle_dag_file_processing
    result: tuple[int, int, int] = dag_file_processor.process_file(
                                   ^^^^^^^^^^^^^^^^^^^^^^^^^^^^^^^^
  File "/home/airflow/.local/lib/python3.12/site-packages/airflow/utils/session.py", line 97, in wrapper
    return func(*args, session=session, **kwargs)
           ^^^^^^^^^^^^^^^^^^^^^^^^^^^^^^^^^^^^^^
  File "/home/airflow/.local/lib/python3.12/site-packages/airflow/dag_processing/processor.py", line 928, in process_file
    DagFileProcessor.update_import_errors(
  File "/home/airflow/.local/lib/python3.12/site-packages/airflow/api_internal/internal_api_call.py", line 139, in wrapper
    return func(*args, **kwargs)
           ^^^^^^^^^^^^^^^^^^^^^
  File "/home/airflow/.local/lib/python3.12/site-packages/airflow/utils/session.py", line 97, in wrapper
    return func(*args, session=session, **kwargs)
           ^^^^^^^^^^^^^^^^^^^^^^^^^^^^^^^^^^^^^^
  File "/home/airflow/.local/lib/python3.12/site-packages/airflow/dag_processing/processor.py", line 648, in update_import_errors
    existing_import_error_files = [x.filename for x in session.query(ParseImportError.filename).all()]
                                                       ^^^^^^^^^^^^^^^^^^^^^^^^^^^^^^^^^^^^^^^^^^^^^^
  File "/home/airflow/.local/lib/python3.12/site-packages/sqlalchemy/orm/query.py", line 2773, in all
    return self._iter().all()
           ^^^^^^^^^^^^
  File "/home/airflow/.local/lib/python3.12/site-packages/sqlalchemy/orm/query.py", line 2916, in _iter
    result = self.session.execute(
             ^^^^^^^^^^^^^^^^^^^^^
  File "/home/airflow/.local/lib/python3.12/site-packages/sqlalchemy/orm/session.py", line 1716, in execute
    conn = self._connection_for_bind(bind)
           ^^^^^^^^^^^^^^^^^^^^^^^^^^^^^^^
  File "/home/airflow/.local/lib/python3.12/site-packages/sqlalchemy/orm/session.py", line 1555, in _connection_for_bind
    return self._transaction._connection_for_bind(
           ^^^^^^^^^^^^^^^^^^^^^^^^^^^^^^^^^^^^^^^
  File "/home/airflow/.local/lib/python3.12/site-packages/sqlalchemy/orm/session.py", line 750, in _connection_for_bind
    conn = bind.connect()
           ^^^^^^^^^^^^^^
  File "/home/airflow/.local/lib/python3.12/site-packages/sqlalchemy/future/engine.py", line 412, in connect
    return super(Engine, self).connect()
           ^^^^^^^^^^^^^^^^^^^^^^^^^^^^^
  File "/home/airflow/.local/lib/python3.12/site-packages/sqlalchemy/engine/base.py", line 3325, in connect
    return self._connection_cls(self, close_with_result=close_with_result)
           ^^^^^^^^^^^^^^^^^^^^^^^^^^^^^^^^^^^^^^^^^^^^^^^^^^^^^^^^^^^^^^^
  File "/home/airflow/.local/lib/python3.12/site-packages/sqlalchemy/engine/base.py", line 96, in __init__
    else engine.raw_connection()
         ^^^^^^^^^^^^^^^^^^^^^^^
  File "/home/airflow/.local/lib/python3.12/site-packages/sqlalchemy/engine/base.py", line 3404, in raw_connection
    return self._wrap_pool_connect(self.pool.connect, _connection)
           ^^^^^^^^^^^^^^^^^^^^^^^^^^^^^^^^^^^^^^^^^^^^^^^^^^^^^^^
  File "/home/airflow/.local/lib/python3.12/site-packages/sqlalchemy/engine/base.py", line 3374, in _wrap_pool_connect
    Connection._handle_dbapi_exception_noconnection(
  File "/home/airflow/.local/lib/python3.12/site-packages/sqlalchemy/engine/base.py", line 2208, in _handle_dbapi_exception_noconnection
    util.raise_(
  File "/home/airflow/.local/lib/python3.12/site-packages/sqlalchemy/util/compat.py", line 211, in raise_
    raise exception
  File "/home/airflow/.local/lib/python3.12/site-packages/sqlalchemy/engine/base.py", line 3371, in _wrap_pool_connect
    return fn()
           ^^^^
  File "/home/airflow/.local/lib/python3.12/site-packages/sqlalchemy/pool/base.py", line 327, in connect
    return _ConnectionFairy._checkout(self)
           ^^^^^^^^^^^^^^^^^^^^^^^^^^^^^^^^
  File "/home/airflow/.local/lib/python3.12/site-packages/sqlalchemy/pool/base.py", line 894, in _checkout
    fairy = _ConnectionRecord.checkout(pool)
            ^^^^^^^^^^^^^^^^^^^^^^^^^^^^^^^^
  File "/home/airflow/.local/lib/python3.12/site-packages/sqlalchemy/pool/base.py", line 493, in checkout
    rec = pool._do_get()
          ^^^^^^^^^^^^^^
  File "/home/airflow/.local/lib/python3.12/site-packages/sqlalchemy/pool/impl.py", line 145, in _do_get
    with util.safe_reraise():
         ^^^^^^^^^^^^^^^^^^^
  File "/home/airflow/.local/lib/python3.12/site-packages/sqlalchemy/util/langhelpers.py", line 70, in __exit__
    compat.raise_(
  File "/home/airflow/.local/lib/python3.12/site-packages/sqlalchemy/util/compat.py", line 211, in raise_
    raise exception
  File "/home/airflow/.local/lib/python3.12/site-packages/sqlalchemy/pool/impl.py", line 143, in _do_get
    return self._create_connection()
           ^^^^^^^^^^^^^^^^^^^^^^^^^
  File "/home/airflow/.local/lib/python3.12/site-packages/sqlalchemy/pool/base.py", line 273, in _create_connection
    return _ConnectionRecord(self)
           ^^^^^^^^^^^^^^^^^^^^^^^
  File "/home/airflow/.local/lib/python3.12/site-packages/sqlalchemy/pool/base.py", line 388, in __init__
    self.__connect()
  File "/home/airflow/.local/lib/python3.12/site-packages/sqlalchemy/pool/base.py", line 690, in __connect
    with util.safe_reraise():
         ^^^^^^^^^^^^^^^^^^^
  File "/home/airflow/.local/lib/python3.12/site-packages/sqlalchemy/util/langhelpers.py", line 70, in __exit__
    compat.raise_(
  File "/home/airflow/.local/lib/python3.12/site-packages/sqlalchemy/util/compat.py", line 211, in raise_
    raise exception
  File "/home/airflow/.local/lib/python3.12/site-packages/sqlalchemy/pool/base.py", line 686, in __connect
    self.dbapi_connection = connection = pool._invoke_creator(self)
                                         ^^^^^^^^^^^^^^^^^^^^^^^^^^
  File "/home/airflow/.local/lib/python3.12/site-packages/sqlalchemy/engine/create.py", line 574, in connect
    return dialect.connect(*cargs, **cparams)
           ^^^^^^^^^^^^^^^^^^^^^^^^^^^^^^^^^^
  File "/home/airflow/.local/lib/python3.12/site-packages/sqlalchemy/engine/default.py", line 598, in connect
    return self.dbapi.connect(*cargs, **cparams)
           ^^^^^^^^^^^^^^^^^^^^^^^^^^^^^^^^^^^^^
  File "/home/airflow/.local/lib/python3.12/site-packages/psycopg2/__init__.py", line 122, in connect
    conn = _connect(dsn, connection_factory=connection_factory, **kwasync)
           ^^^^^^^^^^^^^^^^^^^^^^^^^^^^^^^^^^^^^^^^^^^^^^^^^^^^^^^^^^^^^^^
sqlalchemy.exc.OperationalError: (psycopg2.OperationalError) could not translate host name "postgres" to address: Temporary failure in name resolution

(Background on this error at: https://sqlalche.me/e/14/e3q8)
[2025-07-02T01:35:49.575+0000] {processor.py:186} INFO - Started process (PID=94) to work on /opt/airflow/dags/driven_data_pipeline.py
[2025-07-02T01:35:49.579+0000] {processor.py:914} INFO - Processing file /opt/airflow/dags/driven_data_pipeline.py for tasks to queue
[2025-07-02T01:35:49.592+0000] {logging_mixin.py:190} INFO - [2025-07-02T01:35:49.585+0000] {dagbag.py:588} INFO - Filling up the DagBag from /opt/airflow/dags/driven_data_pipeline.py
[2025-07-02T01:35:49.718+0000] {logging_mixin.py:190} INFO - [2025-07-02T01:35:49.704+0000] {dagbag.py:387} ERROR - Failed to import: /opt/airflow/dags/driven_data_pipeline.py
Traceback (most recent call last):
  File "/home/airflow/.local/lib/python3.12/site-packages/airflow/models/dagbag.py", line 383, in parse
    loader.exec_module(new_module)
  File "<frozen importlib._bootstrap_external>", line 995, in exec_module
  File "<frozen importlib._bootstrap>", line 488, in _call_with_frames_removed
  File "/opt/airflow/dags/driven_data_pipeline.py", line 11, in <module>
    import polars as pl
ModuleNotFoundError: No module named 'polars'
[2025-07-02T01:35:49.727+0000] {processor.py:927} WARNING - No viable dags retrieved from /opt/airflow/dags/driven_data_pipeline.py
[2025-07-02T01:35:50.014+0000] {processor.py:208} INFO - Processing /opt/airflow/dags/driven_data_pipeline.py took 0.465 seconds
[2025-07-02T01:39:31.013+0000] {processor.py:186} INFO - Started process (PID=101) to work on /opt/airflow/dags/driven_data_pipeline.py
[2025-07-02T01:39:31.948+0000] {processor.py:914} INFO - Processing file /opt/airflow/dags/driven_data_pipeline.py for tasks to queue
[2025-07-02T01:39:34.282+0000] {logging_mixin.py:190} INFO - [2025-07-02T01:39:32.968+0000] {dagbag.py:588} INFO - Filling up the DagBag from /opt/airflow/dags/driven_data_pipeline.py
[2025-07-02T01:40:07.874+0000] {processor.py:186} INFO - Started process (PID=108) to work on /opt/airflow/dags/driven_data_pipeline.py
[2025-07-02T01:40:07.884+0000] {processor.py:914} INFO - Processing file /opt/airflow/dags/driven_data_pipeline.py for tasks to queue
[2025-07-02T01:40:07.903+0000] {logging_mixin.py:190} INFO - [2025-07-02T01:40:07.894+0000] {dagbag.py:588} INFO - Filling up the DagBag from /opt/airflow/dags/driven_data_pipeline.py
[2025-07-02T01:40:08.052+0000] {logging_mixin.py:190} INFO - [2025-07-02T01:40:08.021+0000] {dagbag.py:387} ERROR - Failed to import: /opt/airflow/dags/driven_data_pipeline.py
Traceback (most recent call last):
  File "/home/airflow/.local/lib/python3.12/site-packages/airflow/models/dagbag.py", line 383, in parse
    loader.exec_module(new_module)
  File "<frozen importlib._bootstrap_external>", line 995, in exec_module
  File "<frozen importlib._bootstrap>", line 488, in _call_with_frames_removed
  File "/opt/airflow/dags/driven_data_pipeline.py", line 11, in <module>
    import polars as pl
ModuleNotFoundError: No module named 'polars'
[2025-07-02T01:40:08.056+0000] {processor.py:927} WARNING - No viable dags retrieved from /opt/airflow/dags/driven_data_pipeline.py
[2025-07-02T01:40:08.379+0000] {processor.py:208} INFO - Processing /opt/airflow/dags/driven_data_pipeline.py took 0.536 seconds
[2025-07-02T01:40:38.962+0000] {processor.py:186} INFO - Started process (PID=115) to work on /opt/airflow/dags/driven_data_pipeline.py
[2025-07-02T01:40:39.190+0000] {processor.py:914} INFO - Processing file /opt/airflow/dags/driven_data_pipeline.py for tasks to queue
[2025-07-02T01:40:39.846+0000] {logging_mixin.py:190} INFO - [2025-07-02T01:40:39.511+0000] {dagbag.py:588} INFO - Filling up the DagBag from /opt/airflow/dags/driven_data_pipeline.py
[2025-07-02T01:40:41.418+0000] {logging_mixin.py:190} INFO - [2025-07-02T01:40:41.257+0000] {dagbag.py:387} ERROR - Failed to import: /opt/airflow/dags/driven_data_pipeline.py
Traceback (most recent call last):
  File "/home/airflow/.local/lib/python3.12/site-packages/airflow/models/dagbag.py", line 383, in parse
    loader.exec_module(new_module)
  File "<frozen importlib._bootstrap_external>", line 995, in exec_module
  File "<frozen importlib._bootstrap>", line 488, in _call_with_frames_removed
  File "/opt/airflow/dags/driven_data_pipeline.py", line 11, in <module>
    import polars as pl
ModuleNotFoundError: No module named 'polars'
[2025-07-02T01:40:41.445+0000] {processor.py:927} WARNING - No viable dags retrieved from /opt/airflow/dags/driven_data_pipeline.py
[2025-07-02T01:40:41.823+0000] {processor.py:208} INFO - Processing /opt/airflow/dags/driven_data_pipeline.py took 3.076 seconds
[2025-07-02T01:41:12.599+0000] {processor.py:186} INFO - Started process (PID=122) to work on /opt/airflow/dags/driven_data_pipeline.py
[2025-07-02T01:41:12.606+0000] {processor.py:914} INFO - Processing file /opt/airflow/dags/driven_data_pipeline.py for tasks to queue
[2025-07-02T01:41:12.642+0000] {logging_mixin.py:190} INFO - [2025-07-02T01:41:12.634+0000] {dagbag.py:588} INFO - Filling up the DagBag from /opt/airflow/dags/driven_data_pipeline.py
[2025-07-02T01:41:13.794+0000] {logging_mixin.py:190} INFO - [2025-07-02T01:41:13.325+0000] {dagbag.py:387} ERROR - Failed to import: /opt/airflow/dags/driven_data_pipeline.py
Traceback (most recent call last):
  File "/home/airflow/.local/lib/python3.12/site-packages/airflow/models/dagbag.py", line 383, in parse
    loader.exec_module(new_module)
  File "<frozen importlib._bootstrap_external>", line 995, in exec_module
  File "<frozen importlib._bootstrap>", line 488, in _call_with_frames_removed
  File "/opt/airflow/dags/driven_data_pipeline.py", line 11, in <module>
    import polars as pl
ModuleNotFoundError: No module named 'polars'
[2025-07-02T01:41:14.083+0000] {processor.py:927} WARNING - No viable dags retrieved from /opt/airflow/dags/driven_data_pipeline.py
[2025-07-02T01:41:25.889+0000] {processor.py:211} ERROR - Got an exception! Propagating...
Traceback (most recent call last):
  File "/home/airflow/.local/lib/python3.12/site-packages/sqlalchemy/engine/base.py", line 3371, in _wrap_pool_connect
    return fn()
           ^^^^
  File "/home/airflow/.local/lib/python3.12/site-packages/sqlalchemy/pool/base.py", line 327, in connect
    return _ConnectionFairy._checkout(self)
           ^^^^^^^^^^^^^^^^^^^^^^^^^^^^^^^^
  File "/home/airflow/.local/lib/python3.12/site-packages/sqlalchemy/pool/base.py", line 894, in _checkout
    fairy = _ConnectionRecord.checkout(pool)
            ^^^^^^^^^^^^^^^^^^^^^^^^^^^^^^^^
  File "/home/airflow/.local/lib/python3.12/site-packages/sqlalchemy/pool/base.py", line 493, in checkout
    rec = pool._do_get()
          ^^^^^^^^^^^^^^
  File "/home/airflow/.local/lib/python3.12/site-packages/sqlalchemy/pool/impl.py", line 145, in _do_get
    with util.safe_reraise():
         ^^^^^^^^^^^^^^^^^^^
  File "/home/airflow/.local/lib/python3.12/site-packages/sqlalchemy/util/langhelpers.py", line 70, in __exit__
    compat.raise_(
  File "/home/airflow/.local/lib/python3.12/site-packages/sqlalchemy/util/compat.py", line 211, in raise_
    raise exception
  File "/home/airflow/.local/lib/python3.12/site-packages/sqlalchemy/pool/impl.py", line 143, in _do_get
    return self._create_connection()
           ^^^^^^^^^^^^^^^^^^^^^^^^^
  File "/home/airflow/.local/lib/python3.12/site-packages/sqlalchemy/pool/base.py", line 273, in _create_connection
    return _ConnectionRecord(self)
           ^^^^^^^^^^^^^^^^^^^^^^^
  File "/home/airflow/.local/lib/python3.12/site-packages/sqlalchemy/pool/base.py", line 388, in __init__
    self.__connect()
  File "/home/airflow/.local/lib/python3.12/site-packages/sqlalchemy/pool/base.py", line 690, in __connect
    with util.safe_reraise():
         ^^^^^^^^^^^^^^^^^^^
  File "/home/airflow/.local/lib/python3.12/site-packages/sqlalchemy/util/langhelpers.py", line 70, in __exit__
    compat.raise_(
  File "/home/airflow/.local/lib/python3.12/site-packages/sqlalchemy/util/compat.py", line 211, in raise_
    raise exception
  File "/home/airflow/.local/lib/python3.12/site-packages/sqlalchemy/pool/base.py", line 686, in __connect
    self.dbapi_connection = connection = pool._invoke_creator(self)
                                         ^^^^^^^^^^^^^^^^^^^^^^^^^^
  File "/home/airflow/.local/lib/python3.12/site-packages/sqlalchemy/engine/create.py", line 574, in connect
    return dialect.connect(*cargs, **cparams)
           ^^^^^^^^^^^^^^^^^^^^^^^^^^^^^^^^^^
  File "/home/airflow/.local/lib/python3.12/site-packages/sqlalchemy/engine/default.py", line 598, in connect
    return self.dbapi.connect(*cargs, **cparams)
           ^^^^^^^^^^^^^^^^^^^^^^^^^^^^^^^^^^^^^
  File "/home/airflow/.local/lib/python3.12/site-packages/psycopg2/__init__.py", line 122, in connect
    conn = _connect(dsn, connection_factory=connection_factory, **kwasync)
           ^^^^^^^^^^^^^^^^^^^^^^^^^^^^^^^^^^^^^^^^^^^^^^^^^^^^^^^^^^^^^^^
psycopg2.OperationalError: could not translate host name "postgres" to address: Temporary failure in name resolution


The above exception was the direct cause of the following exception:

Traceback (most recent call last):
  File "/home/airflow/.local/lib/python3.12/site-packages/airflow/dag_processing/processor.py", line 207, in _run_file_processor
    _handle_dag_file_processing()
  File "/home/airflow/.local/lib/python3.12/site-packages/airflow/dag_processing/processor.py", line 188, in _handle_dag_file_processing
    result: tuple[int, int, int] = dag_file_processor.process_file(
                                   ^^^^^^^^^^^^^^^^^^^^^^^^^^^^^^^^
  File "/home/airflow/.local/lib/python3.12/site-packages/airflow/utils/session.py", line 97, in wrapper
    return func(*args, session=session, **kwargs)
           ^^^^^^^^^^^^^^^^^^^^^^^^^^^^^^^^^^^^^^
  File "/home/airflow/.local/lib/python3.12/site-packages/airflow/dag_processing/processor.py", line 928, in process_file
    DagFileProcessor.update_import_errors(
  File "/home/airflow/.local/lib/python3.12/site-packages/airflow/api_internal/internal_api_call.py", line 139, in wrapper
    return func(*args, **kwargs)
           ^^^^^^^^^^^^^^^^^^^^^
  File "/home/airflow/.local/lib/python3.12/site-packages/airflow/utils/session.py", line 97, in wrapper
    return func(*args, session=session, **kwargs)
           ^^^^^^^^^^^^^^^^^^^^^^^^^^^^^^^^^^^^^^
  File "/home/airflow/.local/lib/python3.12/site-packages/airflow/dag_processing/processor.py", line 648, in update_import_errors
    existing_import_error_files = [x.filename for x in session.query(ParseImportError.filename).all()]
                                                       ^^^^^^^^^^^^^^^^^^^^^^^^^^^^^^^^^^^^^^^^^^^^^^
  File "/home/airflow/.local/lib/python3.12/site-packages/sqlalchemy/orm/query.py", line 2773, in all
    return self._iter().all()
           ^^^^^^^^^^^^
  File "/home/airflow/.local/lib/python3.12/site-packages/sqlalchemy/orm/query.py", line 2916, in _iter
    result = self.session.execute(
             ^^^^^^^^^^^^^^^^^^^^^
  File "/home/airflow/.local/lib/python3.12/site-packages/sqlalchemy/orm/session.py", line 1716, in execute
    conn = self._connection_for_bind(bind)
           ^^^^^^^^^^^^^^^^^^^^^^^^^^^^^^^
  File "/home/airflow/.local/lib/python3.12/site-packages/sqlalchemy/orm/session.py", line 1555, in _connection_for_bind
    return self._transaction._connection_for_bind(
           ^^^^^^^^^^^^^^^^^^^^^^^^^^^^^^^^^^^^^^^
  File "/home/airflow/.local/lib/python3.12/site-packages/sqlalchemy/orm/session.py", line 750, in _connection_for_bind
    conn = bind.connect()
           ^^^^^^^^^^^^^^
  File "/home/airflow/.local/lib/python3.12/site-packages/sqlalchemy/future/engine.py", line 412, in connect
    return super(Engine, self).connect()
           ^^^^^^^^^^^^^^^^^^^^^^^^^^^^^
  File "/home/airflow/.local/lib/python3.12/site-packages/sqlalchemy/engine/base.py", line 3325, in connect
    return self._connection_cls(self, close_with_result=close_with_result)
           ^^^^^^^^^^^^^^^^^^^^^^^^^^^^^^^^^^^^^^^^^^^^^^^^^^^^^^^^^^^^^^^
  File "/home/airflow/.local/lib/python3.12/site-packages/sqlalchemy/engine/base.py", line 96, in __init__
    else engine.raw_connection()
         ^^^^^^^^^^^^^^^^^^^^^^^
  File "/home/airflow/.local/lib/python3.12/site-packages/sqlalchemy/engine/base.py", line 3404, in raw_connection
    return self._wrap_pool_connect(self.pool.connect, _connection)
           ^^^^^^^^^^^^^^^^^^^^^^^^^^^^^^^^^^^^^^^^^^^^^^^^^^^^^^^
  File "/home/airflow/.local/lib/python3.12/site-packages/sqlalchemy/engine/base.py", line 3374, in _wrap_pool_connect
    Connection._handle_dbapi_exception_noconnection(
  File "/home/airflow/.local/lib/python3.12/site-packages/sqlalchemy/engine/base.py", line 2208, in _handle_dbapi_exception_noconnection
    util.raise_(
  File "/home/airflow/.local/lib/python3.12/site-packages/sqlalchemy/util/compat.py", line 211, in raise_
    raise exception
  File "/home/airflow/.local/lib/python3.12/site-packages/sqlalchemy/engine/base.py", line 3371, in _wrap_pool_connect
    return fn()
           ^^^^
  File "/home/airflow/.local/lib/python3.12/site-packages/sqlalchemy/pool/base.py", line 327, in connect
    return _ConnectionFairy._checkout(self)
           ^^^^^^^^^^^^^^^^^^^^^^^^^^^^^^^^
  File "/home/airflow/.local/lib/python3.12/site-packages/sqlalchemy/pool/base.py", line 894, in _checkout
    fairy = _ConnectionRecord.checkout(pool)
            ^^^^^^^^^^^^^^^^^^^^^^^^^^^^^^^^
  File "/home/airflow/.local/lib/python3.12/site-packages/sqlalchemy/pool/base.py", line 493, in checkout
    rec = pool._do_get()
          ^^^^^^^^^^^^^^
  File "/home/airflow/.local/lib/python3.12/site-packages/sqlalchemy/pool/impl.py", line 145, in _do_get
    with util.safe_reraise():
         ^^^^^^^^^^^^^^^^^^^
  File "/home/airflow/.local/lib/python3.12/site-packages/sqlalchemy/util/langhelpers.py", line 70, in __exit__
    compat.raise_(
  File "/home/airflow/.local/lib/python3.12/site-packages/sqlalchemy/util/compat.py", line 211, in raise_
    raise exception
  File "/home/airflow/.local/lib/python3.12/site-packages/sqlalchemy/pool/impl.py", line 143, in _do_get
    return self._create_connection()
           ^^^^^^^^^^^^^^^^^^^^^^^^^
  File "/home/airflow/.local/lib/python3.12/site-packages/sqlalchemy/pool/base.py", line 273, in _create_connection
    return _ConnectionRecord(self)
           ^^^^^^^^^^^^^^^^^^^^^^^
  File "/home/airflow/.local/lib/python3.12/site-packages/sqlalchemy/pool/base.py", line 388, in __init__
    self.__connect()
  File "/home/airflow/.local/lib/python3.12/site-packages/sqlalchemy/pool/base.py", line 690, in __connect
    with util.safe_reraise():
         ^^^^^^^^^^^^^^^^^^^
  File "/home/airflow/.local/lib/python3.12/site-packages/sqlalchemy/util/langhelpers.py", line 70, in __exit__
    compat.raise_(
  File "/home/airflow/.local/lib/python3.12/site-packages/sqlalchemy/util/compat.py", line 211, in raise_
    raise exception
  File "/home/airflow/.local/lib/python3.12/site-packages/sqlalchemy/pool/base.py", line 686, in __connect
    self.dbapi_connection = connection = pool._invoke_creator(self)
                                         ^^^^^^^^^^^^^^^^^^^^^^^^^^
  File "/home/airflow/.local/lib/python3.12/site-packages/sqlalchemy/engine/create.py", line 574, in connect
    return dialect.connect(*cargs, **cparams)
           ^^^^^^^^^^^^^^^^^^^^^^^^^^^^^^^^^^
  File "/home/airflow/.local/lib/python3.12/site-packages/sqlalchemy/engine/default.py", line 598, in connect
    return self.dbapi.connect(*cargs, **cparams)
           ^^^^^^^^^^^^^^^^^^^^^^^^^^^^^^^^^^^^^
  File "/home/airflow/.local/lib/python3.12/site-packages/psycopg2/__init__.py", line 122, in connect
    conn = _connect(dsn, connection_factory=connection_factory, **kwasync)
           ^^^^^^^^^^^^^^^^^^^^^^^^^^^^^^^^^^^^^^^^^^^^^^^^^^^^^^^^^^^^^^^
sqlalchemy.exc.OperationalError: (psycopg2.OperationalError) could not translate host name "postgres" to address: Temporary failure in name resolution

(Background on this error at: https://sqlalche.me/e/14/e3q8)
[2025-07-02T01:53:05.412+0000] {processor.py:186} INFO - Started process (PID=67) to work on /opt/airflow/dags/driven_data_pipeline.py
[2025-07-02T01:53:05.422+0000] {processor.py:914} INFO - Processing file /opt/airflow/dags/driven_data_pipeline.py for tasks to queue
[2025-07-02T01:53:05.427+0000] {logging_mixin.py:190} INFO - [2025-07-02T01:53:05.426+0000] {dagbag.py:588} INFO - Filling up the DagBag from /opt/airflow/dags/driven_data_pipeline.py
[2025-07-02T01:53:05.650+0000] {logging_mixin.py:190} INFO - [2025-07-02T01:53:05.622+0000] {dagbag.py:387} ERROR - Failed to import: /opt/airflow/dags/driven_data_pipeline.py
Traceback (most recent call last):
  File "/home/airflow/.local/lib/python3.12/site-packages/airflow/models/dagbag.py", line 383, in parse
    loader.exec_module(new_module)
  File "<frozen importlib._bootstrap_external>", line 995, in exec_module
  File "<frozen importlib._bootstrap>", line 488, in _call_with_frames_removed
  File "/opt/airflow/dags/driven_data_pipeline.py", line 11, in <module>
    import polars as pl
ModuleNotFoundError: No module named 'polars'
[2025-07-02T01:53:05.654+0000] {processor.py:927} WARNING - No viable dags retrieved from /opt/airflow/dags/driven_data_pipeline.py
[2025-07-02T01:53:05.726+0000] {processor.py:208} INFO - Processing /opt/airflow/dags/driven_data_pipeline.py took 0.342 seconds
[2025-07-02T01:53:36.374+0000] {processor.py:186} INFO - Started process (PID=74) to work on /opt/airflow/dags/driven_data_pipeline.py
[2025-07-02T01:53:36.384+0000] {processor.py:914} INFO - Processing file /opt/airflow/dags/driven_data_pipeline.py for tasks to queue
[2025-07-02T01:53:36.403+0000] {logging_mixin.py:190} INFO - [2025-07-02T01:53:36.392+0000] {dagbag.py:588} INFO - Filling up the DagBag from /opt/airflow/dags/driven_data_pipeline.py
[2025-07-02T01:53:36.563+0000] {logging_mixin.py:190} INFO - [2025-07-02T01:53:36.544+0000] {dagbag.py:387} ERROR - Failed to import: /opt/airflow/dags/driven_data_pipeline.py
Traceback (most recent call last):
  File "/home/airflow/.local/lib/python3.12/site-packages/airflow/models/dagbag.py", line 383, in parse
    loader.exec_module(new_module)
  File "<frozen importlib._bootstrap_external>", line 995, in exec_module
  File "<frozen importlib._bootstrap>", line 488, in _call_with_frames_removed
  File "/opt/airflow/dags/driven_data_pipeline.py", line 11, in <module>
    import polars as pl
ModuleNotFoundError: No module named 'polars'
[2025-07-02T01:53:36.570+0000] {processor.py:927} WARNING - No viable dags retrieved from /opt/airflow/dags/driven_data_pipeline.py
[2025-07-02T01:53:36.970+0000] {processor.py:208} INFO - Processing /opt/airflow/dags/driven_data_pipeline.py took 0.620 seconds
[2025-07-02T01:54:07.715+0000] {processor.py:186} INFO - Started process (PID=81) to work on /opt/airflow/dags/driven_data_pipeline.py
[2025-07-02T01:54:07.719+0000] {processor.py:914} INFO - Processing file /opt/airflow/dags/driven_data_pipeline.py for tasks to queue
[2025-07-02T01:54:07.727+0000] {logging_mixin.py:190} INFO - [2025-07-02T01:54:07.724+0000] {dagbag.py:588} INFO - Filling up the DagBag from /opt/airflow/dags/driven_data_pipeline.py
[2025-07-02T01:54:07.793+0000] {logging_mixin.py:190} INFO - [2025-07-02T01:54:07.781+0000] {dagbag.py:387} ERROR - Failed to import: /opt/airflow/dags/driven_data_pipeline.py
Traceback (most recent call last):
  File "/home/airflow/.local/lib/python3.12/site-packages/airflow/models/dagbag.py", line 383, in parse
    loader.exec_module(new_module)
  File "<frozen importlib._bootstrap_external>", line 995, in exec_module
  File "<frozen importlib._bootstrap>", line 488, in _call_with_frames_removed
  File "/opt/airflow/dags/driven_data_pipeline.py", line 11, in <module>
    import polars as pl
ModuleNotFoundError: No module named 'polars'
[2025-07-02T01:54:07.796+0000] {processor.py:927} WARNING - No viable dags retrieved from /opt/airflow/dags/driven_data_pipeline.py
[2025-07-02T01:54:07.898+0000] {processor.py:208} INFO - Processing /opt/airflow/dags/driven_data_pipeline.py took 0.202 seconds
[2025-07-02T01:55:21.695+0000] {processor.py:186} INFO - Started process (PID=82) to work on /opt/airflow/dags/driven_data_pipeline.py
[2025-07-02T01:55:23.678+0000] {processor.py:914} INFO - Processing file /opt/airflow/dags/driven_data_pipeline.py for tasks to queue
[2025-07-02T01:55:28.220+0000] {logging_mixin.py:190} INFO - [2025-07-02T01:55:26.162+0000] {dagbag.py:588} INFO - Filling up the DagBag from /opt/airflow/dags/driven_data_pipeline.py
[2025-07-02T01:57:09.097+0000] {logging_mixin.py:190} INFO - [2025-07-02T01:56:20.464+0000] {timeout.py:68} ERROR - Process timed out, PID: 82
[2025-07-02T02:04:36.365+0000] {logging_mixin.py:190} INFO - [2025-07-02T01:57:47.664+0000] {dagbag.py:387} ERROR - Failed to import: /opt/airflow/dags/driven_data_pipeline.py
Traceback (most recent call last):
  File "/home/airflow/.local/lib/python3.12/site-packages/airflow/models/dagbag.py", line 383, in parse
    loader.exec_module(new_module)
  File "<frozen importlib._bootstrap_external>", line 995, in exec_module
  File "<frozen importlib._bootstrap>", line 488, in _call_with_frames_removed
  File "/opt/airflow/dags/driven_data_pipeline.py", line 2, in <module>
    from airflow.operators.python_operator import PythonOperator
  File "/home/airflow/.local/lib/python3.12/site-packages/airflow/utils/deprecation_tools.py", line 56, in getattr_with_deprecation
    return getattr(importlib.import_module(new_module), new_class_name)
                   ^^^^^^^^^^^^^^^^^^^^^^^^^^^^^^^^^^^
  File "/usr/local/lib/python3.12/importlib/__init__.py", line 90, in import_module
    return _bootstrap._gcd_import(name[level:], package, level)
           ^^^^^^^^^^^^^^^^^^^^^^^^^^^^^^^^^^^^^^^^^^^^^^^^^^^^
  File "<frozen importlib._bootstrap>", line 1387, in _gcd_import
  File "<frozen importlib._bootstrap>", line 1360, in _find_and_load
  File "<frozen importlib._bootstrap>", line 1331, in _find_and_load_unlocked
  File "<frozen importlib._bootstrap>", line 935, in _load_unlocked
  File "<frozen importlib._bootstrap_external>", line 995, in exec_module
  File "<frozen importlib._bootstrap>", line 488, in _call_with_frames_removed
  File "/home/airflow/.local/lib/python3.12/site-packages/airflow/operators/python.py", line 125, in <module>
    class _PythonVersionInfo(NamedTuple):
  File "/usr/local/lib/python3.12/typing.py", line 2826, in __new__
    nm_tpl = _make_nmtuple(typename, types.items(),
             ^^^^^^^^^^^^^^^^^^^^^^^^^^^^^^^^^^^^^^
  File "/usr/local/lib/python3.12/typing.py", line 2794, in _make_nmtuple
    nm_tpl = collections.namedtuple(name, fields,
             ^^^^^^^^^^^^^^^^^^^^^^^^^^^^^^^^^^^^
  File "/usr/local/lib/python3.12/collections/__init__.py", line 441, in namedtuple
    __new__ = eval(code, namespace)
              ^^^^^^^^^^^^^^^^^^^^^
  File "<string>", line 0, in <module>
  File "/home/airflow/.local/lib/python3.12/site-packages/airflow/utils/timeout.py", line 69, in handle_timeout
    raise AirflowTaskTimeout(self.error_message)
airflow.exceptions.AirflowTaskTimeout: DagBag import timeout for /opt/airflow/dags/driven_data_pipeline.py after 30.0s.
Please take a look at these docs to improve your DAG import time:
* https://airflow.apache.org/docs/apache-airflow/2.10.2/best-practices.html#top-level-python-code
* https://airflow.apache.org/docs/apache-airflow/2.10.2/best-practices.html#reducing-dag-complexity, PID: 82
[2025-07-02T02:04:37.801+0000] {processor.py:927} WARNING - No viable dags retrieved from /opt/airflow/dags/driven_data_pipeline.py
[2025-07-02T02:05:18.511+0000] {processor.py:186} INFO - Started process (PID=83) to work on /opt/airflow/dags/driven_data_pipeline.py
[2025-07-02T02:05:18.514+0000] {processor.py:914} INFO - Processing file /opt/airflow/dags/driven_data_pipeline.py for tasks to queue
[2025-07-02T02:05:18.562+0000] {logging_mixin.py:190} INFO - [2025-07-02T02:05:18.555+0000] {dagbag.py:588} INFO - Filling up the DagBag from /opt/airflow/dags/driven_data_pipeline.py
[2025-07-02T02:05:18.908+0000] {logging_mixin.py:190} INFO - [2025-07-02T02:05:18.892+0000] {dagbag.py:387} ERROR - Failed to import: /opt/airflow/dags/driven_data_pipeline.py
Traceback (most recent call last):
  File "/home/airflow/.local/lib/python3.12/site-packages/airflow/models/dagbag.py", line 383, in parse
    loader.exec_module(new_module)
  File "<frozen importlib._bootstrap_external>", line 995, in exec_module
  File "<frozen importlib._bootstrap>", line 488, in _call_with_frames_removed
  File "/opt/airflow/dags/driven_data_pipeline.py", line 11, in <module>
    import polars as pl
ModuleNotFoundError: No module named 'polars'
[2025-07-02T02:05:18.913+0000] {processor.py:927} WARNING - No viable dags retrieved from /opt/airflow/dags/driven_data_pipeline.py
[2025-07-02T02:05:19.205+0000] {processor.py:208} INFO - Processing /opt/airflow/dags/driven_data_pipeline.py took 0.782 seconds
[2025-07-02T02:16:04.481+0000] {processor.py:186} INFO - Started process (PID=90) to work on /opt/airflow/dags/driven_data_pipeline.py
[2025-07-02T02:16:05.167+0000] {processor.py:914} INFO - Processing file /opt/airflow/dags/driven_data_pipeline.py for tasks to queue
[2025-07-02T02:16:10.559+0000] {logging_mixin.py:190} INFO - [2025-07-02T02:16:06.703+0000] {dagbag.py:588} INFO - Filling up the DagBag from /opt/airflow/dags/driven_data_pipeline.py
[2025-07-02T02:16:25.550+0000] {logging_mixin.py:190} INFO - [2025-07-02T02:16:23.224+0000] {dagbag.py:387} ERROR - Failed to import: /opt/airflow/dags/driven_data_pipeline.py
Traceback (most recent call last):
  File "/home/airflow/.local/lib/python3.12/site-packages/airflow/models/dagbag.py", line 383, in parse
    loader.exec_module(new_module)
  File "<frozen importlib._bootstrap_external>", line 995, in exec_module
  File "<frozen importlib._bootstrap>", line 488, in _call_with_frames_removed
  File "/opt/airflow/dags/driven_data_pipeline.py", line 11, in <module>
    import polars as pl
ModuleNotFoundError: No module named 'polars'
[2025-07-02T02:16:26.173+0000] {processor.py:927} WARNING - No viable dags retrieved from /opt/airflow/dags/driven_data_pipeline.py
[2025-07-02T02:16:44.264+0000] {processor.py:211} ERROR - Got an exception! Propagating...
Traceback (most recent call last):
  File "/home/airflow/.local/lib/python3.12/site-packages/sqlalchemy/engine/base.py", line 3371, in _wrap_pool_connect
    return fn()
           ^^^^
  File "/home/airflow/.local/lib/python3.12/site-packages/sqlalchemy/pool/base.py", line 327, in connect
    return _ConnectionFairy._checkout(self)
           ^^^^^^^^^^^^^^^^^^^^^^^^^^^^^^^^
  File "/home/airflow/.local/lib/python3.12/site-packages/sqlalchemy/pool/base.py", line 894, in _checkout
    fairy = _ConnectionRecord.checkout(pool)
            ^^^^^^^^^^^^^^^^^^^^^^^^^^^^^^^^
  File "/home/airflow/.local/lib/python3.12/site-packages/sqlalchemy/pool/base.py", line 493, in checkout
    rec = pool._do_get()
          ^^^^^^^^^^^^^^
  File "/home/airflow/.local/lib/python3.12/site-packages/sqlalchemy/pool/impl.py", line 145, in _do_get
    with util.safe_reraise():
         ^^^^^^^^^^^^^^^^^^^
  File "/home/airflow/.local/lib/python3.12/site-packages/sqlalchemy/util/langhelpers.py", line 70, in __exit__
    compat.raise_(
  File "/home/airflow/.local/lib/python3.12/site-packages/sqlalchemy/util/compat.py", line 211, in raise_
    raise exception
  File "/home/airflow/.local/lib/python3.12/site-packages/sqlalchemy/pool/impl.py", line 143, in _do_get
    return self._create_connection()
           ^^^^^^^^^^^^^^^^^^^^^^^^^
  File "/home/airflow/.local/lib/python3.12/site-packages/sqlalchemy/pool/base.py", line 273, in _create_connection
    return _ConnectionRecord(self)
           ^^^^^^^^^^^^^^^^^^^^^^^
  File "/home/airflow/.local/lib/python3.12/site-packages/sqlalchemy/pool/base.py", line 388, in __init__
    self.__connect()
  File "/home/airflow/.local/lib/python3.12/site-packages/sqlalchemy/pool/base.py", line 690, in __connect
    with util.safe_reraise():
         ^^^^^^^^^^^^^^^^^^^
  File "/home/airflow/.local/lib/python3.12/site-packages/sqlalchemy/util/langhelpers.py", line 70, in __exit__
    compat.raise_(
  File "/home/airflow/.local/lib/python3.12/site-packages/sqlalchemy/util/compat.py", line 211, in raise_
    raise exception
  File "/home/airflow/.local/lib/python3.12/site-packages/sqlalchemy/pool/base.py", line 686, in __connect
    self.dbapi_connection = connection = pool._invoke_creator(self)
                                         ^^^^^^^^^^^^^^^^^^^^^^^^^^
  File "/home/airflow/.local/lib/python3.12/site-packages/sqlalchemy/engine/create.py", line 574, in connect
    return dialect.connect(*cargs, **cparams)
           ^^^^^^^^^^^^^^^^^^^^^^^^^^^^^^^^^^
  File "/home/airflow/.local/lib/python3.12/site-packages/sqlalchemy/engine/default.py", line 598, in connect
    return self.dbapi.connect(*cargs, **cparams)
           ^^^^^^^^^^^^^^^^^^^^^^^^^^^^^^^^^^^^^
  File "/home/airflow/.local/lib/python3.12/site-packages/psycopg2/__init__.py", line 122, in connect
    conn = _connect(dsn, connection_factory=connection_factory, **kwasync)
           ^^^^^^^^^^^^^^^^^^^^^^^^^^^^^^^^^^^^^^^^^^^^^^^^^^^^^^^^^^^^^^^
psycopg2.OperationalError: could not translate host name "postgres" to address: Temporary failure in name resolution


The above exception was the direct cause of the following exception:

Traceback (most recent call last):
  File "/home/airflow/.local/lib/python3.12/site-packages/airflow/dag_processing/processor.py", line 207, in _run_file_processor
    _handle_dag_file_processing()
  File "/home/airflow/.local/lib/python3.12/site-packages/airflow/dag_processing/processor.py", line 188, in _handle_dag_file_processing
    result: tuple[int, int, int] = dag_file_processor.process_file(
                                   ^^^^^^^^^^^^^^^^^^^^^^^^^^^^^^^^
  File "/home/airflow/.local/lib/python3.12/site-packages/airflow/utils/session.py", line 97, in wrapper
    return func(*args, session=session, **kwargs)
           ^^^^^^^^^^^^^^^^^^^^^^^^^^^^^^^^^^^^^^
  File "/home/airflow/.local/lib/python3.12/site-packages/airflow/dag_processing/processor.py", line 928, in process_file
    DagFileProcessor.update_import_errors(
  File "/home/airflow/.local/lib/python3.12/site-packages/airflow/api_internal/internal_api_call.py", line 139, in wrapper
    return func(*args, **kwargs)
           ^^^^^^^^^^^^^^^^^^^^^
  File "/home/airflow/.local/lib/python3.12/site-packages/airflow/utils/session.py", line 97, in wrapper
    return func(*args, session=session, **kwargs)
           ^^^^^^^^^^^^^^^^^^^^^^^^^^^^^^^^^^^^^^
  File "/home/airflow/.local/lib/python3.12/site-packages/airflow/dag_processing/processor.py", line 648, in update_import_errors
    existing_import_error_files = [x.filename for x in session.query(ParseImportError.filename).all()]
                                                       ^^^^^^^^^^^^^^^^^^^^^^^^^^^^^^^^^^^^^^^^^^^^^^
  File "/home/airflow/.local/lib/python3.12/site-packages/sqlalchemy/orm/query.py", line 2773, in all
    return self._iter().all()
           ^^^^^^^^^^^^
  File "/home/airflow/.local/lib/python3.12/site-packages/sqlalchemy/orm/query.py", line 2916, in _iter
    result = self.session.execute(
             ^^^^^^^^^^^^^^^^^^^^^
  File "/home/airflow/.local/lib/python3.12/site-packages/sqlalchemy/orm/session.py", line 1716, in execute
    conn = self._connection_for_bind(bind)
           ^^^^^^^^^^^^^^^^^^^^^^^^^^^^^^^
  File "/home/airflow/.local/lib/python3.12/site-packages/sqlalchemy/orm/session.py", line 1555, in _connection_for_bind
    return self._transaction._connection_for_bind(
           ^^^^^^^^^^^^^^^^^^^^^^^^^^^^^^^^^^^^^^^
  File "/home/airflow/.local/lib/python3.12/site-packages/sqlalchemy/orm/session.py", line 750, in _connection_for_bind
    conn = bind.connect()
           ^^^^^^^^^^^^^^
  File "/home/airflow/.local/lib/python3.12/site-packages/sqlalchemy/future/engine.py", line 412, in connect
    return super(Engine, self).connect()
           ^^^^^^^^^^^^^^^^^^^^^^^^^^^^^
  File "/home/airflow/.local/lib/python3.12/site-packages/sqlalchemy/engine/base.py", line 3325, in connect
    return self._connection_cls(self, close_with_result=close_with_result)
           ^^^^^^^^^^^^^^^^^^^^^^^^^^^^^^^^^^^^^^^^^^^^^^^^^^^^^^^^^^^^^^^
  File "/home/airflow/.local/lib/python3.12/site-packages/sqlalchemy/engine/base.py", line 96, in __init__
    else engine.raw_connection()
         ^^^^^^^^^^^^^^^^^^^^^^^
  File "/home/airflow/.local/lib/python3.12/site-packages/sqlalchemy/engine/base.py", line 3404, in raw_connection
    return self._wrap_pool_connect(self.pool.connect, _connection)
           ^^^^^^^^^^^^^^^^^^^^^^^^^^^^^^^^^^^^^^^^^^^^^^^^^^^^^^^
  File "/home/airflow/.local/lib/python3.12/site-packages/sqlalchemy/engine/base.py", line 3374, in _wrap_pool_connect
    Connection._handle_dbapi_exception_noconnection(
  File "/home/airflow/.local/lib/python3.12/site-packages/sqlalchemy/engine/base.py", line 2208, in _handle_dbapi_exception_noconnection
    util.raise_(
  File "/home/airflow/.local/lib/python3.12/site-packages/sqlalchemy/util/compat.py", line 211, in raise_
    raise exception
  File "/home/airflow/.local/lib/python3.12/site-packages/sqlalchemy/engine/base.py", line 3371, in _wrap_pool_connect
    return fn()
           ^^^^
  File "/home/airflow/.local/lib/python3.12/site-packages/sqlalchemy/pool/base.py", line 327, in connect
    return _ConnectionFairy._checkout(self)
           ^^^^^^^^^^^^^^^^^^^^^^^^^^^^^^^^
  File "/home/airflow/.local/lib/python3.12/site-packages/sqlalchemy/pool/base.py", line 894, in _checkout
    fairy = _ConnectionRecord.checkout(pool)
            ^^^^^^^^^^^^^^^^^^^^^^^^^^^^^^^^
  File "/home/airflow/.local/lib/python3.12/site-packages/sqlalchemy/pool/base.py", line 493, in checkout
    rec = pool._do_get()
          ^^^^^^^^^^^^^^
  File "/home/airflow/.local/lib/python3.12/site-packages/sqlalchemy/pool/impl.py", line 145, in _do_get
    with util.safe_reraise():
         ^^^^^^^^^^^^^^^^^^^
  File "/home/airflow/.local/lib/python3.12/site-packages/sqlalchemy/util/langhelpers.py", line 70, in __exit__
    compat.raise_(
  File "/home/airflow/.local/lib/python3.12/site-packages/sqlalchemy/util/compat.py", line 211, in raise_
    raise exception
  File "/home/airflow/.local/lib/python3.12/site-packages/sqlalchemy/pool/impl.py", line 143, in _do_get
    return self._create_connection()
           ^^^^^^^^^^^^^^^^^^^^^^^^^
  File "/home/airflow/.local/lib/python3.12/site-packages/sqlalchemy/pool/base.py", line 273, in _create_connection
    return _ConnectionRecord(self)
           ^^^^^^^^^^^^^^^^^^^^^^^
  File "/home/airflow/.local/lib/python3.12/site-packages/sqlalchemy/pool/base.py", line 388, in __init__
    self.__connect()
  File "/home/airflow/.local/lib/python3.12/site-packages/sqlalchemy/pool/base.py", line 690, in __connect
    with util.safe_reraise():
         ^^^^^^^^^^^^^^^^^^^
  File "/home/airflow/.local/lib/python3.12/site-packages/sqlalchemy/util/langhelpers.py", line 70, in __exit__
    compat.raise_(
  File "/home/airflow/.local/lib/python3.12/site-packages/sqlalchemy/util/compat.py", line 211, in raise_
    raise exception
  File "/home/airflow/.local/lib/python3.12/site-packages/sqlalchemy/pool/base.py", line 686, in __connect
    self.dbapi_connection = connection = pool._invoke_creator(self)
                                         ^^^^^^^^^^^^^^^^^^^^^^^^^^
  File "/home/airflow/.local/lib/python3.12/site-packages/sqlalchemy/engine/create.py", line 574, in connect
    return dialect.connect(*cargs, **cparams)
           ^^^^^^^^^^^^^^^^^^^^^^^^^^^^^^^^^^
  File "/home/airflow/.local/lib/python3.12/site-packages/sqlalchemy/engine/default.py", line 598, in connect
    return self.dbapi.connect(*cargs, **cparams)
           ^^^^^^^^^^^^^^^^^^^^^^^^^^^^^^^^^^^^^
  File "/home/airflow/.local/lib/python3.12/site-packages/psycopg2/__init__.py", line 122, in connect
    conn = _connect(dsn, connection_factory=connection_factory, **kwasync)
           ^^^^^^^^^^^^^^^^^^^^^^^^^^^^^^^^^^^^^^^^^^^^^^^^^^^^^^^^^^^^^^^
sqlalchemy.exc.OperationalError: (psycopg2.OperationalError) could not translate host name "postgres" to address: Temporary failure in name resolution

(Background on this error at: https://sqlalche.me/e/14/e3q8)
[2025-07-02T02:38:15.990+0000] {processor.py:186} INFO - Started process (PID=67) to work on /opt/airflow/dags/driven_data_pipeline.py
[2025-07-02T02:38:16.005+0000] {processor.py:914} INFO - Processing file /opt/airflow/dags/driven_data_pipeline.py for tasks to queue
[2025-07-02T02:38:16.009+0000] {logging_mixin.py:190} INFO - [2025-07-02T02:38:16.009+0000] {dagbag.py:588} INFO - Filling up the DagBag from /opt/airflow/dags/driven_data_pipeline.py
[2025-07-02T02:38:16.165+0000] {logging_mixin.py:190} INFO - [2025-07-02T02:38:16.128+0000] {dagbag.py:387} ERROR - Failed to import: /opt/airflow/dags/driven_data_pipeline.py
Traceback (most recent call last):
  File "/home/airflow/.local/lib/python3.12/site-packages/airflow/models/dagbag.py", line 383, in parse
    loader.exec_module(new_module)
  File "<frozen importlib._bootstrap_external>", line 995, in exec_module
  File "<frozen importlib._bootstrap>", line 488, in _call_with_frames_removed
  File "/opt/airflow/dags/driven_data_pipeline.py", line 11, in <module>
    import polars as pl
ModuleNotFoundError: No module named 'polars'
[2025-07-02T02:38:16.182+0000] {processor.py:927} WARNING - No viable dags retrieved from /opt/airflow/dags/driven_data_pipeline.py
[2025-07-02T02:38:16.304+0000] {processor.py:208} INFO - Processing /opt/airflow/dags/driven_data_pipeline.py took 0.351 seconds
[2025-07-02T02:38:47.085+0000] {processor.py:186} INFO - Started process (PID=74) to work on /opt/airflow/dags/driven_data_pipeline.py
[2025-07-02T02:38:47.089+0000] {processor.py:914} INFO - Processing file /opt/airflow/dags/driven_data_pipeline.py for tasks to queue
[2025-07-02T02:38:47.098+0000] {logging_mixin.py:190} INFO - [2025-07-02T02:38:47.096+0000] {dagbag.py:588} INFO - Filling up the DagBag from /opt/airflow/dags/driven_data_pipeline.py
[2025-07-02T02:38:47.174+0000] {logging_mixin.py:190} INFO - [2025-07-02T02:38:47.143+0000] {dagbag.py:387} ERROR - Failed to import: /opt/airflow/dags/driven_data_pipeline.py
Traceback (most recent call last):
  File "/home/airflow/.local/lib/python3.12/site-packages/airflow/models/dagbag.py", line 383, in parse
    loader.exec_module(new_module)
  File "<frozen importlib._bootstrap_external>", line 995, in exec_module
  File "<frozen importlib._bootstrap>", line 488, in _call_with_frames_removed
  File "/opt/airflow/dags/driven_data_pipeline.py", line 11, in <module>
    import polars as pl
ModuleNotFoundError: No module named 'polars'
[2025-07-02T02:38:47.178+0000] {processor.py:927} WARNING - No viable dags retrieved from /opt/airflow/dags/driven_data_pipeline.py
[2025-07-02T02:38:47.241+0000] {processor.py:208} INFO - Processing /opt/airflow/dags/driven_data_pipeline.py took 0.175 seconds
[2025-07-02T02:39:17.728+0000] {processor.py:186} INFO - Started process (PID=81) to work on /opt/airflow/dags/driven_data_pipeline.py
[2025-07-02T02:39:17.731+0000] {processor.py:914} INFO - Processing file /opt/airflow/dags/driven_data_pipeline.py for tasks to queue
[2025-07-02T02:39:17.740+0000] {logging_mixin.py:190} INFO - [2025-07-02T02:39:17.737+0000] {dagbag.py:588} INFO - Filling up the DagBag from /opt/airflow/dags/driven_data_pipeline.py
[2025-07-02T02:39:17.855+0000] {logging_mixin.py:190} INFO - [2025-07-02T02:39:17.813+0000] {dagbag.py:387} ERROR - Failed to import: /opt/airflow/dags/driven_data_pipeline.py
Traceback (most recent call last):
  File "/home/airflow/.local/lib/python3.12/site-packages/airflow/models/dagbag.py", line 383, in parse
    loader.exec_module(new_module)
  File "<frozen importlib._bootstrap_external>", line 995, in exec_module
  File "<frozen importlib._bootstrap>", line 488, in _call_with_frames_removed
  File "/opt/airflow/dags/driven_data_pipeline.py", line 11, in <module>
    import polars as pl
ModuleNotFoundError: No module named 'polars'
[2025-07-02T02:39:17.868+0000] {processor.py:927} WARNING - No viable dags retrieved from /opt/airflow/dags/driven_data_pipeline.py
[2025-07-02T02:39:17.981+0000] {processor.py:208} INFO - Processing /opt/airflow/dags/driven_data_pipeline.py took 0.275 seconds
[2025-07-02T02:39:48.549+0000] {processor.py:186} INFO - Started process (PID=88) to work on /opt/airflow/dags/driven_data_pipeline.py
[2025-07-02T02:39:48.552+0000] {processor.py:914} INFO - Processing file /opt/airflow/dags/driven_data_pipeline.py for tasks to queue
[2025-07-02T02:39:48.560+0000] {logging_mixin.py:190} INFO - [2025-07-02T02:39:48.557+0000] {dagbag.py:588} INFO - Filling up the DagBag from /opt/airflow/dags/driven_data_pipeline.py
[2025-07-02T02:39:48.682+0000] {logging_mixin.py:190} INFO - [2025-07-02T02:39:48.666+0000] {dagbag.py:387} ERROR - Failed to import: /opt/airflow/dags/driven_data_pipeline.py
Traceback (most recent call last):
  File "/home/airflow/.local/lib/python3.12/site-packages/airflow/models/dagbag.py", line 383, in parse
    loader.exec_module(new_module)
  File "<frozen importlib._bootstrap_external>", line 995, in exec_module
  File "<frozen importlib._bootstrap>", line 488, in _call_with_frames_removed
  File "/opt/airflow/dags/driven_data_pipeline.py", line 11, in <module>
    import polars as pl
ModuleNotFoundError: No module named 'polars'
[2025-07-02T02:39:48.687+0000] {processor.py:927} WARNING - No viable dags retrieved from /opt/airflow/dags/driven_data_pipeline.py
[2025-07-02T02:39:48.831+0000] {processor.py:208} INFO - Processing /opt/airflow/dags/driven_data_pipeline.py took 0.304 seconds
[2025-07-02T02:40:19.317+0000] {processor.py:186} INFO - Started process (PID=95) to work on /opt/airflow/dags/driven_data_pipeline.py
[2025-07-02T02:40:19.324+0000] {processor.py:914} INFO - Processing file /opt/airflow/dags/driven_data_pipeline.py for tasks to queue
[2025-07-02T02:40:19.335+0000] {logging_mixin.py:190} INFO - [2025-07-02T02:40:19.330+0000] {dagbag.py:588} INFO - Filling up the DagBag from /opt/airflow/dags/driven_data_pipeline.py
[2025-07-02T02:40:19.518+0000] {logging_mixin.py:190} INFO - [2025-07-02T02:40:19.502+0000] {dagbag.py:387} ERROR - Failed to import: /opt/airflow/dags/driven_data_pipeline.py
Traceback (most recent call last):
  File "/home/airflow/.local/lib/python3.12/site-packages/airflow/models/dagbag.py", line 383, in parse
    loader.exec_module(new_module)
  File "<frozen importlib._bootstrap_external>", line 995, in exec_module
  File "<frozen importlib._bootstrap>", line 488, in _call_with_frames_removed
  File "/opt/airflow/dags/driven_data_pipeline.py", line 11, in <module>
    import polars as pl
ModuleNotFoundError: No module named 'polars'
[2025-07-02T02:40:19.524+0000] {processor.py:927} WARNING - No viable dags retrieved from /opt/airflow/dags/driven_data_pipeline.py
[2025-07-02T02:40:19.820+0000] {processor.py:208} INFO - Processing /opt/airflow/dags/driven_data_pipeline.py took 0.526 seconds
[2025-07-02T02:40:50.091+0000] {processor.py:186} INFO - Started process (PID=102) to work on /opt/airflow/dags/driven_data_pipeline.py
[2025-07-02T02:40:50.093+0000] {processor.py:914} INFO - Processing file /opt/airflow/dags/driven_data_pipeline.py for tasks to queue
[2025-07-02T02:40:50.103+0000] {logging_mixin.py:190} INFO - [2025-07-02T02:40:50.099+0000] {dagbag.py:588} INFO - Filling up the DagBag from /opt/airflow/dags/driven_data_pipeline.py
[2025-07-02T02:40:50.180+0000] {logging_mixin.py:190} INFO - [2025-07-02T02:40:50.165+0000] {dagbag.py:387} ERROR - Failed to import: /opt/airflow/dags/driven_data_pipeline.py
Traceback (most recent call last):
  File "/home/airflow/.local/lib/python3.12/site-packages/airflow/models/dagbag.py", line 383, in parse
    loader.exec_module(new_module)
  File "<frozen importlib._bootstrap_external>", line 995, in exec_module
  File "<frozen importlib._bootstrap>", line 488, in _call_with_frames_removed
  File "/opt/airflow/dags/driven_data_pipeline.py", line 11, in <module>
    import polars as pl
ModuleNotFoundError: No module named 'polars'
[2025-07-02T02:40:50.184+0000] {processor.py:927} WARNING - No viable dags retrieved from /opt/airflow/dags/driven_data_pipeline.py
[2025-07-02T02:40:50.331+0000] {processor.py:208} INFO - Processing /opt/airflow/dags/driven_data_pipeline.py took 0.263 seconds
[2025-07-02T02:41:22.754+0000] {processor.py:186} INFO - Started process (PID=110) to work on /opt/airflow/dags/driven_data_pipeline.py
[2025-07-02T02:41:22.757+0000] {processor.py:914} INFO - Processing file /opt/airflow/dags/driven_data_pipeline.py for tasks to queue
[2025-07-02T02:41:22.765+0000] {logging_mixin.py:190} INFO - [2025-07-02T02:41:22.761+0000] {dagbag.py:588} INFO - Filling up the DagBag from /opt/airflow/dags/driven_data_pipeline.py
[2025-07-02T02:41:22.837+0000] {logging_mixin.py:190} INFO - [2025-07-02T02:41:22.821+0000] {dagbag.py:387} ERROR - Failed to import: /opt/airflow/dags/driven_data_pipeline.py
Traceback (most recent call last):
  File "/home/airflow/.local/lib/python3.12/site-packages/airflow/models/dagbag.py", line 383, in parse
    loader.exec_module(new_module)
  File "<frozen importlib._bootstrap_external>", line 995, in exec_module
  File "<frozen importlib._bootstrap>", line 488, in _call_with_frames_removed
  File "/opt/airflow/dags/driven_data_pipeline.py", line 11, in <module>
    import polars as pl
ModuleNotFoundError: No module named 'polars'
[2025-07-02T02:41:22.842+0000] {processor.py:927} WARNING - No viable dags retrieved from /opt/airflow/dags/driven_data_pipeline.py
[2025-07-02T02:41:22.975+0000] {processor.py:208} INFO - Processing /opt/airflow/dags/driven_data_pipeline.py took 0.240 seconds
[2025-07-02T02:41:54.130+0000] {processor.py:186} INFO - Started process (PID=117) to work on /opt/airflow/dags/driven_data_pipeline.py
[2025-07-02T02:41:54.133+0000] {processor.py:914} INFO - Processing file /opt/airflow/dags/driven_data_pipeline.py for tasks to queue
[2025-07-02T02:41:54.148+0000] {logging_mixin.py:190} INFO - [2025-07-02T02:41:54.146+0000] {dagbag.py:588} INFO - Filling up the DagBag from /opt/airflow/dags/driven_data_pipeline.py
[2025-07-02T02:41:54.257+0000] {logging_mixin.py:190} INFO - [2025-07-02T02:41:54.244+0000] {dagbag.py:387} ERROR - Failed to import: /opt/airflow/dags/driven_data_pipeline.py
Traceback (most recent call last):
  File "/home/airflow/.local/lib/python3.12/site-packages/airflow/models/dagbag.py", line 383, in parse
    loader.exec_module(new_module)
  File "<frozen importlib._bootstrap_external>", line 995, in exec_module
  File "<frozen importlib._bootstrap>", line 488, in _call_with_frames_removed
  File "/opt/airflow/dags/driven_data_pipeline.py", line 11, in <module>
    import polars as pl
ModuleNotFoundError: No module named 'polars'
[2025-07-02T02:41:54.261+0000] {processor.py:927} WARNING - No viable dags retrieved from /opt/airflow/dags/driven_data_pipeline.py
[2025-07-02T02:41:54.372+0000] {processor.py:208} INFO - Processing /opt/airflow/dags/driven_data_pipeline.py took 0.263 seconds
[2025-07-02T02:42:24.905+0000] {processor.py:186} INFO - Started process (PID=124) to work on /opt/airflow/dags/driven_data_pipeline.py
[2025-07-02T02:42:24.910+0000] {processor.py:914} INFO - Processing file /opt/airflow/dags/driven_data_pipeline.py for tasks to queue
[2025-07-02T02:42:24.925+0000] {logging_mixin.py:190} INFO - [2025-07-02T02:42:24.923+0000] {dagbag.py:588} INFO - Filling up the DagBag from /opt/airflow/dags/driven_data_pipeline.py
[2025-07-02T02:42:25.118+0000] {logging_mixin.py:190} INFO - [2025-07-02T02:42:25.084+0000] {dagbag.py:387} ERROR - Failed to import: /opt/airflow/dags/driven_data_pipeline.py
Traceback (most recent call last):
  File "/home/airflow/.local/lib/python3.12/site-packages/airflow/models/dagbag.py", line 383, in parse
    loader.exec_module(new_module)
  File "<frozen importlib._bootstrap_external>", line 995, in exec_module
  File "<frozen importlib._bootstrap>", line 488, in _call_with_frames_removed
  File "/opt/airflow/dags/driven_data_pipeline.py", line 11, in <module>
    import polars as pl
ModuleNotFoundError: No module named 'polars'
[2025-07-02T02:42:25.123+0000] {processor.py:927} WARNING - No viable dags retrieved from /opt/airflow/dags/driven_data_pipeline.py
[2025-07-02T02:42:25.430+0000] {processor.py:208} INFO - Processing /opt/airflow/dags/driven_data_pipeline.py took 0.550 seconds
[2025-07-02T02:42:55.636+0000] {processor.py:186} INFO - Started process (PID=131) to work on /opt/airflow/dags/driven_data_pipeline.py
[2025-07-02T02:42:55.638+0000] {processor.py:914} INFO - Processing file /opt/airflow/dags/driven_data_pipeline.py for tasks to queue
[2025-07-02T02:42:55.644+0000] {logging_mixin.py:190} INFO - [2025-07-02T02:42:55.642+0000] {dagbag.py:588} INFO - Filling up the DagBag from /opt/airflow/dags/driven_data_pipeline.py
[2025-07-02T02:42:55.722+0000] {logging_mixin.py:190} INFO - [2025-07-02T02:42:55.706+0000] {dagbag.py:387} ERROR - Failed to import: /opt/airflow/dags/driven_data_pipeline.py
Traceback (most recent call last):
  File "/home/airflow/.local/lib/python3.12/site-packages/airflow/models/dagbag.py", line 383, in parse
    loader.exec_module(new_module)
  File "<frozen importlib._bootstrap_external>", line 995, in exec_module
  File "<frozen importlib._bootstrap>", line 488, in _call_with_frames_removed
  File "/opt/airflow/dags/driven_data_pipeline.py", line 11, in <module>
    import polars as pl
ModuleNotFoundError: No module named 'polars'
[2025-07-02T02:42:55.726+0000] {processor.py:927} WARNING - No viable dags retrieved from /opt/airflow/dags/driven_data_pipeline.py
[2025-07-02T02:42:55.951+0000] {processor.py:208} INFO - Processing /opt/airflow/dags/driven_data_pipeline.py took 0.335 seconds
[2025-07-02T02:49:13.936+0000] {processor.py:186} INFO - Started process (PID=145) to work on /opt/airflow/dags/driven_data_pipeline.py
[2025-07-02T02:49:13.942+0000] {processor.py:914} INFO - Processing file /opt/airflow/dags/driven_data_pipeline.py for tasks to queue
[2025-07-02T02:49:13.949+0000] {logging_mixin.py:190} INFO - [2025-07-02T02:49:13.947+0000] {dagbag.py:588} INFO - Filling up the DagBag from /opt/airflow/dags/driven_data_pipeline.py
[2025-07-02T02:49:14.085+0000] {logging_mixin.py:190} INFO - [2025-07-02T02:49:14.063+0000] {dagbag.py:387} ERROR - Failed to import: /opt/airflow/dags/driven_data_pipeline.py
Traceback (most recent call last):
  File "/home/airflow/.local/lib/python3.12/site-packages/airflow/models/dagbag.py", line 383, in parse
    loader.exec_module(new_module)
  File "<frozen importlib._bootstrap_external>", line 995, in exec_module
  File "<frozen importlib._bootstrap>", line 488, in _call_with_frames_removed
  File "/opt/airflow/dags/driven_data_pipeline.py", line 11, in <module>
    import polars as pl
ModuleNotFoundError: No module named 'polars'
[2025-07-02T02:49:14.089+0000] {processor.py:927} WARNING - No viable dags retrieved from /opt/airflow/dags/driven_data_pipeline.py
[2025-07-02T02:49:14.342+0000] {processor.py:208} INFO - Processing /opt/airflow/dags/driven_data_pipeline.py took 0.420 seconds
[2025-07-02T02:49:44.852+0000] {processor.py:186} INFO - Started process (PID=152) to work on /opt/airflow/dags/driven_data_pipeline.py
[2025-07-02T02:49:44.855+0000] {processor.py:914} INFO - Processing file /opt/airflow/dags/driven_data_pipeline.py for tasks to queue
[2025-07-02T02:49:44.867+0000] {logging_mixin.py:190} INFO - [2025-07-02T02:49:44.861+0000] {dagbag.py:588} INFO - Filling up the DagBag from /opt/airflow/dags/driven_data_pipeline.py
[2025-07-02T02:49:44.955+0000] {logging_mixin.py:190} INFO - [2025-07-02T02:49:44.939+0000] {dagbag.py:387} ERROR - Failed to import: /opt/airflow/dags/driven_data_pipeline.py
Traceback (most recent call last):
  File "/home/airflow/.local/lib/python3.12/site-packages/airflow/models/dagbag.py", line 383, in parse
    loader.exec_module(new_module)
  File "<frozen importlib._bootstrap_external>", line 995, in exec_module
  File "<frozen importlib._bootstrap>", line 488, in _call_with_frames_removed
  File "/opt/airflow/dags/driven_data_pipeline.py", line 11, in <module>
    import polars as pl
ModuleNotFoundError: No module named 'polars'
[2025-07-02T02:49:44.958+0000] {processor.py:927} WARNING - No viable dags retrieved from /opt/airflow/dags/driven_data_pipeline.py
[2025-07-02T02:49:45.036+0000] {processor.py:208} INFO - Processing /opt/airflow/dags/driven_data_pipeline.py took 0.202 seconds
[2025-07-02T02:50:15.496+0000] {processor.py:186} INFO - Started process (PID=159) to work on /opt/airflow/dags/driven_data_pipeline.py
[2025-07-02T02:50:15.499+0000] {processor.py:914} INFO - Processing file /opt/airflow/dags/driven_data_pipeline.py for tasks to queue
[2025-07-02T02:50:15.510+0000] {logging_mixin.py:190} INFO - [2025-07-02T02:50:15.505+0000] {dagbag.py:588} INFO - Filling up the DagBag from /opt/airflow/dags/driven_data_pipeline.py
[2025-07-02T02:50:15.597+0000] {logging_mixin.py:190} INFO - [2025-07-02T02:50:15.581+0000] {dagbag.py:387} ERROR - Failed to import: /opt/airflow/dags/driven_data_pipeline.py
Traceback (most recent call last):
  File "/home/airflow/.local/lib/python3.12/site-packages/airflow/models/dagbag.py", line 383, in parse
    loader.exec_module(new_module)
  File "<frozen importlib._bootstrap_external>", line 995, in exec_module
  File "<frozen importlib._bootstrap>", line 488, in _call_with_frames_removed
  File "/opt/airflow/dags/driven_data_pipeline.py", line 11, in <module>
    import polars as pl
ModuleNotFoundError: No module named 'polars'
[2025-07-02T02:50:15.602+0000] {processor.py:927} WARNING - No viable dags retrieved from /opt/airflow/dags/driven_data_pipeline.py
[2025-07-02T02:50:15.731+0000] {processor.py:208} INFO - Processing /opt/airflow/dags/driven_data_pipeline.py took 0.260 seconds
[2025-07-02T02:50:47.460+0000] {processor.py:186} INFO - Started process (PID=166) to work on /opt/airflow/dags/driven_data_pipeline.py
[2025-07-02T02:50:47.466+0000] {processor.py:914} INFO - Processing file /opt/airflow/dags/driven_data_pipeline.py for tasks to queue
[2025-07-02T02:50:47.478+0000] {logging_mixin.py:190} INFO - [2025-07-02T02:50:47.476+0000] {dagbag.py:588} INFO - Filling up the DagBag from /opt/airflow/dags/driven_data_pipeline.py
[2025-07-02T02:50:47.626+0000] {logging_mixin.py:190} INFO - [2025-07-02T02:50:47.589+0000] {dagbag.py:387} ERROR - Failed to import: /opt/airflow/dags/driven_data_pipeline.py
Traceback (most recent call last):
  File "/home/airflow/.local/lib/python3.12/site-packages/airflow/models/dagbag.py", line 383, in parse
    loader.exec_module(new_module)
  File "<frozen importlib._bootstrap_external>", line 995, in exec_module
  File "<frozen importlib._bootstrap>", line 488, in _call_with_frames_removed
  File "/opt/airflow/dags/driven_data_pipeline.py", line 11, in <module>
    import polars as pl
ModuleNotFoundError: No module named 'polars'
[2025-07-02T02:50:47.636+0000] {processor.py:927} WARNING - No viable dags retrieved from /opt/airflow/dags/driven_data_pipeline.py
[2025-07-02T02:50:47.846+0000] {processor.py:208} INFO - Processing /opt/airflow/dags/driven_data_pipeline.py took 0.420 seconds
[2025-07-02T02:51:18.106+0000] {processor.py:186} INFO - Started process (PID=173) to work on /opt/airflow/dags/driven_data_pipeline.py
[2025-07-02T02:51:18.109+0000] {processor.py:914} INFO - Processing file /opt/airflow/dags/driven_data_pipeline.py for tasks to queue
[2025-07-02T02:51:18.119+0000] {logging_mixin.py:190} INFO - [2025-07-02T02:51:18.116+0000] {dagbag.py:588} INFO - Filling up the DagBag from /opt/airflow/dags/driven_data_pipeline.py
[2025-07-02T02:51:18.252+0000] {logging_mixin.py:190} INFO - [2025-07-02T02:51:18.232+0000] {dagbag.py:387} ERROR - Failed to import: /opt/airflow/dags/driven_data_pipeline.py
Traceback (most recent call last):
  File "/home/airflow/.local/lib/python3.12/site-packages/airflow/models/dagbag.py", line 383, in parse
    loader.exec_module(new_module)
  File "<frozen importlib._bootstrap_external>", line 995, in exec_module
  File "<frozen importlib._bootstrap>", line 488, in _call_with_frames_removed
  File "/opt/airflow/dags/driven_data_pipeline.py", line 11, in <module>
    import polars as pl
ModuleNotFoundError: No module named 'polars'
[2025-07-02T02:51:18.258+0000] {processor.py:927} WARNING - No viable dags retrieved from /opt/airflow/dags/driven_data_pipeline.py
[2025-07-02T02:51:18.343+0000] {processor.py:208} INFO - Processing /opt/airflow/dags/driven_data_pipeline.py took 0.258 seconds
[2025-07-02T02:51:49.336+0000] {processor.py:186} INFO - Started process (PID=180) to work on /opt/airflow/dags/driven_data_pipeline.py
[2025-07-02T02:51:49.340+0000] {processor.py:914} INFO - Processing file /opt/airflow/dags/driven_data_pipeline.py for tasks to queue
[2025-07-02T02:51:49.348+0000] {logging_mixin.py:190} INFO - [2025-07-02T02:51:49.346+0000] {dagbag.py:588} INFO - Filling up the DagBag from /opt/airflow/dags/driven_data_pipeline.py
[2025-07-02T02:51:49.450+0000] {logging_mixin.py:190} INFO - [2025-07-02T02:51:49.434+0000] {dagbag.py:387} ERROR - Failed to import: /opt/airflow/dags/driven_data_pipeline.py
Traceback (most recent call last):
  File "/home/airflow/.local/lib/python3.12/site-packages/airflow/models/dagbag.py", line 383, in parse
    loader.exec_module(new_module)
  File "<frozen importlib._bootstrap_external>", line 995, in exec_module
  File "<frozen importlib._bootstrap>", line 488, in _call_with_frames_removed
  File "/opt/airflow/dags/driven_data_pipeline.py", line 11, in <module>
    import polars as pl
ModuleNotFoundError: No module named 'polars'
[2025-07-02T02:51:49.454+0000] {processor.py:927} WARNING - No viable dags retrieved from /opt/airflow/dags/driven_data_pipeline.py
[2025-07-02T02:51:49.674+0000] {processor.py:208} INFO - Processing /opt/airflow/dags/driven_data_pipeline.py took 0.365 seconds
[2025-07-02T02:52:20.044+0000] {processor.py:186} INFO - Started process (PID=187) to work on /opt/airflow/dags/driven_data_pipeline.py
[2025-07-02T02:52:20.047+0000] {processor.py:914} INFO - Processing file /opt/airflow/dags/driven_data_pipeline.py for tasks to queue
[2025-07-02T02:52:20.055+0000] {logging_mixin.py:190} INFO - [2025-07-02T02:52:20.052+0000] {dagbag.py:588} INFO - Filling up the DagBag from /opt/airflow/dags/driven_data_pipeline.py
[2025-07-02T02:52:20.139+0000] {logging_mixin.py:190} INFO - [2025-07-02T02:52:20.121+0000] {dagbag.py:387} ERROR - Failed to import: /opt/airflow/dags/driven_data_pipeline.py
Traceback (most recent call last):
  File "/home/airflow/.local/lib/python3.12/site-packages/airflow/models/dagbag.py", line 383, in parse
    loader.exec_module(new_module)
  File "<frozen importlib._bootstrap_external>", line 995, in exec_module
  File "<frozen importlib._bootstrap>", line 488, in _call_with_frames_removed
  File "/opt/airflow/dags/driven_data_pipeline.py", line 11, in <module>
    import polars as pl
ModuleNotFoundError: No module named 'polars'
[2025-07-02T02:52:20.142+0000] {processor.py:927} WARNING - No viable dags retrieved from /opt/airflow/dags/driven_data_pipeline.py
[2025-07-02T02:52:20.209+0000] {processor.py:208} INFO - Processing /opt/airflow/dags/driven_data_pipeline.py took 0.186 seconds
[2025-07-02T02:52:50.524+0000] {processor.py:186} INFO - Started process (PID=194) to work on /opt/airflow/dags/driven_data_pipeline.py
[2025-07-02T02:52:50.527+0000] {processor.py:914} INFO - Processing file /opt/airflow/dags/driven_data_pipeline.py for tasks to queue
[2025-07-02T02:52:50.532+0000] {logging_mixin.py:190} INFO - [2025-07-02T02:52:50.531+0000] {dagbag.py:588} INFO - Filling up the DagBag from /opt/airflow/dags/driven_data_pipeline.py
[2025-07-02T02:52:50.585+0000] {logging_mixin.py:190} INFO - [2025-07-02T02:52:50.574+0000] {dagbag.py:387} ERROR - Failed to import: /opt/airflow/dags/driven_data_pipeline.py
Traceback (most recent call last):
  File "/home/airflow/.local/lib/python3.12/site-packages/airflow/models/dagbag.py", line 383, in parse
    loader.exec_module(new_module)
  File "<frozen importlib._bootstrap_external>", line 995, in exec_module
  File "<frozen importlib._bootstrap>", line 488, in _call_with_frames_removed
  File "/opt/airflow/dags/driven_data_pipeline.py", line 11, in <module>
    import polars as pl
ModuleNotFoundError: No module named 'polars'
[2025-07-02T02:52:50.588+0000] {processor.py:927} WARNING - No viable dags retrieved from /opt/airflow/dags/driven_data_pipeline.py
[2025-07-02T02:52:50.700+0000] {processor.py:208} INFO - Processing /opt/airflow/dags/driven_data_pipeline.py took 0.190 seconds
[2025-07-02T02:53:21.401+0000] {processor.py:186} INFO - Started process (PID=201) to work on /opt/airflow/dags/driven_data_pipeline.py
[2025-07-02T02:53:21.405+0000] {processor.py:914} INFO - Processing file /opt/airflow/dags/driven_data_pipeline.py for tasks to queue
[2025-07-02T02:53:21.414+0000] {logging_mixin.py:190} INFO - [2025-07-02T02:53:21.411+0000] {dagbag.py:588} INFO - Filling up the DagBag from /opt/airflow/dags/driven_data_pipeline.py
[2025-07-02T02:53:21.503+0000] {logging_mixin.py:190} INFO - [2025-07-02T02:53:21.480+0000] {dagbag.py:387} ERROR - Failed to import: /opt/airflow/dags/driven_data_pipeline.py
Traceback (most recent call last):
  File "/home/airflow/.local/lib/python3.12/site-packages/airflow/models/dagbag.py", line 383, in parse
    loader.exec_module(new_module)
  File "<frozen importlib._bootstrap_external>", line 995, in exec_module
  File "<frozen importlib._bootstrap>", line 488, in _call_with_frames_removed
  File "/opt/airflow/dags/driven_data_pipeline.py", line 11, in <module>
    import polars as pl
ModuleNotFoundError: No module named 'polars'
[2025-07-02T02:53:21.510+0000] {processor.py:927} WARNING - No viable dags retrieved from /opt/airflow/dags/driven_data_pipeline.py
[2025-07-02T02:53:21.618+0000] {processor.py:208} INFO - Processing /opt/airflow/dags/driven_data_pipeline.py took 0.237 seconds
[2025-07-02T02:53:52.110+0000] {processor.py:186} INFO - Started process (PID=207) to work on /opt/airflow/dags/driven_data_pipeline.py
[2025-07-02T02:53:52.115+0000] {processor.py:914} INFO - Processing file /opt/airflow/dags/driven_data_pipeline.py for tasks to queue
[2025-07-02T02:53:52.124+0000] {logging_mixin.py:190} INFO - [2025-07-02T02:53:52.120+0000] {dagbag.py:588} INFO - Filling up the DagBag from /opt/airflow/dags/driven_data_pipeline.py
[2025-07-02T02:53:52.281+0000] {logging_mixin.py:190} INFO - [2025-07-02T02:53:52.253+0000] {dagbag.py:387} ERROR - Failed to import: /opt/airflow/dags/driven_data_pipeline.py
Traceback (most recent call last):
  File "/home/airflow/.local/lib/python3.12/site-packages/airflow/models/dagbag.py", line 383, in parse
    loader.exec_module(new_module)
  File "<frozen importlib._bootstrap_external>", line 995, in exec_module
  File "<frozen importlib._bootstrap>", line 488, in _call_with_frames_removed
  File "/opt/airflow/dags/driven_data_pipeline.py", line 11, in <module>
    import polars as pl
ModuleNotFoundError: No module named 'polars'
[2025-07-02T02:53:52.289+0000] {processor.py:927} WARNING - No viable dags retrieved from /opt/airflow/dags/driven_data_pipeline.py
[2025-07-02T02:53:52.646+0000] {processor.py:208} INFO - Processing /opt/airflow/dags/driven_data_pipeline.py took 0.582 seconds
[2025-07-02T02:54:25.762+0000] {processor.py:186} INFO - Started process (PID=208) to work on /opt/airflow/dags/driven_data_pipeline.py
[2025-07-02T02:54:25.769+0000] {processor.py:914} INFO - Processing file /opt/airflow/dags/driven_data_pipeline.py for tasks to queue
[2025-07-02T02:54:25.798+0000] {logging_mixin.py:190} INFO - [2025-07-02T02:54:25.794+0000] {dagbag.py:588} INFO - Filling up the DagBag from /opt/airflow/dags/driven_data_pipeline.py
[2025-07-02T02:54:26.042+0000] {logging_mixin.py:190} INFO - [2025-07-02T02:54:26.002+0000] {dagbag.py:387} ERROR - Failed to import: /opt/airflow/dags/driven_data_pipeline.py
Traceback (most recent call last):
  File "/home/airflow/.local/lib/python3.12/site-packages/airflow/models/dagbag.py", line 383, in parse
    loader.exec_module(new_module)
  File "<frozen importlib._bootstrap_external>", line 995, in exec_module
  File "<frozen importlib._bootstrap>", line 488, in _call_with_frames_removed
  File "/opt/airflow/dags/driven_data_pipeline.py", line 11, in <module>
    import polars as pl
ModuleNotFoundError: No module named 'polars'
[2025-07-02T02:54:26.052+0000] {processor.py:927} WARNING - No viable dags retrieved from /opt/airflow/dags/driven_data_pipeline.py
[2025-07-02T02:54:27.261+0000] {processor.py:208} INFO - Processing /opt/airflow/dags/driven_data_pipeline.py took 1.552 seconds
[2025-07-02T02:54:57.461+0000] {processor.py:186} INFO - Started process (PID=215) to work on /opt/airflow/dags/driven_data_pipeline.py
[2025-07-02T02:54:57.464+0000] {processor.py:914} INFO - Processing file /opt/airflow/dags/driven_data_pipeline.py for tasks to queue
[2025-07-02T02:54:57.470+0000] {logging_mixin.py:190} INFO - [2025-07-02T02:54:57.468+0000] {dagbag.py:588} INFO - Filling up the DagBag from /opt/airflow/dags/driven_data_pipeline.py
[2025-07-02T02:54:57.543+0000] {logging_mixin.py:190} INFO - [2025-07-02T02:54:57.530+0000] {dagbag.py:387} ERROR - Failed to import: /opt/airflow/dags/driven_data_pipeline.py
Traceback (most recent call last):
  File "/home/airflow/.local/lib/python3.12/site-packages/airflow/models/dagbag.py", line 383, in parse
    loader.exec_module(new_module)
  File "<frozen importlib._bootstrap_external>", line 995, in exec_module
  File "<frozen importlib._bootstrap>", line 488, in _call_with_frames_removed
  File "/opt/airflow/dags/driven_data_pipeline.py", line 11, in <module>
    import polars as pl
ModuleNotFoundError: No module named 'polars'
[2025-07-02T02:54:57.547+0000] {processor.py:927} WARNING - No viable dags retrieved from /opt/airflow/dags/driven_data_pipeline.py
[2025-07-02T02:54:57.675+0000] {processor.py:208} INFO - Processing /opt/airflow/dags/driven_data_pipeline.py took 0.234 seconds
[2025-07-02T02:55:28.025+0000] {processor.py:186} INFO - Started process (PID=223) to work on /opt/airflow/dags/driven_data_pipeline.py
[2025-07-02T02:55:28.030+0000] {processor.py:914} INFO - Processing file /opt/airflow/dags/driven_data_pipeline.py for tasks to queue
[2025-07-02T02:55:28.037+0000] {logging_mixin.py:190} INFO - [2025-07-02T02:55:28.034+0000] {dagbag.py:588} INFO - Filling up the DagBag from /opt/airflow/dags/driven_data_pipeline.py
[2025-07-02T02:55:28.145+0000] {logging_mixin.py:190} INFO - [2025-07-02T02:55:28.131+0000] {dagbag.py:387} ERROR - Failed to import: /opt/airflow/dags/driven_data_pipeline.py
Traceback (most recent call last):
  File "/home/airflow/.local/lib/python3.12/site-packages/airflow/models/dagbag.py", line 383, in parse
    loader.exec_module(new_module)
  File "<frozen importlib._bootstrap_external>", line 995, in exec_module
  File "<frozen importlib._bootstrap>", line 488, in _call_with_frames_removed
  File "/opt/airflow/dags/driven_data_pipeline.py", line 11, in <module>
    import polars as pl
ModuleNotFoundError: No module named 'polars'
[2025-07-02T02:55:28.149+0000] {processor.py:927} WARNING - No viable dags retrieved from /opt/airflow/dags/driven_data_pipeline.py
[2025-07-02T02:55:28.247+0000] {processor.py:208} INFO - Processing /opt/airflow/dags/driven_data_pipeline.py took 0.250 seconds
[2025-07-02T02:55:58.669+0000] {processor.py:186} INFO - Started process (PID=230) to work on /opt/airflow/dags/driven_data_pipeline.py
[2025-07-02T02:55:58.672+0000] {processor.py:914} INFO - Processing file /opt/airflow/dags/driven_data_pipeline.py for tasks to queue
[2025-07-02T02:55:58.678+0000] {logging_mixin.py:190} INFO - [2025-07-02T02:55:58.677+0000] {dagbag.py:588} INFO - Filling up the DagBag from /opt/airflow/dags/driven_data_pipeline.py
[2025-07-02T02:55:58.809+0000] {logging_mixin.py:190} INFO - [2025-07-02T02:55:58.795+0000] {dagbag.py:387} ERROR - Failed to import: /opt/airflow/dags/driven_data_pipeline.py
Traceback (most recent call last):
  File "/home/airflow/.local/lib/python3.12/site-packages/airflow/models/dagbag.py", line 383, in parse
    loader.exec_module(new_module)
  File "<frozen importlib._bootstrap_external>", line 995, in exec_module
  File "<frozen importlib._bootstrap>", line 488, in _call_with_frames_removed
  File "/opt/airflow/dags/driven_data_pipeline.py", line 11, in <module>
    import polars as pl
ModuleNotFoundError: No module named 'polars'
[2025-07-02T02:55:58.812+0000] {processor.py:927} WARNING - No viable dags retrieved from /opt/airflow/dags/driven_data_pipeline.py
[2025-07-02T02:55:59.023+0000] {processor.py:208} INFO - Processing /opt/airflow/dags/driven_data_pipeline.py took 0.369 seconds
[2025-07-02T02:56:29.406+0000] {processor.py:186} INFO - Started process (PID=237) to work on /opt/airflow/dags/driven_data_pipeline.py
[2025-07-02T02:56:29.414+0000] {processor.py:914} INFO - Processing file /opt/airflow/dags/driven_data_pipeline.py for tasks to queue
[2025-07-02T02:56:29.422+0000] {logging_mixin.py:190} INFO - [2025-07-02T02:56:29.419+0000] {dagbag.py:588} INFO - Filling up the DagBag from /opt/airflow/dags/driven_data_pipeline.py
[2025-07-02T02:56:29.534+0000] {logging_mixin.py:190} INFO - [2025-07-02T02:56:29.516+0000] {dagbag.py:387} ERROR - Failed to import: /opt/airflow/dags/driven_data_pipeline.py
Traceback (most recent call last):
  File "/home/airflow/.local/lib/python3.12/site-packages/airflow/models/dagbag.py", line 383, in parse
    loader.exec_module(new_module)
  File "<frozen importlib._bootstrap_external>", line 995, in exec_module
  File "<frozen importlib._bootstrap>", line 488, in _call_with_frames_removed
  File "/opt/airflow/dags/driven_data_pipeline.py", line 11, in <module>
    import polars as pl
ModuleNotFoundError: No module named 'polars'
[2025-07-02T02:56:29.538+0000] {processor.py:927} WARNING - No viable dags retrieved from /opt/airflow/dags/driven_data_pipeline.py
[2025-07-02T02:56:29.680+0000] {processor.py:208} INFO - Processing /opt/airflow/dags/driven_data_pipeline.py took 0.329 seconds
[2025-07-02T02:57:00.413+0000] {processor.py:186} INFO - Started process (PID=244) to work on /opt/airflow/dags/driven_data_pipeline.py
[2025-07-02T02:57:00.417+0000] {processor.py:914} INFO - Processing file /opt/airflow/dags/driven_data_pipeline.py for tasks to queue
[2025-07-02T02:57:00.423+0000] {logging_mixin.py:190} INFO - [2025-07-02T02:57:00.422+0000] {dagbag.py:588} INFO - Filling up the DagBag from /opt/airflow/dags/driven_data_pipeline.py
[2025-07-02T02:57:00.529+0000] {logging_mixin.py:190} INFO - [2025-07-02T02:57:00.520+0000] {dagbag.py:387} ERROR - Failed to import: /opt/airflow/dags/driven_data_pipeline.py
Traceback (most recent call last):
  File "/home/airflow/.local/lib/python3.12/site-packages/airflow/models/dagbag.py", line 383, in parse
    loader.exec_module(new_module)
  File "<frozen importlib._bootstrap_external>", line 995, in exec_module
  File "<frozen importlib._bootstrap>", line 488, in _call_with_frames_removed
  File "/opt/airflow/dags/driven_data_pipeline.py", line 11, in <module>
    import polars as pl
ModuleNotFoundError: No module named 'polars'
[2025-07-02T02:57:00.532+0000] {processor.py:927} WARNING - No viable dags retrieved from /opt/airflow/dags/driven_data_pipeline.py
[2025-07-02T02:57:00.686+0000] {processor.py:208} INFO - Processing /opt/airflow/dags/driven_data_pipeline.py took 0.291 seconds
[2025-07-02T02:57:31.103+0000] {processor.py:186} INFO - Started process (PID=251) to work on /opt/airflow/dags/driven_data_pipeline.py
[2025-07-02T02:57:31.107+0000] {processor.py:914} INFO - Processing file /opt/airflow/dags/driven_data_pipeline.py for tasks to queue
[2025-07-02T02:57:31.114+0000] {logging_mixin.py:190} INFO - [2025-07-02T02:57:31.112+0000] {dagbag.py:588} INFO - Filling up the DagBag from /opt/airflow/dags/driven_data_pipeline.py
[2025-07-02T02:57:31.193+0000] {logging_mixin.py:190} INFO - [2025-07-02T02:57:31.170+0000] {dagbag.py:387} ERROR - Failed to import: /opt/airflow/dags/driven_data_pipeline.py
Traceback (most recent call last):
  File "/home/airflow/.local/lib/python3.12/site-packages/airflow/models/dagbag.py", line 383, in parse
    loader.exec_module(new_module)
  File "<frozen importlib._bootstrap_external>", line 995, in exec_module
  File "<frozen importlib._bootstrap>", line 488, in _call_with_frames_removed
  File "/opt/airflow/dags/driven_data_pipeline.py", line 11, in <module>
    import polars as pl
ModuleNotFoundError: No module named 'polars'
[2025-07-02T02:57:31.200+0000] {processor.py:927} WARNING - No viable dags retrieved from /opt/airflow/dags/driven_data_pipeline.py
[2025-07-02T02:57:31.290+0000] {processor.py:208} INFO - Processing /opt/airflow/dags/driven_data_pipeline.py took 0.200 seconds
[2025-07-02T03:04:03.422+0000] {processor.py:186} INFO - Started process (PID=259) to work on /opt/airflow/dags/driven_data_pipeline.py
[2025-07-02T03:07:09.326+0000] {processor.py:914} INFO - Processing file /opt/airflow/dags/driven_data_pipeline.py for tasks to queue
[2025-07-02T03:07:22.661+0000] {logging_mixin.py:190} INFO - [2025-07-02T03:07:22.023+0000] {dagbag.py:588} INFO - Filling up the DagBag from /opt/airflow/dags/driven_data_pipeline.py
[2025-07-02T03:07:26.051+0000] {logging_mixin.py:190} INFO - [2025-07-02T03:07:24.560+0000] {dagbag.py:387} ERROR - Failed to import: /opt/airflow/dags/driven_data_pipeline.py
Traceback (most recent call last):
  File "/home/airflow/.local/lib/python3.12/site-packages/airflow/models/dagbag.py", line 383, in parse
    loader.exec_module(new_module)
  File "<frozen importlib._bootstrap_external>", line 995, in exec_module
  File "<frozen importlib._bootstrap>", line 488, in _call_with_frames_removed
  File "/opt/airflow/dags/driven_data_pipeline.py", line 11, in <module>
    import polars as pl
ModuleNotFoundError: No module named 'polars'
[2025-07-02T03:07:27.093+0000] {processor.py:927} WARNING - No viable dags retrieved from /opt/airflow/dags/driven_data_pipeline.py
[2025-07-02T03:08:03.094+0000] {processor.py:186} INFO - Started process (PID=265) to work on /opt/airflow/dags/driven_data_pipeline.py
[2025-07-02T03:08:03.097+0000] {processor.py:914} INFO - Processing file /opt/airflow/dags/driven_data_pipeline.py for tasks to queue
[2025-07-02T03:08:03.108+0000] {logging_mixin.py:190} INFO - [2025-07-02T03:08:03.105+0000] {dagbag.py:588} INFO - Filling up the DagBag from /opt/airflow/dags/driven_data_pipeline.py
[2025-07-02T03:08:03.190+0000] {logging_mixin.py:190} INFO - [2025-07-02T03:08:03.178+0000] {dagbag.py:387} ERROR - Failed to import: /opt/airflow/dags/driven_data_pipeline.py
Traceback (most recent call last):
  File "/home/airflow/.local/lib/python3.12/site-packages/airflow/models/dagbag.py", line 383, in parse
    loader.exec_module(new_module)
  File "<frozen importlib._bootstrap_external>", line 995, in exec_module
  File "<frozen importlib._bootstrap>", line 488, in _call_with_frames_removed
  File "/opt/airflow/dags/driven_data_pipeline.py", line 11, in <module>
    import polars as pl
ModuleNotFoundError: No module named 'polars'
[2025-07-02T03:08:03.193+0000] {processor.py:927} WARNING - No viable dags retrieved from /opt/airflow/dags/driven_data_pipeline.py
[2025-07-02T03:08:03.346+0000] {processor.py:208} INFO - Processing /opt/airflow/dags/driven_data_pipeline.py took 0.283 seconds
[2025-07-02T03:08:33.937+0000] {processor.py:186} INFO - Started process (PID=273) to work on /opt/airflow/dags/driven_data_pipeline.py
[2025-07-02T03:08:33.940+0000] {processor.py:914} INFO - Processing file /opt/airflow/dags/driven_data_pipeline.py for tasks to queue
[2025-07-02T03:08:33.946+0000] {logging_mixin.py:190} INFO - [2025-07-02T03:08:33.945+0000] {dagbag.py:588} INFO - Filling up the DagBag from /opt/airflow/dags/driven_data_pipeline.py
[2025-07-02T03:08:34.024+0000] {logging_mixin.py:190} INFO - [2025-07-02T03:08:34.012+0000] {dagbag.py:387} ERROR - Failed to import: /opt/airflow/dags/driven_data_pipeline.py
Traceback (most recent call last):
  File "/home/airflow/.local/lib/python3.12/site-packages/airflow/models/dagbag.py", line 383, in parse
    loader.exec_module(new_module)
  File "<frozen importlib._bootstrap_external>", line 995, in exec_module
  File "<frozen importlib._bootstrap>", line 488, in _call_with_frames_removed
  File "/opt/airflow/dags/driven_data_pipeline.py", line 11, in <module>
    import polars as pl
ModuleNotFoundError: No module named 'polars'
[2025-07-02T03:08:34.026+0000] {processor.py:927} WARNING - No viable dags retrieved from /opt/airflow/dags/driven_data_pipeline.py
[2025-07-02T03:08:34.096+0000] {processor.py:208} INFO - Processing /opt/airflow/dags/driven_data_pipeline.py took 0.173 seconds
[2025-07-02T03:09:05.544+0000] {processor.py:186} INFO - Started process (PID=280) to work on /opt/airflow/dags/driven_data_pipeline.py
[2025-07-02T03:09:05.551+0000] {processor.py:914} INFO - Processing file /opt/airflow/dags/driven_data_pipeline.py for tasks to queue
[2025-07-02T03:09:05.585+0000] {logging_mixin.py:190} INFO - [2025-07-02T03:09:05.571+0000] {dagbag.py:588} INFO - Filling up the DagBag from /opt/airflow/dags/driven_data_pipeline.py
[2025-07-02T03:09:06.165+0000] {logging_mixin.py:190} INFO - [2025-07-02T03:09:06.137+0000] {dagbag.py:387} ERROR - Failed to import: /opt/airflow/dags/driven_data_pipeline.py
Traceback (most recent call last):
  File "/home/airflow/.local/lib/python3.12/site-packages/airflow/models/dagbag.py", line 383, in parse
    loader.exec_module(new_module)
  File "<frozen importlib._bootstrap_external>", line 995, in exec_module
  File "<frozen importlib._bootstrap>", line 488, in _call_with_frames_removed
  File "/opt/airflow/dags/driven_data_pipeline.py", line 11, in <module>
    import polars as pl
ModuleNotFoundError: No module named 'polars'
[2025-07-02T03:09:06.169+0000] {processor.py:927} WARNING - No viable dags retrieved from /opt/airflow/dags/driven_data_pipeline.py
[2025-07-02T03:09:06.695+0000] {processor.py:208} INFO - Processing /opt/airflow/dags/driven_data_pipeline.py took 1.187 seconds
[2025-07-02T03:09:37.348+0000] {processor.py:186} INFO - Started process (PID=288) to work on /opt/airflow/dags/driven_data_pipeline.py
[2025-07-02T03:09:37.367+0000] {processor.py:914} INFO - Processing file /opt/airflow/dags/driven_data_pipeline.py for tasks to queue
[2025-07-02T03:09:37.418+0000] {logging_mixin.py:190} INFO - [2025-07-02T03:09:37.411+0000] {dagbag.py:588} INFO - Filling up the DagBag from /opt/airflow/dags/driven_data_pipeline.py
[2025-07-02T03:09:37.739+0000] {logging_mixin.py:190} INFO - [2025-07-02T03:09:37.682+0000] {dagbag.py:387} ERROR - Failed to import: /opt/airflow/dags/driven_data_pipeline.py
Traceback (most recent call last):
  File "/home/airflow/.local/lib/python3.12/site-packages/airflow/models/dagbag.py", line 383, in parse
    loader.exec_module(new_module)
  File "<frozen importlib._bootstrap_external>", line 995, in exec_module
  File "<frozen importlib._bootstrap>", line 488, in _call_with_frames_removed
  File "/opt/airflow/dags/driven_data_pipeline.py", line 11, in <module>
    import polars as pl
ModuleNotFoundError: No module named 'polars'
[2025-07-02T03:09:37.821+0000] {processor.py:927} WARNING - No viable dags retrieved from /opt/airflow/dags/driven_data_pipeline.py
[2025-07-02T03:09:38.393+0000] {processor.py:208} INFO - Processing /opt/airflow/dags/driven_data_pipeline.py took 1.190 seconds
[2025-07-02T03:18:00.778+0000] {processor.py:186} INFO - Started process (PID=296) to work on /opt/airflow/dags/driven_data_pipeline.py
[2025-07-02T03:18:09.479+0000] {processor.py:914} INFO - Processing file /opt/airflow/dags/driven_data_pipeline.py for tasks to queue
[2025-07-02T03:20:32.807+0000] {logging_mixin.py:190} INFO - [2025-07-02T03:20:32.017+0000] {dagbag.py:588} INFO - Filling up the DagBag from /opt/airflow/dags/driven_data_pipeline.py
[2025-07-02T03:20:40.536+0000] {logging_mixin.py:190} INFO - [2025-07-02T03:20:39.746+0000] {dagbag.py:387} ERROR - Failed to import: /opt/airflow/dags/driven_data_pipeline.py
Traceback (most recent call last):
  File "/home/airflow/.local/lib/python3.12/site-packages/airflow/models/dagbag.py", line 383, in parse
    loader.exec_module(new_module)
  File "<frozen importlib._bootstrap_external>", line 995, in exec_module
  File "<frozen importlib._bootstrap>", line 488, in _call_with_frames_removed
  File "/opt/airflow/dags/driven_data_pipeline.py", line 11, in <module>
    import polars as pl
ModuleNotFoundError: No module named 'polars'
[2025-07-02T03:20:40.666+0000] {processor.py:927} WARNING - No viable dags retrieved from /opt/airflow/dags/driven_data_pipeline.py
[2025-07-02T03:21:22.442+0000] {processor.py:186} INFO - Started process (PID=303) to work on /opt/airflow/dags/driven_data_pipeline.py
[2025-07-02T03:21:22.461+0000] {processor.py:914} INFO - Processing file /opt/airflow/dags/driven_data_pipeline.py for tasks to queue
[2025-07-02T03:21:22.500+0000] {logging_mixin.py:190} INFO - [2025-07-02T03:21:22.495+0000] {dagbag.py:588} INFO - Filling up the DagBag from /opt/airflow/dags/driven_data_pipeline.py
[2025-07-02T03:21:22.652+0000] {logging_mixin.py:190} INFO - [2025-07-02T03:21:22.634+0000] {dagbag.py:387} ERROR - Failed to import: /opt/airflow/dags/driven_data_pipeline.py
Traceback (most recent call last):
  File "/home/airflow/.local/lib/python3.12/site-packages/airflow/models/dagbag.py", line 383, in parse
    loader.exec_module(new_module)
  File "<frozen importlib._bootstrap_external>", line 995, in exec_module
  File "<frozen importlib._bootstrap>", line 488, in _call_with_frames_removed
  File "/opt/airflow/dags/driven_data_pipeline.py", line 11, in <module>
    import polars as pl
ModuleNotFoundError: No module named 'polars'
[2025-07-02T03:21:22.659+0000] {processor.py:927} WARNING - No viable dags retrieved from /opt/airflow/dags/driven_data_pipeline.py
[2025-07-02T03:21:22.890+0000] {processor.py:208} INFO - Processing /opt/airflow/dags/driven_data_pipeline.py took 0.502 seconds
[2025-07-02T03:21:53.400+0000] {processor.py:186} INFO - Started process (PID=310) to work on /opt/airflow/dags/driven_data_pipeline.py
[2025-07-02T03:21:53.404+0000] {processor.py:914} INFO - Processing file /opt/airflow/dags/driven_data_pipeline.py for tasks to queue
[2025-07-02T03:21:53.410+0000] {logging_mixin.py:190} INFO - [2025-07-02T03:21:53.409+0000] {dagbag.py:588} INFO - Filling up the DagBag from /opt/airflow/dags/driven_data_pipeline.py
[2025-07-02T03:21:53.475+0000] {logging_mixin.py:190} INFO - [2025-07-02T03:21:53.464+0000] {dagbag.py:387} ERROR - Failed to import: /opt/airflow/dags/driven_data_pipeline.py
Traceback (most recent call last):
  File "/home/airflow/.local/lib/python3.12/site-packages/airflow/models/dagbag.py", line 383, in parse
    loader.exec_module(new_module)
  File "<frozen importlib._bootstrap_external>", line 995, in exec_module
  File "<frozen importlib._bootstrap>", line 488, in _call_with_frames_removed
  File "/opt/airflow/dags/driven_data_pipeline.py", line 11, in <module>
    import polars as pl
ModuleNotFoundError: No module named 'polars'
[2025-07-02T03:21:53.478+0000] {processor.py:927} WARNING - No viable dags retrieved from /opt/airflow/dags/driven_data_pipeline.py
[2025-07-02T03:21:53.523+0000] {processor.py:208} INFO - Processing /opt/airflow/dags/driven_data_pipeline.py took 0.137 seconds
[2025-07-02T03:22:24.387+0000] {processor.py:186} INFO - Started process (PID=318) to work on /opt/airflow/dags/driven_data_pipeline.py
[2025-07-02T03:22:24.393+0000] {processor.py:914} INFO - Processing file /opt/airflow/dags/driven_data_pipeline.py for tasks to queue
[2025-07-02T03:22:24.401+0000] {logging_mixin.py:190} INFO - [2025-07-02T03:22:24.400+0000] {dagbag.py:588} INFO - Filling up the DagBag from /opt/airflow/dags/driven_data_pipeline.py
[2025-07-02T03:22:24.475+0000] {logging_mixin.py:190} INFO - [2025-07-02T03:22:24.457+0000] {dagbag.py:387} ERROR - Failed to import: /opt/airflow/dags/driven_data_pipeline.py
Traceback (most recent call last):
  File "/home/airflow/.local/lib/python3.12/site-packages/airflow/models/dagbag.py", line 383, in parse
    loader.exec_module(new_module)
  File "<frozen importlib._bootstrap_external>", line 995, in exec_module
  File "<frozen importlib._bootstrap>", line 488, in _call_with_frames_removed
  File "/opt/airflow/dags/driven_data_pipeline.py", line 11, in <module>
    import polars as pl
ModuleNotFoundError: No module named 'polars'
[2025-07-02T03:22:24.479+0000] {processor.py:927} WARNING - No viable dags retrieved from /opt/airflow/dags/driven_data_pipeline.py
[2025-07-02T03:22:24.688+0000] {processor.py:208} INFO - Processing /opt/airflow/dags/driven_data_pipeline.py took 0.316 seconds
[2025-07-02T03:22:55.485+0000] {processor.py:186} INFO - Started process (PID=326) to work on /opt/airflow/dags/driven_data_pipeline.py
[2025-07-02T03:22:55.487+0000] {processor.py:914} INFO - Processing file /opt/airflow/dags/driven_data_pipeline.py for tasks to queue
[2025-07-02T03:22:55.499+0000] {logging_mixin.py:190} INFO - [2025-07-02T03:22:55.496+0000] {dagbag.py:588} INFO - Filling up the DagBag from /opt/airflow/dags/driven_data_pipeline.py
[2025-07-02T03:22:55.592+0000] {logging_mixin.py:190} INFO - [2025-07-02T03:22:55.582+0000] {dagbag.py:387} ERROR - Failed to import: /opt/airflow/dags/driven_data_pipeline.py
Traceback (most recent call last):
  File "/home/airflow/.local/lib/python3.12/site-packages/airflow/models/dagbag.py", line 383, in parse
    loader.exec_module(new_module)
  File "<frozen importlib._bootstrap_external>", line 995, in exec_module
  File "<frozen importlib._bootstrap>", line 488, in _call_with_frames_removed
  File "/opt/airflow/dags/driven_data_pipeline.py", line 11, in <module>
    import polars as pl
ModuleNotFoundError: No module named 'polars'
[2025-07-02T03:22:55.595+0000] {processor.py:927} WARNING - No viable dags retrieved from /opt/airflow/dags/driven_data_pipeline.py
[2025-07-02T03:22:55.733+0000] {processor.py:208} INFO - Processing /opt/airflow/dags/driven_data_pipeline.py took 0.266 seconds
[2025-07-02T03:23:26.009+0000] {processor.py:186} INFO - Started process (PID=333) to work on /opt/airflow/dags/driven_data_pipeline.py
[2025-07-02T03:23:26.011+0000] {processor.py:914} INFO - Processing file /opt/airflow/dags/driven_data_pipeline.py for tasks to queue
[2025-07-02T03:23:26.024+0000] {logging_mixin.py:190} INFO - [2025-07-02T03:23:26.020+0000] {dagbag.py:588} INFO - Filling up the DagBag from /opt/airflow/dags/driven_data_pipeline.py
[2025-07-02T03:23:26.109+0000] {logging_mixin.py:190} INFO - [2025-07-02T03:23:26.091+0000] {dagbag.py:387} ERROR - Failed to import: /opt/airflow/dags/driven_data_pipeline.py
Traceback (most recent call last):
  File "/home/airflow/.local/lib/python3.12/site-packages/airflow/models/dagbag.py", line 383, in parse
    loader.exec_module(new_module)
  File "<frozen importlib._bootstrap_external>", line 995, in exec_module
  File "<frozen importlib._bootstrap>", line 488, in _call_with_frames_removed
  File "/opt/airflow/dags/driven_data_pipeline.py", line 11, in <module>
    import polars as pl
ModuleNotFoundError: No module named 'polars'
[2025-07-02T03:23:26.114+0000] {processor.py:927} WARNING - No viable dags retrieved from /opt/airflow/dags/driven_data_pipeline.py
[2025-07-02T03:23:26.272+0000] {processor.py:208} INFO - Processing /opt/airflow/dags/driven_data_pipeline.py took 0.281 seconds
[2025-07-02T03:23:57.468+0000] {processor.py:186} INFO - Started process (PID=340) to work on /opt/airflow/dags/driven_data_pipeline.py
[2025-07-02T03:23:57.470+0000] {processor.py:914} INFO - Processing file /opt/airflow/dags/driven_data_pipeline.py for tasks to queue
[2025-07-02T03:23:57.480+0000] {logging_mixin.py:190} INFO - [2025-07-02T03:23:57.477+0000] {dagbag.py:588} INFO - Filling up the DagBag from /opt/airflow/dags/driven_data_pipeline.py
[2025-07-02T03:23:57.614+0000] {logging_mixin.py:190} INFO - [2025-07-02T03:23:57.562+0000] {dagbag.py:387} ERROR - Failed to import: /opt/airflow/dags/driven_data_pipeline.py
Traceback (most recent call last):
  File "/home/airflow/.local/lib/python3.12/site-packages/airflow/models/dagbag.py", line 383, in parse
    loader.exec_module(new_module)
  File "<frozen importlib._bootstrap_external>", line 995, in exec_module
  File "<frozen importlib._bootstrap>", line 488, in _call_with_frames_removed
  File "/opt/airflow/dags/driven_data_pipeline.py", line 11, in <module>
    import polars as pl
ModuleNotFoundError: No module named 'polars'
[2025-07-02T03:23:57.618+0000] {processor.py:927} WARNING - No viable dags retrieved from /opt/airflow/dags/driven_data_pipeline.py
[2025-07-02T03:23:57.721+0000] {processor.py:208} INFO - Processing /opt/airflow/dags/driven_data_pipeline.py took 0.276 seconds
[2025-07-02T03:24:28.409+0000] {processor.py:186} INFO - Started process (PID=348) to work on /opt/airflow/dags/driven_data_pipeline.py
[2025-07-02T03:24:28.411+0000] {processor.py:914} INFO - Processing file /opt/airflow/dags/driven_data_pipeline.py for tasks to queue
[2025-07-02T03:24:28.420+0000] {logging_mixin.py:190} INFO - [2025-07-02T03:24:28.417+0000] {dagbag.py:588} INFO - Filling up the DagBag from /opt/airflow/dags/driven_data_pipeline.py
[2025-07-02T03:24:28.478+0000] {logging_mixin.py:190} INFO - [2025-07-02T03:24:28.466+0000] {dagbag.py:387} ERROR - Failed to import: /opt/airflow/dags/driven_data_pipeline.py
Traceback (most recent call last):
  File "/home/airflow/.local/lib/python3.12/site-packages/airflow/models/dagbag.py", line 383, in parse
    loader.exec_module(new_module)
  File "<frozen importlib._bootstrap_external>", line 995, in exec_module
  File "<frozen importlib._bootstrap>", line 488, in _call_with_frames_removed
  File "/opt/airflow/dags/driven_data_pipeline.py", line 11, in <module>
    import polars as pl
ModuleNotFoundError: No module named 'polars'
[2025-07-02T03:24:28.481+0000] {processor.py:927} WARNING - No viable dags retrieved from /opt/airflow/dags/driven_data_pipeline.py
[2025-07-02T03:24:28.619+0000] {processor.py:208} INFO - Processing /opt/airflow/dags/driven_data_pipeline.py took 0.246 seconds
[2025-07-02T03:24:59.098+0000] {processor.py:186} INFO - Started process (PID=355) to work on /opt/airflow/dags/driven_data_pipeline.py
[2025-07-02T03:24:59.100+0000] {processor.py:914} INFO - Processing file /opt/airflow/dags/driven_data_pipeline.py for tasks to queue
[2025-07-02T03:24:59.110+0000] {logging_mixin.py:190} INFO - [2025-07-02T03:24:59.106+0000] {dagbag.py:588} INFO - Filling up the DagBag from /opt/airflow/dags/driven_data_pipeline.py
[2025-07-02T03:24:59.167+0000] {logging_mixin.py:190} INFO - [2025-07-02T03:24:59.158+0000] {dagbag.py:387} ERROR - Failed to import: /opt/airflow/dags/driven_data_pipeline.py
Traceback (most recent call last):
  File "/home/airflow/.local/lib/python3.12/site-packages/airflow/models/dagbag.py", line 383, in parse
    loader.exec_module(new_module)
  File "<frozen importlib._bootstrap_external>", line 995, in exec_module
  File "<frozen importlib._bootstrap>", line 488, in _call_with_frames_removed
  File "/opt/airflow/dags/driven_data_pipeline.py", line 11, in <module>
    import polars as pl
ModuleNotFoundError: No module named 'polars'
[2025-07-02T03:24:59.171+0000] {processor.py:927} WARNING - No viable dags retrieved from /opt/airflow/dags/driven_data_pipeline.py
[2025-07-02T03:24:59.280+0000] {processor.py:208} INFO - Processing /opt/airflow/dags/driven_data_pipeline.py took 0.214 seconds
[2025-07-02T03:25:29.962+0000] {processor.py:186} INFO - Started process (PID=362) to work on /opt/airflow/dags/driven_data_pipeline.py
[2025-07-02T03:25:29.963+0000] {processor.py:914} INFO - Processing file /opt/airflow/dags/driven_data_pipeline.py for tasks to queue
[2025-07-02T03:25:29.969+0000] {logging_mixin.py:190} INFO - [2025-07-02T03:25:29.967+0000] {dagbag.py:588} INFO - Filling up the DagBag from /opt/airflow/dags/driven_data_pipeline.py
[2025-07-02T03:25:30.064+0000] {logging_mixin.py:190} INFO - [2025-07-02T03:25:30.050+0000] {dagbag.py:387} ERROR - Failed to import: /opt/airflow/dags/driven_data_pipeline.py
Traceback (most recent call last):
  File "/home/airflow/.local/lib/python3.12/site-packages/airflow/models/dagbag.py", line 383, in parse
    loader.exec_module(new_module)
  File "<frozen importlib._bootstrap_external>", line 995, in exec_module
  File "<frozen importlib._bootstrap>", line 488, in _call_with_frames_removed
  File "/opt/airflow/dags/driven_data_pipeline.py", line 11, in <module>
    import polars as pl
ModuleNotFoundError: No module named 'polars'
[2025-07-02T03:25:30.068+0000] {processor.py:927} WARNING - No viable dags retrieved from /opt/airflow/dags/driven_data_pipeline.py
[2025-07-02T03:25:30.232+0000] {processor.py:208} INFO - Processing /opt/airflow/dags/driven_data_pipeline.py took 0.287 seconds
[2025-07-02T03:26:00.867+0000] {processor.py:186} INFO - Started process (PID=370) to work on /opt/airflow/dags/driven_data_pipeline.py
[2025-07-02T03:26:00.869+0000] {processor.py:914} INFO - Processing file /opt/airflow/dags/driven_data_pipeline.py for tasks to queue
[2025-07-02T03:26:00.880+0000] {logging_mixin.py:190} INFO - [2025-07-02T03:26:00.879+0000] {dagbag.py:588} INFO - Filling up the DagBag from /opt/airflow/dags/driven_data_pipeline.py
[2025-07-02T03:26:01.013+0000] {logging_mixin.py:190} INFO - [2025-07-02T03:26:00.994+0000] {dagbag.py:387} ERROR - Failed to import: /opt/airflow/dags/driven_data_pipeline.py
Traceback (most recent call last):
  File "/home/airflow/.local/lib/python3.12/site-packages/airflow/models/dagbag.py", line 383, in parse
    loader.exec_module(new_module)
  File "<frozen importlib._bootstrap_external>", line 995, in exec_module
  File "<frozen importlib._bootstrap>", line 488, in _call_with_frames_removed
  File "/opt/airflow/dags/driven_data_pipeline.py", line 11, in <module>
    import polars as pl
ModuleNotFoundError: No module named 'polars'
[2025-07-02T03:26:01.024+0000] {processor.py:927} WARNING - No viable dags retrieved from /opt/airflow/dags/driven_data_pipeline.py
[2025-07-02T03:26:01.262+0000] {processor.py:208} INFO - Processing /opt/airflow/dags/driven_data_pipeline.py took 0.414 seconds
[2025-07-02T03:26:31.779+0000] {processor.py:186} INFO - Started process (PID=377) to work on /opt/airflow/dags/driven_data_pipeline.py
[2025-07-02T03:26:31.785+0000] {processor.py:914} INFO - Processing file /opt/airflow/dags/driven_data_pipeline.py for tasks to queue
[2025-07-02T03:26:31.792+0000] {logging_mixin.py:190} INFO - [2025-07-02T03:26:31.790+0000] {dagbag.py:588} INFO - Filling up the DagBag from /opt/airflow/dags/driven_data_pipeline.py
[2025-07-02T03:26:31.882+0000] {logging_mixin.py:190} INFO - [2025-07-02T03:26:31.871+0000] {dagbag.py:387} ERROR - Failed to import: /opt/airflow/dags/driven_data_pipeline.py
Traceback (most recent call last):
  File "/home/airflow/.local/lib/python3.12/site-packages/airflow/models/dagbag.py", line 383, in parse
    loader.exec_module(new_module)
  File "<frozen importlib._bootstrap_external>", line 995, in exec_module
  File "<frozen importlib._bootstrap>", line 488, in _call_with_frames_removed
  File "/opt/airflow/dags/driven_data_pipeline.py", line 11, in <module>
    import polars as pl
ModuleNotFoundError: No module named 'polars'
[2025-07-02T03:26:31.886+0000] {processor.py:927} WARNING - No viable dags retrieved from /opt/airflow/dags/driven_data_pipeline.py
[2025-07-02T03:26:32.098+0000] {processor.py:208} INFO - Processing /opt/airflow/dags/driven_data_pipeline.py took 0.340 seconds
[2025-07-02T03:27:02.648+0000] {processor.py:186} INFO - Started process (PID=384) to work on /opt/airflow/dags/driven_data_pipeline.py
[2025-07-02T03:27:02.650+0000] {processor.py:914} INFO - Processing file /opt/airflow/dags/driven_data_pipeline.py for tasks to queue
[2025-07-02T03:27:02.656+0000] {logging_mixin.py:190} INFO - [2025-07-02T03:27:02.654+0000] {dagbag.py:588} INFO - Filling up the DagBag from /opt/airflow/dags/driven_data_pipeline.py
[2025-07-02T03:27:02.777+0000] {logging_mixin.py:190} INFO - [2025-07-02T03:27:02.763+0000] {dagbag.py:387} ERROR - Failed to import: /opt/airflow/dags/driven_data_pipeline.py
Traceback (most recent call last):
  File "/home/airflow/.local/lib/python3.12/site-packages/airflow/models/dagbag.py", line 383, in parse
    loader.exec_module(new_module)
  File "<frozen importlib._bootstrap_external>", line 995, in exec_module
  File "<frozen importlib._bootstrap>", line 488, in _call_with_frames_removed
  File "/opt/airflow/dags/driven_data_pipeline.py", line 11, in <module>
    import polars as pl
ModuleNotFoundError: No module named 'polars'
[2025-07-02T03:27:02.780+0000] {processor.py:927} WARNING - No viable dags retrieved from /opt/airflow/dags/driven_data_pipeline.py
[2025-07-02T03:27:02.874+0000] {processor.py:208} INFO - Processing /opt/airflow/dags/driven_data_pipeline.py took 0.247 seconds
[2025-07-02T03:27:33.541+0000] {processor.py:186} INFO - Started process (PID=391) to work on /opt/airflow/dags/driven_data_pipeline.py
[2025-07-02T03:27:33.543+0000] {processor.py:914} INFO - Processing file /opt/airflow/dags/driven_data_pipeline.py for tasks to queue
[2025-07-02T03:27:33.550+0000] {logging_mixin.py:190} INFO - [2025-07-02T03:27:33.547+0000] {dagbag.py:588} INFO - Filling up the DagBag from /opt/airflow/dags/driven_data_pipeline.py
[2025-07-02T03:27:33.619+0000] {logging_mixin.py:190} INFO - [2025-07-02T03:27:33.607+0000] {dagbag.py:387} ERROR - Failed to import: /opt/airflow/dags/driven_data_pipeline.py
Traceback (most recent call last):
  File "/home/airflow/.local/lib/python3.12/site-packages/airflow/models/dagbag.py", line 383, in parse
    loader.exec_module(new_module)
  File "<frozen importlib._bootstrap_external>", line 995, in exec_module
  File "<frozen importlib._bootstrap>", line 488, in _call_with_frames_removed
  File "/opt/airflow/dags/driven_data_pipeline.py", line 11, in <module>
    import polars as pl
ModuleNotFoundError: No module named 'polars'
[2025-07-02T03:27:33.622+0000] {processor.py:927} WARNING - No viable dags retrieved from /opt/airflow/dags/driven_data_pipeline.py
[2025-07-02T03:27:33.756+0000] {processor.py:208} INFO - Processing /opt/airflow/dags/driven_data_pipeline.py took 0.244 seconds
[2025-07-02T03:28:04.089+0000] {processor.py:186} INFO - Started process (PID=398) to work on /opt/airflow/dags/driven_data_pipeline.py
[2025-07-02T03:28:04.102+0000] {processor.py:914} INFO - Processing file /opt/airflow/dags/driven_data_pipeline.py for tasks to queue
[2025-07-02T03:28:04.117+0000] {logging_mixin.py:190} INFO - [2025-07-02T03:28:04.112+0000] {dagbag.py:588} INFO - Filling up the DagBag from /opt/airflow/dags/driven_data_pipeline.py
[2025-07-02T03:28:04.222+0000] {logging_mixin.py:190} INFO - [2025-07-02T03:28:04.198+0000] {dagbag.py:387} ERROR - Failed to import: /opt/airflow/dags/driven_data_pipeline.py
Traceback (most recent call last):
  File "/home/airflow/.local/lib/python3.12/site-packages/airflow/models/dagbag.py", line 383, in parse
    loader.exec_module(new_module)
  File "<frozen importlib._bootstrap_external>", line 995, in exec_module
  File "<frozen importlib._bootstrap>", line 488, in _call_with_frames_removed
  File "/opt/airflow/dags/driven_data_pipeline.py", line 11, in <module>
    import polars as pl
ModuleNotFoundError: No module named 'polars'
[2025-07-02T03:28:04.230+0000] {processor.py:927} WARNING - No viable dags retrieved from /opt/airflow/dags/driven_data_pipeline.py
[2025-07-02T03:28:04.472+0000] {processor.py:208} INFO - Processing /opt/airflow/dags/driven_data_pipeline.py took 0.431 seconds
[2025-07-02T03:28:35.142+0000] {processor.py:186} INFO - Started process (PID=405) to work on /opt/airflow/dags/driven_data_pipeline.py
[2025-07-02T03:28:35.145+0000] {processor.py:914} INFO - Processing file /opt/airflow/dags/driven_data_pipeline.py for tasks to queue
[2025-07-02T03:28:35.154+0000] {logging_mixin.py:190} INFO - [2025-07-02T03:28:35.152+0000] {dagbag.py:588} INFO - Filling up the DagBag from /opt/airflow/dags/driven_data_pipeline.py
[2025-07-02T03:28:35.250+0000] {logging_mixin.py:190} INFO - [2025-07-02T03:28:35.226+0000] {dagbag.py:387} ERROR - Failed to import: /opt/airflow/dags/driven_data_pipeline.py
Traceback (most recent call last):
  File "/home/airflow/.local/lib/python3.12/site-packages/airflow/models/dagbag.py", line 383, in parse
    loader.exec_module(new_module)
  File "<frozen importlib._bootstrap_external>", line 995, in exec_module
  File "<frozen importlib._bootstrap>", line 488, in _call_with_frames_removed
  File "/opt/airflow/dags/driven_data_pipeline.py", line 11, in <module>
    import polars as pl
ModuleNotFoundError: No module named 'polars'
[2025-07-02T03:28:35.267+0000] {processor.py:927} WARNING - No viable dags retrieved from /opt/airflow/dags/driven_data_pipeline.py
[2025-07-02T03:28:35.437+0000] {processor.py:208} INFO - Processing /opt/airflow/dags/driven_data_pipeline.py took 0.313 seconds
[2025-07-02T03:29:05.885+0000] {processor.py:186} INFO - Started process (PID=412) to work on /opt/airflow/dags/driven_data_pipeline.py
[2025-07-02T03:29:05.887+0000] {processor.py:914} INFO - Processing file /opt/airflow/dags/driven_data_pipeline.py for tasks to queue
[2025-07-02T03:29:05.894+0000] {logging_mixin.py:190} INFO - [2025-07-02T03:29:05.892+0000] {dagbag.py:588} INFO - Filling up the DagBag from /opt/airflow/dags/driven_data_pipeline.py
[2025-07-02T03:29:05.996+0000] {logging_mixin.py:190} INFO - [2025-07-02T03:29:05.961+0000] {dagbag.py:387} ERROR - Failed to import: /opt/airflow/dags/driven_data_pipeline.py
Traceback (most recent call last):
  File "/home/airflow/.local/lib/python3.12/site-packages/airflow/models/dagbag.py", line 383, in parse
    loader.exec_module(new_module)
  File "<frozen importlib._bootstrap_external>", line 995, in exec_module
  File "<frozen importlib._bootstrap>", line 488, in _call_with_frames_removed
  File "/opt/airflow/dags/driven_data_pipeline.py", line 11, in <module>
    import polars as pl
ModuleNotFoundError: No module named 'polars'
[2025-07-02T03:29:05.999+0000] {processor.py:927} WARNING - No viable dags retrieved from /opt/airflow/dags/driven_data_pipeline.py
[2025-07-02T03:29:06.109+0000] {processor.py:208} INFO - Processing /opt/airflow/dags/driven_data_pipeline.py took 0.243 seconds
[2025-07-02T03:29:36.520+0000] {processor.py:186} INFO - Started process (PID=419) to work on /opt/airflow/dags/driven_data_pipeline.py
[2025-07-02T03:29:36.544+0000] {processor.py:914} INFO - Processing file /opt/airflow/dags/driven_data_pipeline.py for tasks to queue
[2025-07-02T03:29:36.553+0000] {logging_mixin.py:190} INFO - [2025-07-02T03:29:36.550+0000] {dagbag.py:588} INFO - Filling up the DagBag from /opt/airflow/dags/driven_data_pipeline.py
[2025-07-02T03:29:36.778+0000] {logging_mixin.py:190} INFO - [2025-07-02T03:29:36.748+0000] {dagbag.py:387} ERROR - Failed to import: /opt/airflow/dags/driven_data_pipeline.py
Traceback (most recent call last):
  File "/home/airflow/.local/lib/python3.12/site-packages/airflow/models/dagbag.py", line 383, in parse
    loader.exec_module(new_module)
  File "<frozen importlib._bootstrap_external>", line 995, in exec_module
  File "<frozen importlib._bootstrap>", line 488, in _call_with_frames_removed
  File "/opt/airflow/dags/driven_data_pipeline.py", line 11, in <module>
    import polars as pl
ModuleNotFoundError: No module named 'polars'
[2025-07-02T03:29:36.799+0000] {processor.py:927} WARNING - No viable dags retrieved from /opt/airflow/dags/driven_data_pipeline.py
[2025-07-02T03:29:37.205+0000] {processor.py:208} INFO - Processing /opt/airflow/dags/driven_data_pipeline.py took 0.731 seconds
[2025-07-02T03:30:07.843+0000] {processor.py:186} INFO - Started process (PID=426) to work on /opt/airflow/dags/driven_data_pipeline.py
[2025-07-02T03:30:07.846+0000] {processor.py:914} INFO - Processing file /opt/airflow/dags/driven_data_pipeline.py for tasks to queue
[2025-07-02T03:30:07.858+0000] {logging_mixin.py:190} INFO - [2025-07-02T03:30:07.856+0000] {dagbag.py:588} INFO - Filling up the DagBag from /opt/airflow/dags/driven_data_pipeline.py
[2025-07-02T03:30:08.072+0000] {logging_mixin.py:190} INFO - [2025-07-02T03:30:08.041+0000] {dagbag.py:387} ERROR - Failed to import: /opt/airflow/dags/driven_data_pipeline.py
Traceback (most recent call last):
  File "/home/airflow/.local/lib/python3.12/site-packages/airflow/models/dagbag.py", line 383, in parse
    loader.exec_module(new_module)
  File "<frozen importlib._bootstrap_external>", line 995, in exec_module
  File "<frozen importlib._bootstrap>", line 488, in _call_with_frames_removed
  File "/opt/airflow/dags/driven_data_pipeline.py", line 11, in <module>
    import polars as pl
ModuleNotFoundError: No module named 'polars'
[2025-07-02T03:30:08.079+0000] {processor.py:927} WARNING - No viable dags retrieved from /opt/airflow/dags/driven_data_pipeline.py
[2025-07-02T03:30:08.362+0000] {processor.py:208} INFO - Processing /opt/airflow/dags/driven_data_pipeline.py took 0.541 seconds
[2025-07-02T03:39:17.082+0000] {processor.py:186} INFO - Started process (PID=65) to work on /opt/airflow/dags/driven_data_pipeline.py
[2025-07-02T03:39:17.086+0000] {processor.py:914} INFO - Processing file /opt/airflow/dags/driven_data_pipeline.py for tasks to queue
[2025-07-02T03:39:17.090+0000] {logging_mixin.py:190} INFO - [2025-07-02T03:39:17.089+0000] {dagbag.py:588} INFO - Filling up the DagBag from /opt/airflow/dags/driven_data_pipeline.py
[2025-07-02T03:39:17.161+0000] {logging_mixin.py:190} INFO - [2025-07-02T03:39:17.145+0000] {dagbag.py:387} ERROR - Failed to import: /opt/airflow/dags/driven_data_pipeline.py
Traceback (most recent call last):
  File "/home/airflow/.local/lib/python3.12/site-packages/airflow/models/dagbag.py", line 383, in parse
    loader.exec_module(new_module)
  File "<frozen importlib._bootstrap_external>", line 995, in exec_module
  File "<frozen importlib._bootstrap>", line 488, in _call_with_frames_removed
  File "/opt/airflow/dags/driven_data_pipeline.py", line 11, in <module>
    import polars as pl
ModuleNotFoundError: No module named 'polars'
[2025-07-02T03:39:17.164+0000] {processor.py:927} WARNING - No viable dags retrieved from /opt/airflow/dags/driven_data_pipeline.py
[2025-07-02T03:39:17.216+0000] {processor.py:208} INFO - Processing /opt/airflow/dags/driven_data_pipeline.py took 0.153 seconds
[2025-07-02T03:39:47.397+0000] {processor.py:186} INFO - Started process (PID=71) to work on /opt/airflow/dags/driven_data_pipeline.py
[2025-07-02T03:39:47.400+0000] {processor.py:914} INFO - Processing file /opt/airflow/dags/driven_data_pipeline.py for tasks to queue
[2025-07-02T03:39:47.417+0000] {logging_mixin.py:190} INFO - [2025-07-02T03:39:47.412+0000] {dagbag.py:588} INFO - Filling up the DagBag from /opt/airflow/dags/driven_data_pipeline.py
[2025-07-02T03:39:47.555+0000] {logging_mixin.py:190} INFO - [2025-07-02T03:39:47.535+0000] {dagbag.py:387} ERROR - Failed to import: /opt/airflow/dags/driven_data_pipeline.py
Traceback (most recent call last):
  File "/home/airflow/.local/lib/python3.12/site-packages/airflow/models/dagbag.py", line 383, in parse
    loader.exec_module(new_module)
  File "<frozen importlib._bootstrap_external>", line 995, in exec_module
  File "<frozen importlib._bootstrap>", line 488, in _call_with_frames_removed
  File "/opt/airflow/dags/driven_data_pipeline.py", line 11, in <module>
    import polars as pl
ModuleNotFoundError: No module named 'polars'
[2025-07-02T03:39:47.559+0000] {processor.py:927} WARNING - No viable dags retrieved from /opt/airflow/dags/driven_data_pipeline.py
[2025-07-02T03:39:47.665+0000] {processor.py:208} INFO - Processing /opt/airflow/dags/driven_data_pipeline.py took 0.291 seconds
[2025-07-02T03:43:22.700+0000] {processor.py:186} INFO - Started process (PID=70) to work on /opt/airflow/dags/driven_data_pipeline.py
[2025-07-02T03:43:22.711+0000] {processor.py:914} INFO - Processing file /opt/airflow/dags/driven_data_pipeline.py for tasks to queue
[2025-07-02T03:43:22.720+0000] {logging_mixin.py:190} INFO - [2025-07-02T03:43:22.720+0000] {dagbag.py:588} INFO - Filling up the DagBag from /opt/airflow/dags/driven_data_pipeline.py
[2025-07-02T03:43:22.992+0000] {logging_mixin.py:190} INFO - [2025-07-02T03:43:22.929+0000] {dagbag.py:387} ERROR - Failed to import: /opt/airflow/dags/driven_data_pipeline.py
Traceback (most recent call last):
  File "/home/airflow/.local/lib/python3.12/site-packages/airflow/models/dagbag.py", line 383, in parse
    loader.exec_module(new_module)
  File "<frozen importlib._bootstrap_external>", line 995, in exec_module
  File "<frozen importlib._bootstrap>", line 488, in _call_with_frames_removed
  File "/opt/airflow/dags/driven_data_pipeline.py", line 11, in <module>
    import polars as pl
ModuleNotFoundError: No module named 'polars'
[2025-07-02T03:43:23.001+0000] {processor.py:927} WARNING - No viable dags retrieved from /opt/airflow/dags/driven_data_pipeline.py
[2025-07-02T03:43:23.128+0000] {processor.py:208} INFO - Processing /opt/airflow/dags/driven_data_pipeline.py took 0.476 seconds
[2025-07-02T03:43:53.893+0000] {processor.py:186} INFO - Started process (PID=77) to work on /opt/airflow/dags/driven_data_pipeline.py
[2025-07-02T03:43:53.896+0000] {processor.py:914} INFO - Processing file /opt/airflow/dags/driven_data_pipeline.py for tasks to queue
[2025-07-02T03:43:53.918+0000] {logging_mixin.py:190} INFO - [2025-07-02T03:43:53.914+0000] {dagbag.py:588} INFO - Filling up the DagBag from /opt/airflow/dags/driven_data_pipeline.py
[2025-07-02T03:43:54.053+0000] {logging_mixin.py:190} INFO - [2025-07-02T03:43:54.029+0000] {dagbag.py:387} ERROR - Failed to import: /opt/airflow/dags/driven_data_pipeline.py
Traceback (most recent call last):
  File "/home/airflow/.local/lib/python3.12/site-packages/airflow/models/dagbag.py", line 383, in parse
    loader.exec_module(new_module)
  File "<frozen importlib._bootstrap_external>", line 995, in exec_module
  File "<frozen importlib._bootstrap>", line 488, in _call_with_frames_removed
  File "/opt/airflow/dags/driven_data_pipeline.py", line 11, in <module>
    import polars as pl
ModuleNotFoundError: No module named 'polars'
[2025-07-02T03:43:54.062+0000] {processor.py:927} WARNING - No viable dags retrieved from /opt/airflow/dags/driven_data_pipeline.py
[2025-07-02T03:43:54.163+0000] {processor.py:208} INFO - Processing /opt/airflow/dags/driven_data_pipeline.py took 0.322 seconds
[2025-07-02T03:44:24.849+0000] {processor.py:186} INFO - Started process (PID=84) to work on /opt/airflow/dags/driven_data_pipeline.py
[2025-07-02T03:44:24.854+0000] {processor.py:914} INFO - Processing file /opt/airflow/dags/driven_data_pipeline.py for tasks to queue
[2025-07-02T03:44:24.869+0000] {logging_mixin.py:190} INFO - [2025-07-02T03:44:24.865+0000] {dagbag.py:588} INFO - Filling up the DagBag from /opt/airflow/dags/driven_data_pipeline.py
[2025-07-02T03:44:24.964+0000] {logging_mixin.py:190} INFO - [2025-07-02T03:44:24.949+0000] {dagbag.py:387} ERROR - Failed to import: /opt/airflow/dags/driven_data_pipeline.py
Traceback (most recent call last):
  File "/home/airflow/.local/lib/python3.12/site-packages/airflow/models/dagbag.py", line 383, in parse
    loader.exec_module(new_module)
  File "<frozen importlib._bootstrap_external>", line 995, in exec_module
  File "<frozen importlib._bootstrap>", line 488, in _call_with_frames_removed
  File "/opt/airflow/dags/driven_data_pipeline.py", line 11, in <module>
    import polars as pl
ModuleNotFoundError: No module named 'polars'
[2025-07-02T03:44:24.970+0000] {processor.py:927} WARNING - No viable dags retrieved from /opt/airflow/dags/driven_data_pipeline.py
[2025-07-02T03:44:25.082+0000] {processor.py:208} INFO - Processing /opt/airflow/dags/driven_data_pipeline.py took 0.279 seconds
[2025-07-02T03:46:46.840+0000] {processor.py:186} INFO - Started process (PID=85) to work on /opt/airflow/dags/driven_data_pipeline.py
[2025-07-02T03:46:47.143+0000] {processor.py:914} INFO - Processing file /opt/airflow/dags/driven_data_pipeline.py for tasks to queue
[2025-07-02T03:46:50.723+0000] {logging_mixin.py:190} INFO - [2025-07-02T03:46:49.083+0000] {dagbag.py:588} INFO - Filling up the DagBag from /opt/airflow/dags/driven_data_pipeline.py
[2025-07-02T03:47:43.063+0000] {logging_mixin.py:190} INFO - [2025-07-02T03:47:32.284+0000] {timeout.py:68} ERROR - Process timed out, PID: 85
[2025-07-02T03:48:27.102+0000] {logging_mixin.py:190} INFO - [2025-07-02T03:47:54.447+0000] {dagbag.py:387} ERROR - Failed to import: /opt/airflow/dags/driven_data_pipeline.py
Traceback (most recent call last):
  File "/home/airflow/.local/lib/python3.12/site-packages/airflow/models/dagbag.py", line 383, in parse
    loader.exec_module(new_module)
  File "<frozen importlib._bootstrap_external>", line 995, in exec_module
  File "<frozen importlib._bootstrap>", line 488, in _call_with_frames_removed
  File "/opt/airflow/dags/driven_data_pipeline.py", line 2, in <module>
    from airflow.operators.python_operator import PythonOperator
  File "/home/airflow/.local/lib/python3.12/site-packages/airflow/utils/deprecation_tools.py", line 56, in getattr_with_deprecation
    return getattr(importlib.import_module(new_module), new_class_name)
                   ^^^^^^^^^^^^^^^^^^^^^^^^^^^^^^^^^^^
  File "/usr/local/lib/python3.12/importlib/__init__.py", line 90, in import_module
    return _bootstrap._gcd_import(name[level:], package, level)
           ^^^^^^^^^^^^^^^^^^^^^^^^^^^^^^^^^^^^^^^^^^^^^^^^^^^^
  File "<frozen importlib._bootstrap>", line 1387, in _gcd_import
  File "<frozen importlib._bootstrap>", line 1360, in _find_and_load
  File "<frozen importlib._bootstrap>", line 1331, in _find_and_load_unlocked
  File "<frozen importlib._bootstrap>", line 935, in _load_unlocked
  File "<frozen importlib._bootstrap_external>", line 995, in exec_module
  File "<frozen importlib._bootstrap>", line 488, in _call_with_frames_removed
  File "/home/airflow/.local/lib/python3.12/site-packages/airflow/operators/python.py", line 259, in <module>
    class BranchPythonOperator(PythonOperator, BranchMixIn):
  File "/home/airflow/.local/lib/python3.12/site-packages/airflow/models/baseoperator.py", line 512, in __new__
    namespace["execute"] = ExecutorSafeguard().decorator(execute_method)
                           ^^^^^^^^^^^^^^^^^^^^^^^^^^^^^^^^^^^^^^^^^^^^^
  File "/home/airflow/.local/lib/python3.12/site-packages/airflow/models/baseoperator.py", line 395, in decorator
    @wraps(func)
     ^^^^^^^^^^^
  File "/usr/local/lib/python3.12/functools.py", line 56, in update_wrapper
    setattr(wrapper, attr, value)
  File "/home/airflow/.local/lib/python3.12/site-packages/airflow/utils/timeout.py", line 69, in handle_timeout
    raise AirflowTaskTimeout(self.error_message)
airflow.exceptions.AirflowTaskTimeout: DagBag import timeout for /opt/airflow/dags/driven_data_pipeline.py after 30.0s.
Please take a look at these docs to improve your DAG import time:
* https://airflow.apache.org/docs/apache-airflow/2.10.2/best-practices.html#top-level-python-code
* https://airflow.apache.org/docs/apache-airflow/2.10.2/best-practices.html#reducing-dag-complexity, PID: 85
[2025-07-02T03:48:31.273+0000] {processor.py:927} WARNING - No viable dags retrieved from /opt/airflow/dags/driven_data_pipeline.py
[2025-07-02T03:48:46.641+0000] {processor.py:211} ERROR - Got an exception! Propagating...
Traceback (most recent call last):
  File "/home/airflow/.local/lib/python3.12/site-packages/sqlalchemy/engine/base.py", line 3371, in _wrap_pool_connect
    return fn()
           ^^^^
  File "/home/airflow/.local/lib/python3.12/site-packages/sqlalchemy/pool/base.py", line 327, in connect
    return _ConnectionFairy._checkout(self)
           ^^^^^^^^^^^^^^^^^^^^^^^^^^^^^^^^
  File "/home/airflow/.local/lib/python3.12/site-packages/sqlalchemy/pool/base.py", line 894, in _checkout
    fairy = _ConnectionRecord.checkout(pool)
            ^^^^^^^^^^^^^^^^^^^^^^^^^^^^^^^^
  File "/home/airflow/.local/lib/python3.12/site-packages/sqlalchemy/pool/base.py", line 493, in checkout
    rec = pool._do_get()
          ^^^^^^^^^^^^^^
  File "/home/airflow/.local/lib/python3.12/site-packages/sqlalchemy/pool/impl.py", line 145, in _do_get
    with util.safe_reraise():
         ^^^^^^^^^^^^^^^^^^^
  File "/home/airflow/.local/lib/python3.12/site-packages/sqlalchemy/util/langhelpers.py", line 70, in __exit__
    compat.raise_(
  File "/home/airflow/.local/lib/python3.12/site-packages/sqlalchemy/util/compat.py", line 211, in raise_
    raise exception
  File "/home/airflow/.local/lib/python3.12/site-packages/sqlalchemy/pool/impl.py", line 143, in _do_get
    return self._create_connection()
           ^^^^^^^^^^^^^^^^^^^^^^^^^
  File "/home/airflow/.local/lib/python3.12/site-packages/sqlalchemy/pool/base.py", line 273, in _create_connection
    return _ConnectionRecord(self)
           ^^^^^^^^^^^^^^^^^^^^^^^
  File "/home/airflow/.local/lib/python3.12/site-packages/sqlalchemy/pool/base.py", line 388, in __init__
    self.__connect()
  File "/home/airflow/.local/lib/python3.12/site-packages/sqlalchemy/pool/base.py", line 690, in __connect
    with util.safe_reraise():
         ^^^^^^^^^^^^^^^^^^^
  File "/home/airflow/.local/lib/python3.12/site-packages/sqlalchemy/util/langhelpers.py", line 70, in __exit__
    compat.raise_(
  File "/home/airflow/.local/lib/python3.12/site-packages/sqlalchemy/util/compat.py", line 211, in raise_
    raise exception
  File "/home/airflow/.local/lib/python3.12/site-packages/sqlalchemy/pool/base.py", line 686, in __connect
    self.dbapi_connection = connection = pool._invoke_creator(self)
                                         ^^^^^^^^^^^^^^^^^^^^^^^^^^
  File "/home/airflow/.local/lib/python3.12/site-packages/sqlalchemy/engine/create.py", line 574, in connect
    return dialect.connect(*cargs, **cparams)
           ^^^^^^^^^^^^^^^^^^^^^^^^^^^^^^^^^^
  File "/home/airflow/.local/lib/python3.12/site-packages/sqlalchemy/engine/default.py", line 598, in connect
    return self.dbapi.connect(*cargs, **cparams)
           ^^^^^^^^^^^^^^^^^^^^^^^^^^^^^^^^^^^^^
  File "/home/airflow/.local/lib/python3.12/site-packages/psycopg2/__init__.py", line 122, in connect
    conn = _connect(dsn, connection_factory=connection_factory, **kwasync)
           ^^^^^^^^^^^^^^^^^^^^^^^^^^^^^^^^^^^^^^^^^^^^^^^^^^^^^^^^^^^^^^^
psycopg2.OperationalError: could not translate host name "postgres" to address: Temporary failure in name resolution


The above exception was the direct cause of the following exception:

Traceback (most recent call last):
  File "/home/airflow/.local/lib/python3.12/site-packages/airflow/dag_processing/processor.py", line 207, in _run_file_processor
    _handle_dag_file_processing()
  File "/home/airflow/.local/lib/python3.12/site-packages/airflow/dag_processing/processor.py", line 188, in _handle_dag_file_processing
    result: tuple[int, int, int] = dag_file_processor.process_file(
                                   ^^^^^^^^^^^^^^^^^^^^^^^^^^^^^^^^
  File "/home/airflow/.local/lib/python3.12/site-packages/airflow/utils/session.py", line 97, in wrapper
    return func(*args, session=session, **kwargs)
           ^^^^^^^^^^^^^^^^^^^^^^^^^^^^^^^^^^^^^^
  File "/home/airflow/.local/lib/python3.12/site-packages/airflow/dag_processing/processor.py", line 928, in process_file
    DagFileProcessor.update_import_errors(
  File "/home/airflow/.local/lib/python3.12/site-packages/airflow/api_internal/internal_api_call.py", line 139, in wrapper
    return func(*args, **kwargs)
           ^^^^^^^^^^^^^^^^^^^^^
  File "/home/airflow/.local/lib/python3.12/site-packages/airflow/utils/session.py", line 97, in wrapper
    return func(*args, session=session, **kwargs)
           ^^^^^^^^^^^^^^^^^^^^^^^^^^^^^^^^^^^^^^
  File "/home/airflow/.local/lib/python3.12/site-packages/airflow/dag_processing/processor.py", line 648, in update_import_errors
    existing_import_error_files = [x.filename for x in session.query(ParseImportError.filename).all()]
                                                       ^^^^^^^^^^^^^^^^^^^^^^^^^^^^^^^^^^^^^^^^^^^^^^
  File "/home/airflow/.local/lib/python3.12/site-packages/sqlalchemy/orm/query.py", line 2773, in all
    return self._iter().all()
           ^^^^^^^^^^^^
  File "/home/airflow/.local/lib/python3.12/site-packages/sqlalchemy/orm/query.py", line 2916, in _iter
    result = self.session.execute(
             ^^^^^^^^^^^^^^^^^^^^^
  File "/home/airflow/.local/lib/python3.12/site-packages/sqlalchemy/orm/session.py", line 1716, in execute
    conn = self._connection_for_bind(bind)
           ^^^^^^^^^^^^^^^^^^^^^^^^^^^^^^^
  File "/home/airflow/.local/lib/python3.12/site-packages/sqlalchemy/orm/session.py", line 1555, in _connection_for_bind
    return self._transaction._connection_for_bind(
           ^^^^^^^^^^^^^^^^^^^^^^^^^^^^^^^^^^^^^^^
  File "/home/airflow/.local/lib/python3.12/site-packages/sqlalchemy/orm/session.py", line 750, in _connection_for_bind
    conn = bind.connect()
           ^^^^^^^^^^^^^^
  File "/home/airflow/.local/lib/python3.12/site-packages/sqlalchemy/future/engine.py", line 412, in connect
    return super(Engine, self).connect()
           ^^^^^^^^^^^^^^^^^^^^^^^^^^^^^
  File "/home/airflow/.local/lib/python3.12/site-packages/sqlalchemy/engine/base.py", line 3325, in connect
    return self._connection_cls(self, close_with_result=close_with_result)
           ^^^^^^^^^^^^^^^^^^^^^^^^^^^^^^^^^^^^^^^^^^^^^^^^^^^^^^^^^^^^^^^
  File "/home/airflow/.local/lib/python3.12/site-packages/sqlalchemy/engine/base.py", line 96, in __init__
    else engine.raw_connection()
         ^^^^^^^^^^^^^^^^^^^^^^^
  File "/home/airflow/.local/lib/python3.12/site-packages/sqlalchemy/engine/base.py", line 3404, in raw_connection
    return self._wrap_pool_connect(self.pool.connect, _connection)
           ^^^^^^^^^^^^^^^^^^^^^^^^^^^^^^^^^^^^^^^^^^^^^^^^^^^^^^^
  File "/home/airflow/.local/lib/python3.12/site-packages/sqlalchemy/engine/base.py", line 3374, in _wrap_pool_connect
    Connection._handle_dbapi_exception_noconnection(
  File "/home/airflow/.local/lib/python3.12/site-packages/sqlalchemy/engine/base.py", line 2208, in _handle_dbapi_exception_noconnection
    util.raise_(
  File "/home/airflow/.local/lib/python3.12/site-packages/sqlalchemy/util/compat.py", line 211, in raise_
    raise exception
  File "/home/airflow/.local/lib/python3.12/site-packages/sqlalchemy/engine/base.py", line 3371, in _wrap_pool_connect
    return fn()
           ^^^^
  File "/home/airflow/.local/lib/python3.12/site-packages/sqlalchemy/pool/base.py", line 327, in connect
    return _ConnectionFairy._checkout(self)
           ^^^^^^^^^^^^^^^^^^^^^^^^^^^^^^^^
  File "/home/airflow/.local/lib/python3.12/site-packages/sqlalchemy/pool/base.py", line 894, in _checkout
    fairy = _ConnectionRecord.checkout(pool)
            ^^^^^^^^^^^^^^^^^^^^^^^^^^^^^^^^
  File "/home/airflow/.local/lib/python3.12/site-packages/sqlalchemy/pool/base.py", line 493, in checkout
    rec = pool._do_get()
          ^^^^^^^^^^^^^^
  File "/home/airflow/.local/lib/python3.12/site-packages/sqlalchemy/pool/impl.py", line 145, in _do_get
    with util.safe_reraise():
         ^^^^^^^^^^^^^^^^^^^
  File "/home/airflow/.local/lib/python3.12/site-packages/sqlalchemy/util/langhelpers.py", line 70, in __exit__
    compat.raise_(
  File "/home/airflow/.local/lib/python3.12/site-packages/sqlalchemy/util/compat.py", line 211, in raise_
    raise exception
  File "/home/airflow/.local/lib/python3.12/site-packages/sqlalchemy/pool/impl.py", line 143, in _do_get
    return self._create_connection()
           ^^^^^^^^^^^^^^^^^^^^^^^^^
  File "/home/airflow/.local/lib/python3.12/site-packages/sqlalchemy/pool/base.py", line 273, in _create_connection
    return _ConnectionRecord(self)
           ^^^^^^^^^^^^^^^^^^^^^^^
  File "/home/airflow/.local/lib/python3.12/site-packages/sqlalchemy/pool/base.py", line 388, in __init__
    self.__connect()
  File "/home/airflow/.local/lib/python3.12/site-packages/sqlalchemy/pool/base.py", line 690, in __connect
    with util.safe_reraise():
         ^^^^^^^^^^^^^^^^^^^
  File "/home/airflow/.local/lib/python3.12/site-packages/sqlalchemy/util/langhelpers.py", line 70, in __exit__
    compat.raise_(
  File "/home/airflow/.local/lib/python3.12/site-packages/sqlalchemy/util/compat.py", line 211, in raise_
    raise exception
  File "/home/airflow/.local/lib/python3.12/site-packages/sqlalchemy/pool/base.py", line 686, in __connect
    self.dbapi_connection = connection = pool._invoke_creator(self)
                                         ^^^^^^^^^^^^^^^^^^^^^^^^^^
  File "/home/airflow/.local/lib/python3.12/site-packages/sqlalchemy/engine/create.py", line 574, in connect
    return dialect.connect(*cargs, **cparams)
           ^^^^^^^^^^^^^^^^^^^^^^^^^^^^^^^^^^
  File "/home/airflow/.local/lib/python3.12/site-packages/sqlalchemy/engine/default.py", line 598, in connect
    return self.dbapi.connect(*cargs, **cparams)
           ^^^^^^^^^^^^^^^^^^^^^^^^^^^^^^^^^^^^^
  File "/home/airflow/.local/lib/python3.12/site-packages/psycopg2/__init__.py", line 122, in connect
    conn = _connect(dsn, connection_factory=connection_factory, **kwasync)
           ^^^^^^^^^^^^^^^^^^^^^^^^^^^^^^^^^^^^^^^^^^^^^^^^^^^^^^^^^^^^^^^
sqlalchemy.exc.OperationalError: (psycopg2.OperationalError) could not translate host name "postgres" to address: Temporary failure in name resolution

(Background on this error at: https://sqlalche.me/e/14/e3q8)
[2025-07-02T03:49:01.691+0000] {processor.py:186} INFO - Started process (PID=94) to work on /opt/airflow/dags/driven_data_pipeline.py
[2025-07-02T03:49:01.697+0000] {processor.py:914} INFO - Processing file /opt/airflow/dags/driven_data_pipeline.py for tasks to queue
[2025-07-02T03:49:01.718+0000] {logging_mixin.py:190} INFO - [2025-07-02T03:49:01.709+0000] {dagbag.py:588} INFO - Filling up the DagBag from /opt/airflow/dags/driven_data_pipeline.py
[2025-07-02T03:49:01.946+0000] {logging_mixin.py:190} INFO - [2025-07-02T03:49:01.908+0000] {dagbag.py:387} ERROR - Failed to import: /opt/airflow/dags/driven_data_pipeline.py
Traceback (most recent call last):
  File "/home/airflow/.local/lib/python3.12/site-packages/airflow/models/dagbag.py", line 383, in parse
    loader.exec_module(new_module)
  File "<frozen importlib._bootstrap_external>", line 995, in exec_module
  File "<frozen importlib._bootstrap>", line 488, in _call_with_frames_removed
  File "/opt/airflow/dags/driven_data_pipeline.py", line 11, in <module>
    import polars as pl
ModuleNotFoundError: No module named 'polars'
[2025-07-02T03:49:01.958+0000] {processor.py:927} WARNING - No viable dags retrieved from /opt/airflow/dags/driven_data_pipeline.py
[2025-07-02T03:49:02.710+0000] {processor.py:208} INFO - Processing /opt/airflow/dags/driven_data_pipeline.py took 1.057 seconds
[2025-07-02T03:52:05.584+0000] {processor.py:186} INFO - Started process (PID=65) to work on /opt/airflow/dags/driven_data_pipeline.py
[2025-07-02T03:52:05.590+0000] {processor.py:914} INFO - Processing file /opt/airflow/dags/driven_data_pipeline.py for tasks to queue
[2025-07-02T03:52:05.613+0000] {logging_mixin.py:190} INFO - [2025-07-02T03:52:05.609+0000] {dagbag.py:588} INFO - Filling up the DagBag from /opt/airflow/dags/driven_data_pipeline.py
[2025-07-02T03:52:05.762+0000] {logging_mixin.py:190} INFO - [2025-07-02T03:52:05.750+0000] {dagbag.py:387} ERROR - Failed to import: /opt/airflow/dags/driven_data_pipeline.py
Traceback (most recent call last):
  File "/home/airflow/.local/lib/python3.12/site-packages/airflow/models/dagbag.py", line 383, in parse
    loader.exec_module(new_module)
  File "<frozen importlib._bootstrap_external>", line 995, in exec_module
  File "<frozen importlib._bootstrap>", line 488, in _call_with_frames_removed
  File "/opt/airflow/dags/driven_data_pipeline.py", line 11, in <module>
    import polars as pl
ModuleNotFoundError: No module named 'polars'
[2025-07-02T03:52:05.765+0000] {processor.py:927} WARNING - No viable dags retrieved from /opt/airflow/dags/driven_data_pipeline.py
[2025-07-02T03:52:05.872+0000] {processor.py:208} INFO - Processing /opt/airflow/dags/driven_data_pipeline.py took 0.346 seconds
[2025-07-02T03:52:36.384+0000] {processor.py:186} INFO - Started process (PID=72) to work on /opt/airflow/dags/driven_data_pipeline.py
[2025-07-02T03:52:36.387+0000] {processor.py:914} INFO - Processing file /opt/airflow/dags/driven_data_pipeline.py for tasks to queue
[2025-07-02T03:52:36.401+0000] {logging_mixin.py:190} INFO - [2025-07-02T03:52:36.397+0000] {dagbag.py:588} INFO - Filling up the DagBag from /opt/airflow/dags/driven_data_pipeline.py
[2025-07-02T03:52:36.485+0000] {logging_mixin.py:190} INFO - [2025-07-02T03:52:36.470+0000] {dagbag.py:387} ERROR - Failed to import: /opt/airflow/dags/driven_data_pipeline.py
Traceback (most recent call last):
  File "/home/airflow/.local/lib/python3.12/site-packages/airflow/models/dagbag.py", line 383, in parse
    loader.exec_module(new_module)
  File "<frozen importlib._bootstrap_external>", line 995, in exec_module
  File "<frozen importlib._bootstrap>", line 488, in _call_with_frames_removed
  File "/opt/airflow/dags/driven_data_pipeline.py", line 11, in <module>
    import polars as pl
ModuleNotFoundError: No module named 'polars'
[2025-07-02T03:52:36.488+0000] {processor.py:927} WARNING - No viable dags retrieved from /opt/airflow/dags/driven_data_pipeline.py
[2025-07-02T03:52:36.556+0000] {processor.py:208} INFO - Processing /opt/airflow/dags/driven_data_pipeline.py took 0.194 seconds
[2025-07-02T03:53:06.899+0000] {processor.py:186} INFO - Started process (PID=79) to work on /opt/airflow/dags/driven_data_pipeline.py
[2025-07-02T03:53:06.901+0000] {processor.py:914} INFO - Processing file /opt/airflow/dags/driven_data_pipeline.py for tasks to queue
[2025-07-02T03:53:06.908+0000] {logging_mixin.py:190} INFO - [2025-07-02T03:53:06.907+0000] {dagbag.py:588} INFO - Filling up the DagBag from /opt/airflow/dags/driven_data_pipeline.py
[2025-07-02T03:53:06.985+0000] {logging_mixin.py:190} INFO - [2025-07-02T03:53:06.974+0000] {dagbag.py:387} ERROR - Failed to import: /opt/airflow/dags/driven_data_pipeline.py
Traceback (most recent call last):
  File "/home/airflow/.local/lib/python3.12/site-packages/airflow/models/dagbag.py", line 383, in parse
    loader.exec_module(new_module)
  File "<frozen importlib._bootstrap_external>", line 995, in exec_module
  File "<frozen importlib._bootstrap>", line 488, in _call_with_frames_removed
  File "/opt/airflow/dags/driven_data_pipeline.py", line 11, in <module>
    import polars as pl
ModuleNotFoundError: No module named 'polars'
[2025-07-02T03:53:06.989+0000] {processor.py:927} WARNING - No viable dags retrieved from /opt/airflow/dags/driven_data_pipeline.py
[2025-07-02T03:53:07.099+0000] {processor.py:208} INFO - Processing /opt/airflow/dags/driven_data_pipeline.py took 0.216 seconds
[2025-07-02T03:53:37.387+0000] {processor.py:186} INFO - Started process (PID=86) to work on /opt/airflow/dags/driven_data_pipeline.py
[2025-07-02T03:53:37.389+0000] {processor.py:914} INFO - Processing file /opt/airflow/dags/driven_data_pipeline.py for tasks to queue
[2025-07-02T03:53:37.397+0000] {logging_mixin.py:190} INFO - [2025-07-02T03:53:37.394+0000] {dagbag.py:588} INFO - Filling up the DagBag from /opt/airflow/dags/driven_data_pipeline.py
[2025-07-02T03:53:37.447+0000] {logging_mixin.py:190} INFO - [2025-07-02T03:53:37.438+0000] {dagbag.py:387} ERROR - Failed to import: /opt/airflow/dags/driven_data_pipeline.py
Traceback (most recent call last):
  File "/home/airflow/.local/lib/python3.12/site-packages/airflow/models/dagbag.py", line 383, in parse
    loader.exec_module(new_module)
  File "<frozen importlib._bootstrap_external>", line 995, in exec_module
  File "<frozen importlib._bootstrap>", line 488, in _call_with_frames_removed
  File "/opt/airflow/dags/driven_data_pipeline.py", line 11, in <module>
    import polars as pl
ModuleNotFoundError: No module named 'polars'
[2025-07-02T03:53:37.450+0000] {processor.py:927} WARNING - No viable dags retrieved from /opt/airflow/dags/driven_data_pipeline.py
[2025-07-02T03:53:37.518+0000] {processor.py:208} INFO - Processing /opt/airflow/dags/driven_data_pipeline.py took 0.147 seconds
[2025-07-02T03:54:08.035+0000] {processor.py:186} INFO - Started process (PID=94) to work on /opt/airflow/dags/driven_data_pipeline.py
[2025-07-02T03:54:08.037+0000] {processor.py:914} INFO - Processing file /opt/airflow/dags/driven_data_pipeline.py for tasks to queue
[2025-07-02T03:54:08.046+0000] {logging_mixin.py:190} INFO - [2025-07-02T03:54:08.045+0000] {dagbag.py:588} INFO - Filling up the DagBag from /opt/airflow/dags/driven_data_pipeline.py
[2025-07-02T03:54:08.128+0000] {logging_mixin.py:190} INFO - [2025-07-02T03:54:08.116+0000] {dagbag.py:387} ERROR - Failed to import: /opt/airflow/dags/driven_data_pipeline.py
Traceback (most recent call last):
  File "/home/airflow/.local/lib/python3.12/site-packages/airflow/models/dagbag.py", line 383, in parse
    loader.exec_module(new_module)
  File "<frozen importlib._bootstrap_external>", line 995, in exec_module
  File "<frozen importlib._bootstrap>", line 488, in _call_with_frames_removed
  File "/opt/airflow/dags/driven_data_pipeline.py", line 11, in <module>
    import polars as pl
ModuleNotFoundError: No module named 'polars'
[2025-07-02T03:54:08.133+0000] {processor.py:927} WARNING - No viable dags retrieved from /opt/airflow/dags/driven_data_pipeline.py
[2025-07-02T03:54:08.176+0000] {processor.py:208} INFO - Processing /opt/airflow/dags/driven_data_pipeline.py took 0.162 seconds
[2025-07-02T03:54:38.731+0000] {processor.py:186} INFO - Started process (PID=101) to work on /opt/airflow/dags/driven_data_pipeline.py
[2025-07-02T03:54:38.733+0000] {processor.py:914} INFO - Processing file /opt/airflow/dags/driven_data_pipeline.py for tasks to queue
[2025-07-02T03:54:38.741+0000] {logging_mixin.py:190} INFO - [2025-07-02T03:54:38.738+0000] {dagbag.py:588} INFO - Filling up the DagBag from /opt/airflow/dags/driven_data_pipeline.py
[2025-07-02T03:54:38.803+0000] {logging_mixin.py:190} INFO - [2025-07-02T03:54:38.792+0000] {dagbag.py:387} ERROR - Failed to import: /opt/airflow/dags/driven_data_pipeline.py
Traceback (most recent call last):
  File "/home/airflow/.local/lib/python3.12/site-packages/airflow/models/dagbag.py", line 383, in parse
    loader.exec_module(new_module)
  File "<frozen importlib._bootstrap_external>", line 995, in exec_module
  File "<frozen importlib._bootstrap>", line 488, in _call_with_frames_removed
  File "/opt/airflow/dags/driven_data_pipeline.py", line 11, in <module>
    import polars as pl
ModuleNotFoundError: No module named 'polars'
[2025-07-02T03:54:38.806+0000] {processor.py:927} WARNING - No viable dags retrieved from /opt/airflow/dags/driven_data_pipeline.py
[2025-07-02T03:54:38.871+0000] {processor.py:208} INFO - Processing /opt/airflow/dags/driven_data_pipeline.py took 0.160 seconds
[2025-07-02T03:55:09.152+0000] {processor.py:186} INFO - Started process (PID=108) to work on /opt/airflow/dags/driven_data_pipeline.py
[2025-07-02T03:55:09.155+0000] {processor.py:914} INFO - Processing file /opt/airflow/dags/driven_data_pipeline.py for tasks to queue
[2025-07-02T03:55:09.164+0000] {logging_mixin.py:190} INFO - [2025-07-02T03:55:09.161+0000] {dagbag.py:588} INFO - Filling up the DagBag from /opt/airflow/dags/driven_data_pipeline.py
[2025-07-02T03:55:09.249+0000] {logging_mixin.py:190} INFO - [2025-07-02T03:55:09.236+0000] {dagbag.py:387} ERROR - Failed to import: /opt/airflow/dags/driven_data_pipeline.py
Traceback (most recent call last):
  File "/home/airflow/.local/lib/python3.12/site-packages/airflow/models/dagbag.py", line 383, in parse
    loader.exec_module(new_module)
  File "<frozen importlib._bootstrap_external>", line 995, in exec_module
  File "<frozen importlib._bootstrap>", line 488, in _call_with_frames_removed
  File "/opt/airflow/dags/driven_data_pipeline.py", line 11, in <module>
    import polars as pl
ModuleNotFoundError: No module named 'polars'
[2025-07-02T03:55:09.253+0000] {processor.py:927} WARNING - No viable dags retrieved from /opt/airflow/dags/driven_data_pipeline.py
[2025-07-02T03:55:09.347+0000] {processor.py:208} INFO - Processing /opt/airflow/dags/driven_data_pipeline.py took 0.222 seconds
[2025-07-02T03:55:39.844+0000] {processor.py:186} INFO - Started process (PID=115) to work on /opt/airflow/dags/driven_data_pipeline.py
[2025-07-02T03:55:39.902+0000] {processor.py:914} INFO - Processing file /opt/airflow/dags/driven_data_pipeline.py for tasks to queue
[2025-07-02T03:55:39.912+0000] {logging_mixin.py:190} INFO - [2025-07-02T03:55:39.911+0000] {dagbag.py:588} INFO - Filling up the DagBag from /opt/airflow/dags/driven_data_pipeline.py
[2025-07-02T03:55:39.993+0000] {logging_mixin.py:190} INFO - [2025-07-02T03:55:39.980+0000] {dagbag.py:387} ERROR - Failed to import: /opt/airflow/dags/driven_data_pipeline.py
Traceback (most recent call last):
  File "/home/airflow/.local/lib/python3.12/site-packages/airflow/models/dagbag.py", line 383, in parse
    loader.exec_module(new_module)
  File "<frozen importlib._bootstrap_external>", line 995, in exec_module
  File "<frozen importlib._bootstrap>", line 488, in _call_with_frames_removed
  File "/opt/airflow/dags/driven_data_pipeline.py", line 11, in <module>
    import polars as pl
ModuleNotFoundError: No module named 'polars'
[2025-07-02T03:55:40.004+0000] {processor.py:927} WARNING - No viable dags retrieved from /opt/airflow/dags/driven_data_pipeline.py
[2025-07-02T03:55:40.116+0000] {processor.py:208} INFO - Processing /opt/airflow/dags/driven_data_pipeline.py took 0.299 seconds
[2025-07-02T03:56:10.550+0000] {processor.py:186} INFO - Started process (PID=121) to work on /opt/airflow/dags/driven_data_pipeline.py
[2025-07-02T03:56:10.558+0000] {processor.py:914} INFO - Processing file /opt/airflow/dags/driven_data_pipeline.py for tasks to queue
[2025-07-02T03:56:10.571+0000] {logging_mixin.py:190} INFO - [2025-07-02T03:56:10.570+0000] {dagbag.py:588} INFO - Filling up the DagBag from /opt/airflow/dags/driven_data_pipeline.py
[2025-07-02T03:56:10.681+0000] {logging_mixin.py:190} INFO - [2025-07-02T03:56:10.662+0000] {dagbag.py:387} ERROR - Failed to import: /opt/airflow/dags/driven_data_pipeline.py
Traceback (most recent call last):
  File "/home/airflow/.local/lib/python3.12/site-packages/airflow/models/dagbag.py", line 383, in parse
    loader.exec_module(new_module)
  File "<frozen importlib._bootstrap_external>", line 995, in exec_module
  File "<frozen importlib._bootstrap>", line 488, in _call_with_frames_removed
  File "/opt/airflow/dags/driven_data_pipeline.py", line 11, in <module>
    import polars as pl
ModuleNotFoundError: No module named 'polars'
[2025-07-02T03:56:10.685+0000] {processor.py:927} WARNING - No viable dags retrieved from /opt/airflow/dags/driven_data_pipeline.py
[2025-07-02T03:56:10.831+0000] {processor.py:208} INFO - Processing /opt/airflow/dags/driven_data_pipeline.py took 0.305 seconds
[2025-07-02T03:56:41.415+0000] {processor.py:186} INFO - Started process (PID=128) to work on /opt/airflow/dags/driven_data_pipeline.py
[2025-07-02T03:56:41.418+0000] {processor.py:914} INFO - Processing file /opt/airflow/dags/driven_data_pipeline.py for tasks to queue
[2025-07-02T03:56:41.426+0000] {logging_mixin.py:190} INFO - [2025-07-02T03:56:41.423+0000] {dagbag.py:588} INFO - Filling up the DagBag from /opt/airflow/dags/driven_data_pipeline.py
[2025-07-02T03:56:42.672+0000] {logging_mixin.py:190} INFO - [2025-07-02T03:56:42.662+0000] {dagbag.py:387} ERROR - Failed to import: /opt/airflow/dags/driven_data_pipeline.py
Traceback (most recent call last):
  File "/home/airflow/.local/lib/python3.12/site-packages/airflow/models/dagbag.py", line 383, in parse
    loader.exec_module(new_module)
  File "<frozen importlib._bootstrap_external>", line 995, in exec_module
  File "<frozen importlib._bootstrap>", line 488, in _call_with_frames_removed
  File "/opt/airflow/dags/driven_data_pipeline.py", line 11, in <module>
    import polars as pl
ModuleNotFoundError: No module named 'polars'
[2025-07-02T03:56:42.675+0000] {processor.py:927} WARNING - No viable dags retrieved from /opt/airflow/dags/driven_data_pipeline.py
[2025-07-02T03:56:42.762+0000] {processor.py:208} INFO - Processing /opt/airflow/dags/driven_data_pipeline.py took 1.371 seconds
[2025-07-02T03:57:12.902+0000] {processor.py:186} INFO - Started process (PID=135) to work on /opt/airflow/dags/driven_data_pipeline.py
[2025-07-02T03:57:12.906+0000] {processor.py:914} INFO - Processing file /opt/airflow/dags/driven_data_pipeline.py for tasks to queue
[2025-07-02T03:57:12.914+0000] {logging_mixin.py:190} INFO - [2025-07-02T03:57:12.911+0000] {dagbag.py:588} INFO - Filling up the DagBag from /opt/airflow/dags/driven_data_pipeline.py
[2025-07-02T03:57:12.980+0000] {logging_mixin.py:190} INFO - [2025-07-02T03:57:12.970+0000] {dagbag.py:387} ERROR - Failed to import: /opt/airflow/dags/driven_data_pipeline.py
Traceback (most recent call last):
  File "/home/airflow/.local/lib/python3.12/site-packages/airflow/models/dagbag.py", line 383, in parse
    loader.exec_module(new_module)
  File "<frozen importlib._bootstrap_external>", line 995, in exec_module
  File "<frozen importlib._bootstrap>", line 488, in _call_with_frames_removed
  File "/opt/airflow/dags/driven_data_pipeline.py", line 11, in <module>
    import polars as pl
ModuleNotFoundError: No module named 'polars'
[2025-07-02T03:57:12.983+0000] {processor.py:927} WARNING - No viable dags retrieved from /opt/airflow/dags/driven_data_pipeline.py
[2025-07-02T03:57:13.098+0000] {processor.py:208} INFO - Processing /opt/airflow/dags/driven_data_pipeline.py took 0.219 seconds
[2025-07-02T03:57:43.341+0000] {processor.py:186} INFO - Started process (PID=142) to work on /opt/airflow/dags/driven_data_pipeline.py
[2025-07-02T03:57:43.345+0000] {processor.py:914} INFO - Processing file /opt/airflow/dags/driven_data_pipeline.py for tasks to queue
[2025-07-02T03:57:43.353+0000] {logging_mixin.py:190} INFO - [2025-07-02T03:57:43.350+0000] {dagbag.py:588} INFO - Filling up the DagBag from /opt/airflow/dags/driven_data_pipeline.py
[2025-07-02T03:57:43.429+0000] {logging_mixin.py:190} INFO - [2025-07-02T03:57:43.417+0000] {dagbag.py:387} ERROR - Failed to import: /opt/airflow/dags/driven_data_pipeline.py
Traceback (most recent call last):
  File "/home/airflow/.local/lib/python3.12/site-packages/airflow/models/dagbag.py", line 383, in parse
    loader.exec_module(new_module)
  File "<frozen importlib._bootstrap_external>", line 995, in exec_module
  File "<frozen importlib._bootstrap>", line 488, in _call_with_frames_removed
  File "/opt/airflow/dags/driven_data_pipeline.py", line 11, in <module>
    import polars as pl
ModuleNotFoundError: No module named 'polars'
[2025-07-02T03:57:43.432+0000] {processor.py:927} WARNING - No viable dags retrieved from /opt/airflow/dags/driven_data_pipeline.py
[2025-07-02T03:57:43.563+0000] {processor.py:208} INFO - Processing /opt/airflow/dags/driven_data_pipeline.py took 0.242 seconds
[2025-07-02T03:58:13.675+0000] {processor.py:186} INFO - Started process (PID=149) to work on /opt/airflow/dags/driven_data_pipeline.py
[2025-07-02T03:58:13.678+0000] {processor.py:914} INFO - Processing file /opt/airflow/dags/driven_data_pipeline.py for tasks to queue
[2025-07-02T03:58:13.684+0000] {logging_mixin.py:190} INFO - [2025-07-02T03:58:13.683+0000] {dagbag.py:588} INFO - Filling up the DagBag from /opt/airflow/dags/driven_data_pipeline.py
[2025-07-02T03:58:13.742+0000] {logging_mixin.py:190} INFO - [2025-07-02T03:58:13.732+0000] {dagbag.py:387} ERROR - Failed to import: /opt/airflow/dags/driven_data_pipeline.py
Traceback (most recent call last):
  File "/home/airflow/.local/lib/python3.12/site-packages/airflow/models/dagbag.py", line 383, in parse
    loader.exec_module(new_module)
  File "<frozen importlib._bootstrap_external>", line 995, in exec_module
  File "<frozen importlib._bootstrap>", line 488, in _call_with_frames_removed
  File "/opt/airflow/dags/driven_data_pipeline.py", line 11, in <module>
    import polars as pl
ModuleNotFoundError: No module named 'polars'
[2025-07-02T03:58:13.745+0000] {processor.py:927} WARNING - No viable dags retrieved from /opt/airflow/dags/driven_data_pipeline.py
[2025-07-02T03:58:14.029+0000] {processor.py:208} INFO - Processing /opt/airflow/dags/driven_data_pipeline.py took 0.369 seconds
[2025-07-02T03:58:44.248+0000] {processor.py:186} INFO - Started process (PID=157) to work on /opt/airflow/dags/driven_data_pipeline.py
[2025-07-02T03:58:44.251+0000] {processor.py:914} INFO - Processing file /opt/airflow/dags/driven_data_pipeline.py for tasks to queue
[2025-07-02T03:58:44.258+0000] {logging_mixin.py:190} INFO - [2025-07-02T03:58:44.255+0000] {dagbag.py:588} INFO - Filling up the DagBag from /opt/airflow/dags/driven_data_pipeline.py
[2025-07-02T03:58:44.331+0000] {logging_mixin.py:190} INFO - [2025-07-02T03:58:44.319+0000] {dagbag.py:387} ERROR - Failed to import: /opt/airflow/dags/driven_data_pipeline.py
Traceback (most recent call last):
  File "/home/airflow/.local/lib/python3.12/site-packages/airflow/models/dagbag.py", line 383, in parse
    loader.exec_module(new_module)
  File "<frozen importlib._bootstrap_external>", line 995, in exec_module
  File "<frozen importlib._bootstrap>", line 488, in _call_with_frames_removed
  File "/opt/airflow/dags/driven_data_pipeline.py", line 11, in <module>
    import polars as pl
ModuleNotFoundError: No module named 'polars'
[2025-07-02T03:58:44.336+0000] {processor.py:927} WARNING - No viable dags retrieved from /opt/airflow/dags/driven_data_pipeline.py
[2025-07-02T03:58:44.429+0000] {processor.py:208} INFO - Processing /opt/airflow/dags/driven_data_pipeline.py took 0.203 seconds
[2025-07-02T03:59:14.908+0000] {processor.py:186} INFO - Started process (PID=164) to work on /opt/airflow/dags/driven_data_pipeline.py
[2025-07-02T03:59:14.913+0000] {processor.py:914} INFO - Processing file /opt/airflow/dags/driven_data_pipeline.py for tasks to queue
[2025-07-02T03:59:14.922+0000] {logging_mixin.py:190} INFO - [2025-07-02T03:59:14.919+0000] {dagbag.py:588} INFO - Filling up the DagBag from /opt/airflow/dags/driven_data_pipeline.py
[2025-07-02T03:59:14.997+0000] {logging_mixin.py:190} INFO - [2025-07-02T03:59:14.984+0000] {dagbag.py:387} ERROR - Failed to import: /opt/airflow/dags/driven_data_pipeline.py
Traceback (most recent call last):
  File "/home/airflow/.local/lib/python3.12/site-packages/airflow/models/dagbag.py", line 383, in parse
    loader.exec_module(new_module)
  File "<frozen importlib._bootstrap_external>", line 995, in exec_module
  File "<frozen importlib._bootstrap>", line 488, in _call_with_frames_removed
  File "/opt/airflow/dags/driven_data_pipeline.py", line 11, in <module>
    import polars as pl
ModuleNotFoundError: No module named 'polars'
[2025-07-02T03:59:15.000+0000] {processor.py:927} WARNING - No viable dags retrieved from /opt/airflow/dags/driven_data_pipeline.py
[2025-07-02T03:59:15.093+0000] {processor.py:208} INFO - Processing /opt/airflow/dags/driven_data_pipeline.py took 0.209 seconds
[2025-07-02T04:01:48.808+0000] {processor.py:186} INFO - Started process (PID=171) to work on /opt/airflow/dags/driven_data_pipeline.py
[2025-07-02T04:01:50.390+0000] {processor.py:914} INFO - Processing file /opt/airflow/dags/driven_data_pipeline.py for tasks to queue
[2025-07-02T04:01:57.845+0000] {logging_mixin.py:190} INFO - [2025-07-02T04:01:54.839+0000] {dagbag.py:588} INFO - Filling up the DagBag from /opt/airflow/dags/driven_data_pipeline.py
[2025-07-02T04:02:01.506+0000] {logging_mixin.py:190} INFO - [2025-07-02T04:02:01.447+0000] {dagbag.py:387} ERROR - Failed to import: /opt/airflow/dags/driven_data_pipeline.py
Traceback (most recent call last):
  File "/home/airflow/.local/lib/python3.12/site-packages/airflow/models/dagbag.py", line 383, in parse
    loader.exec_module(new_module)
  File "<frozen importlib._bootstrap_external>", line 995, in exec_module
  File "<frozen importlib._bootstrap>", line 488, in _call_with_frames_removed
  File "/opt/airflow/dags/driven_data_pipeline.py", line 11, in <module>
    import polars as pl
ModuleNotFoundError: No module named 'polars'
[2025-07-02T04:02:01.521+0000] {processor.py:927} WARNING - No viable dags retrieved from /opt/airflow/dags/driven_data_pipeline.py
[2025-07-02T04:02:01.938+0000] {processor.py:208} INFO - Processing /opt/airflow/dags/driven_data_pipeline.py took 15.930 seconds
[2025-07-02T04:04:11.559+0000] {processor.py:186} INFO - Started process (PID=64) to work on /opt/airflow/dags/driven_data_pipeline.py
[2025-07-02T04:04:11.563+0000] {processor.py:914} INFO - Processing file /opt/airflow/dags/driven_data_pipeline.py for tasks to queue
[2025-07-02T04:04:11.567+0000] {logging_mixin.py:190} INFO - [2025-07-02T04:04:11.567+0000] {dagbag.py:588} INFO - Filling up the DagBag from /opt/airflow/dags/driven_data_pipeline.py
[2025-07-02T04:04:11.670+0000] {logging_mixin.py:190} INFO - [2025-07-02T04:04:11.644+0000] {dagbag.py:387} ERROR - Failed to import: /opt/airflow/dags/driven_data_pipeline.py
Traceback (most recent call last):
  File "/home/airflow/.local/lib/python3.12/site-packages/airflow/models/dagbag.py", line 383, in parse
    loader.exec_module(new_module)
  File "<frozen importlib._bootstrap_external>", line 995, in exec_module
  File "<frozen importlib._bootstrap>", line 488, in _call_with_frames_removed
  File "/opt/airflow/dags/driven_data_pipeline.py", line 11, in <module>
    import polars as pl
ModuleNotFoundError: No module named 'polars'
[2025-07-02T04:04:11.674+0000] {processor.py:927} WARNING - No viable dags retrieved from /opt/airflow/dags/driven_data_pipeline.py
[2025-07-02T04:04:12.130+0000] {processor.py:208} INFO - Processing /opt/airflow/dags/driven_data_pipeline.py took 0.584 seconds
[2025-07-02T04:04:42.627+0000] {processor.py:186} INFO - Started process (PID=71) to work on /opt/airflow/dags/driven_data_pipeline.py
[2025-07-02T04:04:42.632+0000] {processor.py:914} INFO - Processing file /opt/airflow/dags/driven_data_pipeline.py for tasks to queue
[2025-07-02T04:04:42.645+0000] {logging_mixin.py:190} INFO - [2025-07-02T04:04:42.641+0000] {dagbag.py:588} INFO - Filling up the DagBag from /opt/airflow/dags/driven_data_pipeline.py
[2025-07-02T04:04:42.710+0000] {logging_mixin.py:190} INFO - [2025-07-02T04:04:42.696+0000] {dagbag.py:387} ERROR - Failed to import: /opt/airflow/dags/driven_data_pipeline.py
Traceback (most recent call last):
  File "/home/airflow/.local/lib/python3.12/site-packages/airflow/models/dagbag.py", line 383, in parse
    loader.exec_module(new_module)
  File "<frozen importlib._bootstrap_external>", line 995, in exec_module
  File "<frozen importlib._bootstrap>", line 488, in _call_with_frames_removed
  File "/opt/airflow/dags/driven_data_pipeline.py", line 11, in <module>
    import polars as pl
ModuleNotFoundError: No module named 'polars'
[2025-07-02T04:04:42.715+0000] {processor.py:927} WARNING - No viable dags retrieved from /opt/airflow/dags/driven_data_pipeline.py
[2025-07-02T04:04:42.773+0000] {processor.py:208} INFO - Processing /opt/airflow/dags/driven_data_pipeline.py took 0.165 seconds
[2025-07-02T04:05:13.118+0000] {processor.py:186} INFO - Started process (PID=78) to work on /opt/airflow/dags/driven_data_pipeline.py
[2025-07-02T04:05:13.123+0000] {processor.py:914} INFO - Processing file /opt/airflow/dags/driven_data_pipeline.py for tasks to queue
[2025-07-02T04:05:13.141+0000] {logging_mixin.py:190} INFO - [2025-07-02T04:05:13.136+0000] {dagbag.py:588} INFO - Filling up the DagBag from /opt/airflow/dags/driven_data_pipeline.py
[2025-07-02T04:05:13.297+0000] {logging_mixin.py:190} INFO - [2025-07-02T04:05:13.268+0000] {dagbag.py:387} ERROR - Failed to import: /opt/airflow/dags/driven_data_pipeline.py
Traceback (most recent call last):
  File "/home/airflow/.local/lib/python3.12/site-packages/airflow/models/dagbag.py", line 383, in parse
    loader.exec_module(new_module)
  File "<frozen importlib._bootstrap_external>", line 995, in exec_module
  File "<frozen importlib._bootstrap>", line 488, in _call_with_frames_removed
  File "/opt/airflow/dags/driven_data_pipeline.py", line 11, in <module>
    import polars as pl
ModuleNotFoundError: No module named 'polars'
[2025-07-02T04:05:13.306+0000] {processor.py:927} WARNING - No viable dags retrieved from /opt/airflow/dags/driven_data_pipeline.py
[2025-07-02T04:05:13.374+0000] {processor.py:208} INFO - Processing /opt/airflow/dags/driven_data_pipeline.py took 0.274 seconds
[2025-07-02T04:05:43.624+0000] {processor.py:186} INFO - Started process (PID=86) to work on /opt/airflow/dags/driven_data_pipeline.py
[2025-07-02T04:05:43.627+0000] {processor.py:914} INFO - Processing file /opt/airflow/dags/driven_data_pipeline.py for tasks to queue
[2025-07-02T04:05:43.635+0000] {logging_mixin.py:190} INFO - [2025-07-02T04:05:43.632+0000] {dagbag.py:588} INFO - Filling up the DagBag from /opt/airflow/dags/driven_data_pipeline.py
[2025-07-02T04:05:43.695+0000] {logging_mixin.py:190} INFO - [2025-07-02T04:05:43.684+0000] {dagbag.py:387} ERROR - Failed to import: /opt/airflow/dags/driven_data_pipeline.py
Traceback (most recent call last):
  File "/home/airflow/.local/lib/python3.12/site-packages/airflow/models/dagbag.py", line 383, in parse
    loader.exec_module(new_module)
  File "<frozen importlib._bootstrap_external>", line 995, in exec_module
  File "<frozen importlib._bootstrap>", line 488, in _call_with_frames_removed
  File "/opt/airflow/dags/driven_data_pipeline.py", line 11, in <module>
    import polars as pl
ModuleNotFoundError: No module named 'polars'
[2025-07-02T04:05:43.698+0000] {processor.py:927} WARNING - No viable dags retrieved from /opt/airflow/dags/driven_data_pipeline.py
[2025-07-02T04:05:43.754+0000] {processor.py:208} INFO - Processing /opt/airflow/dags/driven_data_pipeline.py took 0.147 seconds
[2025-07-02T04:06:14.157+0000] {processor.py:186} INFO - Started process (PID=93) to work on /opt/airflow/dags/driven_data_pipeline.py
[2025-07-02T04:06:14.159+0000] {processor.py:914} INFO - Processing file /opt/airflow/dags/driven_data_pipeline.py for tasks to queue
[2025-07-02T04:06:14.167+0000] {logging_mixin.py:190} INFO - [2025-07-02T04:06:14.164+0000] {dagbag.py:588} INFO - Filling up the DagBag from /opt/airflow/dags/driven_data_pipeline.py
[2025-07-02T04:06:14.233+0000] {logging_mixin.py:190} INFO - [2025-07-02T04:06:14.221+0000] {dagbag.py:387} ERROR - Failed to import: /opt/airflow/dags/driven_data_pipeline.py
Traceback (most recent call last):
  File "/home/airflow/.local/lib/python3.12/site-packages/airflow/models/dagbag.py", line 383, in parse
    loader.exec_module(new_module)
  File "<frozen importlib._bootstrap_external>", line 995, in exec_module
  File "<frozen importlib._bootstrap>", line 488, in _call_with_frames_removed
  File "/opt/airflow/dags/driven_data_pipeline.py", line 11, in <module>
    import polars as pl
ModuleNotFoundError: No module named 'polars'
[2025-07-02T04:06:14.236+0000] {processor.py:927} WARNING - No viable dags retrieved from /opt/airflow/dags/driven_data_pipeline.py
[2025-07-02T04:06:14.299+0000] {processor.py:208} INFO - Processing /opt/airflow/dags/driven_data_pipeline.py took 0.160 seconds
[2025-07-02T04:07:43.889+0000] {processor.py:186} INFO - Started process (PID=100) to work on /opt/airflow/dags/driven_data_pipeline.py
[2025-07-02T04:07:44.149+0000] {processor.py:914} INFO - Processing file /opt/airflow/dags/driven_data_pipeline.py for tasks to queue
[2025-07-02T04:07:45.372+0000] {logging_mixin.py:190} INFO - [2025-07-02T04:07:44.858+0000] {dagbag.py:588} INFO - Filling up the DagBag from /opt/airflow/dags/driven_data_pipeline.py
[2025-07-02T04:07:52.523+0000] {logging_mixin.py:190} INFO - [2025-07-02T04:07:51.234+0000] {dagbag.py:387} ERROR - Failed to import: /opt/airflow/dags/driven_data_pipeline.py
Traceback (most recent call last):
  File "/home/airflow/.local/lib/python3.12/site-packages/airflow/models/dagbag.py", line 383, in parse
    loader.exec_module(new_module)
  File "<frozen importlib._bootstrap_external>", line 995, in exec_module
  File "<frozen importlib._bootstrap>", line 488, in _call_with_frames_removed
  File "/opt/airflow/dags/driven_data_pipeline.py", line 11, in <module>
    import polars as pl
ModuleNotFoundError: No module named 'polars'
[2025-07-02T04:07:53.732+0000] {processor.py:927} WARNING - No viable dags retrieved from /opt/airflow/dags/driven_data_pipeline.py
[2025-07-02T04:08:07.166+0000] {processor.py:211} ERROR - Got an exception! Propagating...
Traceback (most recent call last):
  File "/home/airflow/.local/lib/python3.12/site-packages/sqlalchemy/engine/base.py", line 3371, in _wrap_pool_connect
    return fn()
           ^^^^
  File "/home/airflow/.local/lib/python3.12/site-packages/sqlalchemy/pool/base.py", line 327, in connect
    return _ConnectionFairy._checkout(self)
           ^^^^^^^^^^^^^^^^^^^^^^^^^^^^^^^^
  File "/home/airflow/.local/lib/python3.12/site-packages/sqlalchemy/pool/base.py", line 894, in _checkout
    fairy = _ConnectionRecord.checkout(pool)
            ^^^^^^^^^^^^^^^^^^^^^^^^^^^^^^^^
  File "/home/airflow/.local/lib/python3.12/site-packages/sqlalchemy/pool/base.py", line 493, in checkout
    rec = pool._do_get()
          ^^^^^^^^^^^^^^
  File "/home/airflow/.local/lib/python3.12/site-packages/sqlalchemy/pool/impl.py", line 145, in _do_get
    with util.safe_reraise():
         ^^^^^^^^^^^^^^^^^^^
  File "/home/airflow/.local/lib/python3.12/site-packages/sqlalchemy/util/langhelpers.py", line 70, in __exit__
    compat.raise_(
  File "/home/airflow/.local/lib/python3.12/site-packages/sqlalchemy/util/compat.py", line 211, in raise_
    raise exception
  File "/home/airflow/.local/lib/python3.12/site-packages/sqlalchemy/pool/impl.py", line 143, in _do_get
    return self._create_connection()
           ^^^^^^^^^^^^^^^^^^^^^^^^^
  File "/home/airflow/.local/lib/python3.12/site-packages/sqlalchemy/pool/base.py", line 273, in _create_connection
    return _ConnectionRecord(self)
           ^^^^^^^^^^^^^^^^^^^^^^^
  File "/home/airflow/.local/lib/python3.12/site-packages/sqlalchemy/pool/base.py", line 388, in __init__
    self.__connect()
  File "/home/airflow/.local/lib/python3.12/site-packages/sqlalchemy/pool/base.py", line 690, in __connect
    with util.safe_reraise():
         ^^^^^^^^^^^^^^^^^^^
  File "/home/airflow/.local/lib/python3.12/site-packages/sqlalchemy/util/langhelpers.py", line 70, in __exit__
    compat.raise_(
  File "/home/airflow/.local/lib/python3.12/site-packages/sqlalchemy/util/compat.py", line 211, in raise_
    raise exception
  File "/home/airflow/.local/lib/python3.12/site-packages/sqlalchemy/pool/base.py", line 686, in __connect
    self.dbapi_connection = connection = pool._invoke_creator(self)
                                         ^^^^^^^^^^^^^^^^^^^^^^^^^^
  File "/home/airflow/.local/lib/python3.12/site-packages/sqlalchemy/engine/create.py", line 574, in connect
    return dialect.connect(*cargs, **cparams)
           ^^^^^^^^^^^^^^^^^^^^^^^^^^^^^^^^^^
  File "/home/airflow/.local/lib/python3.12/site-packages/sqlalchemy/engine/default.py", line 598, in connect
    return self.dbapi.connect(*cargs, **cparams)
           ^^^^^^^^^^^^^^^^^^^^^^^^^^^^^^^^^^^^^
  File "/home/airflow/.local/lib/python3.12/site-packages/psycopg2/__init__.py", line 122, in connect
    conn = _connect(dsn, connection_factory=connection_factory, **kwasync)
           ^^^^^^^^^^^^^^^^^^^^^^^^^^^^^^^^^^^^^^^^^^^^^^^^^^^^^^^^^^^^^^^
psycopg2.OperationalError: could not translate host name "postgres" to address: Temporary failure in name resolution


The above exception was the direct cause of the following exception:

Traceback (most recent call last):
  File "/home/airflow/.local/lib/python3.12/site-packages/airflow/dag_processing/processor.py", line 207, in _run_file_processor
    _handle_dag_file_processing()
  File "/home/airflow/.local/lib/python3.12/site-packages/airflow/dag_processing/processor.py", line 188, in _handle_dag_file_processing
    result: tuple[int, int, int] = dag_file_processor.process_file(
                                   ^^^^^^^^^^^^^^^^^^^^^^^^^^^^^^^^
  File "/home/airflow/.local/lib/python3.12/site-packages/airflow/utils/session.py", line 97, in wrapper
    return func(*args, session=session, **kwargs)
           ^^^^^^^^^^^^^^^^^^^^^^^^^^^^^^^^^^^^^^
  File "/home/airflow/.local/lib/python3.12/site-packages/airflow/dag_processing/processor.py", line 928, in process_file
    DagFileProcessor.update_import_errors(
  File "/home/airflow/.local/lib/python3.12/site-packages/airflow/api_internal/internal_api_call.py", line 139, in wrapper
    return func(*args, **kwargs)
           ^^^^^^^^^^^^^^^^^^^^^
  File "/home/airflow/.local/lib/python3.12/site-packages/airflow/utils/session.py", line 97, in wrapper
    return func(*args, session=session, **kwargs)
           ^^^^^^^^^^^^^^^^^^^^^^^^^^^^^^^^^^^^^^
  File "/home/airflow/.local/lib/python3.12/site-packages/airflow/dag_processing/processor.py", line 648, in update_import_errors
    existing_import_error_files = [x.filename for x in session.query(ParseImportError.filename).all()]
                                                       ^^^^^^^^^^^^^^^^^^^^^^^^^^^^^^^^^^^^^^^^^^^^^^
  File "/home/airflow/.local/lib/python3.12/site-packages/sqlalchemy/orm/query.py", line 2773, in all
    return self._iter().all()
           ^^^^^^^^^^^^
  File "/home/airflow/.local/lib/python3.12/site-packages/sqlalchemy/orm/query.py", line 2916, in _iter
    result = self.session.execute(
             ^^^^^^^^^^^^^^^^^^^^^
  File "/home/airflow/.local/lib/python3.12/site-packages/sqlalchemy/orm/session.py", line 1716, in execute
    conn = self._connection_for_bind(bind)
           ^^^^^^^^^^^^^^^^^^^^^^^^^^^^^^^
  File "/home/airflow/.local/lib/python3.12/site-packages/sqlalchemy/orm/session.py", line 1555, in _connection_for_bind
    return self._transaction._connection_for_bind(
           ^^^^^^^^^^^^^^^^^^^^^^^^^^^^^^^^^^^^^^^
  File "/home/airflow/.local/lib/python3.12/site-packages/sqlalchemy/orm/session.py", line 750, in _connection_for_bind
    conn = bind.connect()
           ^^^^^^^^^^^^^^
  File "/home/airflow/.local/lib/python3.12/site-packages/sqlalchemy/future/engine.py", line 412, in connect
    return super(Engine, self).connect()
           ^^^^^^^^^^^^^^^^^^^^^^^^^^^^^
  File "/home/airflow/.local/lib/python3.12/site-packages/sqlalchemy/engine/base.py", line 3325, in connect
    return self._connection_cls(self, close_with_result=close_with_result)
           ^^^^^^^^^^^^^^^^^^^^^^^^^^^^^^^^^^^^^^^^^^^^^^^^^^^^^^^^^^^^^^^
  File "/home/airflow/.local/lib/python3.12/site-packages/sqlalchemy/engine/base.py", line 96, in __init__
    else engine.raw_connection()
         ^^^^^^^^^^^^^^^^^^^^^^^
  File "/home/airflow/.local/lib/python3.12/site-packages/sqlalchemy/engine/base.py", line 3404, in raw_connection
    return self._wrap_pool_connect(self.pool.connect, _connection)
           ^^^^^^^^^^^^^^^^^^^^^^^^^^^^^^^^^^^^^^^^^^^^^^^^^^^^^^^
  File "/home/airflow/.local/lib/python3.12/site-packages/sqlalchemy/engine/base.py", line 3374, in _wrap_pool_connect
    Connection._handle_dbapi_exception_noconnection(
  File "/home/airflow/.local/lib/python3.12/site-packages/sqlalchemy/engine/base.py", line 2208, in _handle_dbapi_exception_noconnection
    util.raise_(
  File "/home/airflow/.local/lib/python3.12/site-packages/sqlalchemy/util/compat.py", line 211, in raise_
    raise exception
  File "/home/airflow/.local/lib/python3.12/site-packages/sqlalchemy/engine/base.py", line 3371, in _wrap_pool_connect
    return fn()
           ^^^^
  File "/home/airflow/.local/lib/python3.12/site-packages/sqlalchemy/pool/base.py", line 327, in connect
    return _ConnectionFairy._checkout(self)
           ^^^^^^^^^^^^^^^^^^^^^^^^^^^^^^^^
  File "/home/airflow/.local/lib/python3.12/site-packages/sqlalchemy/pool/base.py", line 894, in _checkout
    fairy = _ConnectionRecord.checkout(pool)
            ^^^^^^^^^^^^^^^^^^^^^^^^^^^^^^^^
  File "/home/airflow/.local/lib/python3.12/site-packages/sqlalchemy/pool/base.py", line 493, in checkout
    rec = pool._do_get()
          ^^^^^^^^^^^^^^
  File "/home/airflow/.local/lib/python3.12/site-packages/sqlalchemy/pool/impl.py", line 145, in _do_get
    with util.safe_reraise():
         ^^^^^^^^^^^^^^^^^^^
  File "/home/airflow/.local/lib/python3.12/site-packages/sqlalchemy/util/langhelpers.py", line 70, in __exit__
    compat.raise_(
  File "/home/airflow/.local/lib/python3.12/site-packages/sqlalchemy/util/compat.py", line 211, in raise_
    raise exception
  File "/home/airflow/.local/lib/python3.12/site-packages/sqlalchemy/pool/impl.py", line 143, in _do_get
    return self._create_connection()
           ^^^^^^^^^^^^^^^^^^^^^^^^^
  File "/home/airflow/.local/lib/python3.12/site-packages/sqlalchemy/pool/base.py", line 273, in _create_connection
    return _ConnectionRecord(self)
           ^^^^^^^^^^^^^^^^^^^^^^^
  File "/home/airflow/.local/lib/python3.12/site-packages/sqlalchemy/pool/base.py", line 388, in __init__
    self.__connect()
  File "/home/airflow/.local/lib/python3.12/site-packages/sqlalchemy/pool/base.py", line 690, in __connect
    with util.safe_reraise():
         ^^^^^^^^^^^^^^^^^^^
  File "/home/airflow/.local/lib/python3.12/site-packages/sqlalchemy/util/langhelpers.py", line 70, in __exit__
    compat.raise_(
  File "/home/airflow/.local/lib/python3.12/site-packages/sqlalchemy/util/compat.py", line 211, in raise_
    raise exception
  File "/home/airflow/.local/lib/python3.12/site-packages/sqlalchemy/pool/base.py", line 686, in __connect
    self.dbapi_connection = connection = pool._invoke_creator(self)
                                         ^^^^^^^^^^^^^^^^^^^^^^^^^^
  File "/home/airflow/.local/lib/python3.12/site-packages/sqlalchemy/engine/create.py", line 574, in connect
    return dialect.connect(*cargs, **cparams)
           ^^^^^^^^^^^^^^^^^^^^^^^^^^^^^^^^^^
  File "/home/airflow/.local/lib/python3.12/site-packages/sqlalchemy/engine/default.py", line 598, in connect
    return self.dbapi.connect(*cargs, **cparams)
           ^^^^^^^^^^^^^^^^^^^^^^^^^^^^^^^^^^^^^
  File "/home/airflow/.local/lib/python3.12/site-packages/psycopg2/__init__.py", line 122, in connect
    conn = _connect(dsn, connection_factory=connection_factory, **kwasync)
           ^^^^^^^^^^^^^^^^^^^^^^^^^^^^^^^^^^^^^^^^^^^^^^^^^^^^^^^^^^^^^^^
sqlalchemy.exc.OperationalError: (psycopg2.OperationalError) could not translate host name "postgres" to address: Temporary failure in name resolution

(Background on this error at: https://sqlalche.me/e/14/e3q8)
[2025-07-02T04:18:24.086+0000] {processor.py:186} INFO - Started process (PID=99) to work on /opt/airflow/dags/driven_data_pipeline.py
[2025-07-02T04:18:24.090+0000] {processor.py:914} INFO - Processing file /opt/airflow/dags/driven_data_pipeline.py for tasks to queue
[2025-07-02T04:18:24.097+0000] {logging_mixin.py:190} INFO - [2025-07-02T04:18:24.096+0000] {dagbag.py:588} INFO - Filling up the DagBag from /opt/airflow/dags/driven_data_pipeline.py
[2025-07-02T04:18:26.985+0000] {processor.py:925} INFO - DAG(s) 'extract_raw_data_pipeline' retrieved from /opt/airflow/dags/driven_data_pipeline.py
[2025-07-02T04:18:28.148+0000] {logging_mixin.py:190} INFO - [2025-07-02T04:18:28.141+0000] {override.py:1900} INFO - Created Permission View: can read on DAG:extract_raw_data_pipeline
[2025-07-02T04:18:28.204+0000] {logging_mixin.py:190} INFO - [2025-07-02T04:18:28.203+0000] {override.py:1900} INFO - Created Permission View: can delete on DAG:extract_raw_data_pipeline
[2025-07-02T04:18:28.241+0000] {logging_mixin.py:190} INFO - [2025-07-02T04:18:28.241+0000] {override.py:1900} INFO - Created Permission View: can edit on DAG:extract_raw_data_pipeline
[2025-07-02T04:18:28.299+0000] {logging_mixin.py:190} INFO - [2025-07-02T04:18:28.299+0000] {override.py:1900} INFO - Created Permission View: menu access on DAG Run:extract_raw_data_pipeline
[2025-07-02T04:18:28.326+0000] {logging_mixin.py:190} INFO - [2025-07-02T04:18:28.325+0000] {override.py:1900} INFO - Created Permission View: can read on DAG Run:extract_raw_data_pipeline
[2025-07-02T04:18:28.342+0000] {logging_mixin.py:190} INFO - [2025-07-02T04:18:28.341+0000] {override.py:1900} INFO - Created Permission View: can create on DAG Run:extract_raw_data_pipeline
[2025-07-02T04:18:28.361+0000] {logging_mixin.py:190} INFO - [2025-07-02T04:18:28.360+0000] {override.py:1900} INFO - Created Permission View: can delete on DAG Run:extract_raw_data_pipeline
[2025-07-02T04:18:28.363+0000] {logging_mixin.py:190} INFO - [2025-07-02T04:18:28.362+0000] {dag.py:3239} INFO - Sync 1 DAGs
[2025-07-02T04:18:28.405+0000] {logging_mixin.py:190} INFO - [2025-07-02T04:18:28.405+0000] {dag.py:3262} INFO - Creating ORM DAG for extract_raw_data_pipeline
[2025-07-02T04:18:28.438+0000] {logging_mixin.py:190} INFO - [2025-07-02T04:18:28.437+0000] {dag.py:4180} INFO - Setting next_dagrun for extract_raw_data_pipeline to 2025-07-01 07:58:00+00:00, run_after=2025-07-01 07:59:00+00:00
[2025-07-02T04:18:28.484+0000] {processor.py:208} INFO - Processing /opt/airflow/dags/driven_data_pipeline.py took 4.462 seconds
[2025-07-02T04:18:59.002+0000] {processor.py:186} INFO - Started process (PID=107) to work on /opt/airflow/dags/driven_data_pipeline.py
[2025-07-02T04:18:59.004+0000] {processor.py:914} INFO - Processing file /opt/airflow/dags/driven_data_pipeline.py for tasks to queue
[2025-07-02T04:18:59.017+0000] {logging_mixin.py:190} INFO - [2025-07-02T04:18:59.011+0000] {dagbag.py:588} INFO - Filling up the DagBag from /opt/airflow/dags/driven_data_pipeline.py
[2025-07-02T04:19:01.961+0000] {processor.py:925} INFO - DAG(s) 'extract_raw_data_pipeline' retrieved from /opt/airflow/dags/driven_data_pipeline.py
[2025-07-02T04:19:02.019+0000] {logging_mixin.py:190} INFO - [2025-07-02T04:19:02.019+0000] {dag.py:3239} INFO - Sync 1 DAGs
[2025-07-02T04:19:02.051+0000] {logging_mixin.py:190} INFO - [2025-07-02T04:19:02.050+0000] {dag.py:4180} INFO - Setting next_dagrun for extract_raw_data_pipeline to 2025-07-01 07:58:00+00:00, run_after=2025-07-01 07:59:00+00:00
[2025-07-02T04:19:02.084+0000] {processor.py:208} INFO - Processing /opt/airflow/dags/driven_data_pipeline.py took 3.096 seconds
[2025-07-02T04:19:32.452+0000] {processor.py:186} INFO - Started process (PID=115) to work on /opt/airflow/dags/driven_data_pipeline.py
[2025-07-02T04:19:32.454+0000] {processor.py:914} INFO - Processing file /opt/airflow/dags/driven_data_pipeline.py for tasks to queue
[2025-07-02T04:19:32.461+0000] {logging_mixin.py:190} INFO - [2025-07-02T04:19:32.458+0000] {dagbag.py:588} INFO - Filling up the DagBag from /opt/airflow/dags/driven_data_pipeline.py
[2025-07-02T04:19:34.352+0000] {processor.py:925} INFO - DAG(s) 'extract_raw_data_pipeline' retrieved from /opt/airflow/dags/driven_data_pipeline.py
[2025-07-02T04:19:34.474+0000] {logging_mixin.py:190} INFO - [2025-07-02T04:19:34.470+0000] {dag.py:3239} INFO - Sync 1 DAGs
[2025-07-02T04:19:34.516+0000] {logging_mixin.py:190} INFO - [2025-07-02T04:19:34.515+0000] {dag.py:4180} INFO - Setting next_dagrun for extract_raw_data_pipeline to 2025-07-01 07:58:00+00:00, run_after=2025-07-01 07:59:00+00:00
[2025-07-02T04:19:34.551+0000] {processor.py:208} INFO - Processing /opt/airflow/dags/driven_data_pipeline.py took 2.115 seconds
[2025-07-02T04:22:44.675+0000] {processor.py:186} INFO - Started process (PID=129) to work on /opt/airflow/dags/driven_data_pipeline.py
[2025-07-02T04:22:44.775+0000] {processor.py:914} INFO - Processing file /opt/airflow/dags/driven_data_pipeline.py for tasks to queue
[2025-07-02T04:22:45.171+0000] {logging_mixin.py:190} INFO - [2025-07-02T04:22:45.034+0000] {dagbag.py:588} INFO - Filling up the DagBag from /opt/airflow/dags/driven_data_pipeline.py
[2025-07-02T04:27:37.253+0000] {logging_mixin.py:190} INFO - [2025-07-02T04:26:54.788+0000] {timeout.py:68} ERROR - Process timed out, PID: 129
[2025-07-02T04:28:32.591+0000] {processor.py:186} INFO - Started process (PID=156) to work on /opt/airflow/dags/driven_data_pipeline.py
[2025-07-02T04:28:32.593+0000] {processor.py:914} INFO - Processing file /opt/airflow/dags/driven_data_pipeline.py for tasks to queue
[2025-07-02T04:28:32.601+0000] {logging_mixin.py:190} INFO - [2025-07-02T04:28:32.596+0000] {dagbag.py:588} INFO - Filling up the DagBag from /opt/airflow/dags/driven_data_pipeline.py
[2025-07-02T04:28:33.570+0000] {processor.py:925} INFO - DAG(s) 'extract_raw_data_pipeline' retrieved from /opt/airflow/dags/driven_data_pipeline.py
[2025-07-02T04:28:33.986+0000] {logging_mixin.py:190} INFO - [2025-07-02T04:28:33.986+0000] {dag.py:3239} INFO - Sync 1 DAGs
[2025-07-02T04:28:34.040+0000] {logging_mixin.py:190} INFO - [2025-07-02T04:28:34.039+0000] {dag.py:4180} INFO - Setting next_dagrun for extract_raw_data_pipeline to 2025-07-01 07:59:00+00:00, run_after=2025-07-02 07:00:00+00:00
[2025-07-02T04:28:34.093+0000] {processor.py:208} INFO - Processing /opt/airflow/dags/driven_data_pipeline.py took 1.514 seconds
[2025-07-02T04:29:42.138+0000] {processor.py:186} INFO - Started process (PID=164) to work on /opt/airflow/dags/driven_data_pipeline.py
[2025-07-02T04:29:42.431+0000] {processor.py:914} INFO - Processing file /opt/airflow/dags/driven_data_pipeline.py for tasks to queue
[2025-07-02T04:29:42.965+0000] {logging_mixin.py:190} INFO - [2025-07-02T04:29:42.755+0000] {dagbag.py:588} INFO - Filling up the DagBag from /opt/airflow/dags/driven_data_pipeline.py
[2025-07-02T04:31:59.857+0000] {processor.py:186} INFO - Started process (PID=166) to work on /opt/airflow/dags/driven_data_pipeline.py
[2025-07-02T04:31:59.863+0000] {processor.py:914} INFO - Processing file /opt/airflow/dags/driven_data_pipeline.py for tasks to queue
[2025-07-02T04:31:59.873+0000] {logging_mixin.py:190} INFO - [2025-07-02T04:31:59.868+0000] {dagbag.py:588} INFO - Filling up the DagBag from /opt/airflow/dags/driven_data_pipeline.py
[2025-07-02T04:32:03.477+0000] {processor.py:925} INFO - DAG(s) 'extract_raw_data_pipeline' retrieved from /opt/airflow/dags/driven_data_pipeline.py
[2025-07-02T04:32:03.723+0000] {logging_mixin.py:190} INFO - [2025-07-02T04:32:03.723+0000] {taskinstance.py:3312} ERROR - {'DAG Id': 'extract_raw_data_pipeline', 'Task Id': 'create_raw_schema', 'Run Id': 'scheduled__2025-07-01T07:58:00+00:00', 'Hostname': 'd833f98ea784', 'External Executor Id': 'b6d9a715-89b6-49b5-9a14-5109dd626aec'}
[2025-07-02T04:32:03.859+0000] {logging_mixin.py:190} INFO - [2025-07-02T04:32:03.859+0000] {taskinstance.py:1225} INFO - Marking task as FAILED. dag_id=extract_raw_data_pipeline, task_id=create_raw_schema, run_id=scheduled__2025-07-01T07:58:00+00:00, execution_date=20250701T075800, start_date=20250702T042844, end_date=20250702T043203
[2025-07-02T04:32:03.921+0000] {logging_mixin.py:190} INFO - [2025-07-02T04:32:03.921+0000] {processor.py:876} INFO - Executed callback for <TaskInstance: extract_raw_data_pipeline.create_raw_schema scheduled__2025-07-01T07:58:00+00:00 [failed]> in state failed
[2025-07-02T04:32:04.699+0000] {logging_mixin.py:190} INFO - [2025-07-02T04:32:04.697+0000] {dag.py:3239} INFO - Sync 1 DAGs
[2025-07-02T04:32:04.807+0000] {logging_mixin.py:190} INFO - [2025-07-02T04:32:04.807+0000] {dag.py:4180} INFO - Setting next_dagrun for extract_raw_data_pipeline to 2025-07-01 07:59:00+00:00, run_after=2025-07-02 07:00:00+00:00
[2025-07-02T04:32:04.880+0000] {processor.py:208} INFO - Processing /opt/airflow/dags/driven_data_pipeline.py took 5.059 seconds
[2025-07-02T04:32:35.849+0000] {processor.py:186} INFO - Started process (PID=181) to work on /opt/airflow/dags/driven_data_pipeline.py
[2025-07-02T04:32:35.852+0000] {processor.py:914} INFO - Processing file /opt/airflow/dags/driven_data_pipeline.py for tasks to queue
[2025-07-02T04:32:35.858+0000] {logging_mixin.py:190} INFO - [2025-07-02T04:32:35.854+0000] {dagbag.py:588} INFO - Filling up the DagBag from /opt/airflow/dags/driven_data_pipeline.py
[2025-07-02T04:32:37.100+0000] {processor.py:925} INFO - DAG(s) 'extract_raw_data_pipeline' retrieved from /opt/airflow/dags/driven_data_pipeline.py
[2025-07-02T04:32:37.459+0000] {logging_mixin.py:190} INFO - [2025-07-02T04:32:37.452+0000] {dag.py:3239} INFO - Sync 1 DAGs
[2025-07-02T04:32:37.517+0000] {logging_mixin.py:190} INFO - [2025-07-02T04:32:37.517+0000] {dag.py:4180} INFO - Setting next_dagrun for extract_raw_data_pipeline to 2025-07-01 07:59:00+00:00, run_after=2025-07-02 07:00:00+00:00
[2025-07-02T04:32:37.565+0000] {processor.py:208} INFO - Processing /opt/airflow/dags/driven_data_pipeline.py took 1.740 seconds
[2025-07-02T04:33:08.252+0000] {processor.py:186} INFO - Started process (PID=190) to work on /opt/airflow/dags/driven_data_pipeline.py
[2025-07-02T04:33:08.258+0000] {processor.py:914} INFO - Processing file /opt/airflow/dags/driven_data_pipeline.py for tasks to queue
[2025-07-02T04:33:08.267+0000] {logging_mixin.py:190} INFO - [2025-07-02T04:33:08.262+0000] {dagbag.py:588} INFO - Filling up the DagBag from /opt/airflow/dags/driven_data_pipeline.py
[2025-07-02T04:33:09.890+0000] {processor.py:925} INFO - DAG(s) 'extract_raw_data_pipeline' retrieved from /opt/airflow/dags/driven_data_pipeline.py
[2025-07-02T04:33:10.002+0000] {logging_mixin.py:190} INFO - [2025-07-02T04:33:10.001+0000] {dag.py:3239} INFO - Sync 1 DAGs
[2025-07-02T04:33:10.053+0000] {logging_mixin.py:190} INFO - [2025-07-02T04:33:10.052+0000] {dag.py:4180} INFO - Setting next_dagrun for extract_raw_data_pipeline to 2025-07-01 07:59:00+00:00, run_after=2025-07-02 07:00:00+00:00
[2025-07-02T04:33:10.102+0000] {processor.py:208} INFO - Processing /opt/airflow/dags/driven_data_pipeline.py took 1.880 seconds
[2025-07-02T04:33:40.774+0000] {processor.py:186} INFO - Started process (PID=198) to work on /opt/airflow/dags/driven_data_pipeline.py
[2025-07-02T04:33:40.779+0000] {processor.py:914} INFO - Processing file /opt/airflow/dags/driven_data_pipeline.py for tasks to queue
[2025-07-02T04:33:40.783+0000] {logging_mixin.py:190} INFO - [2025-07-02T04:33:40.781+0000] {dagbag.py:588} INFO - Filling up the DagBag from /opt/airflow/dags/driven_data_pipeline.py
[2025-07-02T04:33:41.678+0000] {processor.py:925} INFO - DAG(s) 'extract_raw_data_pipeline' retrieved from /opt/airflow/dags/driven_data_pipeline.py
[2025-07-02T04:33:41.749+0000] {logging_mixin.py:190} INFO - [2025-07-02T04:33:41.749+0000] {dag.py:3239} INFO - Sync 1 DAGs
[2025-07-02T04:33:41.794+0000] {logging_mixin.py:190} INFO - [2025-07-02T04:33:41.793+0000] {dag.py:4180} INFO - Setting next_dagrun for extract_raw_data_pipeline to 2025-07-01 07:59:00+00:00, run_after=2025-07-02 07:00:00+00:00
[2025-07-02T04:33:41.827+0000] {processor.py:208} INFO - Processing /opt/airflow/dags/driven_data_pipeline.py took 1.067 seconds
[2025-07-02T04:34:12.246+0000] {processor.py:186} INFO - Started process (PID=206) to work on /opt/airflow/dags/driven_data_pipeline.py
[2025-07-02T04:34:12.248+0000] {processor.py:914} INFO - Processing file /opt/airflow/dags/driven_data_pipeline.py for tasks to queue
[2025-07-02T04:34:12.253+0000] {logging_mixin.py:190} INFO - [2025-07-02T04:34:12.252+0000] {dagbag.py:588} INFO - Filling up the DagBag from /opt/airflow/dags/driven_data_pipeline.py
[2025-07-02T04:34:13.100+0000] {processor.py:925} INFO - DAG(s) 'extract_raw_data_pipeline' retrieved from /opt/airflow/dags/driven_data_pipeline.py
[2025-07-02T04:34:13.276+0000] {logging_mixin.py:190} INFO - [2025-07-02T04:34:13.275+0000] {dag.py:3239} INFO - Sync 1 DAGs
[2025-07-02T04:34:13.330+0000] {logging_mixin.py:190} INFO - [2025-07-02T04:34:13.330+0000] {dag.py:4180} INFO - Setting next_dagrun for extract_raw_data_pipeline to 2025-07-01 07:59:00+00:00, run_after=2025-07-02 07:00:00+00:00
[2025-07-02T04:34:13.375+0000] {processor.py:208} INFO - Processing /opt/airflow/dags/driven_data_pipeline.py took 1.142 seconds
[2025-07-02T04:37:28.458+0000] {processor.py:186} INFO - Started process (PID=100) to work on /opt/airflow/dags/driven_data_pipeline.py
[2025-07-02T04:37:28.461+0000] {processor.py:914} INFO - Processing file /opt/airflow/dags/driven_data_pipeline.py for tasks to queue
[2025-07-02T04:37:28.466+0000] {logging_mixin.py:190} INFO - [2025-07-02T04:37:28.465+0000] {dagbag.py:588} INFO - Filling up the DagBag from /opt/airflow/dags/driven_data_pipeline.py
[2025-07-02T04:37:29.868+0000] {processor.py:925} INFO - DAG(s) 'extract_raw_data_pipeline' retrieved from /opt/airflow/dags/driven_data_pipeline.py
[2025-07-02T04:37:29.976+0000] {logging_mixin.py:190} INFO - [2025-07-02T04:37:29.975+0000] {dag.py:3239} INFO - Sync 1 DAGs
[2025-07-02T04:37:30.018+0000] {logging_mixin.py:190} INFO - [2025-07-02T04:37:30.018+0000] {dag.py:4180} INFO - Setting next_dagrun for extract_raw_data_pipeline to 2025-07-01 07:59:00+00:00, run_after=2025-07-02 07:00:00+00:00
[2025-07-02T04:37:30.054+0000] {processor.py:208} INFO - Processing /opt/airflow/dags/driven_data_pipeline.py took 1.606 seconds
[2025-07-02T04:38:00.724+0000] {processor.py:186} INFO - Started process (PID=108) to work on /opt/airflow/dags/driven_data_pipeline.py
[2025-07-02T04:38:00.726+0000] {processor.py:914} INFO - Processing file /opt/airflow/dags/driven_data_pipeline.py for tasks to queue
[2025-07-02T04:38:00.745+0000] {logging_mixin.py:190} INFO - [2025-07-02T04:38:00.739+0000] {dagbag.py:588} INFO - Filling up the DagBag from /opt/airflow/dags/driven_data_pipeline.py
[2025-07-02T04:38:04.294+0000] {processor.py:925} INFO - DAG(s) 'extract_raw_data_pipeline' retrieved from /opt/airflow/dags/driven_data_pipeline.py
[2025-07-02T04:38:04.409+0000] {logging_mixin.py:190} INFO - [2025-07-02T04:38:04.409+0000] {dag.py:3239} INFO - Sync 1 DAGs
[2025-07-02T04:38:04.458+0000] {logging_mixin.py:190} INFO - [2025-07-02T04:38:04.457+0000] {dag.py:4180} INFO - Setting next_dagrun for extract_raw_data_pipeline to 2025-07-01 07:59:00+00:00, run_after=2025-07-02 07:00:00+00:00
[2025-07-02T04:38:04.501+0000] {processor.py:208} INFO - Processing /opt/airflow/dags/driven_data_pipeline.py took 3.845 seconds
[2025-07-02T04:38:35.562+0000] {processor.py:186} INFO - Started process (PID=116) to work on /opt/airflow/dags/driven_data_pipeline.py
[2025-07-02T04:38:35.593+0000] {processor.py:914} INFO - Processing file /opt/airflow/dags/driven_data_pipeline.py for tasks to queue
[2025-07-02T04:38:35.618+0000] {logging_mixin.py:190} INFO - [2025-07-02T04:38:35.608+0000] {dagbag.py:588} INFO - Filling up the DagBag from /opt/airflow/dags/driven_data_pipeline.py
[2025-07-02T04:39:11.508+0000] {logging_mixin.py:190} INFO - [2025-07-02T04:39:11.433+0000] {timeout.py:68} ERROR - Process timed out, PID: 116
[2025-07-02T04:39:11.856+0000] {logging_mixin.py:190} INFO - [2025-07-02T04:39:11.546+0000] {dagbag.py:387} ERROR - Failed to import: /opt/airflow/dags/driven_data_pipeline.py
Traceback (most recent call last):
  File "/home/airflow/.local/lib/python3.12/site-packages/airflow/models/dagbag.py", line 383, in parse
    loader.exec_module(new_module)
  File "<frozen importlib._bootstrap_external>", line 995, in exec_module
  File "<frozen importlib._bootstrap>", line 488, in _call_with_frames_removed
  File "/opt/airflow/dags/driven_data_pipeline.py", line 12, in <module>
    from faker import Faker
  File "/home/airflow/.local/lib/python3.12/site-packages/faker/__init__.py", line 1, in <module>
    from faker.factory import Factory
  File "/home/airflow/.local/lib/python3.12/site-packages/faker/factory.py", line 9, in <module>
    from .config import AVAILABLE_LOCALES, DEFAULT_LOCALE, PROVIDERS
  File "/home/airflow/.local/lib/python3.12/site-packages/faker/config.py", line 13, in <module>
    AVAILABLE_LOCALES = find_available_locales(PROVIDERS)
                        ^^^^^^^^^^^^^^^^^^^^^^^^^^^^^^^^^
  File "/home/airflow/.local/lib/python3.12/site-packages/faker/utils/loading.py", line 45, in find_available_locales
    provider_module = import_module(provider_path)
                      ^^^^^^^^^^^^^^^^^^^^^^^^^^^^
  File "/usr/local/lib/python3.12/importlib/__init__.py", line 90, in import_module
    return _bootstrap._gcd_import(name[level:], package, level)
           ^^^^^^^^^^^^^^^^^^^^^^^^^^^^^^^^^^^^^^^^^^^^^^^^^^^^
  File "/home/airflow/.local/lib/python3.12/site-packages/faker/providers/misc/__init__.py", line 8, in <module>
    import tarfile
  File "/home/airflow/.local/lib/python3.12/site-packages/airflow/utils/timeout.py", line 69, in handle_timeout
    raise AirflowTaskTimeout(self.error_message)
airflow.exceptions.AirflowTaskTimeout: DagBag import timeout for /opt/airflow/dags/driven_data_pipeline.py after 30.0s.
Please take a look at these docs to improve your DAG import time:
* https://airflow.apache.org/docs/apache-airflow/2.10.2/best-practices.html#top-level-python-code
* https://airflow.apache.org/docs/apache-airflow/2.10.2/best-practices.html#reducing-dag-complexity, PID: 116
[2025-07-02T04:39:12.116+0000] {processor.py:927} WARNING - No viable dags retrieved from /opt/airflow/dags/driven_data_pipeline.py
[2025-07-02T04:39:16.247+0000] {processor.py:208} INFO - Processing /opt/airflow/dags/driven_data_pipeline.py took 40.853 seconds
[2025-07-02T04:39:46.845+0000] {processor.py:186} INFO - Started process (PID=123) to work on /opt/airflow/dags/driven_data_pipeline.py
[2025-07-02T04:39:46.850+0000] {processor.py:914} INFO - Processing file /opt/airflow/dags/driven_data_pipeline.py for tasks to queue
[2025-07-02T04:39:46.866+0000] {logging_mixin.py:190} INFO - [2025-07-02T04:39:46.854+0000] {dagbag.py:588} INFO - Filling up the DagBag from /opt/airflow/dags/driven_data_pipeline.py
[2025-07-02T04:39:57.987+0000] {processor.py:925} INFO - DAG(s) 'extract_raw_data_pipeline' retrieved from /opt/airflow/dags/driven_data_pipeline.py
[2025-07-02T04:39:59.335+0000] {logging_mixin.py:190} INFO - [2025-07-02T04:39:59.317+0000] {dag.py:3239} INFO - Sync 1 DAGs
[2025-07-02T04:39:59.461+0000] {logging_mixin.py:190} INFO - [2025-07-02T04:39:59.458+0000] {dag.py:4180} INFO - Setting next_dagrun for extract_raw_data_pipeline to 2025-07-01 07:59:00+00:00, run_after=2025-07-02 07:00:00+00:00
[2025-07-02T04:39:59.590+0000] {processor.py:208} INFO - Processing /opt/airflow/dags/driven_data_pipeline.py took 12.789 seconds
[2025-07-02T04:40:39.343+0000] {processor.py:186} INFO - Started process (PID=131) to work on /opt/airflow/dags/driven_data_pipeline.py
[2025-07-02T04:40:39.743+0000] {processor.py:914} INFO - Processing file /opt/airflow/dags/driven_data_pipeline.py for tasks to queue
[2025-07-02T04:40:41.194+0000] {logging_mixin.py:190} INFO - [2025-07-02T04:40:40.350+0000] {dagbag.py:588} INFO - Filling up the DagBag from /opt/airflow/dags/driven_data_pipeline.py
[2025-07-02T04:41:46.786+0000] {logging_mixin.py:190} INFO - [2025-07-02T04:41:22.051+0000] {timeout.py:68} ERROR - Process timed out, PID: 131
[2025-07-02T04:41:48.716+0000] {logging_mixin.py:190} INFO - [2025-07-02T04:41:46.961+0000] {dagbag.py:387} ERROR - Failed to import: /opt/airflow/dags/driven_data_pipeline.py
Traceback (most recent call last):
  File "/home/airflow/.local/lib/python3.12/site-packages/airflow/models/dagbag.py", line 383, in parse
    loader.exec_module(new_module)
  File "<frozen importlib._bootstrap_external>", line 995, in exec_module
  File "<frozen importlib._bootstrap>", line 488, in _call_with_frames_removed
  File "/opt/airflow/dags/driven_data_pipeline.py", line 2, in <module>
    from airflow.operators.python_operator import PythonOperator
  File "/home/airflow/.local/lib/python3.12/site-packages/airflow/utils/deprecation_tools.py", line 56, in getattr_with_deprecation
    return getattr(importlib.import_module(new_module), new_class_name)
                   ^^^^^^^^^^^^^^^^^^^^^^^^^^^^^^^^^^^
  File "/usr/local/lib/python3.12/importlib/__init__.py", line 90, in import_module
    return _bootstrap._gcd_import(name[level:], package, level)
           ^^^^^^^^^^^^^^^^^^^^^^^^^^^^^^^^^^^^^^^^^^^^^^^^^^^^
  File "<frozen importlib._bootstrap>", line 1387, in _gcd_import
  File "<frozen importlib._bootstrap>", line 1360, in _find_and_load
  File "<frozen importlib._bootstrap>", line 1331, in _find_and_load_unlocked
  File "<frozen importlib._bootstrap>", line 935, in _load_unlocked
  File "<frozen importlib._bootstrap_external>", line 995, in exec_module
  File "<frozen importlib._bootstrap>", line 488, in _call_with_frames_removed
  File "/home/airflow/.local/lib/python3.12/site-packages/airflow/operators/python.py", line 51, in <module>
    from airflow.operators.branch import BranchMixIn
  File "<frozen importlib._bootstrap>", line 1360, in _find_and_load
  File "<frozen importlib._bootstrap>", line 1331, in _find_and_load_unlocked
  File "<frozen importlib._bootstrap>", line 935, in _load_unlocked
  File "<frozen importlib._bootstrap_external>", line 991, in exec_module
  File "<frozen importlib._bootstrap_external>", line 1087, in get_code
  File "<frozen importlib._bootstrap_external>", line 1186, in get_data
  File "/home/airflow/.local/lib/python3.12/site-packages/airflow/utils/timeout.py", line 69, in handle_timeout
    raise AirflowTaskTimeout(self.error_message)
airflow.exceptions.AirflowTaskTimeout: DagBag import timeout for /opt/airflow/dags/driven_data_pipeline.py after 30.0s.
Please take a look at these docs to improve your DAG import time:
* https://airflow.apache.org/docs/apache-airflow/2.10.2/best-practices.html#top-level-python-code
* https://airflow.apache.org/docs/apache-airflow/2.10.2/best-practices.html#reducing-dag-complexity, PID: 131
[2025-07-02T04:41:49.306+0000] {processor.py:927} WARNING - No viable dags retrieved from /opt/airflow/dags/driven_data_pipeline.py
[2025-07-02T04:44:19.542+0000] {processor.py:186} INFO - Started process (PID=132) to work on /opt/airflow/dags/driven_data_pipeline.py
[2025-07-02T04:44:19.546+0000] {processor.py:914} INFO - Processing file /opt/airflow/dags/driven_data_pipeline.py for tasks to queue
[2025-07-02T04:44:19.577+0000] {logging_mixin.py:190} INFO - [2025-07-02T04:44:19.558+0000] {dagbag.py:588} INFO - Filling up the DagBag from /opt/airflow/dags/driven_data_pipeline.py
[2025-07-02T04:44:25.994+0000] {processor.py:925} INFO - DAG(s) 'extract_raw_data_pipeline' retrieved from /opt/airflow/dags/driven_data_pipeline.py
[2025-07-02T04:44:26.492+0000] {logging_mixin.py:190} INFO - [2025-07-02T04:44:26.491+0000] {dag.py:3239} INFO - Sync 1 DAGs
[2025-07-02T04:44:26.546+0000] {logging_mixin.py:190} INFO - [2025-07-02T04:44:26.546+0000] {dag.py:4180} INFO - Setting next_dagrun for extract_raw_data_pipeline to 2025-07-01 07:59:00+00:00, run_after=2025-07-02 07:00:00+00:00
[2025-07-02T04:44:26.608+0000] {processor.py:208} INFO - Processing /opt/airflow/dags/driven_data_pipeline.py took 7.177 seconds
[2025-07-02T04:44:56.931+0000] {processor.py:186} INFO - Started process (PID=140) to work on /opt/airflow/dags/driven_data_pipeline.py
[2025-07-02T04:44:56.937+0000] {processor.py:914} INFO - Processing file /opt/airflow/dags/driven_data_pipeline.py for tasks to queue
[2025-07-02T04:44:56.945+0000] {logging_mixin.py:190} INFO - [2025-07-02T04:44:56.940+0000] {dagbag.py:588} INFO - Filling up the DagBag from /opt/airflow/dags/driven_data_pipeline.py
[2025-07-02T04:45:01.086+0000] {processor.py:925} INFO - DAG(s) 'extract_raw_data_pipeline' retrieved from /opt/airflow/dags/driven_data_pipeline.py
[2025-07-02T04:45:01.463+0000] {logging_mixin.py:190} INFO - [2025-07-02T04:45:01.457+0000] {dag.py:3239} INFO - Sync 1 DAGs
[2025-07-02T04:45:01.516+0000] {logging_mixin.py:190} INFO - [2025-07-02T04:45:01.515+0000] {dag.py:4180} INFO - Setting next_dagrun for extract_raw_data_pipeline to 2025-07-01 07:59:00+00:00, run_after=2025-07-02 07:00:00+00:00
[2025-07-02T04:45:01.589+0000] {processor.py:208} INFO - Processing /opt/airflow/dags/driven_data_pipeline.py took 4.699 seconds
[2025-07-02T04:45:32.124+0000] {processor.py:186} INFO - Started process (PID=148) to work on /opt/airflow/dags/driven_data_pipeline.py
[2025-07-02T04:45:32.128+0000] {processor.py:914} INFO - Processing file /opt/airflow/dags/driven_data_pipeline.py for tasks to queue
[2025-07-02T04:45:32.133+0000] {logging_mixin.py:190} INFO - [2025-07-02T04:45:32.132+0000] {dagbag.py:588} INFO - Filling up the DagBag from /opt/airflow/dags/driven_data_pipeline.py
[2025-07-02T04:45:33.995+0000] {processor.py:925} INFO - DAG(s) 'extract_raw_data_pipeline' retrieved from /opt/airflow/dags/driven_data_pipeline.py
[2025-07-02T04:45:34.115+0000] {logging_mixin.py:190} INFO - [2025-07-02T04:45:34.114+0000] {dag.py:3239} INFO - Sync 1 DAGs
[2025-07-02T04:45:34.160+0000] {logging_mixin.py:190} INFO - [2025-07-02T04:45:34.160+0000] {dag.py:4180} INFO - Setting next_dagrun for extract_raw_data_pipeline to 2025-07-01 07:59:00+00:00, run_after=2025-07-02 07:00:00+00:00
[2025-07-02T04:45:34.200+0000] {processor.py:208} INFO - Processing /opt/airflow/dags/driven_data_pipeline.py took 2.101 seconds
[2025-07-02T04:46:04.969+0000] {processor.py:186} INFO - Started process (PID=156) to work on /opt/airflow/dags/driven_data_pipeline.py
[2025-07-02T04:46:04.978+0000] {processor.py:914} INFO - Processing file /opt/airflow/dags/driven_data_pipeline.py for tasks to queue
[2025-07-02T04:46:04.983+0000] {logging_mixin.py:190} INFO - [2025-07-02T04:46:04.980+0000] {dagbag.py:588} INFO - Filling up the DagBag from /opt/airflow/dags/driven_data_pipeline.py
[2025-07-02T04:46:06.638+0000] {processor.py:925} INFO - DAG(s) 'extract_raw_data_pipeline' retrieved from /opt/airflow/dags/driven_data_pipeline.py
[2025-07-02T04:46:06.844+0000] {logging_mixin.py:190} INFO - [2025-07-02T04:46:06.841+0000] {dag.py:3239} INFO - Sync 1 DAGs
[2025-07-02T04:46:06.882+0000] {logging_mixin.py:190} INFO - [2025-07-02T04:46:06.881+0000] {dag.py:4180} INFO - Setting next_dagrun for extract_raw_data_pipeline to 2025-07-01 07:59:00+00:00, run_after=2025-07-02 07:00:00+00:00
[2025-07-02T04:46:06.924+0000] {processor.py:208} INFO - Processing /opt/airflow/dags/driven_data_pipeline.py took 1.973 seconds
[2025-07-02T04:49:34.106+0000] {processor.py:186} INFO - Started process (PID=163) to work on /opt/airflow/dags/driven_data_pipeline.py
[2025-07-02T04:49:34.276+0000] {processor.py:914} INFO - Processing file /opt/airflow/dags/driven_data_pipeline.py for tasks to queue
[2025-07-02T04:49:34.457+0000] {logging_mixin.py:190} INFO - [2025-07-02T04:49:34.402+0000] {dagbag.py:588} INFO - Filling up the DagBag from /opt/airflow/dags/driven_data_pipeline.py
[2025-07-02T04:53:17.154+0000] {processor.py:186} INFO - Started process (PID=165) to work on /opt/airflow/dags/driven_data_pipeline.py
[2025-07-02T04:53:18.928+0000] {processor.py:914} INFO - Processing file /opt/airflow/dags/driven_data_pipeline.py for tasks to queue
[2025-07-02T04:53:25.532+0000] {logging_mixin.py:190} INFO - [2025-07-02T04:53:22.987+0000] {dagbag.py:588} INFO - Filling up the DagBag from /opt/airflow/dags/driven_data_pipeline.py
[2025-07-02T04:54:32.035+0000] {logging_mixin.py:190} INFO - [2025-07-02T04:54:32.009+0000] {timeout.py:68} ERROR - Process timed out, PID: 165
[2025-07-02T04:55:02.927+0000] {processor.py:186} INFO - Started process (PID=172) to work on /opt/airflow/dags/driven_data_pipeline.py
[2025-07-02T04:55:02.930+0000] {processor.py:914} INFO - Processing file /opt/airflow/dags/driven_data_pipeline.py for tasks to queue
[2025-07-02T04:55:02.948+0000] {logging_mixin.py:190} INFO - [2025-07-02T04:55:02.936+0000] {dagbag.py:588} INFO - Filling up the DagBag from /opt/airflow/dags/driven_data_pipeline.py
[2025-07-02T04:55:09.639+0000] {processor.py:925} INFO - DAG(s) 'extract_raw_data_pipeline' retrieved from /opt/airflow/dags/driven_data_pipeline.py
[2025-07-02T04:55:10.125+0000] {logging_mixin.py:190} INFO - [2025-07-02T04:55:10.123+0000] {dag.py:3239} INFO - Sync 1 DAGs
[2025-07-02T04:55:10.176+0000] {logging_mixin.py:190} INFO - [2025-07-02T04:55:10.175+0000] {dag.py:4180} INFO - Setting next_dagrun for extract_raw_data_pipeline to 2025-07-01 07:59:00+00:00, run_after=2025-07-02 07:00:00+00:00
[2025-07-02T04:55:10.225+0000] {processor.py:208} INFO - Processing /opt/airflow/dags/driven_data_pipeline.py took 7.298 seconds
[2025-07-02T04:55:40.762+0000] {processor.py:186} INFO - Started process (PID=185) to work on /opt/airflow/dags/driven_data_pipeline.py
[2025-07-02T04:55:40.764+0000] {processor.py:914} INFO - Processing file /opt/airflow/dags/driven_data_pipeline.py for tasks to queue
[2025-07-02T04:55:40.767+0000] {logging_mixin.py:190} INFO - [2025-07-02T04:55:40.766+0000] {dagbag.py:588} INFO - Filling up the DagBag from /opt/airflow/dags/driven_data_pipeline.py
[2025-07-02T04:55:41.542+0000] {processor.py:925} INFO - DAG(s) 'extract_raw_data_pipeline' retrieved from /opt/airflow/dags/driven_data_pipeline.py
[2025-07-02T04:55:41.596+0000] {logging_mixin.py:190} INFO - [2025-07-02T04:55:41.595+0000] {dag.py:3239} INFO - Sync 1 DAGs
[2025-07-02T04:55:41.633+0000] {logging_mixin.py:190} INFO - [2025-07-02T04:55:41.633+0000] {dag.py:4180} INFO - Setting next_dagrun for extract_raw_data_pipeline to 2025-07-01 07:59:00+00:00, run_after=2025-07-02 07:00:00+00:00
[2025-07-02T04:55:41.666+0000] {processor.py:208} INFO - Processing /opt/airflow/dags/driven_data_pipeline.py took 0.915 seconds
[2025-07-02T04:56:12.134+0000] {processor.py:186} INFO - Started process (PID=193) to work on /opt/airflow/dags/driven_data_pipeline.py
[2025-07-02T04:56:12.136+0000] {processor.py:914} INFO - Processing file /opt/airflow/dags/driven_data_pipeline.py for tasks to queue
[2025-07-02T04:56:12.138+0000] {logging_mixin.py:190} INFO - [2025-07-02T04:56:12.137+0000] {dagbag.py:588} INFO - Filling up the DagBag from /opt/airflow/dags/driven_data_pipeline.py
[2025-07-02T04:56:12.958+0000] {processor.py:925} INFO - DAG(s) 'extract_raw_data_pipeline' retrieved from /opt/airflow/dags/driven_data_pipeline.py
[2025-07-02T04:56:13.019+0000] {logging_mixin.py:190} INFO - [2025-07-02T04:56:13.019+0000] {dag.py:3239} INFO - Sync 1 DAGs
[2025-07-02T04:56:13.065+0000] {logging_mixin.py:190} INFO - [2025-07-02T04:56:13.064+0000] {dag.py:4180} INFO - Setting next_dagrun for extract_raw_data_pipeline to 2025-07-01 07:59:00+00:00, run_after=2025-07-02 07:00:00+00:00
[2025-07-02T04:56:13.098+0000] {processor.py:208} INFO - Processing /opt/airflow/dags/driven_data_pipeline.py took 0.976 seconds
[2025-07-02T04:56:43.619+0000] {processor.py:186} INFO - Started process (PID=201) to work on /opt/airflow/dags/driven_data_pipeline.py
[2025-07-02T04:56:43.622+0000] {processor.py:914} INFO - Processing file /opt/airflow/dags/driven_data_pipeline.py for tasks to queue
[2025-07-02T04:56:43.625+0000] {logging_mixin.py:190} INFO - [2025-07-02T04:56:43.624+0000] {dagbag.py:588} INFO - Filling up the DagBag from /opt/airflow/dags/driven_data_pipeline.py
[2025-07-02T04:56:44.470+0000] {processor.py:925} INFO - DAG(s) 'extract_raw_data_pipeline' retrieved from /opt/airflow/dags/driven_data_pipeline.py
[2025-07-02T04:56:44.591+0000] {logging_mixin.py:190} INFO - [2025-07-02T04:56:44.591+0000] {dag.py:3239} INFO - Sync 1 DAGs
[2025-07-02T04:56:44.637+0000] {logging_mixin.py:190} INFO - [2025-07-02T04:56:44.637+0000] {dag.py:4180} INFO - Setting next_dagrun for extract_raw_data_pipeline to 2025-07-01 07:59:00+00:00, run_after=2025-07-02 07:00:00+00:00
[2025-07-02T04:56:44.673+0000] {processor.py:208} INFO - Processing /opt/airflow/dags/driven_data_pipeline.py took 1.066 seconds
[2025-07-02T04:57:15.064+0000] {processor.py:186} INFO - Started process (PID=210) to work on /opt/airflow/dags/driven_data_pipeline.py
[2025-07-02T04:57:15.067+0000] {processor.py:914} INFO - Processing file /opt/airflow/dags/driven_data_pipeline.py for tasks to queue
[2025-07-02T04:57:15.070+0000] {logging_mixin.py:190} INFO - [2025-07-02T04:57:15.069+0000] {dagbag.py:588} INFO - Filling up the DagBag from /opt/airflow/dags/driven_data_pipeline.py
[2025-07-02T04:57:16.025+0000] {processor.py:925} INFO - DAG(s) 'extract_raw_data_pipeline' retrieved from /opt/airflow/dags/driven_data_pipeline.py
[2025-07-02T04:57:16.289+0000] {logging_mixin.py:190} INFO - [2025-07-02T04:57:16.288+0000] {dag.py:3239} INFO - Sync 1 DAGs
[2025-07-02T04:57:16.388+0000] {logging_mixin.py:190} INFO - [2025-07-02T04:57:16.387+0000] {dag.py:4180} INFO - Setting next_dagrun for extract_raw_data_pipeline to 2025-07-01 07:59:00+00:00, run_after=2025-07-02 07:00:00+00:00
[2025-07-02T04:57:16.453+0000] {processor.py:208} INFO - Processing /opt/airflow/dags/driven_data_pipeline.py took 1.411 seconds
[2025-07-02T04:57:46.963+0000] {processor.py:186} INFO - Started process (PID=218) to work on /opt/airflow/dags/driven_data_pipeline.py
[2025-07-02T04:57:46.966+0000] {processor.py:914} INFO - Processing file /opt/airflow/dags/driven_data_pipeline.py for tasks to queue
[2025-07-02T04:57:46.972+0000] {logging_mixin.py:190} INFO - [2025-07-02T04:57:46.969+0000] {dagbag.py:588} INFO - Filling up the DagBag from /opt/airflow/dags/driven_data_pipeline.py
[2025-07-02T04:57:48.179+0000] {processor.py:925} INFO - DAG(s) 'extract_raw_data_pipeline' retrieved from /opt/airflow/dags/driven_data_pipeline.py
[2025-07-02T04:57:48.455+0000] {logging_mixin.py:190} INFO - [2025-07-02T04:57:48.455+0000] {dag.py:3239} INFO - Sync 1 DAGs
[2025-07-02T04:57:48.521+0000] {logging_mixin.py:190} INFO - [2025-07-02T04:57:48.521+0000] {dag.py:4180} INFO - Setting next_dagrun for extract_raw_data_pipeline to 2025-07-01 07:59:00+00:00, run_after=2025-07-02 07:00:00+00:00
[2025-07-02T04:57:48.573+0000] {processor.py:208} INFO - Processing /opt/airflow/dags/driven_data_pipeline.py took 1.629 seconds
[2025-07-02T04:58:18.909+0000] {processor.py:186} INFO - Started process (PID=227) to work on /opt/airflow/dags/driven_data_pipeline.py
[2025-07-02T04:58:18.912+0000] {processor.py:914} INFO - Processing file /opt/airflow/dags/driven_data_pipeline.py for tasks to queue
[2025-07-02T04:58:18.916+0000] {logging_mixin.py:190} INFO - [2025-07-02T04:58:18.914+0000] {dagbag.py:588} INFO - Filling up the DagBag from /opt/airflow/dags/driven_data_pipeline.py
[2025-07-02T04:58:19.883+0000] {processor.py:925} INFO - DAG(s) 'extract_raw_data_pipeline' retrieved from /opt/airflow/dags/driven_data_pipeline.py
[2025-07-02T04:58:19.957+0000] {logging_mixin.py:190} INFO - [2025-07-02T04:58:19.957+0000] {dag.py:3239} INFO - Sync 1 DAGs
[2025-07-02T04:58:20.002+0000] {logging_mixin.py:190} INFO - [2025-07-02T04:58:20.002+0000] {dag.py:4180} INFO - Setting next_dagrun for extract_raw_data_pipeline to 2025-07-01 07:59:00+00:00, run_after=2025-07-02 07:00:00+00:00
[2025-07-02T04:58:20.037+0000] {processor.py:208} INFO - Processing /opt/airflow/dags/driven_data_pipeline.py took 1.145 seconds
[2025-07-02T04:58:50.479+0000] {processor.py:186} INFO - Started process (PID=235) to work on /opt/airflow/dags/driven_data_pipeline.py
[2025-07-02T04:58:50.483+0000] {processor.py:914} INFO - Processing file /opt/airflow/dags/driven_data_pipeline.py for tasks to queue
[2025-07-02T04:58:50.486+0000] {logging_mixin.py:190} INFO - [2025-07-02T04:58:50.485+0000] {dagbag.py:588} INFO - Filling up the DagBag from /opt/airflow/dags/driven_data_pipeline.py
[2025-07-02T04:58:51.496+0000] {processor.py:925} INFO - DAG(s) 'extract_raw_data_pipeline' retrieved from /opt/airflow/dags/driven_data_pipeline.py
[2025-07-02T04:58:51.569+0000] {logging_mixin.py:190} INFO - [2025-07-02T04:58:51.568+0000] {dag.py:3239} INFO - Sync 1 DAGs
[2025-07-02T04:58:51.620+0000] {logging_mixin.py:190} INFO - [2025-07-02T04:58:51.619+0000] {dag.py:4180} INFO - Setting next_dagrun for extract_raw_data_pipeline to 2025-07-01 07:59:00+00:00, run_after=2025-07-02 07:00:00+00:00
[2025-07-02T04:58:51.663+0000] {processor.py:208} INFO - Processing /opt/airflow/dags/driven_data_pipeline.py took 1.198 seconds
[2025-07-02T04:59:22.295+0000] {processor.py:186} INFO - Started process (PID=243) to work on /opt/airflow/dags/driven_data_pipeline.py
[2025-07-02T04:59:22.312+0000] {processor.py:914} INFO - Processing file /opt/airflow/dags/driven_data_pipeline.py for tasks to queue
[2025-07-02T04:59:22.325+0000] {logging_mixin.py:190} INFO - [2025-07-02T04:59:22.316+0000] {dagbag.py:588} INFO - Filling up the DagBag from /opt/airflow/dags/driven_data_pipeline.py
[2025-07-02T04:59:24.295+0000] {processor.py:925} INFO - DAG(s) 'extract_raw_data_pipeline' retrieved from /opt/airflow/dags/driven_data_pipeline.py
[2025-07-02T04:59:24.913+0000] {logging_mixin.py:190} INFO - [2025-07-02T04:59:24.907+0000] {dag.py:3239} INFO - Sync 1 DAGs
[2025-07-02T04:59:24.978+0000] {logging_mixin.py:190} INFO - [2025-07-02T04:59:24.977+0000] {dag.py:4180} INFO - Setting next_dagrun for extract_raw_data_pipeline to 2025-07-01 07:59:00+00:00, run_after=2025-07-02 07:00:00+00:00
[2025-07-02T04:59:25.035+0000] {processor.py:208} INFO - Processing /opt/airflow/dags/driven_data_pipeline.py took 2.798 seconds
[2025-07-02T04:59:55.789+0000] {processor.py:186} INFO - Started process (PID=251) to work on /opt/airflow/dags/driven_data_pipeline.py
[2025-07-02T04:59:55.794+0000] {processor.py:914} INFO - Processing file /opt/airflow/dags/driven_data_pipeline.py for tasks to queue
[2025-07-02T04:59:55.799+0000] {logging_mixin.py:190} INFO - [2025-07-02T04:59:55.797+0000] {dagbag.py:588} INFO - Filling up the DagBag from /opt/airflow/dags/driven_data_pipeline.py
[2025-07-02T04:59:57.030+0000] {processor.py:925} INFO - DAG(s) 'extract_raw_data_pipeline' retrieved from /opt/airflow/dags/driven_data_pipeline.py
[2025-07-02T04:59:57.215+0000] {logging_mixin.py:190} INFO - [2025-07-02T04:59:57.211+0000] {dag.py:3239} INFO - Sync 1 DAGs
[2025-07-02T04:59:57.272+0000] {logging_mixin.py:190} INFO - [2025-07-02T04:59:57.271+0000] {dag.py:4180} INFO - Setting next_dagrun for extract_raw_data_pipeline to 2025-07-01 07:59:00+00:00, run_after=2025-07-02 07:00:00+00:00
[2025-07-02T04:59:57.348+0000] {processor.py:208} INFO - Processing /opt/airflow/dags/driven_data_pipeline.py took 1.586 seconds
[2025-07-02T05:00:27.842+0000] {processor.py:186} INFO - Started process (PID=260) to work on /opt/airflow/dags/driven_data_pipeline.py
[2025-07-02T05:00:27.845+0000] {processor.py:914} INFO - Processing file /opt/airflow/dags/driven_data_pipeline.py for tasks to queue
[2025-07-02T05:00:27.851+0000] {logging_mixin.py:190} INFO - [2025-07-02T05:00:27.848+0000] {dagbag.py:588} INFO - Filling up the DagBag from /opt/airflow/dags/driven_data_pipeline.py
[2025-07-02T05:00:28.855+0000] {processor.py:925} INFO - DAG(s) 'extract_raw_data_pipeline' retrieved from /opt/airflow/dags/driven_data_pipeline.py
[2025-07-02T05:00:28.976+0000] {logging_mixin.py:190} INFO - [2025-07-02T05:00:28.975+0000] {dag.py:3239} INFO - Sync 1 DAGs
[2025-07-02T05:00:29.033+0000] {logging_mixin.py:190} INFO - [2025-07-02T05:00:29.033+0000] {dag.py:4180} INFO - Setting next_dagrun for extract_raw_data_pipeline to 2025-07-01 07:59:00+00:00, run_after=2025-07-02 07:00:00+00:00
[2025-07-02T05:00:29.072+0000] {processor.py:208} INFO - Processing /opt/airflow/dags/driven_data_pipeline.py took 1.248 seconds
[2025-07-02T05:00:59.336+0000] {processor.py:186} INFO - Started process (PID=267) to work on /opt/airflow/dags/driven_data_pipeline.py
[2025-07-02T05:00:59.340+0000] {processor.py:914} INFO - Processing file /opt/airflow/dags/driven_data_pipeline.py for tasks to queue
[2025-07-02T05:00:59.345+0000] {logging_mixin.py:190} INFO - [2025-07-02T05:00:59.342+0000] {dagbag.py:588} INFO - Filling up the DagBag from /opt/airflow/dags/driven_data_pipeline.py
[2025-07-02T05:01:00.413+0000] {processor.py:925} INFO - DAG(s) 'extract_raw_data_pipeline' retrieved from /opt/airflow/dags/driven_data_pipeline.py
[2025-07-02T05:01:00.851+0000] {logging_mixin.py:190} INFO - [2025-07-02T05:01:00.838+0000] {dag.py:3239} INFO - Sync 1 DAGs
[2025-07-02T05:01:00.920+0000] {logging_mixin.py:190} INFO - [2025-07-02T05:01:00.919+0000] {dag.py:4180} INFO - Setting next_dagrun for extract_raw_data_pipeline to 2025-07-01 07:59:00+00:00, run_after=2025-07-02 07:00:00+00:00
[2025-07-02T05:01:00.981+0000] {processor.py:208} INFO - Processing /opt/airflow/dags/driven_data_pipeline.py took 1.667 seconds
[2025-07-02T05:01:31.410+0000] {processor.py:186} INFO - Started process (PID=275) to work on /opt/airflow/dags/driven_data_pipeline.py
[2025-07-02T05:01:31.413+0000] {processor.py:914} INFO - Processing file /opt/airflow/dags/driven_data_pipeline.py for tasks to queue
[2025-07-02T05:01:31.416+0000] {logging_mixin.py:190} INFO - [2025-07-02T05:01:31.415+0000] {dagbag.py:588} INFO - Filling up the DagBag from /opt/airflow/dags/driven_data_pipeline.py
[2025-07-02T05:01:32.375+0000] {processor.py:925} INFO - DAG(s) 'extract_raw_data_pipeline' retrieved from /opt/airflow/dags/driven_data_pipeline.py
[2025-07-02T05:01:32.503+0000] {logging_mixin.py:190} INFO - [2025-07-02T05:01:32.502+0000] {dag.py:3239} INFO - Sync 1 DAGs
[2025-07-02T05:01:32.547+0000] {logging_mixin.py:190} INFO - [2025-07-02T05:01:32.547+0000] {dag.py:4180} INFO - Setting next_dagrun for extract_raw_data_pipeline to 2025-07-01 07:59:00+00:00, run_after=2025-07-02 07:00:00+00:00
[2025-07-02T05:01:32.586+0000] {processor.py:208} INFO - Processing /opt/airflow/dags/driven_data_pipeline.py took 1.193 seconds
[2025-07-02T05:02:02.796+0000] {processor.py:186} INFO - Started process (PID=283) to work on /opt/airflow/dags/driven_data_pipeline.py
[2025-07-02T05:02:02.798+0000] {processor.py:914} INFO - Processing file /opt/airflow/dags/driven_data_pipeline.py for tasks to queue
[2025-07-02T05:02:02.802+0000] {logging_mixin.py:190} INFO - [2025-07-02T05:02:02.801+0000] {dagbag.py:588} INFO - Filling up the DagBag from /opt/airflow/dags/driven_data_pipeline.py
[2025-07-02T05:02:03.683+0000] {processor.py:925} INFO - DAG(s) 'extract_raw_data_pipeline' retrieved from /opt/airflow/dags/driven_data_pipeline.py
[2025-07-02T05:02:03.739+0000] {logging_mixin.py:190} INFO - [2025-07-02T05:02:03.738+0000] {dag.py:3239} INFO - Sync 1 DAGs
[2025-07-02T05:02:03.777+0000] {logging_mixin.py:190} INFO - [2025-07-02T05:02:03.777+0000] {dag.py:4180} INFO - Setting next_dagrun for extract_raw_data_pipeline to 2025-07-01 07:59:00+00:00, run_after=2025-07-02 07:00:00+00:00
[2025-07-02T05:02:03.820+0000] {processor.py:208} INFO - Processing /opt/airflow/dags/driven_data_pipeline.py took 1.037 seconds
[2025-07-02T05:02:34.181+0000] {processor.py:186} INFO - Started process (PID=291) to work on /opt/airflow/dags/driven_data_pipeline.py
[2025-07-02T05:02:34.183+0000] {processor.py:914} INFO - Processing file /opt/airflow/dags/driven_data_pipeline.py for tasks to queue
[2025-07-02T05:02:34.187+0000] {logging_mixin.py:190} INFO - [2025-07-02T05:02:34.185+0000] {dagbag.py:588} INFO - Filling up the DagBag from /opt/airflow/dags/driven_data_pipeline.py
[2025-07-02T05:02:35.299+0000] {processor.py:925} INFO - DAG(s) 'extract_raw_data_pipeline' retrieved from /opt/airflow/dags/driven_data_pipeline.py
[2025-07-02T05:02:35.540+0000] {logging_mixin.py:190} INFO - [2025-07-02T05:02:35.539+0000] {dag.py:3239} INFO - Sync 1 DAGs
[2025-07-02T05:02:35.597+0000] {logging_mixin.py:190} INFO - [2025-07-02T05:02:35.596+0000] {dag.py:4180} INFO - Setting next_dagrun for extract_raw_data_pipeline to 2025-07-01 07:59:00+00:00, run_after=2025-07-02 07:00:00+00:00
[2025-07-02T05:02:35.636+0000] {processor.py:208} INFO - Processing /opt/airflow/dags/driven_data_pipeline.py took 1.469 seconds
[2025-07-02T05:03:06.055+0000] {processor.py:186} INFO - Started process (PID=299) to work on /opt/airflow/dags/driven_data_pipeline.py
[2025-07-02T05:03:06.058+0000] {processor.py:914} INFO - Processing file /opt/airflow/dags/driven_data_pipeline.py for tasks to queue
[2025-07-02T05:03:06.064+0000] {logging_mixin.py:190} INFO - [2025-07-02T05:03:06.060+0000] {dagbag.py:588} INFO - Filling up the DagBag from /opt/airflow/dags/driven_data_pipeline.py
[2025-07-02T05:03:06.857+0000] {processor.py:925} INFO - DAG(s) 'extract_raw_data_pipeline' retrieved from /opt/airflow/dags/driven_data_pipeline.py
[2025-07-02T05:03:07.002+0000] {logging_mixin.py:190} INFO - [2025-07-02T05:03:07.001+0000] {dag.py:3239} INFO - Sync 1 DAGs
[2025-07-02T05:03:07.042+0000] {logging_mixin.py:190} INFO - [2025-07-02T05:03:07.042+0000] {dag.py:4180} INFO - Setting next_dagrun for extract_raw_data_pipeline to 2025-07-01 07:59:00+00:00, run_after=2025-07-02 07:00:00+00:00
[2025-07-02T05:03:07.071+0000] {processor.py:208} INFO - Processing /opt/airflow/dags/driven_data_pipeline.py took 1.102 seconds
[2025-07-02T05:03:37.356+0000] {processor.py:186} INFO - Started process (PID=307) to work on /opt/airflow/dags/driven_data_pipeline.py
[2025-07-02T05:03:37.359+0000] {processor.py:914} INFO - Processing file /opt/airflow/dags/driven_data_pipeline.py for tasks to queue
[2025-07-02T05:03:37.362+0000] {logging_mixin.py:190} INFO - [2025-07-02T05:03:37.361+0000] {dagbag.py:588} INFO - Filling up the DagBag from /opt/airflow/dags/driven_data_pipeline.py
[2025-07-02T05:03:38.352+0000] {processor.py:925} INFO - DAG(s) 'extract_raw_data_pipeline' retrieved from /opt/airflow/dags/driven_data_pipeline.py
[2025-07-02T05:03:38.495+0000] {logging_mixin.py:190} INFO - [2025-07-02T05:03:38.494+0000] {dag.py:3239} INFO - Sync 1 DAGs
[2025-07-02T05:03:38.550+0000] {logging_mixin.py:190} INFO - [2025-07-02T05:03:38.549+0000] {dag.py:4180} INFO - Setting next_dagrun for extract_raw_data_pipeline to 2025-07-01 07:59:00+00:00, run_after=2025-07-02 07:00:00+00:00
[2025-07-02T05:03:38.598+0000] {processor.py:208} INFO - Processing /opt/airflow/dags/driven_data_pipeline.py took 1.255 seconds
[2025-07-02T05:04:09.003+0000] {processor.py:186} INFO - Started process (PID=316) to work on /opt/airflow/dags/driven_data_pipeline.py
[2025-07-02T05:04:09.011+0000] {processor.py:914} INFO - Processing file /opt/airflow/dags/driven_data_pipeline.py for tasks to queue
[2025-07-02T05:04:09.014+0000] {logging_mixin.py:190} INFO - [2025-07-02T05:04:09.013+0000] {dagbag.py:588} INFO - Filling up the DagBag from /opt/airflow/dags/driven_data_pipeline.py
[2025-07-02T05:04:10.258+0000] {processor.py:925} INFO - DAG(s) 'extract_raw_data_pipeline' retrieved from /opt/airflow/dags/driven_data_pipeline.py
[2025-07-02T05:04:10.318+0000] {logging_mixin.py:190} INFO - [2025-07-02T05:04:10.318+0000] {dag.py:3239} INFO - Sync 1 DAGs
[2025-07-02T05:04:10.365+0000] {logging_mixin.py:190} INFO - [2025-07-02T05:04:10.365+0000] {dag.py:4180} INFO - Setting next_dagrun for extract_raw_data_pipeline to 2025-07-01 07:59:00+00:00, run_after=2025-07-02 07:00:00+00:00
[2025-07-02T05:04:10.405+0000] {processor.py:208} INFO - Processing /opt/airflow/dags/driven_data_pipeline.py took 1.423 seconds
[2025-07-02T05:04:40.833+0000] {processor.py:186} INFO - Started process (PID=324) to work on /opt/airflow/dags/driven_data_pipeline.py
[2025-07-02T05:04:40.835+0000] {processor.py:914} INFO - Processing file /opt/airflow/dags/driven_data_pipeline.py for tasks to queue
[2025-07-02T05:04:40.838+0000] {logging_mixin.py:190} INFO - [2025-07-02T05:04:40.837+0000] {dagbag.py:588} INFO - Filling up the DagBag from /opt/airflow/dags/driven_data_pipeline.py
[2025-07-02T05:04:41.668+0000] {processor.py:925} INFO - DAG(s) 'extract_raw_data_pipeline' retrieved from /opt/airflow/dags/driven_data_pipeline.py
[2025-07-02T05:04:41.733+0000] {logging_mixin.py:190} INFO - [2025-07-02T05:04:41.733+0000] {dag.py:3239} INFO - Sync 1 DAGs
[2025-07-02T05:04:41.779+0000] {logging_mixin.py:190} INFO - [2025-07-02T05:04:41.778+0000] {dag.py:4180} INFO - Setting next_dagrun for extract_raw_data_pipeline to 2025-07-01 07:59:00+00:00, run_after=2025-07-02 07:00:00+00:00
[2025-07-02T05:04:41.818+0000] {processor.py:208} INFO - Processing /opt/airflow/dags/driven_data_pipeline.py took 0.998 seconds
[2025-07-02T05:05:12.321+0000] {processor.py:186} INFO - Started process (PID=332) to work on /opt/airflow/dags/driven_data_pipeline.py
[2025-07-02T05:05:12.324+0000] {processor.py:914} INFO - Processing file /opt/airflow/dags/driven_data_pipeline.py for tasks to queue
[2025-07-02T05:05:12.328+0000] {logging_mixin.py:190} INFO - [2025-07-02T05:05:12.326+0000] {dagbag.py:588} INFO - Filling up the DagBag from /opt/airflow/dags/driven_data_pipeline.py
[2025-07-02T05:05:13.250+0000] {processor.py:925} INFO - DAG(s) 'extract_raw_data_pipeline' retrieved from /opt/airflow/dags/driven_data_pipeline.py
[2025-07-02T05:05:13.418+0000] {logging_mixin.py:190} INFO - [2025-07-02T05:05:13.417+0000] {dag.py:3239} INFO - Sync 1 DAGs
[2025-07-02T05:05:13.463+0000] {logging_mixin.py:190} INFO - [2025-07-02T05:05:13.463+0000] {dag.py:4180} INFO - Setting next_dagrun for extract_raw_data_pipeline to 2025-07-01 07:59:00+00:00, run_after=2025-07-02 07:00:00+00:00
[2025-07-02T05:05:13.508+0000] {processor.py:208} INFO - Processing /opt/airflow/dags/driven_data_pipeline.py took 1.203 seconds
[2025-07-02T05:05:43.748+0000] {processor.py:186} INFO - Started process (PID=340) to work on /opt/airflow/dags/driven_data_pipeline.py
[2025-07-02T05:05:43.751+0000] {processor.py:914} INFO - Processing file /opt/airflow/dags/driven_data_pipeline.py for tasks to queue
[2025-07-02T05:05:43.755+0000] {logging_mixin.py:190} INFO - [2025-07-02T05:05:43.753+0000] {dagbag.py:588} INFO - Filling up the DagBag from /opt/airflow/dags/driven_data_pipeline.py
[2025-07-02T05:05:44.634+0000] {processor.py:925} INFO - DAG(s) 'extract_raw_data_pipeline' retrieved from /opt/airflow/dags/driven_data_pipeline.py
[2025-07-02T05:05:44.769+0000] {logging_mixin.py:190} INFO - [2025-07-02T05:05:44.769+0000] {dag.py:3239} INFO - Sync 1 DAGs
[2025-07-02T05:05:44.808+0000] {logging_mixin.py:190} INFO - [2025-07-02T05:05:44.807+0000] {dag.py:4180} INFO - Setting next_dagrun for extract_raw_data_pipeline to 2025-07-01 07:59:00+00:00, run_after=2025-07-02 07:00:00+00:00
[2025-07-02T05:05:44.851+0000] {processor.py:208} INFO - Processing /opt/airflow/dags/driven_data_pipeline.py took 1.120 seconds
[2025-07-02T05:06:15.165+0000] {processor.py:186} INFO - Started process (PID=348) to work on /opt/airflow/dags/driven_data_pipeline.py
[2025-07-02T05:06:15.168+0000] {processor.py:914} INFO - Processing file /opt/airflow/dags/driven_data_pipeline.py for tasks to queue
[2025-07-02T05:06:15.177+0000] {logging_mixin.py:190} INFO - [2025-07-02T05:06:15.175+0000] {dagbag.py:588} INFO - Filling up the DagBag from /opt/airflow/dags/driven_data_pipeline.py
[2025-07-02T05:06:17.548+0000] {processor.py:925} INFO - DAG(s) 'extract_raw_data_pipeline' retrieved from /opt/airflow/dags/driven_data_pipeline.py
[2025-07-02T05:06:17.901+0000] {logging_mixin.py:190} INFO - [2025-07-02T05:06:17.900+0000] {dag.py:3239} INFO - Sync 1 DAGs
[2025-07-02T05:06:18.046+0000] {logging_mixin.py:190} INFO - [2025-07-02T05:06:18.046+0000] {dag.py:4180} INFO - Setting next_dagrun for extract_raw_data_pipeline to 2025-07-01 07:59:00+00:00, run_after=2025-07-02 07:00:00+00:00
[2025-07-02T05:06:18.120+0000] {processor.py:208} INFO - Processing /opt/airflow/dags/driven_data_pipeline.py took 2.976 seconds
[2025-07-02T05:06:48.765+0000] {processor.py:186} INFO - Started process (PID=362) to work on /opt/airflow/dags/driven_data_pipeline.py
[2025-07-02T05:06:48.770+0000] {processor.py:914} INFO - Processing file /opt/airflow/dags/driven_data_pipeline.py for tasks to queue
[2025-07-02T05:06:48.773+0000] {logging_mixin.py:190} INFO - [2025-07-02T05:06:48.772+0000] {dagbag.py:588} INFO - Filling up the DagBag from /opt/airflow/dags/driven_data_pipeline.py
[2025-07-02T05:06:49.681+0000] {processor.py:925} INFO - DAG(s) 'extract_raw_data_pipeline' retrieved from /opt/airflow/dags/driven_data_pipeline.py
[2025-07-02T05:06:49.740+0000] {logging_mixin.py:190} INFO - [2025-07-02T05:06:49.740+0000] {dag.py:3239} INFO - Sync 1 DAGs
[2025-07-02T05:06:49.790+0000] {logging_mixin.py:190} INFO - [2025-07-02T05:06:49.790+0000] {dag.py:4180} INFO - Setting next_dagrun for extract_raw_data_pipeline to 2025-07-01 07:59:00+00:00, run_after=2025-07-02 07:00:00+00:00
[2025-07-02T05:06:49.826+0000] {processor.py:208} INFO - Processing /opt/airflow/dags/driven_data_pipeline.py took 1.072 seconds
[2025-07-02T05:07:20.145+0000] {processor.py:186} INFO - Started process (PID=370) to work on /opt/airflow/dags/driven_data_pipeline.py
[2025-07-02T05:07:20.149+0000] {processor.py:914} INFO - Processing file /opt/airflow/dags/driven_data_pipeline.py for tasks to queue
[2025-07-02T05:07:20.158+0000] {logging_mixin.py:190} INFO - [2025-07-02T05:07:20.157+0000] {dagbag.py:588} INFO - Filling up the DagBag from /opt/airflow/dags/driven_data_pipeline.py
[2025-07-02T05:07:21.230+0000] {processor.py:925} INFO - DAG(s) 'extract_raw_data_pipeline' retrieved from /opt/airflow/dags/driven_data_pipeline.py
[2025-07-02T05:07:21.303+0000] {logging_mixin.py:190} INFO - [2025-07-02T05:07:21.302+0000] {dag.py:3239} INFO - Sync 1 DAGs
[2025-07-02T05:07:21.348+0000] {logging_mixin.py:190} INFO - [2025-07-02T05:07:21.347+0000] {dag.py:4180} INFO - Setting next_dagrun for extract_raw_data_pipeline to 2025-07-01 07:59:00+00:00, run_after=2025-07-02 07:00:00+00:00
[2025-07-02T05:07:21.390+0000] {processor.py:208} INFO - Processing /opt/airflow/dags/driven_data_pipeline.py took 1.260 seconds
[2025-07-02T05:07:51.622+0000] {processor.py:186} INFO - Started process (PID=379) to work on /opt/airflow/dags/driven_data_pipeline.py
[2025-07-02T05:07:51.626+0000] {processor.py:914} INFO - Processing file /opt/airflow/dags/driven_data_pipeline.py for tasks to queue
[2025-07-02T05:07:51.629+0000] {logging_mixin.py:190} INFO - [2025-07-02T05:07:51.628+0000] {dagbag.py:588} INFO - Filling up the DagBag from /opt/airflow/dags/driven_data_pipeline.py
[2025-07-02T05:07:52.487+0000] {processor.py:925} INFO - DAG(s) 'extract_raw_data_pipeline' retrieved from /opt/airflow/dags/driven_data_pipeline.py
[2025-07-02T05:07:52.818+0000] {logging_mixin.py:190} INFO - [2025-07-02T05:07:52.812+0000] {dag.py:3239} INFO - Sync 1 DAGs
[2025-07-02T05:07:52.869+0000] {logging_mixin.py:190} INFO - [2025-07-02T05:07:52.868+0000] {dag.py:4180} INFO - Setting next_dagrun for extract_raw_data_pipeline to 2025-07-01 07:59:00+00:00, run_after=2025-07-02 07:00:00+00:00
[2025-07-02T05:07:52.908+0000] {processor.py:208} INFO - Processing /opt/airflow/dags/driven_data_pipeline.py took 1.297 seconds
[2025-07-02T05:08:23.193+0000] {processor.py:186} INFO - Started process (PID=387) to work on /opt/airflow/dags/driven_data_pipeline.py
[2025-07-02T05:08:23.196+0000] {processor.py:914} INFO - Processing file /opt/airflow/dags/driven_data_pipeline.py for tasks to queue
[2025-07-02T05:08:23.203+0000] {logging_mixin.py:190} INFO - [2025-07-02T05:08:23.199+0000] {dagbag.py:588} INFO - Filling up the DagBag from /opt/airflow/dags/driven_data_pipeline.py
[2025-07-02T05:08:24.048+0000] {processor.py:925} INFO - DAG(s) 'extract_raw_data_pipeline' retrieved from /opt/airflow/dags/driven_data_pipeline.py
[2025-07-02T05:08:24.142+0000] {logging_mixin.py:190} INFO - [2025-07-02T05:08:24.142+0000] {dag.py:3239} INFO - Sync 1 DAGs
[2025-07-02T05:08:24.182+0000] {logging_mixin.py:190} INFO - [2025-07-02T05:08:24.182+0000] {dag.py:4180} INFO - Setting next_dagrun for extract_raw_data_pipeline to 2025-07-01 07:59:00+00:00, run_after=2025-07-02 07:00:00+00:00
[2025-07-02T05:08:24.221+0000] {processor.py:208} INFO - Processing /opt/airflow/dags/driven_data_pipeline.py took 1.049 seconds
[2025-07-02T05:08:54.552+0000] {processor.py:186} INFO - Started process (PID=395) to work on /opt/airflow/dags/driven_data_pipeline.py
[2025-07-02T05:08:54.554+0000] {processor.py:914} INFO - Processing file /opt/airflow/dags/driven_data_pipeline.py for tasks to queue
[2025-07-02T05:08:54.558+0000] {logging_mixin.py:190} INFO - [2025-07-02T05:08:54.556+0000] {dagbag.py:588} INFO - Filling up the DagBag from /opt/airflow/dags/driven_data_pipeline.py
[2025-07-02T05:08:55.489+0000] {processor.py:925} INFO - DAG(s) 'extract_raw_data_pipeline' retrieved from /opt/airflow/dags/driven_data_pipeline.py
[2025-07-02T05:08:55.617+0000] {logging_mixin.py:190} INFO - [2025-07-02T05:08:55.617+0000] {dag.py:3239} INFO - Sync 1 DAGs
[2025-07-02T05:08:55.661+0000] {logging_mixin.py:190} INFO - [2025-07-02T05:08:55.661+0000] {dag.py:4180} INFO - Setting next_dagrun for extract_raw_data_pipeline to 2025-07-01 07:59:00+00:00, run_after=2025-07-02 07:00:00+00:00
[2025-07-02T05:08:55.709+0000] {processor.py:208} INFO - Processing /opt/airflow/dags/driven_data_pipeline.py took 1.169 seconds
[2025-07-02T05:11:09.684+0000] {processor.py:186} INFO - Started process (PID=397) to work on /opt/airflow/dags/driven_data_pipeline.py
[2025-07-02T05:11:09.697+0000] {processor.py:914} INFO - Processing file /opt/airflow/dags/driven_data_pipeline.py for tasks to queue
[2025-07-02T05:11:09.722+0000] {logging_mixin.py:190} INFO - [2025-07-02T05:11:09.718+0000] {dagbag.py:588} INFO - Filling up the DagBag from /opt/airflow/dags/driven_data_pipeline.py
[2025-07-02T05:11:12.554+0000] {processor.py:925} INFO - DAG(s) 'extract_raw_data_pipeline' retrieved from /opt/airflow/dags/driven_data_pipeline.py
[2025-07-02T05:11:12.661+0000] {logging_mixin.py:190} INFO - [2025-07-02T05:11:12.661+0000] {dag.py:3239} INFO - Sync 1 DAGs
[2025-07-02T05:11:12.716+0000] {logging_mixin.py:190} INFO - [2025-07-02T05:11:12.716+0000] {dag.py:4180} INFO - Setting next_dagrun for extract_raw_data_pipeline to 2025-07-01 07:59:00+00:00, run_after=2025-07-02 07:00:00+00:00
[2025-07-02T05:11:12.772+0000] {processor.py:208} INFO - Processing /opt/airflow/dags/driven_data_pipeline.py took 3.235 seconds
[2025-07-02T05:11:43.466+0000] {processor.py:186} INFO - Started process (PID=411) to work on /opt/airflow/dags/driven_data_pipeline.py
[2025-07-02T05:11:43.468+0000] {processor.py:914} INFO - Processing file /opt/airflow/dags/driven_data_pipeline.py for tasks to queue
[2025-07-02T05:11:43.473+0000] {logging_mixin.py:190} INFO - [2025-07-02T05:11:43.471+0000] {dagbag.py:588} INFO - Filling up the DagBag from /opt/airflow/dags/driven_data_pipeline.py
[2025-07-02T05:11:45.105+0000] {processor.py:925} INFO - DAG(s) 'extract_raw_data_pipeline' retrieved from /opt/airflow/dags/driven_data_pipeline.py
[2025-07-02T05:11:45.787+0000] {logging_mixin.py:190} INFO - [2025-07-02T05:11:45.777+0000] {dag.py:3239} INFO - Sync 1 DAGs
[2025-07-02T05:11:46.463+0000] {logging_mixin.py:190} INFO - [2025-07-02T05:11:46.435+0000] {dag.py:4180} INFO - Setting next_dagrun for extract_raw_data_pipeline to 2025-07-01 07:59:00+00:00, run_after=2025-07-02 07:00:00+00:00
[2025-07-02T05:13:36.687+0000] {processor.py:186} INFO - Started process (PID=421) to work on /opt/airflow/dags/driven_data_pipeline.py
[2025-07-02T05:13:36.695+0000] {processor.py:914} INFO - Processing file /opt/airflow/dags/driven_data_pipeline.py for tasks to queue
[2025-07-02T05:13:36.722+0000] {logging_mixin.py:190} INFO - [2025-07-02T05:13:36.712+0000] {dagbag.py:588} INFO - Filling up the DagBag from /opt/airflow/dags/driven_data_pipeline.py
[2025-07-02T05:13:39.805+0000] {processor.py:925} INFO - DAG(s) 'extract_raw_data_pipeline' retrieved from /opt/airflow/dags/driven_data_pipeline.py
[2025-07-02T05:13:40.053+0000] {logging_mixin.py:190} INFO - [2025-07-02T05:13:40.050+0000] {dag.py:3239} INFO - Sync 1 DAGs
[2025-07-02T05:13:40.169+0000] {logging_mixin.py:190} INFO - [2025-07-02T05:13:40.169+0000] {dag.py:4180} INFO - Setting next_dagrun for extract_raw_data_pipeline to 2025-07-01 07:59:00+00:00, run_after=2025-07-02 07:00:00+00:00
[2025-07-02T05:13:40.232+0000] {processor.py:208} INFO - Processing /opt/airflow/dags/driven_data_pipeline.py took 3.564 seconds
[2025-07-02T05:14:10.678+0000] {processor.py:186} INFO - Started process (PID=429) to work on /opt/airflow/dags/driven_data_pipeline.py
[2025-07-02T05:14:10.681+0000] {processor.py:914} INFO - Processing file /opt/airflow/dags/driven_data_pipeline.py for tasks to queue
[2025-07-02T05:14:10.687+0000] {logging_mixin.py:190} INFO - [2025-07-02T05:14:10.686+0000] {dagbag.py:588} INFO - Filling up the DagBag from /opt/airflow/dags/driven_data_pipeline.py
[2025-07-02T05:14:11.709+0000] {processor.py:925} INFO - DAG(s) 'extract_raw_data_pipeline' retrieved from /opt/airflow/dags/driven_data_pipeline.py
[2025-07-02T05:14:11.882+0000] {logging_mixin.py:190} INFO - [2025-07-02T05:14:11.882+0000] {dag.py:3239} INFO - Sync 1 DAGs
[2025-07-02T05:14:11.932+0000] {logging_mixin.py:190} INFO - [2025-07-02T05:14:11.931+0000] {dag.py:4180} INFO - Setting next_dagrun for extract_raw_data_pipeline to 2025-07-01 07:59:00+00:00, run_after=2025-07-02 07:00:00+00:00
[2025-07-02T05:14:11.986+0000] {processor.py:208} INFO - Processing /opt/airflow/dags/driven_data_pipeline.py took 1.329 seconds
[2025-07-02T05:14:42.413+0000] {processor.py:186} INFO - Started process (PID=437) to work on /opt/airflow/dags/driven_data_pipeline.py
[2025-07-02T05:14:42.415+0000] {processor.py:914} INFO - Processing file /opt/airflow/dags/driven_data_pipeline.py for tasks to queue
[2025-07-02T05:14:42.423+0000] {logging_mixin.py:190} INFO - [2025-07-02T05:14:42.421+0000] {dagbag.py:588} INFO - Filling up the DagBag from /opt/airflow/dags/driven_data_pipeline.py
[2025-07-02T05:14:43.292+0000] {processor.py:925} INFO - DAG(s) 'extract_raw_data_pipeline' retrieved from /opt/airflow/dags/driven_data_pipeline.py
[2025-07-02T05:14:43.393+0000] {logging_mixin.py:190} INFO - [2025-07-02T05:14:43.393+0000] {dag.py:3239} INFO - Sync 1 DAGs
[2025-07-02T05:14:43.433+0000] {logging_mixin.py:190} INFO - [2025-07-02T05:14:43.433+0000] {dag.py:4180} INFO - Setting next_dagrun for extract_raw_data_pipeline to 2025-07-01 07:59:00+00:00, run_after=2025-07-02 07:00:00+00:00
[2025-07-02T05:14:43.470+0000] {processor.py:208} INFO - Processing /opt/airflow/dags/driven_data_pipeline.py took 1.076 seconds
[2025-07-02T05:15:13.767+0000] {processor.py:186} INFO - Started process (PID=445) to work on /opt/airflow/dags/driven_data_pipeline.py
[2025-07-02T05:15:13.770+0000] {processor.py:914} INFO - Processing file /opt/airflow/dags/driven_data_pipeline.py for tasks to queue
[2025-07-02T05:15:13.777+0000] {logging_mixin.py:190} INFO - [2025-07-02T05:15:13.774+0000] {dagbag.py:588} INFO - Filling up the DagBag from /opt/airflow/dags/driven_data_pipeline.py
[2025-07-02T05:15:14.571+0000] {processor.py:925} INFO - DAG(s) 'extract_raw_data_pipeline' retrieved from /opt/airflow/dags/driven_data_pipeline.py
[2025-07-02T05:15:14.647+0000] {logging_mixin.py:190} INFO - [2025-07-02T05:15:14.647+0000] {dag.py:3239} INFO - Sync 1 DAGs
[2025-07-02T05:15:14.688+0000] {logging_mixin.py:190} INFO - [2025-07-02T05:15:14.687+0000] {dag.py:4180} INFO - Setting next_dagrun for extract_raw_data_pipeline to 2025-07-01 07:59:00+00:00, run_after=2025-07-02 07:00:00+00:00
[2025-07-02T05:15:14.729+0000] {processor.py:208} INFO - Processing /opt/airflow/dags/driven_data_pipeline.py took 0.976 seconds
[2025-07-02T05:15:45.147+0000] {processor.py:186} INFO - Started process (PID=453) to work on /opt/airflow/dags/driven_data_pipeline.py
[2025-07-02T05:15:45.149+0000] {processor.py:914} INFO - Processing file /opt/airflow/dags/driven_data_pipeline.py for tasks to queue
[2025-07-02T05:15:45.156+0000] {logging_mixin.py:190} INFO - [2025-07-02T05:15:45.154+0000] {dagbag.py:588} INFO - Filling up the DagBag from /opt/airflow/dags/driven_data_pipeline.py
[2025-07-02T05:15:46.136+0000] {processor.py:925} INFO - DAG(s) 'extract_raw_data_pipeline' retrieved from /opt/airflow/dags/driven_data_pipeline.py
[2025-07-02T05:15:46.259+0000] {logging_mixin.py:190} INFO - [2025-07-02T05:15:46.258+0000] {dag.py:3239} INFO - Sync 1 DAGs
[2025-07-02T05:15:46.301+0000] {logging_mixin.py:190} INFO - [2025-07-02T05:15:46.300+0000] {dag.py:4180} INFO - Setting next_dagrun for extract_raw_data_pipeline to 2025-07-01 07:59:00+00:00, run_after=2025-07-02 07:00:00+00:00
[2025-07-02T05:15:46.335+0000] {processor.py:208} INFO - Processing /opt/airflow/dags/driven_data_pipeline.py took 1.203 seconds
[2025-07-02T05:16:16.538+0000] {processor.py:186} INFO - Started process (PID=461) to work on /opt/airflow/dags/driven_data_pipeline.py
[2025-07-02T05:16:16.542+0000] {processor.py:914} INFO - Processing file /opt/airflow/dags/driven_data_pipeline.py for tasks to queue
[2025-07-02T05:16:16.549+0000] {logging_mixin.py:190} INFO - [2025-07-02T05:16:16.546+0000] {dagbag.py:588} INFO - Filling up the DagBag from /opt/airflow/dags/driven_data_pipeline.py
[2025-07-02T05:16:17.452+0000] {processor.py:925} INFO - DAG(s) 'extract_raw_data_pipeline' retrieved from /opt/airflow/dags/driven_data_pipeline.py
[2025-07-02T05:16:17.612+0000] {logging_mixin.py:190} INFO - [2025-07-02T05:16:17.612+0000] {dag.py:3239} INFO - Sync 1 DAGs
[2025-07-02T05:16:17.651+0000] {logging_mixin.py:190} INFO - [2025-07-02T05:16:17.651+0000] {dag.py:4180} INFO - Setting next_dagrun for extract_raw_data_pipeline to 2025-07-01 07:59:00+00:00, run_after=2025-07-02 07:00:00+00:00
[2025-07-02T05:16:17.690+0000] {processor.py:208} INFO - Processing /opt/airflow/dags/driven_data_pipeline.py took 1.171 seconds
[2025-07-02T05:16:48.076+0000] {processor.py:186} INFO - Started process (PID=469) to work on /opt/airflow/dags/driven_data_pipeline.py
[2025-07-02T05:16:48.079+0000] {processor.py:914} INFO - Processing file /opt/airflow/dags/driven_data_pipeline.py for tasks to queue
[2025-07-02T05:16:48.085+0000] {logging_mixin.py:190} INFO - [2025-07-02T05:16:48.084+0000] {dagbag.py:588} INFO - Filling up the DagBag from /opt/airflow/dags/driven_data_pipeline.py
[2025-07-02T05:16:48.951+0000] {processor.py:925} INFO - DAG(s) 'extract_raw_data_pipeline' retrieved from /opt/airflow/dags/driven_data_pipeline.py
[2025-07-02T05:16:49.050+0000] {logging_mixin.py:190} INFO - [2025-07-02T05:16:49.049+0000] {dag.py:3239} INFO - Sync 1 DAGs
[2025-07-02T05:16:49.088+0000] {logging_mixin.py:190} INFO - [2025-07-02T05:16:49.087+0000] {dag.py:4180} INFO - Setting next_dagrun for extract_raw_data_pipeline to 2025-07-01 07:59:00+00:00, run_after=2025-07-02 07:00:00+00:00
[2025-07-02T05:16:49.126+0000] {processor.py:208} INFO - Processing /opt/airflow/dags/driven_data_pipeline.py took 1.061 seconds
[2025-07-02T05:17:19.466+0000] {processor.py:186} INFO - Started process (PID=478) to work on /opt/airflow/dags/driven_data_pipeline.py
[2025-07-02T05:17:19.469+0000] {processor.py:914} INFO - Processing file /opt/airflow/dags/driven_data_pipeline.py for tasks to queue
[2025-07-02T05:17:19.475+0000] {logging_mixin.py:190} INFO - [2025-07-02T05:17:19.474+0000] {dagbag.py:588} INFO - Filling up the DagBag from /opt/airflow/dags/driven_data_pipeline.py
[2025-07-02T05:17:20.466+0000] {processor.py:925} INFO - DAG(s) 'extract_raw_data_pipeline' retrieved from /opt/airflow/dags/driven_data_pipeline.py
[2025-07-02T05:17:20.550+0000] {logging_mixin.py:190} INFO - [2025-07-02T05:17:20.550+0000] {dag.py:3239} INFO - Sync 1 DAGs
[2025-07-02T05:17:20.594+0000] {logging_mixin.py:190} INFO - [2025-07-02T05:17:20.594+0000] {dag.py:4180} INFO - Setting next_dagrun for extract_raw_data_pipeline to 2025-07-01 07:59:00+00:00, run_after=2025-07-02 07:00:00+00:00
[2025-07-02T05:17:20.640+0000] {processor.py:208} INFO - Processing /opt/airflow/dags/driven_data_pipeline.py took 1.187 seconds
[2025-07-02T05:17:50.867+0000] {processor.py:186} INFO - Started process (PID=485) to work on /opt/airflow/dags/driven_data_pipeline.py
[2025-07-02T05:17:50.870+0000] {processor.py:914} INFO - Processing file /opt/airflow/dags/driven_data_pipeline.py for tasks to queue
[2025-07-02T05:17:50.879+0000] {logging_mixin.py:190} INFO - [2025-07-02T05:17:50.877+0000] {dagbag.py:588} INFO - Filling up the DagBag from /opt/airflow/dags/driven_data_pipeline.py
[2025-07-02T05:17:51.770+0000] {processor.py:925} INFO - DAG(s) 'extract_raw_data_pipeline' retrieved from /opt/airflow/dags/driven_data_pipeline.py
[2025-07-02T05:17:51.872+0000] {logging_mixin.py:190} INFO - [2025-07-02T05:17:51.872+0000] {dag.py:3239} INFO - Sync 1 DAGs
[2025-07-02T05:17:51.913+0000] {logging_mixin.py:190} INFO - [2025-07-02T05:17:51.912+0000] {dag.py:4180} INFO - Setting next_dagrun for extract_raw_data_pipeline to 2025-07-01 07:59:00+00:00, run_after=2025-07-02 07:00:00+00:00
[2025-07-02T05:17:51.949+0000] {processor.py:208} INFO - Processing /opt/airflow/dags/driven_data_pipeline.py took 1.097 seconds
[2025-07-02T05:18:22.228+0000] {processor.py:186} INFO - Started process (PID=493) to work on /opt/airflow/dags/driven_data_pipeline.py
[2025-07-02T05:18:22.232+0000] {processor.py:914} INFO - Processing file /opt/airflow/dags/driven_data_pipeline.py for tasks to queue
[2025-07-02T05:18:22.239+0000] {logging_mixin.py:190} INFO - [2025-07-02T05:18:22.237+0000] {dagbag.py:588} INFO - Filling up the DagBag from /opt/airflow/dags/driven_data_pipeline.py
[2025-07-02T05:18:23.125+0000] {processor.py:925} INFO - DAG(s) 'extract_raw_data_pipeline' retrieved from /opt/airflow/dags/driven_data_pipeline.py
[2025-07-02T05:18:23.222+0000] {logging_mixin.py:190} INFO - [2025-07-02T05:18:23.222+0000] {dag.py:3239} INFO - Sync 1 DAGs
[2025-07-02T05:18:23.268+0000] {logging_mixin.py:190} INFO - [2025-07-02T05:18:23.267+0000] {dag.py:4180} INFO - Setting next_dagrun for extract_raw_data_pipeline to 2025-07-01 07:59:00+00:00, run_after=2025-07-02 07:00:00+00:00
[2025-07-02T05:18:23.311+0000] {processor.py:208} INFO - Processing /opt/airflow/dags/driven_data_pipeline.py took 1.101 seconds
[2025-07-02T05:18:53.791+0000] {processor.py:186} INFO - Started process (PID=502) to work on /opt/airflow/dags/driven_data_pipeline.py
[2025-07-02T05:18:53.795+0000] {processor.py:914} INFO - Processing file /opt/airflow/dags/driven_data_pipeline.py for tasks to queue
[2025-07-02T05:18:53.800+0000] {logging_mixin.py:190} INFO - [2025-07-02T05:18:53.799+0000] {dagbag.py:588} INFO - Filling up the DagBag from /opt/airflow/dags/driven_data_pipeline.py
[2025-07-02T05:18:54.679+0000] {processor.py:925} INFO - DAG(s) 'extract_raw_data_pipeline' retrieved from /opt/airflow/dags/driven_data_pipeline.py
[2025-07-02T05:18:54.764+0000] {logging_mixin.py:190} INFO - [2025-07-02T05:18:54.763+0000] {dag.py:3239} INFO - Sync 1 DAGs
[2025-07-02T05:18:54.807+0000] {logging_mixin.py:190} INFO - [2025-07-02T05:18:54.807+0000] {dag.py:4180} INFO - Setting next_dagrun for extract_raw_data_pipeline to 2025-07-01 07:59:00+00:00, run_after=2025-07-02 07:00:00+00:00
[2025-07-02T05:18:54.847+0000] {processor.py:208} INFO - Processing /opt/airflow/dags/driven_data_pipeline.py took 1.067 seconds
[2025-07-02T05:19:25.184+0000] {processor.py:186} INFO - Started process (PID=510) to work on /opt/airflow/dags/driven_data_pipeline.py
[2025-07-02T05:19:25.186+0000] {processor.py:914} INFO - Processing file /opt/airflow/dags/driven_data_pipeline.py for tasks to queue
[2025-07-02T05:19:25.194+0000] {logging_mixin.py:190} INFO - [2025-07-02T05:19:25.193+0000] {dagbag.py:588} INFO - Filling up the DagBag from /opt/airflow/dags/driven_data_pipeline.py
[2025-07-02T05:19:25.993+0000] {processor.py:925} INFO - DAG(s) 'extract_raw_data_pipeline' retrieved from /opt/airflow/dags/driven_data_pipeline.py
[2025-07-02T05:19:26.045+0000] {logging_mixin.py:190} INFO - [2025-07-02T05:19:26.044+0000] {dag.py:3239} INFO - Sync 1 DAGs
[2025-07-02T05:19:26.085+0000] {logging_mixin.py:190} INFO - [2025-07-02T05:19:26.084+0000] {dag.py:4180} INFO - Setting next_dagrun for extract_raw_data_pipeline to 2025-07-01 07:59:00+00:00, run_after=2025-07-02 07:00:00+00:00
[2025-07-02T05:19:26.124+0000] {processor.py:208} INFO - Processing /opt/airflow/dags/driven_data_pipeline.py took 0.957 seconds
[2025-07-02T05:19:56.505+0000] {processor.py:186} INFO - Started process (PID=518) to work on /opt/airflow/dags/driven_data_pipeline.py
[2025-07-02T05:19:56.507+0000] {processor.py:914} INFO - Processing file /opt/airflow/dags/driven_data_pipeline.py for tasks to queue
[2025-07-02T05:19:56.512+0000] {logging_mixin.py:190} INFO - [2025-07-02T05:19:56.511+0000] {dagbag.py:588} INFO - Filling up the DagBag from /opt/airflow/dags/driven_data_pipeline.py
[2025-07-02T05:19:57.266+0000] {processor.py:925} INFO - DAG(s) 'extract_raw_data_pipeline' retrieved from /opt/airflow/dags/driven_data_pipeline.py
[2025-07-02T05:19:57.339+0000] {logging_mixin.py:190} INFO - [2025-07-02T05:19:57.338+0000] {dag.py:3239} INFO - Sync 1 DAGs
[2025-07-02T05:19:57.379+0000] {logging_mixin.py:190} INFO - [2025-07-02T05:19:57.378+0000] {dag.py:4180} INFO - Setting next_dagrun for extract_raw_data_pipeline to 2025-07-01 07:59:00+00:00, run_after=2025-07-02 07:00:00+00:00
[2025-07-02T05:19:57.417+0000] {processor.py:208} INFO - Processing /opt/airflow/dags/driven_data_pipeline.py took 0.921 seconds
[2025-07-02T05:20:27.940+0000] {processor.py:186} INFO - Started process (PID=526) to work on /opt/airflow/dags/driven_data_pipeline.py
[2025-07-02T05:20:27.945+0000] {processor.py:914} INFO - Processing file /opt/airflow/dags/driven_data_pipeline.py for tasks to queue
[2025-07-02T05:20:27.951+0000] {logging_mixin.py:190} INFO - [2025-07-02T05:20:27.950+0000] {dagbag.py:588} INFO - Filling up the DagBag from /opt/airflow/dags/driven_data_pipeline.py
[2025-07-02T05:20:29.352+0000] {processor.py:925} INFO - DAG(s) 'extract_raw_data_pipeline' retrieved from /opt/airflow/dags/driven_data_pipeline.py
[2025-07-02T05:20:29.470+0000] {logging_mixin.py:190} INFO - [2025-07-02T05:20:29.470+0000] {dag.py:3239} INFO - Sync 1 DAGs
[2025-07-02T05:20:29.539+0000] {logging_mixin.py:190} INFO - [2025-07-02T05:20:29.538+0000] {dag.py:4180} INFO - Setting next_dagrun for extract_raw_data_pipeline to 2025-07-01 07:59:00+00:00, run_after=2025-07-02 07:00:00+00:00
[2025-07-02T05:20:29.587+0000] {processor.py:208} INFO - Processing /opt/airflow/dags/driven_data_pipeline.py took 1.658 seconds
[2025-07-02T05:21:00.061+0000] {processor.py:186} INFO - Started process (PID=534) to work on /opt/airflow/dags/driven_data_pipeline.py
[2025-07-02T05:21:00.064+0000] {processor.py:914} INFO - Processing file /opt/airflow/dags/driven_data_pipeline.py for tasks to queue
[2025-07-02T05:21:00.078+0000] {logging_mixin.py:190} INFO - [2025-07-02T05:21:00.076+0000] {dagbag.py:588} INFO - Filling up the DagBag from /opt/airflow/dags/driven_data_pipeline.py
[2025-07-02T05:21:01.086+0000] {processor.py:925} INFO - DAG(s) 'extract_raw_data_pipeline' retrieved from /opt/airflow/dags/driven_data_pipeline.py
[2025-07-02T05:21:01.290+0000] {logging_mixin.py:190} INFO - [2025-07-02T05:21:01.289+0000] {dag.py:3239} INFO - Sync 1 DAGs
[2025-07-02T05:21:01.341+0000] {logging_mixin.py:190} INFO - [2025-07-02T05:21:01.340+0000] {dag.py:4180} INFO - Setting next_dagrun for extract_raw_data_pipeline to 2025-07-01 07:59:00+00:00, run_after=2025-07-02 07:00:00+00:00
[2025-07-02T05:21:01.385+0000] {processor.py:208} INFO - Processing /opt/airflow/dags/driven_data_pipeline.py took 1.351 seconds
[2025-07-02T05:21:31.606+0000] {processor.py:186} INFO - Started process (PID=542) to work on /opt/airflow/dags/driven_data_pipeline.py
[2025-07-02T05:21:31.609+0000] {processor.py:914} INFO - Processing file /opt/airflow/dags/driven_data_pipeline.py for tasks to queue
[2025-07-02T05:21:31.617+0000] {logging_mixin.py:190} INFO - [2025-07-02T05:21:31.614+0000] {dagbag.py:588} INFO - Filling up the DagBag from /opt/airflow/dags/driven_data_pipeline.py
[2025-07-02T05:21:32.535+0000] {processor.py:925} INFO - DAG(s) 'extract_raw_data_pipeline' retrieved from /opt/airflow/dags/driven_data_pipeline.py
[2025-07-02T05:21:32.629+0000] {logging_mixin.py:190} INFO - [2025-07-02T05:21:32.629+0000] {dag.py:3239} INFO - Sync 1 DAGs
[2025-07-02T05:21:32.669+0000] {logging_mixin.py:190} INFO - [2025-07-02T05:21:32.669+0000] {dag.py:4180} INFO - Setting next_dagrun for extract_raw_data_pipeline to 2025-07-01 07:59:00+00:00, run_after=2025-07-02 07:00:00+00:00
[2025-07-02T05:21:32.711+0000] {processor.py:208} INFO - Processing /opt/airflow/dags/driven_data_pipeline.py took 1.126 seconds
[2025-07-02T05:22:03.425+0000] {processor.py:186} INFO - Started process (PID=550) to work on /opt/airflow/dags/driven_data_pipeline.py
[2025-07-02T05:22:03.430+0000] {processor.py:914} INFO - Processing file /opt/airflow/dags/driven_data_pipeline.py for tasks to queue
[2025-07-02T05:22:03.437+0000] {logging_mixin.py:190} INFO - [2025-07-02T05:22:03.435+0000] {dagbag.py:588} INFO - Filling up the DagBag from /opt/airflow/dags/driven_data_pipeline.py
[2025-07-02T05:22:04.488+0000] {processor.py:925} INFO - DAG(s) 'extract_raw_data_pipeline' retrieved from /opt/airflow/dags/driven_data_pipeline.py
[2025-07-02T05:22:04.598+0000] {logging_mixin.py:190} INFO - [2025-07-02T05:22:04.597+0000] {dag.py:3239} INFO - Sync 1 DAGs
[2025-07-02T05:22:04.641+0000] {logging_mixin.py:190} INFO - [2025-07-02T05:22:04.641+0000] {dag.py:4180} INFO - Setting next_dagrun for extract_raw_data_pipeline to 2025-07-01 07:59:00+00:00, run_after=2025-07-02 07:00:00+00:00
[2025-07-02T05:22:04.687+0000] {processor.py:208} INFO - Processing /opt/airflow/dags/driven_data_pipeline.py took 1.283 seconds
[2025-07-02T05:22:35.080+0000] {processor.py:186} INFO - Started process (PID=558) to work on /opt/airflow/dags/driven_data_pipeline.py
[2025-07-02T05:22:35.083+0000] {processor.py:914} INFO - Processing file /opt/airflow/dags/driven_data_pipeline.py for tasks to queue
[2025-07-02T05:22:35.089+0000] {logging_mixin.py:190} INFO - [2025-07-02T05:22:35.088+0000] {dagbag.py:588} INFO - Filling up the DagBag from /opt/airflow/dags/driven_data_pipeline.py
[2025-07-02T05:22:35.933+0000] {processor.py:925} INFO - DAG(s) 'extract_raw_data_pipeline' retrieved from /opt/airflow/dags/driven_data_pipeline.py
[2025-07-02T05:22:36.010+0000] {logging_mixin.py:190} INFO - [2025-07-02T05:22:36.010+0000] {dag.py:3239} INFO - Sync 1 DAGs
[2025-07-02T05:22:36.046+0000] {logging_mixin.py:190} INFO - [2025-07-02T05:22:36.045+0000] {dag.py:4180} INFO - Setting next_dagrun for extract_raw_data_pipeline to 2025-07-01 07:59:00+00:00, run_after=2025-07-02 07:00:00+00:00
[2025-07-02T05:22:36.082+0000] {processor.py:208} INFO - Processing /opt/airflow/dags/driven_data_pipeline.py took 1.059 seconds
[2025-07-02T05:23:06.397+0000] {processor.py:186} INFO - Started process (PID=566) to work on /opt/airflow/dags/driven_data_pipeline.py
[2025-07-02T05:23:06.399+0000] {processor.py:914} INFO - Processing file /opt/airflow/dags/driven_data_pipeline.py for tasks to queue
[2025-07-02T05:23:06.405+0000] {logging_mixin.py:190} INFO - [2025-07-02T05:23:06.404+0000] {dagbag.py:588} INFO - Filling up the DagBag from /opt/airflow/dags/driven_data_pipeline.py
[2025-07-02T05:23:07.356+0000] {processor.py:925} INFO - DAG(s) 'extract_raw_data_pipeline' retrieved from /opt/airflow/dags/driven_data_pipeline.py
[2025-07-02T05:23:07.423+0000] {logging_mixin.py:190} INFO - [2025-07-02T05:23:07.422+0000] {dag.py:3239} INFO - Sync 1 DAGs
[2025-07-02T05:23:07.466+0000] {logging_mixin.py:190} INFO - [2025-07-02T05:23:07.465+0000] {dag.py:4180} INFO - Setting next_dagrun for extract_raw_data_pipeline to 2025-07-01 07:59:00+00:00, run_after=2025-07-02 07:00:00+00:00
[2025-07-02T05:23:07.544+0000] {processor.py:208} INFO - Processing /opt/airflow/dags/driven_data_pipeline.py took 1.162 seconds
[2025-07-02T05:23:37.953+0000] {processor.py:186} INFO - Started process (PID=574) to work on /opt/airflow/dags/driven_data_pipeline.py
[2025-07-02T05:23:37.956+0000] {processor.py:914} INFO - Processing file /opt/airflow/dags/driven_data_pipeline.py for tasks to queue
[2025-07-02T05:23:37.968+0000] {logging_mixin.py:190} INFO - [2025-07-02T05:23:37.966+0000] {dagbag.py:588} INFO - Filling up the DagBag from /opt/airflow/dags/driven_data_pipeline.py
[2025-07-02T05:23:39.420+0000] {processor.py:925} INFO - DAG(s) 'extract_raw_data_pipeline' retrieved from /opt/airflow/dags/driven_data_pipeline.py
[2025-07-02T05:23:39.698+0000] {logging_mixin.py:190} INFO - [2025-07-02T05:23:39.697+0000] {dag.py:3239} INFO - Sync 1 DAGs
[2025-07-02T05:23:39.774+0000] {logging_mixin.py:190} INFO - [2025-07-02T05:23:39.773+0000] {dag.py:4180} INFO - Setting next_dagrun for extract_raw_data_pipeline to 2025-07-01 07:59:00+00:00, run_after=2025-07-02 07:00:00+00:00
[2025-07-02T05:23:39.876+0000] {processor.py:208} INFO - Processing /opt/airflow/dags/driven_data_pipeline.py took 1.939 seconds
[2025-07-02T05:24:10.343+0000] {processor.py:186} INFO - Started process (PID=582) to work on /opt/airflow/dags/driven_data_pipeline.py
[2025-07-02T05:24:10.347+0000] {processor.py:914} INFO - Processing file /opt/airflow/dags/driven_data_pipeline.py for tasks to queue
[2025-07-02T05:24:10.354+0000] {logging_mixin.py:190} INFO - [2025-07-02T05:24:10.352+0000] {dagbag.py:588} INFO - Filling up the DagBag from /opt/airflow/dags/driven_data_pipeline.py
[2025-07-02T05:24:11.298+0000] {processor.py:925} INFO - DAG(s) 'extract_raw_data_pipeline' retrieved from /opt/airflow/dags/driven_data_pipeline.py
[2025-07-02T05:24:11.360+0000] {logging_mixin.py:190} INFO - [2025-07-02T05:24:11.359+0000] {dag.py:3239} INFO - Sync 1 DAGs
[2025-07-02T05:24:11.401+0000] {logging_mixin.py:190} INFO - [2025-07-02T05:24:11.401+0000] {dag.py:4180} INFO - Setting next_dagrun for extract_raw_data_pipeline to 2025-07-01 07:59:00+00:00, run_after=2025-07-02 07:00:00+00:00
[2025-07-02T05:24:11.441+0000] {processor.py:208} INFO - Processing /opt/airflow/dags/driven_data_pipeline.py took 1.110 seconds
[2025-07-02T05:24:41.701+0000] {processor.py:186} INFO - Started process (PID=590) to work on /opt/airflow/dags/driven_data_pipeline.py
[2025-07-02T05:24:41.703+0000] {processor.py:914} INFO - Processing file /opt/airflow/dags/driven_data_pipeline.py for tasks to queue
[2025-07-02T05:24:41.709+0000] {logging_mixin.py:190} INFO - [2025-07-02T05:24:41.708+0000] {dagbag.py:588} INFO - Filling up the DagBag from /opt/airflow/dags/driven_data_pipeline.py
[2025-07-02T05:24:42.493+0000] {processor.py:925} INFO - DAG(s) 'extract_raw_data_pipeline' retrieved from /opt/airflow/dags/driven_data_pipeline.py
[2025-07-02T05:24:42.552+0000] {logging_mixin.py:190} INFO - [2025-07-02T05:24:42.552+0000] {dag.py:3239} INFO - Sync 1 DAGs
[2025-07-02T05:24:42.584+0000] {logging_mixin.py:190} INFO - [2025-07-02T05:24:42.583+0000] {dag.py:4180} INFO - Setting next_dagrun for extract_raw_data_pipeline to 2025-07-01 07:59:00+00:00, run_after=2025-07-02 07:00:00+00:00
[2025-07-02T05:24:42.614+0000] {processor.py:208} INFO - Processing /opt/airflow/dags/driven_data_pipeline.py took 0.924 seconds
[2025-07-02T05:25:13.077+0000] {processor.py:186} INFO - Started process (PID=604) to work on /opt/airflow/dags/driven_data_pipeline.py
[2025-07-02T05:25:13.080+0000] {processor.py:914} INFO - Processing file /opt/airflow/dags/driven_data_pipeline.py for tasks to queue
[2025-07-02T05:25:13.085+0000] {logging_mixin.py:190} INFO - [2025-07-02T05:25:13.084+0000] {dagbag.py:588} INFO - Filling up the DagBag from /opt/airflow/dags/driven_data_pipeline.py
[2025-07-02T05:25:14.078+0000] {processor.py:925} INFO - DAG(s) 'extract_raw_data_pipeline' retrieved from /opt/airflow/dags/driven_data_pipeline.py
[2025-07-02T05:25:14.145+0000] {logging_mixin.py:190} INFO - [2025-07-02T05:25:14.144+0000] {dag.py:3239} INFO - Sync 1 DAGs
[2025-07-02T05:25:14.189+0000] {logging_mixin.py:190} INFO - [2025-07-02T05:25:14.189+0000] {dag.py:4180} INFO - Setting next_dagrun for extract_raw_data_pipeline to 2025-07-01 07:59:00+00:00, run_after=2025-07-02 07:00:00+00:00
[2025-07-02T05:25:14.227+0000] {processor.py:208} INFO - Processing /opt/airflow/dags/driven_data_pipeline.py took 1.165 seconds
[2025-07-02T05:25:44.584+0000] {processor.py:186} INFO - Started process (PID=612) to work on /opt/airflow/dags/driven_data_pipeline.py
[2025-07-02T05:25:44.586+0000] {processor.py:914} INFO - Processing file /opt/airflow/dags/driven_data_pipeline.py for tasks to queue
[2025-07-02T05:25:44.597+0000] {logging_mixin.py:190} INFO - [2025-07-02T05:25:44.596+0000] {dagbag.py:588} INFO - Filling up the DagBag from /opt/airflow/dags/driven_data_pipeline.py
[2025-07-02T05:25:45.438+0000] {processor.py:925} INFO - DAG(s) 'extract_raw_data_pipeline' retrieved from /opt/airflow/dags/driven_data_pipeline.py
[2025-07-02T05:25:45.496+0000] {logging_mixin.py:190} INFO - [2025-07-02T05:25:45.496+0000] {dag.py:3239} INFO - Sync 1 DAGs
[2025-07-02T05:25:45.534+0000] {logging_mixin.py:190} INFO - [2025-07-02T05:25:45.534+0000] {dag.py:4180} INFO - Setting next_dagrun for extract_raw_data_pipeline to 2025-07-01 07:59:00+00:00, run_after=2025-07-02 07:00:00+00:00
[2025-07-02T05:25:45.581+0000] {processor.py:208} INFO - Processing /opt/airflow/dags/driven_data_pipeline.py took 1.011 seconds
[2025-07-02T05:26:15.959+0000] {processor.py:186} INFO - Started process (PID=620) to work on /opt/airflow/dags/driven_data_pipeline.py
[2025-07-02T05:26:15.961+0000] {processor.py:914} INFO - Processing file /opt/airflow/dags/driven_data_pipeline.py for tasks to queue
[2025-07-02T05:26:15.966+0000] {logging_mixin.py:190} INFO - [2025-07-02T05:26:15.965+0000] {dagbag.py:588} INFO - Filling up the DagBag from /opt/airflow/dags/driven_data_pipeline.py
[2025-07-02T05:26:16.855+0000] {processor.py:925} INFO - DAG(s) 'extract_raw_data_pipeline' retrieved from /opt/airflow/dags/driven_data_pipeline.py
[2025-07-02T05:26:16.912+0000] {logging_mixin.py:190} INFO - [2025-07-02T05:26:16.911+0000] {dag.py:3239} INFO - Sync 1 DAGs
[2025-07-02T05:26:16.951+0000] {logging_mixin.py:190} INFO - [2025-07-02T05:26:16.950+0000] {dag.py:4180} INFO - Setting next_dagrun for extract_raw_data_pipeline to 2025-07-01 07:59:00+00:00, run_after=2025-07-02 07:00:00+00:00
[2025-07-02T05:26:16.982+0000] {processor.py:208} INFO - Processing /opt/airflow/dags/driven_data_pipeline.py took 1.033 seconds
[2025-07-02T05:26:47.339+0000] {processor.py:186} INFO - Started process (PID=628) to work on /opt/airflow/dags/driven_data_pipeline.py
[2025-07-02T05:26:47.341+0000] {processor.py:914} INFO - Processing file /opt/airflow/dags/driven_data_pipeline.py for tasks to queue
[2025-07-02T05:26:47.346+0000] {logging_mixin.py:190} INFO - [2025-07-02T05:26:47.345+0000] {dagbag.py:588} INFO - Filling up the DagBag from /opt/airflow/dags/driven_data_pipeline.py
[2025-07-02T05:26:48.335+0000] {processor.py:925} INFO - DAG(s) 'extract_raw_data_pipeline' retrieved from /opt/airflow/dags/driven_data_pipeline.py
[2025-07-02T05:26:48.486+0000] {logging_mixin.py:190} INFO - [2025-07-02T05:26:48.486+0000] {dag.py:3239} INFO - Sync 1 DAGs
[2025-07-02T05:26:48.538+0000] {logging_mixin.py:190} INFO - [2025-07-02T05:26:48.538+0000] {dag.py:4180} INFO - Setting next_dagrun for extract_raw_data_pipeline to 2025-07-01 07:59:00+00:00, run_after=2025-07-02 07:00:00+00:00
[2025-07-02T05:26:48.590+0000] {processor.py:208} INFO - Processing /opt/airflow/dags/driven_data_pipeline.py took 1.261 seconds
[2025-07-02T05:27:18.765+0000] {processor.py:186} INFO - Started process (PID=636) to work on /opt/airflow/dags/driven_data_pipeline.py
[2025-07-02T05:27:18.770+0000] {processor.py:914} INFO - Processing file /opt/airflow/dags/driven_data_pipeline.py for tasks to queue
[2025-07-02T05:27:18.775+0000] {logging_mixin.py:190} INFO - [2025-07-02T05:27:18.774+0000] {dagbag.py:588} INFO - Filling up the DagBag from /opt/airflow/dags/driven_data_pipeline.py
[2025-07-02T05:27:19.541+0000] {processor.py:925} INFO - DAG(s) 'extract_raw_data_pipeline' retrieved from /opt/airflow/dags/driven_data_pipeline.py
[2025-07-02T05:27:19.720+0000] {logging_mixin.py:190} INFO - [2025-07-02T05:27:19.719+0000] {dag.py:3239} INFO - Sync 1 DAGs
[2025-07-02T05:27:19.758+0000] {logging_mixin.py:190} INFO - [2025-07-02T05:27:19.757+0000] {dag.py:4180} INFO - Setting next_dagrun for extract_raw_data_pipeline to 2025-07-01 07:59:00+00:00, run_after=2025-07-02 07:00:00+00:00
[2025-07-02T05:27:19.792+0000] {processor.py:208} INFO - Processing /opt/airflow/dags/driven_data_pipeline.py took 1.041 seconds
[2025-07-02T05:27:50.113+0000] {processor.py:186} INFO - Started process (PID=644) to work on /opt/airflow/dags/driven_data_pipeline.py
[2025-07-02T05:27:50.116+0000] {processor.py:914} INFO - Processing file /opt/airflow/dags/driven_data_pipeline.py for tasks to queue
[2025-07-02T05:27:50.121+0000] {logging_mixin.py:190} INFO - [2025-07-02T05:27:50.121+0000] {dagbag.py:588} INFO - Filling up the DagBag from /opt/airflow/dags/driven_data_pipeline.py
[2025-07-02T05:27:51.190+0000] {processor.py:925} INFO - DAG(s) 'extract_raw_data_pipeline' retrieved from /opt/airflow/dags/driven_data_pipeline.py
[2025-07-02T05:27:51.315+0000] {logging_mixin.py:190} INFO - [2025-07-02T05:27:51.314+0000] {dag.py:3239} INFO - Sync 1 DAGs
[2025-07-02T05:27:51.356+0000] {logging_mixin.py:190} INFO - [2025-07-02T05:27:51.356+0000] {dag.py:4180} INFO - Setting next_dagrun for extract_raw_data_pipeline to 2025-07-01 07:59:00+00:00, run_after=2025-07-02 07:00:00+00:00
[2025-07-02T05:27:51.396+0000] {processor.py:208} INFO - Processing /opt/airflow/dags/driven_data_pipeline.py took 1.297 seconds
[2025-07-02T05:28:21.759+0000] {processor.py:186} INFO - Started process (PID=653) to work on /opt/airflow/dags/driven_data_pipeline.py
[2025-07-02T05:28:21.761+0000] {processor.py:914} INFO - Processing file /opt/airflow/dags/driven_data_pipeline.py for tasks to queue
[2025-07-02T05:28:21.766+0000] {logging_mixin.py:190} INFO - [2025-07-02T05:28:21.765+0000] {dagbag.py:588} INFO - Filling up the DagBag from /opt/airflow/dags/driven_data_pipeline.py
[2025-07-02T05:28:22.528+0000] {processor.py:925} INFO - DAG(s) 'extract_raw_data_pipeline' retrieved from /opt/airflow/dags/driven_data_pipeline.py
[2025-07-02T05:28:22.583+0000] {logging_mixin.py:190} INFO - [2025-07-02T05:28:22.583+0000] {dag.py:3239} INFO - Sync 1 DAGs
[2025-07-02T05:28:22.616+0000] {logging_mixin.py:190} INFO - [2025-07-02T05:28:22.616+0000] {dag.py:4180} INFO - Setting next_dagrun for extract_raw_data_pipeline to 2025-07-01 07:59:00+00:00, run_after=2025-07-02 07:00:00+00:00
[2025-07-02T05:28:22.648+0000] {processor.py:208} INFO - Processing /opt/airflow/dags/driven_data_pipeline.py took 0.900 seconds
[2025-07-02T05:28:52.818+0000] {processor.py:186} INFO - Started process (PID=661) to work on /opt/airflow/dags/driven_data_pipeline.py
[2025-07-02T05:28:52.820+0000] {processor.py:914} INFO - Processing file /opt/airflow/dags/driven_data_pipeline.py for tasks to queue
[2025-07-02T05:28:52.826+0000] {logging_mixin.py:190} INFO - [2025-07-02T05:28:52.825+0000] {dagbag.py:588} INFO - Filling up the DagBag from /opt/airflow/dags/driven_data_pipeline.py
[2025-07-02T05:28:53.798+0000] {processor.py:925} INFO - DAG(s) 'extract_raw_data_pipeline' retrieved from /opt/airflow/dags/driven_data_pipeline.py
[2025-07-02T05:28:53.856+0000] {logging_mixin.py:190} INFO - [2025-07-02T05:28:53.855+0000] {dag.py:3239} INFO - Sync 1 DAGs
[2025-07-02T05:28:53.888+0000] {logging_mixin.py:190} INFO - [2025-07-02T05:28:53.888+0000] {dag.py:4180} INFO - Setting next_dagrun for extract_raw_data_pipeline to 2025-07-01 07:59:00+00:00, run_after=2025-07-02 07:00:00+00:00
[2025-07-02T05:28:53.924+0000] {processor.py:208} INFO - Processing /opt/airflow/dags/driven_data_pipeline.py took 1.121 seconds
[2025-07-02T05:29:24.143+0000] {processor.py:186} INFO - Started process (PID=669) to work on /opt/airflow/dags/driven_data_pipeline.py
[2025-07-02T05:29:24.146+0000] {processor.py:914} INFO - Processing file /opt/airflow/dags/driven_data_pipeline.py for tasks to queue
[2025-07-02T05:29:24.153+0000] {logging_mixin.py:190} INFO - [2025-07-02T05:29:24.151+0000] {dagbag.py:588} INFO - Filling up the DagBag from /opt/airflow/dags/driven_data_pipeline.py
[2025-07-02T05:29:25.818+0000] {processor.py:925} INFO - DAG(s) 'extract_raw_data_pipeline' retrieved from /opt/airflow/dags/driven_data_pipeline.py
[2025-07-02T05:29:25.970+0000] {logging_mixin.py:190} INFO - [2025-07-02T05:29:25.969+0000] {dag.py:3239} INFO - Sync 1 DAGs
[2025-07-02T05:29:26.074+0000] {logging_mixin.py:190} INFO - [2025-07-02T05:29:26.073+0000] {dag.py:4180} INFO - Setting next_dagrun for extract_raw_data_pipeline to 2025-07-01 07:59:00+00:00, run_after=2025-07-02 07:00:00+00:00
[2025-07-02T05:29:26.161+0000] {processor.py:208} INFO - Processing /opt/airflow/dags/driven_data_pipeline.py took 2.033 seconds
[2025-07-02T05:29:56.627+0000] {processor.py:186} INFO - Started process (PID=677) to work on /opt/airflow/dags/driven_data_pipeline.py
[2025-07-02T05:29:56.630+0000] {processor.py:914} INFO - Processing file /opt/airflow/dags/driven_data_pipeline.py for tasks to queue
[2025-07-02T05:29:56.637+0000] {logging_mixin.py:190} INFO - [2025-07-02T05:29:56.636+0000] {dagbag.py:588} INFO - Filling up the DagBag from /opt/airflow/dags/driven_data_pipeline.py
[2025-07-02T05:29:58.167+0000] {processor.py:925} INFO - DAG(s) 'extract_raw_data_pipeline' retrieved from /opt/airflow/dags/driven_data_pipeline.py
[2025-07-02T05:30:58.105+0000] {processor.py:211} ERROR - Got an exception! Propagating...
Traceback (most recent call last):
  File "/home/airflow/.local/lib/python3.12/site-packages/sqlalchemy/engine/base.py", line 3371, in _wrap_pool_connect
    return fn()
           ^^^^
  File "/home/airflow/.local/lib/python3.12/site-packages/sqlalchemy/pool/base.py", line 327, in connect
    return _ConnectionFairy._checkout(self)
           ^^^^^^^^^^^^^^^^^^^^^^^^^^^^^^^^
  File "/home/airflow/.local/lib/python3.12/site-packages/sqlalchemy/pool/base.py", line 894, in _checkout
    fairy = _ConnectionRecord.checkout(pool)
            ^^^^^^^^^^^^^^^^^^^^^^^^^^^^^^^^
  File "/home/airflow/.local/lib/python3.12/site-packages/sqlalchemy/pool/base.py", line 493, in checkout
    rec = pool._do_get()
          ^^^^^^^^^^^^^^
  File "/home/airflow/.local/lib/python3.12/site-packages/sqlalchemy/pool/impl.py", line 145, in _do_get
    with util.safe_reraise():
         ^^^^^^^^^^^^^^^^^^^
  File "/home/airflow/.local/lib/python3.12/site-packages/sqlalchemy/util/langhelpers.py", line 70, in __exit__
    compat.raise_(
  File "/home/airflow/.local/lib/python3.12/site-packages/sqlalchemy/util/compat.py", line 211, in raise_
    raise exception
  File "/home/airflow/.local/lib/python3.12/site-packages/sqlalchemy/pool/impl.py", line 143, in _do_get
    return self._create_connection()
           ^^^^^^^^^^^^^^^^^^^^^^^^^
  File "/home/airflow/.local/lib/python3.12/site-packages/sqlalchemy/pool/base.py", line 273, in _create_connection
    return _ConnectionRecord(self)
           ^^^^^^^^^^^^^^^^^^^^^^^
  File "/home/airflow/.local/lib/python3.12/site-packages/sqlalchemy/pool/base.py", line 388, in __init__
    self.__connect()
  File "/home/airflow/.local/lib/python3.12/site-packages/sqlalchemy/pool/base.py", line 690, in __connect
    with util.safe_reraise():
         ^^^^^^^^^^^^^^^^^^^
  File "/home/airflow/.local/lib/python3.12/site-packages/sqlalchemy/util/langhelpers.py", line 70, in __exit__
    compat.raise_(
  File "/home/airflow/.local/lib/python3.12/site-packages/sqlalchemy/util/compat.py", line 211, in raise_
    raise exception
  File "/home/airflow/.local/lib/python3.12/site-packages/sqlalchemy/pool/base.py", line 686, in __connect
    self.dbapi_connection = connection = pool._invoke_creator(self)
                                         ^^^^^^^^^^^^^^^^^^^^^^^^^^
  File "/home/airflow/.local/lib/python3.12/site-packages/sqlalchemy/engine/create.py", line 574, in connect
    return dialect.connect(*cargs, **cparams)
           ^^^^^^^^^^^^^^^^^^^^^^^^^^^^^^^^^^
  File "/home/airflow/.local/lib/python3.12/site-packages/sqlalchemy/engine/default.py", line 598, in connect
    return self.dbapi.connect(*cargs, **cparams)
           ^^^^^^^^^^^^^^^^^^^^^^^^^^^^^^^^^^^^^
  File "/home/airflow/.local/lib/python3.12/site-packages/psycopg2/__init__.py", line 122, in connect
    conn = _connect(dsn, connection_factory=connection_factory, **kwasync)
           ^^^^^^^^^^^^^^^^^^^^^^^^^^^^^^^^^^^^^^^^^^^^^^^^^^^^^^^^^^^^^^^
psycopg2.OperationalError: could not translate host name "postgres" to address: Temporary failure in name resolution


The above exception was the direct cause of the following exception:

Traceback (most recent call last):
  File "/home/airflow/.local/lib/python3.12/site-packages/airflow/dag_processing/processor.py", line 207, in _run_file_processor
    _handle_dag_file_processing()
  File "/home/airflow/.local/lib/python3.12/site-packages/airflow/dag_processing/processor.py", line 188, in _handle_dag_file_processing
    result: tuple[int, int, int] = dag_file_processor.process_file(
                                   ^^^^^^^^^^^^^^^^^^^^^^^^^^^^^^^^
  File "/home/airflow/.local/lib/python3.12/site-packages/airflow/utils/session.py", line 97, in wrapper
    return func(*args, session=session, **kwargs)
           ^^^^^^^^^^^^^^^^^^^^^^^^^^^^^^^^^^^^^^
  File "/home/airflow/.local/lib/python3.12/site-packages/airflow/dag_processing/processor.py", line 942, in process_file
    serialize_errors = DagFileProcessor.save_dag_to_db(
                       ^^^^^^^^^^^^^^^^^^^^^^^^^^^^^^^^
  File "/home/airflow/.local/lib/python3.12/site-packages/airflow/api_internal/internal_api_call.py", line 139, in wrapper
    return func(*args, **kwargs)
           ^^^^^^^^^^^^^^^^^^^^^
  File "/home/airflow/.local/lib/python3.12/site-packages/airflow/utils/session.py", line 97, in wrapper
    return func(*args, session=session, **kwargs)
           ^^^^^^^^^^^^^^^^^^^^^^^^^^^^^^^^^^^^^^
  File "/home/airflow/.local/lib/python3.12/site-packages/airflow/dag_processing/processor.py", line 982, in save_dag_to_db
    import_errors = DagBag._sync_to_db(dags=dags, processor_subdir=dag_directory, session=session)
                    ^^^^^^^^^^^^^^^^^^^^^^^^^^^^^^^^^^^^^^^^^^^^^^^^^^^^^^^^^^^^^^^^^^^^^^^^^^^^^^
  File "/home/airflow/.local/lib/python3.12/site-packages/airflow/utils/session.py", line 94, in wrapper
    return func(*args, **kwargs)
           ^^^^^^^^^^^^^^^^^^^^^
  File "/home/airflow/.local/lib/python3.12/site-packages/airflow/models/dagbag.py", line 708, in _sync_to_db
    for attempt in run_with_db_retries(logger=log):
                   ^^^^^^^^^^^^^^^^^^^^^^^^^^^^^^^
  File "/home/airflow/.local/lib/python3.12/site-packages/tenacity/__init__.py", line 443, in __iter__
    do = self.iter(retry_state=retry_state)
         ^^^^^^^^^^^^^^^^^^^^^^^^^^^^^^^^^^
  File "/home/airflow/.local/lib/python3.12/site-packages/tenacity/__init__.py", line 376, in iter
    result = action(retry_state)
             ^^^^^^^^^^^^^^^^^^^
  File "/home/airflow/.local/lib/python3.12/site-packages/tenacity/__init__.py", line 418, in exc_check
    raise retry_exc.reraise()
          ^^^^^^^^^^^^^^^^^^^
  File "/home/airflow/.local/lib/python3.12/site-packages/tenacity/__init__.py", line 185, in reraise
    raise self.last_attempt.result()
          ^^^^^^^^^^^^^^^^^^^^^^^^^^
  File "/usr/local/lib/python3.12/concurrent/futures/_base.py", line 449, in result
    return self.__get_result()
           ^^^^^^^^^^^^^^^^^^^
  File "/usr/local/lib/python3.12/concurrent/futures/_base.py", line 401, in __get_result
    raise self._exception
  File "/home/airflow/.local/lib/python3.12/site-packages/airflow/models/dagbag.py", line 721, in _sync_to_db
    _serialize_dag_capturing_errors(dag, session, processor_subdir)
  File "/home/airflow/.local/lib/python3.12/site-packages/airflow/models/dagbag.py", line 686, in _serialize_dag_capturing_errors
    dag_was_updated = SerializedDagModel.write_dag(
                      ^^^^^^^^^^^^^^^^^^^^^^^^^^^^^
  File "/home/airflow/.local/lib/python3.12/site-packages/airflow/utils/session.py", line 94, in wrapper
    return func(*args, **kwargs)
           ^^^^^^^^^^^^^^^^^^^^^
  File "/home/airflow/.local/lib/python3.12/site-packages/airflow/models/serialized_dag.py", line 160, in write_dag
    if session.scalar(
       ^^^^^^^^^^^^^^^
  File "/home/airflow/.local/lib/python3.12/site-packages/sqlalchemy/orm/session.py", line 1747, in scalar
    return self.execute(
           ^^^^^^^^^^^^^
  File "/home/airflow/.local/lib/python3.12/site-packages/sqlalchemy/orm/session.py", line 1716, in execute
    conn = self._connection_for_bind(bind)
           ^^^^^^^^^^^^^^^^^^^^^^^^^^^^^^^
  File "/home/airflow/.local/lib/python3.12/site-packages/sqlalchemy/orm/session.py", line 1555, in _connection_for_bind
    return self._transaction._connection_for_bind(
           ^^^^^^^^^^^^^^^^^^^^^^^^^^^^^^^^^^^^^^^
  File "/home/airflow/.local/lib/python3.12/site-packages/sqlalchemy/orm/session.py", line 750, in _connection_for_bind
    conn = bind.connect()
           ^^^^^^^^^^^^^^
  File "/home/airflow/.local/lib/python3.12/site-packages/sqlalchemy/future/engine.py", line 412, in connect
    return super(Engine, self).connect()
           ^^^^^^^^^^^^^^^^^^^^^^^^^^^^^
  File "/home/airflow/.local/lib/python3.12/site-packages/sqlalchemy/engine/base.py", line 3325, in connect
    return self._connection_cls(self, close_with_result=close_with_result)
           ^^^^^^^^^^^^^^^^^^^^^^^^^^^^^^^^^^^^^^^^^^^^^^^^^^^^^^^^^^^^^^^
  File "/home/airflow/.local/lib/python3.12/site-packages/sqlalchemy/engine/base.py", line 96, in __init__
    else engine.raw_connection()
         ^^^^^^^^^^^^^^^^^^^^^^^
  File "/home/airflow/.local/lib/python3.12/site-packages/sqlalchemy/engine/base.py", line 3404, in raw_connection
    return self._wrap_pool_connect(self.pool.connect, _connection)
           ^^^^^^^^^^^^^^^^^^^^^^^^^^^^^^^^^^^^^^^^^^^^^^^^^^^^^^^
  File "/home/airflow/.local/lib/python3.12/site-packages/sqlalchemy/engine/base.py", line 3374, in _wrap_pool_connect
    Connection._handle_dbapi_exception_noconnection(
  File "/home/airflow/.local/lib/python3.12/site-packages/sqlalchemy/engine/base.py", line 2208, in _handle_dbapi_exception_noconnection
    util.raise_(
  File "/home/airflow/.local/lib/python3.12/site-packages/sqlalchemy/util/compat.py", line 211, in raise_
    raise exception
  File "/home/airflow/.local/lib/python3.12/site-packages/sqlalchemy/engine/base.py", line 3371, in _wrap_pool_connect
    return fn()
           ^^^^
  File "/home/airflow/.local/lib/python3.12/site-packages/sqlalchemy/pool/base.py", line 327, in connect
    return _ConnectionFairy._checkout(self)
           ^^^^^^^^^^^^^^^^^^^^^^^^^^^^^^^^
  File "/home/airflow/.local/lib/python3.12/site-packages/sqlalchemy/pool/base.py", line 894, in _checkout
    fairy = _ConnectionRecord.checkout(pool)
            ^^^^^^^^^^^^^^^^^^^^^^^^^^^^^^^^
  File "/home/airflow/.local/lib/python3.12/site-packages/sqlalchemy/pool/base.py", line 493, in checkout
    rec = pool._do_get()
          ^^^^^^^^^^^^^^
  File "/home/airflow/.local/lib/python3.12/site-packages/sqlalchemy/pool/impl.py", line 145, in _do_get
    with util.safe_reraise():
         ^^^^^^^^^^^^^^^^^^^
  File "/home/airflow/.local/lib/python3.12/site-packages/sqlalchemy/util/langhelpers.py", line 70, in __exit__
    compat.raise_(
  File "/home/airflow/.local/lib/python3.12/site-packages/sqlalchemy/util/compat.py", line 211, in raise_
    raise exception
  File "/home/airflow/.local/lib/python3.12/site-packages/sqlalchemy/pool/impl.py", line 143, in _do_get
    return self._create_connection()
           ^^^^^^^^^^^^^^^^^^^^^^^^^
  File "/home/airflow/.local/lib/python3.12/site-packages/sqlalchemy/pool/base.py", line 273, in _create_connection
    return _ConnectionRecord(self)
           ^^^^^^^^^^^^^^^^^^^^^^^
  File "/home/airflow/.local/lib/python3.12/site-packages/sqlalchemy/pool/base.py", line 388, in __init__
    self.__connect()
  File "/home/airflow/.local/lib/python3.12/site-packages/sqlalchemy/pool/base.py", line 690, in __connect
    with util.safe_reraise():
         ^^^^^^^^^^^^^^^^^^^
  File "/home/airflow/.local/lib/python3.12/site-packages/sqlalchemy/util/langhelpers.py", line 70, in __exit__
    compat.raise_(
  File "/home/airflow/.local/lib/python3.12/site-packages/sqlalchemy/util/compat.py", line 211, in raise_
    raise exception
  File "/home/airflow/.local/lib/python3.12/site-packages/sqlalchemy/pool/base.py", line 686, in __connect
    self.dbapi_connection = connection = pool._invoke_creator(self)
                                         ^^^^^^^^^^^^^^^^^^^^^^^^^^
  File "/home/airflow/.local/lib/python3.12/site-packages/sqlalchemy/engine/create.py", line 574, in connect
    return dialect.connect(*cargs, **cparams)
           ^^^^^^^^^^^^^^^^^^^^^^^^^^^^^^^^^^
  File "/home/airflow/.local/lib/python3.12/site-packages/sqlalchemy/engine/default.py", line 598, in connect
    return self.dbapi.connect(*cargs, **cparams)
           ^^^^^^^^^^^^^^^^^^^^^^^^^^^^^^^^^^^^^
  File "/home/airflow/.local/lib/python3.12/site-packages/psycopg2/__init__.py", line 122, in connect
    conn = _connect(dsn, connection_factory=connection_factory, **kwasync)
           ^^^^^^^^^^^^^^^^^^^^^^^^^^^^^^^^^^^^^^^^^^^^^^^^^^^^^^^^^^^^^^^
sqlalchemy.exc.OperationalError: (psycopg2.OperationalError) could not translate host name "postgres" to address: Temporary failure in name resolution

(Background on this error at: https://sqlalche.me/e/14/e3q8)
[2025-07-02T14:42:04.693+0000] {processor.py:186} INFO - Started process (PID=96) to work on /opt/airflow/dags/driven_data_pipeline.py
[2025-07-02T14:42:04.698+0000] {processor.py:914} INFO - Processing file /opt/airflow/dags/driven_data_pipeline.py for tasks to queue
[2025-07-02T14:42:04.742+0000] {logging_mixin.py:190} INFO - [2025-07-02T14:42:04.738+0000] {dagbag.py:588} INFO - Filling up the DagBag from /opt/airflow/dags/driven_data_pipeline.py
[2025-07-02T14:42:06.663+0000] {processor.py:925} INFO - DAG(s) 'extract_raw_data_pipeline' retrieved from /opt/airflow/dags/driven_data_pipeline.py
[2025-07-02T14:42:07.977+0000] {logging_mixin.py:190} INFO - [2025-07-02T14:42:07.976+0000] {dag.py:3239} INFO - Sync 1 DAGs
[2025-07-02T14:42:08.129+0000] {logging_mixin.py:190} INFO - [2025-07-02T14:42:08.128+0000] {dag.py:4180} INFO - Setting next_dagrun for extract_raw_data_pipeline to 2025-07-02 07:58:00+00:00, run_after=2025-07-02 07:59:00+00:00
[2025-07-02T14:42:08.257+0000] {processor.py:208} INFO - Processing /opt/airflow/dags/driven_data_pipeline.py took 3.594 seconds
[2025-07-02T14:43:54.761+0000] {processor.py:186} INFO - Started process (PID=113) to work on /opt/airflow/dags/driven_data_pipeline.py
[2025-07-02T14:43:54.777+0000] {processor.py:914} INFO - Processing file /opt/airflow/dags/driven_data_pipeline.py for tasks to queue
[2025-07-02T14:43:54.831+0000] {logging_mixin.py:190} INFO - [2025-07-02T14:43:54.818+0000] {dagbag.py:588} INFO - Filling up the DagBag from /opt/airflow/dags/driven_data_pipeline.py
[2025-07-02T14:48:44.016+0000] {processor.py:186} INFO - Started process (PID=102) to work on /opt/airflow/dags/driven_data_pipeline.py
[2025-07-02T14:48:44.041+0000] {processor.py:914} INFO - Processing file /opt/airflow/dags/driven_data_pipeline.py for tasks to queue
[2025-07-02T14:48:44.057+0000] {logging_mixin.py:190} INFO - [2025-07-02T14:48:44.056+0000] {dagbag.py:588} INFO - Filling up the DagBag from /opt/airflow/dags/driven_data_pipeline.py
[2025-07-02T14:48:46.153+0000] {processor.py:925} INFO - DAG(s) 'extract_raw_data_pipeline' retrieved from /opt/airflow/dags/driven_data_pipeline.py
[2025-07-02T14:48:46.300+0000] {logging_mixin.py:190} INFO - [2025-07-02T14:48:46.299+0000] {dag.py:3239} INFO - Sync 1 DAGs
[2025-07-02T14:48:46.384+0000] {logging_mixin.py:190} INFO - [2025-07-02T14:48:46.379+0000] {dag.py:4180} INFO - Setting next_dagrun for extract_raw_data_pipeline to 2025-07-02 07:59:00+00:00, run_after=2025-07-03 07:00:00+00:00
[2025-07-02T14:48:46.458+0000] {processor.py:208} INFO - Processing /opt/airflow/dags/driven_data_pipeline.py took 2.461 seconds
[2025-07-02T14:49:17.033+0000] {processor.py:186} INFO - Started process (PID=111) to work on /opt/airflow/dags/driven_data_pipeline.py
[2025-07-02T14:49:17.037+0000] {processor.py:914} INFO - Processing file /opt/airflow/dags/driven_data_pipeline.py for tasks to queue
[2025-07-02T14:49:17.053+0000] {logging_mixin.py:190} INFO - [2025-07-02T14:49:17.044+0000] {dagbag.py:588} INFO - Filling up the DagBag from /opt/airflow/dags/driven_data_pipeline.py
[2025-07-02T14:49:38.477+0000] {processor.py:925} INFO - DAG(s) 'extract_raw_data_pipeline' retrieved from /opt/airflow/dags/driven_data_pipeline.py
[2025-07-02T14:50:39.229+0000] {processor.py:211} ERROR - Got an exception! Propagating...
Traceback (most recent call last):
  File "/home/airflow/.local/lib/python3.12/site-packages/sqlalchemy/engine/base.py", line 3371, in _wrap_pool_connect
    return fn()
           ^^^^
  File "/home/airflow/.local/lib/python3.12/site-packages/sqlalchemy/pool/base.py", line 327, in connect
    return _ConnectionFairy._checkout(self)
           ^^^^^^^^^^^^^^^^^^^^^^^^^^^^^^^^
  File "/home/airflow/.local/lib/python3.12/site-packages/sqlalchemy/pool/base.py", line 894, in _checkout
    fairy = _ConnectionRecord.checkout(pool)
            ^^^^^^^^^^^^^^^^^^^^^^^^^^^^^^^^
  File "/home/airflow/.local/lib/python3.12/site-packages/sqlalchemy/pool/base.py", line 493, in checkout
    rec = pool._do_get()
          ^^^^^^^^^^^^^^
  File "/home/airflow/.local/lib/python3.12/site-packages/sqlalchemy/pool/impl.py", line 145, in _do_get
    with util.safe_reraise():
         ^^^^^^^^^^^^^^^^^^^
  File "/home/airflow/.local/lib/python3.12/site-packages/sqlalchemy/util/langhelpers.py", line 70, in __exit__
    compat.raise_(
  File "/home/airflow/.local/lib/python3.12/site-packages/sqlalchemy/util/compat.py", line 211, in raise_
    raise exception
  File "/home/airflow/.local/lib/python3.12/site-packages/sqlalchemy/pool/impl.py", line 143, in _do_get
    return self._create_connection()
           ^^^^^^^^^^^^^^^^^^^^^^^^^
  File "/home/airflow/.local/lib/python3.12/site-packages/sqlalchemy/pool/base.py", line 273, in _create_connection
    return _ConnectionRecord(self)
           ^^^^^^^^^^^^^^^^^^^^^^^
  File "/home/airflow/.local/lib/python3.12/site-packages/sqlalchemy/pool/base.py", line 388, in __init__
    self.__connect()
  File "/home/airflow/.local/lib/python3.12/site-packages/sqlalchemy/pool/base.py", line 690, in __connect
    with util.safe_reraise():
         ^^^^^^^^^^^^^^^^^^^
  File "/home/airflow/.local/lib/python3.12/site-packages/sqlalchemy/util/langhelpers.py", line 70, in __exit__
    compat.raise_(
  File "/home/airflow/.local/lib/python3.12/site-packages/sqlalchemy/util/compat.py", line 211, in raise_
    raise exception
  File "/home/airflow/.local/lib/python3.12/site-packages/sqlalchemy/pool/base.py", line 686, in __connect
    self.dbapi_connection = connection = pool._invoke_creator(self)
                                         ^^^^^^^^^^^^^^^^^^^^^^^^^^
  File "/home/airflow/.local/lib/python3.12/site-packages/sqlalchemy/engine/create.py", line 574, in connect
    return dialect.connect(*cargs, **cparams)
           ^^^^^^^^^^^^^^^^^^^^^^^^^^^^^^^^^^
  File "/home/airflow/.local/lib/python3.12/site-packages/sqlalchemy/engine/default.py", line 598, in connect
    return self.dbapi.connect(*cargs, **cparams)
           ^^^^^^^^^^^^^^^^^^^^^^^^^^^^^^^^^^^^^
  File "/home/airflow/.local/lib/python3.12/site-packages/psycopg2/__init__.py", line 122, in connect
    conn = _connect(dsn, connection_factory=connection_factory, **kwasync)
           ^^^^^^^^^^^^^^^^^^^^^^^^^^^^^^^^^^^^^^^^^^^^^^^^^^^^^^^^^^^^^^^
psycopg2.OperationalError: could not translate host name "postgres" to address: Temporary failure in name resolution


The above exception was the direct cause of the following exception:

Traceback (most recent call last):
  File "/home/airflow/.local/lib/python3.12/site-packages/airflow/dag_processing/processor.py", line 207, in _run_file_processor
    _handle_dag_file_processing()
  File "/home/airflow/.local/lib/python3.12/site-packages/airflow/dag_processing/processor.py", line 188, in _handle_dag_file_processing
    result: tuple[int, int, int] = dag_file_processor.process_file(
                                   ^^^^^^^^^^^^^^^^^^^^^^^^^^^^^^^^
  File "/home/airflow/.local/lib/python3.12/site-packages/airflow/utils/session.py", line 97, in wrapper
    return func(*args, session=session, **kwargs)
           ^^^^^^^^^^^^^^^^^^^^^^^^^^^^^^^^^^^^^^
  File "/home/airflow/.local/lib/python3.12/site-packages/airflow/dag_processing/processor.py", line 942, in process_file
    serialize_errors = DagFileProcessor.save_dag_to_db(
                       ^^^^^^^^^^^^^^^^^^^^^^^^^^^^^^^^
  File "/home/airflow/.local/lib/python3.12/site-packages/airflow/api_internal/internal_api_call.py", line 139, in wrapper
    return func(*args, **kwargs)
           ^^^^^^^^^^^^^^^^^^^^^
  File "/home/airflow/.local/lib/python3.12/site-packages/airflow/utils/session.py", line 97, in wrapper
    return func(*args, session=session, **kwargs)
           ^^^^^^^^^^^^^^^^^^^^^^^^^^^^^^^^^^^^^^
  File "/home/airflow/.local/lib/python3.12/site-packages/airflow/dag_processing/processor.py", line 982, in save_dag_to_db
    import_errors = DagBag._sync_to_db(dags=dags, processor_subdir=dag_directory, session=session)
                    ^^^^^^^^^^^^^^^^^^^^^^^^^^^^^^^^^^^^^^^^^^^^^^^^^^^^^^^^^^^^^^^^^^^^^^^^^^^^^^
  File "/home/airflow/.local/lib/python3.12/site-packages/airflow/utils/session.py", line 94, in wrapper
    return func(*args, **kwargs)
           ^^^^^^^^^^^^^^^^^^^^^
  File "/home/airflow/.local/lib/python3.12/site-packages/airflow/models/dagbag.py", line 708, in _sync_to_db
    for attempt in run_with_db_retries(logger=log):
                   ^^^^^^^^^^^^^^^^^^^^^^^^^^^^^^^
  File "/home/airflow/.local/lib/python3.12/site-packages/tenacity/__init__.py", line 443, in __iter__
    do = self.iter(retry_state=retry_state)
         ^^^^^^^^^^^^^^^^^^^^^^^^^^^^^^^^^^
  File "/home/airflow/.local/lib/python3.12/site-packages/tenacity/__init__.py", line 376, in iter
    result = action(retry_state)
             ^^^^^^^^^^^^^^^^^^^
  File "/home/airflow/.local/lib/python3.12/site-packages/tenacity/__init__.py", line 418, in exc_check
    raise retry_exc.reraise()
          ^^^^^^^^^^^^^^^^^^^
  File "/home/airflow/.local/lib/python3.12/site-packages/tenacity/__init__.py", line 185, in reraise
    raise self.last_attempt.result()
          ^^^^^^^^^^^^^^^^^^^^^^^^^^
  File "/usr/local/lib/python3.12/concurrent/futures/_base.py", line 449, in result
    return self.__get_result()
           ^^^^^^^^^^^^^^^^^^^
  File "/usr/local/lib/python3.12/concurrent/futures/_base.py", line 401, in __get_result
    raise self._exception
  File "/home/airflow/.local/lib/python3.12/site-packages/airflow/models/dagbag.py", line 721, in _sync_to_db
    _serialize_dag_capturing_errors(dag, session, processor_subdir)
  File "/home/airflow/.local/lib/python3.12/site-packages/airflow/models/dagbag.py", line 686, in _serialize_dag_capturing_errors
    dag_was_updated = SerializedDagModel.write_dag(
                      ^^^^^^^^^^^^^^^^^^^^^^^^^^^^^
  File "/home/airflow/.local/lib/python3.12/site-packages/airflow/utils/session.py", line 94, in wrapper
    return func(*args, **kwargs)
           ^^^^^^^^^^^^^^^^^^^^^
  File "/home/airflow/.local/lib/python3.12/site-packages/airflow/models/serialized_dag.py", line 160, in write_dag
    if session.scalar(
       ^^^^^^^^^^^^^^^
  File "/home/airflow/.local/lib/python3.12/site-packages/sqlalchemy/orm/session.py", line 1747, in scalar
    return self.execute(
           ^^^^^^^^^^^^^
  File "/home/airflow/.local/lib/python3.12/site-packages/sqlalchemy/orm/session.py", line 1716, in execute
    conn = self._connection_for_bind(bind)
           ^^^^^^^^^^^^^^^^^^^^^^^^^^^^^^^
  File "/home/airflow/.local/lib/python3.12/site-packages/sqlalchemy/orm/session.py", line 1555, in _connection_for_bind
    return self._transaction._connection_for_bind(
           ^^^^^^^^^^^^^^^^^^^^^^^^^^^^^^^^^^^^^^^
  File "/home/airflow/.local/lib/python3.12/site-packages/sqlalchemy/orm/session.py", line 750, in _connection_for_bind
    conn = bind.connect()
           ^^^^^^^^^^^^^^
  File "/home/airflow/.local/lib/python3.12/site-packages/sqlalchemy/future/engine.py", line 412, in connect
    return super(Engine, self).connect()
           ^^^^^^^^^^^^^^^^^^^^^^^^^^^^^
  File "/home/airflow/.local/lib/python3.12/site-packages/sqlalchemy/engine/base.py", line 3325, in connect
    return self._connection_cls(self, close_with_result=close_with_result)
           ^^^^^^^^^^^^^^^^^^^^^^^^^^^^^^^^^^^^^^^^^^^^^^^^^^^^^^^^^^^^^^^
  File "/home/airflow/.local/lib/python3.12/site-packages/sqlalchemy/engine/base.py", line 96, in __init__
    else engine.raw_connection()
         ^^^^^^^^^^^^^^^^^^^^^^^
  File "/home/airflow/.local/lib/python3.12/site-packages/sqlalchemy/engine/base.py", line 3404, in raw_connection
    return self._wrap_pool_connect(self.pool.connect, _connection)
           ^^^^^^^^^^^^^^^^^^^^^^^^^^^^^^^^^^^^^^^^^^^^^^^^^^^^^^^
  File "/home/airflow/.local/lib/python3.12/site-packages/sqlalchemy/engine/base.py", line 3374, in _wrap_pool_connect
    Connection._handle_dbapi_exception_noconnection(
  File "/home/airflow/.local/lib/python3.12/site-packages/sqlalchemy/engine/base.py", line 2208, in _handle_dbapi_exception_noconnection
    util.raise_(
  File "/home/airflow/.local/lib/python3.12/site-packages/sqlalchemy/util/compat.py", line 211, in raise_
    raise exception
  File "/home/airflow/.local/lib/python3.12/site-packages/sqlalchemy/engine/base.py", line 3371, in _wrap_pool_connect
    return fn()
           ^^^^
  File "/home/airflow/.local/lib/python3.12/site-packages/sqlalchemy/pool/base.py", line 327, in connect
    return _ConnectionFairy._checkout(self)
           ^^^^^^^^^^^^^^^^^^^^^^^^^^^^^^^^
  File "/home/airflow/.local/lib/python3.12/site-packages/sqlalchemy/pool/base.py", line 894, in _checkout
    fairy = _ConnectionRecord.checkout(pool)
            ^^^^^^^^^^^^^^^^^^^^^^^^^^^^^^^^
  File "/home/airflow/.local/lib/python3.12/site-packages/sqlalchemy/pool/base.py", line 493, in checkout
    rec = pool._do_get()
          ^^^^^^^^^^^^^^
  File "/home/airflow/.local/lib/python3.12/site-packages/sqlalchemy/pool/impl.py", line 145, in _do_get
    with util.safe_reraise():
         ^^^^^^^^^^^^^^^^^^^
  File "/home/airflow/.local/lib/python3.12/site-packages/sqlalchemy/util/langhelpers.py", line 70, in __exit__
    compat.raise_(
  File "/home/airflow/.local/lib/python3.12/site-packages/sqlalchemy/util/compat.py", line 211, in raise_
    raise exception
  File "/home/airflow/.local/lib/python3.12/site-packages/sqlalchemy/pool/impl.py", line 143, in _do_get
    return self._create_connection()
           ^^^^^^^^^^^^^^^^^^^^^^^^^
  File "/home/airflow/.local/lib/python3.12/site-packages/sqlalchemy/pool/base.py", line 273, in _create_connection
    return _ConnectionRecord(self)
           ^^^^^^^^^^^^^^^^^^^^^^^
  File "/home/airflow/.local/lib/python3.12/site-packages/sqlalchemy/pool/base.py", line 388, in __init__
    self.__connect()
  File "/home/airflow/.local/lib/python3.12/site-packages/sqlalchemy/pool/base.py", line 690, in __connect
    with util.safe_reraise():
         ^^^^^^^^^^^^^^^^^^^
  File "/home/airflow/.local/lib/python3.12/site-packages/sqlalchemy/util/langhelpers.py", line 70, in __exit__
    compat.raise_(
  File "/home/airflow/.local/lib/python3.12/site-packages/sqlalchemy/util/compat.py", line 211, in raise_
    raise exception
  File "/home/airflow/.local/lib/python3.12/site-packages/sqlalchemy/pool/base.py", line 686, in __connect
    self.dbapi_connection = connection = pool._invoke_creator(self)
                                         ^^^^^^^^^^^^^^^^^^^^^^^^^^
  File "/home/airflow/.local/lib/python3.12/site-packages/sqlalchemy/engine/create.py", line 574, in connect
    return dialect.connect(*cargs, **cparams)
           ^^^^^^^^^^^^^^^^^^^^^^^^^^^^^^^^^^
  File "/home/airflow/.local/lib/python3.12/site-packages/sqlalchemy/engine/default.py", line 598, in connect
    return self.dbapi.connect(*cargs, **cparams)
           ^^^^^^^^^^^^^^^^^^^^^^^^^^^^^^^^^^^^^
  File "/home/airflow/.local/lib/python3.12/site-packages/psycopg2/__init__.py", line 122, in connect
    conn = _connect(dsn, connection_factory=connection_factory, **kwasync)
           ^^^^^^^^^^^^^^^^^^^^^^^^^^^^^^^^^^^^^^^^^^^^^^^^^^^^^^^^^^^^^^^
sqlalchemy.exc.OperationalError: (psycopg2.OperationalError) could not translate host name "postgres" to address: Temporary failure in name resolution

(Background on this error at: https://sqlalche.me/e/14/e3q8)
[2025-07-02T15:21:13.231+0000] {processor.py:186} INFO - Started process (PID=92) to work on /opt/airflow/dags/driven_data_pipeline.py
[2025-07-02T15:21:13.235+0000] {processor.py:914} INFO - Processing file /opt/airflow/dags/driven_data_pipeline.py for tasks to queue
[2025-07-02T15:21:13.244+0000] {logging_mixin.py:190} INFO - [2025-07-02T15:21:13.241+0000] {dagbag.py:588} INFO - Filling up the DagBag from /opt/airflow/dags/driven_data_pipeline.py
[2025-07-02T15:21:14.860+0000] {processor.py:925} INFO - DAG(s) 'extract_raw_data_pipeline' retrieved from /opt/airflow/dags/driven_data_pipeline.py
[2025-07-02T15:21:15.455+0000] {logging_mixin.py:190} INFO - [2025-07-02T15:21:15.453+0000] {override.py:1900} INFO - Created Permission View: can read on DAG:extract_raw_data_pipeline
[2025-07-02T15:21:15.480+0000] {logging_mixin.py:190} INFO - [2025-07-02T15:21:15.479+0000] {override.py:1900} INFO - Created Permission View: can delete on DAG:extract_raw_data_pipeline
[2025-07-02T15:21:15.494+0000] {logging_mixin.py:190} INFO - [2025-07-02T15:21:15.493+0000] {override.py:1900} INFO - Created Permission View: can edit on DAG:extract_raw_data_pipeline
[2025-07-02T15:21:15.507+0000] {logging_mixin.py:190} INFO - [2025-07-02T15:21:15.506+0000] {override.py:1900} INFO - Created Permission View: can read on DAG Run:extract_raw_data_pipeline
[2025-07-02T15:21:15.517+0000] {logging_mixin.py:190} INFO - [2025-07-02T15:21:15.517+0000] {override.py:1900} INFO - Created Permission View: can delete on DAG Run:extract_raw_data_pipeline
[2025-07-02T15:21:15.528+0000] {logging_mixin.py:190} INFO - [2025-07-02T15:21:15.527+0000] {override.py:1900} INFO - Created Permission View: can create on DAG Run:extract_raw_data_pipeline
[2025-07-02T15:21:15.542+0000] {logging_mixin.py:190} INFO - [2025-07-02T15:21:15.541+0000] {override.py:1900} INFO - Created Permission View: menu access on DAG Run:extract_raw_data_pipeline
[2025-07-02T15:21:15.542+0000] {logging_mixin.py:190} INFO - [2025-07-02T15:21:15.542+0000] {dag.py:3239} INFO - Sync 1 DAGs
[2025-07-02T15:21:15.568+0000] {logging_mixin.py:190} INFO - [2025-07-02T15:21:15.568+0000] {dag.py:3262} INFO - Creating ORM DAG for extract_raw_data_pipeline
[2025-07-02T15:21:15.590+0000] {logging_mixin.py:190} INFO - [2025-07-02T15:21:15.589+0000] {dag.py:4180} INFO - Setting next_dagrun for extract_raw_data_pipeline to 2025-07-02 07:58:00+00:00, run_after=2025-07-02 07:59:00+00:00
[2025-07-02T15:21:15.629+0000] {processor.py:208} INFO - Processing /opt/airflow/dags/driven_data_pipeline.py took 2.416 seconds
[2025-07-02T15:21:45.865+0000] {processor.py:186} INFO - Started process (PID=100) to work on /opt/airflow/dags/driven_data_pipeline.py
[2025-07-02T15:21:45.867+0000] {processor.py:914} INFO - Processing file /opt/airflow/dags/driven_data_pipeline.py for tasks to queue
[2025-07-02T15:21:45.874+0000] {logging_mixin.py:190} INFO - [2025-07-02T15:21:45.873+0000] {dagbag.py:588} INFO - Filling up the DagBag from /opt/airflow/dags/driven_data_pipeline.py
[2025-07-02T15:21:46.748+0000] {processor.py:925} INFO - DAG(s) 'extract_raw_data_pipeline' retrieved from /opt/airflow/dags/driven_data_pipeline.py
[2025-07-02T15:21:46.795+0000] {logging_mixin.py:190} INFO - [2025-07-02T15:21:46.795+0000] {dag.py:3239} INFO - Sync 1 DAGs
[2025-07-02T15:21:46.844+0000] {logging_mixin.py:190} INFO - [2025-07-02T15:21:46.843+0000] {dag.py:4180} INFO - Setting next_dagrun for extract_raw_data_pipeline to 2025-07-02 07:58:00+00:00, run_after=2025-07-02 07:59:00+00:00
[2025-07-02T15:21:46.952+0000] {processor.py:208} INFO - Processing /opt/airflow/dags/driven_data_pipeline.py took 1.098 seconds
[2025-07-02T15:22:17.123+0000] {processor.py:186} INFO - Started process (PID=108) to work on /opt/airflow/dags/driven_data_pipeline.py
[2025-07-02T15:22:17.126+0000] {processor.py:914} INFO - Processing file /opt/airflow/dags/driven_data_pipeline.py for tasks to queue
[2025-07-02T15:22:17.133+0000] {logging_mixin.py:190} INFO - [2025-07-02T15:22:17.131+0000] {dagbag.py:588} INFO - Filling up the DagBag from /opt/airflow/dags/driven_data_pipeline.py
[2025-07-02T15:22:18.541+0000] {processor.py:925} INFO - DAG(s) 'extract_raw_data_pipeline' retrieved from /opt/airflow/dags/driven_data_pipeline.py
[2025-07-02T15:22:18.581+0000] {logging_mixin.py:190} INFO - [2025-07-02T15:22:18.580+0000] {dag.py:3239} INFO - Sync 1 DAGs
[2025-07-02T15:22:18.610+0000] {logging_mixin.py:190} INFO - [2025-07-02T15:22:18.609+0000] {dag.py:4180} INFO - Setting next_dagrun for extract_raw_data_pipeline to 2025-07-02 07:58:00+00:00, run_after=2025-07-02 07:59:00+00:00
[2025-07-02T15:22:18.639+0000] {processor.py:208} INFO - Processing /opt/airflow/dags/driven_data_pipeline.py took 1.527 seconds
[2025-07-02T15:22:48.847+0000] {processor.py:186} INFO - Started process (PID=116) to work on /opt/airflow/dags/driven_data_pipeline.py
[2025-07-02T15:22:48.850+0000] {processor.py:914} INFO - Processing file /opt/airflow/dags/driven_data_pipeline.py for tasks to queue
[2025-07-02T15:22:48.856+0000] {logging_mixin.py:190} INFO - [2025-07-02T15:22:48.854+0000] {dagbag.py:588} INFO - Filling up the DagBag from /opt/airflow/dags/driven_data_pipeline.py
[2025-07-02T15:22:50.267+0000] {processor.py:925} INFO - DAG(s) 'extract_raw_data_pipeline' retrieved from /opt/airflow/dags/driven_data_pipeline.py
[2025-07-02T15:22:50.317+0000] {logging_mixin.py:190} INFO - [2025-07-02T15:22:50.317+0000] {dag.py:3239} INFO - Sync 1 DAGs
[2025-07-02T15:22:50.373+0000] {logging_mixin.py:190} INFO - [2025-07-02T15:22:50.372+0000] {dag.py:4180} INFO - Setting next_dagrun for extract_raw_data_pipeline to 2025-07-02 07:58:00+00:00, run_after=2025-07-02 07:59:00+00:00
[2025-07-02T15:22:50.414+0000] {processor.py:208} INFO - Processing /opt/airflow/dags/driven_data_pipeline.py took 1.594 seconds
[2025-07-02T15:23:20.686+0000] {processor.py:186} INFO - Started process (PID=130) to work on /opt/airflow/dags/driven_data_pipeline.py
[2025-07-02T15:23:20.690+0000] {processor.py:914} INFO - Processing file /opt/airflow/dags/driven_data_pipeline.py for tasks to queue
[2025-07-02T15:23:20.698+0000] {logging_mixin.py:190} INFO - [2025-07-02T15:23:20.697+0000] {dagbag.py:588} INFO - Filling up the DagBag from /opt/airflow/dags/driven_data_pipeline.py
[2025-07-02T15:23:22.016+0000] {processor.py:925} INFO - DAG(s) 'extract_raw_data_pipeline' retrieved from /opt/airflow/dags/driven_data_pipeline.py
[2025-07-02T15:23:22.061+0000] {logging_mixin.py:190} INFO - [2025-07-02T15:23:22.060+0000] {dag.py:3239} INFO - Sync 1 DAGs
[2025-07-02T15:23:22.091+0000] {logging_mixin.py:190} INFO - [2025-07-02T15:23:22.091+0000] {dag.py:4180} INFO - Setting next_dagrun for extract_raw_data_pipeline to 2025-07-02 07:59:00+00:00, run_after=2025-07-03 07:00:00+00:00
[2025-07-02T15:23:22.121+0000] {processor.py:208} INFO - Processing /opt/airflow/dags/driven_data_pipeline.py took 1.448 seconds
[2025-07-02T15:23:52.424+0000] {processor.py:186} INFO - Started process (PID=138) to work on /opt/airflow/dags/driven_data_pipeline.py
[2025-07-02T15:23:52.427+0000] {processor.py:914} INFO - Processing file /opt/airflow/dags/driven_data_pipeline.py for tasks to queue
[2025-07-02T15:23:52.436+0000] {logging_mixin.py:190} INFO - [2025-07-02T15:23:52.435+0000] {dagbag.py:588} INFO - Filling up the DagBag from /opt/airflow/dags/driven_data_pipeline.py
[2025-07-02T15:23:52.976+0000] {processor.py:925} INFO - DAG(s) 'extract_raw_data_pipeline' retrieved from /opt/airflow/dags/driven_data_pipeline.py
[2025-07-02T15:23:53.011+0000] {logging_mixin.py:190} INFO - [2025-07-02T15:23:53.011+0000] {dag.py:3239} INFO - Sync 1 DAGs
[2025-07-02T15:23:53.038+0000] {logging_mixin.py:190} INFO - [2025-07-02T15:23:53.038+0000] {dag.py:4180} INFO - Setting next_dagrun for extract_raw_data_pipeline to 2025-07-02 07:59:00+00:00, run_after=2025-07-03 07:00:00+00:00
[2025-07-02T15:23:53.065+0000] {processor.py:208} INFO - Processing /opt/airflow/dags/driven_data_pipeline.py took 0.666 seconds
[2025-07-02T15:24:23.519+0000] {processor.py:186} INFO - Started process (PID=146) to work on /opt/airflow/dags/driven_data_pipeline.py
[2025-07-02T15:24:23.522+0000] {processor.py:914} INFO - Processing file /opt/airflow/dags/driven_data_pipeline.py for tasks to queue
[2025-07-02T15:24:23.529+0000] {logging_mixin.py:190} INFO - [2025-07-02T15:24:23.528+0000] {dagbag.py:588} INFO - Filling up the DagBag from /opt/airflow/dags/driven_data_pipeline.py
[2025-07-02T15:24:24.776+0000] {processor.py:925} INFO - DAG(s) 'extract_raw_data_pipeline' retrieved from /opt/airflow/dags/driven_data_pipeline.py
[2025-07-02T15:24:24.854+0000] {logging_mixin.py:190} INFO - [2025-07-02T15:24:24.852+0000] {dag.py:3239} INFO - Sync 1 DAGs
[2025-07-02T15:24:24.898+0000] {logging_mixin.py:190} INFO - [2025-07-02T15:24:24.898+0000] {dag.py:4180} INFO - Setting next_dagrun for extract_raw_data_pipeline to 2025-07-02 07:59:00+00:00, run_after=2025-07-03 07:00:00+00:00
[2025-07-02T15:24:24.927+0000] {processor.py:208} INFO - Processing /opt/airflow/dags/driven_data_pipeline.py took 1.426 seconds
[2025-07-02T15:24:55.879+0000] {processor.py:186} INFO - Started process (PID=159) to work on /opt/airflow/dags/driven_data_pipeline.py
[2025-07-02T15:24:55.881+0000] {processor.py:914} INFO - Processing file /opt/airflow/dags/driven_data_pipeline.py for tasks to queue
[2025-07-02T15:24:55.888+0000] {logging_mixin.py:190} INFO - [2025-07-02T15:24:55.887+0000] {dagbag.py:588} INFO - Filling up the DagBag from /opt/airflow/dags/driven_data_pipeline.py
[2025-07-02T15:24:57.550+0000] {processor.py:925} INFO - DAG(s) 'extract_raw_data_pipeline' retrieved from /opt/airflow/dags/driven_data_pipeline.py
[2025-07-02T15:24:57.601+0000] {logging_mixin.py:190} INFO - [2025-07-02T15:24:57.601+0000] {dag.py:3239} INFO - Sync 1 DAGs
[2025-07-02T15:24:57.637+0000] {logging_mixin.py:190} INFO - [2025-07-02T15:24:57.636+0000] {dag.py:4180} INFO - Setting next_dagrun for extract_raw_data_pipeline to 2025-07-02 07:59:00+00:00, run_after=2025-07-03 07:00:00+00:00
[2025-07-02T15:24:57.673+0000] {processor.py:208} INFO - Processing /opt/airflow/dags/driven_data_pipeline.py took 1.806 seconds
[2025-07-02T15:25:28.003+0000] {processor.py:186} INFO - Started process (PID=167) to work on /opt/airflow/dags/driven_data_pipeline.py
[2025-07-02T15:25:28.005+0000] {processor.py:914} INFO - Processing file /opt/airflow/dags/driven_data_pipeline.py for tasks to queue
[2025-07-02T15:25:28.010+0000] {logging_mixin.py:190} INFO - [2025-07-02T15:25:28.009+0000] {dagbag.py:588} INFO - Filling up the DagBag from /opt/airflow/dags/driven_data_pipeline.py
[2025-07-02T15:25:29.108+0000] {processor.py:925} INFO - DAG(s) 'extract_raw_data_pipeline' retrieved from /opt/airflow/dags/driven_data_pipeline.py
[2025-07-02T15:25:29.193+0000] {logging_mixin.py:190} INFO - [2025-07-02T15:25:29.192+0000] {dag.py:3239} INFO - Sync 1 DAGs
[2025-07-02T15:25:29.225+0000] {logging_mixin.py:190} INFO - [2025-07-02T15:25:29.224+0000] {dag.py:4180} INFO - Setting next_dagrun for extract_raw_data_pipeline to 2025-07-02 07:59:00+00:00, run_after=2025-07-03 07:00:00+00:00
[2025-07-02T15:25:29.252+0000] {processor.py:208} INFO - Processing /opt/airflow/dags/driven_data_pipeline.py took 1.260 seconds
[2025-07-02T15:25:59.402+0000] {processor.py:186} INFO - Started process (PID=175) to work on /opt/airflow/dags/driven_data_pipeline.py
[2025-07-02T15:25:59.404+0000] {processor.py:914} INFO - Processing file /opt/airflow/dags/driven_data_pipeline.py for tasks to queue
[2025-07-02T15:25:59.411+0000] {logging_mixin.py:190} INFO - [2025-07-02T15:25:59.411+0000] {dagbag.py:588} INFO - Filling up the DagBag from /opt/airflow/dags/driven_data_pipeline.py
[2025-07-02T15:26:01.087+0000] {processor.py:925} INFO - DAG(s) 'extract_raw_data_pipeline' retrieved from /opt/airflow/dags/driven_data_pipeline.py
[2025-07-02T15:26:01.278+0000] {logging_mixin.py:190} INFO - [2025-07-02T15:26:01.276+0000] {dag.py:3239} INFO - Sync 1 DAGs
[2025-07-02T15:26:01.323+0000] {logging_mixin.py:190} INFO - [2025-07-02T15:26:01.323+0000] {dag.py:4180} INFO - Setting next_dagrun for extract_raw_data_pipeline to 2025-07-02 07:59:00+00:00, run_after=2025-07-03 07:00:00+00:00
[2025-07-02T15:26:01.360+0000] {processor.py:208} INFO - Processing /opt/airflow/dags/driven_data_pipeline.py took 1.981 seconds
[2025-07-02T15:26:32.073+0000] {processor.py:186} INFO - Started process (PID=189) to work on /opt/airflow/dags/driven_data_pipeline.py
[2025-07-02T15:26:32.075+0000] {processor.py:914} INFO - Processing file /opt/airflow/dags/driven_data_pipeline.py for tasks to queue
[2025-07-02T15:26:32.081+0000] {logging_mixin.py:190} INFO - [2025-07-02T15:26:32.079+0000] {dagbag.py:588} INFO - Filling up the DagBag from /opt/airflow/dags/driven_data_pipeline.py
[2025-07-02T15:26:32.992+0000] {processor.py:925} INFO - DAG(s) 'extract_raw_data_pipeline' retrieved from /opt/airflow/dags/driven_data_pipeline.py
[2025-07-02T15:26:33.127+0000] {logging_mixin.py:190} INFO - [2025-07-02T15:26:33.123+0000] {dag.py:3239} INFO - Sync 1 DAGs
[2025-07-02T15:26:33.168+0000] {logging_mixin.py:190} INFO - [2025-07-02T15:26:33.167+0000] {dag.py:4180} INFO - Setting next_dagrun for extract_raw_data_pipeline to 2025-07-02 07:59:00+00:00, run_after=2025-07-03 07:00:00+00:00
[2025-07-02T15:26:33.203+0000] {processor.py:208} INFO - Processing /opt/airflow/dags/driven_data_pipeline.py took 1.148 seconds
[2025-07-02T15:27:03.504+0000] {processor.py:186} INFO - Started process (PID=191) to work on /opt/airflow/dags/driven_data_pipeline.py
[2025-07-02T15:27:03.511+0000] {processor.py:914} INFO - Processing file /opt/airflow/dags/driven_data_pipeline.py for tasks to queue
[2025-07-02T15:27:03.521+0000] {logging_mixin.py:190} INFO - [2025-07-02T15:27:03.519+0000] {dagbag.py:588} INFO - Filling up the DagBag from /opt/airflow/dags/driven_data_pipeline.py
[2025-07-02T15:27:04.590+0000] {processor.py:925} INFO - DAG(s) 'extract_raw_data_pipeline' retrieved from /opt/airflow/dags/driven_data_pipeline.py
[2025-07-02T15:27:04.677+0000] {logging_mixin.py:190} INFO - [2025-07-02T15:27:04.676+0000] {dag.py:3239} INFO - Sync 1 DAGs
[2025-07-02T15:27:04.723+0000] {logging_mixin.py:190} INFO - [2025-07-02T15:27:04.722+0000] {dag.py:4180} INFO - Setting next_dagrun for extract_raw_data_pipeline to 2025-07-02 07:59:00+00:00, run_after=2025-07-03 07:00:00+00:00
[2025-07-02T15:27:04.760+0000] {processor.py:208} INFO - Processing /opt/airflow/dags/driven_data_pipeline.py took 1.292 seconds
[2025-07-02T15:27:35.145+0000] {processor.py:186} INFO - Started process (PID=206) to work on /opt/airflow/dags/driven_data_pipeline.py
[2025-07-02T15:27:35.148+0000] {processor.py:914} INFO - Processing file /opt/airflow/dags/driven_data_pipeline.py for tasks to queue
[2025-07-02T15:27:35.154+0000] {logging_mixin.py:190} INFO - [2025-07-02T15:27:35.153+0000] {dagbag.py:588} INFO - Filling up the DagBag from /opt/airflow/dags/driven_data_pipeline.py
[2025-07-02T15:27:35.730+0000] {processor.py:925} INFO - DAG(s) 'extract_raw_data_pipeline' retrieved from /opt/airflow/dags/driven_data_pipeline.py
[2025-07-02T15:27:35.796+0000] {logging_mixin.py:190} INFO - [2025-07-02T15:27:35.795+0000] {dag.py:3239} INFO - Sync 1 DAGs
[2025-07-02T15:27:35.837+0000] {logging_mixin.py:190} INFO - [2025-07-02T15:27:35.836+0000] {dag.py:4180} INFO - Setting next_dagrun for extract_raw_data_pipeline to 2025-07-02 07:59:00+00:00, run_after=2025-07-03 07:00:00+00:00
[2025-07-02T15:27:35.872+0000] {processor.py:208} INFO - Processing /opt/airflow/dags/driven_data_pipeline.py took 0.741 seconds
[2025-07-02T15:28:07.159+0000] {processor.py:186} INFO - Started process (PID=214) to work on /opt/airflow/dags/driven_data_pipeline.py
[2025-07-02T15:28:07.161+0000] {processor.py:914} INFO - Processing file /opt/airflow/dags/driven_data_pipeline.py for tasks to queue
[2025-07-02T15:28:07.167+0000] {logging_mixin.py:190} INFO - [2025-07-02T15:28:07.166+0000] {dagbag.py:588} INFO - Filling up the DagBag from /opt/airflow/dags/driven_data_pipeline.py
[2025-07-02T15:28:08.021+0000] {processor.py:925} INFO - DAG(s) 'extract_raw_data_pipeline' retrieved from /opt/airflow/dags/driven_data_pipeline.py
[2025-07-02T15:28:08.121+0000] {logging_mixin.py:190} INFO - [2025-07-02T15:28:08.121+0000] {dag.py:3239} INFO - Sync 1 DAGs
[2025-07-02T15:28:08.170+0000] {logging_mixin.py:190} INFO - [2025-07-02T15:28:08.170+0000] {dag.py:4180} INFO - Setting next_dagrun for extract_raw_data_pipeline to 2025-07-02 07:59:00+00:00, run_after=2025-07-03 07:00:00+00:00
[2025-07-02T15:28:08.207+0000] {processor.py:208} INFO - Processing /opt/airflow/dags/driven_data_pipeline.py took 1.064 seconds
[2025-07-02T15:28:38.495+0000] {processor.py:186} INFO - Started process (PID=222) to work on /opt/airflow/dags/driven_data_pipeline.py
[2025-07-02T15:28:38.498+0000] {processor.py:914} INFO - Processing file /opt/airflow/dags/driven_data_pipeline.py for tasks to queue
[2025-07-02T15:28:38.503+0000] {logging_mixin.py:190} INFO - [2025-07-02T15:28:38.502+0000] {dagbag.py:588} INFO - Filling up the DagBag from /opt/airflow/dags/driven_data_pipeline.py
[2025-07-02T15:28:40.359+0000] {processor.py:925} INFO - DAG(s) 'extract_raw_data_pipeline' retrieved from /opt/airflow/dags/driven_data_pipeline.py
[2025-07-02T15:28:40.431+0000] {logging_mixin.py:190} INFO - [2025-07-02T15:28:40.430+0000] {dag.py:3239} INFO - Sync 1 DAGs
[2025-07-02T15:28:40.467+0000] {logging_mixin.py:190} INFO - [2025-07-02T15:28:40.467+0000] {dag.py:4180} INFO - Setting next_dagrun for extract_raw_data_pipeline to 2025-07-02 07:59:00+00:00, run_after=2025-07-03 07:00:00+00:00
[2025-07-02T15:28:40.497+0000] {processor.py:208} INFO - Processing /opt/airflow/dags/driven_data_pipeline.py took 1.026 seconds
[2025-07-02T15:29:10.845+0000] {processor.py:186} INFO - Started process (PID=230) to work on /opt/airflow/dags/driven_data_pipeline.py
[2025-07-02T15:29:10.847+0000] {processor.py:914} INFO - Processing file /opt/airflow/dags/driven_data_pipeline.py for tasks to queue
[2025-07-02T15:29:10.852+0000] {logging_mixin.py:190} INFO - [2025-07-02T15:29:10.851+0000] {dagbag.py:588} INFO - Filling up the DagBag from /opt/airflow/dags/driven_data_pipeline.py
[2025-07-02T15:29:11.803+0000] {processor.py:925} INFO - DAG(s) 'extract_raw_data_pipeline' retrieved from /opt/airflow/dags/driven_data_pipeline.py
[2025-07-02T15:29:11.878+0000] {logging_mixin.py:190} INFO - [2025-07-02T15:29:11.877+0000] {dag.py:3239} INFO - Sync 1 DAGs
[2025-07-02T15:29:11.923+0000] {logging_mixin.py:190} INFO - [2025-07-02T15:29:11.922+0000] {dag.py:4180} INFO - Setting next_dagrun for extract_raw_data_pipeline to 2025-07-02 07:59:00+00:00, run_after=2025-07-03 07:00:00+00:00
[2025-07-02T15:29:11.997+0000] {processor.py:208} INFO - Processing /opt/airflow/dags/driven_data_pipeline.py took 1.164 seconds
[2025-07-02T15:29:42.183+0000] {processor.py:186} INFO - Started process (PID=238) to work on /opt/airflow/dags/driven_data_pipeline.py
[2025-07-02T15:29:42.186+0000] {processor.py:914} INFO - Processing file /opt/airflow/dags/driven_data_pipeline.py for tasks to queue
[2025-07-02T15:29:42.193+0000] {logging_mixin.py:190} INFO - [2025-07-02T15:29:42.190+0000] {dagbag.py:588} INFO - Filling up the DagBag from /opt/airflow/dags/driven_data_pipeline.py
[2025-07-02T15:29:43.082+0000] {processor.py:925} INFO - DAG(s) 'extract_raw_data_pipeline' retrieved from /opt/airflow/dags/driven_data_pipeline.py
[2025-07-02T15:29:43.149+0000] {logging_mixin.py:190} INFO - [2025-07-02T15:29:43.148+0000] {dag.py:3239} INFO - Sync 1 DAGs
[2025-07-02T15:29:43.184+0000] {logging_mixin.py:190} INFO - [2025-07-02T15:29:43.184+0000] {dag.py:4180} INFO - Setting next_dagrun for extract_raw_data_pipeline to 2025-07-02 07:59:00+00:00, run_after=2025-07-03 07:00:00+00:00
[2025-07-02T15:29:43.259+0000] {processor.py:208} INFO - Processing /opt/airflow/dags/driven_data_pipeline.py took 1.094 seconds
[2025-07-02T15:31:41.142+0000] {processor.py:186} INFO - Started process (PID=249) to work on /opt/airflow/dags/driven_data_pipeline.py
[2025-07-02T15:31:41.157+0000] {processor.py:914} INFO - Processing file /opt/airflow/dags/driven_data_pipeline.py for tasks to queue
[2025-07-02T15:31:41.166+0000] {logging_mixin.py:190} INFO - [2025-07-02T15:31:41.165+0000] {dagbag.py:588} INFO - Filling up the DagBag from /opt/airflow/dags/driven_data_pipeline.py
[2025-07-02T15:31:42.712+0000] {processor.py:925} INFO - DAG(s) 'extract_raw_data_pipeline' retrieved from /opt/airflow/dags/driven_data_pipeline.py
[2025-07-02T15:31:42.817+0000] {logging_mixin.py:190} INFO - [2025-07-02T15:31:42.816+0000] {dag.py:3239} INFO - Sync 1 DAGs
[2025-07-02T15:31:42.858+0000] {logging_mixin.py:190} INFO - [2025-07-02T15:31:42.857+0000] {dag.py:4180} INFO - Setting next_dagrun for extract_raw_data_pipeline to 2025-07-02 07:59:00+00:00, run_after=2025-07-03 07:00:00+00:00
[2025-07-02T15:31:42.894+0000] {processor.py:208} INFO - Processing /opt/airflow/dags/driven_data_pipeline.py took 1.914 seconds
[2025-07-02T15:32:13.189+0000] {processor.py:186} INFO - Started process (PID=263) to work on /opt/airflow/dags/driven_data_pipeline.py
[2025-07-02T15:32:13.192+0000] {processor.py:914} INFO - Processing file /opt/airflow/dags/driven_data_pipeline.py for tasks to queue
[2025-07-02T15:32:13.197+0000] {logging_mixin.py:190} INFO - [2025-07-02T15:32:13.197+0000] {dagbag.py:588} INFO - Filling up the DagBag from /opt/airflow/dags/driven_data_pipeline.py
[2025-07-02T15:32:14.100+0000] {processor.py:925} INFO - DAG(s) 'extract_raw_data_pipeline' retrieved from /opt/airflow/dags/driven_data_pipeline.py
[2025-07-02T15:32:14.187+0000] {logging_mixin.py:190} INFO - [2025-07-02T15:32:14.186+0000] {dag.py:3239} INFO - Sync 1 DAGs
[2025-07-02T15:32:14.228+0000] {logging_mixin.py:190} INFO - [2025-07-02T15:32:14.228+0000] {dag.py:4180} INFO - Setting next_dagrun for extract_raw_data_pipeline to 2025-07-02 07:59:00+00:00, run_after=2025-07-03 07:00:00+00:00
[2025-07-02T15:32:14.265+0000] {processor.py:208} INFO - Processing /opt/airflow/dags/driven_data_pipeline.py took 1.088 seconds
[2025-07-02T15:32:44.584+0000] {processor.py:186} INFO - Started process (PID=271) to work on /opt/airflow/dags/driven_data_pipeline.py
[2025-07-02T15:32:44.586+0000] {processor.py:914} INFO - Processing file /opt/airflow/dags/driven_data_pipeline.py for tasks to queue
[2025-07-02T15:32:44.590+0000] {logging_mixin.py:190} INFO - [2025-07-02T15:32:44.589+0000] {dagbag.py:588} INFO - Filling up the DagBag from /opt/airflow/dags/driven_data_pipeline.py
[2025-07-02T15:32:44.931+0000] {processor.py:925} INFO - DAG(s) 'extract_raw_data_pipeline' retrieved from /opt/airflow/dags/driven_data_pipeline.py
[2025-07-02T15:32:44.967+0000] {logging_mixin.py:190} INFO - [2025-07-02T15:32:44.966+0000] {dag.py:3239} INFO - Sync 1 DAGs
[2025-07-02T15:32:44.998+0000] {logging_mixin.py:190} INFO - [2025-07-02T15:32:44.997+0000] {dag.py:4180} INFO - Setting next_dagrun for extract_raw_data_pipeline to 2025-07-02 07:59:00+00:00, run_after=2025-07-03 07:00:00+00:00
[2025-07-02T15:32:45.029+0000] {processor.py:208} INFO - Processing /opt/airflow/dags/driven_data_pipeline.py took 0.453 seconds
[2025-07-02T15:33:15.482+0000] {processor.py:186} INFO - Started process (PID=279) to work on /opt/airflow/dags/driven_data_pipeline.py
[2025-07-02T15:33:15.484+0000] {processor.py:914} INFO - Processing file /opt/airflow/dags/driven_data_pipeline.py for tasks to queue
[2025-07-02T15:33:15.489+0000] {logging_mixin.py:190} INFO - [2025-07-02T15:33:15.489+0000] {dagbag.py:588} INFO - Filling up the DagBag from /opt/airflow/dags/driven_data_pipeline.py
[2025-07-02T15:33:16.066+0000] {processor.py:925} INFO - DAG(s) 'extract_raw_data_pipeline' retrieved from /opt/airflow/dags/driven_data_pipeline.py
[2025-07-02T15:33:16.117+0000] {logging_mixin.py:190} INFO - [2025-07-02T15:33:16.117+0000] {dag.py:3239} INFO - Sync 1 DAGs
[2025-07-02T15:33:16.152+0000] {logging_mixin.py:190} INFO - [2025-07-02T15:33:16.151+0000] {dag.py:4180} INFO - Setting next_dagrun for extract_raw_data_pipeline to 2025-07-02 07:59:00+00:00, run_after=2025-07-03 07:00:00+00:00
[2025-07-02T15:33:16.189+0000] {processor.py:208} INFO - Processing /opt/airflow/dags/driven_data_pipeline.py took 0.716 seconds
[2025-07-02T15:33:46.445+0000] {processor.py:186} INFO - Started process (PID=287) to work on /opt/airflow/dags/driven_data_pipeline.py
[2025-07-02T15:33:46.448+0000] {processor.py:914} INFO - Processing file /opt/airflow/dags/driven_data_pipeline.py for tasks to queue
[2025-07-02T15:33:46.452+0000] {logging_mixin.py:190} INFO - [2025-07-02T15:33:46.451+0000] {dagbag.py:588} INFO - Filling up the DagBag from /opt/airflow/dags/driven_data_pipeline.py
[2025-07-02T15:33:46.750+0000] {processor.py:925} INFO - DAG(s) 'extract_raw_data_pipeline' retrieved from /opt/airflow/dags/driven_data_pipeline.py
[2025-07-02T15:33:46.787+0000] {logging_mixin.py:190} INFO - [2025-07-02T15:33:46.787+0000] {dag.py:3239} INFO - Sync 1 DAGs
[2025-07-02T15:33:46.820+0000] {logging_mixin.py:190} INFO - [2025-07-02T15:33:46.819+0000] {dag.py:4180} INFO - Setting next_dagrun for extract_raw_data_pipeline to 2025-07-02 07:59:00+00:00, run_after=2025-07-03 07:00:00+00:00
[2025-07-02T15:33:46.890+0000] {processor.py:208} INFO - Processing /opt/airflow/dags/driven_data_pipeline.py took 0.456 seconds
[2025-07-02T15:34:16.989+0000] {processor.py:186} INFO - Started process (PID=289) to work on /opt/airflow/dags/driven_data_pipeline.py
[2025-07-02T15:34:16.991+0000] {processor.py:914} INFO - Processing file /opt/airflow/dags/driven_data_pipeline.py for tasks to queue
[2025-07-02T15:34:16.996+0000] {logging_mixin.py:190} INFO - [2025-07-02T15:34:16.996+0000] {dagbag.py:588} INFO - Filling up the DagBag from /opt/airflow/dags/driven_data_pipeline.py
[2025-07-02T15:34:17.312+0000] {processor.py:925} INFO - DAG(s) 'extract_raw_data_pipeline' retrieved from /opt/airflow/dags/driven_data_pipeline.py
[2025-07-02T15:34:17.356+0000] {logging_mixin.py:190} INFO - [2025-07-02T15:34:17.355+0000] {dag.py:3239} INFO - Sync 1 DAGs
[2025-07-02T15:34:17.390+0000] {logging_mixin.py:190} INFO - [2025-07-02T15:34:17.389+0000] {dag.py:4180} INFO - Setting next_dagrun for extract_raw_data_pipeline to 2025-07-02 07:59:00+00:00, run_after=2025-07-03 07:00:00+00:00
[2025-07-02T15:34:17.422+0000] {processor.py:208} INFO - Processing /opt/airflow/dags/driven_data_pipeline.py took 0.444 seconds
[2025-07-02T15:34:47.650+0000] {processor.py:186} INFO - Started process (PID=297) to work on /opt/airflow/dags/driven_data_pipeline.py
[2025-07-02T15:34:47.652+0000] {processor.py:914} INFO - Processing file /opt/airflow/dags/driven_data_pipeline.py for tasks to queue
[2025-07-02T15:34:47.656+0000] {logging_mixin.py:190} INFO - [2025-07-02T15:34:47.656+0000] {dagbag.py:588} INFO - Filling up the DagBag from /opt/airflow/dags/driven_data_pipeline.py
[2025-07-02T15:34:47.976+0000] {processor.py:925} INFO - DAG(s) 'extract_raw_data_pipeline' retrieved from /opt/airflow/dags/driven_data_pipeline.py
[2025-07-02T15:34:48.012+0000] {logging_mixin.py:190} INFO - [2025-07-02T15:34:48.011+0000] {dag.py:3239} INFO - Sync 1 DAGs
[2025-07-02T15:34:48.038+0000] {logging_mixin.py:190} INFO - [2025-07-02T15:34:48.037+0000] {dag.py:4180} INFO - Setting next_dagrun for extract_raw_data_pipeline to 2025-07-02 07:59:00+00:00, run_after=2025-07-03 07:00:00+00:00
[2025-07-02T15:34:48.064+0000] {processor.py:208} INFO - Processing /opt/airflow/dags/driven_data_pipeline.py took 0.424 seconds
[2025-07-02T15:35:18.459+0000] {processor.py:186} INFO - Started process (PID=305) to work on /opt/airflow/dags/driven_data_pipeline.py
[2025-07-02T15:35:18.461+0000] {processor.py:914} INFO - Processing file /opt/airflow/dags/driven_data_pipeline.py for tasks to queue
[2025-07-02T15:35:18.467+0000] {logging_mixin.py:190} INFO - [2025-07-02T15:35:18.466+0000] {dagbag.py:588} INFO - Filling up the DagBag from /opt/airflow/dags/driven_data_pipeline.py
[2025-07-02T15:35:18.876+0000] {processor.py:925} INFO - DAG(s) 'extract_raw_data_pipeline' retrieved from /opt/airflow/dags/driven_data_pipeline.py
[2025-07-02T15:35:18.970+0000] {logging_mixin.py:190} INFO - [2025-07-02T15:35:18.969+0000] {dag.py:3239} INFO - Sync 1 DAGs
[2025-07-02T15:35:19.016+0000] {logging_mixin.py:190} INFO - [2025-07-02T15:35:19.016+0000] {dag.py:4180} INFO - Setting next_dagrun for extract_raw_data_pipeline to 2025-07-02 07:59:00+00:00, run_after=2025-07-03 07:00:00+00:00
[2025-07-02T15:35:19.049+0000] {processor.py:208} INFO - Processing /opt/airflow/dags/driven_data_pipeline.py took 0.600 seconds
[2025-07-02T15:35:49.518+0000] {processor.py:186} INFO - Started process (PID=313) to work on /opt/airflow/dags/driven_data_pipeline.py
[2025-07-02T15:35:49.521+0000] {processor.py:914} INFO - Processing file /opt/airflow/dags/driven_data_pipeline.py for tasks to queue
[2025-07-02T15:35:49.527+0000] {logging_mixin.py:190} INFO - [2025-07-02T15:35:49.526+0000] {dagbag.py:588} INFO - Filling up the DagBag from /opt/airflow/dags/driven_data_pipeline.py
[2025-07-02T15:35:49.900+0000] {processor.py:925} INFO - DAG(s) 'extract_raw_data_pipeline' retrieved from /opt/airflow/dags/driven_data_pipeline.py
[2025-07-02T15:35:49.949+0000] {logging_mixin.py:190} INFO - [2025-07-02T15:35:49.948+0000] {dag.py:3239} INFO - Sync 1 DAGs
[2025-07-02T15:35:49.989+0000] {logging_mixin.py:190} INFO - [2025-07-02T15:35:49.989+0000] {dag.py:4180} INFO - Setting next_dagrun for extract_raw_data_pipeline to 2025-07-02 07:59:00+00:00, run_after=2025-07-03 07:00:00+00:00
[2025-07-02T15:35:50.025+0000] {processor.py:208} INFO - Processing /opt/airflow/dags/driven_data_pipeline.py took 0.518 seconds
[2025-07-02T15:36:20.523+0000] {processor.py:186} INFO - Started process (PID=321) to work on /opt/airflow/dags/driven_data_pipeline.py
[2025-07-02T15:36:20.525+0000] {processor.py:914} INFO - Processing file /opt/airflow/dags/driven_data_pipeline.py for tasks to queue
[2025-07-02T15:36:20.530+0000] {logging_mixin.py:190} INFO - [2025-07-02T15:36:20.529+0000] {dagbag.py:588} INFO - Filling up the DagBag from /opt/airflow/dags/driven_data_pipeline.py
[2025-07-02T15:36:21.084+0000] {processor.py:925} INFO - DAG(s) 'extract_raw_data_pipeline' retrieved from /opt/airflow/dags/driven_data_pipeline.py
[2025-07-02T15:36:21.138+0000] {logging_mixin.py:190} INFO - [2025-07-02T15:36:21.136+0000] {dag.py:3239} INFO - Sync 1 DAGs
[2025-07-02T15:36:21.220+0000] {logging_mixin.py:190} INFO - [2025-07-02T15:36:21.220+0000] {dag.py:4180} INFO - Setting next_dagrun for extract_raw_data_pipeline to 2025-07-02 07:59:00+00:00, run_after=2025-07-03 07:00:00+00:00
[2025-07-02T15:36:21.256+0000] {processor.py:208} INFO - Processing /opt/airflow/dags/driven_data_pipeline.py took 0.744 seconds
[2025-07-02T15:36:51.678+0000] {processor.py:186} INFO - Started process (PID=329) to work on /opt/airflow/dags/driven_data_pipeline.py
[2025-07-02T15:36:51.680+0000] {processor.py:914} INFO - Processing file /opt/airflow/dags/driven_data_pipeline.py for tasks to queue
[2025-07-02T15:36:51.687+0000] {logging_mixin.py:190} INFO - [2025-07-02T15:36:51.685+0000] {dagbag.py:588} INFO - Filling up the DagBag from /opt/airflow/dags/driven_data_pipeline.py
[2025-07-02T15:36:52.648+0000] {processor.py:925} INFO - DAG(s) 'extract_raw_data_pipeline' retrieved from /opt/airflow/dags/driven_data_pipeline.py
[2025-07-02T15:36:52.728+0000] {logging_mixin.py:190} INFO - [2025-07-02T15:36:52.727+0000] {dag.py:3239} INFO - Sync 1 DAGs
[2025-07-02T15:36:52.771+0000] {logging_mixin.py:190} INFO - [2025-07-02T15:36:52.770+0000] {dag.py:4180} INFO - Setting next_dagrun for extract_raw_data_pipeline to 2025-07-02 07:59:00+00:00, run_after=2025-07-03 07:00:00+00:00
[2025-07-02T15:36:52.807+0000] {processor.py:208} INFO - Processing /opt/airflow/dags/driven_data_pipeline.py took 1.144 seconds
[2025-07-02T15:37:23.361+0000] {processor.py:186} INFO - Started process (PID=337) to work on /opt/airflow/dags/driven_data_pipeline.py
[2025-07-02T15:37:23.365+0000] {processor.py:914} INFO - Processing file /opt/airflow/dags/driven_data_pipeline.py for tasks to queue
[2025-07-02T15:37:23.371+0000] {logging_mixin.py:190} INFO - [2025-07-02T15:37:23.370+0000] {dagbag.py:588} INFO - Filling up the DagBag from /opt/airflow/dags/driven_data_pipeline.py
[2025-07-02T15:37:24.335+0000] {processor.py:925} INFO - DAG(s) 'extract_raw_data_pipeline' retrieved from /opt/airflow/dags/driven_data_pipeline.py
[2025-07-02T15:37:24.379+0000] {logging_mixin.py:190} INFO - [2025-07-02T15:37:24.379+0000] {dag.py:3239} INFO - Sync 1 DAGs
[2025-07-02T15:37:24.418+0000] {logging_mixin.py:190} INFO - [2025-07-02T15:37:24.418+0000] {dag.py:4180} INFO - Setting next_dagrun for extract_raw_data_pipeline to 2025-07-02 07:59:00+00:00, run_after=2025-07-03 07:00:00+00:00
[2025-07-02T15:37:24.451+0000] {processor.py:208} INFO - Processing /opt/airflow/dags/driven_data_pipeline.py took 1.134 seconds
[2025-07-02T15:37:54.908+0000] {processor.py:186} INFO - Started process (PID=345) to work on /opt/airflow/dags/driven_data_pipeline.py
[2025-07-02T15:37:54.913+0000] {processor.py:914} INFO - Processing file /opt/airflow/dags/driven_data_pipeline.py for tasks to queue
[2025-07-02T15:37:54.917+0000] {logging_mixin.py:190} INFO - [2025-07-02T15:37:54.917+0000] {dagbag.py:588} INFO - Filling up the DagBag from /opt/airflow/dags/driven_data_pipeline.py
[2025-07-02T15:37:55.777+0000] {processor.py:925} INFO - DAG(s) 'extract_raw_data_pipeline' retrieved from /opt/airflow/dags/driven_data_pipeline.py
[2025-07-02T15:37:55.872+0000] {logging_mixin.py:190} INFO - [2025-07-02T15:37:55.871+0000] {dag.py:3239} INFO - Sync 1 DAGs
[2025-07-02T15:37:55.901+0000] {logging_mixin.py:190} INFO - [2025-07-02T15:37:55.901+0000] {dag.py:4180} INFO - Setting next_dagrun for extract_raw_data_pipeline to 2025-07-02 07:59:00+00:00, run_after=2025-07-03 07:00:00+00:00
[2025-07-02T15:37:55.926+0000] {processor.py:208} INFO - Processing /opt/airflow/dags/driven_data_pipeline.py took 1.030 seconds
[2025-07-02T15:38:26.451+0000] {processor.py:186} INFO - Started process (PID=353) to work on /opt/airflow/dags/driven_data_pipeline.py
[2025-07-02T15:38:26.455+0000] {processor.py:914} INFO - Processing file /opt/airflow/dags/driven_data_pipeline.py for tasks to queue
[2025-07-02T15:38:26.462+0000] {logging_mixin.py:190} INFO - [2025-07-02T15:38:26.460+0000] {dagbag.py:588} INFO - Filling up the DagBag from /opt/airflow/dags/driven_data_pipeline.py
[2025-07-02T15:38:27.501+0000] {processor.py:925} INFO - DAG(s) 'extract_raw_data_pipeline' retrieved from /opt/airflow/dags/driven_data_pipeline.py
[2025-07-02T15:38:27.569+0000] {logging_mixin.py:190} INFO - [2025-07-02T15:38:27.568+0000] {dag.py:3239} INFO - Sync 1 DAGs
[2025-07-02T15:38:27.613+0000] {logging_mixin.py:190} INFO - [2025-07-02T15:38:27.612+0000] {dag.py:4180} INFO - Setting next_dagrun for extract_raw_data_pipeline to 2025-07-02 07:59:00+00:00, run_after=2025-07-03 07:00:00+00:00
[2025-07-02T15:38:27.663+0000] {processor.py:208} INFO - Processing /opt/airflow/dags/driven_data_pipeline.py took 1.229 seconds
[2025-07-02T15:38:57.968+0000] {processor.py:186} INFO - Started process (PID=362) to work on /opt/airflow/dags/driven_data_pipeline.py
[2025-07-02T15:38:57.971+0000] {processor.py:914} INFO - Processing file /opt/airflow/dags/driven_data_pipeline.py for tasks to queue
[2025-07-02T15:38:57.978+0000] {logging_mixin.py:190} INFO - [2025-07-02T15:38:57.977+0000] {dagbag.py:588} INFO - Filling up the DagBag from /opt/airflow/dags/driven_data_pipeline.py
[2025-07-02T15:38:58.699+0000] {processor.py:925} INFO - DAG(s) 'extract_raw_data_pipeline' retrieved from /opt/airflow/dags/driven_data_pipeline.py
[2025-07-02T15:38:58.757+0000] {logging_mixin.py:190} INFO - [2025-07-02T15:38:58.756+0000] {dag.py:3239} INFO - Sync 1 DAGs
[2025-07-02T15:38:58.809+0000] {logging_mixin.py:190} INFO - [2025-07-02T15:38:58.809+0000] {dag.py:4180} INFO - Setting next_dagrun for extract_raw_data_pipeline to 2025-07-02 07:59:00+00:00, run_after=2025-07-03 07:00:00+00:00
[2025-07-02T15:38:58.848+0000] {processor.py:208} INFO - Processing /opt/airflow/dags/driven_data_pipeline.py took 0.894 seconds
[2025-07-02T15:39:42.274+0000] {processor.py:186} INFO - Started process (PID=370) to work on /opt/airflow/dags/driven_data_pipeline.py
[2025-07-02T15:39:42.280+0000] {processor.py:914} INFO - Processing file /opt/airflow/dags/driven_data_pipeline.py for tasks to queue
[2025-07-02T15:39:42.300+0000] {logging_mixin.py:190} INFO - [2025-07-02T15:39:42.291+0000] {dagbag.py:588} INFO - Filling up the DagBag from /opt/airflow/dags/driven_data_pipeline.py
[2025-07-02T15:39:43.987+0000] {processor.py:925} INFO - DAG(s) 'extract_raw_data_pipeline' retrieved from /opt/airflow/dags/driven_data_pipeline.py
[2025-07-02T15:39:44.101+0000] {logging_mixin.py:190} INFO - [2025-07-02T15:39:44.100+0000] {dag.py:3239} INFO - Sync 1 DAGs
[2025-07-02T15:39:44.338+0000] {logging_mixin.py:190} INFO - [2025-07-02T15:39:44.338+0000] {dag.py:4180} INFO - Setting next_dagrun for extract_raw_data_pipeline to 2025-07-02 07:59:00+00:00, run_after=2025-07-03 07:00:00+00:00
[2025-07-02T15:39:44.420+0000] {processor.py:208} INFO - Processing /opt/airflow/dags/driven_data_pipeline.py took 2.195 seconds
[2025-07-02T15:40:14.692+0000] {processor.py:186} INFO - Started process (PID=378) to work on /opt/airflow/dags/driven_data_pipeline.py
[2025-07-02T15:40:14.697+0000] {processor.py:914} INFO - Processing file /opt/airflow/dags/driven_data_pipeline.py for tasks to queue
[2025-07-02T15:40:14.704+0000] {logging_mixin.py:190} INFO - [2025-07-02T15:40:14.702+0000] {dagbag.py:588} INFO - Filling up the DagBag from /opt/airflow/dags/driven_data_pipeline.py
[2025-07-02T15:40:15.643+0000] {processor.py:925} INFO - DAG(s) 'extract_raw_data_pipeline' retrieved from /opt/airflow/dags/driven_data_pipeline.py
[2025-07-02T15:40:15.704+0000] {logging_mixin.py:190} INFO - [2025-07-02T15:40:15.704+0000] {dag.py:3239} INFO - Sync 1 DAGs
[2025-07-02T15:40:15.737+0000] {logging_mixin.py:190} INFO - [2025-07-02T15:40:15.737+0000] {dag.py:4180} INFO - Setting next_dagrun for extract_raw_data_pipeline to 2025-07-02 07:59:00+00:00, run_after=2025-07-03 07:00:00+00:00
[2025-07-02T15:40:15.772+0000] {processor.py:208} INFO - Processing /opt/airflow/dags/driven_data_pipeline.py took 1.099 seconds
[2025-07-02T15:40:46.617+0000] {processor.py:186} INFO - Started process (PID=385) to work on /opt/airflow/dags/driven_data_pipeline.py
[2025-07-02T15:40:46.621+0000] {processor.py:914} INFO - Processing file /opt/airflow/dags/driven_data_pipeline.py for tasks to queue
[2025-07-02T15:40:46.626+0000] {logging_mixin.py:190} INFO - [2025-07-02T15:40:46.625+0000] {dagbag.py:588} INFO - Filling up the DagBag from /opt/airflow/dags/driven_data_pipeline.py
[2025-07-02T15:40:47.502+0000] {processor.py:925} INFO - DAG(s) 'extract_raw_data_pipeline' retrieved from /opt/airflow/dags/driven_data_pipeline.py
[2025-07-02T15:40:47.552+0000] {logging_mixin.py:190} INFO - [2025-07-02T15:40:47.552+0000] {dag.py:3239} INFO - Sync 1 DAGs
[2025-07-02T15:40:47.589+0000] {logging_mixin.py:190} INFO - [2025-07-02T15:40:47.589+0000] {dag.py:4180} INFO - Setting next_dagrun for extract_raw_data_pipeline to 2025-07-02 07:59:00+00:00, run_after=2025-07-03 07:00:00+00:00
[2025-07-02T15:40:47.625+0000] {processor.py:208} INFO - Processing /opt/airflow/dags/driven_data_pipeline.py took 1.021 seconds
[2025-07-02T15:41:18.434+0000] {processor.py:186} INFO - Started process (PID=393) to work on /opt/airflow/dags/driven_data_pipeline.py
[2025-07-02T15:41:18.436+0000] {processor.py:914} INFO - Processing file /opt/airflow/dags/driven_data_pipeline.py for tasks to queue
[2025-07-02T15:41:18.442+0000] {logging_mixin.py:190} INFO - [2025-07-02T15:41:18.441+0000] {dagbag.py:588} INFO - Filling up the DagBag from /opt/airflow/dags/driven_data_pipeline.py
[2025-07-02T15:41:19.677+0000] {processor.py:925} INFO - DAG(s) 'extract_raw_data_pipeline' retrieved from /opt/airflow/dags/driven_data_pipeline.py
[2025-07-02T15:41:19.917+0000] {logging_mixin.py:190} INFO - [2025-07-02T15:41:19.907+0000] {dag.py:3239} INFO - Sync 1 DAGs
[2025-07-02T15:41:19.995+0000] {logging_mixin.py:190} INFO - [2025-07-02T15:41:19.992+0000] {dag.py:4180} INFO - Setting next_dagrun for extract_raw_data_pipeline to 2025-07-02 07:59:00+00:00, run_after=2025-07-03 07:00:00+00:00
[2025-07-02T15:41:20.100+0000] {processor.py:208} INFO - Processing /opt/airflow/dags/driven_data_pipeline.py took 1.679 seconds
[2025-07-02T15:41:50.328+0000] {processor.py:186} INFO - Started process (PID=401) to work on /opt/airflow/dags/driven_data_pipeline.py
[2025-07-02T15:41:50.330+0000] {processor.py:914} INFO - Processing file /opt/airflow/dags/driven_data_pipeline.py for tasks to queue
[2025-07-02T15:41:50.334+0000] {logging_mixin.py:190} INFO - [2025-07-02T15:41:50.334+0000] {dagbag.py:588} INFO - Filling up the DagBag from /opt/airflow/dags/driven_data_pipeline.py
[2025-07-02T15:41:51.437+0000] {processor.py:925} INFO - DAG(s) 'extract_raw_data_pipeline' retrieved from /opt/airflow/dags/driven_data_pipeline.py
[2025-07-02T15:41:51.499+0000] {logging_mixin.py:190} INFO - [2025-07-02T15:41:51.498+0000] {dag.py:3239} INFO - Sync 1 DAGs
[2025-07-02T15:41:51.546+0000] {logging_mixin.py:190} INFO - [2025-07-02T15:41:51.545+0000] {dag.py:4180} INFO - Setting next_dagrun for extract_raw_data_pipeline to 2025-07-02 07:59:00+00:00, run_after=2025-07-03 07:00:00+00:00
[2025-07-02T15:41:51.584+0000] {processor.py:208} INFO - Processing /opt/airflow/dags/driven_data_pipeline.py took 1.269 seconds
[2025-07-02T15:42:22.172+0000] {processor.py:186} INFO - Started process (PID=411) to work on /opt/airflow/dags/driven_data_pipeline.py
[2025-07-02T15:42:22.173+0000] {processor.py:914} INFO - Processing file /opt/airflow/dags/driven_data_pipeline.py for tasks to queue
[2025-07-02T15:42:22.178+0000] {logging_mixin.py:190} INFO - [2025-07-02T15:42:22.177+0000] {dagbag.py:588} INFO - Filling up the DagBag from /opt/airflow/dags/driven_data_pipeline.py
[2025-07-02T15:42:22.937+0000] {processor.py:925} INFO - DAG(s) 'extract_raw_data_pipeline' retrieved from /opt/airflow/dags/driven_data_pipeline.py
[2025-07-02T15:42:22.985+0000] {logging_mixin.py:190} INFO - [2025-07-02T15:42:22.985+0000] {dag.py:3239} INFO - Sync 1 DAGs
[2025-07-02T15:42:23.016+0000] {logging_mixin.py:190} INFO - [2025-07-02T15:42:23.015+0000] {dag.py:4180} INFO - Setting next_dagrun for extract_raw_data_pipeline to 2025-07-02 07:59:00+00:00, run_after=2025-07-03 07:00:00+00:00
[2025-07-02T15:42:23.043+0000] {processor.py:208} INFO - Processing /opt/airflow/dags/driven_data_pipeline.py took 0.883 seconds
[2025-07-02T15:42:53.276+0000] {processor.py:186} INFO - Started process (PID=419) to work on /opt/airflow/dags/driven_data_pipeline.py
[2025-07-02T15:42:53.278+0000] {processor.py:914} INFO - Processing file /opt/airflow/dags/driven_data_pipeline.py for tasks to queue
[2025-07-02T15:42:53.285+0000] {logging_mixin.py:190} INFO - [2025-07-02T15:42:53.283+0000] {dagbag.py:588} INFO - Filling up the DagBag from /opt/airflow/dags/driven_data_pipeline.py
[2025-07-02T15:42:54.016+0000] {processor.py:925} INFO - DAG(s) 'extract_raw_data_pipeline' retrieved from /opt/airflow/dags/driven_data_pipeline.py
[2025-07-02T15:42:54.059+0000] {logging_mixin.py:190} INFO - [2025-07-02T15:42:54.058+0000] {dag.py:3239} INFO - Sync 1 DAGs
[2025-07-02T15:42:54.086+0000] {logging_mixin.py:190} INFO - [2025-07-02T15:42:54.086+0000] {dag.py:4180} INFO - Setting next_dagrun for extract_raw_data_pipeline to 2025-07-02 07:59:00+00:00, run_after=2025-07-03 07:00:00+00:00
[2025-07-02T15:42:54.113+0000] {processor.py:208} INFO - Processing /opt/airflow/dags/driven_data_pipeline.py took 0.849 seconds
[2025-07-02T15:43:24.252+0000] {processor.py:186} INFO - Started process (PID=427) to work on /opt/airflow/dags/driven_data_pipeline.py
[2025-07-02T15:43:24.255+0000] {processor.py:914} INFO - Processing file /opt/airflow/dags/driven_data_pipeline.py for tasks to queue
[2025-07-02T15:43:24.259+0000] {logging_mixin.py:190} INFO - [2025-07-02T15:43:24.259+0000] {dagbag.py:588} INFO - Filling up the DagBag from /opt/airflow/dags/driven_data_pipeline.py
[2025-07-02T15:43:26.446+0000] {processor.py:925} INFO - DAG(s) 'extract_raw_data_pipeline' retrieved from /opt/airflow/dags/driven_data_pipeline.py
[2025-07-02T15:43:26.484+0000] {logging_mixin.py:190} INFO - [2025-07-02T15:43:26.484+0000] {dag.py:3239} INFO - Sync 1 DAGs
[2025-07-02T15:43:26.510+0000] {logging_mixin.py:190} INFO - [2025-07-02T15:43:26.510+0000] {dag.py:4180} INFO - Setting next_dagrun for extract_raw_data_pipeline to 2025-07-02 07:59:00+00:00, run_after=2025-07-03 07:00:00+00:00
[2025-07-02T15:43:26.539+0000] {processor.py:208} INFO - Processing /opt/airflow/dags/driven_data_pipeline.py took 0.801 seconds
