[0m01:53:44.749457 [debug] [MainThread]: Sending event: {'category': 'dbt', 'action': 'invocation', 'label': 'start', 'context': [<snowplow_tracker.self_describing_json.SelfDescribingJson object at 0x7f02d3a90320>, <snowplow_tracker.self_describing_json.SelfDescribingJson object at 0x7f02d41978f0>, <snowplow_tracker.self_describing_json.SelfDescribingJson object at 0x7f02d3a611c0>]}


============================== 01:53:44.760897 | a5a2c15d-a363-4223-8387-c07eefae45bc ==============================
[0m01:53:44.760897 [info ] [MainThread]: Running with dbt=1.10.3
[0m01:53:44.763007 [debug] [MainThread]: running dbt with arguments {'printer_width': '80', 'indirect_selection': 'eager', 'write_json': 'True', 'log_cache_events': 'False', 'partial_parse': 'True', 'cache_selected_only': 'False', 'profiles_dir': '/opt/airflow/dbt', 'version_check': 'True', 'debug': 'False', 'log_path': '/opt/airflow/dbt/logs', 'warn_error': 'None', 'fail_fast': 'False', 'use_colors': 'True', 'use_experimental_parser': 'False', 'empty': 'False', 'quiet': 'False', 'no_print': 'None', 'log_format': 'default', 'introspect': 'True', 'invocation_command': 'dbt run --select tag:staging', 'static_parser': 'True', 'target_path': 'None', 'warn_error_options': 'WarnErrorOptionsV2(error=[], warn=[], silence=[])', 'send_anonymous_usage_stats': 'True'}
[0m01:53:44.778459 [error] [MainThread]: Encountered an error:
argument of type 'NoneType' is not iterable
[0m01:53:44.783149 [error] [MainThread]: Traceback (most recent call last):
  File "/home/airflow/.local/lib/python3.12/site-packages/dbt/cli/requires.py", line 161, in wrapper
    result, success = func(*args, **kwargs)
                      ^^^^^^^^^^^^^^^^^^^^^
  File "/home/airflow/.local/lib/python3.12/site-packages/dbt/cli/requires.py", line 111, in wrapper
    return func(*args, **kwargs)
           ^^^^^^^^^^^^^^^^^^^^^
  File "/home/airflow/.local/lib/python3.12/site-packages/dbt/cli/requires.py", line 251, in wrapper
    profile = load_profile(flags.PROJECT_DIR, flags.VARS, flags.PROFILE, flags.TARGET, threads)
              ^^^^^^^^^^^^^^^^^^^^^^^^^^^^^^^^^^^^^^^^^^^^^^^^^^^^^^^^^^^^^^^^^^^^^^^^^^^^^^^^^
  File "/home/airflow/.local/lib/python3.12/site-packages/dbt/config/runtime.py", line 78, in load_profile
    profile = Profile.render(
              ^^^^^^^^^^^^^^^
  File "/home/airflow/.local/lib/python3.12/site-packages/dbt/config/profile.py", line 402, in render
    return cls.from_raw_profiles(
           ^^^^^^^^^^^^^^^^^^^^^^
  File "/home/airflow/.local/lib/python3.12/site-packages/dbt/config/profile.py", line 368, in from_raw_profiles
    return cls.from_raw_profile_info(
           ^^^^^^^^^^^^^^^^^^^^^^^^^^
  File "/home/airflow/.local/lib/python3.12/site-packages/dbt/config/profile.py", line 314, in from_raw_profile_info
    target_name, profile_data = cls.render_profile(
                                ^^^^^^^^^^^^^^^^^^^
  File "/home/airflow/.local/lib/python3.12/site-packages/dbt/config/profile.py", line 280, in render_profile
    raw_profile_data = cls._get_profile_data(raw_profile, profile_name, target_name)
                       ^^^^^^^^^^^^^^^^^^^^^^^^^^^^^^^^^^^^^^^^^^^^^^^^^^^^^^^^^^^^^
  File "/home/airflow/.local/lib/python3.12/site-packages/dbt/config/profile.py", line 205, in _get_profile_data
    if target_name not in outputs:
       ^^^^^^^^^^^^^^^^^^^^^^^^^^
TypeError: argument of type 'NoneType' is not iterable

[0m01:53:44.785123 [debug] [MainThread]: Resource report: {"command_name": "run", "command_success": false, "command_wall_clock_time": 0.14461659, "process_in_blocks": "36280", "process_kernel_time": 0.775587, "process_mem_max_rss": "103484", "process_out_blocks": "1504", "process_user_time": 3.098246}
[0m01:53:44.786380 [debug] [MainThread]: Command `dbt run` failed at 01:53:44.786108 after 0.15 seconds
[0m01:53:44.787325 [debug] [MainThread]: Sending event: {'category': 'dbt', 'action': 'invocation', 'label': 'end', 'context': [<snowplow_tracker.self_describing_json.SelfDescribingJson object at 0x7f02d2e1fcb0>, <snowplow_tracker.self_describing_json.SelfDescribingJson object at 0x7f02d3197b60>, <snowplow_tracker.self_describing_json.SelfDescribingJson object at 0x7f02d3194fb0>]}
[0m01:53:44.788631 [debug] [MainThread]: Flushing usage events
[0m01:53:45.390232 [debug] [MainThread]: An error was encountered while trying to flush usage events
[0m03:01:59.126851 [debug] [MainThread]: Sending event: {'category': 'dbt', 'action': 'invocation', 'label': 'start', 'context': [<snowplow_tracker.self_describing_json.SelfDescribingJson object at 0x79f7bde48770>, <snowplow_tracker.self_describing_json.SelfDescribingJson object at 0x79f7be3d8500>, <snowplow_tracker.self_describing_json.SelfDescribingJson object at 0x79f7be0d3fb0>]}


============================== 03:01:59.168319 | bb41916f-bde5-49e1-8153-af515184356d ==============================
[0m03:01:59.168319 [info ] [MainThread]: Running with dbt=1.10.3
[0m03:01:59.171737 [debug] [MainThread]: running dbt with arguments {'printer_width': '80', 'indirect_selection': 'eager', 'write_json': 'True', 'log_cache_events': 'False', 'partial_parse': 'True', 'cache_selected_only': 'False', 'profiles_dir': '/opt/airflow/dbt', 'version_check': 'True', 'debug': 'False', 'log_path': '/opt/airflow/dbt/logs', 'warn_error': 'None', 'fail_fast': 'False', 'use_colors': 'True', 'use_experimental_parser': 'False', 'empty': 'False', 'quiet': 'False', 'no_print': 'None', 'warn_error_options': 'WarnErrorOptionsV2(error=[], warn=[], silence=[])', 'introspect': 'True', 'static_parser': 'True', 'invocation_command': 'dbt run --select tag:staging', 'target_path': 'None', 'log_format': 'default', 'send_anonymous_usage_stats': 'True'}
[0m03:01:59.199109 [error] [MainThread]: Encountered an error:
argument of type 'NoneType' is not iterable
[0m03:01:59.206362 [error] [MainThread]: Traceback (most recent call last):
  File "/home/airflow/.local/lib/python3.12/site-packages/dbt/cli/requires.py", line 161, in wrapper
    result, success = func(*args, **kwargs)
                      ^^^^^^^^^^^^^^^^^^^^^
  File "/home/airflow/.local/lib/python3.12/site-packages/dbt/cli/requires.py", line 111, in wrapper
    return func(*args, **kwargs)
           ^^^^^^^^^^^^^^^^^^^^^
  File "/home/airflow/.local/lib/python3.12/site-packages/dbt/cli/requires.py", line 251, in wrapper
    profile = load_profile(flags.PROJECT_DIR, flags.VARS, flags.PROFILE, flags.TARGET, threads)
              ^^^^^^^^^^^^^^^^^^^^^^^^^^^^^^^^^^^^^^^^^^^^^^^^^^^^^^^^^^^^^^^^^^^^^^^^^^^^^^^^^
  File "/home/airflow/.local/lib/python3.12/site-packages/dbt/config/runtime.py", line 78, in load_profile
    profile = Profile.render(
              ^^^^^^^^^^^^^^^
  File "/home/airflow/.local/lib/python3.12/site-packages/dbt/config/profile.py", line 402, in render
    return cls.from_raw_profiles(
           ^^^^^^^^^^^^^^^^^^^^^^
  File "/home/airflow/.local/lib/python3.12/site-packages/dbt/config/profile.py", line 368, in from_raw_profiles
    return cls.from_raw_profile_info(
           ^^^^^^^^^^^^^^^^^^^^^^^^^^
  File "/home/airflow/.local/lib/python3.12/site-packages/dbt/config/profile.py", line 314, in from_raw_profile_info
    target_name, profile_data = cls.render_profile(
                                ^^^^^^^^^^^^^^^^^^^
  File "/home/airflow/.local/lib/python3.12/site-packages/dbt/config/profile.py", line 280, in render_profile
    raw_profile_data = cls._get_profile_data(raw_profile, profile_name, target_name)
                       ^^^^^^^^^^^^^^^^^^^^^^^^^^^^^^^^^^^^^^^^^^^^^^^^^^^^^^^^^^^^^
  File "/home/airflow/.local/lib/python3.12/site-packages/dbt/config/profile.py", line 205, in _get_profile_data
    if target_name not in outputs:
       ^^^^^^^^^^^^^^^^^^^^^^^^^^
TypeError: argument of type 'NoneType' is not iterable

[0m03:01:59.210645 [debug] [MainThread]: Resource report: {"command_name": "run", "command_success": false, "command_wall_clock_time": 0.21507855, "process_in_blocks": "66544", "process_kernel_time": 0.94281, "process_mem_max_rss": "102792", "process_out_blocks": "1504", "process_user_time": 2.950345}
[0m03:01:59.212694 [debug] [MainThread]: Command `dbt run` failed at 03:01:59.212343 after 0.22 seconds
[0m03:01:59.214589 [debug] [MainThread]: Sending event: {'category': 'dbt', 'action': 'invocation', 'label': 'end', 'context': [<snowplow_tracker.self_describing_json.SelfDescribingJson object at 0x79f7be61e780>, <snowplow_tracker.self_describing_json.SelfDescribingJson object at 0x79f7c176b0e0>, <snowplow_tracker.self_describing_json.SelfDescribingJson object at 0x79f7be3d8500>]}
[0m03:01:59.217726 [debug] [MainThread]: Flushing usage events
[0m03:01:59.762273 [debug] [MainThread]: An error was encountered while trying to flush usage events
[0m04:07:09.700506 [debug] [MainThread]: Sending event: {'category': 'dbt', 'action': 'invocation', 'label': 'start', 'context': [<snowplow_tracker.self_describing_json.SelfDescribingJson object at 0x7e0b0efea2d0>, <snowplow_tracker.self_describing_json.SelfDescribingJson object at 0x7e0b1103a5d0>, <snowplow_tracker.self_describing_json.SelfDescribingJson object at 0x7e0b0efe9610>]}
[0m04:07:09.700480 [debug] [MainThread]: Sending event: {'category': 'dbt', 'action': 'invocation', 'label': 'start', 'context': [<snowplow_tracker.self_describing_json.SelfDescribingJson object at 0x7f2b7d8def90>, <snowplow_tracker.self_describing_json.SelfDescribingJson object at 0x7f2b7b0056d0>, <snowplow_tracker.self_describing_json.SelfDescribingJson object at 0x7f2b7b005d30>]}


============================== 04:07:09.715332 | ef68bcb2-d655-4900-bdea-cd8a4eb46a07 ==============================
[0m04:07:09.715332 [info ] [MainThread]: Running with dbt=1.10.3


============================== 04:07:09.715312 | 428d781a-7647-4c5a-90a3-e3f96a5c9b25 ==============================
[0m04:07:09.715312 [info ] [MainThread]: Running with dbt=1.10.3
[0m04:07:09.716816 [debug] [MainThread]: running dbt with arguments {'printer_width': '80', 'indirect_selection': 'eager', 'write_json': 'True', 'log_cache_events': 'False', 'partial_parse': 'True', 'cache_selected_only': 'False', 'profiles_dir': '/opt/airflow/dbt', 'fail_fast': 'False', 'debug': 'False', 'log_path': '/opt/airflow/dbt/logs', 'version_check': 'True', 'warn_error': 'None', 'use_colors': 'True', 'use_experimental_parser': 'False', 'no_print': 'None', 'quiet': 'False', 'empty': 'False', 'log_format': 'default', 'introspect': 'True', 'static_parser': 'True', 'invocation_command': 'dbt run --select tag:staging', 'target_path': 'None', 'warn_error_options': 'WarnErrorOptionsV2(error=[], warn=[], silence=[])', 'send_anonymous_usage_stats': 'True'}
[0m04:07:09.716864 [debug] [MainThread]: running dbt with arguments {'printer_width': '80', 'indirect_selection': 'eager', 'log_cache_events': 'False', 'write_json': 'True', 'partial_parse': 'True', 'cache_selected_only': 'False', 'profiles_dir': '/opt/airflow/dbt', 'fail_fast': 'False', 'warn_error': 'None', 'log_path': '/opt/airflow/dbt/logs', 'debug': 'False', 'version_check': 'True', 'use_colors': 'True', 'use_experimental_parser': 'False', 'no_print': 'None', 'quiet': 'False', 'empty': 'False', 'warn_error_options': 'WarnErrorOptionsV2(error=[], warn=[], silence=[])', 'introspect': 'True', 'static_parser': 'True', 'log_format': 'default', 'target_path': 'None', 'invocation_command': 'dbt run --select tag:staging', 'send_anonymous_usage_stats': 'True'}
[0m04:07:09.733399 [error] [MainThread]: Encountered an error:
argument of type 'NoneType' is not iterable
[0m04:07:09.735634 [error] [MainThread]: Encountered an error:
argument of type 'NoneType' is not iterable
[0m04:07:09.739404 [error] [MainThread]: Traceback (most recent call last):
  File "/home/airflow/.local/lib/python3.12/site-packages/dbt/cli/requires.py", line 161, in wrapper
    result, success = func(*args, **kwargs)
                      ^^^^^^^^^^^^^^^^^^^^^
  File "/home/airflow/.local/lib/python3.12/site-packages/dbt/cli/requires.py", line 111, in wrapper
    return func(*args, **kwargs)
           ^^^^^^^^^^^^^^^^^^^^^
  File "/home/airflow/.local/lib/python3.12/site-packages/dbt/cli/requires.py", line 251, in wrapper
    profile = load_profile(flags.PROJECT_DIR, flags.VARS, flags.PROFILE, flags.TARGET, threads)
              ^^^^^^^^^^^^^^^^^^^^^^^^^^^^^^^^^^^^^^^^^^^^^^^^^^^^^^^^^^^^^^^^^^^^^^^^^^^^^^^^^
  File "/home/airflow/.local/lib/python3.12/site-packages/dbt/config/runtime.py", line 78, in load_profile
    profile = Profile.render(
              ^^^^^^^^^^^^^^^
  File "/home/airflow/.local/lib/python3.12/site-packages/dbt/config/profile.py", line 402, in render
    return cls.from_raw_profiles(
           ^^^^^^^^^^^^^^^^^^^^^^
  File "/home/airflow/.local/lib/python3.12/site-packages/dbt/config/profile.py", line 368, in from_raw_profiles
    return cls.from_raw_profile_info(
           ^^^^^^^^^^^^^^^^^^^^^^^^^^
  File "/home/airflow/.local/lib/python3.12/site-packages/dbt/config/profile.py", line 314, in from_raw_profile_info
    target_name, profile_data = cls.render_profile(
                                ^^^^^^^^^^^^^^^^^^^
  File "/home/airflow/.local/lib/python3.12/site-packages/dbt/config/profile.py", line 280, in render_profile
    raw_profile_data = cls._get_profile_data(raw_profile, profile_name, target_name)
                       ^^^^^^^^^^^^^^^^^^^^^^^^^^^^^^^^^^^^^^^^^^^^^^^^^^^^^^^^^^^^^
  File "/home/airflow/.local/lib/python3.12/site-packages/dbt/config/profile.py", line 205, in _get_profile_data
    if target_name not in outputs:
       ^^^^^^^^^^^^^^^^^^^^^^^^^^
TypeError: argument of type 'NoneType' is not iterable

[0m04:07:09.739911 [error] [MainThread]: Traceback (most recent call last):
  File "/home/airflow/.local/lib/python3.12/site-packages/dbt/cli/requires.py", line 161, in wrapper
    result, success = func(*args, **kwargs)
                      ^^^^^^^^^^^^^^^^^^^^^
  File "/home/airflow/.local/lib/python3.12/site-packages/dbt/cli/requires.py", line 111, in wrapper
    return func(*args, **kwargs)
           ^^^^^^^^^^^^^^^^^^^^^
  File "/home/airflow/.local/lib/python3.12/site-packages/dbt/cli/requires.py", line 251, in wrapper
    profile = load_profile(flags.PROJECT_DIR, flags.VARS, flags.PROFILE, flags.TARGET, threads)
              ^^^^^^^^^^^^^^^^^^^^^^^^^^^^^^^^^^^^^^^^^^^^^^^^^^^^^^^^^^^^^^^^^^^^^^^^^^^^^^^^^
  File "/home/airflow/.local/lib/python3.12/site-packages/dbt/config/runtime.py", line 78, in load_profile
    profile = Profile.render(
              ^^^^^^^^^^^^^^^
  File "/home/airflow/.local/lib/python3.12/site-packages/dbt/config/profile.py", line 402, in render
    return cls.from_raw_profiles(
           ^^^^^^^^^^^^^^^^^^^^^^
  File "/home/airflow/.local/lib/python3.12/site-packages/dbt/config/profile.py", line 368, in from_raw_profiles
    return cls.from_raw_profile_info(
           ^^^^^^^^^^^^^^^^^^^^^^^^^^
  File "/home/airflow/.local/lib/python3.12/site-packages/dbt/config/profile.py", line 314, in from_raw_profile_info
    target_name, profile_data = cls.render_profile(
                                ^^^^^^^^^^^^^^^^^^^
  File "/home/airflow/.local/lib/python3.12/site-packages/dbt/config/profile.py", line 280, in render_profile
    raw_profile_data = cls._get_profile_data(raw_profile, profile_name, target_name)
                       ^^^^^^^^^^^^^^^^^^^^^^^^^^^^^^^^^^^^^^^^^^^^^^^^^^^^^^^^^^^^^
  File "/home/airflow/.local/lib/python3.12/site-packages/dbt/config/profile.py", line 205, in _get_profile_data
    if target_name not in outputs:
       ^^^^^^^^^^^^^^^^^^^^^^^^^^
TypeError: argument of type 'NoneType' is not iterable

[0m04:07:09.743484 [debug] [MainThread]: Resource report: {"command_name": "run", "command_success": false, "command_wall_clock_time": 0.1581931, "process_in_blocks": "35248", "process_kernel_time": 1.0141, "process_mem_max_rss": "103408", "process_out_blocks": "1496", "process_user_time": 3.761316}
[0m04:07:09.743664 [debug] [MainThread]: Resource report: {"command_name": "run", "command_success": false, "command_wall_clock_time": 0.15941596, "process_in_blocks": "28632", "process_kernel_time": 0.975535, "process_mem_max_rss": "103216", "process_out_blocks": "1504", "process_user_time": 3.781755}
[0m04:07:09.745191 [debug] [MainThread]: Command `dbt run` failed at 04:07:09.744888 after 0.16 seconds
[0m04:07:09.745180 [debug] [MainThread]: Command `dbt run` failed at 04:07:09.744834 after 0.16 seconds
[0m04:07:09.747030 [debug] [MainThread]: Sending event: {'category': 'dbt', 'action': 'invocation', 'label': 'end', 'context': [<snowplow_tracker.self_describing_json.SelfDescribingJson object at 0x7f2b7be04ef0>, <snowplow_tracker.self_describing_json.SelfDescribingJson object at 0x7f2b7b0631a0>, <snowplow_tracker.self_describing_json.SelfDescribingJson object at 0x7f2b7bb320c0>]}
[0m04:07:09.747044 [debug] [MainThread]: Sending event: {'category': 'dbt', 'action': 'invocation', 'label': 'end', 'context': [<snowplow_tracker.self_describing_json.SelfDescribingJson object at 0x7e0b0eddf890>, <snowplow_tracker.self_describing_json.SelfDescribingJson object at 0x7e0b0f051bb0>, <snowplow_tracker.self_describing_json.SelfDescribingJson object at 0x7e0b0f2a6cf0>]}
[0m04:07:09.748801 [debug] [MainThread]: Flushing usage events
[0m04:07:09.748760 [debug] [MainThread]: Flushing usage events
[0m04:07:10.385598 [debug] [MainThread]: An error was encountered while trying to flush usage events
[0m04:07:10.385837 [debug] [MainThread]: An error was encountered while trying to flush usage events
[0m04:19:46.136556 [debug] [MainThread]: Sending event: {'category': 'dbt', 'action': 'invocation', 'label': 'start', 'context': [<snowplow_tracker.self_describing_json.SelfDescribingJson object at 0x7198f480a480>, <snowplow_tracker.self_describing_json.SelfDescribingJson object at 0x7198f6a2b200>, <snowplow_tracker.self_describing_json.SelfDescribingJson object at 0x7198f4441e20>]}
[0m04:19:46.136546 [debug] [MainThread]: Sending event: {'category': 'dbt', 'action': 'invocation', 'label': 'start', 'context': [<snowplow_tracker.self_describing_json.SelfDescribingJson object at 0x7257839138f0>, <snowplow_tracker.self_describing_json.SelfDescribingJson object at 0x72578456bda0>, <snowplow_tracker.self_describing_json.SelfDescribingJson object at 0x725787007aa0>]}


============================== 04:19:46.146183 | d92f6db7-c901-4677-9a84-6c4e0a98eabf ==============================
[0m04:19:46.146183 [info ] [MainThread]: Running with dbt=1.10.3
[0m04:19:46.147106 [debug] [MainThread]: running dbt with arguments {'printer_width': '80', 'indirect_selection': 'eager', 'log_cache_events': 'False', 'write_json': 'True', 'partial_parse': 'True', 'cache_selected_only': 'False', 'profiles_dir': '/opt/airflow/dbt', 'debug': 'False', 'warn_error': 'None', 'log_path': '/opt/airflow/dbt/logs', 'version_check': 'True', 'fail_fast': 'False', 'use_colors': 'True', 'use_experimental_parser': 'False', 'no_print': 'None', 'quiet': 'False', 'empty': 'False', 'log_format': 'default', 'static_parser': 'True', 'warn_error_options': 'WarnErrorOptionsV2(error=[], warn=[], silence=[])', 'invocation_command': 'dbt run --select tag:staging', 'target_path': 'None', 'introspect': 'True', 'send_anonymous_usage_stats': 'True'}


============================== 04:19:46.147018 | 23741338-b0a6-4615-866a-b89cd789c3b9 ==============================
[0m04:19:46.147018 [info ] [MainThread]: Running with dbt=1.10.3
[0m04:19:46.147859 [debug] [MainThread]: running dbt with arguments {'printer_width': '80', 'indirect_selection': 'eager', 'write_json': 'True', 'log_cache_events': 'False', 'partial_parse': 'True', 'cache_selected_only': 'False', 'profiles_dir': '/opt/airflow/dbt', 'version_check': 'True', 'debug': 'False', 'log_path': '/opt/airflow/dbt/logs', 'fail_fast': 'False', 'warn_error': 'None', 'use_colors': 'True', 'use_experimental_parser': 'False', 'no_print': 'None', 'quiet': 'False', 'empty': 'False', 'warn_error_options': 'WarnErrorOptionsV2(error=[], warn=[], silence=[])', 'invocation_command': 'dbt run --select tag:staging', 'static_parser': 'True', 'log_format': 'default', 'target_path': 'None', 'introspect': 'True', 'send_anonymous_usage_stats': 'True'}
[0m04:19:46.156664 [error] [MainThread]: Encountered an error:
argument of type 'NoneType' is not iterable
[0m04:19:46.156865 [error] [MainThread]: Encountered an error:
argument of type 'NoneType' is not iterable
[0m04:19:46.160684 [error] [MainThread]: Traceback (most recent call last):
  File "/home/airflow/.local/lib/python3.12/site-packages/dbt/cli/requires.py", line 161, in wrapper
    result, success = func(*args, **kwargs)
                      ^^^^^^^^^^^^^^^^^^^^^
  File "/home/airflow/.local/lib/python3.12/site-packages/dbt/cli/requires.py", line 111, in wrapper
    return func(*args, **kwargs)
           ^^^^^^^^^^^^^^^^^^^^^
  File "/home/airflow/.local/lib/python3.12/site-packages/dbt/cli/requires.py", line 251, in wrapper
    profile = load_profile(flags.PROJECT_DIR, flags.VARS, flags.PROFILE, flags.TARGET, threads)
              ^^^^^^^^^^^^^^^^^^^^^^^^^^^^^^^^^^^^^^^^^^^^^^^^^^^^^^^^^^^^^^^^^^^^^^^^^^^^^^^^^
  File "/home/airflow/.local/lib/python3.12/site-packages/dbt/config/runtime.py", line 78, in load_profile
    profile = Profile.render(
              ^^^^^^^^^^^^^^^
  File "/home/airflow/.local/lib/python3.12/site-packages/dbt/config/profile.py", line 402, in render
    return cls.from_raw_profiles(
           ^^^^^^^^^^^^^^^^^^^^^^
  File "/home/airflow/.local/lib/python3.12/site-packages/dbt/config/profile.py", line 368, in from_raw_profiles
    return cls.from_raw_profile_info(
           ^^^^^^^^^^^^^^^^^^^^^^^^^^
  File "/home/airflow/.local/lib/python3.12/site-packages/dbt/config/profile.py", line 314, in from_raw_profile_info
    target_name, profile_data = cls.render_profile(
                                ^^^^^^^^^^^^^^^^^^^
  File "/home/airflow/.local/lib/python3.12/site-packages/dbt/config/profile.py", line 280, in render_profile
    raw_profile_data = cls._get_profile_data(raw_profile, profile_name, target_name)
                       ^^^^^^^^^^^^^^^^^^^^^^^^^^^^^^^^^^^^^^^^^^^^^^^^^^^^^^^^^^^^^
  File "/home/airflow/.local/lib/python3.12/site-packages/dbt/config/profile.py", line 205, in _get_profile_data
    if target_name not in outputs:
       ^^^^^^^^^^^^^^^^^^^^^^^^^^
TypeError: argument of type 'NoneType' is not iterable

[0m04:19:46.160680 [error] [MainThread]: Traceback (most recent call last):
  File "/home/airflow/.local/lib/python3.12/site-packages/dbt/cli/requires.py", line 161, in wrapper
    result, success = func(*args, **kwargs)
                      ^^^^^^^^^^^^^^^^^^^^^
  File "/home/airflow/.local/lib/python3.12/site-packages/dbt/cli/requires.py", line 111, in wrapper
    return func(*args, **kwargs)
           ^^^^^^^^^^^^^^^^^^^^^
  File "/home/airflow/.local/lib/python3.12/site-packages/dbt/cli/requires.py", line 251, in wrapper
    profile = load_profile(flags.PROJECT_DIR, flags.VARS, flags.PROFILE, flags.TARGET, threads)
              ^^^^^^^^^^^^^^^^^^^^^^^^^^^^^^^^^^^^^^^^^^^^^^^^^^^^^^^^^^^^^^^^^^^^^^^^^^^^^^^^^
  File "/home/airflow/.local/lib/python3.12/site-packages/dbt/config/runtime.py", line 78, in load_profile
    profile = Profile.render(
              ^^^^^^^^^^^^^^^
  File "/home/airflow/.local/lib/python3.12/site-packages/dbt/config/profile.py", line 402, in render
    return cls.from_raw_profiles(
           ^^^^^^^^^^^^^^^^^^^^^^
  File "/home/airflow/.local/lib/python3.12/site-packages/dbt/config/profile.py", line 368, in from_raw_profiles
    return cls.from_raw_profile_info(
           ^^^^^^^^^^^^^^^^^^^^^^^^^^
  File "/home/airflow/.local/lib/python3.12/site-packages/dbt/config/profile.py", line 314, in from_raw_profile_info
    target_name, profile_data = cls.render_profile(
                                ^^^^^^^^^^^^^^^^^^^
  File "/home/airflow/.local/lib/python3.12/site-packages/dbt/config/profile.py", line 280, in render_profile
    raw_profile_data = cls._get_profile_data(raw_profile, profile_name, target_name)
                       ^^^^^^^^^^^^^^^^^^^^^^^^^^^^^^^^^^^^^^^^^^^^^^^^^^^^^^^^^^^^^
  File "/home/airflow/.local/lib/python3.12/site-packages/dbt/config/profile.py", line 205, in _get_profile_data
    if target_name not in outputs:
       ^^^^^^^^^^^^^^^^^^^^^^^^^^
TypeError: argument of type 'NoneType' is not iterable

[0m04:19:46.163551 [debug] [MainThread]: Resource report: {"command_name": "run", "command_success": false, "command_wall_clock_time": 0.14610341, "process_in_blocks": "18456", "process_kernel_time": 0.557983, "process_mem_max_rss": "103068", "process_out_blocks": "1496", "process_user_time": 2.336304}
[0m04:19:46.163556 [debug] [MainThread]: Resource report: {"command_name": "run", "command_success": false, "command_wall_clock_time": 0.14714816, "process_in_blocks": "32664", "process_kernel_time": 0.569229, "process_mem_max_rss": "104296", "process_out_blocks": "1504", "process_user_time": 2.320706}
[0m04:19:46.164756 [debug] [MainThread]: Command `dbt run` failed at 04:19:46.164593 after 0.15 seconds
[0m04:19:46.164866 [debug] [MainThread]: Command `dbt run` failed at 04:19:46.164707 after 0.15 seconds
[0m04:19:46.165483 [debug] [MainThread]: Sending event: {'category': 'dbt', 'action': 'invocation', 'label': 'end', 'context': [<snowplow_tracker.self_describing_json.SelfDescribingJson object at 0x7198f64597f0>, <snowplow_tracker.self_describing_json.SelfDescribingJson object at 0x7198f43a5df0>, <snowplow_tracker.self_describing_json.SelfDescribingJson object at 0x7198f3801280>]}
[0m04:19:46.165506 [debug] [MainThread]: Sending event: {'category': 'dbt', 'action': 'invocation', 'label': 'end', 'context': [<snowplow_tracker.self_describing_json.SelfDescribingJson object at 0x725783aebef0>, <snowplow_tracker.self_describing_json.SelfDescribingJson object at 0x725784071d60>, <snowplow_tracker.self_describing_json.SelfDescribingJson object at 0x7257871870e0>]}
[0m04:19:46.166396 [debug] [MainThread]: Flushing usage events
[0m04:19:46.166451 [debug] [MainThread]: Flushing usage events
[0m04:19:46.776806 [debug] [MainThread]: An error was encountered while trying to flush usage events
[0m04:19:46.776801 [debug] [MainThread]: An error was encountered while trying to flush usage events
[0m04:33:23.820112 [debug] [MainThread]: Sending event: {'category': 'dbt', 'action': 'invocation', 'label': 'start', 'context': [<snowplow_tracker.self_describing_json.SelfDescribingJson object at 0x7381a8e62480>, <snowplow_tracker.self_describing_json.SelfDescribingJson object at 0x7381a92e27e0>, <snowplow_tracker.self_describing_json.SelfDescribingJson object at 0x7381a9170cb0>]}


============================== 04:33:23.828496 | 20f36966-b826-4ef0-b35e-2021b710f0f3 ==============================
[0m04:33:23.828496 [info ] [MainThread]: Running with dbt=1.10.3
[0m04:33:23.829226 [debug] [MainThread]: running dbt with arguments {'printer_width': '80', 'indirect_selection': 'eager', 'log_cache_events': 'False', 'write_json': 'True', 'partial_parse': 'True', 'cache_selected_only': 'False', 'warn_error': 'None', 'debug': 'False', 'fail_fast': 'False', 'log_path': '/opt/airflow/dbt/logs', 'profiles_dir': '/opt/airflow/dbt', 'version_check': 'True', 'use_colors': 'True', 'use_experimental_parser': 'False', 'empty': 'False', 'quiet': 'False', 'no_print': 'None', 'log_format': 'default', 'static_parser': 'True', 'invocation_command': 'dbt run --select tag:staging', 'warn_error_options': 'WarnErrorOptionsV2(error=[], warn=[], silence=[])', 'target_path': 'None', 'introspect': 'True', 'send_anonymous_usage_stats': 'True'}
[0m04:33:23.836423 [error] [MainThread]: Encountered an error:
argument of type 'NoneType' is not iterable
[0m04:33:23.839846 [error] [MainThread]: Traceback (most recent call last):
  File "/home/airflow/.local/lib/python3.12/site-packages/dbt/cli/requires.py", line 161, in wrapper
    result, success = func(*args, **kwargs)
                      ^^^^^^^^^^^^^^^^^^^^^
  File "/home/airflow/.local/lib/python3.12/site-packages/dbt/cli/requires.py", line 111, in wrapper
    return func(*args, **kwargs)
           ^^^^^^^^^^^^^^^^^^^^^
  File "/home/airflow/.local/lib/python3.12/site-packages/dbt/cli/requires.py", line 251, in wrapper
    profile = load_profile(flags.PROJECT_DIR, flags.VARS, flags.PROFILE, flags.TARGET, threads)
              ^^^^^^^^^^^^^^^^^^^^^^^^^^^^^^^^^^^^^^^^^^^^^^^^^^^^^^^^^^^^^^^^^^^^^^^^^^^^^^^^^
  File "/home/airflow/.local/lib/python3.12/site-packages/dbt/config/runtime.py", line 78, in load_profile
    profile = Profile.render(
              ^^^^^^^^^^^^^^^
  File "/home/airflow/.local/lib/python3.12/site-packages/dbt/config/profile.py", line 402, in render
    return cls.from_raw_profiles(
           ^^^^^^^^^^^^^^^^^^^^^^
  File "/home/airflow/.local/lib/python3.12/site-packages/dbt/config/profile.py", line 368, in from_raw_profiles
    return cls.from_raw_profile_info(
           ^^^^^^^^^^^^^^^^^^^^^^^^^^
  File "/home/airflow/.local/lib/python3.12/site-packages/dbt/config/profile.py", line 314, in from_raw_profile_info
    target_name, profile_data = cls.render_profile(
                                ^^^^^^^^^^^^^^^^^^^
  File "/home/airflow/.local/lib/python3.12/site-packages/dbt/config/profile.py", line 280, in render_profile
    raw_profile_data = cls._get_profile_data(raw_profile, profile_name, target_name)
                       ^^^^^^^^^^^^^^^^^^^^^^^^^^^^^^^^^^^^^^^^^^^^^^^^^^^^^^^^^^^^^
  File "/home/airflow/.local/lib/python3.12/site-packages/dbt/config/profile.py", line 205, in _get_profile_data
    if target_name not in outputs:
       ^^^^^^^^^^^^^^^^^^^^^^^^^^
TypeError: argument of type 'NoneType' is not iterable

[0m04:33:23.842174 [debug] [MainThread]: Resource report: {"command_name": "run", "command_success": false, "command_wall_clock_time": 0.08692514, "process_in_blocks": "74912", "process_kernel_time": 0.528773, "process_mem_max_rss": "103780", "process_out_blocks": "1504", "process_user_time": 1.815864}
[0m04:33:23.843051 [debug] [MainThread]: Command `dbt run` failed at 04:33:23.842920 after 0.09 seconds
[0m04:33:23.843612 [debug] [MainThread]: Sending event: {'category': 'dbt', 'action': 'invocation', 'label': 'end', 'context': [<snowplow_tracker.self_describing_json.SelfDescribingJson object at 0x7381a7fe2d50>, <snowplow_tracker.self_describing_json.SelfDescribingJson object at 0x7381a92e27e0>, <snowplow_tracker.self_describing_json.SelfDescribingJson object at 0x7381ac5eb080>]}
[0m04:33:23.844798 [debug] [MainThread]: Flushing usage events
[0m04:33:24.440947 [debug] [MainThread]: An error was encountered while trying to flush usage events
[0m04:41:01.922497 [debug] [MainThread]: Sending event: {'category': 'dbt', 'action': 'invocation', 'label': 'start', 'context': [<snowplow_tracker.self_describing_json.SelfDescribingJson object at 0x7e15c0d4da00>, <snowplow_tracker.self_describing_json.SelfDescribingJson object at 0x7e15befb7a70>, <snowplow_tracker.self_describing_json.SelfDescribingJson object at 0x7e15befb55b0>]}


============================== 04:41:01.932577 | bdb557f0-5924-4000-b534-ad2e032d98bc ==============================
[0m04:41:01.932577 [info ] [MainThread]: Running with dbt=1.10.3
[0m04:41:01.933452 [debug] [MainThread]: running dbt with arguments {'printer_width': '80', 'indirect_selection': 'eager', 'write_json': 'True', 'log_cache_events': 'False', 'partial_parse': 'True', 'cache_selected_only': 'False', 'profiles_dir': '/opt/airflow/dbt', 'fail_fast': 'False', 'debug': 'False', 'log_path': '/opt/airflow/dbt/logs', 'warn_error': 'None', 'version_check': 'True', 'use_colors': 'True', 'use_experimental_parser': 'False', 'no_print': 'None', 'quiet': 'False', 'empty': 'False', 'warn_error_options': 'WarnErrorOptionsV2(error=[], warn=[], silence=[])', 'introspect': 'True', 'static_parser': 'True', 'log_format': 'default', 'target_path': 'None', 'invocation_command': 'dbt run --select tag:staging', 'send_anonymous_usage_stats': 'True'}
[0m04:41:01.940373 [error] [MainThread]: Encountered an error:
argument of type 'NoneType' is not iterable
[0m04:41:01.943166 [error] [MainThread]: Traceback (most recent call last):
  File "/home/airflow/.local/lib/python3.12/site-packages/dbt/cli/requires.py", line 161, in wrapper
    result, success = func(*args, **kwargs)
                      ^^^^^^^^^^^^^^^^^^^^^
  File "/home/airflow/.local/lib/python3.12/site-packages/dbt/cli/requires.py", line 111, in wrapper
    return func(*args, **kwargs)
           ^^^^^^^^^^^^^^^^^^^^^
  File "/home/airflow/.local/lib/python3.12/site-packages/dbt/cli/requires.py", line 251, in wrapper
    profile = load_profile(flags.PROJECT_DIR, flags.VARS, flags.PROFILE, flags.TARGET, threads)
              ^^^^^^^^^^^^^^^^^^^^^^^^^^^^^^^^^^^^^^^^^^^^^^^^^^^^^^^^^^^^^^^^^^^^^^^^^^^^^^^^^
  File "/home/airflow/.local/lib/python3.12/site-packages/dbt/config/runtime.py", line 78, in load_profile
    profile = Profile.render(
              ^^^^^^^^^^^^^^^
  File "/home/airflow/.local/lib/python3.12/site-packages/dbt/config/profile.py", line 402, in render
    return cls.from_raw_profiles(
           ^^^^^^^^^^^^^^^^^^^^^^
  File "/home/airflow/.local/lib/python3.12/site-packages/dbt/config/profile.py", line 368, in from_raw_profiles
    return cls.from_raw_profile_info(
           ^^^^^^^^^^^^^^^^^^^^^^^^^^
  File "/home/airflow/.local/lib/python3.12/site-packages/dbt/config/profile.py", line 314, in from_raw_profile_info
    target_name, profile_data = cls.render_profile(
                                ^^^^^^^^^^^^^^^^^^^
  File "/home/airflow/.local/lib/python3.12/site-packages/dbt/config/profile.py", line 280, in render_profile
    raw_profile_data = cls._get_profile_data(raw_profile, profile_name, target_name)
                       ^^^^^^^^^^^^^^^^^^^^^^^^^^^^^^^^^^^^^^^^^^^^^^^^^^^^^^^^^^^^^
  File "/home/airflow/.local/lib/python3.12/site-packages/dbt/config/profile.py", line 205, in _get_profile_data
    if target_name not in outputs:
       ^^^^^^^^^^^^^^^^^^^^^^^^^^
TypeError: argument of type 'NoneType' is not iterable

[0m04:41:01.945391 [debug] [MainThread]: Resource report: {"command_name": "run", "command_success": false, "command_wall_clock_time": 0.08827045, "process_in_blocks": "75000", "process_kernel_time": 0.554504, "process_mem_max_rss": "103244", "process_out_blocks": "0", "process_user_time": 1.920673}
[0m04:41:01.946096 [debug] [MainThread]: Command `dbt run` failed at 04:41:01.945980 after 0.09 seconds
[0m04:41:01.946730 [debug] [MainThread]: Sending event: {'category': 'dbt', 'action': 'invocation', 'label': 'end', 'context': [<snowplow_tracker.self_describing_json.SelfDescribingJson object at 0x7e15bfb0f740>, <snowplow_tracker.self_describing_json.SelfDescribingJson object at 0x7e15be4da510>, <snowplow_tracker.self_describing_json.SelfDescribingJson object at 0x7e15bf34b440>]}
[0m04:41:01.947640 [debug] [MainThread]: Flushing usage events
[0m04:41:02.521600 [debug] [MainThread]: An error was encountered while trying to flush usage events
[0m04:41:37.743383 [debug] [MainThread]: Sending event: {'category': 'dbt', 'action': 'invocation', 'label': 'start', 'context': [<snowplow_tracker.self_describing_json.SelfDescribingJson object at 0x7bee80869580>, <snowplow_tracker.self_describing_json.SelfDescribingJson object at 0x7bee809c6900>, <snowplow_tracker.self_describing_json.SelfDescribingJson object at 0x7bee8086b8f0>]}


============================== 04:41:37.763528 | fec5b8d2-9aaa-4869-863d-b40d6e57fdd3 ==============================
[0m04:41:37.763528 [info ] [MainThread]: Running with dbt=1.10.3
[0m04:41:37.766077 [debug] [MainThread]: running dbt with arguments {'printer_width': '80', 'indirect_selection': 'eager', 'write_json': 'True', 'log_cache_events': 'False', 'partial_parse': 'True', 'cache_selected_only': 'False', 'warn_error': 'None', 'version_check': 'True', 'debug': 'False', 'log_path': '/opt/airflow/dbt/logs', 'profiles_dir': '/opt/airflow/dbt', 'fail_fast': 'False', 'use_colors': 'True', 'use_experimental_parser': 'False', 'no_print': 'None', 'quiet': 'False', 'empty': 'False', 'log_format': 'default', 'static_parser': 'True', 'warn_error_options': 'WarnErrorOptionsV2(error=[], warn=[], silence=[])', 'introspect': 'True', 'target_path': 'None', 'invocation_command': 'dbt run --select tag:staging', 'send_anonymous_usage_stats': 'True'}
[0m04:41:37.778239 [error] [MainThread]: Encountered an error:
argument of type 'NoneType' is not iterable
[0m04:41:37.784285 [error] [MainThread]: Traceback (most recent call last):
  File "/home/airflow/.local/lib/python3.12/site-packages/dbt/cli/requires.py", line 161, in wrapper
    result, success = func(*args, **kwargs)
                      ^^^^^^^^^^^^^^^^^^^^^
  File "/home/airflow/.local/lib/python3.12/site-packages/dbt/cli/requires.py", line 111, in wrapper
    return func(*args, **kwargs)
           ^^^^^^^^^^^^^^^^^^^^^
  File "/home/airflow/.local/lib/python3.12/site-packages/dbt/cli/requires.py", line 251, in wrapper
    profile = load_profile(flags.PROJECT_DIR, flags.VARS, flags.PROFILE, flags.TARGET, threads)
              ^^^^^^^^^^^^^^^^^^^^^^^^^^^^^^^^^^^^^^^^^^^^^^^^^^^^^^^^^^^^^^^^^^^^^^^^^^^^^^^^^
  File "/home/airflow/.local/lib/python3.12/site-packages/dbt/config/runtime.py", line 78, in load_profile
    profile = Profile.render(
              ^^^^^^^^^^^^^^^
  File "/home/airflow/.local/lib/python3.12/site-packages/dbt/config/profile.py", line 402, in render
    return cls.from_raw_profiles(
           ^^^^^^^^^^^^^^^^^^^^^^
  File "/home/airflow/.local/lib/python3.12/site-packages/dbt/config/profile.py", line 368, in from_raw_profiles
    return cls.from_raw_profile_info(
           ^^^^^^^^^^^^^^^^^^^^^^^^^^
  File "/home/airflow/.local/lib/python3.12/site-packages/dbt/config/profile.py", line 314, in from_raw_profile_info
    target_name, profile_data = cls.render_profile(
                                ^^^^^^^^^^^^^^^^^^^
  File "/home/airflow/.local/lib/python3.12/site-packages/dbt/config/profile.py", line 280, in render_profile
    raw_profile_data = cls._get_profile_data(raw_profile, profile_name, target_name)
                       ^^^^^^^^^^^^^^^^^^^^^^^^^^^^^^^^^^^^^^^^^^^^^^^^^^^^^^^^^^^^^
  File "/home/airflow/.local/lib/python3.12/site-packages/dbt/config/profile.py", line 205, in _get_profile_data
    if target_name not in outputs:
       ^^^^^^^^^^^^^^^^^^^^^^^^^^
TypeError: argument of type 'NoneType' is not iterable

[0m04:41:37.793586 [debug] [MainThread]: Resource report: {"command_name": "run", "command_success": false, "command_wall_clock_time": 0.22395426, "process_in_blocks": "157280", "process_kernel_time": 0.65927, "process_mem_max_rss": "91888", "process_out_blocks": "0", "process_user_time": 2.397348}
[0m04:41:37.795620 [debug] [MainThread]: Command `dbt run` failed at 04:41:37.795444 after 0.23 seconds
[0m04:41:37.796309 [debug] [MainThread]: Sending event: {'category': 'dbt', 'action': 'invocation', 'label': 'end', 'context': [<snowplow_tracker.self_describing_json.SelfDescribingJson object at 0x7bee810f3d40>, <snowplow_tracker.self_describing_json.SelfDescribingJson object at 0x7bee7fe403b0>, <snowplow_tracker.self_describing_json.SelfDescribingJson object at 0x7bee800c57f0>]}
[0m04:41:37.797663 [debug] [MainThread]: Flushing usage events
[0m04:41:39.260097 [debug] [MainThread]: An error was encountered while trying to flush usage events
[0m05:05:06.748569 [debug] [MainThread]: Sending event: {'category': 'dbt', 'action': 'invocation', 'label': 'start', 'context': [<snowplow_tracker.self_describing_json.SelfDescribingJson object at 0x795d267b3350>, <snowplow_tracker.self_describing_json.SelfDescribingJson object at 0x795d2696ab10>, <snowplow_tracker.self_describing_json.SelfDescribingJson object at 0x795d2595cbf0>]}


============================== 05:05:06.759869 | 6f9d3367-95cd-44f0-8001-bde4277dda54 ==============================
[0m05:05:06.759869 [info ] [MainThread]: Running with dbt=1.10.3
[0m05:05:06.760871 [debug] [MainThread]: running dbt with arguments {'printer_width': '80', 'indirect_selection': 'eager', 'write_json': 'True', 'log_cache_events': 'False', 'partial_parse': 'True', 'cache_selected_only': 'False', 'warn_error': 'None', 'debug': 'False', 'fail_fast': 'False', 'log_path': '/opt/airflow/dbt/logs', 'version_check': 'True', 'profiles_dir': '/opt/airflow/dbt', 'use_colors': 'True', 'use_experimental_parser': 'False', 'no_print': 'None', 'quiet': 'False', 'empty': 'False', 'log_format': 'default', 'invocation_command': 'dbt run --select tag:staging', 'introspect': 'True', 'warn_error_options': 'WarnErrorOptionsV2(error=[], warn=[], silence=[])', 'target_path': 'None', 'static_parser': 'True', 'send_anonymous_usage_stats': 'True'}
[0m05:05:06.768231 [error] [MainThread]: Encountered an error:
argument of type 'NoneType' is not iterable
[0m05:05:06.771569 [error] [MainThread]: Traceback (most recent call last):
  File "/home/airflow/.local/lib/python3.12/site-packages/dbt/cli/requires.py", line 161, in wrapper
    result, success = func(*args, **kwargs)
                      ^^^^^^^^^^^^^^^^^^^^^
  File "/home/airflow/.local/lib/python3.12/site-packages/dbt/cli/requires.py", line 111, in wrapper
    return func(*args, **kwargs)
           ^^^^^^^^^^^^^^^^^^^^^
  File "/home/airflow/.local/lib/python3.12/site-packages/dbt/cli/requires.py", line 251, in wrapper
    profile = load_profile(flags.PROJECT_DIR, flags.VARS, flags.PROFILE, flags.TARGET, threads)
              ^^^^^^^^^^^^^^^^^^^^^^^^^^^^^^^^^^^^^^^^^^^^^^^^^^^^^^^^^^^^^^^^^^^^^^^^^^^^^^^^^
  File "/home/airflow/.local/lib/python3.12/site-packages/dbt/config/runtime.py", line 78, in load_profile
    profile = Profile.render(
              ^^^^^^^^^^^^^^^
  File "/home/airflow/.local/lib/python3.12/site-packages/dbt/config/profile.py", line 402, in render
    return cls.from_raw_profiles(
           ^^^^^^^^^^^^^^^^^^^^^^
  File "/home/airflow/.local/lib/python3.12/site-packages/dbt/config/profile.py", line 368, in from_raw_profiles
    return cls.from_raw_profile_info(
           ^^^^^^^^^^^^^^^^^^^^^^^^^^
  File "/home/airflow/.local/lib/python3.12/site-packages/dbt/config/profile.py", line 314, in from_raw_profile_info
    target_name, profile_data = cls.render_profile(
                                ^^^^^^^^^^^^^^^^^^^
  File "/home/airflow/.local/lib/python3.12/site-packages/dbt/config/profile.py", line 280, in render_profile
    raw_profile_data = cls._get_profile_data(raw_profile, profile_name, target_name)
                       ^^^^^^^^^^^^^^^^^^^^^^^^^^^^^^^^^^^^^^^^^^^^^^^^^^^^^^^^^^^^^
  File "/home/airflow/.local/lib/python3.12/site-packages/dbt/config/profile.py", line 205, in _get_profile_data
    if target_name not in outputs:
       ^^^^^^^^^^^^^^^^^^^^^^^^^^
TypeError: argument of type 'NoneType' is not iterable

[0m05:05:06.774717 [debug] [MainThread]: Resource report: {"command_name": "run", "command_success": false, "command_wall_clock_time": 0.09743653, "process_in_blocks": "48328", "process_kernel_time": 0.479688, "process_mem_max_rss": "104136", "process_out_blocks": "1504", "process_user_time": 2.126617}
[0m05:05:06.775501 [debug] [MainThread]: Command `dbt run` failed at 05:05:06.775378 after 0.10 seconds
[0m05:05:06.776018 [debug] [MainThread]: Sending event: {'category': 'dbt', 'action': 'invocation', 'label': 'end', 'context': [<snowplow_tracker.self_describing_json.SelfDescribingJson object at 0x795d263e3b00>, <snowplow_tracker.self_describing_json.SelfDescribingJson object at 0x795d26360b60>, <snowplow_tracker.self_describing_json.SelfDescribingJson object at 0x795d257b9d30>]}
[0m05:05:06.776740 [debug] [MainThread]: Flushing usage events
[0m05:05:07.338038 [debug] [MainThread]: An error was encountered while trying to flush usage events
[0m05:05:22.274696 [debug] [MainThread]: Sending event: {'category': 'dbt', 'action': 'invocation', 'label': 'start', 'context': [<snowplow_tracker.self_describing_json.SelfDescribingJson object at 0x7b1a3de6fc20>, <snowplow_tracker.self_describing_json.SelfDescribingJson object at 0x7b1a3e611e20>, <snowplow_tracker.self_describing_json.SelfDescribingJson object at 0x7b1a3e8b4bf0>]}


============================== 05:05:22.285954 | 14e52a8f-fac1-4558-9427-c5d8f4b956f8 ==============================
[0m05:05:22.285954 [info ] [MainThread]: Running with dbt=1.10.3
[0m05:05:22.286751 [debug] [MainThread]: running dbt with arguments {'printer_width': '80', 'indirect_selection': 'eager', 'log_cache_events': 'False', 'write_json': 'True', 'partial_parse': 'True', 'cache_selected_only': 'False', 'profiles_dir': '/opt/airflow/dbt', 'fail_fast': 'False', 'version_check': 'True', 'log_path': '/opt/airflow/dbt/logs', 'debug': 'False', 'warn_error': 'None', 'use_colors': 'True', 'use_experimental_parser': 'False', 'empty': 'False', 'quiet': 'False', 'no_print': 'None', 'warn_error_options': 'WarnErrorOptionsV2(error=[], warn=[], silence=[])', 'invocation_command': 'dbt run --select tag:staging', 'log_format': 'default', 'static_parser': 'True', 'target_path': 'None', 'introspect': 'True', 'send_anonymous_usage_stats': 'True'}
[0m05:05:22.295182 [error] [MainThread]: Encountered an error:
argument of type 'NoneType' is not iterable
[0m05:05:22.298980 [error] [MainThread]: Traceback (most recent call last):
  File "/home/airflow/.local/lib/python3.12/site-packages/dbt/cli/requires.py", line 161, in wrapper
    result, success = func(*args, **kwargs)
                      ^^^^^^^^^^^^^^^^^^^^^
  File "/home/airflow/.local/lib/python3.12/site-packages/dbt/cli/requires.py", line 111, in wrapper
    return func(*args, **kwargs)
           ^^^^^^^^^^^^^^^^^^^^^
  File "/home/airflow/.local/lib/python3.12/site-packages/dbt/cli/requires.py", line 251, in wrapper
    profile = load_profile(flags.PROJECT_DIR, flags.VARS, flags.PROFILE, flags.TARGET, threads)
              ^^^^^^^^^^^^^^^^^^^^^^^^^^^^^^^^^^^^^^^^^^^^^^^^^^^^^^^^^^^^^^^^^^^^^^^^^^^^^^^^^
  File "/home/airflow/.local/lib/python3.12/site-packages/dbt/config/runtime.py", line 78, in load_profile
    profile = Profile.render(
              ^^^^^^^^^^^^^^^
  File "/home/airflow/.local/lib/python3.12/site-packages/dbt/config/profile.py", line 402, in render
    return cls.from_raw_profiles(
           ^^^^^^^^^^^^^^^^^^^^^^
  File "/home/airflow/.local/lib/python3.12/site-packages/dbt/config/profile.py", line 368, in from_raw_profiles
    return cls.from_raw_profile_info(
           ^^^^^^^^^^^^^^^^^^^^^^^^^^
  File "/home/airflow/.local/lib/python3.12/site-packages/dbt/config/profile.py", line 314, in from_raw_profile_info
    target_name, profile_data = cls.render_profile(
                                ^^^^^^^^^^^^^^^^^^^
  File "/home/airflow/.local/lib/python3.12/site-packages/dbt/config/profile.py", line 280, in render_profile
    raw_profile_data = cls._get_profile_data(raw_profile, profile_name, target_name)
                       ^^^^^^^^^^^^^^^^^^^^^^^^^^^^^^^^^^^^^^^^^^^^^^^^^^^^^^^^^^^^^
  File "/home/airflow/.local/lib/python3.12/site-packages/dbt/config/profile.py", line 205, in _get_profile_data
    if target_name not in outputs:
       ^^^^^^^^^^^^^^^^^^^^^^^^^^
TypeError: argument of type 'NoneType' is not iterable

[0m05:05:22.301116 [debug] [MainThread]: Resource report: {"command_name": "run", "command_success": false, "command_wall_clock_time": 0.11108216, "process_in_blocks": "54016", "process_kernel_time": 0.593437, "process_mem_max_rss": "103196", "process_out_blocks": "0", "process_user_time": 3.089831}
[0m05:05:22.301878 [debug] [MainThread]: Command `dbt run` failed at 05:05:22.301756 after 0.11 seconds
[0m05:05:22.302441 [debug] [MainThread]: Sending event: {'category': 'dbt', 'action': 'invocation', 'label': 'end', 'context': [<snowplow_tracker.self_describing_json.SelfDescribingJson object at 0x7b1a3e93afc0>, <snowplow_tracker.self_describing_json.SelfDescribingJson object at 0x7b1a3db7ac00>, <snowplow_tracker.self_describing_json.SelfDescribingJson object at 0x7b1a3da52150>]}
[0m05:05:22.303680 [debug] [MainThread]: Flushing usage events
[0m05:05:22.788303 [debug] [MainThread]: An error was encountered while trying to flush usage events
[0m05:31:16.966120 [debug] [MainThread]: Sending event: {'category': 'dbt', 'action': 'invocation', 'label': 'start', 'context': [<snowplow_tracker.self_describing_json.SelfDescribingJson object at 0x71e64eabb6e0>, <snowplow_tracker.self_describing_json.SelfDescribingJson object at 0x71e64e803d70>, <snowplow_tracker.self_describing_json.SelfDescribingJson object at 0x71e64e940530>]}
[0m05:31:16.966130 [debug] [MainThread]: Sending event: {'category': 'dbt', 'action': 'invocation', 'label': 'start', 'context': [<snowplow_tracker.self_describing_json.SelfDescribingJson object at 0x735e4f379b50>, <snowplow_tracker.self_describing_json.SelfDescribingJson object at 0x735e4f735eb0>, <snowplow_tracker.self_describing_json.SelfDescribingJson object at 0x735e527b5ac0>]}


============================== 05:31:16.978833 | 8197c528-4922-41ad-bba4-04361b59aa15 ==============================
[0m05:31:16.978833 [info ] [MainThread]: Running with dbt=1.10.3


============================== 05:31:16.978660 | f58117ae-a90b-4f02-a869-d89d81d66e79 ==============================
[0m05:31:16.978660 [info ] [MainThread]: Running with dbt=1.10.3
[0m05:31:16.979907 [debug] [MainThread]: running dbt with arguments {'printer_width': '80', 'indirect_selection': 'eager', 'log_cache_events': 'False', 'write_json': 'True', 'partial_parse': 'True', 'cache_selected_only': 'False', 'warn_error': 'None', 'version_check': 'True', 'fail_fast': 'False', 'log_path': '/opt/airflow/dbt/logs', 'debug': 'False', 'profiles_dir': '/opt/airflow/dbt', 'use_colors': 'True', 'use_experimental_parser': 'False', 'no_print': 'None', 'quiet': 'False', 'empty': 'False', 'log_format': 'default', 'invocation_command': 'dbt run --select tag:staging', 'static_parser': 'True', 'warn_error_options': 'WarnErrorOptionsV2(error=[], warn=[], silence=[])', 'target_path': 'None', 'introspect': 'True', 'send_anonymous_usage_stats': 'True'}
[0m05:31:16.979987 [debug] [MainThread]: running dbt with arguments {'printer_width': '80', 'indirect_selection': 'eager', 'log_cache_events': 'False', 'write_json': 'True', 'partial_parse': 'True', 'cache_selected_only': 'False', 'profiles_dir': '/opt/airflow/dbt', 'version_check': 'True', 'debug': 'False', 'log_path': '/opt/airflow/dbt/logs', 'fail_fast': 'False', 'warn_error': 'None', 'use_colors': 'True', 'use_experimental_parser': 'False', 'empty': 'False', 'quiet': 'False', 'no_print': 'None', 'log_format': 'default', 'introspect': 'True', 'static_parser': 'True', 'warn_error_options': 'WarnErrorOptionsV2(error=[], warn=[], silence=[])', 'target_path': 'None', 'invocation_command': 'dbt run --select tag:staging', 'send_anonymous_usage_stats': 'True'}
[0m05:31:16.987080 [error] [MainThread]: Encountered an error:
argument of type 'NoneType' is not iterable
[0m05:31:16.987527 [error] [MainThread]: Encountered an error:
argument of type 'NoneType' is not iterable
[0m05:31:16.990025 [error] [MainThread]: Traceback (most recent call last):
  File "/home/airflow/.local/lib/python3.12/site-packages/dbt/cli/requires.py", line 161, in wrapper
    result, success = func(*args, **kwargs)
                      ^^^^^^^^^^^^^^^^^^^^^
  File "/home/airflow/.local/lib/python3.12/site-packages/dbt/cli/requires.py", line 111, in wrapper
    return func(*args, **kwargs)
           ^^^^^^^^^^^^^^^^^^^^^
  File "/home/airflow/.local/lib/python3.12/site-packages/dbt/cli/requires.py", line 251, in wrapper
    profile = load_profile(flags.PROJECT_DIR, flags.VARS, flags.PROFILE, flags.TARGET, threads)
              ^^^^^^^^^^^^^^^^^^^^^^^^^^^^^^^^^^^^^^^^^^^^^^^^^^^^^^^^^^^^^^^^^^^^^^^^^^^^^^^^^
  File "/home/airflow/.local/lib/python3.12/site-packages/dbt/config/runtime.py", line 78, in load_profile
    profile = Profile.render(
              ^^^^^^^^^^^^^^^
  File "/home/airflow/.local/lib/python3.12/site-packages/dbt/config/profile.py", line 402, in render
    return cls.from_raw_profiles(
           ^^^^^^^^^^^^^^^^^^^^^^
  File "/home/airflow/.local/lib/python3.12/site-packages/dbt/config/profile.py", line 368, in from_raw_profiles
    return cls.from_raw_profile_info(
           ^^^^^^^^^^^^^^^^^^^^^^^^^^
  File "/home/airflow/.local/lib/python3.12/site-packages/dbt/config/profile.py", line 314, in from_raw_profile_info
    target_name, profile_data = cls.render_profile(
                                ^^^^^^^^^^^^^^^^^^^
  File "/home/airflow/.local/lib/python3.12/site-packages/dbt/config/profile.py", line 280, in render_profile
    raw_profile_data = cls._get_profile_data(raw_profile, profile_name, target_name)
                       ^^^^^^^^^^^^^^^^^^^^^^^^^^^^^^^^^^^^^^^^^^^^^^^^^^^^^^^^^^^^^
  File "/home/airflow/.local/lib/python3.12/site-packages/dbt/config/profile.py", line 205, in _get_profile_data
    if target_name not in outputs:
       ^^^^^^^^^^^^^^^^^^^^^^^^^^
TypeError: argument of type 'NoneType' is not iterable

[0m05:31:16.990093 [error] [MainThread]: Traceback (most recent call last):
  File "/home/airflow/.local/lib/python3.12/site-packages/dbt/cli/requires.py", line 161, in wrapper
    result, success = func(*args, **kwargs)
                      ^^^^^^^^^^^^^^^^^^^^^
  File "/home/airflow/.local/lib/python3.12/site-packages/dbt/cli/requires.py", line 111, in wrapper
    return func(*args, **kwargs)
           ^^^^^^^^^^^^^^^^^^^^^
  File "/home/airflow/.local/lib/python3.12/site-packages/dbt/cli/requires.py", line 251, in wrapper
    profile = load_profile(flags.PROJECT_DIR, flags.VARS, flags.PROFILE, flags.TARGET, threads)
              ^^^^^^^^^^^^^^^^^^^^^^^^^^^^^^^^^^^^^^^^^^^^^^^^^^^^^^^^^^^^^^^^^^^^^^^^^^^^^^^^^
  File "/home/airflow/.local/lib/python3.12/site-packages/dbt/config/runtime.py", line 78, in load_profile
    profile = Profile.render(
              ^^^^^^^^^^^^^^^
  File "/home/airflow/.local/lib/python3.12/site-packages/dbt/config/profile.py", line 402, in render
    return cls.from_raw_profiles(
           ^^^^^^^^^^^^^^^^^^^^^^
  File "/home/airflow/.local/lib/python3.12/site-packages/dbt/config/profile.py", line 368, in from_raw_profiles
    return cls.from_raw_profile_info(
           ^^^^^^^^^^^^^^^^^^^^^^^^^^
  File "/home/airflow/.local/lib/python3.12/site-packages/dbt/config/profile.py", line 314, in from_raw_profile_info
    target_name, profile_data = cls.render_profile(
                                ^^^^^^^^^^^^^^^^^^^
  File "/home/airflow/.local/lib/python3.12/site-packages/dbt/config/profile.py", line 280, in render_profile
    raw_profile_data = cls._get_profile_data(raw_profile, profile_name, target_name)
                       ^^^^^^^^^^^^^^^^^^^^^^^^^^^^^^^^^^^^^^^^^^^^^^^^^^^^^^^^^^^^^
  File "/home/airflow/.local/lib/python3.12/site-packages/dbt/config/profile.py", line 205, in _get_profile_data
    if target_name not in outputs:
       ^^^^^^^^^^^^^^^^^^^^^^^^^^
TypeError: argument of type 'NoneType' is not iterable

[0m05:31:16.993348 [debug] [MainThread]: Resource report: {"command_name": "run", "command_success": false, "command_wall_clock_time": 0.10031035, "process_in_blocks": "22328", "process_kernel_time": 0.613203, "process_mem_max_rss": "104080", "process_out_blocks": "1504", "process_user_time": 2.488886}
[0m05:31:16.993364 [debug] [MainThread]: Resource report: {"command_name": "run", "command_success": false, "command_wall_clock_time": 0.10047928, "process_in_blocks": "20784", "process_kernel_time": 0.64888, "process_mem_max_rss": "103228", "process_out_blocks": "1504", "process_user_time": 2.453083}
[0m05:31:16.994221 [debug] [MainThread]: Command `dbt run` failed at 05:31:16.994107 after 0.10 seconds
[0m05:31:16.994251 [debug] [MainThread]: Command `dbt run` failed at 05:31:16.994109 after 0.10 seconds
[0m05:31:16.994762 [debug] [MainThread]: Sending event: {'category': 'dbt', 'action': 'invocation', 'label': 'end', 'context': [<snowplow_tracker.self_describing_json.SelfDescribingJson object at 0x735e4f625be0>, <snowplow_tracker.self_describing_json.SelfDescribingJson object at 0x735e4e72d430>, <snowplow_tracker.self_describing_json.SelfDescribingJson object at 0x735e4f378e90>]}
[0m05:31:16.994904 [debug] [MainThread]: Sending event: {'category': 'dbt', 'action': 'invocation', 'label': 'end', 'context': [<snowplow_tracker.self_describing_json.SelfDescribingJson object at 0x71e64eba4230>, <snowplow_tracker.self_describing_json.SelfDescribingJson object at 0x71e64dd549e0>, <snowplow_tracker.self_describing_json.SelfDescribingJson object at 0x71e64e940530>]}
[0m05:31:16.995553 [debug] [MainThread]: Flushing usage events
[0m05:31:16.995798 [debug] [MainThread]: Flushing usage events
[0m05:31:17.652011 [debug] [MainThread]: An error was encountered while trying to flush usage events
[0m05:31:17.652013 [debug] [MainThread]: An error was encountered while trying to flush usage events
[0m05:48:52.580889 [debug] [MainThread]: Sending event: {'category': 'dbt', 'action': 'invocation', 'label': 'start', 'context': [<snowplow_tracker.self_describing_json.SelfDescribingJson object at 0x71b1c7839c40>, <snowplow_tracker.self_describing_json.SelfDescribingJson object at 0x71b1c4a7c380>, <snowplow_tracker.self_describing_json.SelfDescribingJson object at 0x71b1c5decc20>]}
[0m05:48:52.579926 [debug] [MainThread]: Sending event: {'category': 'dbt', 'action': 'invocation', 'label': 'start', 'context': [<snowplow_tracker.self_describing_json.SelfDescribingJson object at 0x75bc75bf30b0>, <snowplow_tracker.self_describing_json.SelfDescribingJson object at 0x75bc741700b0>, <snowplow_tracker.self_describing_json.SelfDescribingJson object at 0x75bc7371e150>]}


============================== 05:48:52.591013 | 048f7373-ba8f-4b48-9610-bd6c92936f31 ==============================
[0m05:48:52.591013 [info ] [MainThread]: Running with dbt=1.10.3


============================== 05:48:52.591017 | 571170b9-25bb-4f39-a59d-82fc7a1801e1 ==============================
[0m05:48:52.591017 [info ] [MainThread]: Running with dbt=1.10.3
[0m05:48:52.591891 [debug] [MainThread]: running dbt with arguments {'printer_width': '80', 'indirect_selection': 'eager', 'write_json': 'True', 'log_cache_events': 'False', 'partial_parse': 'True', 'cache_selected_only': 'False', 'profiles_dir': '/opt/airflow/dbt', 'version_check': 'True', 'warn_error': 'None', 'log_path': '/opt/airflow/dbt/logs', 'fail_fast': 'False', 'debug': 'False', 'use_colors': 'True', 'use_experimental_parser': 'False', 'empty': 'False', 'quiet': 'False', 'no_print': 'None', 'log_format': 'default', 'invocation_command': 'dbt run --select tag:staging', 'static_parser': 'True', 'warn_error_options': 'WarnErrorOptionsV2(error=[], warn=[], silence=[])', 'target_path': 'None', 'introspect': 'True', 'send_anonymous_usage_stats': 'True'}
[0m05:48:52.591906 [debug] [MainThread]: running dbt with arguments {'printer_width': '80', 'indirect_selection': 'eager', 'log_cache_events': 'False', 'write_json': 'True', 'partial_parse': 'True', 'cache_selected_only': 'False', 'profiles_dir': '/opt/airflow/dbt', 'fail_fast': 'False', 'version_check': 'True', 'log_path': '/opt/airflow/dbt/logs', 'warn_error': 'None', 'debug': 'False', 'use_colors': 'True', 'use_experimental_parser': 'False', 'empty': 'False', 'quiet': 'False', 'no_print': 'None', 'log_format': 'default', 'introspect': 'True', 'static_parser': 'True', 'invocation_command': 'dbt run --select tag:staging', 'target_path': 'None', 'warn_error_options': 'WarnErrorOptionsV2(error=[], warn=[], silence=[])', 'send_anonymous_usage_stats': 'True'}
[0m05:48:52.967229 [debug] [MainThread]: Sending event: {'category': 'dbt', 'action': 'project_id', 'label': '571170b9-25bb-4f39-a59d-82fc7a1801e1', 'context': [<snowplow_tracker.self_describing_json.SelfDescribingJson object at 0x71b1c4acc1a0>]}
[0m05:48:52.967229 [debug] [MainThread]: Sending event: {'category': 'dbt', 'action': 'project_id', 'label': '048f7373-ba8f-4b48-9610-bd6c92936f31', 'context': [<snowplow_tracker.self_describing_json.SelfDescribingJson object at 0x75bc73cf7950>]}
[0m05:48:53.031617 [debug] [MainThread]: Sending event: {'category': 'dbt', 'action': 'adapter_info', 'label': '571170b9-25bb-4f39-a59d-82fc7a1801e1', 'context': [<snowplow_tracker.self_describing_json.SelfDescribingJson object at 0x71b1c57a0ec0>]}
[0m05:48:53.033380 [info ] [MainThread]: Registered adapter: postgres=1.9.0
[0m05:48:53.033609 [debug] [MainThread]: Sending event: {'category': 'dbt', 'action': 'adapter_info', 'label': '048f7373-ba8f-4b48-9610-bd6c92936f31', 'context': [<snowplow_tracker.self_describing_json.SelfDescribingJson object at 0x75bc7502a390>]}
[0m05:48:53.035202 [info ] [MainThread]: Registered adapter: postgres=1.9.0
[0m05:48:53.184298 [debug] [MainThread]: checksum: 1bfacb87e6914c9942cfa2c4badfc1df19d859fe8ec086286ef238a7d920f97b, vars: {}, profile: , target: , version: 1.10.3
[0m05:48:53.184302 [debug] [MainThread]: checksum: 1bfacb87e6914c9942cfa2c4badfc1df19d859fe8ec086286ef238a7d920f97b, vars: {}, profile: , target: , version: 1.10.3
[0m05:48:53.188244 [info ] [MainThread]: Unable to do partial parsing because saved manifest not found. Starting full parse.
[0m05:48:53.188244 [info ] [MainThread]: Unable to do partial parsing because saved manifest not found. Starting full parse.
[0m05:48:53.189654 [debug] [MainThread]: Sending event: {'category': 'dbt', 'action': 'partial_parser', 'label': '571170b9-25bb-4f39-a59d-82fc7a1801e1', 'context': [<snowplow_tracker.self_describing_json.SelfDescribingJson object at 0x71b1c3b12ea0>]}
[0m05:48:53.189589 [debug] [MainThread]: Sending event: {'category': 'dbt', 'action': 'partial_parser', 'label': '048f7373-ba8f-4b48-9610-bd6c92936f31', 'context': [<snowplow_tracker.self_describing_json.SelfDescribingJson object at 0x75bc74656150>]}
[0m05:48:54.708471 [debug] [MainThread]: Sending event: {'category': 'dbt', 'action': 'load_project', 'label': '048f7373-ba8f-4b48-9610-bd6c92936f31', 'context': [<snowplow_tracker.self_describing_json.SelfDescribingJson object at 0x75bc731c4c20>]}
[0m05:48:54.751150 [debug] [MainThread]: Sending event: {'category': 'dbt', 'action': 'load_project', 'label': '571170b9-25bb-4f39-a59d-82fc7a1801e1', 'context': [<snowplow_tracker.self_describing_json.SelfDescribingJson object at 0x71b1c2b4f3b0>]}
[0m05:48:54.803203 [debug] [MainThread]: Wrote artifact WritableManifest to /opt/airflow/dbt/target/manifest.json
[0m05:48:54.810631 [debug] [MainThread]: Wrote artifact SemanticManifest to /opt/airflow/dbt/target/semantic_manifest.json
[0m05:48:54.852867 [debug] [MainThread]: Sending event: {'category': 'dbt', 'action': 'resource_counts', 'label': '048f7373-ba8f-4b48-9610-bd6c92936f31', 'context': [<snowplow_tracker.self_describing_json.SelfDescribingJson object at 0x75bc715f8f20>]}
[0m05:48:54.855379 [info ] [MainThread]: Found 9 models, 11 sources, 433 macros
[0m05:48:54.858378 [debug] [MainThread]: Sending event: {'category': 'dbt', 'action': 'runnable_timing', 'label': '048f7373-ba8f-4b48-9610-bd6c92936f31', 'context': [<snowplow_tracker.self_describing_json.SelfDescribingJson object at 0x75bc711000e0>]}
[0m05:48:54.871449 [info ] [MainThread]: 
[0m05:48:54.872884 [debug] [MainThread]: Wrote artifact WritableManifest to /opt/airflow/dbt/target/manifest.json
[0m05:48:54.875960 [info ] [MainThread]: Concurrency: 1 threads (target='dev')
[0m05:48:54.880681 [info ] [MainThread]: 
[0m05:48:54.883398 [debug] [MainThread]: Acquiring new postgres connection 'master'
[0m05:48:54.886809 [debug] [MainThread]: Wrote artifact SemanticManifest to /opt/airflow/dbt/target/semantic_manifest.json
[0m05:48:54.894556 [debug] [ThreadPool]: Acquiring new postgres connection 'list_airflow'
[0m05:48:54.940905 [debug] [MainThread]: Sending event: {'category': 'dbt', 'action': 'resource_counts', 'label': '571170b9-25bb-4f39-a59d-82fc7a1801e1', 'context': [<snowplow_tracker.self_describing_json.SelfDescribingJson object at 0x71b1c2bca0f0>]}
[0m05:48:54.942876 [info ] [MainThread]: Found 9 models, 11 sources, 433 macros
[0m05:48:54.944320 [debug] [MainThread]: Sending event: {'category': 'dbt', 'action': 'runnable_timing', 'label': '571170b9-25bb-4f39-a59d-82fc7a1801e1', 'context': [<snowplow_tracker.self_describing_json.SelfDescribingJson object at 0x71b1c2b63590>]}
[0m05:48:54.949949 [info ] [MainThread]: 
[0m05:48:54.951744 [info ] [MainThread]: Concurrency: 1 threads (target='dev')
[0m05:48:54.953057 [info ] [MainThread]: 
[0m05:48:54.954872 [debug] [MainThread]: Acquiring new postgres connection 'master'
[0m05:48:54.971155 [debug] [ThreadPool]: Acquiring new postgres connection 'list_airflow'
[0m05:48:55.002068 [debug] [ThreadPool]: Using postgres connection "list_airflow"
[0m05:48:55.003844 [debug] [ThreadPool]: On list_airflow: /* {"app": "dbt", "dbt_version": "1.10.3", "profile_name": "default", "target_name": "dev", "connection_name": "list_airflow"} */

    select distinct nspname from pg_namespace
  
[0m05:48:55.004496 [debug] [ThreadPool]: Opening a new connection, currently in state init
[0m05:48:55.019875 [debug] [ThreadPool]: SQL status: SELECT 5 in 0.015 seconds
[0m05:48:55.023888 [debug] [ThreadPool]: On list_airflow: Close
[0m05:48:55.025860 [debug] [ThreadPool]: Re-using an available connection from the pool (formerly list_airflow, now create_airflow_driven_staging)
[0m05:48:55.027060 [debug] [ThreadPool]: Creating schema "database: "airflow"
schema: "driven_staging"
"
[0m05:48:55.039775 [debug] [ThreadPool]: Using postgres connection "create_airflow_driven_staging"
[0m05:48:55.040586 [debug] [ThreadPool]: On create_airflow_driven_staging: BEGIN
[0m05:48:55.041329 [debug] [ThreadPool]: Opening a new connection, currently in state closed
[0m05:48:55.049013 [debug] [ThreadPool]: Using postgres connection "list_airflow"
[0m05:48:55.051264 [debug] [ThreadPool]: On list_airflow: /* {"app": "dbt", "dbt_version": "1.10.3", "profile_name": "default", "target_name": "dev", "connection_name": "list_airflow"} */

    select distinct nspname from pg_namespace
  
[0m05:48:55.051538 [debug] [ThreadPool]: SQL status: BEGIN in 0.010 seconds
[0m05:48:55.052513 [debug] [ThreadPool]: Opening a new connection, currently in state init
[0m05:48:55.052667 [debug] [ThreadPool]: Using postgres connection "create_airflow_driven_staging"
[0m05:48:55.053390 [debug] [ThreadPool]: On create_airflow_driven_staging: /* {"app": "dbt", "dbt_version": "1.10.3", "profile_name": "default", "target_name": "dev", "connection_name": "create_airflow_driven_staging"} */
create schema if not exists "driven_staging"
[0m05:48:55.055532 [debug] [ThreadPool]: SQL status: CREATE SCHEMA in 0.001 seconds
[0m05:48:55.058255 [debug] [ThreadPool]: On create_airflow_driven_staging: COMMIT
[0m05:48:55.059284 [debug] [ThreadPool]: Using postgres connection "create_airflow_driven_staging"
[0m05:48:55.060094 [debug] [ThreadPool]: On create_airflow_driven_staging: COMMIT
[0m05:48:55.064386 [debug] [ThreadPool]: SQL status: COMMIT in 0.002 seconds
[0m05:48:55.067159 [debug] [ThreadPool]: On create_airflow_driven_staging: Close
[0m05:48:55.069058 [debug] [ThreadPool]: SQL status: SELECT 6 in 0.016 seconds
[0m05:48:55.073796 [debug] [ThreadPool]: Re-using an available connection from the pool (formerly create_airflow_driven_staging, now list_airflow_driven_trusted)
[0m05:48:55.074706 [debug] [ThreadPool]: On list_airflow: Close
[0m05:48:55.080824 [debug] [ThreadPool]: Re-using an available connection from the pool (formerly list_airflow, now list_airflow_driven_trusted)
[0m05:48:55.089313 [debug] [ThreadPool]: Using postgres connection "list_airflow_driven_trusted"
[0m05:48:55.090274 [debug] [ThreadPool]: On list_airflow_driven_trusted: BEGIN
[0m05:48:55.090929 [debug] [ThreadPool]: Opening a new connection, currently in state closed
[0m05:48:55.092984 [debug] [ThreadPool]: Using postgres connection "list_airflow_driven_trusted"
[0m05:48:55.094486 [debug] [ThreadPool]: On list_airflow_driven_trusted: BEGIN
[0m05:48:55.095209 [debug] [ThreadPool]: Opening a new connection, currently in state closed
[0m05:48:55.099438 [debug] [ThreadPool]: SQL status: BEGIN in 0.008 seconds
[0m05:48:55.100992 [debug] [ThreadPool]: Using postgres connection "list_airflow_driven_trusted"
[0m05:48:55.101689 [debug] [ThreadPool]: On list_airflow_driven_trusted: /* {"app": "dbt", "dbt_version": "1.10.3", "profile_name": "default", "target_name": "dev", "connection_name": "list_airflow_driven_trusted"} */
select
      'airflow' as database,
      tablename as name,
      schemaname as schema,
      'table' as type
    from pg_tables
    where schemaname ilike 'driven_trusted'
    union all
    select
      'airflow' as database,
      viewname as name,
      schemaname as schema,
      'view' as type
    from pg_views
    where schemaname ilike 'driven_trusted'
    union all
    select
      'airflow' as database,
      matviewname as name,
      schemaname as schema,
      'materialized_view' as type
    from pg_matviews
    where schemaname ilike 'driven_trusted'
  
[0m05:48:55.107350 [debug] [ThreadPool]: SQL status: BEGIN in 0.012 seconds
[0m05:48:55.108869 [debug] [ThreadPool]: Using postgres connection "list_airflow_driven_trusted"
[0m05:48:55.109842 [debug] [ThreadPool]: On list_airflow_driven_trusted: /* {"app": "dbt", "dbt_version": "1.10.3", "profile_name": "default", "target_name": "dev", "connection_name": "list_airflow_driven_trusted"} */
select
      'airflow' as database,
      tablename as name,
      schemaname as schema,
      'table' as type
    from pg_tables
    where schemaname ilike 'driven_trusted'
    union all
    select
      'airflow' as database,
      viewname as name,
      schemaname as schema,
      'view' as type
    from pg_views
    where schemaname ilike 'driven_trusted'
    union all
    select
      'airflow' as database,
      matviewname as name,
      schemaname as schema,
      'materialized_view' as type
    from pg_matviews
    where schemaname ilike 'driven_trusted'
  
[0m05:48:55.116707 [debug] [ThreadPool]: SQL status: SELECT 0 in 0.014 seconds
[0m05:48:55.119359 [debug] [ThreadPool]: On list_airflow_driven_trusted: ROLLBACK
[0m05:48:55.118537 [debug] [ThreadPool]: SQL status: SELECT 0 in 0.006 seconds
[0m05:48:55.120685 [debug] [ThreadPool]: On list_airflow_driven_trusted: Close
[0m05:48:55.122107 [debug] [ThreadPool]: Re-using an available connection from the pool (formerly list_airflow_driven_trusted, now list_airflow_driven_staging)
[0m05:48:55.122302 [debug] [ThreadPool]: On list_airflow_driven_trusted: ROLLBACK
[0m05:48:55.124905 [debug] [ThreadPool]: Using postgres connection "list_airflow_driven_staging"
[0m05:48:55.126316 [debug] [ThreadPool]: On list_airflow_driven_staging: BEGIN
[0m05:48:55.127630 [debug] [ThreadPool]: Opening a new connection, currently in state closed
[0m05:48:55.127443 [debug] [ThreadPool]: On list_airflow_driven_trusted: Close
[0m05:48:55.129443 [debug] [ThreadPool]: Re-using an available connection from the pool (formerly list_airflow_driven_trusted, now list_airflow_driven_staging)
[0m05:48:55.133690 [debug] [ThreadPool]: Using postgres connection "list_airflow_driven_staging"
[0m05:48:55.135214 [debug] [ThreadPool]: On list_airflow_driven_staging: BEGIN
[0m05:48:55.136240 [debug] [ThreadPool]: Opening a new connection, currently in state closed
[0m05:48:55.136414 [debug] [ThreadPool]: SQL status: BEGIN in 0.009 seconds
[0m05:48:55.137217 [debug] [ThreadPool]: Using postgres connection "list_airflow_driven_staging"
[0m05:48:55.139646 [debug] [ThreadPool]: On list_airflow_driven_staging: /* {"app": "dbt", "dbt_version": "1.10.3", "profile_name": "default", "target_name": "dev", "connection_name": "list_airflow_driven_staging"} */
select
      'airflow' as database,
      tablename as name,
      schemaname as schema,
      'table' as type
    from pg_tables
    where schemaname ilike 'driven_staging'
    union all
    select
      'airflow' as database,
      viewname as name,
      schemaname as schema,
      'view' as type
    from pg_views
    where schemaname ilike 'driven_staging'
    union all
    select
      'airflow' as database,
      matviewname as name,
      schemaname as schema,
      'materialized_view' as type
    from pg_matviews
    where schemaname ilike 'driven_staging'
  
[0m05:48:55.144121 [debug] [ThreadPool]: SQL status: BEGIN in 0.008 seconds
[0m05:48:55.144446 [debug] [ThreadPool]: SQL status: SELECT 0 in 0.004 seconds
[0m05:48:55.145181 [debug] [ThreadPool]: Using postgres connection "list_airflow_driven_staging"
[0m05:48:55.145817 [debug] [ThreadPool]: On list_airflow_driven_staging: /* {"app": "dbt", "dbt_version": "1.10.3", "profile_name": "default", "target_name": "dev", "connection_name": "list_airflow_driven_staging"} */
select
      'airflow' as database,
      tablename as name,
      schemaname as schema,
      'table' as type
    from pg_tables
    where schemaname ilike 'driven_staging'
    union all
    select
      'airflow' as database,
      viewname as name,
      schemaname as schema,
      'view' as type
    from pg_views
    where schemaname ilike 'driven_staging'
    union all
    select
      'airflow' as database,
      matviewname as name,
      schemaname as schema,
      'materialized_view' as type
    from pg_matviews
    where schemaname ilike 'driven_staging'
  
[0m05:48:55.146530 [debug] [ThreadPool]: On list_airflow_driven_staging: ROLLBACK
[0m05:48:55.147565 [debug] [ThreadPool]: On list_airflow_driven_staging: Close
[0m05:48:55.150748 [debug] [ThreadPool]: SQL status: SELECT 0 in 0.004 seconds
[0m05:48:55.152413 [debug] [ThreadPool]: On list_airflow_driven_staging: ROLLBACK
[0m05:48:55.153344 [debug] [ThreadPool]: On list_airflow_driven_staging: Close
[0m05:48:55.154610 [debug] [MainThread]: Using postgres connection "master"
[0m05:48:55.155457 [debug] [MainThread]: On master: BEGIN
[0m05:48:55.156142 [debug] [MainThread]: Opening a new connection, currently in state init
[0m05:48:55.160495 [debug] [MainThread]: Using postgres connection "master"
[0m05:48:55.161754 [debug] [MainThread]: On master: BEGIN
[0m05:48:55.162539 [debug] [MainThread]: Opening a new connection, currently in state init
[0m05:48:55.162897 [debug] [MainThread]: SQL status: BEGIN in 0.007 seconds
[0m05:48:55.163628 [debug] [MainThread]: Using postgres connection "master"
[0m05:48:55.164957 [debug] [MainThread]: On master: /* {"app": "dbt", "dbt_version": "1.10.3", "profile_name": "default", "target_name": "dev", "connection_name": "master"} */
with relation as (
        select
            pg_rewrite.ev_class as class,
            pg_rewrite.oid as id
        from pg_rewrite
    ),
    class as (
        select
            oid as id,
            relname as name,
            relnamespace as schema,
            relkind as kind
        from pg_class
    ),
    dependency as (
        select distinct
            pg_depend.objid as id,
            pg_depend.refobjid as ref
        from pg_depend
    ),
    schema as (
        select
            pg_namespace.oid as id,
            pg_namespace.nspname as name
        from pg_namespace
        where nspname != 'information_schema' and nspname not like 'pg\_%'
    ),
    referenced as (
        select
            relation.id AS id,
            referenced_class.name ,
            referenced_class.schema ,
            referenced_class.kind
        from relation
        join class as referenced_class on relation.class=referenced_class.id
        where referenced_class.kind in ('r', 'v', 'm')
    ),
    relationships as (
        select
            referenced.name as referenced_name,
            referenced.schema as referenced_schema_id,
            dependent_class.name as dependent_name,
            dependent_class.schema as dependent_schema_id,
            referenced.kind as kind
        from referenced
        join dependency on referenced.id=dependency.id
        join class as dependent_class on dependency.ref=dependent_class.id
        where
            (referenced.name != dependent_class.name or
             referenced.schema != dependent_class.schema)
    )

    select
        referenced_schema.name as referenced_schema,
        relationships.referenced_name as referenced_name,
        dependent_schema.name as dependent_schema,
        relationships.dependent_name as dependent_name
    from relationships
    join schema as dependent_schema on relationships.dependent_schema_id=dependent_schema.id
    join schema as referenced_schema on relationships.referenced_schema_id=referenced_schema.id
    group by referenced_schema, referenced_name, dependent_schema, dependent_name
    order by referenced_schema, referenced_name, dependent_schema, dependent_name;
[0m05:48:55.168743 [debug] [MainThread]: SQL status: BEGIN in 0.006 seconds
[0m05:48:55.169698 [debug] [MainThread]: Using postgres connection "master"
[0m05:48:55.170446 [debug] [MainThread]: On master: /* {"app": "dbt", "dbt_version": "1.10.3", "profile_name": "default", "target_name": "dev", "connection_name": "master"} */
with relation as (
        select
            pg_rewrite.ev_class as class,
            pg_rewrite.oid as id
        from pg_rewrite
    ),
    class as (
        select
            oid as id,
            relname as name,
            relnamespace as schema,
            relkind as kind
        from pg_class
    ),
    dependency as (
        select distinct
            pg_depend.objid as id,
            pg_depend.refobjid as ref
        from pg_depend
    ),
    schema as (
        select
            pg_namespace.oid as id,
            pg_namespace.nspname as name
        from pg_namespace
        where nspname != 'information_schema' and nspname not like 'pg\_%'
    ),
    referenced as (
        select
            relation.id AS id,
            referenced_class.name ,
            referenced_class.schema ,
            referenced_class.kind
        from relation
        join class as referenced_class on relation.class=referenced_class.id
        where referenced_class.kind in ('r', 'v', 'm')
    ),
    relationships as (
        select
            referenced.name as referenced_name,
            referenced.schema as referenced_schema_id,
            dependent_class.name as dependent_name,
            dependent_class.schema as dependent_schema_id,
            referenced.kind as kind
        from referenced
        join dependency on referenced.id=dependency.id
        join class as dependent_class on dependency.ref=dependent_class.id
        where
            (referenced.name != dependent_class.name or
             referenced.schema != dependent_class.schema)
    )

    select
        referenced_schema.name as referenced_schema,
        relationships.referenced_name as referenced_name,
        dependent_schema.name as dependent_schema,
        relationships.dependent_name as dependent_name
    from relationships
    join schema as dependent_schema on relationships.dependent_schema_id=dependent_schema.id
    join schema as referenced_schema on relationships.referenced_schema_id=referenced_schema.id
    group by referenced_schema, referenced_name, dependent_schema, dependent_name
    order by referenced_schema, referenced_name, dependent_schema, dependent_name;
[0m05:48:55.171895 [debug] [MainThread]: SQL status: SELECT 0 in 0.006 seconds
[0m05:48:55.176807 [debug] [MainThread]: Sending event: {'category': 'dbt', 'action': 'runnable_timing', 'label': '048f7373-ba8f-4b48-9610-bd6c92936f31', 'context': [<snowplow_tracker.self_describing_json.SelfDescribingJson object at 0x75bc719285f0>]}
[0m05:48:55.177091 [debug] [MainThread]: SQL status: SELECT 0 in 0.006 seconds
[0m05:48:55.177904 [debug] [MainThread]: On master: ROLLBACK
[0m05:48:55.178817 [debug] [MainThread]: Using postgres connection "master"
[0m05:48:55.179066 [debug] [MainThread]: Sending event: {'category': 'dbt', 'action': 'runnable_timing', 'label': '571170b9-25bb-4f39-a59d-82fc7a1801e1', 'context': [<snowplow_tracker.self_describing_json.SelfDescribingJson object at 0x71b1c2f3dca0>]}
[0m05:48:55.179372 [debug] [MainThread]: On master: BEGIN
[0m05:48:55.179809 [debug] [MainThread]: On master: ROLLBACK
[0m05:48:55.180385 [debug] [MainThread]: SQL status: BEGIN in 0.000 seconds
[0m05:48:55.180740 [debug] [MainThread]: Using postgres connection "master"
[0m05:48:55.180958 [debug] [MainThread]: On master: COMMIT
[0m05:48:55.181340 [debug] [MainThread]: On master: BEGIN
[0m05:48:55.181532 [debug] [MainThread]: Using postgres connection "master"
[0m05:48:55.182138 [debug] [MainThread]: On master: COMMIT
[0m05:48:55.182597 [debug] [MainThread]: SQL status: BEGIN in 0.001 seconds
[0m05:48:55.183359 [debug] [MainThread]: SQL status: COMMIT in 0.000 seconds
[0m05:48:55.183453 [debug] [MainThread]: On master: COMMIT
[0m05:48:55.184151 [debug] [MainThread]: On master: Close
[0m05:48:55.184140 [debug] [MainThread]: Using postgres connection "master"
[0m05:48:55.184718 [debug] [MainThread]: On master: COMMIT
[0m05:48:55.185621 [debug] [MainThread]: SQL status: COMMIT in 0.000 seconds
[0m05:48:55.186476 [debug] [MainThread]: On master: Close
[0m05:48:55.192976 [debug] [Thread-1 (]: Began running node model.dbt_driven_data.staging_dim_address
[0m05:48:55.193540 [debug] [Thread-1 (]: Began running node model.dbt_driven_data.staging_dim_address
[0m05:48:55.194154 [info ] [Thread-1 (]: 1 of 5 START sql table model driven_staging.dim_address ........................ [RUN]
[0m05:48:55.194773 [info ] [Thread-1 (]: 1 of 5 START sql table model driven_staging.dim_address ........................ [RUN]
[0m05:48:55.196018 [debug] [Thread-1 (]: Re-using an available connection from the pool (formerly list_airflow_driven_staging, now model.dbt_driven_data.staging_dim_address)
[0m05:48:55.196360 [debug] [Thread-1 (]: Re-using an available connection from the pool (formerly list_airflow_driven_staging, now model.dbt_driven_data.staging_dim_address)
[0m05:48:55.196885 [debug] [Thread-1 (]: Began compiling node model.dbt_driven_data.staging_dim_address
[0m05:48:55.197195 [debug] [Thread-1 (]: Began compiling node model.dbt_driven_data.staging_dim_address
[0m05:48:55.206418 [debug] [Thread-1 (]: Writing injected SQL for node "model.dbt_driven_data.staging_dim_address"
[0m05:48:55.206574 [debug] [Thread-1 (]: Writing injected SQL for node "model.dbt_driven_data.staging_dim_address"
[0m05:48:55.217392 [debug] [Thread-1 (]: Began executing node model.dbt_driven_data.staging_dim_address
[0m05:48:55.219094 [debug] [Thread-1 (]: Began executing node model.dbt_driven_data.staging_dim_address
[0m05:48:55.258256 [debug] [Thread-1 (]: Writing runtime sql for node "model.dbt_driven_data.staging_dim_address"
[0m05:48:55.258483 [debug] [Thread-1 (]: Writing runtime sql for node "model.dbt_driven_data.staging_dim_address"
[0m05:48:55.267367 [debug] [Thread-1 (]: Using postgres connection "model.dbt_driven_data.staging_dim_address"
[0m05:48:55.268124 [debug] [Thread-1 (]: On model.dbt_driven_data.staging_dim_address: BEGIN
[0m05:48:55.268573 [debug] [Thread-1 (]: Using postgres connection "model.dbt_driven_data.staging_dim_address"
[0m05:48:55.268679 [debug] [Thread-1 (]: Opening a new connection, currently in state closed
[0m05:48:55.269191 [debug] [Thread-1 (]: On model.dbt_driven_data.staging_dim_address: BEGIN
[0m05:48:55.269720 [debug] [Thread-1 (]: Opening a new connection, currently in state closed
[0m05:48:55.276173 [debug] [Thread-1 (]: SQL status: BEGIN in 0.007 seconds
[0m05:48:55.277403 [debug] [Thread-1 (]: Using postgres connection "model.dbt_driven_data.staging_dim_address"
[0m05:48:55.277588 [debug] [Thread-1 (]: SQL status: BEGIN in 0.008 seconds
[0m05:48:55.278642 [debug] [Thread-1 (]: On model.dbt_driven_data.staging_dim_address: /* {"app": "dbt", "dbt_version": "1.10.3", "profile_name": "default", "target_name": "dev", "node_id": "model.dbt_driven_data.staging_dim_address"} */

  
    

  create  table "airflow"."driven_staging"."dim_address__dbt_tmp"
  
  
    as
  
  (
    
WITH source_data AS (
 SELECT
 unique_id,
 address,
 mac_address,
 ip_address
 FROM
 "airflow"."driven_raw"."raw_batch_data"
)
SELECT
 *
FROM
 source_data
  );
  
[0m05:48:55.278803 [debug] [Thread-1 (]: Using postgres connection "model.dbt_driven_data.staging_dim_address"
[0m05:48:55.279532 [debug] [Thread-1 (]: On model.dbt_driven_data.staging_dim_address: /* {"app": "dbt", "dbt_version": "1.10.3", "profile_name": "default", "target_name": "dev", "node_id": "model.dbt_driven_data.staging_dim_address"} */

  
    

  create  table "airflow"."driven_staging"."dim_address__dbt_tmp"
  
  
    as
  
  (
    
WITH source_data AS (
 SELECT
 unique_id,
 address,
 mac_address,
 ip_address
 FROM
 "airflow"."driven_raw"."raw_batch_data"
)
SELECT
 *
FROM
 source_data
  );
  
[0m05:48:55.288383 [debug] [Thread-1 (]: SQL status: SELECT 200 in 0.009 seconds
[0m05:48:55.301326 [debug] [Thread-1 (]: Using postgres connection "model.dbt_driven_data.staging_dim_address"
[0m05:48:55.302356 [debug] [Thread-1 (]: On model.dbt_driven_data.staging_dim_address: /* {"app": "dbt", "dbt_version": "1.10.3", "profile_name": "default", "target_name": "dev", "node_id": "model.dbt_driven_data.staging_dim_address"} */
alter table "airflow"."driven_staging"."dim_address__dbt_tmp" rename to "dim_address"
[0m05:48:55.304509 [debug] [Thread-1 (]: SQL status: ALTER TABLE in 0.001 seconds
[0m05:48:55.323157 [debug] [Thread-1 (]: On model.dbt_driven_data.staging_dim_address: COMMIT
[0m05:48:55.324126 [debug] [Thread-1 (]: Using postgres connection "model.dbt_driven_data.staging_dim_address"
[0m05:48:55.324719 [debug] [Thread-1 (]: On model.dbt_driven_data.staging_dim_address: COMMIT
[0m05:48:55.327617 [debug] [Thread-1 (]: SQL status: COMMIT in 0.002 seconds
[0m05:48:55.334065 [debug] [Thread-1 (]: SQL status: SELECT 200 in 0.053 seconds
[0m05:48:55.337427 [debug] [Thread-1 (]: Applying DROP to: "airflow"."driven_staging"."dim_address__dbt_backup"
[0m05:48:55.344288 [debug] [Thread-1 (]: Using postgres connection "model.dbt_driven_data.staging_dim_address"
[0m05:48:55.345234 [debug] [Thread-1 (]: On model.dbt_driven_data.staging_dim_address: /* {"app": "dbt", "dbt_version": "1.10.3", "profile_name": "default", "target_name": "dev", "node_id": "model.dbt_driven_data.staging_dim_address"} */
drop table if exists "airflow"."driven_staging"."dim_address__dbt_backup" cascade
[0m05:48:55.347704 [debug] [Thread-1 (]: SQL status: DROP TABLE in 0.002 seconds
[0m05:48:55.348068 [debug] [Thread-1 (]: Using postgres connection "model.dbt_driven_data.staging_dim_address"
[0m05:48:55.349202 [debug] [Thread-1 (]: On model.dbt_driven_data.staging_dim_address: /* {"app": "dbt", "dbt_version": "1.10.3", "profile_name": "default", "target_name": "dev", "node_id": "model.dbt_driven_data.staging_dim_address"} */
alter table "airflow"."driven_staging"."dim_address__dbt_tmp" rename to "dim_address"
[0m05:48:55.351586 [debug] [Thread-1 (]: On model.dbt_driven_data.staging_dim_address: Close
[0m05:48:55.355094 [debug] [Thread-1 (]: Sending event: {'category': 'dbt', 'action': 'run_model', 'label': '048f7373-ba8f-4b48-9610-bd6c92936f31', 'context': [<snowplow_tracker.self_describing_json.SelfDescribingJson object at 0x75bc75c44aa0>]}
[0m05:48:55.357285 [info ] [Thread-1 (]: 1 of 5 OK created sql table model driven_staging.dim_address ................... [[32mSELECT 200[0m in 0.16s]
[0m05:48:55.358440 [debug] [Thread-1 (]: Finished running node model.dbt_driven_data.staging_dim_address
[0m05:48:55.359384 [debug] [Thread-1 (]: Began running node model.dbt_driven_data.staging_dim_date
[0m05:48:55.360137 [info ] [Thread-1 (]: 2 of 5 START sql table model driven_staging.dim_date ........................... [RUN]
[0m05:48:55.361047 [debug] [Thread-1 (]: Re-using an available connection from the pool (formerly model.dbt_driven_data.staging_dim_address, now model.dbt_driven_data.staging_dim_date)
[0m05:48:55.361836 [debug] [Thread-1 (]: Began compiling node model.dbt_driven_data.staging_dim_date
[0m05:48:55.365741 [debug] [Thread-1 (]: Postgres adapter: Postgres error: relation "dim_address" already exists

[0m05:48:55.366730 [debug] [Thread-1 (]: On model.dbt_driven_data.staging_dim_address: ROLLBACK
[0m05:48:55.367368 [debug] [Thread-1 (]: Writing injected SQL for node "model.dbt_driven_data.staging_dim_date"
[0m05:48:55.368191 [debug] [Thread-1 (]: Postgres adapter: Error running SQL: macro rename_relation
[0m05:48:55.369508 [debug] [Thread-1 (]: Postgres adapter: Rolling back transaction.
[0m05:48:55.371013 [debug] [Thread-1 (]: On model.dbt_driven_data.staging_dim_address: Close
[0m05:48:55.374898 [debug] [Thread-1 (]: Began executing node model.dbt_driven_data.staging_dim_date
[0m05:48:55.381365 [debug] [Thread-1 (]: Writing runtime sql for node "model.dbt_driven_data.staging_dim_date"
[0m05:48:55.387411 [debug] [Thread-1 (]: Database Error in model staging_dim_address (models/staging_dim_address.sql)
  relation "dim_address" already exists
  compiled code at target/run/dbt_driven_data/models/staging_dim_address.sql
[0m05:48:55.395902 [debug] [Thread-1 (]: Using postgres connection "model.dbt_driven_data.staging_dim_date"
[0m05:48:55.396464 [debug] [Thread-1 (]: Sending event: {'category': 'dbt', 'action': 'run_model', 'label': '571170b9-25bb-4f39-a59d-82fc7a1801e1', 'context': [<snowplow_tracker.self_describing_json.SelfDescribingJson object at 0x71b1c5f31940>]}
[0m05:48:55.399228 [debug] [Thread-1 (]: On model.dbt_driven_data.staging_dim_date: BEGIN
[0m05:48:55.400710 [debug] [Thread-1 (]: Opening a new connection, currently in state closed
[0m05:48:55.400452 [error] [Thread-1 (]: 1 of 5 ERROR creating sql table model driven_staging.dim_address ............... [[31mERROR[0m in 0.19s]
[0m05:48:55.403003 [debug] [Thread-1 (]: Finished running node model.dbt_driven_data.staging_dim_address
[0m05:48:55.404845 [debug] [Thread-1 (]: Began running node model.dbt_driven_data.staging_dim_date
[0m05:48:55.406733 [debug] [Thread-4 (]: Marking all children of 'model.dbt_driven_data.staging_dim_address' to be skipped because of status 'error'.  Reason: Database Error in model staging_dim_address (models/staging_dim_address.sql)
  relation "dim_address" already exists
  compiled code at target/run/dbt_driven_data/models/staging_dim_address.sql.
[0m05:48:55.408487 [info ] [Thread-1 (]: 2 of 5 START sql table model driven_staging.dim_date ........................... [RUN]
[0m05:48:55.415387 [debug] [Thread-1 (]: Re-using an available connection from the pool (formerly model.dbt_driven_data.staging_dim_address, now model.dbt_driven_data.staging_dim_date)
[0m05:48:55.418361 [debug] [Thread-1 (]: Began compiling node model.dbt_driven_data.staging_dim_date
[0m05:48:55.421751 [debug] [Thread-1 (]: SQL status: BEGIN in 0.021 seconds
[0m05:48:55.424720 [debug] [Thread-1 (]: Using postgres connection "model.dbt_driven_data.staging_dim_date"
[0m05:48:55.426570 [debug] [Thread-1 (]: On model.dbt_driven_data.staging_dim_date: /* {"app": "dbt", "dbt_version": "1.10.3", "profile_name": "default", "target_name": "dev", "node_id": "model.dbt_driven_data.staging_dim_date"} */

  
    

  create  table "airflow"."driven_staging"."dim_date__dbt_tmp"
  
  
    as
  
  (
    
WITH source_data AS (
 SELECT
 unique_id,
 accessed_at
 FROM
 "airflow"."driven_raw"."raw_batch_data"
)
SELECT
 *
FROM
 source_data
  );
  
[0m05:48:55.429851 [debug] [Thread-1 (]: Writing injected SQL for node "model.dbt_driven_data.staging_dim_date"
[0m05:48:55.433034 [debug] [Thread-1 (]: SQL status: SELECT 200 in 0.005 seconds
[0m05:48:55.440212 [debug] [Thread-1 (]: Using postgres connection "model.dbt_driven_data.staging_dim_date"
[0m05:48:55.441626 [debug] [Thread-1 (]: On model.dbt_driven_data.staging_dim_date: /* {"app": "dbt", "dbt_version": "1.10.3", "profile_name": "default", "target_name": "dev", "node_id": "model.dbt_driven_data.staging_dim_date"} */
alter table "airflow"."driven_staging"."dim_date__dbt_tmp" rename to "dim_date"
[0m05:48:55.442121 [debug] [Thread-1 (]: Began executing node model.dbt_driven_data.staging_dim_date
[0m05:48:55.443091 [debug] [Thread-1 (]: SQL status: ALTER TABLE in 0.001 seconds
[0m05:48:55.446317 [debug] [Thread-1 (]: On model.dbt_driven_data.staging_dim_date: COMMIT
[0m05:48:55.447399 [debug] [Thread-1 (]: Using postgres connection "model.dbt_driven_data.staging_dim_date"
[0m05:48:55.448049 [debug] [Thread-1 (]: On model.dbt_driven_data.staging_dim_date: COMMIT
[0m05:48:55.448795 [debug] [Thread-1 (]: Writing runtime sql for node "model.dbt_driven_data.staging_dim_date"
[0m05:48:55.450927 [debug] [Thread-1 (]: SQL status: COMMIT in 0.002 seconds
[0m05:48:55.455734 [debug] [Thread-1 (]: Applying DROP to: "airflow"."driven_staging"."dim_date__dbt_backup"
[0m05:48:55.456935 [debug] [Thread-1 (]: Using postgres connection "model.dbt_driven_data.staging_dim_date"
[0m05:48:55.456920 [debug] [Thread-1 (]: Using postgres connection "model.dbt_driven_data.staging_dim_date"
[0m05:48:55.457495 [debug] [Thread-1 (]: On model.dbt_driven_data.staging_dim_date: /* {"app": "dbt", "dbt_version": "1.10.3", "profile_name": "default", "target_name": "dev", "node_id": "model.dbt_driven_data.staging_dim_date"} */
drop table if exists "airflow"."driven_staging"."dim_date__dbt_backup" cascade
[0m05:48:55.457522 [debug] [Thread-1 (]: On model.dbt_driven_data.staging_dim_date: BEGIN
[0m05:48:55.458387 [debug] [Thread-1 (]: Opening a new connection, currently in state closed
[0m05:48:55.459893 [debug] [Thread-1 (]: SQL status: DROP TABLE in 0.002 seconds
[0m05:48:55.462616 [debug] [Thread-1 (]: On model.dbt_driven_data.staging_dim_date: Close
[0m05:48:55.463792 [debug] [Thread-1 (]: Sending event: {'category': 'dbt', 'action': 'run_model', 'label': '048f7373-ba8f-4b48-9610-bd6c92936f31', 'context': [<snowplow_tracker.self_describing_json.SelfDescribingJson object at 0x75bc5a247140>]}
[0m05:48:55.464727 [info ] [Thread-1 (]: 2 of 5 OK created sql table model driven_staging.dim_date ...................... [[32mSELECT 200[0m in 0.10s]
[0m05:48:55.467100 [debug] [Thread-1 (]: Finished running node model.dbt_driven_data.staging_dim_date
[0m05:48:55.468141 [debug] [Thread-1 (]: Began running node model.dbt_driven_data.staging_dim_finance
[0m05:48:55.468957 [info ] [Thread-1 (]: 3 of 5 START sql table model driven_staging.dim_finance ........................ [RUN]
[0m05:48:55.469455 [debug] [Thread-1 (]: SQL status: BEGIN in 0.011 seconds
[0m05:48:55.470133 [debug] [Thread-1 (]: Re-using an available connection from the pool (formerly model.dbt_driven_data.staging_dim_date, now model.dbt_driven_data.staging_dim_finance)
[0m05:48:55.470295 [debug] [Thread-1 (]: Using postgres connection "model.dbt_driven_data.staging_dim_date"
[0m05:48:55.470788 [debug] [Thread-1 (]: Began compiling node model.dbt_driven_data.staging_dim_finance
[0m05:48:55.470982 [debug] [Thread-1 (]: On model.dbt_driven_data.staging_dim_date: /* {"app": "dbt", "dbt_version": "1.10.3", "profile_name": "default", "target_name": "dev", "node_id": "model.dbt_driven_data.staging_dim_date"} */

  
    

  create  table "airflow"."driven_staging"."dim_date__dbt_tmp"
  
  
    as
  
  (
    
WITH source_data AS (
 SELECT
 unique_id,
 accessed_at
 FROM
 "airflow"."driven_raw"."raw_batch_data"
)
SELECT
 *
FROM
 source_data
  );
  
[0m05:48:55.476149 [debug] [Thread-1 (]: SQL status: SELECT 200 in 0.004 seconds
[0m05:48:55.476874 [debug] [Thread-1 (]: Writing injected SQL for node "model.dbt_driven_data.staging_dim_finance"
[0m05:48:55.482754 [debug] [Thread-1 (]: Using postgres connection "model.dbt_driven_data.staging_dim_date"
[0m05:48:55.483755 [debug] [Thread-1 (]: On model.dbt_driven_data.staging_dim_date: /* {"app": "dbt", "dbt_version": "1.10.3", "profile_name": "default", "target_name": "dev", "node_id": "model.dbt_driven_data.staging_dim_date"} */
alter table "airflow"."driven_staging"."dim_date__dbt_tmp" rename to "dim_date"
[0m05:48:55.485612 [debug] [Thread-1 (]: Postgres adapter: Postgres error: relation "dim_date" already exists

[0m05:48:55.487781 [debug] [Thread-1 (]: On model.dbt_driven_data.staging_dim_date: ROLLBACK
[0m05:48:55.487147 [debug] [Thread-1 (]: Began executing node model.dbt_driven_data.staging_dim_finance
[0m05:48:55.489892 [debug] [Thread-1 (]: Postgres adapter: Error running SQL: macro rename_relation
[0m05:48:55.491154 [debug] [Thread-1 (]: Postgres adapter: Rolling back transaction.
[0m05:48:55.492091 [debug] [Thread-1 (]: On model.dbt_driven_data.staging_dim_date: Close
[0m05:48:55.496241 [debug] [Thread-1 (]: Writing runtime sql for node "model.dbt_driven_data.staging_dim_finance"
[0m05:48:55.499224 [debug] [Thread-1 (]: Database Error in model staging_dim_date (models/staging_dim_date.sql)
  relation "dim_date" already exists
  compiled code at target/run/dbt_driven_data/models/staging_dim_date.sql
[0m05:48:55.502130 [debug] [Thread-1 (]: Sending event: {'category': 'dbt', 'action': 'run_model', 'label': '571170b9-25bb-4f39-a59d-82fc7a1801e1', 'context': [<snowplow_tracker.self_describing_json.SelfDescribingJson object at 0x71b1c041eb70>]}
[0m05:48:55.504409 [error] [Thread-1 (]: 2 of 5 ERROR creating sql table model driven_staging.dim_date .................. [[31mERROR[0m in 0.09s]
[0m05:48:55.505729 [debug] [Thread-1 (]: Finished running node model.dbt_driven_data.staging_dim_date
[0m05:48:55.510605 [debug] [Thread-1 (]: Began running node model.dbt_driven_data.staging_dim_finance
[0m05:48:55.512262 [debug] [Thread-4 (]: Marking all children of 'model.dbt_driven_data.staging_dim_date' to be skipped because of status 'error'.  Reason: Database Error in model staging_dim_date (models/staging_dim_date.sql)
  relation "dim_date" already exists
  compiled code at target/run/dbt_driven_data/models/staging_dim_date.sql.
[0m05:48:55.515364 [info ] [Thread-1 (]: 3 of 5 START sql table model driven_staging.dim_finance ........................ [RUN]
[0m05:48:55.518062 [debug] [Thread-1 (]: Re-using an available connection from the pool (formerly model.dbt_driven_data.staging_dim_date, now model.dbt_driven_data.staging_dim_finance)
[0m05:48:55.518308 [debug] [Thread-1 (]: Using postgres connection "model.dbt_driven_data.staging_dim_finance"
[0m05:48:55.518886 [debug] [Thread-1 (]: Began compiling node model.dbt_driven_data.staging_dim_finance
[0m05:48:55.519141 [debug] [Thread-1 (]: On model.dbt_driven_data.staging_dim_finance: BEGIN
[0m05:48:55.519682 [debug] [Thread-1 (]: Opening a new connection, currently in state closed
[0m05:48:55.525806 [debug] [Thread-1 (]: Writing injected SQL for node "model.dbt_driven_data.staging_dim_finance"
[0m05:48:55.531953 [debug] [Thread-1 (]: SQL status: BEGIN in 0.012 seconds
[0m05:48:55.533383 [debug] [Thread-1 (]: Using postgres connection "model.dbt_driven_data.staging_dim_finance"
[0m05:48:55.534831 [debug] [Thread-1 (]: On model.dbt_driven_data.staging_dim_finance: /* {"app": "dbt", "dbt_version": "1.10.3", "profile_name": "default", "target_name": "dev", "node_id": "model.dbt_driven_data.staging_dim_finance"} */

  
    

  create  table "airflow"."driven_staging"."dim_finance__dbt_tmp"
  
  
    as
  
  (
    
WITH source_data AS (
 SELECT
 unique_id,
 iban
 FROM
 "airflow"."driven_raw"."raw_batch_data"
)
SELECT
 *
FROM
 source_data
  );
  
[0m05:48:55.539522 [debug] [Thread-1 (]: Began executing node model.dbt_driven_data.staging_dim_finance
[0m05:48:55.541643 [debug] [Thread-1 (]: SQL status: SELECT 200 in 0.005 seconds
[0m05:48:55.547945 [debug] [Thread-1 (]: Writing runtime sql for node "model.dbt_driven_data.staging_dim_finance"
[0m05:48:55.549672 [debug] [Thread-1 (]: Using postgres connection "model.dbt_driven_data.staging_dim_finance"
[0m05:48:55.550958 [debug] [Thread-1 (]: On model.dbt_driven_data.staging_dim_finance: /* {"app": "dbt", "dbt_version": "1.10.3", "profile_name": "default", "target_name": "dev", "node_id": "model.dbt_driven_data.staging_dim_finance"} */
alter table "airflow"."driven_staging"."dim_finance__dbt_tmp" rename to "dim_finance"
[0m05:48:55.552416 [debug] [Thread-1 (]: SQL status: ALTER TABLE in 0.000 seconds
[0m05:48:55.554789 [debug] [Thread-1 (]: On model.dbt_driven_data.staging_dim_finance: COMMIT
[0m05:48:55.555588 [debug] [Thread-1 (]: Using postgres connection "model.dbt_driven_data.staging_dim_finance"
[0m05:48:55.556159 [debug] [Thread-1 (]: On model.dbt_driven_data.staging_dim_finance: COMMIT
[0m05:48:55.558262 [debug] [Thread-1 (]: Using postgres connection "model.dbt_driven_data.staging_dim_finance"
[0m05:48:55.559339 [debug] [Thread-1 (]: On model.dbt_driven_data.staging_dim_finance: BEGIN
[0m05:48:55.559566 [debug] [Thread-1 (]: SQL status: COMMIT in 0.003 seconds
[0m05:48:55.560040 [debug] [Thread-1 (]: Opening a new connection, currently in state closed
[0m05:48:55.563118 [debug] [Thread-1 (]: Applying DROP to: "airflow"."driven_staging"."dim_finance__dbt_backup"
[0m05:48:55.564820 [debug] [Thread-1 (]: Using postgres connection "model.dbt_driven_data.staging_dim_finance"
[0m05:48:55.565550 [debug] [Thread-1 (]: On model.dbt_driven_data.staging_dim_finance: /* {"app": "dbt", "dbt_version": "1.10.3", "profile_name": "default", "target_name": "dev", "node_id": "model.dbt_driven_data.staging_dim_finance"} */
drop table if exists "airflow"."driven_staging"."dim_finance__dbt_backup" cascade
[0m05:48:55.566466 [debug] [Thread-1 (]: SQL status: DROP TABLE in 0.000 seconds
[0m05:48:55.566612 [debug] [Thread-1 (]: SQL status: BEGIN in 0.006 seconds
[0m05:48:55.567401 [debug] [Thread-1 (]: Using postgres connection "model.dbt_driven_data.staging_dim_finance"
[0m05:48:55.568085 [debug] [Thread-1 (]: On model.dbt_driven_data.staging_dim_finance: /* {"app": "dbt", "dbt_version": "1.10.3", "profile_name": "default", "target_name": "dev", "node_id": "model.dbt_driven_data.staging_dim_finance"} */

  
    

  create  table "airflow"."driven_staging"."dim_finance__dbt_tmp"
  
  
    as
  
  (
    
WITH source_data AS (
 SELECT
 unique_id,
 iban
 FROM
 "airflow"."driven_raw"."raw_batch_data"
)
SELECT
 *
FROM
 source_data
  );
  
[0m05:48:55.568219 [debug] [Thread-1 (]: On model.dbt_driven_data.staging_dim_finance: Close
[0m05:48:55.569362 [debug] [Thread-1 (]: Sending event: {'category': 'dbt', 'action': 'run_model', 'label': '048f7373-ba8f-4b48-9610-bd6c92936f31', 'context': [<snowplow_tracker.self_describing_json.SelfDescribingJson object at 0x75bc5892fec0>]}
[0m05:48:55.570959 [info ] [Thread-1 (]: 3 of 5 OK created sql table model driven_staging.dim_finance ................... [[32mSELECT 200[0m in 0.10s]
[0m05:48:55.572880 [debug] [Thread-1 (]: Finished running node model.dbt_driven_data.staging_dim_finance
[0m05:48:55.572995 [debug] [Thread-1 (]: SQL status: SELECT 200 in 0.004 seconds
[0m05:48:55.573598 [debug] [Thread-1 (]: Began running node model.dbt_driven_data.staging_dim_person
[0m05:48:55.574416 [info ] [Thread-1 (]: 4 of 5 START sql table model driven_staging.dim_person ......................... [RUN]
[0m05:48:55.575382 [debug] [Thread-1 (]: Re-using an available connection from the pool (formerly model.dbt_driven_data.staging_dim_finance, now model.dbt_driven_data.staging_dim_person)
[0m05:48:55.576277 [debug] [Thread-1 (]: Began compiling node model.dbt_driven_data.staging_dim_person
[0m05:48:55.577356 [debug] [Thread-1 (]: Using postgres connection "model.dbt_driven_data.staging_dim_finance"
[0m05:48:55.578420 [debug] [Thread-1 (]: On model.dbt_driven_data.staging_dim_finance: /* {"app": "dbt", "dbt_version": "1.10.3", "profile_name": "default", "target_name": "dev", "node_id": "model.dbt_driven_data.staging_dim_finance"} */
alter table "airflow"."driven_staging"."dim_finance__dbt_tmp" rename to "dim_finance"
[0m05:48:55.580913 [debug] [Thread-1 (]: Postgres adapter: Postgres error: relation "dim_finance" already exists

[0m05:48:55.581776 [debug] [Thread-1 (]: On model.dbt_driven_data.staging_dim_finance: ROLLBACK
[0m05:48:55.582801 [debug] [Thread-1 (]: Postgres adapter: Error running SQL: macro rename_relation
[0m05:48:55.583602 [debug] [Thread-1 (]: Postgres adapter: Rolling back transaction.
[0m05:48:55.584424 [debug] [Thread-1 (]: On model.dbt_driven_data.staging_dim_finance: Close
[0m05:48:55.586137 [debug] [Thread-1 (]: Writing injected SQL for node "model.dbt_driven_data.staging_dim_person"
[0m05:48:55.589155 [debug] [Thread-1 (]: Database Error in model staging_dim_finance (models/staging_dim_finance.sql)
  relation "dim_finance" already exists
  compiled code at target/run/dbt_driven_data/models/staging_dim_finance.sql
[0m05:48:55.590305 [debug] [Thread-1 (]: Sending event: {'category': 'dbt', 'action': 'run_model', 'label': '571170b9-25bb-4f39-a59d-82fc7a1801e1', 'context': [<snowplow_tracker.self_describing_json.SelfDescribingJson object at 0x71b1c032ef60>]}
[0m05:48:55.591996 [error] [Thread-1 (]: 3 of 5 ERROR creating sql table model driven_staging.dim_finance ............... [[31mERROR[0m in 0.07s]
[0m05:48:55.593152 [debug] [Thread-1 (]: Finished running node model.dbt_driven_data.staging_dim_finance
[0m05:48:55.593890 [debug] [Thread-1 (]: Began running node model.dbt_driven_data.staging_dim_person
[0m05:48:55.594492 [debug] [Thread-1 (]: Began executing node model.dbt_driven_data.staging_dim_person
[0m05:48:55.594522 [debug] [Thread-4 (]: Marking all children of 'model.dbt_driven_data.staging_dim_finance' to be skipped because of status 'error'.  Reason: Database Error in model staging_dim_finance (models/staging_dim_finance.sql)
  relation "dim_finance" already exists
  compiled code at target/run/dbt_driven_data/models/staging_dim_finance.sql.
[0m05:48:55.595097 [info ] [Thread-1 (]: 4 of 5 START sql table model driven_staging.dim_person ......................... [RUN]
[0m05:48:55.595971 [debug] [Thread-1 (]: Re-using an available connection from the pool (formerly model.dbt_driven_data.staging_dim_finance, now model.dbt_driven_data.staging_dim_person)
[0m05:48:55.596464 [debug] [Thread-1 (]: Began compiling node model.dbt_driven_data.staging_dim_person
[0m05:48:55.599273 [debug] [Thread-1 (]: Writing runtime sql for node "model.dbt_driven_data.staging_dim_person"
[0m05:48:55.601949 [debug] [Thread-1 (]: Writing injected SQL for node "model.dbt_driven_data.staging_dim_person"
[0m05:48:55.608193 [debug] [Thread-1 (]: Using postgres connection "model.dbt_driven_data.staging_dim_person"
[0m05:48:55.609086 [debug] [Thread-1 (]: On model.dbt_driven_data.staging_dim_person: BEGIN
[0m05:48:55.609829 [debug] [Thread-1 (]: Opening a new connection, currently in state closed
[0m05:48:55.610270 [debug] [Thread-1 (]: Began executing node model.dbt_driven_data.staging_dim_person
[0m05:48:55.616737 [debug] [Thread-1 (]: Writing runtime sql for node "model.dbt_driven_data.staging_dim_person"
[0m05:48:55.619994 [debug] [Thread-1 (]: SQL status: BEGIN in 0.010 seconds
[0m05:48:55.621541 [debug] [Thread-1 (]: Using postgres connection "model.dbt_driven_data.staging_dim_person"
[0m05:48:55.622670 [debug] [Thread-1 (]: On model.dbt_driven_data.staging_dim_person: /* {"app": "dbt", "dbt_version": "1.10.3", "profile_name": "default", "target_name": "dev", "node_id": "model.dbt_driven_data.staging_dim_person"} */

  
    

  create  table "airflow"."driven_staging"."dim_person__dbt_tmp"
  
  
    as
  
  (
    
WITH source_data AS (
 SELECT
 unique_id,
 person_name,
 user_name,
 email,
 phone,
 birth_date,
 personal_number
 FROM
 "airflow"."driven_raw"."raw_batch_data"
)
SELECT
 *
FROM
 source_data
  );
  
[0m05:48:55.628343 [debug] [Thread-1 (]: Using postgres connection "model.dbt_driven_data.staging_dim_person"
[0m05:48:55.629139 [debug] [Thread-1 (]: On model.dbt_driven_data.staging_dim_person: BEGIN
[0m05:48:55.629722 [debug] [Thread-1 (]: Opening a new connection, currently in state closed
[0m05:48:55.632656 [debug] [Thread-1 (]: SQL status: SELECT 200 in 0.009 seconds
[0m05:48:55.636832 [debug] [Thread-1 (]: SQL status: BEGIN in 0.007 seconds
[0m05:48:55.637275 [debug] [Thread-1 (]: Using postgres connection "model.dbt_driven_data.staging_dim_person"
[0m05:48:55.637584 [debug] [Thread-1 (]: Using postgres connection "model.dbt_driven_data.staging_dim_person"
[0m05:48:55.637926 [debug] [Thread-1 (]: On model.dbt_driven_data.staging_dim_person: /* {"app": "dbt", "dbt_version": "1.10.3", "profile_name": "default", "target_name": "dev", "node_id": "model.dbt_driven_data.staging_dim_person"} */
alter table "airflow"."driven_staging"."dim_person__dbt_tmp" rename to "dim_person"
[0m05:48:55.638144 [debug] [Thread-1 (]: On model.dbt_driven_data.staging_dim_person: /* {"app": "dbt", "dbt_version": "1.10.3", "profile_name": "default", "target_name": "dev", "node_id": "model.dbt_driven_data.staging_dim_person"} */

  
    

  create  table "airflow"."driven_staging"."dim_person__dbt_tmp"
  
  
    as
  
  (
    
WITH source_data AS (
 SELECT
 unique_id,
 person_name,
 user_name,
 email,
 phone,
 birth_date,
 personal_number
 FROM
 "airflow"."driven_raw"."raw_batch_data"
)
SELECT
 *
FROM
 source_data
  );
  
[0m05:48:55.639245 [debug] [Thread-1 (]: SQL status: ALTER TABLE in 0.001 seconds
[0m05:48:55.641716 [debug] [Thread-1 (]: On model.dbt_driven_data.staging_dim_person: COMMIT
[0m05:48:55.642378 [debug] [Thread-1 (]: Using postgres connection "model.dbt_driven_data.staging_dim_person"
[0m05:48:55.642870 [debug] [Thread-1 (]: On model.dbt_driven_data.staging_dim_person: COMMIT
[0m05:48:55.644857 [debug] [Thread-1 (]: SQL status: COMMIT in 0.001 seconds
[0m05:48:55.648791 [debug] [Thread-1 (]: Applying DROP to: "airflow"."driven_staging"."dim_person__dbt_backup"
[0m05:48:55.649964 [debug] [Thread-1 (]: Using postgres connection "model.dbt_driven_data.staging_dim_person"
[0m05:48:55.650588 [debug] [Thread-1 (]: On model.dbt_driven_data.staging_dim_person: /* {"app": "dbt", "dbt_version": "1.10.3", "profile_name": "default", "target_name": "dev", "node_id": "model.dbt_driven_data.staging_dim_person"} */
drop table if exists "airflow"."driven_staging"."dim_person__dbt_backup" cascade
[0m05:48:55.651152 [debug] [Thread-1 (]: SQL status: SELECT 200 in 0.012 seconds
[0m05:48:55.651450 [debug] [Thread-1 (]: SQL status: DROP TABLE in 0.000 seconds
[0m05:48:55.653177 [debug] [Thread-1 (]: On model.dbt_driven_data.staging_dim_person: Close
[0m05:48:55.654481 [debug] [Thread-1 (]: Sending event: {'category': 'dbt', 'action': 'run_model', 'label': '048f7373-ba8f-4b48-9610-bd6c92936f31', 'context': [<snowplow_tracker.self_describing_json.SelfDescribingJson object at 0x75bc5893bb00>]}
[0m05:48:55.655794 [info ] [Thread-1 (]: 4 of 5 OK created sql table model driven_staging.dim_person .................... [[32mSELECT 200[0m in 0.08s]
[0m05:48:55.656278 [debug] [Thread-1 (]: Using postgres connection "model.dbt_driven_data.staging_dim_person"
[0m05:48:55.657231 [debug] [Thread-1 (]: On model.dbt_driven_data.staging_dim_person: /* {"app": "dbt", "dbt_version": "1.10.3", "profile_name": "default", "target_name": "dev", "node_id": "model.dbt_driven_data.staging_dim_person"} */
alter table "airflow"."driven_staging"."dim_person__dbt_tmp" rename to "dim_person"
[0m05:48:55.657468 [debug] [Thread-1 (]: Finished running node model.dbt_driven_data.staging_dim_person
[0m05:48:55.658249 [debug] [Thread-1 (]: Began running node model.dbt_driven_data.staging_fact_network_usage
[0m05:48:55.659096 [debug] [Thread-1 (]: Postgres adapter: Postgres error: relation "dim_person" already exists

[0m05:48:55.659122 [info ] [Thread-1 (]: 5 of 5 START sql table model driven_staging.fact_network_usage ................. [RUN]
[0m05:48:55.661092 [debug] [Thread-1 (]: On model.dbt_driven_data.staging_dim_person: ROLLBACK
[0m05:48:55.661364 [debug] [Thread-1 (]: Re-using an available connection from the pool (formerly model.dbt_driven_data.staging_dim_person, now model.dbt_driven_data.staging_fact_network_usage)
[0m05:48:55.662350 [debug] [Thread-1 (]: Began compiling node model.dbt_driven_data.staging_fact_network_usage
[0m05:48:55.662705 [debug] [Thread-1 (]: Postgres adapter: Error running SQL: macro rename_relation
[0m05:48:55.663559 [debug] [Thread-1 (]: Postgres adapter: Rolling back transaction.
[0m05:48:55.664364 [debug] [Thread-1 (]: On model.dbt_driven_data.staging_dim_person: Close
[0m05:48:55.668369 [debug] [Thread-1 (]: Writing injected SQL for node "model.dbt_driven_data.staging_fact_network_usage"
[0m05:48:55.668976 [debug] [Thread-1 (]: Database Error in model staging_dim_person (models/staging_dim_person.sql)
  relation "dim_person" already exists
  compiled code at target/run/dbt_driven_data/models/staging_dim_person.sql
[0m05:48:55.669851 [debug] [Thread-1 (]: Sending event: {'category': 'dbt', 'action': 'run_model', 'label': '571170b9-25bb-4f39-a59d-82fc7a1801e1', 'context': [<snowplow_tracker.self_describing_json.SelfDescribingJson object at 0x71b1c03707d0>]}
[0m05:48:55.670755 [error] [Thread-1 (]: 4 of 5 ERROR creating sql table model driven_staging.dim_person ................ [[31mERROR[0m in 0.07s]
[0m05:48:55.671530 [debug] [Thread-1 (]: Finished running node model.dbt_driven_data.staging_dim_person
[0m05:48:55.672105 [debug] [Thread-1 (]: Began running node model.dbt_driven_data.staging_fact_network_usage
[0m05:48:55.672656 [debug] [Thread-4 (]: Marking all children of 'model.dbt_driven_data.staging_dim_person' to be skipped because of status 'error'.  Reason: Database Error in model staging_dim_person (models/staging_dim_person.sql)
  relation "dim_person" already exists
  compiled code at target/run/dbt_driven_data/models/staging_dim_person.sql.
[0m05:48:55.673318 [info ] [Thread-1 (]: 5 of 5 START sql table model driven_staging.fact_network_usage ................. [RUN]
[0m05:48:55.674744 [debug] [Thread-1 (]: Re-using an available connection from the pool (formerly model.dbt_driven_data.staging_dim_person, now model.dbt_driven_data.staging_fact_network_usage)
[0m05:48:55.675366 [debug] [Thread-1 (]: Began compiling node model.dbt_driven_data.staging_fact_network_usage
[0m05:48:55.676458 [debug] [Thread-1 (]: Began executing node model.dbt_driven_data.staging_fact_network_usage
[0m05:48:55.679646 [debug] [Thread-1 (]: Writing injected SQL for node "model.dbt_driven_data.staging_fact_network_usage"
[0m05:48:55.682196 [debug] [Thread-1 (]: Writing runtime sql for node "model.dbt_driven_data.staging_fact_network_usage"
[0m05:48:55.691143 [debug] [Thread-1 (]: Using postgres connection "model.dbt_driven_data.staging_fact_network_usage"
[0m05:48:55.692691 [debug] [Thread-1 (]: On model.dbt_driven_data.staging_fact_network_usage: BEGIN
[0m05:48:55.693931 [debug] [Thread-1 (]: Opening a new connection, currently in state closed
[0m05:48:55.694152 [debug] [Thread-1 (]: Began executing node model.dbt_driven_data.staging_fact_network_usage
[0m05:48:55.705480 [debug] [Thread-1 (]: SQL status: BEGIN in 0.012 seconds
[0m05:48:55.706530 [debug] [Thread-1 (]: Using postgres connection "model.dbt_driven_data.staging_fact_network_usage"
[0m05:48:55.706482 [debug] [Thread-1 (]: Writing runtime sql for node "model.dbt_driven_data.staging_fact_network_usage"
[0m05:48:55.707306 [debug] [Thread-1 (]: On model.dbt_driven_data.staging_fact_network_usage: /* {"app": "dbt", "dbt_version": "1.10.3", "profile_name": "default", "target_name": "dev", "node_id": "model.dbt_driven_data.staging_fact_network_usage"} */

  
    

  create  table "airflow"."driven_staging"."fact_network_usage__dbt_tmp"
  
  
    as
  
  (
    
WITH source_data AS (
 SELECT
 unique_id,
 session_duration,
 download_speed,
 upload_speed,
 consumed_traffic
 FROM
 "airflow"."driven_raw"."raw_batch_data"
)
SELECT
 *
FROM
 source_data
  );
  
[0m05:48:55.713072 [debug] [Thread-1 (]: SQL status: SELECT 200 in 0.005 seconds
[0m05:48:55.714501 [debug] [Thread-1 (]: Using postgres connection "model.dbt_driven_data.staging_fact_network_usage"
[0m05:48:55.715266 [debug] [Thread-1 (]: On model.dbt_driven_data.staging_fact_network_usage: BEGIN
[0m05:48:55.715835 [debug] [Thread-1 (]: Opening a new connection, currently in state closed
[0m05:48:55.718142 [debug] [Thread-1 (]: Using postgres connection "model.dbt_driven_data.staging_fact_network_usage"
[0m05:48:55.718787 [debug] [Thread-1 (]: On model.dbt_driven_data.staging_fact_network_usage: /* {"app": "dbt", "dbt_version": "1.10.3", "profile_name": "default", "target_name": "dev", "node_id": "model.dbt_driven_data.staging_fact_network_usage"} */
alter table "airflow"."driven_staging"."fact_network_usage__dbt_tmp" rename to "fact_network_usage"
[0m05:48:55.719755 [debug] [Thread-1 (]: SQL status: ALTER TABLE in 0.000 seconds
[0m05:48:55.721343 [debug] [Thread-1 (]: On model.dbt_driven_data.staging_fact_network_usage: COMMIT
[0m05:48:55.721934 [debug] [Thread-1 (]: Using postgres connection "model.dbt_driven_data.staging_fact_network_usage"
[0m05:48:55.722150 [debug] [Thread-1 (]: SQL status: BEGIN in 0.006 seconds
[0m05:48:55.722605 [debug] [Thread-1 (]: On model.dbt_driven_data.staging_fact_network_usage: COMMIT
[0m05:48:55.723554 [debug] [Thread-1 (]: Using postgres connection "model.dbt_driven_data.staging_fact_network_usage"
[0m05:48:55.724703 [debug] [Thread-1 (]: On model.dbt_driven_data.staging_fact_network_usage: /* {"app": "dbt", "dbt_version": "1.10.3", "profile_name": "default", "target_name": "dev", "node_id": "model.dbt_driven_data.staging_fact_network_usage"} */

  
    

  create  table "airflow"."driven_staging"."fact_network_usage__dbt_tmp"
  
  
    as
  
  (
    
WITH source_data AS (
 SELECT
 unique_id,
 session_duration,
 download_speed,
 upload_speed,
 consumed_traffic
 FROM
 "airflow"."driven_raw"."raw_batch_data"
)
SELECT
 *
FROM
 source_data
  );
  
[0m05:48:55.726508 [debug] [Thread-1 (]: SQL status: COMMIT in 0.003 seconds
[0m05:48:55.728100 [debug] [Thread-1 (]: SQL status: SELECT 200 in 0.002 seconds
[0m05:48:55.730322 [debug] [Thread-1 (]: Applying DROP to: "airflow"."driven_staging"."fact_network_usage__dbt_backup"
[0m05:48:55.732383 [debug] [Thread-1 (]: Using postgres connection "model.dbt_driven_data.staging_fact_network_usage"
[0m05:48:55.733174 [debug] [Thread-1 (]: On model.dbt_driven_data.staging_fact_network_usage: /* {"app": "dbt", "dbt_version": "1.10.3", "profile_name": "default", "target_name": "dev", "node_id": "model.dbt_driven_data.staging_fact_network_usage"} */
drop table if exists "airflow"."driven_staging"."fact_network_usage__dbt_backup" cascade
[0m05:48:55.733625 [debug] [Thread-1 (]: Using postgres connection "model.dbt_driven_data.staging_fact_network_usage"
[0m05:48:55.734326 [debug] [Thread-1 (]: SQL status: DROP TABLE in 0.000 seconds
[0m05:48:55.734375 [debug] [Thread-1 (]: On model.dbt_driven_data.staging_fact_network_usage: /* {"app": "dbt", "dbt_version": "1.10.3", "profile_name": "default", "target_name": "dev", "node_id": "model.dbt_driven_data.staging_fact_network_usage"} */
alter table "airflow"."driven_staging"."fact_network_usage__dbt_tmp" rename to "fact_network_usage"
[0m05:48:55.735842 [debug] [Thread-1 (]: Postgres adapter: Postgres error: relation "fact_network_usage" already exists

[0m05:48:55.736180 [debug] [Thread-1 (]: On model.dbt_driven_data.staging_fact_network_usage: Close
[0m05:48:55.736892 [debug] [Thread-1 (]: On model.dbt_driven_data.staging_fact_network_usage: ROLLBACK
[0m05:48:55.737788 [debug] [Thread-1 (]: Sending event: {'category': 'dbt', 'action': 'run_model', 'label': '048f7373-ba8f-4b48-9610-bd6c92936f31', 'context': [<snowplow_tracker.self_describing_json.SelfDescribingJson object at 0x75bc589525a0>]}
[0m05:48:55.738787 [debug] [Thread-1 (]: Postgres adapter: Error running SQL: macro rename_relation
[0m05:48:55.739541 [info ] [Thread-1 (]: 5 of 5 OK created sql table model driven_staging.fact_network_usage ............ [[32mSELECT 200[0m in 0.08s]
[0m05:48:55.739855 [debug] [Thread-1 (]: Postgres adapter: Rolling back transaction.
[0m05:48:55.740657 [debug] [Thread-1 (]: On model.dbt_driven_data.staging_fact_network_usage: Close
[0m05:48:55.740799 [debug] [Thread-1 (]: Finished running node model.dbt_driven_data.staging_fact_network_usage
[0m05:48:55.743247 [debug] [MainThread]: Using postgres connection "master"
[0m05:48:55.744262 [debug] [MainThread]: On master: BEGIN
[0m05:48:55.744265 [debug] [Thread-1 (]: Database Error in model staging_fact_network_usage (models/staging_fact_network_usage.sql)
  relation "fact_network_usage" already exists
  compiled code at target/run/dbt_driven_data/models/staging_fact_network_usage.sql
[0m05:48:55.745295 [debug] [MainThread]: Opening a new connection, currently in state closed
[0m05:48:55.745680 [debug] [Thread-1 (]: Sending event: {'category': 'dbt', 'action': 'run_model', 'label': '571170b9-25bb-4f39-a59d-82fc7a1801e1', 'context': [<snowplow_tracker.self_describing_json.SelfDescribingJson object at 0x71b1c0358ad0>]}
[0m05:48:55.747104 [error] [Thread-1 (]: 5 of 5 ERROR creating sql table model driven_staging.fact_network_usage ........ [[31mERROR[0m in 0.07s]
[0m05:48:55.748183 [debug] [Thread-1 (]: Finished running node model.dbt_driven_data.staging_fact_network_usage
[0m05:48:55.748903 [debug] [Thread-4 (]: Marking all children of 'model.dbt_driven_data.staging_fact_network_usage' to be skipped because of status 'error'.  Reason: Database Error in model staging_fact_network_usage (models/staging_fact_network_usage.sql)
  relation "fact_network_usage" already exists
  compiled code at target/run/dbt_driven_data/models/staging_fact_network_usage.sql.
[0m05:48:55.751884 [debug] [MainThread]: Using postgres connection "master"
[0m05:48:55.752783 [debug] [MainThread]: On master: BEGIN
[0m05:48:55.753286 [debug] [MainThread]: SQL status: BEGIN in 0.008 seconds
[0m05:48:55.753630 [debug] [MainThread]: Opening a new connection, currently in state closed
[0m05:48:55.754227 [debug] [MainThread]: On master: COMMIT
[0m05:48:55.754813 [debug] [MainThread]: Using postgres connection "master"
[0m05:48:55.755372 [debug] [MainThread]: On master: COMMIT
[0m05:48:55.756043 [debug] [MainThread]: SQL status: COMMIT in 0.000 seconds
[0m05:48:55.756806 [debug] [MainThread]: On master: Close
[0m05:48:55.757872 [debug] [MainThread]: Connection 'master' was properly closed.
[0m05:48:55.758579 [debug] [MainThread]: Connection 'model.dbt_driven_data.staging_fact_network_usage' was properly closed.
[0m05:48:55.760532 [info ] [MainThread]: 
[0m05:48:55.761736 [info ] [MainThread]: Finished running 5 table models in 0 hours 0 minutes and 0.88 seconds (0.88s).
[0m05:48:55.761605 [debug] [MainThread]: SQL status: BEGIN in 0.008 seconds
[0m05:48:55.762696 [debug] [MainThread]: On master: COMMIT
[0m05:48:55.763423 [debug] [MainThread]: Using postgres connection "master"
[0m05:48:55.763544 [debug] [MainThread]: Command end result
[0m05:48:55.764074 [debug] [MainThread]: On master: COMMIT
[0m05:48:55.765040 [debug] [MainThread]: SQL status: COMMIT in 0.000 seconds
[0m05:48:55.765952 [debug] [MainThread]: On master: Close
[0m05:48:55.767240 [debug] [MainThread]: Connection 'master' was properly closed.
[0m05:48:55.767916 [debug] [MainThread]: Connection 'model.dbt_driven_data.staging_fact_network_usage' was properly closed.
[0m05:48:55.768694 [info ] [MainThread]: 
[0m05:48:55.769382 [info ] [MainThread]: Finished running 5 table models in 0 hours 0 minutes and 0.81 seconds (0.81s).
[0m05:48:55.771332 [debug] [MainThread]: Command end result
[0m05:48:55.807070 [debug] [MainThread]: Wrote artifact WritableManifest to /opt/airflow/dbt/target/manifest.json
[0m05:48:55.808124 [debug] [MainThread]: Wrote artifact WritableManifest to /opt/airflow/dbt/target/manifest.json
[0m05:48:55.814160 [debug] [MainThread]: Wrote artifact SemanticManifest to /opt/airflow/dbt/target/semantic_manifest.json
[0m05:48:55.815038 [debug] [MainThread]: Wrote artifact SemanticManifest to /opt/airflow/dbt/target/semantic_manifest.json
[0m05:48:55.826096 [debug] [MainThread]: Wrote artifact RunExecutionResult to /opt/airflow/dbt/target/run_results.json
[0m05:48:55.827251 [info ] [MainThread]: 
[0m05:48:55.827716 [debug] [MainThread]: Wrote artifact RunExecutionResult to /opt/airflow/dbt/target/run_results.json
[0m05:48:55.829367 [info ] [MainThread]: [32mCompleted successfully[0m
[0m05:48:55.829325 [info ] [MainThread]: 
[0m05:48:55.830153 [info ] [MainThread]: 
[0m05:48:55.830238 [info ] [MainThread]: [31mCompleted with 5 errors, 0 partial successes, and 0 warnings:[0m
[0m05:48:55.830858 [info ] [MainThread]: Done. PASS=5 WARN=0 ERROR=0 SKIP=0 NO-OP=0 TOTAL=5
[0m05:48:55.831016 [info ] [MainThread]: 
[0m05:48:55.831736 [error] [MainThread]: [31mFailure in model staging_dim_address (models/staging_dim_address.sql)[0m
[0m05:48:55.832401 [error] [MainThread]:   Database Error in model staging_dim_address (models/staging_dim_address.sql)
  relation "dim_address" already exists
  compiled code at target/run/dbt_driven_data/models/staging_dim_address.sql
[0m05:48:55.833040 [info ] [MainThread]: 
[0m05:48:55.833689 [info ] [MainThread]:   compiled code at target/compiled/dbt_driven_data/models/staging_dim_address.sql
[0m05:48:55.834080 [debug] [MainThread]: Resource report: {"command_name": "run", "command_success": true, "command_wall_clock_time": 3.3228838, "process_in_blocks": "33784", "process_kernel_time": 0.868035, "process_mem_max_rss": "125496", "process_out_blocks": "1496", "process_user_time": 4.482811}
[0m05:48:55.834364 [info ] [MainThread]: 
[0m05:48:55.835124 [error] [MainThread]: [31mFailure in model staging_dim_date (models/staging_dim_date.sql)[0m
[0m05:48:55.835599 [debug] [MainThread]: Command `dbt run` succeeded at 05:48:55.835379 after 3.33 seconds
[0m05:48:55.835895 [error] [MainThread]:   Database Error in model staging_dim_date (models/staging_dim_date.sql)
  relation "dim_date" already exists
  compiled code at target/run/dbt_driven_data/models/staging_dim_date.sql
[0m05:48:55.836499 [info ] [MainThread]: 
[0m05:48:55.836706 [debug] [MainThread]: Sending event: {'category': 'dbt', 'action': 'invocation', 'label': 'end', 'context': [<snowplow_tracker.self_describing_json.SelfDescribingJson object at 0x75bc7479e9f0>, <snowplow_tracker.self_describing_json.SelfDescribingJson object at 0x75bc754a5a60>, <snowplow_tracker.self_describing_json.SelfDescribingJson object at 0x75bc74657ce0>]}
[0m05:48:55.837067 [info ] [MainThread]:   compiled code at target/compiled/dbt_driven_data/models/staging_dim_date.sql
[0m05:48:55.837346 [debug] [MainThread]: Flushing usage events
[0m05:48:55.837543 [info ] [MainThread]: 
[0m05:48:55.838158 [error] [MainThread]: [31mFailure in model staging_dim_finance (models/staging_dim_finance.sql)[0m
[0m05:48:55.838868 [error] [MainThread]:   Database Error in model staging_dim_finance (models/staging_dim_finance.sql)
  relation "dim_finance" already exists
  compiled code at target/run/dbt_driven_data/models/staging_dim_finance.sql
[0m05:48:55.839528 [info ] [MainThread]: 
[0m05:48:55.840112 [info ] [MainThread]:   compiled code at target/compiled/dbt_driven_data/models/staging_dim_finance.sql
[0m05:48:55.840658 [info ] [MainThread]: 
[0m05:48:55.841291 [error] [MainThread]: [31mFailure in model staging_dim_person (models/staging_dim_person.sql)[0m
[0m05:48:55.842239 [error] [MainThread]:   Database Error in model staging_dim_person (models/staging_dim_person.sql)
  relation "dim_person" already exists
  compiled code at target/run/dbt_driven_data/models/staging_dim_person.sql
[0m05:48:55.842907 [info ] [MainThread]: 
[0m05:48:55.843572 [info ] [MainThread]:   compiled code at target/compiled/dbt_driven_data/models/staging_dim_person.sql
[0m05:48:55.844095 [info ] [MainThread]: 
[0m05:48:55.844622 [error] [MainThread]: [31mFailure in model staging_fact_network_usage (models/staging_fact_network_usage.sql)[0m
[0m05:48:55.845176 [error] [MainThread]:   Database Error in model staging_fact_network_usage (models/staging_fact_network_usage.sql)
  relation "fact_network_usage" already exists
  compiled code at target/run/dbt_driven_data/models/staging_fact_network_usage.sql
[0m05:48:55.845753 [info ] [MainThread]: 
[0m05:48:55.846382 [info ] [MainThread]:   compiled code at target/compiled/dbt_driven_data/models/staging_fact_network_usage.sql
[0m05:48:55.847195 [info ] [MainThread]: 
[0m05:48:55.847921 [info ] [MainThread]: Done. PASS=0 WARN=0 ERROR=5 SKIP=0 NO-OP=0 TOTAL=5
[0m05:48:55.849691 [debug] [MainThread]: Resource report: {"command_name": "run", "command_success": false, "command_wall_clock_time": 3.339267, "process_in_blocks": "51656", "process_kernel_time": 0.857641, "process_mem_max_rss": "126200", "process_out_blocks": "1496", "process_user_time": 4.555209}
[0m05:48:55.850544 [debug] [MainThread]: Command `dbt run` failed at 05:48:55.850417 after 3.34 seconds
[0m05:48:55.851150 [debug] [MainThread]: Sending event: {'category': 'dbt', 'action': 'invocation', 'label': 'end', 'context': [<snowplow_tracker.self_describing_json.SelfDescribingJson object at 0x71b1c5ef4110>, <snowplow_tracker.self_describing_json.SelfDescribingJson object at 0x71b1c4a7c380>, <snowplow_tracker.self_describing_json.SelfDescribingJson object at 0x71b1c4a7cf50>]}
[0m05:48:55.851712 [debug] [MainThread]: Flushing usage events
[0m05:48:56.631126 [debug] [MainThread]: An error was encountered while trying to flush usage events
[0m05:48:56.631082 [debug] [MainThread]: An error was encountered while trying to flush usage events
[0m05:49:01.671851 [debug] [MainThread]: Sending event: {'category': 'dbt', 'action': 'invocation', 'label': 'start', 'context': [<snowplow_tracker.self_describing_json.SelfDescribingJson object at 0x70a927ab4e60>, <snowplow_tracker.self_describing_json.SelfDescribingJson object at 0x70a9280bc4a0>, <snowplow_tracker.self_describing_json.SelfDescribingJson object at 0x70a9280bc650>]}


============================== 05:49:01.678878 | 4d4aa905-fa64-4c08-a89f-390b21fe4c96 ==============================
[0m05:49:01.678878 [info ] [MainThread]: Running with dbt=1.10.3
[0m05:49:01.679645 [debug] [MainThread]: running dbt with arguments {'printer_width': '80', 'indirect_selection': 'eager', 'write_json': 'True', 'log_cache_events': 'False', 'partial_parse': 'True', 'cache_selected_only': 'False', 'profiles_dir': '/opt/airflow/dbt', 'fail_fast': 'False', 'version_check': 'True', 'log_path': '/opt/airflow/dbt/logs', 'warn_error': 'None', 'debug': 'False', 'use_colors': 'True', 'use_experimental_parser': 'False', 'empty': 'False', 'quiet': 'False', 'no_print': 'None', 'log_format': 'default', 'introspect': 'True', 'invocation_command': 'dbt run --select tag:trusted', 'warn_error_options': 'WarnErrorOptionsV2(error=[], warn=[], silence=[])', 'target_path': 'None', 'static_parser': 'True', 'send_anonymous_usage_stats': 'True'}
[0m05:49:01.906876 [debug] [MainThread]: Sending event: {'category': 'dbt', 'action': 'project_id', 'label': '4d4aa905-fa64-4c08-a89f-390b21fe4c96', 'context': [<snowplow_tracker.self_describing_json.SelfDescribingJson object at 0x70a92635da60>]}
[0m05:49:01.972848 [debug] [MainThread]: Sending event: {'category': 'dbt', 'action': 'adapter_info', 'label': '4d4aa905-fa64-4c08-a89f-390b21fe4c96', 'context': [<snowplow_tracker.self_describing_json.SelfDescribingJson object at 0x70a926ee57f0>]}
[0m05:49:01.974958 [info ] [MainThread]: Registered adapter: postgres=1.9.0
[0m05:49:02.104004 [debug] [MainThread]: checksum: 1bfacb87e6914c9942cfa2c4badfc1df19d859fe8ec086286ef238a7d920f97b, vars: {}, profile: , target: , version: 1.10.3
[0m05:49:02.312888 [debug] [MainThread]: Partial parsing enabled: 0 files deleted, 0 files added, 0 files changed.
[0m05:49:02.313794 [debug] [MainThread]: Partial parsing enabled, no changes found, skipping parsing
[0m05:49:02.351792 [debug] [MainThread]: Sending event: {'category': 'dbt', 'action': 'load_project', 'label': '4d4aa905-fa64-4c08-a89f-390b21fe4c96', 'context': [<snowplow_tracker.self_describing_json.SelfDescribingJson object at 0x70a925fa13d0>]}
[0m05:49:02.463346 [debug] [MainThread]: Wrote artifact WritableManifest to /opt/airflow/dbt/target/manifest.json
[0m05:49:02.474226 [debug] [MainThread]: Wrote artifact SemanticManifest to /opt/airflow/dbt/target/semantic_manifest.json
[0m05:49:02.524148 [debug] [MainThread]: Sending event: {'category': 'dbt', 'action': 'resource_counts', 'label': '4d4aa905-fa64-4c08-a89f-390b21fe4c96', 'context': [<snowplow_tracker.self_describing_json.SelfDescribingJson object at 0x70a925bf9e50>]}
[0m05:49:02.525472 [info ] [MainThread]: Found 9 models, 11 sources, 433 macros
[0m05:49:02.526459 [debug] [MainThread]: Sending event: {'category': 'dbt', 'action': 'runnable_timing', 'label': '4d4aa905-fa64-4c08-a89f-390b21fe4c96', 'context': [<snowplow_tracker.self_describing_json.SelfDescribingJson object at 0x70a926cbc9e0>]}
[0m05:49:02.531113 [info ] [MainThread]: 
[0m05:49:02.532261 [info ] [MainThread]: Concurrency: 1 threads (target='dev')
[0m05:49:02.533007 [info ] [MainThread]: 
[0m05:49:02.534819 [debug] [MainThread]: Acquiring new postgres connection 'master'
[0m05:49:02.543628 [debug] [ThreadPool]: Acquiring new postgres connection 'list_airflow'
[0m05:49:02.602352 [debug] [ThreadPool]: Using postgres connection "list_airflow"
[0m05:49:02.603813 [debug] [ThreadPool]: On list_airflow: /* {"app": "dbt", "dbt_version": "1.10.3", "profile_name": "default", "target_name": "dev", "connection_name": "list_airflow"} */

    select distinct nspname from pg_namespace
  
[0m05:49:02.604553 [debug] [ThreadPool]: Opening a new connection, currently in state init
[0m05:49:02.613233 [debug] [ThreadPool]: SQL status: SELECT 6 in 0.009 seconds
[0m05:49:02.615000 [debug] [ThreadPool]: On list_airflow: Close
[0m05:49:02.616027 [debug] [ThreadPool]: Re-using an available connection from the pool (formerly list_airflow, now create_airflow_driven_trusted)
[0m05:49:02.617053 [debug] [ThreadPool]: Creating schema "database: "airflow"
schema: "driven_trusted"
"
[0m05:49:02.624568 [debug] [ThreadPool]: Using postgres connection "create_airflow_driven_trusted"
[0m05:49:02.626116 [debug] [ThreadPool]: On create_airflow_driven_trusted: BEGIN
[0m05:49:02.626794 [debug] [ThreadPool]: Opening a new connection, currently in state closed
[0m05:49:02.634075 [debug] [ThreadPool]: SQL status: BEGIN in 0.007 seconds
[0m05:49:02.635042 [debug] [ThreadPool]: Using postgres connection "create_airflow_driven_trusted"
[0m05:49:02.635544 [debug] [ThreadPool]: On create_airflow_driven_trusted: /* {"app": "dbt", "dbt_version": "1.10.3", "profile_name": "default", "target_name": "dev", "connection_name": "create_airflow_driven_trusted"} */
create schema if not exists "driven_trusted"
[0m05:49:02.636595 [debug] [ThreadPool]: SQL status: CREATE SCHEMA in 0.000 seconds
[0m05:49:02.638501 [debug] [ThreadPool]: On create_airflow_driven_trusted: COMMIT
[0m05:49:02.639781 [debug] [ThreadPool]: Using postgres connection "create_airflow_driven_trusted"
[0m05:49:02.640371 [debug] [ThreadPool]: On create_airflow_driven_trusted: COMMIT
[0m05:49:02.642487 [debug] [ThreadPool]: SQL status: COMMIT in 0.001 seconds
[0m05:49:02.643012 [debug] [ThreadPool]: On create_airflow_driven_trusted: Close
[0m05:49:02.647703 [debug] [ThreadPool]: Re-using an available connection from the pool (formerly create_airflow_driven_trusted, now list_airflow_driven_staging)
[0m05:49:02.656015 [debug] [ThreadPool]: Using postgres connection "list_airflow_driven_staging"
[0m05:49:02.656978 [debug] [ThreadPool]: On list_airflow_driven_staging: BEGIN
[0m05:49:02.657542 [debug] [ThreadPool]: Opening a new connection, currently in state closed
[0m05:49:02.666438 [debug] [ThreadPool]: SQL status: BEGIN in 0.008 seconds
[0m05:49:02.668331 [debug] [ThreadPool]: Using postgres connection "list_airflow_driven_staging"
[0m05:49:02.669178 [debug] [ThreadPool]: On list_airflow_driven_staging: /* {"app": "dbt", "dbt_version": "1.10.3", "profile_name": "default", "target_name": "dev", "connection_name": "list_airflow_driven_staging"} */
select
      'airflow' as database,
      tablename as name,
      schemaname as schema,
      'table' as type
    from pg_tables
    where schemaname ilike 'driven_staging'
    union all
    select
      'airflow' as database,
      viewname as name,
      schemaname as schema,
      'view' as type
    from pg_views
    where schemaname ilike 'driven_staging'
    union all
    select
      'airflow' as database,
      matviewname as name,
      schemaname as schema,
      'materialized_view' as type
    from pg_matviews
    where schemaname ilike 'driven_staging'
  
[0m05:49:02.676036 [debug] [ThreadPool]: SQL status: SELECT 5 in 0.006 seconds
[0m05:49:02.678223 [debug] [ThreadPool]: On list_airflow_driven_staging: ROLLBACK
[0m05:49:02.679386 [debug] [ThreadPool]: On list_airflow_driven_staging: Close
[0m05:49:02.681112 [debug] [ThreadPool]: Re-using an available connection from the pool (formerly list_airflow_driven_staging, now list_airflow_driven_trusted)
[0m05:49:02.685984 [debug] [ThreadPool]: Using postgres connection "list_airflow_driven_trusted"
[0m05:49:02.688271 [debug] [ThreadPool]: On list_airflow_driven_trusted: BEGIN
[0m05:49:02.689517 [debug] [ThreadPool]: Opening a new connection, currently in state closed
[0m05:49:02.697869 [debug] [ThreadPool]: SQL status: BEGIN in 0.008 seconds
[0m05:49:02.698987 [debug] [ThreadPool]: Using postgres connection "list_airflow_driven_trusted"
[0m05:49:02.699575 [debug] [ThreadPool]: On list_airflow_driven_trusted: /* {"app": "dbt", "dbt_version": "1.10.3", "profile_name": "default", "target_name": "dev", "connection_name": "list_airflow_driven_trusted"} */
select
      'airflow' as database,
      tablename as name,
      schemaname as schema,
      'table' as type
    from pg_tables
    where schemaname ilike 'driven_trusted'
    union all
    select
      'airflow' as database,
      viewname as name,
      schemaname as schema,
      'view' as type
    from pg_views
    where schemaname ilike 'driven_trusted'
    union all
    select
      'airflow' as database,
      matviewname as name,
      schemaname as schema,
      'materialized_view' as type
    from pg_matviews
    where schemaname ilike 'driven_trusted'
  
[0m05:49:02.705298 [debug] [ThreadPool]: SQL status: SELECT 0 in 0.005 seconds
[0m05:49:02.707851 [debug] [ThreadPool]: On list_airflow_driven_trusted: ROLLBACK
[0m05:49:02.709382 [debug] [ThreadPool]: On list_airflow_driven_trusted: Close
[0m05:49:02.717414 [debug] [MainThread]: Using postgres connection "master"
[0m05:49:02.718493 [debug] [MainThread]: On master: BEGIN
[0m05:49:02.719087 [debug] [MainThread]: Opening a new connection, currently in state init
[0m05:49:02.727323 [debug] [MainThread]: SQL status: BEGIN in 0.008 seconds
[0m05:49:02.730024 [debug] [MainThread]: Using postgres connection "master"
[0m05:49:02.731262 [debug] [MainThread]: On master: /* {"app": "dbt", "dbt_version": "1.10.3", "profile_name": "default", "target_name": "dev", "connection_name": "master"} */
with relation as (
        select
            pg_rewrite.ev_class as class,
            pg_rewrite.oid as id
        from pg_rewrite
    ),
    class as (
        select
            oid as id,
            relname as name,
            relnamespace as schema,
            relkind as kind
        from pg_class
    ),
    dependency as (
        select distinct
            pg_depend.objid as id,
            pg_depend.refobjid as ref
        from pg_depend
    ),
    schema as (
        select
            pg_namespace.oid as id,
            pg_namespace.nspname as name
        from pg_namespace
        where nspname != 'information_schema' and nspname not like 'pg\_%'
    ),
    referenced as (
        select
            relation.id AS id,
            referenced_class.name ,
            referenced_class.schema ,
            referenced_class.kind
        from relation
        join class as referenced_class on relation.class=referenced_class.id
        where referenced_class.kind in ('r', 'v', 'm')
    ),
    relationships as (
        select
            referenced.name as referenced_name,
            referenced.schema as referenced_schema_id,
            dependent_class.name as dependent_name,
            dependent_class.schema as dependent_schema_id,
            referenced.kind as kind
        from referenced
        join dependency on referenced.id=dependency.id
        join class as dependent_class on dependency.ref=dependent_class.id
        where
            (referenced.name != dependent_class.name or
             referenced.schema != dependent_class.schema)
    )

    select
        referenced_schema.name as referenced_schema,
        relationships.referenced_name as referenced_name,
        dependent_schema.name as dependent_schema,
        relationships.dependent_name as dependent_name
    from relationships
    join schema as dependent_schema on relationships.dependent_schema_id=dependent_schema.id
    join schema as referenced_schema on relationships.referenced_schema_id=referenced_schema.id
    group by referenced_schema, referenced_name, dependent_schema, dependent_name
    order by referenced_schema, referenced_name, dependent_schema, dependent_name;
[0m05:49:02.738878 [debug] [MainThread]: SQL status: SELECT 0 in 0.007 seconds
[0m05:49:02.741365 [debug] [MainThread]: Sending event: {'category': 'dbt', 'action': 'runnable_timing', 'label': '4d4aa905-fa64-4c08-a89f-390b21fe4c96', 'context': [<snowplow_tracker.self_describing_json.SelfDescribingJson object at 0x70a925f1acf0>]}
[0m05:49:02.742950 [debug] [MainThread]: On master: ROLLBACK
[0m05:49:02.744149 [debug] [MainThread]: Using postgres connection "master"
[0m05:49:02.744765 [debug] [MainThread]: On master: BEGIN
[0m05:49:02.745559 [debug] [MainThread]: SQL status: BEGIN in 0.000 seconds
[0m05:49:02.746060 [debug] [MainThread]: On master: COMMIT
[0m05:49:02.746558 [debug] [MainThread]: Using postgres connection "master"
[0m05:49:02.747036 [debug] [MainThread]: On master: COMMIT
[0m05:49:02.747674 [debug] [MainThread]: SQL status: COMMIT in 0.000 seconds
[0m05:49:02.748208 [debug] [MainThread]: On master: Close
[0m05:49:02.754966 [debug] [Thread-1 (]: Began running node model.dbt_driven_data.trusted_non_pii_data
[0m05:49:02.757187 [info ] [Thread-1 (]: 1 of 4 START sql table model driven_trusted.non_pii_data ....................... [RUN]
[0m05:49:02.758531 [debug] [Thread-1 (]: Re-using an available connection from the pool (formerly list_airflow_driven_trusted, now model.dbt_driven_data.trusted_non_pii_data)
[0m05:49:02.759231 [debug] [Thread-1 (]: Began compiling node model.dbt_driven_data.trusted_non_pii_data
[0m05:49:02.773728 [debug] [Thread-1 (]: Writing injected SQL for node "model.dbt_driven_data.trusted_non_pii_data"
[0m05:49:02.781989 [debug] [Thread-1 (]: Began executing node model.dbt_driven_data.trusted_non_pii_data
[0m05:49:02.827950 [debug] [Thread-1 (]: Writing runtime sql for node "model.dbt_driven_data.trusted_non_pii_data"
[0m05:49:02.835537 [debug] [Thread-1 (]: Using postgres connection "model.dbt_driven_data.trusted_non_pii_data"
[0m05:49:02.836222 [debug] [Thread-1 (]: On model.dbt_driven_data.trusted_non_pii_data: BEGIN
[0m05:49:02.836790 [debug] [Thread-1 (]: Opening a new connection, currently in state closed
[0m05:49:02.852307 [debug] [Thread-1 (]: SQL status: BEGIN in 0.015 seconds
[0m05:49:02.854191 [debug] [Thread-1 (]: Using postgres connection "model.dbt_driven_data.trusted_non_pii_data"
[0m05:49:02.855407 [debug] [Thread-1 (]: On model.dbt_driven_data.trusted_non_pii_data: /* {"app": "dbt", "dbt_version": "1.10.3", "profile_name": "default", "target_name": "dev", "node_id": "model.dbt_driven_data.trusted_non_pii_data"} */

  
    

  create  table "airflow"."driven_trusted"."non_pii_data__dbt_tmp"
  
  
    as
  
  (
    
WITH source_data AS (
 SELECT
 '***MASKED***' AS person_name,
 SUBSTRING(dp.user_name, 1, 5) || '*****' user_name,
 SUBSTRING(dp.email, 1, 5) || '*****' AS email,
 '***MASKED***' AS personal_number,
 '***MASKED***' AS birth_date,
 '***MASKED***' AS address,
 '***MASKED***' AS phone,
 SUBSTRING(da.mac_address, 1, 5) || '*****' AS mac_address,
 SUBSTRING(da.ip_address, 1, 5) || '*****' AS ip_address,
 SUBSTRING(df.iban, 1, 5) || '*****' AS iban,
 dd.accessed_at,
 fnu.session_duration,
 fnu.download_speed,
 fnu.upload_speed,
 fnu.consumed_traffic,
 fnu.unique_id
 FROM
 "airflow"."driven_staging"."fact_network_usage" fnu
 INNER JOIN
 "airflow"."driven_staging"."dim_address" da ON
fnu.unique_id = da.unique_id
 INNER JOIN
 "airflow"."driven_staging"."dim_date" dd ON da.unique_id =
dd.unique_id
 INNER JOIN
 "airflow"."driven_staging"."dim_finance" df ON dd.unique_id
= df.unique_id
 INNER JOIN
 "airflow"."driven_staging"."dim_person" dp ON df.unique_id
= dp.unique_id
)
SELECT
 *
FROM
 source_data
  );
  
[0m05:49:02.884598 [debug] [Thread-1 (]: SQL status: SELECT 3200 in 0.028 seconds
[0m05:49:02.895902 [debug] [Thread-1 (]: Using postgres connection "model.dbt_driven_data.trusted_non_pii_data"
[0m05:49:02.897169 [debug] [Thread-1 (]: On model.dbt_driven_data.trusted_non_pii_data: /* {"app": "dbt", "dbt_version": "1.10.3", "profile_name": "default", "target_name": "dev", "node_id": "model.dbt_driven_data.trusted_non_pii_data"} */
alter table "airflow"."driven_trusted"."non_pii_data__dbt_tmp" rename to "non_pii_data"
[0m05:49:02.898288 [debug] [Thread-1 (]: SQL status: ALTER TABLE in 0.001 seconds
[0m05:49:02.913207 [debug] [Thread-1 (]: On model.dbt_driven_data.trusted_non_pii_data: COMMIT
[0m05:49:02.913959 [debug] [Thread-1 (]: Using postgres connection "model.dbt_driven_data.trusted_non_pii_data"
[0m05:49:02.914484 [debug] [Thread-1 (]: On model.dbt_driven_data.trusted_non_pii_data: COMMIT
[0m05:49:02.919836 [debug] [Thread-1 (]: SQL status: COMMIT in 0.005 seconds
[0m05:49:02.927530 [debug] [Thread-1 (]: Applying DROP to: "airflow"."driven_trusted"."non_pii_data__dbt_backup"
[0m05:49:02.933209 [debug] [Thread-1 (]: Using postgres connection "model.dbt_driven_data.trusted_non_pii_data"
[0m05:49:02.933838 [debug] [Thread-1 (]: On model.dbt_driven_data.trusted_non_pii_data: /* {"app": "dbt", "dbt_version": "1.10.3", "profile_name": "default", "target_name": "dev", "node_id": "model.dbt_driven_data.trusted_non_pii_data"} */
drop table if exists "airflow"."driven_trusted"."non_pii_data__dbt_backup" cascade
[0m05:49:02.934684 [debug] [Thread-1 (]: SQL status: DROP TABLE in 0.000 seconds
[0m05:49:02.937606 [debug] [Thread-1 (]: On model.dbt_driven_data.trusted_non_pii_data: Close
[0m05:49:02.940118 [debug] [Thread-1 (]: Sending event: {'category': 'dbt', 'action': 'run_model', 'label': '4d4aa905-fa64-4c08-a89f-390b21fe4c96', 'context': [<snowplow_tracker.self_describing_json.SelfDescribingJson object at 0x70a923e91ac0>]}
[0m05:49:02.940997 [info ] [Thread-1 (]: 1 of 4 OK created sql table model driven_trusted.non_pii_data .................. [[32mSELECT 3200[0m in 0.18s]
[0m05:49:02.941824 [debug] [Thread-1 (]: Finished running node model.dbt_driven_data.trusted_non_pii_data
[0m05:49:02.942391 [debug] [Thread-1 (]: Began running node model.dbt_driven_data.trusted_payment_data
[0m05:49:02.943130 [info ] [Thread-1 (]: 2 of 4 START sql table model driven_trusted.payment_data ....................... [RUN]
[0m05:49:02.944158 [debug] [Thread-1 (]: Re-using an available connection from the pool (formerly model.dbt_driven_data.trusted_non_pii_data, now model.dbt_driven_data.trusted_payment_data)
[0m05:49:02.944793 [debug] [Thread-1 (]: Began compiling node model.dbt_driven_data.trusted_payment_data
[0m05:49:02.948901 [debug] [Thread-1 (]: Writing injected SQL for node "model.dbt_driven_data.trusted_payment_data"
[0m05:49:02.955261 [debug] [Thread-1 (]: Began executing node model.dbt_driven_data.trusted_payment_data
[0m05:49:02.959595 [debug] [Thread-1 (]: Writing runtime sql for node "model.dbt_driven_data.trusted_payment_data"
[0m05:49:02.966678 [debug] [Thread-1 (]: Using postgres connection "model.dbt_driven_data.trusted_payment_data"
[0m05:49:02.967463 [debug] [Thread-1 (]: On model.dbt_driven_data.trusted_payment_data: BEGIN
[0m05:49:02.967946 [debug] [Thread-1 (]: Opening a new connection, currently in state closed
[0m05:49:02.975169 [debug] [Thread-1 (]: SQL status: BEGIN in 0.007 seconds
[0m05:49:02.976114 [debug] [Thread-1 (]: Using postgres connection "model.dbt_driven_data.trusted_payment_data"
[0m05:49:02.976718 [debug] [Thread-1 (]: On model.dbt_driven_data.trusted_payment_data: /* {"app": "dbt", "dbt_version": "1.10.3", "profile_name": "default", "target_name": "dev", "node_id": "model.dbt_driven_data.trusted_payment_data"} */

  
    

  create  table "airflow"."driven_trusted"."payment_data__dbt_tmp"
  
  
    as
  
  (
    
WITH source_data AS (
 SELECT
 fnu.unique_id,
 df.iban,
 fnu.download_speed,
 fnu.upload_speed,
 fnu.session_duration,
 fnu.consumed_traffic,
 ((fnu.download_speed + fnu.upload_speed + 1)/2) +
(fnu.consumed_traffic / (fnu.session_duration + 1)) AS payment_amount
 FROM
 "airflow"."driven_staging"."fact_network_usage" fnu
 JOIN
 "airflow"."driven_staging"."dim_finance" df
 ON
 fnu.unique_id = df.unique_id
)
SELECT
 *
FROM
 source_data
  );
  
[0m05:49:02.982486 [debug] [Thread-1 (]: SQL status: SELECT 400 in 0.005 seconds
[0m05:49:02.987188 [debug] [Thread-1 (]: Using postgres connection "model.dbt_driven_data.trusted_payment_data"
[0m05:49:02.987820 [debug] [Thread-1 (]: On model.dbt_driven_data.trusted_payment_data: /* {"app": "dbt", "dbt_version": "1.10.3", "profile_name": "default", "target_name": "dev", "node_id": "model.dbt_driven_data.trusted_payment_data"} */
alter table "airflow"."driven_trusted"."payment_data__dbt_tmp" rename to "payment_data"
[0m05:49:02.988773 [debug] [Thread-1 (]: SQL status: ALTER TABLE in 0.000 seconds
[0m05:49:02.990313 [debug] [Thread-1 (]: On model.dbt_driven_data.trusted_payment_data: COMMIT
[0m05:49:02.990795 [debug] [Thread-1 (]: Using postgres connection "model.dbt_driven_data.trusted_payment_data"
[0m05:49:02.991269 [debug] [Thread-1 (]: On model.dbt_driven_data.trusted_payment_data: COMMIT
[0m05:49:02.994470 [debug] [Thread-1 (]: SQL status: COMMIT in 0.003 seconds
[0m05:49:02.997050 [debug] [Thread-1 (]: Applying DROP to: "airflow"."driven_trusted"."payment_data__dbt_backup"
[0m05:49:02.997902 [debug] [Thread-1 (]: Using postgres connection "model.dbt_driven_data.trusted_payment_data"
[0m05:49:02.998438 [debug] [Thread-1 (]: On model.dbt_driven_data.trusted_payment_data: /* {"app": "dbt", "dbt_version": "1.10.3", "profile_name": "default", "target_name": "dev", "node_id": "model.dbt_driven_data.trusted_payment_data"} */
drop table if exists "airflow"."driven_trusted"."payment_data__dbt_backup" cascade
[0m05:49:02.999606 [debug] [Thread-1 (]: SQL status: DROP TABLE in 0.001 seconds
[0m05:49:03.001408 [debug] [Thread-1 (]: On model.dbt_driven_data.trusted_payment_data: Close
[0m05:49:03.002222 [debug] [Thread-1 (]: Sending event: {'category': 'dbt', 'action': 'run_model', 'label': '4d4aa905-fa64-4c08-a89f-390b21fe4c96', 'context': [<snowplow_tracker.self_describing_json.SelfDescribingJson object at 0x70a92539e390>]}
[0m05:49:03.002949 [info ] [Thread-1 (]: 2 of 4 OK created sql table model driven_trusted.payment_data .................. [[32mSELECT 400[0m in 0.06s]
[0m05:49:03.003660 [debug] [Thread-1 (]: Finished running node model.dbt_driven_data.trusted_payment_data
[0m05:49:03.004177 [debug] [Thread-1 (]: Began running node model.dbt_driven_data.trusted_pii_data
[0m05:49:03.004760 [info ] [Thread-1 (]: 3 of 4 START sql table model driven_trusted.pii_data ........................... [RUN]
[0m05:49:03.005574 [debug] [Thread-1 (]: Re-using an available connection from the pool (formerly model.dbt_driven_data.trusted_payment_data, now model.dbt_driven_data.trusted_pii_data)
[0m05:49:03.006429 [debug] [Thread-1 (]: Began compiling node model.dbt_driven_data.trusted_pii_data
[0m05:49:03.014076 [debug] [Thread-1 (]: Writing injected SQL for node "model.dbt_driven_data.trusted_pii_data"
[0m05:49:03.021849 [debug] [Thread-1 (]: Began executing node model.dbt_driven_data.trusted_pii_data
[0m05:49:03.026923 [debug] [Thread-1 (]: Writing runtime sql for node "model.dbt_driven_data.trusted_pii_data"
[0m05:49:03.037052 [debug] [Thread-1 (]: Using postgres connection "model.dbt_driven_data.trusted_pii_data"
[0m05:49:03.037855 [debug] [Thread-1 (]: On model.dbt_driven_data.trusted_pii_data: BEGIN
[0m05:49:03.038390 [debug] [Thread-1 (]: Opening a new connection, currently in state closed
[0m05:49:03.045358 [debug] [Thread-1 (]: SQL status: BEGIN in 0.007 seconds
[0m05:49:03.046383 [debug] [Thread-1 (]: Using postgres connection "model.dbt_driven_data.trusted_pii_data"
[0m05:49:03.047125 [debug] [Thread-1 (]: On model.dbt_driven_data.trusted_pii_data: /* {"app": "dbt", "dbt_version": "1.10.3", "profile_name": "default", "target_name": "dev", "node_id": "model.dbt_driven_data.trusted_pii_data"} */

  
    

  create  table "airflow"."driven_trusted"."pii_data__dbt_tmp"
  
  
    as
  
  (
    
WITH source_data AS (
 SELECT
 dp.person_name,
 dp.user_name,
 dp.email,
 dp.personal_number,
 dp.birth_date,
 da.address,
 dp.phone,
 da.mac_address,
 da.ip_address,
 df.iban,
 dd.accessed_at,
 fnu.session_duration,
 fnu.download_speed,
 fnu.upload_speed,
 fnu.consumed_traffic,
 fnu.unique_id
 FROM
 "airflow"."driven_staging"."fact_network_usage" fnu
 INNER JOIN
 "airflow"."driven_staging"."dim_address" da ON
fnu.unique_id = da.unique_id
 INNER JOIN
 "airflow"."driven_staging"."dim_date" dd ON da.unique_id =
dd.unique_id
 INNER JOIN
 "airflow"."driven_staging"."dim_finance" df ON dd.unique_id
= df.unique_id
 INNER JOIN
 "airflow"."driven_staging"."dim_person" dp ON df.unique_id
= dp.unique_id
)
SELECT
 *
FROM
 source_data
  );
  
[0m05:49:03.077056 [debug] [Thread-1 (]: SQL status: SELECT 3200 in 0.029 seconds
[0m05:49:03.080736 [debug] [Thread-1 (]: Using postgres connection "model.dbt_driven_data.trusted_pii_data"
[0m05:49:03.081318 [debug] [Thread-1 (]: On model.dbt_driven_data.trusted_pii_data: /* {"app": "dbt", "dbt_version": "1.10.3", "profile_name": "default", "target_name": "dev", "node_id": "model.dbt_driven_data.trusted_pii_data"} */
alter table "airflow"."driven_trusted"."pii_data__dbt_tmp" rename to "pii_data"
[0m05:49:03.082604 [debug] [Thread-1 (]: SQL status: ALTER TABLE in 0.001 seconds
[0m05:49:03.084558 [debug] [Thread-1 (]: On model.dbt_driven_data.trusted_pii_data: COMMIT
[0m05:49:03.085249 [debug] [Thread-1 (]: Using postgres connection "model.dbt_driven_data.trusted_pii_data"
[0m05:49:03.085905 [debug] [Thread-1 (]: On model.dbt_driven_data.trusted_pii_data: COMMIT
[0m05:49:03.091784 [debug] [Thread-1 (]: SQL status: COMMIT in 0.005 seconds
[0m05:49:03.095181 [debug] [Thread-1 (]: Applying DROP to: "airflow"."driven_trusted"."pii_data__dbt_backup"
[0m05:49:03.096640 [debug] [Thread-1 (]: Using postgres connection "model.dbt_driven_data.trusted_pii_data"
[0m05:49:03.097473 [debug] [Thread-1 (]: On model.dbt_driven_data.trusted_pii_data: /* {"app": "dbt", "dbt_version": "1.10.3", "profile_name": "default", "target_name": "dev", "node_id": "model.dbt_driven_data.trusted_pii_data"} */
drop table if exists "airflow"."driven_trusted"."pii_data__dbt_backup" cascade
[0m05:49:03.098765 [debug] [Thread-1 (]: SQL status: DROP TABLE in 0.000 seconds
[0m05:49:03.100607 [debug] [Thread-1 (]: On model.dbt_driven_data.trusted_pii_data: Close
[0m05:49:03.101444 [debug] [Thread-1 (]: Sending event: {'category': 'dbt', 'action': 'run_model', 'label': '4d4aa905-fa64-4c08-a89f-390b21fe4c96', 'context': [<snowplow_tracker.self_describing_json.SelfDescribingJson object at 0x70a923ede390>]}
[0m05:49:03.102240 [info ] [Thread-1 (]: 3 of 4 OK created sql table model driven_trusted.pii_data ...................... [[32mSELECT 3200[0m in 0.10s]
[0m05:49:03.103137 [debug] [Thread-1 (]: Finished running node model.dbt_driven_data.trusted_pii_data
[0m05:49:03.104087 [debug] [Thread-1 (]: Began running node model.dbt_driven_data.trusted_technical_data
[0m05:49:03.105214 [info ] [Thread-1 (]: 4 of 4 START sql table model driven_trusted.technical_data ..................... [RUN]
[0m05:49:03.106028 [debug] [Thread-1 (]: Re-using an available connection from the pool (formerly model.dbt_driven_data.trusted_pii_data, now model.dbt_driven_data.trusted_technical_data)
[0m05:49:03.106701 [debug] [Thread-1 (]: Began compiling node model.dbt_driven_data.trusted_technical_data
[0m05:49:03.111580 [debug] [Thread-1 (]: Writing injected SQL for node "model.dbt_driven_data.trusted_technical_data"
[0m05:49:03.117928 [debug] [Thread-1 (]: Began executing node model.dbt_driven_data.trusted_technical_data
[0m05:49:03.121980 [debug] [Thread-1 (]: Writing runtime sql for node "model.dbt_driven_data.trusted_technical_data"
[0m05:49:03.128731 [debug] [Thread-1 (]: Using postgres connection "model.dbt_driven_data.trusted_technical_data"
[0m05:49:03.129451 [debug] [Thread-1 (]: On model.dbt_driven_data.trusted_technical_data: BEGIN
[0m05:49:03.129998 [debug] [Thread-1 (]: Opening a new connection, currently in state closed
[0m05:49:03.137376 [debug] [Thread-1 (]: SQL status: BEGIN in 0.007 seconds
[0m05:49:03.139433 [debug] [Thread-1 (]: Using postgres connection "model.dbt_driven_data.trusted_technical_data"
[0m05:49:03.140411 [debug] [Thread-1 (]: On model.dbt_driven_data.trusted_technical_data: /* {"app": "dbt", "dbt_version": "1.10.3", "profile_name": "default", "target_name": "dev", "node_id": "model.dbt_driven_data.trusted_technical_data"} */

  
    

  create  table "airflow"."driven_trusted"."technical_data__dbt_tmp"
  
  
    as
  
  (
    
WITH source_data AS (
 SELECT
 fnu.unique_id,
 da.address,
 da.mac_address,
 da.ip_address,
 fnu.download_speed,
 fnu.upload_speed,
 ROUND((fnu.session_duration/60), 1) as min_session_duration,
 CASE
 WHEN fnu.download_speed < 50 OR fnu.upload_speed < 30 OR
fnu.session_duration/60 < 1 THEN true
 ELSE false
 END AS technical_issue
 FROM
 "airflow"."driven_staging"."fact_network_usage" fnu
 JOIN
 "airflow"."driven_staging"."dim_address" da
 ON
 fnu.unique_id = da.unique_id
)
SELECT
 *
FROM
 source_data
  );
  
[0m05:49:03.149900 [debug] [Thread-1 (]: SQL status: SELECT 400 in 0.009 seconds
[0m05:49:03.154418 [debug] [Thread-1 (]: Using postgres connection "model.dbt_driven_data.trusted_technical_data"
[0m05:49:03.154995 [debug] [Thread-1 (]: On model.dbt_driven_data.trusted_technical_data: /* {"app": "dbt", "dbt_version": "1.10.3", "profile_name": "default", "target_name": "dev", "node_id": "model.dbt_driven_data.trusted_technical_data"} */
alter table "airflow"."driven_trusted"."technical_data__dbt_tmp" rename to "technical_data"
[0m05:49:03.155967 [debug] [Thread-1 (]: SQL status: ALTER TABLE in 0.000 seconds
[0m05:49:03.157642 [debug] [Thread-1 (]: On model.dbt_driven_data.trusted_technical_data: COMMIT
[0m05:49:03.158194 [debug] [Thread-1 (]: Using postgres connection "model.dbt_driven_data.trusted_technical_data"
[0m05:49:03.158763 [debug] [Thread-1 (]: On model.dbt_driven_data.trusted_technical_data: COMMIT
[0m05:49:03.161902 [debug] [Thread-1 (]: SQL status: COMMIT in 0.003 seconds
[0m05:49:03.164394 [debug] [Thread-1 (]: Applying DROP to: "airflow"."driven_trusted"."technical_data__dbt_backup"
[0m05:49:03.165424 [debug] [Thread-1 (]: Using postgres connection "model.dbt_driven_data.trusted_technical_data"
[0m05:49:03.166037 [debug] [Thread-1 (]: On model.dbt_driven_data.trusted_technical_data: /* {"app": "dbt", "dbt_version": "1.10.3", "profile_name": "default", "target_name": "dev", "node_id": "model.dbt_driven_data.trusted_technical_data"} */
drop table if exists "airflow"."driven_trusted"."technical_data__dbt_backup" cascade
[0m05:49:03.167465 [debug] [Thread-1 (]: SQL status: DROP TABLE in 0.001 seconds
[0m05:49:03.169347 [debug] [Thread-1 (]: On model.dbt_driven_data.trusted_technical_data: Close
[0m05:49:03.170123 [debug] [Thread-1 (]: Sending event: {'category': 'dbt', 'action': 'run_model', 'label': '4d4aa905-fa64-4c08-a89f-390b21fe4c96', 'context': [<snowplow_tracker.self_describing_json.SelfDescribingJson object at 0x70a922506f00>]}
[0m05:49:03.170826 [info ] [Thread-1 (]: 4 of 4 OK created sql table model driven_trusted.technical_data ................ [[32mSELECT 400[0m in 0.06s]
[0m05:49:03.171526 [debug] [Thread-1 (]: Finished running node model.dbt_driven_data.trusted_technical_data
[0m05:49:03.174585 [debug] [MainThread]: Using postgres connection "master"
[0m05:49:03.175443 [debug] [MainThread]: On master: BEGIN
[0m05:49:03.176251 [debug] [MainThread]: Opening a new connection, currently in state closed
[0m05:49:03.183967 [debug] [MainThread]: SQL status: BEGIN in 0.008 seconds
[0m05:49:03.184966 [debug] [MainThread]: On master: COMMIT
[0m05:49:03.185566 [debug] [MainThread]: Using postgres connection "master"
[0m05:49:03.186095 [debug] [MainThread]: On master: COMMIT
[0m05:49:03.187083 [debug] [MainThread]: SQL status: COMMIT in 0.000 seconds
[0m05:49:03.187629 [debug] [MainThread]: On master: Close
[0m05:49:03.188434 [debug] [MainThread]: Connection 'master' was properly closed.
[0m05:49:03.188975 [debug] [MainThread]: Connection 'model.dbt_driven_data.trusted_technical_data' was properly closed.
[0m05:49:03.189545 [info ] [MainThread]: 
[0m05:49:03.190047 [info ] [MainThread]: Finished running 4 table models in 0 hours 0 minutes and 0.66 seconds (0.66s).
[0m05:49:03.191274 [debug] [MainThread]: Command end result
[0m05:49:03.225265 [debug] [MainThread]: Wrote artifact WritableManifest to /opt/airflow/dbt/target/manifest.json
[0m05:49:03.231702 [debug] [MainThread]: Wrote artifact SemanticManifest to /opt/airflow/dbt/target/semantic_manifest.json
[0m05:49:03.242023 [debug] [MainThread]: Wrote artifact RunExecutionResult to /opt/airflow/dbt/target/run_results.json
[0m05:49:03.243168 [info ] [MainThread]: 
[0m05:49:03.243919 [info ] [MainThread]: [32mCompleted successfully[0m
[0m05:49:03.244650 [info ] [MainThread]: 
[0m05:49:03.245227 [info ] [MainThread]: Done. PASS=4 WARN=0 ERROR=0 SKIP=0 NO-OP=0 TOTAL=4
[0m05:49:03.246431 [debug] [MainThread]: Resource report: {"command_name": "run", "command_success": true, "command_wall_clock_time": 1.6589628, "process_in_blocks": "8104", "process_kernel_time": 0.503487, "process_mem_max_rss": "123220", "process_out_blocks": "0", "process_user_time": 3.098072}
[0m05:49:03.247081 [debug] [MainThread]: Command `dbt run` succeeded at 05:49:03.246976 after 1.66 seconds
[0m05:49:03.247601 [debug] [MainThread]: Sending event: {'category': 'dbt', 'action': 'invocation', 'label': 'end', 'context': [<snowplow_tracker.self_describing_json.SelfDescribingJson object at 0x70a927ab4e60>, <snowplow_tracker.self_describing_json.SelfDescribingJson object at 0x70a927fe0fb0>, <snowplow_tracker.self_describing_json.SelfDescribingJson object at 0x70a92250a270>]}
[0m05:49:03.248106 [debug] [MainThread]: Flushing usage events
[0m05:49:03.706494 [debug] [MainThread]: An error was encountered while trying to flush usage events
[0m05:49:23.726089 [debug] [MainThread]: Sending event: {'category': 'dbt', 'action': 'invocation', 'label': 'start', 'context': [<snowplow_tracker.self_describing_json.SelfDescribingJson object at 0x7021ada029f0>, <snowplow_tracker.self_describing_json.SelfDescribingJson object at 0x7021abdc73e0>, <snowplow_tracker.self_describing_json.SelfDescribingJson object at 0x7021abdc69c0>]}


============================== 05:49:23.732320 | 7846e62b-2efd-4d63-9f3a-b0b9c8bec7ee ==============================
[0m05:49:23.732320 [info ] [MainThread]: Running with dbt=1.10.3
[0m05:49:23.733160 [debug] [MainThread]: running dbt with arguments {'printer_width': '80', 'indirect_selection': 'eager', 'write_json': 'True', 'log_cache_events': 'False', 'partial_parse': 'True', 'cache_selected_only': 'False', 'warn_error': 'None', 'fail_fast': 'False', 'profiles_dir': '/opt/airflow/dbt', 'log_path': '/opt/airflow/dbt/logs', 'debug': 'False', 'version_check': 'True', 'use_colors': 'True', 'use_experimental_parser': 'False', 'no_print': 'None', 'quiet': 'False', 'empty': 'False', 'log_format': 'default', 'invocation_command': 'dbt run --select tag:staging', 'introspect': 'True', 'warn_error_options': 'WarnErrorOptionsV2(error=[], warn=[], silence=[])', 'target_path': 'None', 'static_parser': 'True', 'send_anonymous_usage_stats': 'True'}
[0m05:49:23.933499 [debug] [MainThread]: Sending event: {'category': 'dbt', 'action': 'project_id', 'label': '7846e62b-2efd-4d63-9f3a-b0b9c8bec7ee', 'context': [<snowplow_tracker.self_describing_json.SelfDescribingJson object at 0x7021af5430e0>]}
[0m05:49:23.995503 [debug] [MainThread]: Sending event: {'category': 'dbt', 'action': 'adapter_info', 'label': '7846e62b-2efd-4d63-9f3a-b0b9c8bec7ee', 'context': [<snowplow_tracker.self_describing_json.SelfDescribingJson object at 0x7021aafb8e30>]}
[0m05:49:23.996791 [info ] [MainThread]: Registered adapter: postgres=1.9.0
[0m05:49:24.112664 [debug] [MainThread]: checksum: 1bfacb87e6914c9942cfa2c4badfc1df19d859fe8ec086286ef238a7d920f97b, vars: {}, profile: , target: , version: 1.10.3
[0m05:49:24.287279 [debug] [MainThread]: Partial parsing enabled: 0 files deleted, 0 files added, 0 files changed.
[0m05:49:24.287977 [debug] [MainThread]: Partial parsing enabled, no changes found, skipping parsing
[0m05:49:24.320818 [debug] [MainThread]: Sending event: {'category': 'dbt', 'action': 'load_project', 'label': '7846e62b-2efd-4d63-9f3a-b0b9c8bec7ee', 'context': [<snowplow_tracker.self_describing_json.SelfDescribingJson object at 0x7021aa370c50>]}
[0m05:49:24.398690 [debug] [MainThread]: Wrote artifact WritableManifest to /opt/airflow/dbt/target/manifest.json
[0m05:49:24.403180 [debug] [MainThread]: Wrote artifact SemanticManifest to /opt/airflow/dbt/target/semantic_manifest.json
[0m05:49:24.428625 [debug] [MainThread]: Sending event: {'category': 'dbt', 'action': 'resource_counts', 'label': '7846e62b-2efd-4d63-9f3a-b0b9c8bec7ee', 'context': [<snowplow_tracker.self_describing_json.SelfDescribingJson object at 0x7021a9b90260>]}
[0m05:49:24.429538 [info ] [MainThread]: Found 9 models, 11 sources, 433 macros
[0m05:49:24.430117 [debug] [MainThread]: Sending event: {'category': 'dbt', 'action': 'runnable_timing', 'label': '7846e62b-2efd-4d63-9f3a-b0b9c8bec7ee', 'context': [<snowplow_tracker.self_describing_json.SelfDescribingJson object at 0x7021aa7fbb00>]}
[0m05:49:24.432127 [info ] [MainThread]: 
[0m05:49:24.432733 [info ] [MainThread]: Concurrency: 1 threads (target='dev')
[0m05:49:24.433210 [info ] [MainThread]: 
[0m05:49:24.434008 [debug] [MainThread]: Acquiring new postgres connection 'master'
[0m05:49:24.438592 [debug] [ThreadPool]: Acquiring new postgres connection 'list_airflow'
[0m05:49:24.477661 [debug] [ThreadPool]: Using postgres connection "list_airflow"
[0m05:49:24.478357 [debug] [ThreadPool]: On list_airflow: /* {"app": "dbt", "dbt_version": "1.10.3", "profile_name": "default", "target_name": "dev", "connection_name": "list_airflow"} */

    select distinct nspname from pg_namespace
  
[0m05:49:24.478834 [debug] [ThreadPool]: Opening a new connection, currently in state init
[0m05:49:24.486120 [debug] [ThreadPool]: SQL status: SELECT 7 in 0.007 seconds
[0m05:49:24.487731 [debug] [ThreadPool]: On list_airflow: Close
[0m05:49:24.489944 [debug] [ThreadPool]: Re-using an available connection from the pool (formerly list_airflow, now list_airflow_driven_staging)
[0m05:49:24.495472 [debug] [ThreadPool]: Using postgres connection "list_airflow_driven_staging"
[0m05:49:24.496094 [debug] [ThreadPool]: On list_airflow_driven_staging: BEGIN
[0m05:49:24.496752 [debug] [ThreadPool]: Opening a new connection, currently in state closed
[0m05:49:24.502660 [debug] [ThreadPool]: SQL status: BEGIN in 0.006 seconds
[0m05:49:24.503469 [debug] [ThreadPool]: Using postgres connection "list_airflow_driven_staging"
[0m05:49:24.504008 [debug] [ThreadPool]: On list_airflow_driven_staging: /* {"app": "dbt", "dbt_version": "1.10.3", "profile_name": "default", "target_name": "dev", "connection_name": "list_airflow_driven_staging"} */
select
      'airflow' as database,
      tablename as name,
      schemaname as schema,
      'table' as type
    from pg_tables
    where schemaname ilike 'driven_staging'
    union all
    select
      'airflow' as database,
      viewname as name,
      schemaname as schema,
      'view' as type
    from pg_views
    where schemaname ilike 'driven_staging'
    union all
    select
      'airflow' as database,
      matviewname as name,
      schemaname as schema,
      'materialized_view' as type
    from pg_matviews
    where schemaname ilike 'driven_staging'
  
[0m05:49:24.507753 [debug] [ThreadPool]: SQL status: SELECT 5 in 0.003 seconds
[0m05:49:24.509479 [debug] [ThreadPool]: On list_airflow_driven_staging: ROLLBACK
[0m05:49:24.510249 [debug] [ThreadPool]: On list_airflow_driven_staging: Close
[0m05:49:24.511052 [debug] [ThreadPool]: Re-using an available connection from the pool (formerly list_airflow_driven_staging, now list_airflow_driven_trusted)
[0m05:49:24.514706 [debug] [ThreadPool]: Using postgres connection "list_airflow_driven_trusted"
[0m05:49:24.515352 [debug] [ThreadPool]: On list_airflow_driven_trusted: BEGIN
[0m05:49:24.515859 [debug] [ThreadPool]: Opening a new connection, currently in state closed
[0m05:49:24.521054 [debug] [ThreadPool]: SQL status: BEGIN in 0.005 seconds
[0m05:49:24.521920 [debug] [ThreadPool]: Using postgres connection "list_airflow_driven_trusted"
[0m05:49:24.522474 [debug] [ThreadPool]: On list_airflow_driven_trusted: /* {"app": "dbt", "dbt_version": "1.10.3", "profile_name": "default", "target_name": "dev", "connection_name": "list_airflow_driven_trusted"} */
select
      'airflow' as database,
      tablename as name,
      schemaname as schema,
      'table' as type
    from pg_tables
    where schemaname ilike 'driven_trusted'
    union all
    select
      'airflow' as database,
      viewname as name,
      schemaname as schema,
      'view' as type
    from pg_views
    where schemaname ilike 'driven_trusted'
    union all
    select
      'airflow' as database,
      matviewname as name,
      schemaname as schema,
      'materialized_view' as type
    from pg_matviews
    where schemaname ilike 'driven_trusted'
  
[0m05:49:24.527254 [debug] [ThreadPool]: SQL status: SELECT 4 in 0.004 seconds
[0m05:49:24.529780 [debug] [ThreadPool]: On list_airflow_driven_trusted: ROLLBACK
[0m05:49:24.530737 [debug] [ThreadPool]: On list_airflow_driven_trusted: Close
[0m05:49:24.538329 [debug] [MainThread]: Using postgres connection "master"
[0m05:49:24.539136 [debug] [MainThread]: On master: BEGIN
[0m05:49:24.540009 [debug] [MainThread]: Opening a new connection, currently in state init
[0m05:49:24.546815 [debug] [MainThread]: SQL status: BEGIN in 0.007 seconds
[0m05:49:24.548023 [debug] [MainThread]: Using postgres connection "master"
[0m05:49:24.548805 [debug] [MainThread]: On master: /* {"app": "dbt", "dbt_version": "1.10.3", "profile_name": "default", "target_name": "dev", "connection_name": "master"} */
with relation as (
        select
            pg_rewrite.ev_class as class,
            pg_rewrite.oid as id
        from pg_rewrite
    ),
    class as (
        select
            oid as id,
            relname as name,
            relnamespace as schema,
            relkind as kind
        from pg_class
    ),
    dependency as (
        select distinct
            pg_depend.objid as id,
            pg_depend.refobjid as ref
        from pg_depend
    ),
    schema as (
        select
            pg_namespace.oid as id,
            pg_namespace.nspname as name
        from pg_namespace
        where nspname != 'information_schema' and nspname not like 'pg\_%'
    ),
    referenced as (
        select
            relation.id AS id,
            referenced_class.name ,
            referenced_class.schema ,
            referenced_class.kind
        from relation
        join class as referenced_class on relation.class=referenced_class.id
        where referenced_class.kind in ('r', 'v', 'm')
    ),
    relationships as (
        select
            referenced.name as referenced_name,
            referenced.schema as referenced_schema_id,
            dependent_class.name as dependent_name,
            dependent_class.schema as dependent_schema_id,
            referenced.kind as kind
        from referenced
        join dependency on referenced.id=dependency.id
        join class as dependent_class on dependency.ref=dependent_class.id
        where
            (referenced.name != dependent_class.name or
             referenced.schema != dependent_class.schema)
    )

    select
        referenced_schema.name as referenced_schema,
        relationships.referenced_name as referenced_name,
        dependent_schema.name as dependent_schema,
        relationships.dependent_name as dependent_name
    from relationships
    join schema as dependent_schema on relationships.dependent_schema_id=dependent_schema.id
    join schema as referenced_schema on relationships.referenced_schema_id=referenced_schema.id
    group by referenced_schema, referenced_name, dependent_schema, dependent_name
    order by referenced_schema, referenced_name, dependent_schema, dependent_name;
[0m05:49:24.553811 [debug] [MainThread]: SQL status: SELECT 0 in 0.004 seconds
[0m05:49:24.556420 [debug] [MainThread]: Sending event: {'category': 'dbt', 'action': 'runnable_timing', 'label': '7846e62b-2efd-4d63-9f3a-b0b9c8bec7ee', 'context': [<snowplow_tracker.self_describing_json.SelfDescribingJson object at 0x7021acc7d5b0>]}
[0m05:49:24.557375 [debug] [MainThread]: On master: ROLLBACK
[0m05:49:24.558218 [debug] [MainThread]: Using postgres connection "master"
[0m05:49:24.558751 [debug] [MainThread]: On master: BEGIN
[0m05:49:24.559795 [debug] [MainThread]: SQL status: BEGIN in 0.000 seconds
[0m05:49:24.560410 [debug] [MainThread]: On master: COMMIT
[0m05:49:24.561037 [debug] [MainThread]: Using postgres connection "master"
[0m05:49:24.561520 [debug] [MainThread]: On master: COMMIT
[0m05:49:24.562304 [debug] [MainThread]: SQL status: COMMIT in 0.000 seconds
[0m05:49:24.562808 [debug] [MainThread]: On master: Close
[0m05:49:24.567188 [debug] [Thread-1 (]: Began running node model.dbt_driven_data.staging_dim_address
[0m05:49:24.567971 [info ] [Thread-1 (]: 1 of 5 START sql table model driven_staging.dim_address ........................ [RUN]
[0m05:49:24.568725 [debug] [Thread-1 (]: Re-using an available connection from the pool (formerly list_airflow_driven_trusted, now model.dbt_driven_data.staging_dim_address)
[0m05:49:24.569270 [debug] [Thread-1 (]: Began compiling node model.dbt_driven_data.staging_dim_address
[0m05:49:24.577085 [debug] [Thread-1 (]: Writing injected SQL for node "model.dbt_driven_data.staging_dim_address"
[0m05:49:24.583467 [debug] [Thread-1 (]: Began executing node model.dbt_driven_data.staging_dim_address
[0m05:49:24.619780 [debug] [Thread-1 (]: Writing runtime sql for node "model.dbt_driven_data.staging_dim_address"
[0m05:49:24.626049 [debug] [Thread-1 (]: Using postgres connection "model.dbt_driven_data.staging_dim_address"
[0m05:49:24.626658 [debug] [Thread-1 (]: On model.dbt_driven_data.staging_dim_address: BEGIN
[0m05:49:24.627136 [debug] [Thread-1 (]: Opening a new connection, currently in state closed
[0m05:49:24.632343 [debug] [Thread-1 (]: SQL status: BEGIN in 0.005 seconds
[0m05:49:24.633084 [debug] [Thread-1 (]: Using postgres connection "model.dbt_driven_data.staging_dim_address"
[0m05:49:24.633617 [debug] [Thread-1 (]: On model.dbt_driven_data.staging_dim_address: /* {"app": "dbt", "dbt_version": "1.10.3", "profile_name": "default", "target_name": "dev", "node_id": "model.dbt_driven_data.staging_dim_address"} */

  
    

  create  table "airflow"."driven_staging"."dim_address__dbt_tmp"
  
  
    as
  
  (
    
WITH source_data AS (
 SELECT
 unique_id,
 address,
 mac_address,
 ip_address
 FROM
 "airflow"."driven_raw"."raw_batch_data"
)
SELECT
 *
FROM
 source_data
  );
  
[0m05:49:24.641071 [debug] [Thread-1 (]: SQL status: SELECT 300 in 0.007 seconds
[0m05:49:24.650198 [debug] [Thread-1 (]: Using postgres connection "model.dbt_driven_data.staging_dim_address"
[0m05:49:24.650881 [debug] [Thread-1 (]: On model.dbt_driven_data.staging_dim_address: /* {"app": "dbt", "dbt_version": "1.10.3", "profile_name": "default", "target_name": "dev", "node_id": "model.dbt_driven_data.staging_dim_address"} */
alter table "airflow"."driven_staging"."dim_address" rename to "dim_address__dbt_backup"
[0m05:49:24.651931 [debug] [Thread-1 (]: SQL status: ALTER TABLE in 0.000 seconds
[0m05:49:24.655101 [debug] [Thread-1 (]: Using postgres connection "model.dbt_driven_data.staging_dim_address"
[0m05:49:24.655704 [debug] [Thread-1 (]: On model.dbt_driven_data.staging_dim_address: /* {"app": "dbt", "dbt_version": "1.10.3", "profile_name": "default", "target_name": "dev", "node_id": "model.dbt_driven_data.staging_dim_address"} */
alter table "airflow"."driven_staging"."dim_address__dbt_tmp" rename to "dim_address"
[0m05:49:24.656624 [debug] [Thread-1 (]: SQL status: ALTER TABLE in 0.000 seconds
[0m05:49:24.671009 [debug] [Thread-1 (]: On model.dbt_driven_data.staging_dim_address: COMMIT
[0m05:49:24.671687 [debug] [Thread-1 (]: Using postgres connection "model.dbt_driven_data.staging_dim_address"
[0m05:49:24.672187 [debug] [Thread-1 (]: On model.dbt_driven_data.staging_dim_address: COMMIT
[0m05:49:24.674443 [debug] [Thread-1 (]: SQL status: COMMIT in 0.002 seconds
[0m05:49:24.680228 [debug] [Thread-1 (]: Applying DROP to: "airflow"."driven_staging"."dim_address__dbt_backup"
[0m05:49:24.686321 [debug] [Thread-1 (]: Using postgres connection "model.dbt_driven_data.staging_dim_address"
[0m05:49:24.687084 [debug] [Thread-1 (]: On model.dbt_driven_data.staging_dim_address: /* {"app": "dbt", "dbt_version": "1.10.3", "profile_name": "default", "target_name": "dev", "node_id": "model.dbt_driven_data.staging_dim_address"} */
drop table if exists "airflow"."driven_staging"."dim_address__dbt_backup" cascade
[0m05:49:24.692919 [debug] [Thread-1 (]: SQL status: DROP TABLE in 0.005 seconds
[0m05:49:24.696260 [debug] [Thread-1 (]: On model.dbt_driven_data.staging_dim_address: Close
[0m05:49:24.698523 [debug] [Thread-1 (]: Sending event: {'category': 'dbt', 'action': 'run_model', 'label': '7846e62b-2efd-4d63-9f3a-b0b9c8bec7ee', 'context': [<snowplow_tracker.self_describing_json.SelfDescribingJson object at 0x7021ada57230>]}
[0m05:49:24.699629 [info ] [Thread-1 (]: 1 of 5 OK created sql table model driven_staging.dim_address ................... [[32mSELECT 300[0m in 0.13s]
[0m05:49:24.700766 [debug] [Thread-1 (]: Finished running node model.dbt_driven_data.staging_dim_address
[0m05:49:24.701540 [debug] [Thread-1 (]: Began running node model.dbt_driven_data.staging_dim_date
[0m05:49:24.702218 [info ] [Thread-1 (]: 2 of 5 START sql table model driven_staging.dim_date ........................... [RUN]
[0m05:49:24.702970 [debug] [Thread-1 (]: Re-using an available connection from the pool (formerly model.dbt_driven_data.staging_dim_address, now model.dbt_driven_data.staging_dim_date)
[0m05:49:24.703773 [debug] [Thread-1 (]: Began compiling node model.dbt_driven_data.staging_dim_date
[0m05:49:24.707301 [debug] [Thread-1 (]: Writing injected SQL for node "model.dbt_driven_data.staging_dim_date"
[0m05:49:24.714111 [debug] [Thread-1 (]: Began executing node model.dbt_driven_data.staging_dim_date
[0m05:49:24.718162 [debug] [Thread-1 (]: Writing runtime sql for node "model.dbt_driven_data.staging_dim_date"
[0m05:49:24.724697 [debug] [Thread-1 (]: Using postgres connection "model.dbt_driven_data.staging_dim_date"
[0m05:49:24.725346 [debug] [Thread-1 (]: On model.dbt_driven_data.staging_dim_date: BEGIN
[0m05:49:24.725856 [debug] [Thread-1 (]: Opening a new connection, currently in state closed
[0m05:49:24.731100 [debug] [Thread-1 (]: SQL status: BEGIN in 0.005 seconds
[0m05:49:24.731902 [debug] [Thread-1 (]: Using postgres connection "model.dbt_driven_data.staging_dim_date"
[0m05:49:24.732498 [debug] [Thread-1 (]: On model.dbt_driven_data.staging_dim_date: /* {"app": "dbt", "dbt_version": "1.10.3", "profile_name": "default", "target_name": "dev", "node_id": "model.dbt_driven_data.staging_dim_date"} */

  
    

  create  table "airflow"."driven_staging"."dim_date__dbt_tmp"
  
  
    as
  
  (
    
WITH source_data AS (
 SELECT
 unique_id,
 accessed_at
 FROM
 "airflow"."driven_raw"."raw_batch_data"
)
SELECT
 *
FROM
 source_data
  );
  
[0m05:49:24.735179 [debug] [Thread-1 (]: SQL status: SELECT 300 in 0.002 seconds
[0m05:49:24.738534 [debug] [Thread-1 (]: Using postgres connection "model.dbt_driven_data.staging_dim_date"
[0m05:49:24.739064 [debug] [Thread-1 (]: On model.dbt_driven_data.staging_dim_date: /* {"app": "dbt", "dbt_version": "1.10.3", "profile_name": "default", "target_name": "dev", "node_id": "model.dbt_driven_data.staging_dim_date"} */
alter table "airflow"."driven_staging"."dim_date" rename to "dim_date__dbt_backup"
[0m05:49:24.739846 [debug] [Thread-1 (]: SQL status: ALTER TABLE in 0.000 seconds
[0m05:49:24.742527 [debug] [Thread-1 (]: Using postgres connection "model.dbt_driven_data.staging_dim_date"
[0m05:49:24.743033 [debug] [Thread-1 (]: On model.dbt_driven_data.staging_dim_date: /* {"app": "dbt", "dbt_version": "1.10.3", "profile_name": "default", "target_name": "dev", "node_id": "model.dbt_driven_data.staging_dim_date"} */
alter table "airflow"."driven_staging"."dim_date__dbt_tmp" rename to "dim_date"
[0m05:49:24.743905 [debug] [Thread-1 (]: SQL status: ALTER TABLE in 0.000 seconds
[0m05:49:24.745748 [debug] [Thread-1 (]: On model.dbt_driven_data.staging_dim_date: COMMIT
[0m05:49:24.746267 [debug] [Thread-1 (]: Using postgres connection "model.dbt_driven_data.staging_dim_date"
[0m05:49:24.746807 [debug] [Thread-1 (]: On model.dbt_driven_data.staging_dim_date: COMMIT
[0m05:49:24.748821 [debug] [Thread-1 (]: SQL status: COMMIT in 0.001 seconds
[0m05:49:24.751231 [debug] [Thread-1 (]: Applying DROP to: "airflow"."driven_staging"."dim_date__dbt_backup"
[0m05:49:24.753373 [debug] [Thread-1 (]: Using postgres connection "model.dbt_driven_data.staging_dim_date"
[0m05:49:24.753900 [debug] [Thread-1 (]: On model.dbt_driven_data.staging_dim_date: /* {"app": "dbt", "dbt_version": "1.10.3", "profile_name": "default", "target_name": "dev", "node_id": "model.dbt_driven_data.staging_dim_date"} */
drop table if exists "airflow"."driven_staging"."dim_date__dbt_backup" cascade
[0m05:49:24.756396 [debug] [Thread-1 (]: SQL status: DROP TABLE in 0.002 seconds
[0m05:49:24.757852 [debug] [Thread-1 (]: On model.dbt_driven_data.staging_dim_date: Close
[0m05:49:24.758569 [debug] [Thread-1 (]: Sending event: {'category': 'dbt', 'action': 'run_model', 'label': '7846e62b-2efd-4d63-9f3a-b0b9c8bec7ee', 'context': [<snowplow_tracker.self_describing_json.SelfDescribingJson object at 0x7021a8112e40>]}
[0m05:49:24.759515 [info ] [Thread-1 (]: 2 of 5 OK created sql table model driven_staging.dim_date ...................... [[32mSELECT 300[0m in 0.06s]
[0m05:49:24.760429 [debug] [Thread-1 (]: Finished running node model.dbt_driven_data.staging_dim_date
[0m05:49:24.761121 [debug] [Thread-1 (]: Began running node model.dbt_driven_data.staging_dim_finance
[0m05:49:24.761823 [info ] [Thread-1 (]: 3 of 5 START sql table model driven_staging.dim_finance ........................ [RUN]
[0m05:49:24.762541 [debug] [Thread-1 (]: Re-using an available connection from the pool (formerly model.dbt_driven_data.staging_dim_date, now model.dbt_driven_data.staging_dim_finance)
[0m05:49:24.763082 [debug] [Thread-1 (]: Began compiling node model.dbt_driven_data.staging_dim_finance
[0m05:49:24.766207 [debug] [Thread-1 (]: Writing injected SQL for node "model.dbt_driven_data.staging_dim_finance"
[0m05:49:24.772172 [debug] [Thread-1 (]: Began executing node model.dbt_driven_data.staging_dim_finance
[0m05:49:24.776533 [debug] [Thread-1 (]: Writing runtime sql for node "model.dbt_driven_data.staging_dim_finance"
[0m05:49:24.782451 [debug] [Thread-1 (]: Using postgres connection "model.dbt_driven_data.staging_dim_finance"
[0m05:49:24.783170 [debug] [Thread-1 (]: On model.dbt_driven_data.staging_dim_finance: BEGIN
[0m05:49:24.783731 [debug] [Thread-1 (]: Opening a new connection, currently in state closed
[0m05:49:24.789820 [debug] [Thread-1 (]: SQL status: BEGIN in 0.006 seconds
[0m05:49:24.790695 [debug] [Thread-1 (]: Using postgres connection "model.dbt_driven_data.staging_dim_finance"
[0m05:49:24.791268 [debug] [Thread-1 (]: On model.dbt_driven_data.staging_dim_finance: /* {"app": "dbt", "dbt_version": "1.10.3", "profile_name": "default", "target_name": "dev", "node_id": "model.dbt_driven_data.staging_dim_finance"} */

  
    

  create  table "airflow"."driven_staging"."dim_finance__dbt_tmp"
  
  
    as
  
  (
    
WITH source_data AS (
 SELECT
 unique_id,
 iban
 FROM
 "airflow"."driven_raw"."raw_batch_data"
)
SELECT
 *
FROM
 source_data
  );
  
[0m05:49:24.794373 [debug] [Thread-1 (]: SQL status: SELECT 300 in 0.003 seconds
[0m05:49:24.797870 [debug] [Thread-1 (]: Using postgres connection "model.dbt_driven_data.staging_dim_finance"
[0m05:49:24.798391 [debug] [Thread-1 (]: On model.dbt_driven_data.staging_dim_finance: /* {"app": "dbt", "dbt_version": "1.10.3", "profile_name": "default", "target_name": "dev", "node_id": "model.dbt_driven_data.staging_dim_finance"} */
alter table "airflow"."driven_staging"."dim_finance" rename to "dim_finance__dbt_backup"
[0m05:49:24.799180 [debug] [Thread-1 (]: SQL status: ALTER TABLE in 0.000 seconds
[0m05:49:24.801752 [debug] [Thread-1 (]: Using postgres connection "model.dbt_driven_data.staging_dim_finance"
[0m05:49:24.802226 [debug] [Thread-1 (]: On model.dbt_driven_data.staging_dim_finance: /* {"app": "dbt", "dbt_version": "1.10.3", "profile_name": "default", "target_name": "dev", "node_id": "model.dbt_driven_data.staging_dim_finance"} */
alter table "airflow"."driven_staging"."dim_finance__dbt_tmp" rename to "dim_finance"
[0m05:49:24.803253 [debug] [Thread-1 (]: SQL status: ALTER TABLE in 0.001 seconds
[0m05:49:24.804936 [debug] [Thread-1 (]: On model.dbt_driven_data.staging_dim_finance: COMMIT
[0m05:49:24.805471 [debug] [Thread-1 (]: Using postgres connection "model.dbt_driven_data.staging_dim_finance"
[0m05:49:24.806062 [debug] [Thread-1 (]: On model.dbt_driven_data.staging_dim_finance: COMMIT
[0m05:49:24.808092 [debug] [Thread-1 (]: SQL status: COMMIT in 0.002 seconds
[0m05:49:24.810509 [debug] [Thread-1 (]: Applying DROP to: "airflow"."driven_staging"."dim_finance__dbt_backup"
[0m05:49:24.811459 [debug] [Thread-1 (]: Using postgres connection "model.dbt_driven_data.staging_dim_finance"
[0m05:49:24.812048 [debug] [Thread-1 (]: On model.dbt_driven_data.staging_dim_finance: /* {"app": "dbt", "dbt_version": "1.10.3", "profile_name": "default", "target_name": "dev", "node_id": "model.dbt_driven_data.staging_dim_finance"} */
drop table if exists "airflow"."driven_staging"."dim_finance__dbt_backup" cascade
[0m05:49:24.814852 [debug] [Thread-1 (]: SQL status: DROP TABLE in 0.002 seconds
[0m05:49:24.816491 [debug] [Thread-1 (]: On model.dbt_driven_data.staging_dim_finance: Close
[0m05:49:24.817317 [debug] [Thread-1 (]: Sending event: {'category': 'dbt', 'action': 'run_model', 'label': '7846e62b-2efd-4d63-9f3a-b0b9c8bec7ee', 'context': [<snowplow_tracker.self_describing_json.SelfDescribingJson object at 0x7021a81136b0>]}
[0m05:49:24.818164 [info ] [Thread-1 (]: 3 of 5 OK created sql table model driven_staging.dim_finance ................... [[32mSELECT 300[0m in 0.05s]
[0m05:49:24.818965 [debug] [Thread-1 (]: Finished running node model.dbt_driven_data.staging_dim_finance
[0m05:49:24.819549 [debug] [Thread-1 (]: Began running node model.dbt_driven_data.staging_dim_person
[0m05:49:24.820195 [info ] [Thread-1 (]: 4 of 5 START sql table model driven_staging.dim_person ......................... [RUN]
[0m05:49:24.820861 [debug] [Thread-1 (]: Re-using an available connection from the pool (formerly model.dbt_driven_data.staging_dim_finance, now model.dbt_driven_data.staging_dim_person)
[0m05:49:24.821392 [debug] [Thread-1 (]: Began compiling node model.dbt_driven_data.staging_dim_person
[0m05:49:24.825717 [debug] [Thread-1 (]: Writing injected SQL for node "model.dbt_driven_data.staging_dim_person"
[0m05:49:24.831863 [debug] [Thread-1 (]: Began executing node model.dbt_driven_data.staging_dim_person
[0m05:49:24.835392 [debug] [Thread-1 (]: Writing runtime sql for node "model.dbt_driven_data.staging_dim_person"
[0m05:49:24.841387 [debug] [Thread-1 (]: Using postgres connection "model.dbt_driven_data.staging_dim_person"
[0m05:49:24.842066 [debug] [Thread-1 (]: On model.dbt_driven_data.staging_dim_person: BEGIN
[0m05:49:24.842597 [debug] [Thread-1 (]: Opening a new connection, currently in state closed
[0m05:49:24.847730 [debug] [Thread-1 (]: SQL status: BEGIN in 0.005 seconds
[0m05:49:24.848429 [debug] [Thread-1 (]: Using postgres connection "model.dbt_driven_data.staging_dim_person"
[0m05:49:24.848991 [debug] [Thread-1 (]: On model.dbt_driven_data.staging_dim_person: /* {"app": "dbt", "dbt_version": "1.10.3", "profile_name": "default", "target_name": "dev", "node_id": "model.dbt_driven_data.staging_dim_person"} */

  
    

  create  table "airflow"."driven_staging"."dim_person__dbt_tmp"
  
  
    as
  
  (
    
WITH source_data AS (
 SELECT
 unique_id,
 person_name,
 user_name,
 email,
 phone,
 birth_date,
 personal_number
 FROM
 "airflow"."driven_raw"."raw_batch_data"
)
SELECT
 *
FROM
 source_data
  );
  
[0m05:49:24.855266 [debug] [Thread-1 (]: SQL status: SELECT 300 in 0.006 seconds
[0m05:49:24.859746 [debug] [Thread-1 (]: Using postgres connection "model.dbt_driven_data.staging_dim_person"
[0m05:49:24.860801 [debug] [Thread-1 (]: On model.dbt_driven_data.staging_dim_person: /* {"app": "dbt", "dbt_version": "1.10.3", "profile_name": "default", "target_name": "dev", "node_id": "model.dbt_driven_data.staging_dim_person"} */
alter table "airflow"."driven_staging"."dim_person" rename to "dim_person__dbt_backup"
[0m05:49:24.862130 [debug] [Thread-1 (]: SQL status: ALTER TABLE in 0.001 seconds
[0m05:49:24.865626 [debug] [Thread-1 (]: Using postgres connection "model.dbt_driven_data.staging_dim_person"
[0m05:49:24.866488 [debug] [Thread-1 (]: On model.dbt_driven_data.staging_dim_person: /* {"app": "dbt", "dbt_version": "1.10.3", "profile_name": "default", "target_name": "dev", "node_id": "model.dbt_driven_data.staging_dim_person"} */
alter table "airflow"."driven_staging"."dim_person__dbt_tmp" rename to "dim_person"
[0m05:49:24.867935 [debug] [Thread-1 (]: SQL status: ALTER TABLE in 0.001 seconds
[0m05:49:24.870252 [debug] [Thread-1 (]: On model.dbt_driven_data.staging_dim_person: COMMIT
[0m05:49:24.871058 [debug] [Thread-1 (]: Using postgres connection "model.dbt_driven_data.staging_dim_person"
[0m05:49:24.871676 [debug] [Thread-1 (]: On model.dbt_driven_data.staging_dim_person: COMMIT
[0m05:49:24.874502 [debug] [Thread-1 (]: SQL status: COMMIT in 0.002 seconds
[0m05:49:24.877713 [debug] [Thread-1 (]: Applying DROP to: "airflow"."driven_staging"."dim_person__dbt_backup"
[0m05:49:24.878877 [debug] [Thread-1 (]: Using postgres connection "model.dbt_driven_data.staging_dim_person"
[0m05:49:24.879491 [debug] [Thread-1 (]: On model.dbt_driven_data.staging_dim_person: /* {"app": "dbt", "dbt_version": "1.10.3", "profile_name": "default", "target_name": "dev", "node_id": "model.dbt_driven_data.staging_dim_person"} */
drop table if exists "airflow"."driven_staging"."dim_person__dbt_backup" cascade
[0m05:49:24.884160 [debug] [Thread-1 (]: SQL status: DROP TABLE in 0.004 seconds
[0m05:49:24.887295 [debug] [Thread-1 (]: On model.dbt_driven_data.staging_dim_person: Close
[0m05:49:24.889017 [debug] [Thread-1 (]: Sending event: {'category': 'dbt', 'action': 'run_model', 'label': '7846e62b-2efd-4d63-9f3a-b0b9c8bec7ee', 'context': [<snowplow_tracker.self_describing_json.SelfDescribingJson object at 0x7021a8391040>]}
[0m05:49:24.890605 [info ] [Thread-1 (]: 4 of 5 OK created sql table model driven_staging.dim_person .................... [[32mSELECT 300[0m in 0.07s]
[0m05:49:24.892167 [debug] [Thread-1 (]: Finished running node model.dbt_driven_data.staging_dim_person
[0m05:49:24.893036 [debug] [Thread-1 (]: Began running node model.dbt_driven_data.staging_fact_network_usage
[0m05:49:24.894041 [info ] [Thread-1 (]: 5 of 5 START sql table model driven_staging.fact_network_usage ................. [RUN]
[0m05:49:24.895460 [debug] [Thread-1 (]: Re-using an available connection from the pool (formerly model.dbt_driven_data.staging_dim_person, now model.dbt_driven_data.staging_fact_network_usage)
[0m05:49:24.896196 [debug] [Thread-1 (]: Began compiling node model.dbt_driven_data.staging_fact_network_usage
[0m05:49:24.900566 [debug] [Thread-1 (]: Writing injected SQL for node "model.dbt_driven_data.staging_fact_network_usage"
[0m05:49:24.908710 [debug] [Thread-1 (]: Began executing node model.dbt_driven_data.staging_fact_network_usage
[0m05:49:24.916368 [debug] [Thread-1 (]: Writing runtime sql for node "model.dbt_driven_data.staging_fact_network_usage"
[0m05:49:24.924640 [debug] [Thread-1 (]: Using postgres connection "model.dbt_driven_data.staging_fact_network_usage"
[0m05:49:24.925512 [debug] [Thread-1 (]: On model.dbt_driven_data.staging_fact_network_usage: BEGIN
[0m05:49:24.926345 [debug] [Thread-1 (]: Opening a new connection, currently in state closed
[0m05:49:24.932561 [debug] [Thread-1 (]: SQL status: BEGIN in 0.006 seconds
[0m05:49:24.933728 [debug] [Thread-1 (]: Using postgres connection "model.dbt_driven_data.staging_fact_network_usage"
[0m05:49:24.934840 [debug] [Thread-1 (]: On model.dbt_driven_data.staging_fact_network_usage: /* {"app": "dbt", "dbt_version": "1.10.3", "profile_name": "default", "target_name": "dev", "node_id": "model.dbt_driven_data.staging_fact_network_usage"} */

  
    

  create  table "airflow"."driven_staging"."fact_network_usage__dbt_tmp"
  
  
    as
  
  (
    
WITH source_data AS (
 SELECT
 unique_id,
 session_duration,
 download_speed,
 upload_speed,
 consumed_traffic
 FROM
 "airflow"."driven_raw"."raw_batch_data"
)
SELECT
 *
FROM
 source_data
  );
  
[0m05:49:24.939599 [debug] [Thread-1 (]: SQL status: SELECT 300 in 0.004 seconds
[0m05:49:24.944911 [debug] [Thread-1 (]: Using postgres connection "model.dbt_driven_data.staging_fact_network_usage"
[0m05:49:24.945952 [debug] [Thread-1 (]: On model.dbt_driven_data.staging_fact_network_usage: /* {"app": "dbt", "dbt_version": "1.10.3", "profile_name": "default", "target_name": "dev", "node_id": "model.dbt_driven_data.staging_fact_network_usage"} */
alter table "airflow"."driven_staging"."fact_network_usage" rename to "fact_network_usage__dbt_backup"
[0m05:49:24.947237 [debug] [Thread-1 (]: SQL status: ALTER TABLE in 0.001 seconds
[0m05:49:24.951188 [debug] [Thread-1 (]: Using postgres connection "model.dbt_driven_data.staging_fact_network_usage"
[0m05:49:24.952142 [debug] [Thread-1 (]: On model.dbt_driven_data.staging_fact_network_usage: /* {"app": "dbt", "dbt_version": "1.10.3", "profile_name": "default", "target_name": "dev", "node_id": "model.dbt_driven_data.staging_fact_network_usage"} */
alter table "airflow"."driven_staging"."fact_network_usage__dbt_tmp" rename to "fact_network_usage"
[0m05:49:24.953387 [debug] [Thread-1 (]: SQL status: ALTER TABLE in 0.001 seconds
[0m05:49:24.955456 [debug] [Thread-1 (]: On model.dbt_driven_data.staging_fact_network_usage: COMMIT
[0m05:49:24.956123 [debug] [Thread-1 (]: Using postgres connection "model.dbt_driven_data.staging_fact_network_usage"
[0m05:49:24.956843 [debug] [Thread-1 (]: On model.dbt_driven_data.staging_fact_network_usage: COMMIT
[0m05:49:24.959790 [debug] [Thread-1 (]: SQL status: COMMIT in 0.002 seconds
[0m05:49:24.964646 [debug] [Thread-1 (]: Applying DROP to: "airflow"."driven_staging"."fact_network_usage__dbt_backup"
[0m05:49:24.966083 [debug] [Thread-1 (]: Using postgres connection "model.dbt_driven_data.staging_fact_network_usage"
[0m05:49:24.966677 [debug] [Thread-1 (]: On model.dbt_driven_data.staging_fact_network_usage: /* {"app": "dbt", "dbt_version": "1.10.3", "profile_name": "default", "target_name": "dev", "node_id": "model.dbt_driven_data.staging_fact_network_usage"} */
drop table if exists "airflow"."driven_staging"."fact_network_usage__dbt_backup" cascade
[0m05:49:24.969620 [debug] [Thread-1 (]: SQL status: DROP TABLE in 0.002 seconds
[0m05:49:24.971719 [debug] [Thread-1 (]: On model.dbt_driven_data.staging_fact_network_usage: Close
[0m05:49:24.972827 [debug] [Thread-1 (]: Sending event: {'category': 'dbt', 'action': 'run_model', 'label': '7846e62b-2efd-4d63-9f3a-b0b9c8bec7ee', 'context': [<snowplow_tracker.self_describing_json.SelfDescribingJson object at 0x7021a816d6a0>]}
[0m05:49:24.973769 [info ] [Thread-1 (]: 5 of 5 OK created sql table model driven_staging.fact_network_usage ............ [[32mSELECT 300[0m in 0.08s]
[0m05:49:24.974854 [debug] [Thread-1 (]: Finished running node model.dbt_driven_data.staging_fact_network_usage
[0m05:49:24.977552 [debug] [MainThread]: Using postgres connection "master"
[0m05:49:24.978864 [debug] [MainThread]: On master: BEGIN
[0m05:49:24.979605 [debug] [MainThread]: Opening a new connection, currently in state closed
[0m05:49:24.986771 [debug] [MainThread]: SQL status: BEGIN in 0.007 seconds
[0m05:49:24.988219 [debug] [MainThread]: On master: COMMIT
[0m05:49:24.989746 [debug] [MainThread]: Using postgres connection "master"
[0m05:49:24.990968 [debug] [MainThread]: On master: COMMIT
[0m05:49:24.992668 [debug] [MainThread]: SQL status: COMMIT in 0.000 seconds
[0m05:49:24.993634 [debug] [MainThread]: On master: Close
[0m05:49:24.994980 [debug] [MainThread]: Connection 'master' was properly closed.
[0m05:49:24.995759 [debug] [MainThread]: Connection 'model.dbt_driven_data.staging_fact_network_usage' was properly closed.
[0m05:49:24.996608 [info ] [MainThread]: 
[0m05:49:24.997481 [info ] [MainThread]: Finished running 5 table models in 0 hours 0 minutes and 0.56 seconds (0.56s).
[0m05:49:25.000170 [debug] [MainThread]: Command end result
[0m05:49:25.039105 [debug] [MainThread]: Wrote artifact WritableManifest to /opt/airflow/dbt/target/manifest.json
[0m05:49:25.046661 [debug] [MainThread]: Wrote artifact SemanticManifest to /opt/airflow/dbt/target/semantic_manifest.json
[0m05:49:25.057169 [debug] [MainThread]: Wrote artifact RunExecutionResult to /opt/airflow/dbt/target/run_results.json
[0m05:49:25.057774 [info ] [MainThread]: 
[0m05:49:25.058392 [info ] [MainThread]: [32mCompleted successfully[0m
[0m05:49:25.058943 [info ] [MainThread]: 
[0m05:49:25.059542 [info ] [MainThread]: Done. PASS=5 WARN=0 ERROR=0 SKIP=0 NO-OP=0 TOTAL=5
[0m05:49:25.060996 [debug] [MainThread]: Resource report: {"command_name": "run", "command_success": true, "command_wall_clock_time": 1.3974714, "process_in_blocks": "536", "process_kernel_time": 0.485348, "process_mem_max_rss": "123620", "process_out_blocks": "0", "process_user_time": 2.537226}
[0m05:49:25.061693 [debug] [MainThread]: Command `dbt run` succeeded at 05:49:25.061580 after 1.40 seconds
[0m05:49:25.062313 [debug] [MainThread]: Sending event: {'category': 'dbt', 'action': 'invocation', 'label': 'end', 'context': [<snowplow_tracker.self_describing_json.SelfDescribingJson object at 0x7021ac3fbb00>, <snowplow_tracker.self_describing_json.SelfDescribingJson object at 0x7021ab104710>, <snowplow_tracker.self_describing_json.SelfDescribingJson object at 0x7021ac44b170>]}
[0m05:49:25.062852 [debug] [MainThread]: Flushing usage events
[0m05:49:25.634368 [debug] [MainThread]: An error was encountered while trying to flush usage events
[0m05:49:29.736710 [debug] [MainThread]: Sending event: {'category': 'dbt', 'action': 'invocation', 'label': 'start', 'context': [<snowplow_tracker.self_describing_json.SelfDescribingJson object at 0x7be3b32c3470>, <snowplow_tracker.self_describing_json.SelfDescribingJson object at 0x7be3b43ccef0>, <snowplow_tracker.self_describing_json.SelfDescribingJson object at 0x7be3b32c2cc0>]}


============================== 05:49:29.742775 | 37230286-2c87-442e-bda7-526d4b4c1227 ==============================
[0m05:49:29.742775 [info ] [MainThread]: Running with dbt=1.10.3
[0m05:49:29.743655 [debug] [MainThread]: running dbt with arguments {'printer_width': '80', 'indirect_selection': 'eager', 'write_json': 'True', 'log_cache_events': 'False', 'partial_parse': 'True', 'cache_selected_only': 'False', 'profiles_dir': '/opt/airflow/dbt', 'version_check': 'True', 'fail_fast': 'False', 'log_path': '/opt/airflow/dbt/logs', 'debug': 'False', 'warn_error': 'None', 'use_colors': 'True', 'use_experimental_parser': 'False', 'empty': 'False', 'quiet': 'False', 'no_print': 'None', 'warn_error_options': 'WarnErrorOptionsV2(error=[], warn=[], silence=[])', 'static_parser': 'True', 'introspect': 'True', 'invocation_command': 'dbt run --select tag:trusted', 'target_path': 'None', 'log_format': 'default', 'send_anonymous_usage_stats': 'True'}
[0m05:49:29.951163 [debug] [MainThread]: Sending event: {'category': 'dbt', 'action': 'project_id', 'label': '37230286-2c87-442e-bda7-526d4b4c1227', 'context': [<snowplow_tracker.self_describing_json.SelfDescribingJson object at 0x7be3b32c3470>]}
[0m05:49:30.014655 [debug] [MainThread]: Sending event: {'category': 'dbt', 'action': 'adapter_info', 'label': '37230286-2c87-442e-bda7-526d4b4c1227', 'context': [<snowplow_tracker.self_describing_json.SelfDescribingJson object at 0x7be3b1e2e900>]}
[0m05:49:30.015830 [info ] [MainThread]: Registered adapter: postgres=1.9.0
[0m05:49:30.133443 [debug] [MainThread]: checksum: 1bfacb87e6914c9942cfa2c4badfc1df19d859fe8ec086286ef238a7d920f97b, vars: {}, profile: , target: , version: 1.10.3
[0m05:49:30.313980 [debug] [MainThread]: Partial parsing enabled: 0 files deleted, 0 files added, 0 files changed.
[0m05:49:30.314762 [debug] [MainThread]: Partial parsing enabled, no changes found, skipping parsing
[0m05:49:30.350185 [debug] [MainThread]: Sending event: {'category': 'dbt', 'action': 'load_project', 'label': '37230286-2c87-442e-bda7-526d4b4c1227', 'context': [<snowplow_tracker.self_describing_json.SelfDescribingJson object at 0x7be3b197b740>]}
[0m05:49:30.431987 [debug] [MainThread]: Wrote artifact WritableManifest to /opt/airflow/dbt/target/manifest.json
[0m05:49:30.436686 [debug] [MainThread]: Wrote artifact SemanticManifest to /opt/airflow/dbt/target/semantic_manifest.json
[0m05:49:30.462043 [debug] [MainThread]: Sending event: {'category': 'dbt', 'action': 'resource_counts', 'label': '37230286-2c87-442e-bda7-526d4b4c1227', 'context': [<snowplow_tracker.self_describing_json.SelfDescribingJson object at 0x7be3b11e3e00>]}
[0m05:49:30.462798 [info ] [MainThread]: Found 9 models, 11 sources, 433 macros
[0m05:49:30.463369 [debug] [MainThread]: Sending event: {'category': 'dbt', 'action': 'runnable_timing', 'label': '37230286-2c87-442e-bda7-526d4b4c1227', 'context': [<snowplow_tracker.self_describing_json.SelfDescribingJson object at 0x7be3b2e079e0>]}
[0m05:49:30.465880 [info ] [MainThread]: 
[0m05:49:30.466733 [info ] [MainThread]: Concurrency: 1 threads (target='dev')
[0m05:49:30.467291 [info ] [MainThread]: 
[0m05:49:30.468129 [debug] [MainThread]: Acquiring new postgres connection 'master'
[0m05:49:30.472864 [debug] [ThreadPool]: Acquiring new postgres connection 'list_airflow'
[0m05:49:30.512586 [debug] [ThreadPool]: Using postgres connection "list_airflow"
[0m05:49:30.513476 [debug] [ThreadPool]: On list_airflow: /* {"app": "dbt", "dbt_version": "1.10.3", "profile_name": "default", "target_name": "dev", "connection_name": "list_airflow"} */

    select distinct nspname from pg_namespace
  
[0m05:49:30.514061 [debug] [ThreadPool]: Opening a new connection, currently in state init
[0m05:49:30.520867 [debug] [ThreadPool]: SQL status: SELECT 7 in 0.007 seconds
[0m05:49:30.522669 [debug] [ThreadPool]: On list_airflow: Close
[0m05:49:30.524835 [debug] [ThreadPool]: Re-using an available connection from the pool (formerly list_airflow, now list_airflow_driven_staging)
[0m05:49:30.530343 [debug] [ThreadPool]: Using postgres connection "list_airflow_driven_staging"
[0m05:49:30.530952 [debug] [ThreadPool]: On list_airflow_driven_staging: BEGIN
[0m05:49:30.531353 [debug] [ThreadPool]: Opening a new connection, currently in state closed
[0m05:49:30.536404 [debug] [ThreadPool]: SQL status: BEGIN in 0.005 seconds
[0m05:49:30.537130 [debug] [ThreadPool]: Using postgres connection "list_airflow_driven_staging"
[0m05:49:30.537584 [debug] [ThreadPool]: On list_airflow_driven_staging: /* {"app": "dbt", "dbt_version": "1.10.3", "profile_name": "default", "target_name": "dev", "connection_name": "list_airflow_driven_staging"} */
select
      'airflow' as database,
      tablename as name,
      schemaname as schema,
      'table' as type
    from pg_tables
    where schemaname ilike 'driven_staging'
    union all
    select
      'airflow' as database,
      viewname as name,
      schemaname as schema,
      'view' as type
    from pg_views
    where schemaname ilike 'driven_staging'
    union all
    select
      'airflow' as database,
      matviewname as name,
      schemaname as schema,
      'materialized_view' as type
    from pg_matviews
    where schemaname ilike 'driven_staging'
  
[0m05:49:30.540706 [debug] [ThreadPool]: SQL status: SELECT 5 in 0.003 seconds
[0m05:49:30.542146 [debug] [ThreadPool]: On list_airflow_driven_staging: ROLLBACK
[0m05:49:30.542770 [debug] [ThreadPool]: On list_airflow_driven_staging: Close
[0m05:49:30.543491 [debug] [ThreadPool]: Re-using an available connection from the pool (formerly list_airflow_driven_staging, now list_airflow_driven_trusted)
[0m05:49:30.546126 [debug] [ThreadPool]: Using postgres connection "list_airflow_driven_trusted"
[0m05:49:30.546558 [debug] [ThreadPool]: On list_airflow_driven_trusted: BEGIN
[0m05:49:30.547051 [debug] [ThreadPool]: Opening a new connection, currently in state closed
[0m05:49:30.552165 [debug] [ThreadPool]: SQL status: BEGIN in 0.005 seconds
[0m05:49:30.552893 [debug] [ThreadPool]: Using postgres connection "list_airflow_driven_trusted"
[0m05:49:30.553349 [debug] [ThreadPool]: On list_airflow_driven_trusted: /* {"app": "dbt", "dbt_version": "1.10.3", "profile_name": "default", "target_name": "dev", "connection_name": "list_airflow_driven_trusted"} */
select
      'airflow' as database,
      tablename as name,
      schemaname as schema,
      'table' as type
    from pg_tables
    where schemaname ilike 'driven_trusted'
    union all
    select
      'airflow' as database,
      viewname as name,
      schemaname as schema,
      'view' as type
    from pg_views
    where schemaname ilike 'driven_trusted'
    union all
    select
      'airflow' as database,
      matviewname as name,
      schemaname as schema,
      'materialized_view' as type
    from pg_matviews
    where schemaname ilike 'driven_trusted'
  
[0m05:49:30.556409 [debug] [ThreadPool]: SQL status: SELECT 4 in 0.003 seconds
[0m05:49:30.558015 [debug] [ThreadPool]: On list_airflow_driven_trusted: ROLLBACK
[0m05:49:30.558621 [debug] [ThreadPool]: On list_airflow_driven_trusted: Close
[0m05:49:30.564544 [debug] [MainThread]: Using postgres connection "master"
[0m05:49:30.565232 [debug] [MainThread]: On master: BEGIN
[0m05:49:30.565700 [debug] [MainThread]: Opening a new connection, currently in state init
[0m05:49:30.571325 [debug] [MainThread]: SQL status: BEGIN in 0.005 seconds
[0m05:49:30.572322 [debug] [MainThread]: Using postgres connection "master"
[0m05:49:30.573076 [debug] [MainThread]: On master: /* {"app": "dbt", "dbt_version": "1.10.3", "profile_name": "default", "target_name": "dev", "connection_name": "master"} */
with relation as (
        select
            pg_rewrite.ev_class as class,
            pg_rewrite.oid as id
        from pg_rewrite
    ),
    class as (
        select
            oid as id,
            relname as name,
            relnamespace as schema,
            relkind as kind
        from pg_class
    ),
    dependency as (
        select distinct
            pg_depend.objid as id,
            pg_depend.refobjid as ref
        from pg_depend
    ),
    schema as (
        select
            pg_namespace.oid as id,
            pg_namespace.nspname as name
        from pg_namespace
        where nspname != 'information_schema' and nspname not like 'pg\_%'
    ),
    referenced as (
        select
            relation.id AS id,
            referenced_class.name ,
            referenced_class.schema ,
            referenced_class.kind
        from relation
        join class as referenced_class on relation.class=referenced_class.id
        where referenced_class.kind in ('r', 'v', 'm')
    ),
    relationships as (
        select
            referenced.name as referenced_name,
            referenced.schema as referenced_schema_id,
            dependent_class.name as dependent_name,
            dependent_class.schema as dependent_schema_id,
            referenced.kind as kind
        from referenced
        join dependency on referenced.id=dependency.id
        join class as dependent_class on dependency.ref=dependent_class.id
        where
            (referenced.name != dependent_class.name or
             referenced.schema != dependent_class.schema)
    )

    select
        referenced_schema.name as referenced_schema,
        relationships.referenced_name as referenced_name,
        dependent_schema.name as dependent_schema,
        relationships.dependent_name as dependent_name
    from relationships
    join schema as dependent_schema on relationships.dependent_schema_id=dependent_schema.id
    join schema as referenced_schema on relationships.referenced_schema_id=referenced_schema.id
    group by referenced_schema, referenced_name, dependent_schema, dependent_name
    order by referenced_schema, referenced_name, dependent_schema, dependent_name;
[0m05:49:30.577468 [debug] [MainThread]: SQL status: SELECT 0 in 0.004 seconds
[0m05:49:30.579778 [debug] [MainThread]: Sending event: {'category': 'dbt', 'action': 'runnable_timing', 'label': '37230286-2c87-442e-bda7-526d4b4c1227', 'context': [<snowplow_tracker.self_describing_json.SelfDescribingJson object at 0x7be3b0db87a0>]}
[0m05:49:30.580509 [debug] [MainThread]: On master: ROLLBACK
[0m05:49:30.581213 [debug] [MainThread]: Using postgres connection "master"
[0m05:49:30.581661 [debug] [MainThread]: On master: BEGIN
[0m05:49:30.582388 [debug] [MainThread]: SQL status: BEGIN in 0.000 seconds
[0m05:49:30.582865 [debug] [MainThread]: On master: COMMIT
[0m05:49:30.583356 [debug] [MainThread]: Using postgres connection "master"
[0m05:49:30.583812 [debug] [MainThread]: On master: COMMIT
[0m05:49:30.584612 [debug] [MainThread]: SQL status: COMMIT in 0.000 seconds
[0m05:49:30.585213 [debug] [MainThread]: On master: Close
[0m05:49:30.590189 [debug] [Thread-1 (]: Began running node model.dbt_driven_data.trusted_non_pii_data
[0m05:49:30.591085 [info ] [Thread-1 (]: 1 of 4 START sql table model driven_trusted.non_pii_data ....................... [RUN]
[0m05:49:30.591827 [debug] [Thread-1 (]: Re-using an available connection from the pool (formerly list_airflow_driven_trusted, now model.dbt_driven_data.trusted_non_pii_data)
[0m05:49:30.592374 [debug] [Thread-1 (]: Began compiling node model.dbt_driven_data.trusted_non_pii_data
[0m05:49:30.601131 [debug] [Thread-1 (]: Writing injected SQL for node "model.dbt_driven_data.trusted_non_pii_data"
[0m05:49:30.607570 [debug] [Thread-1 (]: Began executing node model.dbt_driven_data.trusted_non_pii_data
[0m05:49:30.647605 [debug] [Thread-1 (]: Writing runtime sql for node "model.dbt_driven_data.trusted_non_pii_data"
[0m05:49:30.655350 [debug] [Thread-1 (]: Using postgres connection "model.dbt_driven_data.trusted_non_pii_data"
[0m05:49:30.656075 [debug] [Thread-1 (]: On model.dbt_driven_data.trusted_non_pii_data: BEGIN
[0m05:49:30.656657 [debug] [Thread-1 (]: Opening a new connection, currently in state closed
[0m05:49:30.663196 [debug] [Thread-1 (]: SQL status: BEGIN in 0.006 seconds
[0m05:49:30.664031 [debug] [Thread-1 (]: Using postgres connection "model.dbt_driven_data.trusted_non_pii_data"
[0m05:49:30.664640 [debug] [Thread-1 (]: On model.dbt_driven_data.trusted_non_pii_data: /* {"app": "dbt", "dbt_version": "1.10.3", "profile_name": "default", "target_name": "dev", "node_id": "model.dbt_driven_data.trusted_non_pii_data"} */

  
    

  create  table "airflow"."driven_trusted"."non_pii_data__dbt_tmp"
  
  
    as
  
  (
    
WITH source_data AS (
 SELECT
 '***MASKED***' AS person_name,
 SUBSTRING(dp.user_name, 1, 5) || '*****' user_name,
 SUBSTRING(dp.email, 1, 5) || '*****' AS email,
 '***MASKED***' AS personal_number,
 '***MASKED***' AS birth_date,
 '***MASKED***' AS address,
 '***MASKED***' AS phone,
 SUBSTRING(da.mac_address, 1, 5) || '*****' AS mac_address,
 SUBSTRING(da.ip_address, 1, 5) || '*****' AS ip_address,
 SUBSTRING(df.iban, 1, 5) || '*****' AS iban,
 dd.accessed_at,
 fnu.session_duration,
 fnu.download_speed,
 fnu.upload_speed,
 fnu.consumed_traffic,
 fnu.unique_id
 FROM
 "airflow"."driven_staging"."fact_network_usage" fnu
 INNER JOIN
 "airflow"."driven_staging"."dim_address" da ON
fnu.unique_id = da.unique_id
 INNER JOIN
 "airflow"."driven_staging"."dim_date" dd ON da.unique_id =
dd.unique_id
 INNER JOIN
 "airflow"."driven_staging"."dim_finance" df ON dd.unique_id
= df.unique_id
 INNER JOIN
 "airflow"."driven_staging"."dim_person" dp ON df.unique_id
= dp.unique_id
)
SELECT
 *
FROM
 source_data
  );
  
[0m05:49:30.686151 [debug] [Thread-1 (]: SQL status: SELECT 3300 in 0.021 seconds
[0m05:49:30.696724 [debug] [Thread-1 (]: Using postgres connection "model.dbt_driven_data.trusted_non_pii_data"
[0m05:49:30.697555 [debug] [Thread-1 (]: On model.dbt_driven_data.trusted_non_pii_data: /* {"app": "dbt", "dbt_version": "1.10.3", "profile_name": "default", "target_name": "dev", "node_id": "model.dbt_driven_data.trusted_non_pii_data"} */
alter table "airflow"."driven_trusted"."non_pii_data" rename to "non_pii_data__dbt_backup"
[0m05:49:30.698665 [debug] [Thread-1 (]: SQL status: ALTER TABLE in 0.000 seconds
[0m05:49:30.701871 [debug] [Thread-1 (]: Using postgres connection "model.dbt_driven_data.trusted_non_pii_data"
[0m05:49:30.702416 [debug] [Thread-1 (]: On model.dbt_driven_data.trusted_non_pii_data: /* {"app": "dbt", "dbt_version": "1.10.3", "profile_name": "default", "target_name": "dev", "node_id": "model.dbt_driven_data.trusted_non_pii_data"} */
alter table "airflow"."driven_trusted"."non_pii_data__dbt_tmp" rename to "non_pii_data"
[0m05:49:30.703241 [debug] [Thread-1 (]: SQL status: ALTER TABLE in 0.000 seconds
[0m05:49:30.717680 [debug] [Thread-1 (]: On model.dbt_driven_data.trusted_non_pii_data: COMMIT
[0m05:49:30.718398 [debug] [Thread-1 (]: Using postgres connection "model.dbt_driven_data.trusted_non_pii_data"
[0m05:49:30.718920 [debug] [Thread-1 (]: On model.dbt_driven_data.trusted_non_pii_data: COMMIT
[0m05:49:30.722485 [debug] [Thread-1 (]: SQL status: COMMIT in 0.003 seconds
[0m05:49:30.728227 [debug] [Thread-1 (]: Applying DROP to: "airflow"."driven_trusted"."non_pii_data__dbt_backup"
[0m05:49:30.733464 [debug] [Thread-1 (]: Using postgres connection "model.dbt_driven_data.trusted_non_pii_data"
[0m05:49:30.733991 [debug] [Thread-1 (]: On model.dbt_driven_data.trusted_non_pii_data: /* {"app": "dbt", "dbt_version": "1.10.3", "profile_name": "default", "target_name": "dev", "node_id": "model.dbt_driven_data.trusted_non_pii_data"} */
drop table if exists "airflow"."driven_trusted"."non_pii_data__dbt_backup" cascade
[0m05:49:30.737293 [debug] [Thread-1 (]: SQL status: DROP TABLE in 0.003 seconds
[0m05:49:30.739650 [debug] [Thread-1 (]: On model.dbt_driven_data.trusted_non_pii_data: Close
[0m05:49:30.741329 [debug] [Thread-1 (]: Sending event: {'category': 'dbt', 'action': 'run_model', 'label': '37230286-2c87-442e-bda7-526d4b4c1227', 'context': [<snowplow_tracker.self_describing_json.SelfDescribingJson object at 0x7be3b4984710>]}
[0m05:49:30.742067 [info ] [Thread-1 (]: 1 of 4 OK created sql table model driven_trusted.non_pii_data .................. [[32mSELECT 3300[0m in 0.15s]
[0m05:49:30.742797 [debug] [Thread-1 (]: Finished running node model.dbt_driven_data.trusted_non_pii_data
[0m05:49:30.743490 [debug] [Thread-1 (]: Began running node model.dbt_driven_data.trusted_payment_data
[0m05:49:30.744165 [info ] [Thread-1 (]: 2 of 4 START sql table model driven_trusted.payment_data ....................... [RUN]
[0m05:49:30.744827 [debug] [Thread-1 (]: Re-using an available connection from the pool (formerly model.dbt_driven_data.trusted_non_pii_data, now model.dbt_driven_data.trusted_payment_data)
[0m05:49:30.745398 [debug] [Thread-1 (]: Began compiling node model.dbt_driven_data.trusted_payment_data
[0m05:49:30.748654 [debug] [Thread-1 (]: Writing injected SQL for node "model.dbt_driven_data.trusted_payment_data"
[0m05:49:30.754149 [debug] [Thread-1 (]: Began executing node model.dbt_driven_data.trusted_payment_data
[0m05:49:30.757764 [debug] [Thread-1 (]: Writing runtime sql for node "model.dbt_driven_data.trusted_payment_data"
[0m05:49:30.763306 [debug] [Thread-1 (]: Using postgres connection "model.dbt_driven_data.trusted_payment_data"
[0m05:49:30.763996 [debug] [Thread-1 (]: On model.dbt_driven_data.trusted_payment_data: BEGIN
[0m05:49:30.764546 [debug] [Thread-1 (]: Opening a new connection, currently in state closed
[0m05:49:30.770714 [debug] [Thread-1 (]: SQL status: BEGIN in 0.006 seconds
[0m05:49:30.772417 [debug] [Thread-1 (]: Using postgres connection "model.dbt_driven_data.trusted_payment_data"
[0m05:49:30.773352 [debug] [Thread-1 (]: On model.dbt_driven_data.trusted_payment_data: /* {"app": "dbt", "dbt_version": "1.10.3", "profile_name": "default", "target_name": "dev", "node_id": "model.dbt_driven_data.trusted_payment_data"} */

  
    

  create  table "airflow"."driven_trusted"."payment_data__dbt_tmp"
  
  
    as
  
  (
    
WITH source_data AS (
 SELECT
 fnu.unique_id,
 df.iban,
 fnu.download_speed,
 fnu.upload_speed,
 fnu.session_duration,
 fnu.consumed_traffic,
 ((fnu.download_speed + fnu.upload_speed + 1)/2) +
(fnu.consumed_traffic / (fnu.session_duration + 1)) AS payment_amount
 FROM
 "airflow"."driven_staging"."fact_network_usage" fnu
 JOIN
 "airflow"."driven_staging"."dim_finance" df
 ON
 fnu.unique_id = df.unique_id
)
SELECT
 *
FROM
 source_data
  );
  
[0m05:49:30.779956 [debug] [Thread-1 (]: SQL status: SELECT 500 in 0.006 seconds
[0m05:49:30.783903 [debug] [Thread-1 (]: Using postgres connection "model.dbt_driven_data.trusted_payment_data"
[0m05:49:30.784803 [debug] [Thread-1 (]: On model.dbt_driven_data.trusted_payment_data: /* {"app": "dbt", "dbt_version": "1.10.3", "profile_name": "default", "target_name": "dev", "node_id": "model.dbt_driven_data.trusted_payment_data"} */
alter table "airflow"."driven_trusted"."payment_data" rename to "payment_data__dbt_backup"
[0m05:49:30.786403 [debug] [Thread-1 (]: SQL status: ALTER TABLE in 0.001 seconds
[0m05:49:30.794066 [debug] [Thread-1 (]: Using postgres connection "model.dbt_driven_data.trusted_payment_data"
[0m05:49:30.795703 [debug] [Thread-1 (]: On model.dbt_driven_data.trusted_payment_data: /* {"app": "dbt", "dbt_version": "1.10.3", "profile_name": "default", "target_name": "dev", "node_id": "model.dbt_driven_data.trusted_payment_data"} */
alter table "airflow"."driven_trusted"."payment_data__dbt_tmp" rename to "payment_data"
[0m05:49:30.798133 [debug] [Thread-1 (]: SQL status: ALTER TABLE in 0.001 seconds
[0m05:49:30.801167 [debug] [Thread-1 (]: On model.dbt_driven_data.trusted_payment_data: COMMIT
[0m05:49:30.801985 [debug] [Thread-1 (]: Using postgres connection "model.dbt_driven_data.trusted_payment_data"
[0m05:49:30.802662 [debug] [Thread-1 (]: On model.dbt_driven_data.trusted_payment_data: COMMIT
[0m05:49:30.805311 [debug] [Thread-1 (]: SQL status: COMMIT in 0.002 seconds
[0m05:49:30.810323 [debug] [Thread-1 (]: Applying DROP to: "airflow"."driven_trusted"."payment_data__dbt_backup"
[0m05:49:30.811376 [debug] [Thread-1 (]: Using postgres connection "model.dbt_driven_data.trusted_payment_data"
[0m05:49:30.811903 [debug] [Thread-1 (]: On model.dbt_driven_data.trusted_payment_data: /* {"app": "dbt", "dbt_version": "1.10.3", "profile_name": "default", "target_name": "dev", "node_id": "model.dbt_driven_data.trusted_payment_data"} */
drop table if exists "airflow"."driven_trusted"."payment_data__dbt_backup" cascade
[0m05:49:30.815118 [debug] [Thread-1 (]: SQL status: DROP TABLE in 0.003 seconds
[0m05:49:30.817210 [debug] [Thread-1 (]: On model.dbt_driven_data.trusted_payment_data: Close
[0m05:49:30.818042 [debug] [Thread-1 (]: Sending event: {'category': 'dbt', 'action': 'run_model', 'label': '37230286-2c87-442e-bda7-526d4b4c1227', 'context': [<snowplow_tracker.self_describing_json.SelfDescribingJson object at 0x7be3ad82e3c0>]}
[0m05:49:30.818790 [info ] [Thread-1 (]: 2 of 4 OK created sql table model driven_trusted.payment_data .................. [[32mSELECT 500[0m in 0.07s]
[0m05:49:30.819644 [debug] [Thread-1 (]: Finished running node model.dbt_driven_data.trusted_payment_data
[0m05:49:30.820399 [debug] [Thread-1 (]: Began running node model.dbt_driven_data.trusted_pii_data
[0m05:49:30.821183 [info ] [Thread-1 (]: 3 of 4 START sql table model driven_trusted.pii_data ........................... [RUN]
[0m05:49:30.821918 [debug] [Thread-1 (]: Re-using an available connection from the pool (formerly model.dbt_driven_data.trusted_payment_data, now model.dbt_driven_data.trusted_pii_data)
[0m05:49:30.822605 [debug] [Thread-1 (]: Began compiling node model.dbt_driven_data.trusted_pii_data
[0m05:49:30.827209 [debug] [Thread-1 (]: Writing injected SQL for node "model.dbt_driven_data.trusted_pii_data"
[0m05:49:30.833597 [debug] [Thread-1 (]: Began executing node model.dbt_driven_data.trusted_pii_data
[0m05:49:30.837961 [debug] [Thread-1 (]: Writing runtime sql for node "model.dbt_driven_data.trusted_pii_data"
[0m05:49:30.844344 [debug] [Thread-1 (]: Using postgres connection "model.dbt_driven_data.trusted_pii_data"
[0m05:49:30.845066 [debug] [Thread-1 (]: On model.dbt_driven_data.trusted_pii_data: BEGIN
[0m05:49:30.845589 [debug] [Thread-1 (]: Opening a new connection, currently in state closed
[0m05:49:30.851030 [debug] [Thread-1 (]: SQL status: BEGIN in 0.005 seconds
[0m05:49:30.851774 [debug] [Thread-1 (]: Using postgres connection "model.dbt_driven_data.trusted_pii_data"
[0m05:49:30.852339 [debug] [Thread-1 (]: On model.dbt_driven_data.trusted_pii_data: /* {"app": "dbt", "dbt_version": "1.10.3", "profile_name": "default", "target_name": "dev", "node_id": "model.dbt_driven_data.trusted_pii_data"} */

  
    

  create  table "airflow"."driven_trusted"."pii_data__dbt_tmp"
  
  
    as
  
  (
    
WITH source_data AS (
 SELECT
 dp.person_name,
 dp.user_name,
 dp.email,
 dp.personal_number,
 dp.birth_date,
 da.address,
 dp.phone,
 da.mac_address,
 da.ip_address,
 df.iban,
 dd.accessed_at,
 fnu.session_duration,
 fnu.download_speed,
 fnu.upload_speed,
 fnu.consumed_traffic,
 fnu.unique_id
 FROM
 "airflow"."driven_staging"."fact_network_usage" fnu
 INNER JOIN
 "airflow"."driven_staging"."dim_address" da ON
fnu.unique_id = da.unique_id
 INNER JOIN
 "airflow"."driven_staging"."dim_date" dd ON da.unique_id =
dd.unique_id
 INNER JOIN
 "airflow"."driven_staging"."dim_finance" df ON dd.unique_id
= df.unique_id
 INNER JOIN
 "airflow"."driven_staging"."dim_person" dp ON df.unique_id
= dp.unique_id
)
SELECT
 *
FROM
 source_data
  );
  
[0m05:49:30.869134 [debug] [Thread-1 (]: SQL status: SELECT 3300 in 0.016 seconds
[0m05:49:30.872725 [debug] [Thread-1 (]: Using postgres connection "model.dbt_driven_data.trusted_pii_data"
[0m05:49:30.873270 [debug] [Thread-1 (]: On model.dbt_driven_data.trusted_pii_data: /* {"app": "dbt", "dbt_version": "1.10.3", "profile_name": "default", "target_name": "dev", "node_id": "model.dbt_driven_data.trusted_pii_data"} */
alter table "airflow"."driven_trusted"."pii_data" rename to "pii_data__dbt_backup"
[0m05:49:30.874159 [debug] [Thread-1 (]: SQL status: ALTER TABLE in 0.000 seconds
[0m05:49:30.877085 [debug] [Thread-1 (]: Using postgres connection "model.dbt_driven_data.trusted_pii_data"
[0m05:49:30.877655 [debug] [Thread-1 (]: On model.dbt_driven_data.trusted_pii_data: /* {"app": "dbt", "dbt_version": "1.10.3", "profile_name": "default", "target_name": "dev", "node_id": "model.dbt_driven_data.trusted_pii_data"} */
alter table "airflow"."driven_trusted"."pii_data__dbt_tmp" rename to "pii_data"
[0m05:49:30.878459 [debug] [Thread-1 (]: SQL status: ALTER TABLE in 0.000 seconds
[0m05:49:30.880014 [debug] [Thread-1 (]: On model.dbt_driven_data.trusted_pii_data: COMMIT
[0m05:49:30.880591 [debug] [Thread-1 (]: Using postgres connection "model.dbt_driven_data.trusted_pii_data"
[0m05:49:30.881066 [debug] [Thread-1 (]: On model.dbt_driven_data.trusted_pii_data: COMMIT
[0m05:49:30.886960 [debug] [Thread-1 (]: SQL status: COMMIT in 0.005 seconds
[0m05:49:30.890331 [debug] [Thread-1 (]: Applying DROP to: "airflow"."driven_trusted"."pii_data__dbt_backup"
[0m05:49:30.891410 [debug] [Thread-1 (]: Using postgres connection "model.dbt_driven_data.trusted_pii_data"
[0m05:49:30.891945 [debug] [Thread-1 (]: On model.dbt_driven_data.trusted_pii_data: /* {"app": "dbt", "dbt_version": "1.10.3", "profile_name": "default", "target_name": "dev", "node_id": "model.dbt_driven_data.trusted_pii_data"} */
drop table if exists "airflow"."driven_trusted"."pii_data__dbt_backup" cascade
[0m05:49:30.895542 [debug] [Thread-1 (]: SQL status: DROP TABLE in 0.003 seconds
[0m05:49:30.898011 [debug] [Thread-1 (]: On model.dbt_driven_data.trusted_pii_data: Close
[0m05:49:30.899315 [debug] [Thread-1 (]: Sending event: {'category': 'dbt', 'action': 'run_model', 'label': '37230286-2c87-442e-bda7-526d4b4c1227', 'context': [<snowplow_tracker.self_describing_json.SelfDescribingJson object at 0x7be3ad813890>]}
[0m05:49:30.900263 [info ] [Thread-1 (]: 3 of 4 OK created sql table model driven_trusted.pii_data ...................... [[32mSELECT 3300[0m in 0.08s]
[0m05:49:30.901113 [debug] [Thread-1 (]: Finished running node model.dbt_driven_data.trusted_pii_data
[0m05:49:30.901666 [debug] [Thread-1 (]: Began running node model.dbt_driven_data.trusted_technical_data
[0m05:49:30.902272 [info ] [Thread-1 (]: 4 of 4 START sql table model driven_trusted.technical_data ..................... [RUN]
[0m05:49:30.902973 [debug] [Thread-1 (]: Re-using an available connection from the pool (formerly model.dbt_driven_data.trusted_pii_data, now model.dbt_driven_data.trusted_technical_data)
[0m05:49:30.903561 [debug] [Thread-1 (]: Began compiling node model.dbt_driven_data.trusted_technical_data
[0m05:49:30.907623 [debug] [Thread-1 (]: Writing injected SQL for node "model.dbt_driven_data.trusted_technical_data"
[0m05:49:30.913421 [debug] [Thread-1 (]: Began executing node model.dbt_driven_data.trusted_technical_data
[0m05:49:30.916849 [debug] [Thread-1 (]: Writing runtime sql for node "model.dbt_driven_data.trusted_technical_data"
[0m05:49:30.922371 [debug] [Thread-1 (]: Using postgres connection "model.dbt_driven_data.trusted_technical_data"
[0m05:49:30.922987 [debug] [Thread-1 (]: On model.dbt_driven_data.trusted_technical_data: BEGIN
[0m05:49:30.923507 [debug] [Thread-1 (]: Opening a new connection, currently in state closed
[0m05:49:30.928944 [debug] [Thread-1 (]: SQL status: BEGIN in 0.005 seconds
[0m05:49:30.929727 [debug] [Thread-1 (]: Using postgres connection "model.dbt_driven_data.trusted_technical_data"
[0m05:49:30.930346 [debug] [Thread-1 (]: On model.dbt_driven_data.trusted_technical_data: /* {"app": "dbt", "dbt_version": "1.10.3", "profile_name": "default", "target_name": "dev", "node_id": "model.dbt_driven_data.trusted_technical_data"} */

  
    

  create  table "airflow"."driven_trusted"."technical_data__dbt_tmp"
  
  
    as
  
  (
    
WITH source_data AS (
 SELECT
 fnu.unique_id,
 da.address,
 da.mac_address,
 da.ip_address,
 fnu.download_speed,
 fnu.upload_speed,
 ROUND((fnu.session_duration/60), 1) as min_session_duration,
 CASE
 WHEN fnu.download_speed < 50 OR fnu.upload_speed < 30 OR
fnu.session_duration/60 < 1 THEN true
 ELSE false
 END AS technical_issue
 FROM
 "airflow"."driven_staging"."fact_network_usage" fnu
 JOIN
 "airflow"."driven_staging"."dim_address" da
 ON
 fnu.unique_id = da.unique_id
)
SELECT
 *
FROM
 source_data
  );
  
[0m05:49:30.937457 [debug] [Thread-1 (]: SQL status: SELECT 500 in 0.006 seconds
[0m05:49:30.941553 [debug] [Thread-1 (]: Using postgres connection "model.dbt_driven_data.trusted_technical_data"
[0m05:49:30.942159 [debug] [Thread-1 (]: On model.dbt_driven_data.trusted_technical_data: /* {"app": "dbt", "dbt_version": "1.10.3", "profile_name": "default", "target_name": "dev", "node_id": "model.dbt_driven_data.trusted_technical_data"} */
alter table "airflow"."driven_trusted"."technical_data" rename to "technical_data__dbt_backup"
[0m05:49:30.943086 [debug] [Thread-1 (]: SQL status: ALTER TABLE in 0.000 seconds
[0m05:49:30.945948 [debug] [Thread-1 (]: Using postgres connection "model.dbt_driven_data.trusted_technical_data"
[0m05:49:30.946497 [debug] [Thread-1 (]: On model.dbt_driven_data.trusted_technical_data: /* {"app": "dbt", "dbt_version": "1.10.3", "profile_name": "default", "target_name": "dev", "node_id": "model.dbt_driven_data.trusted_technical_data"} */
alter table "airflow"."driven_trusted"."technical_data__dbt_tmp" rename to "technical_data"
[0m05:49:30.947293 [debug] [Thread-1 (]: SQL status: ALTER TABLE in 0.000 seconds
[0m05:49:30.948908 [debug] [Thread-1 (]: On model.dbt_driven_data.trusted_technical_data: COMMIT
[0m05:49:30.949392 [debug] [Thread-1 (]: Using postgres connection "model.dbt_driven_data.trusted_technical_data"
[0m05:49:30.950035 [debug] [Thread-1 (]: On model.dbt_driven_data.trusted_technical_data: COMMIT
[0m05:49:30.952419 [debug] [Thread-1 (]: SQL status: COMMIT in 0.002 seconds
[0m05:49:30.955033 [debug] [Thread-1 (]: Applying DROP to: "airflow"."driven_trusted"."technical_data__dbt_backup"
[0m05:49:30.956027 [debug] [Thread-1 (]: Using postgres connection "model.dbt_driven_data.trusted_technical_data"
[0m05:49:30.956616 [debug] [Thread-1 (]: On model.dbt_driven_data.trusted_technical_data: /* {"app": "dbt", "dbt_version": "1.10.3", "profile_name": "default", "target_name": "dev", "node_id": "model.dbt_driven_data.trusted_technical_data"} */
drop table if exists "airflow"."driven_trusted"."technical_data__dbt_backup" cascade
[0m05:49:30.959303 [debug] [Thread-1 (]: SQL status: DROP TABLE in 0.002 seconds
[0m05:49:30.960887 [debug] [Thread-1 (]: On model.dbt_driven_data.trusted_technical_data: Close
[0m05:49:30.961645 [debug] [Thread-1 (]: Sending event: {'category': 'dbt', 'action': 'run_model', 'label': '37230286-2c87-442e-bda7-526d4b4c1227', 'context': [<snowplow_tracker.self_describing_json.SelfDescribingJson object at 0x7be3ad84b560>]}
[0m05:49:30.962353 [info ] [Thread-1 (]: 4 of 4 OK created sql table model driven_trusted.technical_data ................ [[32mSELECT 500[0m in 0.06s]
[0m05:49:30.963053 [debug] [Thread-1 (]: Finished running node model.dbt_driven_data.trusted_technical_data
[0m05:49:30.964764 [debug] [MainThread]: Using postgres connection "master"
[0m05:49:30.965328 [debug] [MainThread]: On master: BEGIN
[0m05:49:30.965820 [debug] [MainThread]: Opening a new connection, currently in state closed
[0m05:49:30.970710 [debug] [MainThread]: SQL status: BEGIN in 0.005 seconds
[0m05:49:30.971444 [debug] [MainThread]: On master: COMMIT
[0m05:49:30.972054 [debug] [MainThread]: Using postgres connection "master"
[0m05:49:30.972597 [debug] [MainThread]: On master: COMMIT
[0m05:49:30.973251 [debug] [MainThread]: SQL status: COMMIT in 0.000 seconds
[0m05:49:30.973729 [debug] [MainThread]: On master: Close
[0m05:49:30.974408 [debug] [MainThread]: Connection 'master' was properly closed.
[0m05:49:30.974849 [debug] [MainThread]: Connection 'model.dbt_driven_data.trusted_technical_data' was properly closed.
[0m05:49:30.975379 [info ] [MainThread]: 
[0m05:49:30.975939 [info ] [MainThread]: Finished running 4 table models in 0 hours 0 minutes and 0.51 seconds (0.51s).
[0m05:49:30.977426 [debug] [MainThread]: Command end result
[0m05:49:31.019737 [debug] [MainThread]: Wrote artifact WritableManifest to /opt/airflow/dbt/target/manifest.json
[0m05:49:31.026544 [debug] [MainThread]: Wrote artifact SemanticManifest to /opt/airflow/dbt/target/semantic_manifest.json
[0m05:49:31.038250 [debug] [MainThread]: Wrote artifact RunExecutionResult to /opt/airflow/dbt/target/run_results.json
[0m05:49:31.038928 [info ] [MainThread]: 
[0m05:49:31.039703 [info ] [MainThread]: [32mCompleted successfully[0m
[0m05:49:31.040358 [info ] [MainThread]: 
[0m05:49:31.041068 [info ] [MainThread]: Done. PASS=4 WARN=0 ERROR=0 SKIP=0 NO-OP=0 TOTAL=4
[0m05:49:31.043443 [debug] [MainThread]: Resource report: {"command_name": "run", "command_success": true, "command_wall_clock_time": 1.3673476, "process_in_blocks": "0", "process_kernel_time": 0.447525, "process_mem_max_rss": "123584", "process_out_blocks": "0", "process_user_time": 2.509339}
[0m05:49:31.045330 [debug] [MainThread]: Command `dbt run` succeeded at 05:49:31.045057 after 1.37 seconds
[0m05:49:31.046824 [debug] [MainThread]: Sending event: {'category': 'dbt', 'action': 'invocation', 'label': 'end', 'context': [<snowplow_tracker.self_describing_json.SelfDescribingJson object at 0x7be3b1fda8d0>, <snowplow_tracker.self_describing_json.SelfDescribingJson object at 0x7be3b3d59280>, <snowplow_tracker.self_describing_json.SelfDescribingJson object at 0x7be3ad861160>]}
[0m05:49:31.047686 [debug] [MainThread]: Flushing usage events
[0m05:49:31.498071 [debug] [MainThread]: An error was encountered while trying to flush usage events
[0m19:30:59.150583 [debug] [MainThread]: Sending event: {'category': 'dbt', 'action': 'invocation', 'label': 'start', 'context': [<snowplow_tracker.self_describing_json.SelfDescribingJson object at 0x74b383a88dd0>, <snowplow_tracker.self_describing_json.SelfDescribingJson object at 0x74b3834efe90>, <snowplow_tracker.self_describing_json.SelfDescribingJson object at 0x74b382a0e360>]}


============================== 19:30:59.161830 | dde111ba-e959-40af-912f-12d20b39705a ==============================
[0m19:30:59.161830 [info ] [MainThread]: Running with dbt=1.10.3
[0m19:30:59.162723 [debug] [MainThread]: running dbt with arguments {'printer_width': '80', 'indirect_selection': 'eager', 'log_cache_events': 'False', 'write_json': 'True', 'partial_parse': 'True', 'cache_selected_only': 'False', 'profiles_dir': '/opt/airflow/dbt', 'debug': 'False', 'version_check': 'True', 'log_path': '/opt/airflow/dbt/logs', 'warn_error': 'None', 'fail_fast': 'False', 'use_colors': 'True', 'use_experimental_parser': 'False', 'no_print': 'None', 'quiet': 'False', 'empty': 'False', 'warn_error_options': 'WarnErrorOptionsV2(error=[], warn=[], silence=[])', 'invocation_command': 'dbt run --select tag:staging', 'static_parser': 'True', 'introspect': 'True', 'target_path': 'None', 'log_format': 'default', 'send_anonymous_usage_stats': 'True'}
[0m19:30:59.512769 [debug] [MainThread]: Sending event: {'category': 'dbt', 'action': 'project_id', 'label': 'dde111ba-e959-40af-912f-12d20b39705a', 'context': [<snowplow_tracker.self_describing_json.SelfDescribingJson object at 0x74b3826a34a0>]}
[0m19:30:59.588331 [debug] [MainThread]: Sending event: {'category': 'dbt', 'action': 'adapter_info', 'label': 'dde111ba-e959-40af-912f-12d20b39705a', 'context': [<snowplow_tracker.self_describing_json.SelfDescribingJson object at 0x74b382891af0>]}
[0m19:30:59.590772 [info ] [MainThread]: Registered adapter: postgres=1.9.0
[0m19:30:59.729269 [debug] [MainThread]: checksum: 1bfacb87e6914c9942cfa2c4badfc1df19d859fe8ec086286ef238a7d920f97b, vars: {}, profile: , target: , version: 1.10.3
[0m19:30:59.948885 [debug] [MainThread]: Partial parsing enabled: 0 files deleted, 0 files added, 0 files changed.
[0m19:30:59.949610 [debug] [MainThread]: Partial parsing enabled, no changes found, skipping parsing
[0m19:30:59.983273 [debug] [MainThread]: Sending event: {'category': 'dbt', 'action': 'load_project', 'label': 'dde111ba-e959-40af-912f-12d20b39705a', 'context': [<snowplow_tracker.self_describing_json.SelfDescribingJson object at 0x74b381917770>]}
[0m19:31:00.065534 [debug] [MainThread]: Wrote artifact WritableManifest to /opt/airflow/dbt/target/manifest.json
[0m19:31:00.071702 [debug] [MainThread]: Wrote artifact SemanticManifest to /opt/airflow/dbt/target/semantic_manifest.json
[0m19:31:00.104401 [debug] [MainThread]: Sending event: {'category': 'dbt', 'action': 'resource_counts', 'label': 'dde111ba-e959-40af-912f-12d20b39705a', 'context': [<snowplow_tracker.self_describing_json.SelfDescribingJson object at 0x74b38210f320>]}
[0m19:31:00.105354 [info ] [MainThread]: Found 9 models, 11 sources, 433 macros
[0m19:31:00.106305 [debug] [MainThread]: Sending event: {'category': 'dbt', 'action': 'runnable_timing', 'label': 'dde111ba-e959-40af-912f-12d20b39705a', 'context': [<snowplow_tracker.self_describing_json.SelfDescribingJson object at 0x74b3815beb10>]}
[0m19:31:00.108630 [info ] [MainThread]: 
[0m19:31:00.109568 [info ] [MainThread]: Concurrency: 1 threads (target='dev')
[0m19:31:00.110102 [info ] [MainThread]: 
[0m19:31:00.110917 [debug] [MainThread]: Acquiring new postgres connection 'master'
[0m19:31:00.115829 [debug] [ThreadPool]: Acquiring new postgres connection 'list_airflow'
[0m19:31:00.175959 [debug] [ThreadPool]: Using postgres connection "list_airflow"
[0m19:31:00.176696 [debug] [ThreadPool]: On list_airflow: /* {"app": "dbt", "dbt_version": "1.10.3", "profile_name": "default", "target_name": "dev", "connection_name": "list_airflow"} */

    select distinct nspname from pg_namespace
  
[0m19:31:00.177177 [debug] [ThreadPool]: Opening a new connection, currently in state init
[0m19:31:00.186925 [debug] [ThreadPool]: SQL status: SELECT 5 in 0.010 seconds
[0m19:31:00.188606 [debug] [ThreadPool]: On list_airflow: Close
[0m19:31:00.189602 [debug] [ThreadPool]: Re-using an available connection from the pool (formerly list_airflow, now create_airflow_driven_staging)
[0m19:31:00.190187 [debug] [ThreadPool]: Creating schema "database: "airflow"
schema: "driven_staging"
"
[0m19:31:00.195375 [debug] [ThreadPool]: Using postgres connection "create_airflow_driven_staging"
[0m19:31:00.196026 [debug] [ThreadPool]: On create_airflow_driven_staging: BEGIN
[0m19:31:00.196453 [debug] [ThreadPool]: Opening a new connection, currently in state closed
[0m19:31:00.201486 [debug] [ThreadPool]: SQL status: BEGIN in 0.005 seconds
[0m19:31:00.202073 [debug] [ThreadPool]: Using postgres connection "create_airflow_driven_staging"
[0m19:31:00.202519 [debug] [ThreadPool]: On create_airflow_driven_staging: /* {"app": "dbt", "dbt_version": "1.10.3", "profile_name": "default", "target_name": "dev", "connection_name": "create_airflow_driven_staging"} */
create schema if not exists "driven_staging"
[0m19:31:00.203393 [debug] [ThreadPool]: SQL status: CREATE SCHEMA in 0.000 seconds
[0m19:31:00.204400 [debug] [ThreadPool]: On create_airflow_driven_staging: COMMIT
[0m19:31:00.204852 [debug] [ThreadPool]: Using postgres connection "create_airflow_driven_staging"
[0m19:31:00.205293 [debug] [ThreadPool]: On create_airflow_driven_staging: COMMIT
[0m19:31:00.207176 [debug] [ThreadPool]: SQL status: COMMIT in 0.001 seconds
[0m19:31:00.207680 [debug] [ThreadPool]: On create_airflow_driven_staging: Close
[0m19:31:00.210053 [debug] [ThreadPool]: Re-using an available connection from the pool (formerly create_airflow_driven_staging, now list_airflow_driven_trusted)
[0m19:31:00.215107 [debug] [ThreadPool]: Using postgres connection "list_airflow_driven_trusted"
[0m19:31:00.215709 [debug] [ThreadPool]: On list_airflow_driven_trusted: BEGIN
[0m19:31:00.216211 [debug] [ThreadPool]: Opening a new connection, currently in state closed
[0m19:31:00.221210 [debug] [ThreadPool]: SQL status: BEGIN in 0.005 seconds
[0m19:31:00.221870 [debug] [ThreadPool]: Using postgres connection "list_airflow_driven_trusted"
[0m19:31:00.222392 [debug] [ThreadPool]: On list_airflow_driven_trusted: /* {"app": "dbt", "dbt_version": "1.10.3", "profile_name": "default", "target_name": "dev", "connection_name": "list_airflow_driven_trusted"} */
select
      'airflow' as database,
      tablename as name,
      schemaname as schema,
      'table' as type
    from pg_tables
    where schemaname ilike 'driven_trusted'
    union all
    select
      'airflow' as database,
      viewname as name,
      schemaname as schema,
      'view' as type
    from pg_views
    where schemaname ilike 'driven_trusted'
    union all
    select
      'airflow' as database,
      matviewname as name,
      schemaname as schema,
      'materialized_view' as type
    from pg_matviews
    where schemaname ilike 'driven_trusted'
  
[0m19:31:00.234691 [debug] [ThreadPool]: SQL status: SELECT 0 in 0.012 seconds
[0m19:31:00.236633 [debug] [ThreadPool]: On list_airflow_driven_trusted: ROLLBACK
[0m19:31:00.237468 [debug] [ThreadPool]: On list_airflow_driven_trusted: Close
[0m19:31:00.238330 [debug] [ThreadPool]: Re-using an available connection from the pool (formerly list_airflow_driven_trusted, now list_airflow_driven_staging)
[0m19:31:00.240633 [debug] [ThreadPool]: Using postgres connection "list_airflow_driven_staging"
[0m19:31:00.241245 [debug] [ThreadPool]: On list_airflow_driven_staging: BEGIN
[0m19:31:00.241703 [debug] [ThreadPool]: Opening a new connection, currently in state closed
[0m19:31:00.246820 [debug] [ThreadPool]: SQL status: BEGIN in 0.005 seconds
[0m19:31:00.247771 [debug] [ThreadPool]: Using postgres connection "list_airflow_driven_staging"
[0m19:31:00.248317 [debug] [ThreadPool]: On list_airflow_driven_staging: /* {"app": "dbt", "dbt_version": "1.10.3", "profile_name": "default", "target_name": "dev", "connection_name": "list_airflow_driven_staging"} */
select
      'airflow' as database,
      tablename as name,
      schemaname as schema,
      'table' as type
    from pg_tables
    where schemaname ilike 'driven_staging'
    union all
    select
      'airflow' as database,
      viewname as name,
      schemaname as schema,
      'view' as type
    from pg_views
    where schemaname ilike 'driven_staging'
    union all
    select
      'airflow' as database,
      matviewname as name,
      schemaname as schema,
      'materialized_view' as type
    from pg_matviews
    where schemaname ilike 'driven_staging'
  
[0m19:31:00.252043 [debug] [ThreadPool]: SQL status: SELECT 0 in 0.003 seconds
[0m19:31:00.253992 [debug] [ThreadPool]: On list_airflow_driven_staging: ROLLBACK
[0m19:31:00.254661 [debug] [ThreadPool]: On list_airflow_driven_staging: Close
[0m19:31:00.260299 [debug] [MainThread]: Using postgres connection "master"
[0m19:31:00.261210 [debug] [MainThread]: On master: BEGIN
[0m19:31:00.261986 [debug] [MainThread]: Opening a new connection, currently in state init
[0m19:31:00.268017 [debug] [MainThread]: SQL status: BEGIN in 0.006 seconds
[0m19:31:00.268892 [debug] [MainThread]: Using postgres connection "master"
[0m19:31:00.269576 [debug] [MainThread]: On master: /* {"app": "dbt", "dbt_version": "1.10.3", "profile_name": "default", "target_name": "dev", "connection_name": "master"} */
with relation as (
        select
            pg_rewrite.ev_class as class,
            pg_rewrite.oid as id
        from pg_rewrite
    ),
    class as (
        select
            oid as id,
            relname as name,
            relnamespace as schema,
            relkind as kind
        from pg_class
    ),
    dependency as (
        select distinct
            pg_depend.objid as id,
            pg_depend.refobjid as ref
        from pg_depend
    ),
    schema as (
        select
            pg_namespace.oid as id,
            pg_namespace.nspname as name
        from pg_namespace
        where nspname != 'information_schema' and nspname not like 'pg\_%'
    ),
    referenced as (
        select
            relation.id AS id,
            referenced_class.name ,
            referenced_class.schema ,
            referenced_class.kind
        from relation
        join class as referenced_class on relation.class=referenced_class.id
        where referenced_class.kind in ('r', 'v', 'm')
    ),
    relationships as (
        select
            referenced.name as referenced_name,
            referenced.schema as referenced_schema_id,
            dependent_class.name as dependent_name,
            dependent_class.schema as dependent_schema_id,
            referenced.kind as kind
        from referenced
        join dependency on referenced.id=dependency.id
        join class as dependent_class on dependency.ref=dependent_class.id
        where
            (referenced.name != dependent_class.name or
             referenced.schema != dependent_class.schema)
    )

    select
        referenced_schema.name as referenced_schema,
        relationships.referenced_name as referenced_name,
        dependent_schema.name as dependent_schema,
        relationships.dependent_name as dependent_name
    from relationships
    join schema as dependent_schema on relationships.dependent_schema_id=dependent_schema.id
    join schema as referenced_schema on relationships.referenced_schema_id=referenced_schema.id
    group by referenced_schema, referenced_name, dependent_schema, dependent_name
    order by referenced_schema, referenced_name, dependent_schema, dependent_name;
[0m19:31:00.274953 [debug] [MainThread]: SQL status: SELECT 0 in 0.005 seconds
[0m19:31:00.276742 [debug] [MainThread]: Sending event: {'category': 'dbt', 'action': 'runnable_timing', 'label': 'dde111ba-e959-40af-912f-12d20b39705a', 'context': [<snowplow_tracker.self_describing_json.SelfDescribingJson object at 0x74b3843f9310>]}
[0m19:31:00.277406 [debug] [MainThread]: On master: ROLLBACK
[0m19:31:00.278128 [debug] [MainThread]: Using postgres connection "master"
[0m19:31:00.278690 [debug] [MainThread]: On master: BEGIN
[0m19:31:00.279396 [debug] [MainThread]: SQL status: BEGIN in 0.000 seconds
[0m19:31:00.279875 [debug] [MainThread]: On master: COMMIT
[0m19:31:00.280391 [debug] [MainThread]: Using postgres connection "master"
[0m19:31:00.280841 [debug] [MainThread]: On master: COMMIT
[0m19:31:00.281531 [debug] [MainThread]: SQL status: COMMIT in 0.000 seconds
[0m19:31:00.281973 [debug] [MainThread]: On master: Close
[0m19:31:00.287986 [debug] [Thread-1 (]: Began running node model.dbt_driven_data.staging_dim_address
[0m19:31:00.288813 [info ] [Thread-1 (]: 1 of 5 START sql table model driven_staging.dim_address ........................ [RUN]
[0m19:31:00.289812 [debug] [Thread-1 (]: Re-using an available connection from the pool (formerly list_airflow_driven_staging, now model.dbt_driven_data.staging_dim_address)
[0m19:31:00.290267 [debug] [Thread-1 (]: Began compiling node model.dbt_driven_data.staging_dim_address
[0m19:31:00.297344 [debug] [Thread-1 (]: Writing injected SQL for node "model.dbt_driven_data.staging_dim_address"
[0m19:31:00.304094 [debug] [Thread-1 (]: Began executing node model.dbt_driven_data.staging_dim_address
[0m19:31:00.343747 [debug] [Thread-1 (]: Writing runtime sql for node "model.dbt_driven_data.staging_dim_address"
[0m19:31:00.350414 [debug] [Thread-1 (]: Using postgres connection "model.dbt_driven_data.staging_dim_address"
[0m19:31:00.351140 [debug] [Thread-1 (]: On model.dbt_driven_data.staging_dim_address: BEGIN
[0m19:31:00.351793 [debug] [Thread-1 (]: Opening a new connection, currently in state closed
[0m19:31:00.357567 [debug] [Thread-1 (]: SQL status: BEGIN in 0.006 seconds
[0m19:31:00.358529 [debug] [Thread-1 (]: Using postgres connection "model.dbt_driven_data.staging_dim_address"
[0m19:31:00.359228 [debug] [Thread-1 (]: On model.dbt_driven_data.staging_dim_address: /* {"app": "dbt", "dbt_version": "1.10.3", "profile_name": "default", "target_name": "dev", "node_id": "model.dbt_driven_data.staging_dim_address"} */

  
    

  create  table "airflow"."driven_staging"."dim_address__dbt_tmp"
  
  
    as
  
  (
    
WITH source_data AS (
 SELECT
 unique_id,
 address,
 mac_address,
 ip_address
 FROM
 "airflow"."driven_raw"."raw_batch_data"
)
SELECT
 *
FROM
 source_data
  );
  
[0m19:31:00.367329 [debug] [Thread-1 (]: SQL status: SELECT 100 in 0.007 seconds
[0m19:31:00.376716 [debug] [Thread-1 (]: Using postgres connection "model.dbt_driven_data.staging_dim_address"
[0m19:31:00.377472 [debug] [Thread-1 (]: On model.dbt_driven_data.staging_dim_address: /* {"app": "dbt", "dbt_version": "1.10.3", "profile_name": "default", "target_name": "dev", "node_id": "model.dbt_driven_data.staging_dim_address"} */
alter table "airflow"."driven_staging"."dim_address__dbt_tmp" rename to "dim_address"
[0m19:31:00.379739 [debug] [Thread-1 (]: SQL status: ALTER TABLE in 0.002 seconds
[0m19:31:00.395678 [debug] [Thread-1 (]: On model.dbt_driven_data.staging_dim_address: COMMIT
[0m19:31:00.396745 [debug] [Thread-1 (]: Using postgres connection "model.dbt_driven_data.staging_dim_address"
[0m19:31:00.397372 [debug] [Thread-1 (]: On model.dbt_driven_data.staging_dim_address: COMMIT
[0m19:31:00.399229 [debug] [Thread-1 (]: SQL status: COMMIT in 0.001 seconds
[0m19:31:00.406147 [debug] [Thread-1 (]: Applying DROP to: "airflow"."driven_staging"."dim_address__dbt_backup"
[0m19:31:00.412173 [debug] [Thread-1 (]: Using postgres connection "model.dbt_driven_data.staging_dim_address"
[0m19:31:00.413025 [debug] [Thread-1 (]: On model.dbt_driven_data.staging_dim_address: /* {"app": "dbt", "dbt_version": "1.10.3", "profile_name": "default", "target_name": "dev", "node_id": "model.dbt_driven_data.staging_dim_address"} */
drop table if exists "airflow"."driven_staging"."dim_address__dbt_backup" cascade
[0m19:31:00.415350 [debug] [Thread-1 (]: SQL status: DROP TABLE in 0.002 seconds
[0m19:31:00.417967 [debug] [Thread-1 (]: On model.dbt_driven_data.staging_dim_address: Close
[0m19:31:00.420359 [debug] [Thread-1 (]: Sending event: {'category': 'dbt', 'action': 'run_model', 'label': 'dde111ba-e959-40af-912f-12d20b39705a', 'context': [<snowplow_tracker.self_describing_json.SelfDescribingJson object at 0x74b3805da450>]}
[0m19:31:00.421194 [info ] [Thread-1 (]: 1 of 5 OK created sql table model driven_staging.dim_address ................... [[32mSELECT 100[0m in 0.13s]
[0m19:31:00.422253 [debug] [Thread-1 (]: Finished running node model.dbt_driven_data.staging_dim_address
[0m19:31:00.422850 [debug] [Thread-1 (]: Began running node model.dbt_driven_data.staging_dim_date
[0m19:31:00.423436 [info ] [Thread-1 (]: 2 of 5 START sql table model driven_staging.dim_date ........................... [RUN]
[0m19:31:00.424207 [debug] [Thread-1 (]: Re-using an available connection from the pool (formerly model.dbt_driven_data.staging_dim_address, now model.dbt_driven_data.staging_dim_date)
[0m19:31:00.424731 [debug] [Thread-1 (]: Began compiling node model.dbt_driven_data.staging_dim_date
[0m19:31:00.427820 [debug] [Thread-1 (]: Writing injected SQL for node "model.dbt_driven_data.staging_dim_date"
[0m19:31:00.433215 [debug] [Thread-1 (]: Began executing node model.dbt_driven_data.staging_dim_date
[0m19:31:00.436607 [debug] [Thread-1 (]: Writing runtime sql for node "model.dbt_driven_data.staging_dim_date"
[0m19:31:00.442726 [debug] [Thread-1 (]: Using postgres connection "model.dbt_driven_data.staging_dim_date"
[0m19:31:00.443345 [debug] [Thread-1 (]: On model.dbt_driven_data.staging_dim_date: BEGIN
[0m19:31:00.443805 [debug] [Thread-1 (]: Opening a new connection, currently in state closed
[0m19:31:00.449188 [debug] [Thread-1 (]: SQL status: BEGIN in 0.005 seconds
[0m19:31:00.449999 [debug] [Thread-1 (]: Using postgres connection "model.dbt_driven_data.staging_dim_date"
[0m19:31:00.450539 [debug] [Thread-1 (]: On model.dbt_driven_data.staging_dim_date: /* {"app": "dbt", "dbt_version": "1.10.3", "profile_name": "default", "target_name": "dev", "node_id": "model.dbt_driven_data.staging_dim_date"} */

  
    

  create  table "airflow"."driven_staging"."dim_date__dbt_tmp"
  
  
    as
  
  (
    
WITH source_data AS (
 SELECT
 unique_id,
 accessed_at
 FROM
 "airflow"."driven_raw"."raw_batch_data"
)
SELECT
 *
FROM
 source_data
  );
  
[0m19:31:00.453212 [debug] [Thread-1 (]: SQL status: SELECT 100 in 0.002 seconds
[0m19:31:00.456584 [debug] [Thread-1 (]: Using postgres connection "model.dbt_driven_data.staging_dim_date"
[0m19:31:00.457139 [debug] [Thread-1 (]: On model.dbt_driven_data.staging_dim_date: /* {"app": "dbt", "dbt_version": "1.10.3", "profile_name": "default", "target_name": "dev", "node_id": "model.dbt_driven_data.staging_dim_date"} */
alter table "airflow"."driven_staging"."dim_date__dbt_tmp" rename to "dim_date"
[0m19:31:00.458052 [debug] [Thread-1 (]: SQL status: ALTER TABLE in 0.000 seconds
[0m19:31:00.459587 [debug] [Thread-1 (]: On model.dbt_driven_data.staging_dim_date: COMMIT
[0m19:31:00.460081 [debug] [Thread-1 (]: Using postgres connection "model.dbt_driven_data.staging_dim_date"
[0m19:31:00.460536 [debug] [Thread-1 (]: On model.dbt_driven_data.staging_dim_date: COMMIT
[0m19:31:00.462650 [debug] [Thread-1 (]: SQL status: COMMIT in 0.002 seconds
[0m19:31:00.466218 [debug] [Thread-1 (]: Applying DROP to: "airflow"."driven_staging"."dim_date__dbt_backup"
[0m19:31:00.467483 [debug] [Thread-1 (]: Using postgres connection "model.dbt_driven_data.staging_dim_date"
[0m19:31:00.468200 [debug] [Thread-1 (]: On model.dbt_driven_data.staging_dim_date: /* {"app": "dbt", "dbt_version": "1.10.3", "profile_name": "default", "target_name": "dev", "node_id": "model.dbt_driven_data.staging_dim_date"} */
drop table if exists "airflow"."driven_staging"."dim_date__dbt_backup" cascade
[0m19:31:00.469216 [debug] [Thread-1 (]: SQL status: DROP TABLE in 0.000 seconds
[0m19:31:00.470966 [debug] [Thread-1 (]: On model.dbt_driven_data.staging_dim_date: Close
[0m19:31:00.471881 [debug] [Thread-1 (]: Sending event: {'category': 'dbt', 'action': 'run_model', 'label': 'dde111ba-e959-40af-912f-12d20b39705a', 'context': [<snowplow_tracker.self_describing_json.SelfDescribingJson object at 0x74b37e102c00>]}
[0m19:31:00.476005 [info ] [Thread-1 (]: 2 of 5 OK created sql table model driven_staging.dim_date ...................... [[32mSELECT 100[0m in 0.05s]
[0m19:31:00.476931 [debug] [Thread-1 (]: Finished running node model.dbt_driven_data.staging_dim_date
[0m19:31:00.477618 [debug] [Thread-1 (]: Began running node model.dbt_driven_data.staging_dim_finance
[0m19:31:00.478269 [info ] [Thread-1 (]: 3 of 5 START sql table model driven_staging.dim_finance ........................ [RUN]
[0m19:31:00.478892 [debug] [Thread-1 (]: Re-using an available connection from the pool (formerly model.dbt_driven_data.staging_dim_date, now model.dbt_driven_data.staging_dim_finance)
[0m19:31:00.481368 [debug] [Thread-1 (]: Began compiling node model.dbt_driven_data.staging_dim_finance
[0m19:31:00.484651 [debug] [Thread-1 (]: Writing injected SQL for node "model.dbt_driven_data.staging_dim_finance"
[0m19:31:00.490308 [debug] [Thread-1 (]: Began executing node model.dbt_driven_data.staging_dim_finance
[0m19:31:00.494941 [debug] [Thread-1 (]: Writing runtime sql for node "model.dbt_driven_data.staging_dim_finance"
[0m19:31:00.501200 [debug] [Thread-1 (]: Using postgres connection "model.dbt_driven_data.staging_dim_finance"
[0m19:31:00.501916 [debug] [Thread-1 (]: On model.dbt_driven_data.staging_dim_finance: BEGIN
[0m19:31:00.502422 [debug] [Thread-1 (]: Opening a new connection, currently in state closed
[0m19:31:00.508257 [debug] [Thread-1 (]: SQL status: BEGIN in 0.006 seconds
[0m19:31:00.509325 [debug] [Thread-1 (]: Using postgres connection "model.dbt_driven_data.staging_dim_finance"
[0m19:31:00.510171 [debug] [Thread-1 (]: On model.dbt_driven_data.staging_dim_finance: /* {"app": "dbt", "dbt_version": "1.10.3", "profile_name": "default", "target_name": "dev", "node_id": "model.dbt_driven_data.staging_dim_finance"} */

  
    

  create  table "airflow"."driven_staging"."dim_finance__dbt_tmp"
  
  
    as
  
  (
    
WITH source_data AS (
 SELECT
 unique_id,
 iban
 FROM
 "airflow"."driven_raw"."raw_batch_data"
)
SELECT
 *
FROM
 source_data
  );
  
[0m19:31:00.513289 [debug] [Thread-1 (]: SQL status: SELECT 100 in 0.003 seconds
[0m19:31:00.516975 [debug] [Thread-1 (]: Using postgres connection "model.dbt_driven_data.staging_dim_finance"
[0m19:31:00.517687 [debug] [Thread-1 (]: On model.dbt_driven_data.staging_dim_finance: /* {"app": "dbt", "dbt_version": "1.10.3", "profile_name": "default", "target_name": "dev", "node_id": "model.dbt_driven_data.staging_dim_finance"} */
alter table "airflow"."driven_staging"."dim_finance__dbt_tmp" rename to "dim_finance"
[0m19:31:00.518828 [debug] [Thread-1 (]: SQL status: ALTER TABLE in 0.000 seconds
[0m19:31:00.520281 [debug] [Thread-1 (]: On model.dbt_driven_data.staging_dim_finance: COMMIT
[0m19:31:00.520755 [debug] [Thread-1 (]: Using postgres connection "model.dbt_driven_data.staging_dim_finance"
[0m19:31:00.521311 [debug] [Thread-1 (]: On model.dbt_driven_data.staging_dim_finance: COMMIT
[0m19:31:00.523580 [debug] [Thread-1 (]: SQL status: COMMIT in 0.002 seconds
[0m19:31:00.526541 [debug] [Thread-1 (]: Applying DROP to: "airflow"."driven_staging"."dim_finance__dbt_backup"
[0m19:31:00.527447 [debug] [Thread-1 (]: Using postgres connection "model.dbt_driven_data.staging_dim_finance"
[0m19:31:00.528062 [debug] [Thread-1 (]: On model.dbt_driven_data.staging_dim_finance: /* {"app": "dbt", "dbt_version": "1.10.3", "profile_name": "default", "target_name": "dev", "node_id": "model.dbt_driven_data.staging_dim_finance"} */
drop table if exists "airflow"."driven_staging"."dim_finance__dbt_backup" cascade
[0m19:31:00.528968 [debug] [Thread-1 (]: SQL status: DROP TABLE in 0.000 seconds
[0m19:31:00.530622 [debug] [Thread-1 (]: On model.dbt_driven_data.staging_dim_finance: Close
[0m19:31:00.531415 [debug] [Thread-1 (]: Sending event: {'category': 'dbt', 'action': 'run_model', 'label': 'dde111ba-e959-40af-912f-12d20b39705a', 'context': [<snowplow_tracker.self_describing_json.SelfDescribingJson object at 0x74b37e147ad0>]}
[0m19:31:00.532452 [info ] [Thread-1 (]: 3 of 5 OK created sql table model driven_staging.dim_finance ................... [[32mSELECT 100[0m in 0.05s]
[0m19:31:00.533634 [debug] [Thread-1 (]: Finished running node model.dbt_driven_data.staging_dim_finance
[0m19:31:00.534155 [debug] [Thread-1 (]: Began running node model.dbt_driven_data.staging_dim_person
[0m19:31:00.534744 [info ] [Thread-1 (]: 4 of 5 START sql table model driven_staging.dim_person ......................... [RUN]
[0m19:31:00.535387 [debug] [Thread-1 (]: Re-using an available connection from the pool (formerly model.dbt_driven_data.staging_dim_finance, now model.dbt_driven_data.staging_dim_person)
[0m19:31:00.535889 [debug] [Thread-1 (]: Began compiling node model.dbt_driven_data.staging_dim_person
[0m19:31:00.539222 [debug] [Thread-1 (]: Writing injected SQL for node "model.dbt_driven_data.staging_dim_person"
[0m19:31:00.545580 [debug] [Thread-1 (]: Began executing node model.dbt_driven_data.staging_dim_person
[0m19:31:00.549410 [debug] [Thread-1 (]: Writing runtime sql for node "model.dbt_driven_data.staging_dim_person"
[0m19:31:00.555301 [debug] [Thread-1 (]: Using postgres connection "model.dbt_driven_data.staging_dim_person"
[0m19:31:00.556061 [debug] [Thread-1 (]: On model.dbt_driven_data.staging_dim_person: BEGIN
[0m19:31:00.556693 [debug] [Thread-1 (]: Opening a new connection, currently in state closed
[0m19:31:00.562554 [debug] [Thread-1 (]: SQL status: BEGIN in 0.006 seconds
[0m19:31:00.563819 [debug] [Thread-1 (]: Using postgres connection "model.dbt_driven_data.staging_dim_person"
[0m19:31:00.564542 [debug] [Thread-1 (]: On model.dbt_driven_data.staging_dim_person: /* {"app": "dbt", "dbt_version": "1.10.3", "profile_name": "default", "target_name": "dev", "node_id": "model.dbt_driven_data.staging_dim_person"} */

  
    

  create  table "airflow"."driven_staging"."dim_person__dbt_tmp"
  
  
    as
  
  (
    
WITH source_data AS (
 SELECT
 unique_id,
 person_name,
 user_name,
 email,
 phone,
 birth_date,
 personal_number
 FROM
 "airflow"."driven_raw"."raw_batch_data"
)
SELECT
 *
FROM
 source_data
  );
  
[0m19:31:00.571502 [debug] [Thread-1 (]: SQL status: SELECT 100 in 0.006 seconds
[0m19:31:00.575153 [debug] [Thread-1 (]: Using postgres connection "model.dbt_driven_data.staging_dim_person"
[0m19:31:00.575746 [debug] [Thread-1 (]: On model.dbt_driven_data.staging_dim_person: /* {"app": "dbt", "dbt_version": "1.10.3", "profile_name": "default", "target_name": "dev", "node_id": "model.dbt_driven_data.staging_dim_person"} */
alter table "airflow"."driven_staging"."dim_person__dbt_tmp" rename to "dim_person"
[0m19:31:00.577248 [debug] [Thread-1 (]: SQL status: ALTER TABLE in 0.001 seconds
[0m19:31:00.579625 [debug] [Thread-1 (]: On model.dbt_driven_data.staging_dim_person: COMMIT
[0m19:31:00.580442 [debug] [Thread-1 (]: Using postgres connection "model.dbt_driven_data.staging_dim_person"
[0m19:31:00.581013 [debug] [Thread-1 (]: On model.dbt_driven_data.staging_dim_person: COMMIT
[0m19:31:00.584039 [debug] [Thread-1 (]: SQL status: COMMIT in 0.002 seconds
[0m19:31:00.588248 [debug] [Thread-1 (]: Applying DROP to: "airflow"."driven_staging"."dim_person__dbt_backup"
[0m19:31:00.589675 [debug] [Thread-1 (]: Using postgres connection "model.dbt_driven_data.staging_dim_person"
[0m19:31:00.590278 [debug] [Thread-1 (]: On model.dbt_driven_data.staging_dim_person: /* {"app": "dbt", "dbt_version": "1.10.3", "profile_name": "default", "target_name": "dev", "node_id": "model.dbt_driven_data.staging_dim_person"} */
drop table if exists "airflow"."driven_staging"."dim_person__dbt_backup" cascade
[0m19:31:00.591254 [debug] [Thread-1 (]: SQL status: DROP TABLE in 0.000 seconds
[0m19:31:00.592744 [debug] [Thread-1 (]: On model.dbt_driven_data.staging_dim_person: Close
[0m19:31:00.593510 [debug] [Thread-1 (]: Sending event: {'category': 'dbt', 'action': 'run_model', 'label': 'dde111ba-e959-40af-912f-12d20b39705a', 'context': [<snowplow_tracker.self_describing_json.SelfDescribingJson object at 0x74b3809c8710>]}
[0m19:31:00.594225 [info ] [Thread-1 (]: 4 of 5 OK created sql table model driven_staging.dim_person .................... [[32mSELECT 100[0m in 0.06s]
[0m19:31:00.595182 [debug] [Thread-1 (]: Finished running node model.dbt_driven_data.staging_dim_person
[0m19:31:00.595700 [debug] [Thread-1 (]: Began running node model.dbt_driven_data.staging_fact_network_usage
[0m19:31:00.596272 [info ] [Thread-1 (]: 5 of 5 START sql table model driven_staging.fact_network_usage ................. [RUN]
[0m19:31:00.596955 [debug] [Thread-1 (]: Re-using an available connection from the pool (formerly model.dbt_driven_data.staging_dim_person, now model.dbt_driven_data.staging_fact_network_usage)
[0m19:31:00.597664 [debug] [Thread-1 (]: Began compiling node model.dbt_driven_data.staging_fact_network_usage
[0m19:31:00.600666 [debug] [Thread-1 (]: Writing injected SQL for node "model.dbt_driven_data.staging_fact_network_usage"
[0m19:31:00.606965 [debug] [Thread-1 (]: Began executing node model.dbt_driven_data.staging_fact_network_usage
[0m19:31:00.611019 [debug] [Thread-1 (]: Writing runtime sql for node "model.dbt_driven_data.staging_fact_network_usage"
[0m19:31:00.616975 [debug] [Thread-1 (]: Using postgres connection "model.dbt_driven_data.staging_fact_network_usage"
[0m19:31:00.617694 [debug] [Thread-1 (]: On model.dbt_driven_data.staging_fact_network_usage: BEGIN
[0m19:31:00.618192 [debug] [Thread-1 (]: Opening a new connection, currently in state closed
[0m19:31:00.624095 [debug] [Thread-1 (]: SQL status: BEGIN in 0.006 seconds
[0m19:31:00.625108 [debug] [Thread-1 (]: Using postgres connection "model.dbt_driven_data.staging_fact_network_usage"
[0m19:31:00.625801 [debug] [Thread-1 (]: On model.dbt_driven_data.staging_fact_network_usage: /* {"app": "dbt", "dbt_version": "1.10.3", "profile_name": "default", "target_name": "dev", "node_id": "model.dbt_driven_data.staging_fact_network_usage"} */

  
    

  create  table "airflow"."driven_staging"."fact_network_usage__dbt_tmp"
  
  
    as
  
  (
    
WITH source_data AS (
 SELECT
 unique_id,
 session_duration,
 download_speed,
 upload_speed,
 consumed_traffic
 FROM
 "airflow"."driven_raw"."raw_batch_data"
)
SELECT
 *
FROM
 source_data
  );
  
[0m19:31:00.628789 [debug] [Thread-1 (]: SQL status: SELECT 100 in 0.002 seconds
[0m19:31:00.632936 [debug] [Thread-1 (]: Using postgres connection "model.dbt_driven_data.staging_fact_network_usage"
[0m19:31:00.633639 [debug] [Thread-1 (]: On model.dbt_driven_data.staging_fact_network_usage: /* {"app": "dbt", "dbt_version": "1.10.3", "profile_name": "default", "target_name": "dev", "node_id": "model.dbt_driven_data.staging_fact_network_usage"} */
alter table "airflow"."driven_staging"."fact_network_usage__dbt_tmp" rename to "fact_network_usage"
[0m19:31:00.635279 [debug] [Thread-1 (]: SQL status: ALTER TABLE in 0.000 seconds
[0m19:31:00.636852 [debug] [Thread-1 (]: On model.dbt_driven_data.staging_fact_network_usage: COMMIT
[0m19:31:00.637419 [debug] [Thread-1 (]: Using postgres connection "model.dbt_driven_data.staging_fact_network_usage"
[0m19:31:00.637955 [debug] [Thread-1 (]: On model.dbt_driven_data.staging_fact_network_usage: COMMIT
[0m19:31:00.639919 [debug] [Thread-1 (]: SQL status: COMMIT in 0.001 seconds
[0m19:31:00.642504 [debug] [Thread-1 (]: Applying DROP to: "airflow"."driven_staging"."fact_network_usage__dbt_backup"
[0m19:31:00.643379 [debug] [Thread-1 (]: Using postgres connection "model.dbt_driven_data.staging_fact_network_usage"
[0m19:31:00.643882 [debug] [Thread-1 (]: On model.dbt_driven_data.staging_fact_network_usage: /* {"app": "dbt", "dbt_version": "1.10.3", "profile_name": "default", "target_name": "dev", "node_id": "model.dbt_driven_data.staging_fact_network_usage"} */
drop table if exists "airflow"."driven_staging"."fact_network_usage__dbt_backup" cascade
[0m19:31:00.644698 [debug] [Thread-1 (]: SQL status: DROP TABLE in 0.000 seconds
[0m19:31:00.646128 [debug] [Thread-1 (]: On model.dbt_driven_data.staging_fact_network_usage: Close
[0m19:31:00.646945 [debug] [Thread-1 (]: Sending event: {'category': 'dbt', 'action': 'run_model', 'label': 'dde111ba-e959-40af-912f-12d20b39705a', 'context': [<snowplow_tracker.self_describing_json.SelfDescribingJson object at 0x74b37e136ae0>]}
[0m19:31:00.650952 [info ] [Thread-1 (]: 5 of 5 OK created sql table model driven_staging.fact_network_usage ............ [[32mSELECT 100[0m in 0.05s]
[0m19:31:00.651960 [debug] [Thread-1 (]: Finished running node model.dbt_driven_data.staging_fact_network_usage
[0m19:31:00.654040 [debug] [MainThread]: Using postgres connection "master"
[0m19:31:00.654601 [debug] [MainThread]: On master: BEGIN
[0m19:31:00.655077 [debug] [MainThread]: Opening a new connection, currently in state closed
[0m19:31:00.660386 [debug] [MainThread]: SQL status: BEGIN in 0.005 seconds
[0m19:31:00.661206 [debug] [MainThread]: On master: COMMIT
[0m19:31:00.661752 [debug] [MainThread]: Using postgres connection "master"
[0m19:31:00.662239 [debug] [MainThread]: On master: COMMIT
[0m19:31:00.662932 [debug] [MainThread]: SQL status: COMMIT in 0.000 seconds
[0m19:31:00.663671 [debug] [MainThread]: On master: Close
[0m19:31:00.664410 [debug] [MainThread]: Connection 'master' was properly closed.
[0m19:31:00.664894 [debug] [MainThread]: Connection 'model.dbt_driven_data.staging_fact_network_usage' was properly closed.
[0m19:31:00.665558 [info ] [MainThread]: 
[0m19:31:00.666458 [info ] [MainThread]: Finished running 5 table models in 0 hours 0 minutes and 0.55 seconds (0.55s).
[0m19:31:00.668259 [debug] [MainThread]: Command end result
[0m19:31:00.699811 [debug] [MainThread]: Wrote artifact WritableManifest to /opt/airflow/dbt/target/manifest.json
[0m19:31:00.705136 [debug] [MainThread]: Wrote artifact SemanticManifest to /opt/airflow/dbt/target/semantic_manifest.json
[0m19:31:00.716191 [debug] [MainThread]: Wrote artifact RunExecutionResult to /opt/airflow/dbt/target/run_results.json
[0m19:31:00.716999 [info ] [MainThread]: 
[0m19:31:00.718223 [info ] [MainThread]: [32mCompleted successfully[0m
[0m19:31:00.718842 [info ] [MainThread]: 
[0m19:31:00.719515 [info ] [MainThread]: Done. PASS=5 WARN=0 ERROR=0 SKIP=0 NO-OP=0 TOTAL=5
[0m19:31:00.721152 [debug] [MainThread]: Resource report: {"command_name": "run", "command_success": true, "command_wall_clock_time": 1.6368837, "process_in_blocks": "67680", "process_kernel_time": 0.749651, "process_mem_max_rss": "123604", "process_out_blocks": "1504", "process_user_time": 2.724539}
[0m19:31:00.721866 [debug] [MainThread]: Command `dbt run` succeeded at 19:31:00.721753 after 1.64 seconds
[0m19:31:00.722417 [debug] [MainThread]: Sending event: {'category': 'dbt', 'action': 'invocation', 'label': 'end', 'context': [<snowplow_tracker.self_describing_json.SelfDescribingJson object at 0x74b3828fb020>, <snowplow_tracker.self_describing_json.SelfDescribingJson object at 0x74b382741700>, <snowplow_tracker.self_describing_json.SelfDescribingJson object at 0x74b382893b30>]}
[0m19:31:00.722970 [debug] [MainThread]: Flushing usage events
[0m19:31:01.656363 [debug] [MainThread]: An error was encountered while trying to flush usage events
[0m19:31:05.977247 [debug] [MainThread]: Sending event: {'category': 'dbt', 'action': 'invocation', 'label': 'start', 'context': [<snowplow_tracker.self_describing_json.SelfDescribingJson object at 0x76e66d0547d0>, <snowplow_tracker.self_describing_json.SelfDescribingJson object at 0x76e66f0d2120>, <snowplow_tracker.self_describing_json.SelfDescribingJson object at 0x76e66d70e1e0>]}


============================== 19:31:05.987848 | d4fb713d-a817-4e07-b577-76ba743613c8 ==============================
[0m19:31:05.987848 [info ] [MainThread]: Running with dbt=1.10.3
[0m19:31:05.988687 [debug] [MainThread]: running dbt with arguments {'printer_width': '80', 'indirect_selection': 'eager', 'write_json': 'True', 'log_cache_events': 'False', 'partial_parse': 'True', 'cache_selected_only': 'False', 'profiles_dir': '/opt/airflow/dbt', 'debug': 'False', 'version_check': 'True', 'log_path': '/opt/airflow/dbt/logs', 'fail_fast': 'False', 'warn_error': 'None', 'use_colors': 'True', 'use_experimental_parser': 'False', 'empty': 'False', 'quiet': 'False', 'no_print': 'None', 'warn_error_options': 'WarnErrorOptionsV2(error=[], warn=[], silence=[])', 'introspect': 'True', 'invocation_command': 'dbt run --select tag:trusted', 'log_format': 'default', 'target_path': 'None', 'static_parser': 'True', 'send_anonymous_usage_stats': 'True'}
[0m19:31:06.241572 [debug] [MainThread]: Sending event: {'category': 'dbt', 'action': 'project_id', 'label': 'd4fb713d-a817-4e07-b577-76ba743613c8', 'context': [<snowplow_tracker.self_describing_json.SelfDescribingJson object at 0x76e66b73aed0>]}
[0m19:31:06.317762 [debug] [MainThread]: Sending event: {'category': 'dbt', 'action': 'adapter_info', 'label': 'd4fb713d-a817-4e07-b577-76ba743613c8', 'context': [<snowplow_tracker.self_describing_json.SelfDescribingJson object at 0x76e66e932060>]}
[0m19:31:06.319615 [info ] [MainThread]: Registered adapter: postgres=1.9.0
[0m19:31:06.457687 [debug] [MainThread]: checksum: 1bfacb87e6914c9942cfa2c4badfc1df19d859fe8ec086286ef238a7d920f97b, vars: {}, profile: , target: , version: 1.10.3
[0m19:31:06.701620 [debug] [MainThread]: Partial parsing enabled: 0 files deleted, 0 files added, 0 files changed.
[0m19:31:06.702360 [debug] [MainThread]: Partial parsing enabled, no changes found, skipping parsing
[0m19:31:06.736054 [debug] [MainThread]: Sending event: {'category': 'dbt', 'action': 'load_project', 'label': 'd4fb713d-a817-4e07-b577-76ba743613c8', 'context': [<snowplow_tracker.self_describing_json.SelfDescribingJson object at 0x76e66b754470>]}
[0m19:31:06.819577 [debug] [MainThread]: Wrote artifact WritableManifest to /opt/airflow/dbt/target/manifest.json
[0m19:31:06.824701 [debug] [MainThread]: Wrote artifact SemanticManifest to /opt/airflow/dbt/target/semantic_manifest.json
[0m19:31:06.860896 [debug] [MainThread]: Sending event: {'category': 'dbt', 'action': 'resource_counts', 'label': 'd4fb713d-a817-4e07-b577-76ba743613c8', 'context': [<snowplow_tracker.self_describing_json.SelfDescribingJson object at 0x76e66ab2c500>]}
[0m19:31:06.861734 [info ] [MainThread]: Found 9 models, 11 sources, 433 macros
[0m19:31:06.862301 [debug] [MainThread]: Sending event: {'category': 'dbt', 'action': 'runnable_timing', 'label': 'd4fb713d-a817-4e07-b577-76ba743613c8', 'context': [<snowplow_tracker.self_describing_json.SelfDescribingJson object at 0x76e66ab88c50>]}
[0m19:31:06.864411 [info ] [MainThread]: 
[0m19:31:06.865093 [info ] [MainThread]: Concurrency: 1 threads (target='dev')
[0m19:31:06.865628 [info ] [MainThread]: 
[0m19:31:06.866408 [debug] [MainThread]: Acquiring new postgres connection 'master'
[0m19:31:06.870918 [debug] [ThreadPool]: Acquiring new postgres connection 'list_airflow'
[0m19:31:06.911919 [debug] [ThreadPool]: Using postgres connection "list_airflow"
[0m19:31:06.912596 [debug] [ThreadPool]: On list_airflow: /* {"app": "dbt", "dbt_version": "1.10.3", "profile_name": "default", "target_name": "dev", "connection_name": "list_airflow"} */

    select distinct nspname from pg_namespace
  
[0m19:31:06.914393 [debug] [ThreadPool]: Opening a new connection, currently in state init
[0m19:31:06.920980 [debug] [ThreadPool]: SQL status: SELECT 6 in 0.007 seconds
[0m19:31:06.922548 [debug] [ThreadPool]: On list_airflow: Close
[0m19:31:06.924542 [debug] [ThreadPool]: Re-using an available connection from the pool (formerly list_airflow, now create_airflow_driven_trusted)
[0m19:31:06.925589 [debug] [ThreadPool]: Creating schema "database: "airflow"
schema: "driven_trusted"
"
[0m19:31:06.931121 [debug] [ThreadPool]: Using postgres connection "create_airflow_driven_trusted"
[0m19:31:06.933349 [debug] [ThreadPool]: On create_airflow_driven_trusted: BEGIN
[0m19:31:06.934067 [debug] [ThreadPool]: Opening a new connection, currently in state closed
[0m19:31:06.939557 [debug] [ThreadPool]: SQL status: BEGIN in 0.005 seconds
[0m19:31:06.940275 [debug] [ThreadPool]: Using postgres connection "create_airflow_driven_trusted"
[0m19:31:06.940797 [debug] [ThreadPool]: On create_airflow_driven_trusted: /* {"app": "dbt", "dbt_version": "1.10.3", "profile_name": "default", "target_name": "dev", "connection_name": "create_airflow_driven_trusted"} */
create schema if not exists "driven_trusted"
[0m19:31:06.942141 [debug] [ThreadPool]: SQL status: CREATE SCHEMA in 0.001 seconds
[0m19:31:06.943212 [debug] [ThreadPool]: On create_airflow_driven_trusted: COMMIT
[0m19:31:06.943682 [debug] [ThreadPool]: Using postgres connection "create_airflow_driven_trusted"
[0m19:31:06.944128 [debug] [ThreadPool]: On create_airflow_driven_trusted: COMMIT
[0m19:31:06.945760 [debug] [ThreadPool]: SQL status: COMMIT in 0.001 seconds
[0m19:31:06.949297 [debug] [ThreadPool]: On create_airflow_driven_trusted: Close
[0m19:31:06.951705 [debug] [ThreadPool]: Re-using an available connection from the pool (formerly create_airflow_driven_trusted, now list_airflow_driven_trusted)
[0m19:31:06.956994 [debug] [ThreadPool]: Using postgres connection "list_airflow_driven_trusted"
[0m19:31:06.957524 [debug] [ThreadPool]: On list_airflow_driven_trusted: BEGIN
[0m19:31:06.957948 [debug] [ThreadPool]: Opening a new connection, currently in state closed
[0m19:31:06.963282 [debug] [ThreadPool]: SQL status: BEGIN in 0.005 seconds
[0m19:31:06.964121 [debug] [ThreadPool]: Using postgres connection "list_airflow_driven_trusted"
[0m19:31:06.964622 [debug] [ThreadPool]: On list_airflow_driven_trusted: /* {"app": "dbt", "dbt_version": "1.10.3", "profile_name": "default", "target_name": "dev", "connection_name": "list_airflow_driven_trusted"} */
select
      'airflow' as database,
      tablename as name,
      schemaname as schema,
      'table' as type
    from pg_tables
    where schemaname ilike 'driven_trusted'
    union all
    select
      'airflow' as database,
      viewname as name,
      schemaname as schema,
      'view' as type
    from pg_views
    where schemaname ilike 'driven_trusted'
    union all
    select
      'airflow' as database,
      matviewname as name,
      schemaname as schema,
      'materialized_view' as type
    from pg_matviews
    where schemaname ilike 'driven_trusted'
  
[0m19:31:06.968058 [debug] [ThreadPool]: SQL status: SELECT 0 in 0.003 seconds
[0m19:31:06.969466 [debug] [ThreadPool]: On list_airflow_driven_trusted: ROLLBACK
[0m19:31:06.970075 [debug] [ThreadPool]: On list_airflow_driven_trusted: Close
[0m19:31:06.970846 [debug] [ThreadPool]: Re-using an available connection from the pool (formerly list_airflow_driven_trusted, now list_airflow_driven_staging)
[0m19:31:06.972837 [debug] [ThreadPool]: Using postgres connection "list_airflow_driven_staging"
[0m19:31:06.973368 [debug] [ThreadPool]: On list_airflow_driven_staging: BEGIN
[0m19:31:06.973989 [debug] [ThreadPool]: Opening a new connection, currently in state closed
[0m19:31:06.979886 [debug] [ThreadPool]: SQL status: BEGIN in 0.006 seconds
[0m19:31:06.980607 [debug] [ThreadPool]: Using postgres connection "list_airflow_driven_staging"
[0m19:31:06.981238 [debug] [ThreadPool]: On list_airflow_driven_staging: /* {"app": "dbt", "dbt_version": "1.10.3", "profile_name": "default", "target_name": "dev", "connection_name": "list_airflow_driven_staging"} */
select
      'airflow' as database,
      tablename as name,
      schemaname as schema,
      'table' as type
    from pg_tables
    where schemaname ilike 'driven_staging'
    union all
    select
      'airflow' as database,
      viewname as name,
      schemaname as schema,
      'view' as type
    from pg_views
    where schemaname ilike 'driven_staging'
    union all
    select
      'airflow' as database,
      matviewname as name,
      schemaname as schema,
      'materialized_view' as type
    from pg_matviews
    where schemaname ilike 'driven_staging'
  
[0m19:31:06.984932 [debug] [ThreadPool]: SQL status: SELECT 5 in 0.003 seconds
[0m19:31:06.986917 [debug] [ThreadPool]: On list_airflow_driven_staging: ROLLBACK
[0m19:31:06.987648 [debug] [ThreadPool]: On list_airflow_driven_staging: Close
[0m19:31:06.994583 [debug] [MainThread]: Using postgres connection "master"
[0m19:31:06.995618 [debug] [MainThread]: On master: BEGIN
[0m19:31:06.996145 [debug] [MainThread]: Opening a new connection, currently in state init
[0m19:31:07.001671 [debug] [MainThread]: SQL status: BEGIN in 0.005 seconds
[0m19:31:07.002779 [debug] [MainThread]: Using postgres connection "master"
[0m19:31:07.003428 [debug] [MainThread]: On master: /* {"app": "dbt", "dbt_version": "1.10.3", "profile_name": "default", "target_name": "dev", "connection_name": "master"} */
with relation as (
        select
            pg_rewrite.ev_class as class,
            pg_rewrite.oid as id
        from pg_rewrite
    ),
    class as (
        select
            oid as id,
            relname as name,
            relnamespace as schema,
            relkind as kind
        from pg_class
    ),
    dependency as (
        select distinct
            pg_depend.objid as id,
            pg_depend.refobjid as ref
        from pg_depend
    ),
    schema as (
        select
            pg_namespace.oid as id,
            pg_namespace.nspname as name
        from pg_namespace
        where nspname != 'information_schema' and nspname not like 'pg\_%'
    ),
    referenced as (
        select
            relation.id AS id,
            referenced_class.name ,
            referenced_class.schema ,
            referenced_class.kind
        from relation
        join class as referenced_class on relation.class=referenced_class.id
        where referenced_class.kind in ('r', 'v', 'm')
    ),
    relationships as (
        select
            referenced.name as referenced_name,
            referenced.schema as referenced_schema_id,
            dependent_class.name as dependent_name,
            dependent_class.schema as dependent_schema_id,
            referenced.kind as kind
        from referenced
        join dependency on referenced.id=dependency.id
        join class as dependent_class on dependency.ref=dependent_class.id
        where
            (referenced.name != dependent_class.name or
             referenced.schema != dependent_class.schema)
    )

    select
        referenced_schema.name as referenced_schema,
        relationships.referenced_name as referenced_name,
        dependent_schema.name as dependent_schema,
        relationships.dependent_name as dependent_name
    from relationships
    join schema as dependent_schema on relationships.dependent_schema_id=dependent_schema.id
    join schema as referenced_schema on relationships.referenced_schema_id=referenced_schema.id
    group by referenced_schema, referenced_name, dependent_schema, dependent_name
    order by referenced_schema, referenced_name, dependent_schema, dependent_name;
[0m19:31:07.008107 [debug] [MainThread]: SQL status: SELECT 0 in 0.004 seconds
[0m19:31:07.010956 [debug] [MainThread]: Sending event: {'category': 'dbt', 'action': 'runnable_timing', 'label': 'd4fb713d-a817-4e07-b577-76ba743613c8', 'context': [<snowplow_tracker.self_describing_json.SelfDescribingJson object at 0x76e66955be90>]}
[0m19:31:07.011913 [debug] [MainThread]: On master: ROLLBACK
[0m19:31:07.012742 [debug] [MainThread]: Using postgres connection "master"
[0m19:31:07.013239 [debug] [MainThread]: On master: BEGIN
[0m19:31:07.014003 [debug] [MainThread]: SQL status: BEGIN in 0.000 seconds
[0m19:31:07.014485 [debug] [MainThread]: On master: COMMIT
[0m19:31:07.014963 [debug] [MainThread]: Using postgres connection "master"
[0m19:31:07.015529 [debug] [MainThread]: On master: COMMIT
[0m19:31:07.016204 [debug] [MainThread]: SQL status: COMMIT in 0.000 seconds
[0m19:31:07.016712 [debug] [MainThread]: On master: Close
[0m19:31:07.022126 [debug] [Thread-1 (]: Began running node model.dbt_driven_data.trusted_non_pii_data
[0m19:31:07.023167 [info ] [Thread-1 (]: 1 of 4 START sql table model driven_trusted.non_pii_data ....................... [RUN]
[0m19:31:07.024000 [debug] [Thread-1 (]: Re-using an available connection from the pool (formerly list_airflow_driven_staging, now model.dbt_driven_data.trusted_non_pii_data)
[0m19:31:07.024648 [debug] [Thread-1 (]: Began compiling node model.dbt_driven_data.trusted_non_pii_data
[0m19:31:07.035024 [debug] [Thread-1 (]: Writing injected SQL for node "model.dbt_driven_data.trusted_non_pii_data"
[0m19:31:07.041925 [debug] [Thread-1 (]: Began executing node model.dbt_driven_data.trusted_non_pii_data
[0m19:31:07.078442 [debug] [Thread-1 (]: Writing runtime sql for node "model.dbt_driven_data.trusted_non_pii_data"
[0m19:31:07.085099 [debug] [Thread-1 (]: Using postgres connection "model.dbt_driven_data.trusted_non_pii_data"
[0m19:31:07.085795 [debug] [Thread-1 (]: On model.dbt_driven_data.trusted_non_pii_data: BEGIN
[0m19:31:07.086290 [debug] [Thread-1 (]: Opening a new connection, currently in state closed
[0m19:31:07.091836 [debug] [Thread-1 (]: SQL status: BEGIN in 0.005 seconds
[0m19:31:07.092752 [debug] [Thread-1 (]: Using postgres connection "model.dbt_driven_data.trusted_non_pii_data"
[0m19:31:07.093345 [debug] [Thread-1 (]: On model.dbt_driven_data.trusted_non_pii_data: /* {"app": "dbt", "dbt_version": "1.10.3", "profile_name": "default", "target_name": "dev", "node_id": "model.dbt_driven_data.trusted_non_pii_data"} */

  
    

  create  table "airflow"."driven_trusted"."non_pii_data__dbt_tmp"
  
  
    as
  
  (
    
WITH source_data AS (
 SELECT
 '***MASKED***' AS person_name,
 SUBSTRING(dp.user_name, 1, 5) || '*****' user_name,
 SUBSTRING(dp.email, 1, 5) || '*****' AS email,
 '***MASKED***' AS personal_number,
 '***MASKED***' AS birth_date,
 '***MASKED***' AS address,
 '***MASKED***' AS phone,
 SUBSTRING(da.mac_address, 1, 5) || '*****' AS mac_address,
 SUBSTRING(da.ip_address, 1, 5) || '*****' AS ip_address,
 SUBSTRING(df.iban, 1, 5) || '*****' AS iban,
 dd.accessed_at,
 fnu.session_duration,
 fnu.download_speed,
 fnu.upload_speed,
 fnu.consumed_traffic,
 fnu.unique_id
 FROM
 "airflow"."driven_staging"."fact_network_usage" fnu
 INNER JOIN
 "airflow"."driven_staging"."dim_address" da ON
fnu.unique_id = da.unique_id
 INNER JOIN
 "airflow"."driven_staging"."dim_date" dd ON da.unique_id =
dd.unique_id
 INNER JOIN
 "airflow"."driven_staging"."dim_finance" df ON dd.unique_id
= df.unique_id
 INNER JOIN
 "airflow"."driven_staging"."dim_person" dp ON df.unique_id
= dp.unique_id
)
SELECT
 *
FROM
 source_data
  );
  
[0m19:31:07.102918 [debug] [Thread-1 (]: SQL status: SELECT 100 in 0.009 seconds
[0m19:31:07.112253 [debug] [Thread-1 (]: Using postgres connection "model.dbt_driven_data.trusted_non_pii_data"
[0m19:31:07.113031 [debug] [Thread-1 (]: On model.dbt_driven_data.trusted_non_pii_data: /* {"app": "dbt", "dbt_version": "1.10.3", "profile_name": "default", "target_name": "dev", "node_id": "model.dbt_driven_data.trusted_non_pii_data"} */
alter table "airflow"."driven_trusted"."non_pii_data__dbt_tmp" rename to "non_pii_data"
[0m19:31:07.114680 [debug] [Thread-1 (]: SQL status: ALTER TABLE in 0.001 seconds
[0m19:31:07.127930 [debug] [Thread-1 (]: On model.dbt_driven_data.trusted_non_pii_data: COMMIT
[0m19:31:07.128685 [debug] [Thread-1 (]: Using postgres connection "model.dbt_driven_data.trusted_non_pii_data"
[0m19:31:07.129319 [debug] [Thread-1 (]: On model.dbt_driven_data.trusted_non_pii_data: COMMIT
[0m19:31:07.131352 [debug] [Thread-1 (]: SQL status: COMMIT in 0.001 seconds
[0m19:31:07.138040 [debug] [Thread-1 (]: Applying DROP to: "airflow"."driven_trusted"."non_pii_data__dbt_backup"
[0m19:31:07.145686 [debug] [Thread-1 (]: Using postgres connection "model.dbt_driven_data.trusted_non_pii_data"
[0m19:31:07.146609 [debug] [Thread-1 (]: On model.dbt_driven_data.trusted_non_pii_data: /* {"app": "dbt", "dbt_version": "1.10.3", "profile_name": "default", "target_name": "dev", "node_id": "model.dbt_driven_data.trusted_non_pii_data"} */
drop table if exists "airflow"."driven_trusted"."non_pii_data__dbt_backup" cascade
[0m19:31:07.147639 [debug] [Thread-1 (]: SQL status: DROP TABLE in 0.000 seconds
[0m19:31:07.150410 [debug] [Thread-1 (]: On model.dbt_driven_data.trusted_non_pii_data: Close
[0m19:31:07.153268 [debug] [Thread-1 (]: Sending event: {'category': 'dbt', 'action': 'run_model', 'label': 'd4fb713d-a817-4e07-b577-76ba743613c8', 'context': [<snowplow_tracker.self_describing_json.SelfDescribingJson object at 0x76e66d739580>]}
[0m19:31:07.154646 [info ] [Thread-1 (]: 1 of 4 OK created sql table model driven_trusted.non_pii_data .................. [[32mSELECT 100[0m in 0.13s]
[0m19:31:07.155650 [debug] [Thread-1 (]: Finished running node model.dbt_driven_data.trusted_non_pii_data
[0m19:31:07.156290 [debug] [Thread-1 (]: Began running node model.dbt_driven_data.trusted_payment_data
[0m19:31:07.156990 [info ] [Thread-1 (]: 2 of 4 START sql table model driven_trusted.payment_data ....................... [RUN]
[0m19:31:07.157824 [debug] [Thread-1 (]: Re-using an available connection from the pool (formerly model.dbt_driven_data.trusted_non_pii_data, now model.dbt_driven_data.trusted_payment_data)
[0m19:31:07.158606 [debug] [Thread-1 (]: Began compiling node model.dbt_driven_data.trusted_payment_data
[0m19:31:07.162807 [debug] [Thread-1 (]: Writing injected SQL for node "model.dbt_driven_data.trusted_payment_data"
[0m19:31:07.170305 [debug] [Thread-1 (]: Began executing node model.dbt_driven_data.trusted_payment_data
[0m19:31:07.174208 [debug] [Thread-1 (]: Writing runtime sql for node "model.dbt_driven_data.trusted_payment_data"
[0m19:31:07.180934 [debug] [Thread-1 (]: Using postgres connection "model.dbt_driven_data.trusted_payment_data"
[0m19:31:07.181679 [debug] [Thread-1 (]: On model.dbt_driven_data.trusted_payment_data: BEGIN
[0m19:31:07.182232 [debug] [Thread-1 (]: Opening a new connection, currently in state closed
[0m19:31:07.188330 [debug] [Thread-1 (]: SQL status: BEGIN in 0.006 seconds
[0m19:31:07.189352 [debug] [Thread-1 (]: Using postgres connection "model.dbt_driven_data.trusted_payment_data"
[0m19:31:07.190008 [debug] [Thread-1 (]: On model.dbt_driven_data.trusted_payment_data: /* {"app": "dbt", "dbt_version": "1.10.3", "profile_name": "default", "target_name": "dev", "node_id": "model.dbt_driven_data.trusted_payment_data"} */

  
    

  create  table "airflow"."driven_trusted"."payment_data__dbt_tmp"
  
  
    as
  
  (
    
WITH source_data AS (
 SELECT
 fnu.unique_id,
 df.iban,
 fnu.download_speed,
 fnu.upload_speed,
 fnu.session_duration,
 fnu.consumed_traffic,
 ((fnu.download_speed + fnu.upload_speed + 1)/2) +
(fnu.consumed_traffic / (fnu.session_duration + 1)) AS payment_amount
 FROM
 "airflow"."driven_staging"."fact_network_usage" fnu
 JOIN
 "airflow"."driven_staging"."dim_finance" df
 ON
 fnu.unique_id = df.unique_id
)
SELECT
 *
FROM
 source_data
  );
  
[0m19:31:07.193473 [debug] [Thread-1 (]: SQL status: SELECT 100 in 0.003 seconds
[0m19:31:07.197327 [debug] [Thread-1 (]: Using postgres connection "model.dbt_driven_data.trusted_payment_data"
[0m19:31:07.197983 [debug] [Thread-1 (]: On model.dbt_driven_data.trusted_payment_data: /* {"app": "dbt", "dbt_version": "1.10.3", "profile_name": "default", "target_name": "dev", "node_id": "model.dbt_driven_data.trusted_payment_data"} */
alter table "airflow"."driven_trusted"."payment_data__dbt_tmp" rename to "payment_data"
[0m19:31:07.198978 [debug] [Thread-1 (]: SQL status: ALTER TABLE in 0.000 seconds
[0m19:31:07.200673 [debug] [Thread-1 (]: On model.dbt_driven_data.trusted_payment_data: COMMIT
[0m19:31:07.201257 [debug] [Thread-1 (]: Using postgres connection "model.dbt_driven_data.trusted_payment_data"
[0m19:31:07.201782 [debug] [Thread-1 (]: On model.dbt_driven_data.trusted_payment_data: COMMIT
[0m19:31:07.203647 [debug] [Thread-1 (]: SQL status: COMMIT in 0.001 seconds
[0m19:31:07.205951 [debug] [Thread-1 (]: Applying DROP to: "airflow"."driven_trusted"."payment_data__dbt_backup"
[0m19:31:07.206832 [debug] [Thread-1 (]: Using postgres connection "model.dbt_driven_data.trusted_payment_data"
[0m19:31:07.207314 [debug] [Thread-1 (]: On model.dbt_driven_data.trusted_payment_data: /* {"app": "dbt", "dbt_version": "1.10.3", "profile_name": "default", "target_name": "dev", "node_id": "model.dbt_driven_data.trusted_payment_data"} */
drop table if exists "airflow"."driven_trusted"."payment_data__dbt_backup" cascade
[0m19:31:07.208076 [debug] [Thread-1 (]: SQL status: DROP TABLE in 0.000 seconds
[0m19:31:07.209543 [debug] [Thread-1 (]: On model.dbt_driven_data.trusted_payment_data: Close
[0m19:31:07.210484 [debug] [Thread-1 (]: Sending event: {'category': 'dbt', 'action': 'run_model', 'label': 'd4fb713d-a817-4e07-b577-76ba743613c8', 'context': [<snowplow_tracker.self_describing_json.SelfDescribingJson object at 0x76e668405310>]}
[0m19:31:07.211275 [info ] [Thread-1 (]: 2 of 4 OK created sql table model driven_trusted.payment_data .................. [[32mSELECT 100[0m in 0.05s]
[0m19:31:07.212108 [debug] [Thread-1 (]: Finished running node model.dbt_driven_data.trusted_payment_data
[0m19:31:07.212695 [debug] [Thread-1 (]: Began running node model.dbt_driven_data.trusted_pii_data
[0m19:31:07.213314 [info ] [Thread-1 (]: 3 of 4 START sql table model driven_trusted.pii_data ........................... [RUN]
[0m19:31:07.213982 [debug] [Thread-1 (]: Re-using an available connection from the pool (formerly model.dbt_driven_data.trusted_payment_data, now model.dbt_driven_data.trusted_pii_data)
[0m19:31:07.214551 [debug] [Thread-1 (]: Began compiling node model.dbt_driven_data.trusted_pii_data
[0m19:31:07.219916 [debug] [Thread-1 (]: Writing injected SQL for node "model.dbt_driven_data.trusted_pii_data"
[0m19:31:07.226582 [debug] [Thread-1 (]: Began executing node model.dbt_driven_data.trusted_pii_data
[0m19:31:07.230644 [debug] [Thread-1 (]: Writing runtime sql for node "model.dbt_driven_data.trusted_pii_data"
[0m19:31:07.237143 [debug] [Thread-1 (]: Using postgres connection "model.dbt_driven_data.trusted_pii_data"
[0m19:31:07.237938 [debug] [Thread-1 (]: On model.dbt_driven_data.trusted_pii_data: BEGIN
[0m19:31:07.238561 [debug] [Thread-1 (]: Opening a new connection, currently in state closed
[0m19:31:07.245145 [debug] [Thread-1 (]: SQL status: BEGIN in 0.006 seconds
[0m19:31:07.246257 [debug] [Thread-1 (]: Using postgres connection "model.dbt_driven_data.trusted_pii_data"
[0m19:31:07.246966 [debug] [Thread-1 (]: On model.dbt_driven_data.trusted_pii_data: /* {"app": "dbt", "dbt_version": "1.10.3", "profile_name": "default", "target_name": "dev", "node_id": "model.dbt_driven_data.trusted_pii_data"} */

  
    

  create  table "airflow"."driven_trusted"."pii_data__dbt_tmp"
  
  
    as
  
  (
    
WITH source_data AS (
 SELECT
 dp.person_name,
 dp.user_name,
 dp.email,
 dp.personal_number,
 dp.birth_date,
 da.address,
 dp.phone,
 da.mac_address,
 da.ip_address,
 df.iban,
 dd.accessed_at,
 fnu.session_duration,
 fnu.download_speed,
 fnu.upload_speed,
 fnu.consumed_traffic,
 fnu.unique_id
 FROM
 "airflow"."driven_staging"."fact_network_usage" fnu
 INNER JOIN
 "airflow"."driven_staging"."dim_address" da ON
fnu.unique_id = da.unique_id
 INNER JOIN
 "airflow"."driven_staging"."dim_date" dd ON da.unique_id =
dd.unique_id
 INNER JOIN
 "airflow"."driven_staging"."dim_finance" df ON dd.unique_id
= df.unique_id
 INNER JOIN
 "airflow"."driven_staging"."dim_person" dp ON df.unique_id
= dp.unique_id
)
SELECT
 *
FROM
 source_data
  );
  
[0m19:31:07.257240 [debug] [Thread-1 (]: SQL status: SELECT 100 in 0.009 seconds
[0m19:31:07.262590 [debug] [Thread-1 (]: Using postgres connection "model.dbt_driven_data.trusted_pii_data"
[0m19:31:07.263328 [debug] [Thread-1 (]: On model.dbt_driven_data.trusted_pii_data: /* {"app": "dbt", "dbt_version": "1.10.3", "profile_name": "default", "target_name": "dev", "node_id": "model.dbt_driven_data.trusted_pii_data"} */
alter table "airflow"."driven_trusted"."pii_data__dbt_tmp" rename to "pii_data"
[0m19:31:07.264436 [debug] [Thread-1 (]: SQL status: ALTER TABLE in 0.000 seconds
[0m19:31:07.266061 [debug] [Thread-1 (]: On model.dbt_driven_data.trusted_pii_data: COMMIT
[0m19:31:07.266644 [debug] [Thread-1 (]: Using postgres connection "model.dbt_driven_data.trusted_pii_data"
[0m19:31:07.267161 [debug] [Thread-1 (]: On model.dbt_driven_data.trusted_pii_data: COMMIT
[0m19:31:07.269346 [debug] [Thread-1 (]: SQL status: COMMIT in 0.002 seconds
[0m19:31:07.272309 [debug] [Thread-1 (]: Applying DROP to: "airflow"."driven_trusted"."pii_data__dbt_backup"
[0m19:31:07.273568 [debug] [Thread-1 (]: Using postgres connection "model.dbt_driven_data.trusted_pii_data"
[0m19:31:07.274147 [debug] [Thread-1 (]: On model.dbt_driven_data.trusted_pii_data: /* {"app": "dbt", "dbt_version": "1.10.3", "profile_name": "default", "target_name": "dev", "node_id": "model.dbt_driven_data.trusted_pii_data"} */
drop table if exists "airflow"."driven_trusted"."pii_data__dbt_backup" cascade
[0m19:31:07.275045 [debug] [Thread-1 (]: SQL status: DROP TABLE in 0.000 seconds
[0m19:31:07.276644 [debug] [Thread-1 (]: On model.dbt_driven_data.trusted_pii_data: Close
[0m19:31:07.277400 [debug] [Thread-1 (]: Sending event: {'category': 'dbt', 'action': 'run_model', 'label': 'd4fb713d-a817-4e07-b577-76ba743613c8', 'context': [<snowplow_tracker.self_describing_json.SelfDescribingJson object at 0x76e6695ce1b0>]}
[0m19:31:07.278140 [info ] [Thread-1 (]: 3 of 4 OK created sql table model driven_trusted.pii_data ...................... [[32mSELECT 100[0m in 0.06s]
[0m19:31:07.279006 [debug] [Thread-1 (]: Finished running node model.dbt_driven_data.trusted_pii_data
[0m19:31:07.279771 [debug] [Thread-1 (]: Began running node model.dbt_driven_data.trusted_technical_data
[0m19:31:07.280630 [info ] [Thread-1 (]: 4 of 4 START sql table model driven_trusted.technical_data ..................... [RUN]
[0m19:31:07.281688 [debug] [Thread-1 (]: Re-using an available connection from the pool (formerly model.dbt_driven_data.trusted_pii_data, now model.dbt_driven_data.trusted_technical_data)
[0m19:31:07.282269 [debug] [Thread-1 (]: Began compiling node model.dbt_driven_data.trusted_technical_data
[0m19:31:07.286858 [debug] [Thread-1 (]: Writing injected SQL for node "model.dbt_driven_data.trusted_technical_data"
[0m19:31:07.294301 [debug] [Thread-1 (]: Began executing node model.dbt_driven_data.trusted_technical_data
[0m19:31:07.298913 [debug] [Thread-1 (]: Writing runtime sql for node "model.dbt_driven_data.trusted_technical_data"
[0m19:31:07.306797 [debug] [Thread-1 (]: Using postgres connection "model.dbt_driven_data.trusted_technical_data"
[0m19:31:07.307598 [debug] [Thread-1 (]: On model.dbt_driven_data.trusted_technical_data: BEGIN
[0m19:31:07.308180 [debug] [Thread-1 (]: Opening a new connection, currently in state closed
[0m19:31:07.314252 [debug] [Thread-1 (]: SQL status: BEGIN in 0.006 seconds
[0m19:31:07.315867 [debug] [Thread-1 (]: Using postgres connection "model.dbt_driven_data.trusted_technical_data"
[0m19:31:07.316466 [debug] [Thread-1 (]: On model.dbt_driven_data.trusted_technical_data: /* {"app": "dbt", "dbt_version": "1.10.3", "profile_name": "default", "target_name": "dev", "node_id": "model.dbt_driven_data.trusted_technical_data"} */

  
    

  create  table "airflow"."driven_trusted"."technical_data__dbt_tmp"
  
  
    as
  
  (
    
WITH source_data AS (
 SELECT
 fnu.unique_id,
 da.address,
 da.mac_address,
 da.ip_address,
 fnu.download_speed,
 fnu.upload_speed,
 ROUND((fnu.session_duration/60), 1) as min_session_duration,
 CASE
 WHEN fnu.download_speed < 50 OR fnu.upload_speed < 30 OR
fnu.session_duration/60 < 1 THEN true
 ELSE false
 END AS technical_issue
 FROM
 "airflow"."driven_staging"."fact_network_usage" fnu
 JOIN
 "airflow"."driven_staging"."dim_address" da
 ON
 fnu.unique_id = da.unique_id
)
SELECT
 *
FROM
 source_data
  );
  
[0m19:31:07.324422 [debug] [Thread-1 (]: SQL status: SELECT 100 in 0.007 seconds
[0m19:31:07.327874 [debug] [Thread-1 (]: Using postgres connection "model.dbt_driven_data.trusted_technical_data"
[0m19:31:07.328437 [debug] [Thread-1 (]: On model.dbt_driven_data.trusted_technical_data: /* {"app": "dbt", "dbt_version": "1.10.3", "profile_name": "default", "target_name": "dev", "node_id": "model.dbt_driven_data.trusted_technical_data"} */
alter table "airflow"."driven_trusted"."technical_data__dbt_tmp" rename to "technical_data"
[0m19:31:07.329421 [debug] [Thread-1 (]: SQL status: ALTER TABLE in 0.000 seconds
[0m19:31:07.330982 [debug] [Thread-1 (]: On model.dbt_driven_data.trusted_technical_data: COMMIT
[0m19:31:07.331515 [debug] [Thread-1 (]: Using postgres connection "model.dbt_driven_data.trusted_technical_data"
[0m19:31:07.332029 [debug] [Thread-1 (]: On model.dbt_driven_data.trusted_technical_data: COMMIT
[0m19:31:07.334386 [debug] [Thread-1 (]: SQL status: COMMIT in 0.002 seconds
[0m19:31:07.337153 [debug] [Thread-1 (]: Applying DROP to: "airflow"."driven_trusted"."technical_data__dbt_backup"
[0m19:31:07.338102 [debug] [Thread-1 (]: Using postgres connection "model.dbt_driven_data.trusted_technical_data"
[0m19:31:07.338589 [debug] [Thread-1 (]: On model.dbt_driven_data.trusted_technical_data: /* {"app": "dbt", "dbt_version": "1.10.3", "profile_name": "default", "target_name": "dev", "node_id": "model.dbt_driven_data.trusted_technical_data"} */
drop table if exists "airflow"."driven_trusted"."technical_data__dbt_backup" cascade
[0m19:31:07.339403 [debug] [Thread-1 (]: SQL status: DROP TABLE in 0.000 seconds
[0m19:31:07.340804 [debug] [Thread-1 (]: On model.dbt_driven_data.trusted_technical_data: Close
[0m19:31:07.341571 [debug] [Thread-1 (]: Sending event: {'category': 'dbt', 'action': 'run_model', 'label': 'd4fb713d-a817-4e07-b577-76ba743613c8', 'context': [<snowplow_tracker.self_describing_json.SelfDescribingJson object at 0x76e668447020>]}
[0m19:31:07.342403 [info ] [Thread-1 (]: 4 of 4 OK created sql table model driven_trusted.technical_data ................ [[32mSELECT 100[0m in 0.06s]
[0m19:31:07.343194 [debug] [Thread-1 (]: Finished running node model.dbt_driven_data.trusted_technical_data
[0m19:31:07.345188 [debug] [MainThread]: Using postgres connection "master"
[0m19:31:07.345752 [debug] [MainThread]: On master: BEGIN
[0m19:31:07.346253 [debug] [MainThread]: Opening a new connection, currently in state closed
[0m19:31:07.351775 [debug] [MainThread]: SQL status: BEGIN in 0.005 seconds
[0m19:31:07.352804 [debug] [MainThread]: On master: COMMIT
[0m19:31:07.353607 [debug] [MainThread]: Using postgres connection "master"
[0m19:31:07.354190 [debug] [MainThread]: On master: COMMIT
[0m19:31:07.354981 [debug] [MainThread]: SQL status: COMMIT in 0.000 seconds
[0m19:31:07.355495 [debug] [MainThread]: On master: Close
[0m19:31:07.356305 [debug] [MainThread]: Connection 'master' was properly closed.
[0m19:31:07.356814 [debug] [MainThread]: Connection 'model.dbt_driven_data.trusted_technical_data' was properly closed.
[0m19:31:07.357564 [info ] [MainThread]: 
[0m19:31:07.358259 [info ] [MainThread]: Finished running 4 table models in 0 hours 0 minutes and 0.49 seconds (0.49s).
[0m19:31:07.359844 [debug] [MainThread]: Command end result
[0m19:31:07.398432 [debug] [MainThread]: Wrote artifact WritableManifest to /opt/airflow/dbt/target/manifest.json
[0m19:31:07.403758 [debug] [MainThread]: Wrote artifact SemanticManifest to /opt/airflow/dbt/target/semantic_manifest.json
[0m19:31:07.415097 [debug] [MainThread]: Wrote artifact RunExecutionResult to /opt/airflow/dbt/target/run_results.json
[0m19:31:07.415853 [info ] [MainThread]: 
[0m19:31:07.416560 [info ] [MainThread]: [32mCompleted successfully[0m
[0m19:31:07.417177 [info ] [MainThread]: 
[0m19:31:07.417996 [info ] [MainThread]: Done. PASS=4 WARN=0 ERROR=0 SKIP=0 NO-OP=0 TOTAL=4
[0m19:31:07.420640 [debug] [MainThread]: Resource report: {"command_name": "run", "command_success": true, "command_wall_clock_time": 1.5178205, "process_in_blocks": "21616", "process_kernel_time": 0.799163, "process_mem_max_rss": "121472", "process_out_blocks": "0", "process_user_time": 2.708276}
[0m19:31:07.422108 [debug] [MainThread]: Command `dbt run` succeeded at 19:31:07.421905 after 1.52 seconds
[0m19:31:07.423118 [debug] [MainThread]: Sending event: {'category': 'dbt', 'action': 'invocation', 'label': 'end', 'context': [<snowplow_tracker.self_describing_json.SelfDescribingJson object at 0x76e66f0d2120>, <snowplow_tracker.self_describing_json.SelfDescribingJson object at 0x76e66d9b42f0>, <snowplow_tracker.self_describing_json.SelfDescribingJson object at 0x76e66840a4e0>]}
[0m19:31:07.424042 [debug] [MainThread]: Flushing usage events
[0m19:31:08.112505 [debug] [MainThread]: An error was encountered while trying to flush usage events
[0m03:22:20.872160 [debug] [MainThread]: Sending event: {'category': 'dbt', 'action': 'invocation', 'label': 'start', 'context': [<snowplow_tracker.self_describing_json.SelfDescribingJson object at 0x71ec38634dd0>, <snowplow_tracker.self_describing_json.SelfDescribingJson object at 0x71ec38420230>, <snowplow_tracker.self_describing_json.SelfDescribingJson object at 0x71ec383361b0>]}


============================== 03:22:20.880944 | 3dd1cdb2-f81e-4431-85b4-fd95aa2868d3 ==============================
[0m03:22:20.880944 [info ] [MainThread]: Running with dbt=1.10.3
[0m03:22:20.881775 [debug] [MainThread]: running dbt with arguments {'printer_width': '80', 'indirect_selection': 'eager', 'log_cache_events': 'False', 'write_json': 'True', 'partial_parse': 'True', 'cache_selected_only': 'False', 'profiles_dir': '/opt/airflow/dbt', 'debug': 'False', 'fail_fast': 'False', 'log_path': '/opt/airflow/dbt/logs', 'warn_error': 'None', 'version_check': 'True', 'use_colors': 'True', 'use_experimental_parser': 'False', 'empty': 'False', 'quiet': 'False', 'no_print': 'None', 'warn_error_options': 'WarnErrorOptionsV2(error=[], warn=[], silence=[])', 'static_parser': 'True', 'invocation_command': 'dbt run --select tag:staging', 'log_format': 'default', 'target_path': 'None', 'introspect': 'True', 'send_anonymous_usage_stats': 'True'}
[0m03:22:21.264601 [debug] [MainThread]: Sending event: {'category': 'dbt', 'action': 'project_id', 'label': '3dd1cdb2-f81e-4431-85b4-fd95aa2868d3', 'context': [<snowplow_tracker.self_describing_json.SelfDescribingJson object at 0x71ec372d9df0>]}
[0m03:22:21.334583 [debug] [MainThread]: Sending event: {'category': 'dbt', 'action': 'adapter_info', 'label': '3dd1cdb2-f81e-4431-85b4-fd95aa2868d3', 'context': [<snowplow_tracker.self_describing_json.SelfDescribingJson object at 0x71ec36719c40>]}
[0m03:22:21.337282 [info ] [MainThread]: Registered adapter: postgres=1.9.0
[0m03:22:21.470883 [debug] [MainThread]: checksum: 1bfacb87e6914c9942cfa2c4badfc1df19d859fe8ec086286ef238a7d920f97b, vars: {}, profile: , target: , version: 1.10.3
[0m03:22:21.803368 [debug] [MainThread]: Partial parsing enabled: 0 files deleted, 0 files added, 0 files changed.
[0m03:22:21.804219 [debug] [MainThread]: Partial parsing enabled, no changes found, skipping parsing
[0m03:22:21.841048 [debug] [MainThread]: Sending event: {'category': 'dbt', 'action': 'load_project', 'label': '3dd1cdb2-f81e-4431-85b4-fd95aa2868d3', 'context': [<snowplow_tracker.self_describing_json.SelfDescribingJson object at 0x71ec3804e6c0>]}
[0m03:22:21.942618 [debug] [MainThread]: Wrote artifact WritableManifest to /opt/airflow/dbt/target/manifest.json
[0m03:22:21.959510 [debug] [MainThread]: Wrote artifact SemanticManifest to /opt/airflow/dbt/target/semantic_manifest.json
[0m03:22:22.017781 [debug] [MainThread]: Sending event: {'category': 'dbt', 'action': 'resource_counts', 'label': '3dd1cdb2-f81e-4431-85b4-fd95aa2868d3', 'context': [<snowplow_tracker.self_describing_json.SelfDescribingJson object at 0x71ec357a7200>]}
[0m03:22:22.018706 [info ] [MainThread]: Found 9 models, 11 sources, 433 macros
[0m03:22:22.019365 [debug] [MainThread]: Sending event: {'category': 'dbt', 'action': 'runnable_timing', 'label': '3dd1cdb2-f81e-4431-85b4-fd95aa2868d3', 'context': [<snowplow_tracker.self_describing_json.SelfDescribingJson object at 0x71ec35768c50>]}
[0m03:22:22.021720 [info ] [MainThread]: 
[0m03:22:22.022325 [info ] [MainThread]: Concurrency: 1 threads (target='dev')
[0m03:22:22.022962 [info ] [MainThread]: 
[0m03:22:22.024394 [debug] [MainThread]: Acquiring new postgres connection 'master'
[0m03:22:22.030059 [debug] [ThreadPool]: Acquiring new postgres connection 'list_airflow'
[0m03:22:22.082786 [debug] [ThreadPool]: Using postgres connection "list_airflow"
[0m03:22:22.083569 [debug] [ThreadPool]: On list_airflow: /* {"app": "dbt", "dbt_version": "1.10.3", "profile_name": "default", "target_name": "dev", "connection_name": "list_airflow"} */

    select distinct nspname from pg_namespace
  
[0m03:22:22.084174 [debug] [ThreadPool]: Opening a new connection, currently in state init
[0m03:22:22.091738 [debug] [ThreadPool]: SQL status: SELECT 5 in 0.007 seconds
[0m03:22:22.094129 [debug] [ThreadPool]: On list_airflow: Close
[0m03:22:22.095240 [debug] [ThreadPool]: Re-using an available connection from the pool (formerly list_airflow, now create_airflow_driven_staging)
[0m03:22:22.095839 [debug] [ThreadPool]: Creating schema "database: "airflow"
schema: "driven_staging"
"
[0m03:22:22.101550 [debug] [ThreadPool]: Using postgres connection "create_airflow_driven_staging"
[0m03:22:22.102150 [debug] [ThreadPool]: On create_airflow_driven_staging: BEGIN
[0m03:22:22.102592 [debug] [ThreadPool]: Opening a new connection, currently in state closed
[0m03:22:22.109472 [debug] [ThreadPool]: SQL status: BEGIN in 0.007 seconds
[0m03:22:22.110174 [debug] [ThreadPool]: Using postgres connection "create_airflow_driven_staging"
[0m03:22:22.110671 [debug] [ThreadPool]: On create_airflow_driven_staging: /* {"app": "dbt", "dbt_version": "1.10.3", "profile_name": "default", "target_name": "dev", "connection_name": "create_airflow_driven_staging"} */
create schema if not exists "driven_staging"
[0m03:22:22.111614 [debug] [ThreadPool]: SQL status: CREATE SCHEMA in 0.000 seconds
[0m03:22:22.112730 [debug] [ThreadPool]: On create_airflow_driven_staging: COMMIT
[0m03:22:22.113331 [debug] [ThreadPool]: Using postgres connection "create_airflow_driven_staging"
[0m03:22:22.113786 [debug] [ThreadPool]: On create_airflow_driven_staging: COMMIT
[0m03:22:22.115636 [debug] [ThreadPool]: SQL status: COMMIT in 0.001 seconds
[0m03:22:22.116143 [debug] [ThreadPool]: On create_airflow_driven_staging: Close
[0m03:22:22.118417 [debug] [ThreadPool]: Re-using an available connection from the pool (formerly create_airflow_driven_staging, now list_airflow_driven_staging)
[0m03:22:22.124747 [debug] [ThreadPool]: Using postgres connection "list_airflow_driven_staging"
[0m03:22:22.125360 [debug] [ThreadPool]: On list_airflow_driven_staging: BEGIN
[0m03:22:22.125799 [debug] [ThreadPool]: Opening a new connection, currently in state closed
[0m03:22:22.132053 [debug] [ThreadPool]: SQL status: BEGIN in 0.006 seconds
[0m03:22:22.132886 [debug] [ThreadPool]: Using postgres connection "list_airflow_driven_staging"
[0m03:22:22.133530 [debug] [ThreadPool]: On list_airflow_driven_staging: /* {"app": "dbt", "dbt_version": "1.10.3", "profile_name": "default", "target_name": "dev", "connection_name": "list_airflow_driven_staging"} */
select
      'airflow' as database,
      tablename as name,
      schemaname as schema,
      'table' as type
    from pg_tables
    where schemaname ilike 'driven_staging'
    union all
    select
      'airflow' as database,
      viewname as name,
      schemaname as schema,
      'view' as type
    from pg_views
    where schemaname ilike 'driven_staging'
    union all
    select
      'airflow' as database,
      matviewname as name,
      schemaname as schema,
      'materialized_view' as type
    from pg_matviews
    where schemaname ilike 'driven_staging'
  
[0m03:22:22.143644 [debug] [ThreadPool]: SQL status: SELECT 0 in 0.009 seconds
[0m03:22:22.145383 [debug] [ThreadPool]: On list_airflow_driven_staging: ROLLBACK
[0m03:22:22.146093 [debug] [ThreadPool]: On list_airflow_driven_staging: Close
[0m03:22:22.146845 [debug] [ThreadPool]: Re-using an available connection from the pool (formerly list_airflow_driven_staging, now list_airflow_driven_trusted)
[0m03:22:22.150408 [debug] [ThreadPool]: Using postgres connection "list_airflow_driven_trusted"
[0m03:22:22.150926 [debug] [ThreadPool]: On list_airflow_driven_trusted: BEGIN
[0m03:22:22.151358 [debug] [ThreadPool]: Opening a new connection, currently in state closed
[0m03:22:22.157798 [debug] [ThreadPool]: SQL status: BEGIN in 0.006 seconds
[0m03:22:22.158777 [debug] [ThreadPool]: Using postgres connection "list_airflow_driven_trusted"
[0m03:22:22.159304 [debug] [ThreadPool]: On list_airflow_driven_trusted: /* {"app": "dbt", "dbt_version": "1.10.3", "profile_name": "default", "target_name": "dev", "connection_name": "list_airflow_driven_trusted"} */
select
      'airflow' as database,
      tablename as name,
      schemaname as schema,
      'table' as type
    from pg_tables
    where schemaname ilike 'driven_trusted'
    union all
    select
      'airflow' as database,
      viewname as name,
      schemaname as schema,
      'view' as type
    from pg_views
    where schemaname ilike 'driven_trusted'
    union all
    select
      'airflow' as database,
      matviewname as name,
      schemaname as schema,
      'materialized_view' as type
    from pg_matviews
    where schemaname ilike 'driven_trusted'
  
[0m03:22:22.163365 [debug] [ThreadPool]: SQL status: SELECT 0 in 0.003 seconds
[0m03:22:22.165036 [debug] [ThreadPool]: On list_airflow_driven_trusted: ROLLBACK
[0m03:22:22.165681 [debug] [ThreadPool]: On list_airflow_driven_trusted: Close
[0m03:22:22.172844 [debug] [MainThread]: Using postgres connection "master"
[0m03:22:22.173521 [debug] [MainThread]: On master: BEGIN
[0m03:22:22.174052 [debug] [MainThread]: Opening a new connection, currently in state init
[0m03:22:22.180511 [debug] [MainThread]: SQL status: BEGIN in 0.006 seconds
[0m03:22:22.181424 [debug] [MainThread]: Using postgres connection "master"
[0m03:22:22.182117 [debug] [MainThread]: On master: /* {"app": "dbt", "dbt_version": "1.10.3", "profile_name": "default", "target_name": "dev", "connection_name": "master"} */
with relation as (
        select
            pg_rewrite.ev_class as class,
            pg_rewrite.oid as id
        from pg_rewrite
    ),
    class as (
        select
            oid as id,
            relname as name,
            relnamespace as schema,
            relkind as kind
        from pg_class
    ),
    dependency as (
        select distinct
            pg_depend.objid as id,
            pg_depend.refobjid as ref
        from pg_depend
    ),
    schema as (
        select
            pg_namespace.oid as id,
            pg_namespace.nspname as name
        from pg_namespace
        where nspname != 'information_schema' and nspname not like 'pg\_%'
    ),
    referenced as (
        select
            relation.id AS id,
            referenced_class.name ,
            referenced_class.schema ,
            referenced_class.kind
        from relation
        join class as referenced_class on relation.class=referenced_class.id
        where referenced_class.kind in ('r', 'v', 'm')
    ),
    relationships as (
        select
            referenced.name as referenced_name,
            referenced.schema as referenced_schema_id,
            dependent_class.name as dependent_name,
            dependent_class.schema as dependent_schema_id,
            referenced.kind as kind
        from referenced
        join dependency on referenced.id=dependency.id
        join class as dependent_class on dependency.ref=dependent_class.id
        where
            (referenced.name != dependent_class.name or
             referenced.schema != dependent_class.schema)
    )

    select
        referenced_schema.name as referenced_schema,
        relationships.referenced_name as referenced_name,
        dependent_schema.name as dependent_schema,
        relationships.dependent_name as dependent_name
    from relationships
    join schema as dependent_schema on relationships.dependent_schema_id=dependent_schema.id
    join schema as referenced_schema on relationships.referenced_schema_id=referenced_schema.id
    group by referenced_schema, referenced_name, dependent_schema, dependent_name
    order by referenced_schema, referenced_name, dependent_schema, dependent_name;
[0m03:22:22.188570 [debug] [MainThread]: SQL status: SELECT 0 in 0.006 seconds
[0m03:22:22.191035 [debug] [MainThread]: Sending event: {'category': 'dbt', 'action': 'runnable_timing', 'label': '3dd1cdb2-f81e-4431-85b4-fd95aa2868d3', 'context': [<snowplow_tracker.self_describing_json.SelfDescribingJson object at 0x71ec398de5a0>]}
[0m03:22:22.191840 [debug] [MainThread]: On master: ROLLBACK
[0m03:22:22.192624 [debug] [MainThread]: Using postgres connection "master"
[0m03:22:22.193110 [debug] [MainThread]: On master: BEGIN
[0m03:22:22.193847 [debug] [MainThread]: SQL status: BEGIN in 0.000 seconds
[0m03:22:22.194371 [debug] [MainThread]: On master: COMMIT
[0m03:22:22.195004 [debug] [MainThread]: Using postgres connection "master"
[0m03:22:22.195549 [debug] [MainThread]: On master: COMMIT
[0m03:22:22.196301 [debug] [MainThread]: SQL status: COMMIT in 0.000 seconds
[0m03:22:22.197022 [debug] [MainThread]: On master: Close
[0m03:22:22.207264 [debug] [Thread-1 (]: Began running node model.dbt_driven_data.staging_dim_address
[0m03:22:22.208271 [info ] [Thread-1 (]: 1 of 5 START sql table model driven_staging.dim_address ........................ [RUN]
[0m03:22:22.209012 [debug] [Thread-1 (]: Re-using an available connection from the pool (formerly list_airflow_driven_trusted, now model.dbt_driven_data.staging_dim_address)
[0m03:22:22.209564 [debug] [Thread-1 (]: Began compiling node model.dbt_driven_data.staging_dim_address
[0m03:22:22.219019 [debug] [Thread-1 (]: Writing injected SQL for node "model.dbt_driven_data.staging_dim_address"
[0m03:22:22.237110 [debug] [Thread-1 (]: Began executing node model.dbt_driven_data.staging_dim_address
[0m03:22:22.282660 [debug] [Thread-1 (]: Writing runtime sql for node "model.dbt_driven_data.staging_dim_address"
[0m03:22:22.303849 [debug] [Thread-1 (]: Using postgres connection "model.dbt_driven_data.staging_dim_address"
[0m03:22:22.304891 [debug] [Thread-1 (]: On model.dbt_driven_data.staging_dim_address: BEGIN
[0m03:22:22.305508 [debug] [Thread-1 (]: Opening a new connection, currently in state closed
[0m03:22:22.313308 [debug] [Thread-1 (]: SQL status: BEGIN in 0.008 seconds
[0m03:22:22.314640 [debug] [Thread-1 (]: Using postgres connection "model.dbt_driven_data.staging_dim_address"
[0m03:22:22.316546 [debug] [Thread-1 (]: On model.dbt_driven_data.staging_dim_address: /* {"app": "dbt", "dbt_version": "1.10.3", "profile_name": "default", "target_name": "dev", "node_id": "model.dbt_driven_data.staging_dim_address"} */

  
    

  create  table "airflow"."driven_staging"."dim_address__dbt_tmp"
  
  
    as
  
  (
    
WITH source_data AS (
 SELECT
 unique_id,
 address,
 mac_address,
 ip_address
 FROM
 "airflow"."driven_raw"."raw_batch_data"
)
SELECT
 *
FROM
 source_data
  );
  
[0m03:22:22.334365 [debug] [Thread-1 (]: SQL status: SELECT 100 in 0.017 seconds
[0m03:22:22.348746 [debug] [Thread-1 (]: Using postgres connection "model.dbt_driven_data.staging_dim_address"
[0m03:22:22.349984 [debug] [Thread-1 (]: On model.dbt_driven_data.staging_dim_address: /* {"app": "dbt", "dbt_version": "1.10.3", "profile_name": "default", "target_name": "dev", "node_id": "model.dbt_driven_data.staging_dim_address"} */
alter table "airflow"."driven_staging"."dim_address__dbt_tmp" rename to "dim_address"
[0m03:22:22.351804 [debug] [Thread-1 (]: SQL status: ALTER TABLE in 0.001 seconds
[0m03:22:22.367892 [debug] [Thread-1 (]: On model.dbt_driven_data.staging_dim_address: COMMIT
[0m03:22:22.368903 [debug] [Thread-1 (]: Using postgres connection "model.dbt_driven_data.staging_dim_address"
[0m03:22:22.369511 [debug] [Thread-1 (]: On model.dbt_driven_data.staging_dim_address: COMMIT
[0m03:22:22.373539 [debug] [Thread-1 (]: SQL status: COMMIT in 0.003 seconds
[0m03:22:22.380506 [debug] [Thread-1 (]: Applying DROP to: "airflow"."driven_staging"."dim_address__dbt_backup"
[0m03:22:22.386335 [debug] [Thread-1 (]: Using postgres connection "model.dbt_driven_data.staging_dim_address"
[0m03:22:22.387118 [debug] [Thread-1 (]: On model.dbt_driven_data.staging_dim_address: /* {"app": "dbt", "dbt_version": "1.10.3", "profile_name": "default", "target_name": "dev", "node_id": "model.dbt_driven_data.staging_dim_address"} */
drop table if exists "airflow"."driven_staging"."dim_address__dbt_backup" cascade
[0m03:22:22.388856 [debug] [Thread-1 (]: SQL status: DROP TABLE in 0.001 seconds
[0m03:22:22.391740 [debug] [Thread-1 (]: On model.dbt_driven_data.staging_dim_address: Close
[0m03:22:22.394288 [debug] [Thread-1 (]: Sending event: {'category': 'dbt', 'action': 'run_model', 'label': '3dd1cdb2-f81e-4431-85b4-fd95aa2868d3', 'context': [<snowplow_tracker.self_describing_json.SelfDescribingJson object at 0x71ec39d746e0>]}
[0m03:22:22.395141 [info ] [Thread-1 (]: 1 of 5 OK created sql table model driven_staging.dim_address ................... [[32mSELECT 100[0m in 0.18s]
[0m03:22:22.395913 [debug] [Thread-1 (]: Finished running node model.dbt_driven_data.staging_dim_address
[0m03:22:22.396503 [debug] [Thread-1 (]: Began running node model.dbt_driven_data.staging_dim_date
[0m03:22:22.397124 [info ] [Thread-1 (]: 2 of 5 START sql table model driven_staging.dim_date ........................... [RUN]
[0m03:22:22.397845 [debug] [Thread-1 (]: Re-using an available connection from the pool (formerly model.dbt_driven_data.staging_dim_address, now model.dbt_driven_data.staging_dim_date)
[0m03:22:22.398455 [debug] [Thread-1 (]: Began compiling node model.dbt_driven_data.staging_dim_date
[0m03:22:22.402247 [debug] [Thread-1 (]: Writing injected SQL for node "model.dbt_driven_data.staging_dim_date"
[0m03:22:22.420282 [debug] [Thread-1 (]: Began executing node model.dbt_driven_data.staging_dim_date
[0m03:22:22.424608 [debug] [Thread-1 (]: Writing runtime sql for node "model.dbt_driven_data.staging_dim_date"
[0m03:22:22.439949 [debug] [Thread-1 (]: Using postgres connection "model.dbt_driven_data.staging_dim_date"
[0m03:22:22.441512 [debug] [Thread-1 (]: On model.dbt_driven_data.staging_dim_date: BEGIN
[0m03:22:22.442225 [debug] [Thread-1 (]: Opening a new connection, currently in state closed
[0m03:22:22.449034 [debug] [Thread-1 (]: SQL status: BEGIN in 0.007 seconds
[0m03:22:22.450186 [debug] [Thread-1 (]: Using postgres connection "model.dbt_driven_data.staging_dim_date"
[0m03:22:22.450762 [debug] [Thread-1 (]: On model.dbt_driven_data.staging_dim_date: /* {"app": "dbt", "dbt_version": "1.10.3", "profile_name": "default", "target_name": "dev", "node_id": "model.dbt_driven_data.staging_dim_date"} */

  
    

  create  table "airflow"."driven_staging"."dim_date__dbt_tmp"
  
  
    as
  
  (
    
WITH source_data AS (
 SELECT
 unique_id,
 accessed_at
 FROM
 "airflow"."driven_raw"."raw_batch_data"
)
SELECT
 *
FROM
 source_data
  );
  
[0m03:22:22.453115 [debug] [Thread-1 (]: SQL status: SELECT 100 in 0.002 seconds
[0m03:22:22.457345 [debug] [Thread-1 (]: Using postgres connection "model.dbt_driven_data.staging_dim_date"
[0m03:22:22.457909 [debug] [Thread-1 (]: On model.dbt_driven_data.staging_dim_date: /* {"app": "dbt", "dbt_version": "1.10.3", "profile_name": "default", "target_name": "dev", "node_id": "model.dbt_driven_data.staging_dim_date"} */
alter table "airflow"."driven_staging"."dim_date__dbt_tmp" rename to "dim_date"
[0m03:22:22.458768 [debug] [Thread-1 (]: SQL status: ALTER TABLE in 0.000 seconds
[0m03:22:22.460430 [debug] [Thread-1 (]: On model.dbt_driven_data.staging_dim_date: COMMIT
[0m03:22:22.461019 [debug] [Thread-1 (]: Using postgres connection "model.dbt_driven_data.staging_dim_date"
[0m03:22:22.461512 [debug] [Thread-1 (]: On model.dbt_driven_data.staging_dim_date: COMMIT
[0m03:22:22.464679 [debug] [Thread-1 (]: SQL status: COMMIT in 0.003 seconds
[0m03:22:22.467570 [debug] [Thread-1 (]: Applying DROP to: "airflow"."driven_staging"."dim_date__dbt_backup"
[0m03:22:22.468933 [debug] [Thread-1 (]: Using postgres connection "model.dbt_driven_data.staging_dim_date"
[0m03:22:22.469531 [debug] [Thread-1 (]: On model.dbt_driven_data.staging_dim_date: /* {"app": "dbt", "dbt_version": "1.10.3", "profile_name": "default", "target_name": "dev", "node_id": "model.dbt_driven_data.staging_dim_date"} */
drop table if exists "airflow"."driven_staging"."dim_date__dbt_backup" cascade
[0m03:22:22.470517 [debug] [Thread-1 (]: SQL status: DROP TABLE in 0.000 seconds
[0m03:22:22.471982 [debug] [Thread-1 (]: On model.dbt_driven_data.staging_dim_date: Close
[0m03:22:22.472798 [debug] [Thread-1 (]: Sending event: {'category': 'dbt', 'action': 'run_model', 'label': '3dd1cdb2-f81e-4431-85b4-fd95aa2868d3', 'context': [<snowplow_tracker.self_describing_json.SelfDescribingJson object at 0x71ec345d9190>]}
[0m03:22:22.473520 [info ] [Thread-1 (]: 2 of 5 OK created sql table model driven_staging.dim_date ...................... [[32mSELECT 100[0m in 0.08s]
[0m03:22:22.474352 [debug] [Thread-1 (]: Finished running node model.dbt_driven_data.staging_dim_date
[0m03:22:22.475102 [debug] [Thread-1 (]: Began running node model.dbt_driven_data.staging_dim_finance
[0m03:22:22.475837 [info ] [Thread-1 (]: 3 of 5 START sql table model driven_staging.dim_finance ........................ [RUN]
[0m03:22:22.476518 [debug] [Thread-1 (]: Re-using an available connection from the pool (formerly model.dbt_driven_data.staging_dim_date, now model.dbt_driven_data.staging_dim_finance)
[0m03:22:22.477050 [debug] [Thread-1 (]: Began compiling node model.dbt_driven_data.staging_dim_finance
[0m03:22:22.480249 [debug] [Thread-1 (]: Writing injected SQL for node "model.dbt_driven_data.staging_dim_finance"
[0m03:22:22.496261 [debug] [Thread-1 (]: Began executing node model.dbt_driven_data.staging_dim_finance
[0m03:22:22.502169 [debug] [Thread-1 (]: Writing runtime sql for node "model.dbt_driven_data.staging_dim_finance"
[0m03:22:22.520547 [debug] [Thread-1 (]: Using postgres connection "model.dbt_driven_data.staging_dim_finance"
[0m03:22:22.521220 [debug] [Thread-1 (]: On model.dbt_driven_data.staging_dim_finance: BEGIN
[0m03:22:22.521704 [debug] [Thread-1 (]: Opening a new connection, currently in state closed
[0m03:22:22.528449 [debug] [Thread-1 (]: SQL status: BEGIN in 0.007 seconds
[0m03:22:22.529381 [debug] [Thread-1 (]: Using postgres connection "model.dbt_driven_data.staging_dim_finance"
[0m03:22:22.530174 [debug] [Thread-1 (]: On model.dbt_driven_data.staging_dim_finance: /* {"app": "dbt", "dbt_version": "1.10.3", "profile_name": "default", "target_name": "dev", "node_id": "model.dbt_driven_data.staging_dim_finance"} */

  
    

  create  table "airflow"."driven_staging"."dim_finance__dbt_tmp"
  
  
    as
  
  (
    
WITH source_data AS (
 SELECT
 unique_id,
 iban
 FROM
 "airflow"."driven_raw"."raw_batch_data"
)
SELECT
 *
FROM
 source_data
  );
  
[0m03:22:22.533603 [debug] [Thread-1 (]: SQL status: SELECT 100 in 0.003 seconds
[0m03:22:22.537777 [debug] [Thread-1 (]: Using postgres connection "model.dbt_driven_data.staging_dim_finance"
[0m03:22:22.538641 [debug] [Thread-1 (]: On model.dbt_driven_data.staging_dim_finance: /* {"app": "dbt", "dbt_version": "1.10.3", "profile_name": "default", "target_name": "dev", "node_id": "model.dbt_driven_data.staging_dim_finance"} */
alter table "airflow"."driven_staging"."dim_finance__dbt_tmp" rename to "dim_finance"
[0m03:22:22.539736 [debug] [Thread-1 (]: SQL status: ALTER TABLE in 0.000 seconds
[0m03:22:22.541349 [debug] [Thread-1 (]: On model.dbt_driven_data.staging_dim_finance: COMMIT
[0m03:22:22.541870 [debug] [Thread-1 (]: Using postgres connection "model.dbt_driven_data.staging_dim_finance"
[0m03:22:22.542341 [debug] [Thread-1 (]: On model.dbt_driven_data.staging_dim_finance: COMMIT
[0m03:22:22.544816 [debug] [Thread-1 (]: SQL status: COMMIT in 0.002 seconds
[0m03:22:22.547799 [debug] [Thread-1 (]: Applying DROP to: "airflow"."driven_staging"."dim_finance__dbt_backup"
[0m03:22:22.548839 [debug] [Thread-1 (]: Using postgres connection "model.dbt_driven_data.staging_dim_finance"
[0m03:22:22.549348 [debug] [Thread-1 (]: On model.dbt_driven_data.staging_dim_finance: /* {"app": "dbt", "dbt_version": "1.10.3", "profile_name": "default", "target_name": "dev", "node_id": "model.dbt_driven_data.staging_dim_finance"} */
drop table if exists "airflow"."driven_staging"."dim_finance__dbt_backup" cascade
[0m03:22:22.550208 [debug] [Thread-1 (]: SQL status: DROP TABLE in 0.000 seconds
[0m03:22:22.552533 [debug] [Thread-1 (]: On model.dbt_driven_data.staging_dim_finance: Close
[0m03:22:22.553497 [debug] [Thread-1 (]: Sending event: {'category': 'dbt', 'action': 'run_model', 'label': '3dd1cdb2-f81e-4431-85b4-fd95aa2868d3', 'context': [<snowplow_tracker.self_describing_json.SelfDescribingJson object at 0x71ec34438260>]}
[0m03:22:22.554388 [info ] [Thread-1 (]: 3 of 5 OK created sql table model driven_staging.dim_finance ................... [[32mSELECT 100[0m in 0.08s]
[0m03:22:22.555209 [debug] [Thread-1 (]: Finished running node model.dbt_driven_data.staging_dim_finance
[0m03:22:22.555832 [debug] [Thread-1 (]: Began running node model.dbt_driven_data.staging_dim_person
[0m03:22:22.556442 [info ] [Thread-1 (]: 4 of 5 START sql table model driven_staging.dim_person ......................... [RUN]
[0m03:22:22.557053 [debug] [Thread-1 (]: Re-using an available connection from the pool (formerly model.dbt_driven_data.staging_dim_finance, now model.dbt_driven_data.staging_dim_person)
[0m03:22:22.557691 [debug] [Thread-1 (]: Began compiling node model.dbt_driven_data.staging_dim_person
[0m03:22:22.561787 [debug] [Thread-1 (]: Writing injected SQL for node "model.dbt_driven_data.staging_dim_person"
[0m03:22:22.579147 [debug] [Thread-1 (]: Began executing node model.dbt_driven_data.staging_dim_person
[0m03:22:22.584097 [debug] [Thread-1 (]: Writing runtime sql for node "model.dbt_driven_data.staging_dim_person"
[0m03:22:22.598444 [debug] [Thread-1 (]: Using postgres connection "model.dbt_driven_data.staging_dim_person"
[0m03:22:22.599446 [debug] [Thread-1 (]: On model.dbt_driven_data.staging_dim_person: BEGIN
[0m03:22:22.600394 [debug] [Thread-1 (]: Opening a new connection, currently in state closed
[0m03:22:22.606658 [debug] [Thread-1 (]: SQL status: BEGIN in 0.006 seconds
[0m03:22:22.608552 [debug] [Thread-1 (]: Using postgres connection "model.dbt_driven_data.staging_dim_person"
[0m03:22:22.609298 [debug] [Thread-1 (]: On model.dbt_driven_data.staging_dim_person: /* {"app": "dbt", "dbt_version": "1.10.3", "profile_name": "default", "target_name": "dev", "node_id": "model.dbt_driven_data.staging_dim_person"} */

  
    

  create  table "airflow"."driven_staging"."dim_person__dbt_tmp"
  
  
    as
  
  (
    
WITH source_data AS (
 SELECT
 unique_id,
 person_name,
 user_name,
 email,
 phone,
 birth_date,
 personal_number
 FROM
 "airflow"."driven_raw"."raw_batch_data"
)
SELECT
 *
FROM
 source_data
  );
  
[0m03:22:22.616973 [debug] [Thread-1 (]: SQL status: SELECT 100 in 0.007 seconds
[0m03:22:22.620776 [debug] [Thread-1 (]: Using postgres connection "model.dbt_driven_data.staging_dim_person"
[0m03:22:22.621490 [debug] [Thread-1 (]: On model.dbt_driven_data.staging_dim_person: /* {"app": "dbt", "dbt_version": "1.10.3", "profile_name": "default", "target_name": "dev", "node_id": "model.dbt_driven_data.staging_dim_person"} */
alter table "airflow"."driven_staging"."dim_person__dbt_tmp" rename to "dim_person"
[0m03:22:22.622356 [debug] [Thread-1 (]: SQL status: ALTER TABLE in 0.000 seconds
[0m03:22:22.623818 [debug] [Thread-1 (]: On model.dbt_driven_data.staging_dim_person: COMMIT
[0m03:22:22.624384 [debug] [Thread-1 (]: Using postgres connection "model.dbt_driven_data.staging_dim_person"
[0m03:22:22.624857 [debug] [Thread-1 (]: On model.dbt_driven_data.staging_dim_person: COMMIT
[0m03:22:22.626819 [debug] [Thread-1 (]: SQL status: COMMIT in 0.001 seconds
[0m03:22:22.630057 [debug] [Thread-1 (]: Applying DROP to: "airflow"."driven_staging"."dim_person__dbt_backup"
[0m03:22:22.630937 [debug] [Thread-1 (]: Using postgres connection "model.dbt_driven_data.staging_dim_person"
[0m03:22:22.631410 [debug] [Thread-1 (]: On model.dbt_driven_data.staging_dim_person: /* {"app": "dbt", "dbt_version": "1.10.3", "profile_name": "default", "target_name": "dev", "node_id": "model.dbt_driven_data.staging_dim_person"} */
drop table if exists "airflow"."driven_staging"."dim_person__dbt_backup" cascade
[0m03:22:22.632215 [debug] [Thread-1 (]: SQL status: DROP TABLE in 0.000 seconds
[0m03:22:22.633551 [debug] [Thread-1 (]: On model.dbt_driven_data.staging_dim_person: Close
[0m03:22:22.634774 [debug] [Thread-1 (]: Sending event: {'category': 'dbt', 'action': 'run_model', 'label': '3dd1cdb2-f81e-4431-85b4-fd95aa2868d3', 'context': [<snowplow_tracker.self_describing_json.SelfDescribingJson object at 0x71ec34539a00>]}
[0m03:22:22.635767 [info ] [Thread-1 (]: 4 of 5 OK created sql table model driven_staging.dim_person .................... [[32mSELECT 100[0m in 0.08s]
[0m03:22:22.636597 [debug] [Thread-1 (]: Finished running node model.dbt_driven_data.staging_dim_person
[0m03:22:22.637130 [debug] [Thread-1 (]: Began running node model.dbt_driven_data.staging_fact_network_usage
[0m03:22:22.637710 [info ] [Thread-1 (]: 5 of 5 START sql table model driven_staging.fact_network_usage ................. [RUN]
[0m03:22:22.638323 [debug] [Thread-1 (]: Re-using an available connection from the pool (formerly model.dbt_driven_data.staging_dim_person, now model.dbt_driven_data.staging_fact_network_usage)
[0m03:22:22.638808 [debug] [Thread-1 (]: Began compiling node model.dbt_driven_data.staging_fact_network_usage
[0m03:22:22.643333 [debug] [Thread-1 (]: Writing injected SQL for node "model.dbt_driven_data.staging_fact_network_usage"
[0m03:22:22.663194 [debug] [Thread-1 (]: Began executing node model.dbt_driven_data.staging_fact_network_usage
[0m03:22:22.667314 [debug] [Thread-1 (]: Writing runtime sql for node "model.dbt_driven_data.staging_fact_network_usage"
[0m03:22:22.681643 [debug] [Thread-1 (]: Using postgres connection "model.dbt_driven_data.staging_fact_network_usage"
[0m03:22:22.682405 [debug] [Thread-1 (]: On model.dbt_driven_data.staging_fact_network_usage: BEGIN
[0m03:22:22.683314 [debug] [Thread-1 (]: Opening a new connection, currently in state closed
[0m03:22:22.689557 [debug] [Thread-1 (]: SQL status: BEGIN in 0.006 seconds
[0m03:22:22.692735 [debug] [Thread-1 (]: Using postgres connection "model.dbt_driven_data.staging_fact_network_usage"
[0m03:22:22.693577 [debug] [Thread-1 (]: On model.dbt_driven_data.staging_fact_network_usage: /* {"app": "dbt", "dbt_version": "1.10.3", "profile_name": "default", "target_name": "dev", "node_id": "model.dbt_driven_data.staging_fact_network_usage"} */

  
    

  create  table "airflow"."driven_staging"."fact_network_usage__dbt_tmp"
  
  
    as
  
  (
    
WITH source_data AS (
 SELECT
 unique_id,
 session_duration,
 download_speed,
 upload_speed,
 consumed_traffic
 FROM
 "airflow"."driven_raw"."raw_batch_data"
)
SELECT
 *
FROM
 source_data
  );
  
[0m03:22:22.695809 [debug] [Thread-1 (]: SQL status: SELECT 100 in 0.002 seconds
[0m03:22:22.700392 [debug] [Thread-1 (]: Using postgres connection "model.dbt_driven_data.staging_fact_network_usage"
[0m03:22:22.700967 [debug] [Thread-1 (]: On model.dbt_driven_data.staging_fact_network_usage: /* {"app": "dbt", "dbt_version": "1.10.3", "profile_name": "default", "target_name": "dev", "node_id": "model.dbt_driven_data.staging_fact_network_usage"} */
alter table "airflow"."driven_staging"."fact_network_usage__dbt_tmp" rename to "fact_network_usage"
[0m03:22:22.701919 [debug] [Thread-1 (]: SQL status: ALTER TABLE in 0.000 seconds
[0m03:22:22.703601 [debug] [Thread-1 (]: On model.dbt_driven_data.staging_fact_network_usage: COMMIT
[0m03:22:22.704240 [debug] [Thread-1 (]: Using postgres connection "model.dbt_driven_data.staging_fact_network_usage"
[0m03:22:22.704784 [debug] [Thread-1 (]: On model.dbt_driven_data.staging_fact_network_usage: COMMIT
[0m03:22:22.706784 [debug] [Thread-1 (]: SQL status: COMMIT in 0.001 seconds
[0m03:22:22.709136 [debug] [Thread-1 (]: Applying DROP to: "airflow"."driven_staging"."fact_network_usage__dbt_backup"
[0m03:22:22.710017 [debug] [Thread-1 (]: Using postgres connection "model.dbt_driven_data.staging_fact_network_usage"
[0m03:22:22.710570 [debug] [Thread-1 (]: On model.dbt_driven_data.staging_fact_network_usage: /* {"app": "dbt", "dbt_version": "1.10.3", "profile_name": "default", "target_name": "dev", "node_id": "model.dbt_driven_data.staging_fact_network_usage"} */
drop table if exists "airflow"."driven_staging"."fact_network_usage__dbt_backup" cascade
[0m03:22:22.711502 [debug] [Thread-1 (]: SQL status: DROP TABLE in 0.000 seconds
[0m03:22:22.712962 [debug] [Thread-1 (]: On model.dbt_driven_data.staging_fact_network_usage: Close
[0m03:22:22.713718 [debug] [Thread-1 (]: Sending event: {'category': 'dbt', 'action': 'run_model', 'label': '3dd1cdb2-f81e-4431-85b4-fd95aa2868d3', 'context': [<snowplow_tracker.self_describing_json.SelfDescribingJson object at 0x71ec34404ef0>]}
[0m03:22:22.714454 [info ] [Thread-1 (]: 5 of 5 OK created sql table model driven_staging.fact_network_usage ............ [[32mSELECT 100[0m in 0.08s]
[0m03:22:22.715177 [debug] [Thread-1 (]: Finished running node model.dbt_driven_data.staging_fact_network_usage
[0m03:22:22.717111 [debug] [MainThread]: Using postgres connection "master"
[0m03:22:22.718015 [debug] [MainThread]: On master: BEGIN
[0m03:22:22.718595 [debug] [MainThread]: Opening a new connection, currently in state closed
[0m03:22:22.723693 [debug] [MainThread]: SQL status: BEGIN in 0.005 seconds
[0m03:22:22.724990 [debug] [MainThread]: On master: COMMIT
[0m03:22:22.725746 [debug] [MainThread]: Using postgres connection "master"
[0m03:22:22.726250 [debug] [MainThread]: On master: COMMIT
[0m03:22:22.726990 [debug] [MainThread]: SQL status: COMMIT in 0.000 seconds
[0m03:22:22.727507 [debug] [MainThread]: On master: Close
[0m03:22:22.728183 [debug] [MainThread]: Connection 'master' was properly closed.
[0m03:22:22.728651 [debug] [MainThread]: Connection 'model.dbt_driven_data.staging_fact_network_usage' was properly closed.
[0m03:22:22.729236 [info ] [MainThread]: 
[0m03:22:22.729878 [info ] [MainThread]: Finished running 5 table models in 0 hours 0 minutes and 0.71 seconds (0.71s).
[0m03:22:22.731380 [debug] [MainThread]: Command end result
[0m03:22:22.767302 [debug] [MainThread]: Wrote artifact WritableManifest to /opt/airflow/dbt/target/manifest.json
[0m03:22:22.773330 [debug] [MainThread]: Wrote artifact SemanticManifest to /opt/airflow/dbt/target/semantic_manifest.json
[0m03:22:22.798010 [debug] [MainThread]: Wrote artifact RunExecutionResult to /opt/airflow/dbt/target/run_results.json
[0m03:22:22.798634 [info ] [MainThread]: 
[0m03:22:22.799222 [info ] [MainThread]: [32mCompleted successfully[0m
[0m03:22:22.799682 [info ] [MainThread]: 
[0m03:22:22.800250 [info ] [MainThread]: Done. PASS=5 WARN=0 ERROR=0 SKIP=0 NO-OP=0 TOTAL=5
[0m03:22:22.802708 [debug] [MainThread]: Resource report: {"command_name": "run", "command_success": true, "command_wall_clock_time": 2.071617, "process_in_blocks": "59624", "process_kernel_time": 0.818815, "process_mem_max_rss": "122936", "process_out_blocks": "1504", "process_user_time": 3.45413}
[0m03:22:22.803673 [debug] [MainThread]: Command `dbt run` succeeded at 03:22:22.803499 after 2.07 seconds
[0m03:22:22.804515 [debug] [MainThread]: Sending event: {'category': 'dbt', 'action': 'invocation', 'label': 'end', 'context': [<snowplow_tracker.self_describing_json.SelfDescribingJson object at 0x71ec375d5a30>, <snowplow_tracker.self_describing_json.SelfDescribingJson object at 0x71ec367eca70>, <snowplow_tracker.self_describing_json.SelfDescribingJson object at 0x71ec367ef5f0>]}
[0m03:22:22.805053 [debug] [MainThread]: Flushing usage events
[0m03:22:23.408460 [debug] [MainThread]: An error was encountered while trying to flush usage events
[0m03:22:28.641740 [debug] [MainThread]: Sending event: {'category': 'dbt', 'action': 'invocation', 'label': 'start', 'context': [<snowplow_tracker.self_describing_json.SelfDescribingJson object at 0x7dd23ae9c8c0>, <snowplow_tracker.self_describing_json.SelfDescribingJson object at 0x7dd239be2600>, <snowplow_tracker.self_describing_json.SelfDescribingJson object at 0x7dd23ae9cc20>]}


============================== 03:22:28.648662 | 87b69dcf-5d6e-4054-954e-82aff586e122 ==============================
[0m03:22:28.648662 [info ] [MainThread]: Running with dbt=1.10.3
[0m03:22:28.649381 [debug] [MainThread]: running dbt with arguments {'printer_width': '80', 'indirect_selection': 'eager', 'log_cache_events': 'False', 'write_json': 'True', 'partial_parse': 'True', 'cache_selected_only': 'False', 'profiles_dir': '/opt/airflow/dbt', 'debug': 'False', 'fail_fast': 'False', 'log_path': '/opt/airflow/dbt/logs', 'version_check': 'True', 'warn_error': 'None', 'use_colors': 'True', 'use_experimental_parser': 'False', 'no_print': 'None', 'quiet': 'False', 'empty': 'False', 'log_format': 'default', 'static_parser': 'True', 'warn_error_options': 'WarnErrorOptionsV2(error=[], warn=[], silence=[])', 'introspect': 'True', 'target_path': 'None', 'invocation_command': 'dbt run --select tag:trusted', 'send_anonymous_usage_stats': 'True'}
[0m03:22:28.858876 [debug] [MainThread]: Sending event: {'category': 'dbt', 'action': 'project_id', 'label': '87b69dcf-5d6e-4054-954e-82aff586e122', 'context': [<snowplow_tracker.self_describing_json.SelfDescribingJson object at 0x7dd239b892e0>]}
[0m03:22:28.923134 [debug] [MainThread]: Sending event: {'category': 'dbt', 'action': 'adapter_info', 'label': '87b69dcf-5d6e-4054-954e-82aff586e122', 'context': [<snowplow_tracker.self_describing_json.SelfDescribingJson object at 0x7dd2394de4b0>]}
[0m03:22:28.924441 [info ] [MainThread]: Registered adapter: postgres=1.9.0
[0m03:22:29.054862 [debug] [MainThread]: checksum: 1bfacb87e6914c9942cfa2c4badfc1df19d859fe8ec086286ef238a7d920f97b, vars: {}, profile: , target: , version: 1.10.3
[0m03:22:29.247538 [debug] [MainThread]: Partial parsing enabled: 0 files deleted, 0 files added, 0 files changed.
[0m03:22:29.248287 [debug] [MainThread]: Partial parsing enabled, no changes found, skipping parsing
[0m03:22:29.284324 [debug] [MainThread]: Sending event: {'category': 'dbt', 'action': 'load_project', 'label': '87b69dcf-5d6e-4054-954e-82aff586e122', 'context': [<snowplow_tracker.self_describing_json.SelfDescribingJson object at 0x7dd2391851f0>]}
[0m03:22:29.368608 [debug] [MainThread]: Wrote artifact WritableManifest to /opt/airflow/dbt/target/manifest.json
[0m03:22:29.374844 [debug] [MainThread]: Wrote artifact SemanticManifest to /opt/airflow/dbt/target/semantic_manifest.json
[0m03:22:29.402454 [debug] [MainThread]: Sending event: {'category': 'dbt', 'action': 'resource_counts', 'label': '87b69dcf-5d6e-4054-954e-82aff586e122', 'context': [<snowplow_tracker.self_describing_json.SelfDescribingJson object at 0x7dd238990e00>]}
[0m03:22:29.403212 [info ] [MainThread]: Found 9 models, 11 sources, 433 macros
[0m03:22:29.403900 [debug] [MainThread]: Sending event: {'category': 'dbt', 'action': 'runnable_timing', 'label': '87b69dcf-5d6e-4054-954e-82aff586e122', 'context': [<snowplow_tracker.self_describing_json.SelfDescribingJson object at 0x7dd2391d0ec0>]}
[0m03:22:29.407347 [info ] [MainThread]: 
[0m03:22:29.408087 [info ] [MainThread]: Concurrency: 1 threads (target='dev')
[0m03:22:29.408686 [info ] [MainThread]: 
[0m03:22:29.409574 [debug] [MainThread]: Acquiring new postgres connection 'master'
[0m03:22:29.414968 [debug] [ThreadPool]: Acquiring new postgres connection 'list_airflow'
[0m03:22:29.458182 [debug] [ThreadPool]: Using postgres connection "list_airflow"
[0m03:22:29.459455 [debug] [ThreadPool]: On list_airflow: /* {"app": "dbt", "dbt_version": "1.10.3", "profile_name": "default", "target_name": "dev", "connection_name": "list_airflow"} */

    select distinct nspname from pg_namespace
  
[0m03:22:29.460728 [debug] [ThreadPool]: Opening a new connection, currently in state init
[0m03:22:29.468880 [debug] [ThreadPool]: SQL status: SELECT 6 in 0.008 seconds
[0m03:22:29.470778 [debug] [ThreadPool]: On list_airflow: Close
[0m03:22:29.471724 [debug] [ThreadPool]: Re-using an available connection from the pool (formerly list_airflow, now create_airflow_driven_trusted)
[0m03:22:29.472306 [debug] [ThreadPool]: Creating schema "database: "airflow"
schema: "driven_trusted"
"
[0m03:22:29.477820 [debug] [ThreadPool]: Using postgres connection "create_airflow_driven_trusted"
[0m03:22:29.478445 [debug] [ThreadPool]: On create_airflow_driven_trusted: BEGIN
[0m03:22:29.478993 [debug] [ThreadPool]: Opening a new connection, currently in state closed
[0m03:22:29.484542 [debug] [ThreadPool]: SQL status: BEGIN in 0.005 seconds
[0m03:22:29.485376 [debug] [ThreadPool]: Using postgres connection "create_airflow_driven_trusted"
[0m03:22:29.485881 [debug] [ThreadPool]: On create_airflow_driven_trusted: /* {"app": "dbt", "dbt_version": "1.10.3", "profile_name": "default", "target_name": "dev", "connection_name": "create_airflow_driven_trusted"} */
create schema if not exists "driven_trusted"
[0m03:22:29.486738 [debug] [ThreadPool]: SQL status: CREATE SCHEMA in 0.000 seconds
[0m03:22:29.488316 [debug] [ThreadPool]: On create_airflow_driven_trusted: COMMIT
[0m03:22:29.488874 [debug] [ThreadPool]: Using postgres connection "create_airflow_driven_trusted"
[0m03:22:29.489450 [debug] [ThreadPool]: On create_airflow_driven_trusted: COMMIT
[0m03:22:29.491239 [debug] [ThreadPool]: SQL status: COMMIT in 0.001 seconds
[0m03:22:29.491708 [debug] [ThreadPool]: On create_airflow_driven_trusted: Close
[0m03:22:29.493931 [debug] [ThreadPool]: Re-using an available connection from the pool (formerly create_airflow_driven_trusted, now list_airflow_driven_trusted)
[0m03:22:29.500451 [debug] [ThreadPool]: Using postgres connection "list_airflow_driven_trusted"
[0m03:22:29.501144 [debug] [ThreadPool]: On list_airflow_driven_trusted: BEGIN
[0m03:22:29.501741 [debug] [ThreadPool]: Opening a new connection, currently in state closed
[0m03:22:29.507240 [debug] [ThreadPool]: SQL status: BEGIN in 0.005 seconds
[0m03:22:29.508000 [debug] [ThreadPool]: Using postgres connection "list_airflow_driven_trusted"
[0m03:22:29.508706 [debug] [ThreadPool]: On list_airflow_driven_trusted: /* {"app": "dbt", "dbt_version": "1.10.3", "profile_name": "default", "target_name": "dev", "connection_name": "list_airflow_driven_trusted"} */
select
      'airflow' as database,
      tablename as name,
      schemaname as schema,
      'table' as type
    from pg_tables
    where schemaname ilike 'driven_trusted'
    union all
    select
      'airflow' as database,
      viewname as name,
      schemaname as schema,
      'view' as type
    from pg_views
    where schemaname ilike 'driven_trusted'
    union all
    select
      'airflow' as database,
      matviewname as name,
      schemaname as schema,
      'materialized_view' as type
    from pg_matviews
    where schemaname ilike 'driven_trusted'
  
[0m03:22:29.512668 [debug] [ThreadPool]: SQL status: SELECT 0 in 0.003 seconds
[0m03:22:29.514195 [debug] [ThreadPool]: On list_airflow_driven_trusted: ROLLBACK
[0m03:22:29.514854 [debug] [ThreadPool]: On list_airflow_driven_trusted: Close
[0m03:22:29.515884 [debug] [ThreadPool]: Re-using an available connection from the pool (formerly list_airflow_driven_trusted, now list_airflow_driven_staging)
[0m03:22:29.518365 [debug] [ThreadPool]: Using postgres connection "list_airflow_driven_staging"
[0m03:22:29.518865 [debug] [ThreadPool]: On list_airflow_driven_staging: BEGIN
[0m03:22:29.519346 [debug] [ThreadPool]: Opening a new connection, currently in state closed
[0m03:22:29.524589 [debug] [ThreadPool]: SQL status: BEGIN in 0.005 seconds
[0m03:22:29.525316 [debug] [ThreadPool]: Using postgres connection "list_airflow_driven_staging"
[0m03:22:29.525932 [debug] [ThreadPool]: On list_airflow_driven_staging: /* {"app": "dbt", "dbt_version": "1.10.3", "profile_name": "default", "target_name": "dev", "connection_name": "list_airflow_driven_staging"} */
select
      'airflow' as database,
      tablename as name,
      schemaname as schema,
      'table' as type
    from pg_tables
    where schemaname ilike 'driven_staging'
    union all
    select
      'airflow' as database,
      viewname as name,
      schemaname as schema,
      'view' as type
    from pg_views
    where schemaname ilike 'driven_staging'
    union all
    select
      'airflow' as database,
      matviewname as name,
      schemaname as schema,
      'materialized_view' as type
    from pg_matviews
    where schemaname ilike 'driven_staging'
  
[0m03:22:29.530176 [debug] [ThreadPool]: SQL status: SELECT 5 in 0.003 seconds
[0m03:22:29.532593 [debug] [ThreadPool]: On list_airflow_driven_staging: ROLLBACK
[0m03:22:29.533415 [debug] [ThreadPool]: On list_airflow_driven_staging: Close
[0m03:22:29.541647 [debug] [MainThread]: Using postgres connection "master"
[0m03:22:29.542502 [debug] [MainThread]: On master: BEGIN
[0m03:22:29.543211 [debug] [MainThread]: Opening a new connection, currently in state init
[0m03:22:29.549190 [debug] [MainThread]: SQL status: BEGIN in 0.006 seconds
[0m03:22:29.550557 [debug] [MainThread]: Using postgres connection "master"
[0m03:22:29.551553 [debug] [MainThread]: On master: /* {"app": "dbt", "dbt_version": "1.10.3", "profile_name": "default", "target_name": "dev", "connection_name": "master"} */
with relation as (
        select
            pg_rewrite.ev_class as class,
            pg_rewrite.oid as id
        from pg_rewrite
    ),
    class as (
        select
            oid as id,
            relname as name,
            relnamespace as schema,
            relkind as kind
        from pg_class
    ),
    dependency as (
        select distinct
            pg_depend.objid as id,
            pg_depend.refobjid as ref
        from pg_depend
    ),
    schema as (
        select
            pg_namespace.oid as id,
            pg_namespace.nspname as name
        from pg_namespace
        where nspname != 'information_schema' and nspname not like 'pg\_%'
    ),
    referenced as (
        select
            relation.id AS id,
            referenced_class.name ,
            referenced_class.schema ,
            referenced_class.kind
        from relation
        join class as referenced_class on relation.class=referenced_class.id
        where referenced_class.kind in ('r', 'v', 'm')
    ),
    relationships as (
        select
            referenced.name as referenced_name,
            referenced.schema as referenced_schema_id,
            dependent_class.name as dependent_name,
            dependent_class.schema as dependent_schema_id,
            referenced.kind as kind
        from referenced
        join dependency on referenced.id=dependency.id
        join class as dependent_class on dependency.ref=dependent_class.id
        where
            (referenced.name != dependent_class.name or
             referenced.schema != dependent_class.schema)
    )

    select
        referenced_schema.name as referenced_schema,
        relationships.referenced_name as referenced_name,
        dependent_schema.name as dependent_schema,
        relationships.dependent_name as dependent_name
    from relationships
    join schema as dependent_schema on relationships.dependent_schema_id=dependent_schema.id
    join schema as referenced_schema on relationships.referenced_schema_id=referenced_schema.id
    group by referenced_schema, referenced_name, dependent_schema, dependent_name
    order by referenced_schema, referenced_name, dependent_schema, dependent_name;
[0m03:22:29.555959 [debug] [MainThread]: SQL status: SELECT 0 in 0.004 seconds
[0m03:22:29.558712 [debug] [MainThread]: Sending event: {'category': 'dbt', 'action': 'runnable_timing', 'label': '87b69dcf-5d6e-4054-954e-82aff586e122', 'context': [<snowplow_tracker.self_describing_json.SelfDescribingJson object at 0x7dd2391d18b0>]}
[0m03:22:29.559534 [debug] [MainThread]: On master: ROLLBACK
[0m03:22:29.560324 [debug] [MainThread]: Using postgres connection "master"
[0m03:22:29.560870 [debug] [MainThread]: On master: BEGIN
[0m03:22:29.561610 [debug] [MainThread]: SQL status: BEGIN in 0.000 seconds
[0m03:22:29.562094 [debug] [MainThread]: On master: COMMIT
[0m03:22:29.562579 [debug] [MainThread]: Using postgres connection "master"
[0m03:22:29.563040 [debug] [MainThread]: On master: COMMIT
[0m03:22:29.563788 [debug] [MainThread]: SQL status: COMMIT in 0.000 seconds
[0m03:22:29.564402 [debug] [MainThread]: On master: Close
[0m03:22:29.569513 [debug] [Thread-1 (]: Began running node model.dbt_driven_data.trusted_non_pii_data
[0m03:22:29.570595 [info ] [Thread-1 (]: 1 of 4 START sql table model driven_trusted.non_pii_data ....................... [RUN]
[0m03:22:29.571743 [debug] [Thread-1 (]: Re-using an available connection from the pool (formerly list_airflow_driven_staging, now model.dbt_driven_data.trusted_non_pii_data)
[0m03:22:29.572685 [debug] [Thread-1 (]: Began compiling node model.dbt_driven_data.trusted_non_pii_data
[0m03:22:29.584690 [debug] [Thread-1 (]: Writing injected SQL for node "model.dbt_driven_data.trusted_non_pii_data"
[0m03:22:29.603261 [debug] [Thread-1 (]: Began executing node model.dbt_driven_data.trusted_non_pii_data
[0m03:22:29.639239 [debug] [Thread-1 (]: Writing runtime sql for node "model.dbt_driven_data.trusted_non_pii_data"
[0m03:22:29.657883 [debug] [Thread-1 (]: Using postgres connection "model.dbt_driven_data.trusted_non_pii_data"
[0m03:22:29.658592 [debug] [Thread-1 (]: On model.dbt_driven_data.trusted_non_pii_data: BEGIN
[0m03:22:29.659079 [debug] [Thread-1 (]: Opening a new connection, currently in state closed
[0m03:22:29.665925 [debug] [Thread-1 (]: SQL status: BEGIN in 0.007 seconds
[0m03:22:29.666818 [debug] [Thread-1 (]: Using postgres connection "model.dbt_driven_data.trusted_non_pii_data"
[0m03:22:29.667363 [debug] [Thread-1 (]: On model.dbt_driven_data.trusted_non_pii_data: /* {"app": "dbt", "dbt_version": "1.10.3", "profile_name": "default", "target_name": "dev", "node_id": "model.dbt_driven_data.trusted_non_pii_data"} */

  
    

  create  table "airflow"."driven_trusted"."non_pii_data__dbt_tmp"
  
  
    as
  
  (
    
WITH source_data AS (
 SELECT
 '***MASKED***' AS person_name,
 SUBSTRING(dp.user_name, 1, 5) || '*****' user_name,
 SUBSTRING(dp.email, 1, 5) || '*****' AS email,
 '***MASKED***' AS personal_number,
 '***MASKED***' AS birth_date,
 '***MASKED***' AS address,
 '***MASKED***' AS phone,
 SUBSTRING(da.mac_address, 1, 5) || '*****' AS mac_address,
 SUBSTRING(da.ip_address, 1, 5) || '*****' AS ip_address,
 SUBSTRING(df.iban, 1, 5) || '*****' AS iban,
 dd.accessed_at,
 fnu.session_duration,
 fnu.download_speed,
 fnu.upload_speed,
 fnu.consumed_traffic,
 fnu.unique_id
 FROM
 "airflow"."driven_staging"."fact_network_usage" fnu
 INNER JOIN
 "airflow"."driven_staging"."dim_address" da ON
fnu.unique_id = da.unique_id
 INNER JOIN
 "airflow"."driven_staging"."dim_date" dd ON da.unique_id =
dd.unique_id
 INNER JOIN
 "airflow"."driven_staging"."dim_finance" df ON dd.unique_id
= df.unique_id
 INNER JOIN
 "airflow"."driven_staging"."dim_person" dp ON df.unique_id
= dp.unique_id
)
SELECT
 *
FROM
 source_data
  );
  
[0m03:22:29.677419 [debug] [Thread-1 (]: SQL status: SELECT 100 in 0.009 seconds
[0m03:22:29.687496 [debug] [Thread-1 (]: Using postgres connection "model.dbt_driven_data.trusted_non_pii_data"
[0m03:22:29.688197 [debug] [Thread-1 (]: On model.dbt_driven_data.trusted_non_pii_data: /* {"app": "dbt", "dbt_version": "1.10.3", "profile_name": "default", "target_name": "dev", "node_id": "model.dbt_driven_data.trusted_non_pii_data"} */
alter table "airflow"."driven_trusted"."non_pii_data__dbt_tmp" rename to "non_pii_data"
[0m03:22:29.690228 [debug] [Thread-1 (]: SQL status: ALTER TABLE in 0.001 seconds
[0m03:22:29.704735 [debug] [Thread-1 (]: On model.dbt_driven_data.trusted_non_pii_data: COMMIT
[0m03:22:29.705615 [debug] [Thread-1 (]: Using postgres connection "model.dbt_driven_data.trusted_non_pii_data"
[0m03:22:29.706204 [debug] [Thread-1 (]: On model.dbt_driven_data.trusted_non_pii_data: COMMIT
[0m03:22:29.708369 [debug] [Thread-1 (]: SQL status: COMMIT in 0.002 seconds
[0m03:22:29.715136 [debug] [Thread-1 (]: Applying DROP to: "airflow"."driven_trusted"."non_pii_data__dbt_backup"
[0m03:22:29.720737 [debug] [Thread-1 (]: Using postgres connection "model.dbt_driven_data.trusted_non_pii_data"
[0m03:22:29.721323 [debug] [Thread-1 (]: On model.dbt_driven_data.trusted_non_pii_data: /* {"app": "dbt", "dbt_version": "1.10.3", "profile_name": "default", "target_name": "dev", "node_id": "model.dbt_driven_data.trusted_non_pii_data"} */
drop table if exists "airflow"."driven_trusted"."non_pii_data__dbt_backup" cascade
[0m03:22:29.722233 [debug] [Thread-1 (]: SQL status: DROP TABLE in 0.000 seconds
[0m03:22:29.724912 [debug] [Thread-1 (]: On model.dbt_driven_data.trusted_non_pii_data: Close
[0m03:22:29.726681 [debug] [Thread-1 (]: Sending event: {'category': 'dbt', 'action': 'run_model', 'label': '87b69dcf-5d6e-4054-954e-82aff586e122', 'context': [<snowplow_tracker.self_describing_json.SelfDescribingJson object at 0x7dd23c5642f0>]}
[0m03:22:29.727484 [info ] [Thread-1 (]: 1 of 4 OK created sql table model driven_trusted.non_pii_data .................. [[32mSELECT 100[0m in 0.15s]
[0m03:22:29.728272 [debug] [Thread-1 (]: Finished running node model.dbt_driven_data.trusted_non_pii_data
[0m03:22:29.728897 [debug] [Thread-1 (]: Began running node model.dbt_driven_data.trusted_payment_data
[0m03:22:29.729513 [info ] [Thread-1 (]: 2 of 4 START sql table model driven_trusted.payment_data ....................... [RUN]
[0m03:22:29.730290 [debug] [Thread-1 (]: Re-using an available connection from the pool (formerly model.dbt_driven_data.trusted_non_pii_data, now model.dbt_driven_data.trusted_payment_data)
[0m03:22:29.730959 [debug] [Thread-1 (]: Began compiling node model.dbt_driven_data.trusted_payment_data
[0m03:22:29.735047 [debug] [Thread-1 (]: Writing injected SQL for node "model.dbt_driven_data.trusted_payment_data"
[0m03:22:29.750295 [debug] [Thread-1 (]: Began executing node model.dbt_driven_data.trusted_payment_data
[0m03:22:29.755262 [debug] [Thread-1 (]: Writing runtime sql for node "model.dbt_driven_data.trusted_payment_data"
[0m03:22:29.769288 [debug] [Thread-1 (]: Using postgres connection "model.dbt_driven_data.trusted_payment_data"
[0m03:22:29.770045 [debug] [Thread-1 (]: On model.dbt_driven_data.trusted_payment_data: BEGIN
[0m03:22:29.770635 [debug] [Thread-1 (]: Opening a new connection, currently in state closed
[0m03:22:29.777329 [debug] [Thread-1 (]: SQL status: BEGIN in 0.007 seconds
[0m03:22:29.778138 [debug] [Thread-1 (]: Using postgres connection "model.dbt_driven_data.trusted_payment_data"
[0m03:22:29.778669 [debug] [Thread-1 (]: On model.dbt_driven_data.trusted_payment_data: /* {"app": "dbt", "dbt_version": "1.10.3", "profile_name": "default", "target_name": "dev", "node_id": "model.dbt_driven_data.trusted_payment_data"} */

  
    

  create  table "airflow"."driven_trusted"."payment_data__dbt_tmp"
  
  
    as
  
  (
    
WITH source_data AS (
 SELECT
 fnu.unique_id,
 df.iban,
 fnu.download_speed,
 fnu.upload_speed,
 fnu.session_duration,
 fnu.consumed_traffic,
 ((fnu.download_speed + fnu.upload_speed + 1)/2) +
(fnu.consumed_traffic / (fnu.session_duration + 1)) AS payment_amount
 FROM
 "airflow"."driven_staging"."fact_network_usage" fnu
 JOIN
 "airflow"."driven_staging"."dim_finance" df
 ON
 fnu.unique_id = df.unique_id
)
SELECT
 *
FROM
 source_data
  );
  
[0m03:22:29.782735 [debug] [Thread-1 (]: SQL status: SELECT 100 in 0.003 seconds
[0m03:22:29.786356 [debug] [Thread-1 (]: Using postgres connection "model.dbt_driven_data.trusted_payment_data"
[0m03:22:29.786999 [debug] [Thread-1 (]: On model.dbt_driven_data.trusted_payment_data: /* {"app": "dbt", "dbt_version": "1.10.3", "profile_name": "default", "target_name": "dev", "node_id": "model.dbt_driven_data.trusted_payment_data"} */
alter table "airflow"."driven_trusted"."payment_data__dbt_tmp" rename to "payment_data"
[0m03:22:29.787983 [debug] [Thread-1 (]: SQL status: ALTER TABLE in 0.000 seconds
[0m03:22:29.789485 [debug] [Thread-1 (]: On model.dbt_driven_data.trusted_payment_data: COMMIT
[0m03:22:29.789967 [debug] [Thread-1 (]: Using postgres connection "model.dbt_driven_data.trusted_payment_data"
[0m03:22:29.790481 [debug] [Thread-1 (]: On model.dbt_driven_data.trusted_payment_data: COMMIT
[0m03:22:29.792755 [debug] [Thread-1 (]: SQL status: COMMIT in 0.002 seconds
[0m03:22:29.796580 [debug] [Thread-1 (]: Applying DROP to: "airflow"."driven_trusted"."payment_data__dbt_backup"
[0m03:22:29.797501 [debug] [Thread-1 (]: Using postgres connection "model.dbt_driven_data.trusted_payment_data"
[0m03:22:29.798038 [debug] [Thread-1 (]: On model.dbt_driven_data.trusted_payment_data: /* {"app": "dbt", "dbt_version": "1.10.3", "profile_name": "default", "target_name": "dev", "node_id": "model.dbt_driven_data.trusted_payment_data"} */
drop table if exists "airflow"."driven_trusted"."payment_data__dbt_backup" cascade
[0m03:22:29.798877 [debug] [Thread-1 (]: SQL status: DROP TABLE in 0.000 seconds
[0m03:22:29.800520 [debug] [Thread-1 (]: On model.dbt_driven_data.trusted_payment_data: Close
[0m03:22:29.801394 [debug] [Thread-1 (]: Sending event: {'category': 'dbt', 'action': 'run_model', 'label': '87b69dcf-5d6e-4054-954e-82aff586e122', 'context': [<snowplow_tracker.self_describing_json.SelfDescribingJson object at 0x7dd2354246b0>]}
[0m03:22:29.802160 [info ] [Thread-1 (]: 2 of 4 OK created sql table model driven_trusted.payment_data .................. [[32mSELECT 100[0m in 0.07s]
[0m03:22:29.802870 [debug] [Thread-1 (]: Finished running node model.dbt_driven_data.trusted_payment_data
[0m03:22:29.803443 [debug] [Thread-1 (]: Began running node model.dbt_driven_data.trusted_pii_data
[0m03:22:29.804020 [info ] [Thread-1 (]: 3 of 4 START sql table model driven_trusted.pii_data ........................... [RUN]
[0m03:22:29.804612 [debug] [Thread-1 (]: Re-using an available connection from the pool (formerly model.dbt_driven_data.trusted_payment_data, now model.dbt_driven_data.trusted_pii_data)
[0m03:22:29.805104 [debug] [Thread-1 (]: Began compiling node model.dbt_driven_data.trusted_pii_data
[0m03:22:29.811758 [debug] [Thread-1 (]: Writing injected SQL for node "model.dbt_driven_data.trusted_pii_data"
[0m03:22:29.826616 [debug] [Thread-1 (]: Began executing node model.dbt_driven_data.trusted_pii_data
[0m03:22:29.831442 [debug] [Thread-1 (]: Writing runtime sql for node "model.dbt_driven_data.trusted_pii_data"
[0m03:22:29.845919 [debug] [Thread-1 (]: Using postgres connection "model.dbt_driven_data.trusted_pii_data"
[0m03:22:29.846559 [debug] [Thread-1 (]: On model.dbt_driven_data.trusted_pii_data: BEGIN
[0m03:22:29.847031 [debug] [Thread-1 (]: Opening a new connection, currently in state closed
[0m03:22:29.853678 [debug] [Thread-1 (]: SQL status: BEGIN in 0.006 seconds
[0m03:22:29.854526 [debug] [Thread-1 (]: Using postgres connection "model.dbt_driven_data.trusted_pii_data"
[0m03:22:29.855096 [debug] [Thread-1 (]: On model.dbt_driven_data.trusted_pii_data: /* {"app": "dbt", "dbt_version": "1.10.3", "profile_name": "default", "target_name": "dev", "node_id": "model.dbt_driven_data.trusted_pii_data"} */

  
    

  create  table "airflow"."driven_trusted"."pii_data__dbt_tmp"
  
  
    as
  
  (
    
WITH source_data AS (
 SELECT
 dp.person_name,
 dp.user_name,
 dp.email,
 dp.personal_number,
 dp.birth_date,
 da.address,
 dp.phone,
 da.mac_address,
 da.ip_address,
 df.iban,
 dd.accessed_at,
 fnu.session_duration,
 fnu.download_speed,
 fnu.upload_speed,
 fnu.consumed_traffic,
 fnu.unique_id
 FROM
 "airflow"."driven_staging"."fact_network_usage" fnu
 INNER JOIN
 "airflow"."driven_staging"."dim_address" da ON
fnu.unique_id = da.unique_id
 INNER JOIN
 "airflow"."driven_staging"."dim_date" dd ON da.unique_id =
dd.unique_id
 INNER JOIN
 "airflow"."driven_staging"."dim_finance" df ON dd.unique_id
= df.unique_id
 INNER JOIN
 "airflow"."driven_staging"."dim_person" dp ON df.unique_id
= dp.unique_id
)
SELECT
 *
FROM
 source_data
  );
  
[0m03:22:29.864091 [debug] [Thread-1 (]: SQL status: SELECT 100 in 0.008 seconds
[0m03:22:29.867841 [debug] [Thread-1 (]: Using postgres connection "model.dbt_driven_data.trusted_pii_data"
[0m03:22:29.868487 [debug] [Thread-1 (]: On model.dbt_driven_data.trusted_pii_data: /* {"app": "dbt", "dbt_version": "1.10.3", "profile_name": "default", "target_name": "dev", "node_id": "model.dbt_driven_data.trusted_pii_data"} */
alter table "airflow"."driven_trusted"."pii_data__dbt_tmp" rename to "pii_data"
[0m03:22:29.870480 [debug] [Thread-1 (]: SQL status: ALTER TABLE in 0.001 seconds
[0m03:22:29.872567 [debug] [Thread-1 (]: On model.dbt_driven_data.trusted_pii_data: COMMIT
[0m03:22:29.873147 [debug] [Thread-1 (]: Using postgres connection "model.dbt_driven_data.trusted_pii_data"
[0m03:22:29.873759 [debug] [Thread-1 (]: On model.dbt_driven_data.trusted_pii_data: COMMIT
[0m03:22:29.875934 [debug] [Thread-1 (]: SQL status: COMMIT in 0.002 seconds
[0m03:22:29.878984 [debug] [Thread-1 (]: Applying DROP to: "airflow"."driven_trusted"."pii_data__dbt_backup"
[0m03:22:29.879836 [debug] [Thread-1 (]: Using postgres connection "model.dbt_driven_data.trusted_pii_data"
[0m03:22:29.880302 [debug] [Thread-1 (]: On model.dbt_driven_data.trusted_pii_data: /* {"app": "dbt", "dbt_version": "1.10.3", "profile_name": "default", "target_name": "dev", "node_id": "model.dbt_driven_data.trusted_pii_data"} */
drop table if exists "airflow"."driven_trusted"."pii_data__dbt_backup" cascade
[0m03:22:29.881101 [debug] [Thread-1 (]: SQL status: DROP TABLE in 0.000 seconds
[0m03:22:29.882553 [debug] [Thread-1 (]: On model.dbt_driven_data.trusted_pii_data: Close
[0m03:22:29.883611 [debug] [Thread-1 (]: Sending event: {'category': 'dbt', 'action': 'run_model', 'label': '87b69dcf-5d6e-4054-954e-82aff586e122', 'context': [<snowplow_tracker.self_describing_json.SelfDescribingJson object at 0x7dd235420800>]}
[0m03:22:29.884554 [info ] [Thread-1 (]: 3 of 4 OK created sql table model driven_trusted.pii_data ...................... [[32mSELECT 100[0m in 0.08s]
[0m03:22:29.885264 [debug] [Thread-1 (]: Finished running node model.dbt_driven_data.trusted_pii_data
[0m03:22:29.885785 [debug] [Thread-1 (]: Began running node model.dbt_driven_data.trusted_technical_data
[0m03:22:29.886404 [info ] [Thread-1 (]: 4 of 4 START sql table model driven_trusted.technical_data ..................... [RUN]
[0m03:22:29.886991 [debug] [Thread-1 (]: Re-using an available connection from the pool (formerly model.dbt_driven_data.trusted_pii_data, now model.dbt_driven_data.trusted_technical_data)
[0m03:22:29.887469 [debug] [Thread-1 (]: Began compiling node model.dbt_driven_data.trusted_technical_data
[0m03:22:29.891129 [debug] [Thread-1 (]: Writing injected SQL for node "model.dbt_driven_data.trusted_technical_data"
[0m03:22:29.905613 [debug] [Thread-1 (]: Began executing node model.dbt_driven_data.trusted_technical_data
[0m03:22:29.909363 [debug] [Thread-1 (]: Writing runtime sql for node "model.dbt_driven_data.trusted_technical_data"
[0m03:22:29.923248 [debug] [Thread-1 (]: Using postgres connection "model.dbt_driven_data.trusted_technical_data"
[0m03:22:29.923860 [debug] [Thread-1 (]: On model.dbt_driven_data.trusted_technical_data: BEGIN
[0m03:22:29.924293 [debug] [Thread-1 (]: Opening a new connection, currently in state closed
[0m03:22:29.930843 [debug] [Thread-1 (]: SQL status: BEGIN in 0.006 seconds
[0m03:22:29.931864 [debug] [Thread-1 (]: Using postgres connection "model.dbt_driven_data.trusted_technical_data"
[0m03:22:29.932872 [debug] [Thread-1 (]: On model.dbt_driven_data.trusted_technical_data: /* {"app": "dbt", "dbt_version": "1.10.3", "profile_name": "default", "target_name": "dev", "node_id": "model.dbt_driven_data.trusted_technical_data"} */

  
    

  create  table "airflow"."driven_trusted"."technical_data__dbt_tmp"
  
  
    as
  
  (
    
WITH source_data AS (
 SELECT
 fnu.unique_id,
 da.address,
 da.mac_address,
 da.ip_address,
 fnu.download_speed,
 fnu.upload_speed,
 ROUND((fnu.session_duration/60), 1) as min_session_duration,
 CASE
 WHEN fnu.download_speed < 50 OR fnu.upload_speed < 30 OR
fnu.session_duration/60 < 1 THEN true
 ELSE false
 END AS technical_issue
 FROM
 "airflow"."driven_staging"."fact_network_usage" fnu
 JOIN
 "airflow"."driven_staging"."dim_address" da
 ON
 fnu.unique_id = da.unique_id
)
SELECT
 *
FROM
 source_data
  );
  
[0m03:22:29.940341 [debug] [Thread-1 (]: SQL status: SELECT 100 in 0.007 seconds
[0m03:22:29.943828 [debug] [Thread-1 (]: Using postgres connection "model.dbt_driven_data.trusted_technical_data"
[0m03:22:29.944364 [debug] [Thread-1 (]: On model.dbt_driven_data.trusted_technical_data: /* {"app": "dbt", "dbt_version": "1.10.3", "profile_name": "default", "target_name": "dev", "node_id": "model.dbt_driven_data.trusted_technical_data"} */
alter table "airflow"."driven_trusted"."technical_data__dbt_tmp" rename to "technical_data"
[0m03:22:29.945149 [debug] [Thread-1 (]: SQL status: ALTER TABLE in 0.000 seconds
[0m03:22:29.946976 [debug] [Thread-1 (]: On model.dbt_driven_data.trusted_technical_data: COMMIT
[0m03:22:29.947522 [debug] [Thread-1 (]: Using postgres connection "model.dbt_driven_data.trusted_technical_data"
[0m03:22:29.948133 [debug] [Thread-1 (]: On model.dbt_driven_data.trusted_technical_data: COMMIT
[0m03:22:29.951531 [debug] [Thread-1 (]: SQL status: COMMIT in 0.003 seconds
[0m03:22:29.954566 [debug] [Thread-1 (]: Applying DROP to: "airflow"."driven_trusted"."technical_data__dbt_backup"
[0m03:22:29.955518 [debug] [Thread-1 (]: Using postgres connection "model.dbt_driven_data.trusted_technical_data"
[0m03:22:29.956006 [debug] [Thread-1 (]: On model.dbt_driven_data.trusted_technical_data: /* {"app": "dbt", "dbt_version": "1.10.3", "profile_name": "default", "target_name": "dev", "node_id": "model.dbt_driven_data.trusted_technical_data"} */
drop table if exists "airflow"."driven_trusted"."technical_data__dbt_backup" cascade
[0m03:22:29.956781 [debug] [Thread-1 (]: SQL status: DROP TABLE in 0.000 seconds
[0m03:22:29.958122 [debug] [Thread-1 (]: On model.dbt_driven_data.trusted_technical_data: Close
[0m03:22:29.958824 [debug] [Thread-1 (]: Sending event: {'category': 'dbt', 'action': 'run_model', 'label': '87b69dcf-5d6e-4054-954e-82aff586e122', 'context': [<snowplow_tracker.self_describing_json.SelfDescribingJson object at 0x7dd236d1f1a0>]}
[0m03:22:29.959699 [info ] [Thread-1 (]: 4 of 4 OK created sql table model driven_trusted.technical_data ................ [[32mSELECT 100[0m in 0.07s]
[0m03:22:29.960650 [debug] [Thread-1 (]: Finished running node model.dbt_driven_data.trusted_technical_data
[0m03:22:29.962463 [debug] [MainThread]: Using postgres connection "master"
[0m03:22:29.962994 [debug] [MainThread]: On master: BEGIN
[0m03:22:29.963500 [debug] [MainThread]: Opening a new connection, currently in state closed
[0m03:22:29.969031 [debug] [MainThread]: SQL status: BEGIN in 0.005 seconds
[0m03:22:29.969812 [debug] [MainThread]: On master: COMMIT
[0m03:22:29.970374 [debug] [MainThread]: Using postgres connection "master"
[0m03:22:29.970806 [debug] [MainThread]: On master: COMMIT
[0m03:22:29.971375 [debug] [MainThread]: SQL status: COMMIT in 0.000 seconds
[0m03:22:29.971827 [debug] [MainThread]: On master: Close
[0m03:22:29.972439 [debug] [MainThread]: Connection 'master' was properly closed.
[0m03:22:29.972888 [debug] [MainThread]: Connection 'model.dbt_driven_data.trusted_technical_data' was properly closed.
[0m03:22:29.973855 [info ] [MainThread]: 
[0m03:22:29.974547 [info ] [MainThread]: Finished running 4 table models in 0 hours 0 minutes and 0.56 seconds (0.56s).
[0m03:22:29.975964 [debug] [MainThread]: Command end result
[0m03:22:30.010312 [debug] [MainThread]: Wrote artifact WritableManifest to /opt/airflow/dbt/target/manifest.json
[0m03:22:30.015418 [debug] [MainThread]: Wrote artifact SemanticManifest to /opt/airflow/dbt/target/semantic_manifest.json
[0m03:22:30.025890 [debug] [MainThread]: Wrote artifact RunExecutionResult to /opt/airflow/dbt/target/run_results.json
[0m03:22:30.026590 [info ] [MainThread]: 
[0m03:22:30.027197 [info ] [MainThread]: [32mCompleted successfully[0m
[0m03:22:30.027668 [info ] [MainThread]: 
[0m03:22:30.028229 [info ] [MainThread]: Done. PASS=4 WARN=0 ERROR=0 SKIP=0 NO-OP=0 TOTAL=4
[0m03:22:30.030168 [debug] [MainThread]: Resource report: {"command_name": "run", "command_success": true, "command_wall_clock_time": 1.4575742, "process_in_blocks": "8848", "process_kernel_time": 0.489266, "process_mem_max_rss": "123308", "process_out_blocks": "0", "process_user_time": 2.85138}
[0m03:22:30.031014 [debug] [MainThread]: Command `dbt run` succeeded at 03:22:30.030888 after 1.46 seconds
[0m03:22:30.031658 [debug] [MainThread]: Sending event: {'category': 'dbt', 'action': 'invocation', 'label': 'end', 'context': [<snowplow_tracker.self_describing_json.SelfDescribingJson object at 0x7dd23b94fad0>, <snowplow_tracker.self_describing_json.SelfDescribingJson object at 0x7dd239ab1df0>, <snowplow_tracker.self_describing_json.SelfDescribingJson object at 0x7dd2353ff020>]}
[0m03:22:30.032361 [debug] [MainThread]: Flushing usage events
[0m03:22:30.389292 [debug] [MainThread]: An error was encountered while trying to flush usage events
[0m03:24:24.292383 [debug] [MainThread]: Sending event: {'category': 'dbt', 'action': 'invocation', 'label': 'start', 'context': [<snowplow_tracker.self_describing_json.SelfDescribingJson object at 0x7d991d914a10>, <snowplow_tracker.self_describing_json.SelfDescribingJson object at 0x7d991d914c80>, <snowplow_tracker.self_describing_json.SelfDescribingJson object at 0x7d991ccadca0>]}


============================== 03:24:24.300810 | 7fc3053e-3512-4e0d-a09a-b355adec8a80 ==============================
[0m03:24:24.300810 [info ] [MainThread]: Running with dbt=1.10.3
[0m03:24:24.301596 [debug] [MainThread]: running dbt with arguments {'printer_width': '80', 'indirect_selection': 'eager', 'log_cache_events': 'False', 'write_json': 'True', 'partial_parse': 'True', 'cache_selected_only': 'False', 'profiles_dir': '/opt/airflow/dbt', 'fail_fast': 'False', 'version_check': 'True', 'log_path': '/opt/airflow/dbt/logs', 'warn_error': 'None', 'debug': 'False', 'use_colors': 'True', 'use_experimental_parser': 'False', 'empty': 'False', 'quiet': 'False', 'no_print': 'None', 'log_format': 'default', 'introspect': 'True', 'warn_error_options': 'WarnErrorOptionsV2(error=[], warn=[], silence=[])', 'invocation_command': 'dbt run --select tag:staging', 'target_path': 'None', 'static_parser': 'True', 'send_anonymous_usage_stats': 'True'}
[0m03:24:24.525925 [debug] [MainThread]: Sending event: {'category': 'dbt', 'action': 'project_id', 'label': '7fc3053e-3512-4e0d-a09a-b355adec8a80', 'context': [<snowplow_tracker.self_describing_json.SelfDescribingJson object at 0x7d991c4b5ac0>]}
[0m03:24:24.599812 [debug] [MainThread]: Sending event: {'category': 'dbt', 'action': 'adapter_info', 'label': '7fc3053e-3512-4e0d-a09a-b355adec8a80', 'context': [<snowplow_tracker.self_describing_json.SelfDescribingJson object at 0x7d991ccaf590>]}
[0m03:24:24.601004 [info ] [MainThread]: Registered adapter: postgres=1.9.0
[0m03:24:24.724851 [debug] [MainThread]: checksum: 1bfacb87e6914c9942cfa2c4badfc1df19d859fe8ec086286ef238a7d920f97b, vars: {}, profile: , target: , version: 1.10.3
[0m03:24:24.927643 [debug] [MainThread]: Partial parsing enabled: 0 files deleted, 0 files added, 0 files changed.
[0m03:24:24.928331 [debug] [MainThread]: Partial parsing enabled, no changes found, skipping parsing
[0m03:24:24.962730 [debug] [MainThread]: Sending event: {'category': 'dbt', 'action': 'load_project', 'label': '7fc3053e-3512-4e0d-a09a-b355adec8a80', 'context': [<snowplow_tracker.self_describing_json.SelfDescribingJson object at 0x7d991cb26c90>]}
[0m03:24:25.061218 [debug] [MainThread]: Wrote artifact WritableManifest to /opt/airflow/dbt/target/manifest.json
[0m03:24:25.068900 [debug] [MainThread]: Wrote artifact SemanticManifest to /opt/airflow/dbt/target/semantic_manifest.json
[0m03:24:25.120011 [debug] [MainThread]: Sending event: {'category': 'dbt', 'action': 'resource_counts', 'label': '7fc3053e-3512-4e0d-a09a-b355adec8a80', 'context': [<snowplow_tracker.self_describing_json.SelfDescribingJson object at 0x7d991b56ea20>]}
[0m03:24:25.121648 [info ] [MainThread]: Found 9 models, 11 sources, 433 macros
[0m03:24:25.122596 [debug] [MainThread]: Sending event: {'category': 'dbt', 'action': 'runnable_timing', 'label': '7fc3053e-3512-4e0d-a09a-b355adec8a80', 'context': [<snowplow_tracker.self_describing_json.SelfDescribingJson object at 0x7d991c1a0da0>]}
[0m03:24:25.126810 [info ] [MainThread]: 
[0m03:24:25.128505 [info ] [MainThread]: Concurrency: 1 threads (target='dev')
[0m03:24:25.129197 [info ] [MainThread]: 
[0m03:24:25.130155 [debug] [MainThread]: Acquiring new postgres connection 'master'
[0m03:24:25.137082 [debug] [ThreadPool]: Acquiring new postgres connection 'list_airflow'
[0m03:24:25.188290 [debug] [ThreadPool]: Using postgres connection "list_airflow"
[0m03:24:25.189153 [debug] [ThreadPool]: On list_airflow: /* {"app": "dbt", "dbt_version": "1.10.3", "profile_name": "default", "target_name": "dev", "connection_name": "list_airflow"} */

    select distinct nspname from pg_namespace
  
[0m03:24:25.189697 [debug] [ThreadPool]: Opening a new connection, currently in state init
[0m03:24:25.197610 [debug] [ThreadPool]: SQL status: SELECT 7 in 0.008 seconds
[0m03:24:25.199138 [debug] [ThreadPool]: On list_airflow: Close
[0m03:24:25.201525 [debug] [ThreadPool]: Re-using an available connection from the pool (formerly list_airflow, now list_airflow_driven_staging)
[0m03:24:25.207051 [debug] [ThreadPool]: Using postgres connection "list_airflow_driven_staging"
[0m03:24:25.207744 [debug] [ThreadPool]: On list_airflow_driven_staging: BEGIN
[0m03:24:25.208296 [debug] [ThreadPool]: Opening a new connection, currently in state closed
[0m03:24:25.214807 [debug] [ThreadPool]: SQL status: BEGIN in 0.006 seconds
[0m03:24:25.215880 [debug] [ThreadPool]: Using postgres connection "list_airflow_driven_staging"
[0m03:24:25.216515 [debug] [ThreadPool]: On list_airflow_driven_staging: /* {"app": "dbt", "dbt_version": "1.10.3", "profile_name": "default", "target_name": "dev", "connection_name": "list_airflow_driven_staging"} */
select
      'airflow' as database,
      tablename as name,
      schemaname as schema,
      'table' as type
    from pg_tables
    where schemaname ilike 'driven_staging'
    union all
    select
      'airflow' as database,
      viewname as name,
      schemaname as schema,
      'view' as type
    from pg_views
    where schemaname ilike 'driven_staging'
    union all
    select
      'airflow' as database,
      matviewname as name,
      schemaname as schema,
      'materialized_view' as type
    from pg_matviews
    where schemaname ilike 'driven_staging'
  
[0m03:24:25.220109 [debug] [ThreadPool]: SQL status: SELECT 5 in 0.003 seconds
[0m03:24:25.221867 [debug] [ThreadPool]: On list_airflow_driven_staging: ROLLBACK
[0m03:24:25.222558 [debug] [ThreadPool]: On list_airflow_driven_staging: Close
[0m03:24:25.223485 [debug] [ThreadPool]: Re-using an available connection from the pool (formerly list_airflow_driven_staging, now list_airflow_driven_trusted)
[0m03:24:25.226254 [debug] [ThreadPool]: Using postgres connection "list_airflow_driven_trusted"
[0m03:24:25.226734 [debug] [ThreadPool]: On list_airflow_driven_trusted: BEGIN
[0m03:24:25.227169 [debug] [ThreadPool]: Opening a new connection, currently in state closed
[0m03:24:25.232835 [debug] [ThreadPool]: SQL status: BEGIN in 0.006 seconds
[0m03:24:25.233602 [debug] [ThreadPool]: Using postgres connection "list_airflow_driven_trusted"
[0m03:24:25.234112 [debug] [ThreadPool]: On list_airflow_driven_trusted: /* {"app": "dbt", "dbt_version": "1.10.3", "profile_name": "default", "target_name": "dev", "connection_name": "list_airflow_driven_trusted"} */
select
      'airflow' as database,
      tablename as name,
      schemaname as schema,
      'table' as type
    from pg_tables
    where schemaname ilike 'driven_trusted'
    union all
    select
      'airflow' as database,
      viewname as name,
      schemaname as schema,
      'view' as type
    from pg_views
    where schemaname ilike 'driven_trusted'
    union all
    select
      'airflow' as database,
      matviewname as name,
      schemaname as schema,
      'materialized_view' as type
    from pg_matviews
    where schemaname ilike 'driven_trusted'
  
[0m03:24:25.239575 [debug] [ThreadPool]: SQL status: SELECT 4 in 0.005 seconds
[0m03:24:25.242140 [debug] [ThreadPool]: On list_airflow_driven_trusted: ROLLBACK
[0m03:24:25.244545 [debug] [ThreadPool]: On list_airflow_driven_trusted: Close
[0m03:24:25.253116 [debug] [MainThread]: Using postgres connection "master"
[0m03:24:25.254067 [debug] [MainThread]: On master: BEGIN
[0m03:24:25.254728 [debug] [MainThread]: Opening a new connection, currently in state init
[0m03:24:25.262020 [debug] [MainThread]: SQL status: BEGIN in 0.007 seconds
[0m03:24:25.263021 [debug] [MainThread]: Using postgres connection "master"
[0m03:24:25.263879 [debug] [MainThread]: On master: /* {"app": "dbt", "dbt_version": "1.10.3", "profile_name": "default", "target_name": "dev", "connection_name": "master"} */
with relation as (
        select
            pg_rewrite.ev_class as class,
            pg_rewrite.oid as id
        from pg_rewrite
    ),
    class as (
        select
            oid as id,
            relname as name,
            relnamespace as schema,
            relkind as kind
        from pg_class
    ),
    dependency as (
        select distinct
            pg_depend.objid as id,
            pg_depend.refobjid as ref
        from pg_depend
    ),
    schema as (
        select
            pg_namespace.oid as id,
            pg_namespace.nspname as name
        from pg_namespace
        where nspname != 'information_schema' and nspname not like 'pg\_%'
    ),
    referenced as (
        select
            relation.id AS id,
            referenced_class.name ,
            referenced_class.schema ,
            referenced_class.kind
        from relation
        join class as referenced_class on relation.class=referenced_class.id
        where referenced_class.kind in ('r', 'v', 'm')
    ),
    relationships as (
        select
            referenced.name as referenced_name,
            referenced.schema as referenced_schema_id,
            dependent_class.name as dependent_name,
            dependent_class.schema as dependent_schema_id,
            referenced.kind as kind
        from referenced
        join dependency on referenced.id=dependency.id
        join class as dependent_class on dependency.ref=dependent_class.id
        where
            (referenced.name != dependent_class.name or
             referenced.schema != dependent_class.schema)
    )

    select
        referenced_schema.name as referenced_schema,
        relationships.referenced_name as referenced_name,
        dependent_schema.name as dependent_schema,
        relationships.dependent_name as dependent_name
    from relationships
    join schema as dependent_schema on relationships.dependent_schema_id=dependent_schema.id
    join schema as referenced_schema on relationships.referenced_schema_id=referenced_schema.id
    group by referenced_schema, referenced_name, dependent_schema, dependent_name
    order by referenced_schema, referenced_name, dependent_schema, dependent_name;
[0m03:24:25.268962 [debug] [MainThread]: SQL status: SELECT 0 in 0.004 seconds
[0m03:24:25.271625 [debug] [MainThread]: Sending event: {'category': 'dbt', 'action': 'runnable_timing', 'label': '7fc3053e-3512-4e0d-a09a-b355adec8a80', 'context': [<snowplow_tracker.self_describing_json.SelfDescribingJson object at 0x7d991c52a720>]}
[0m03:24:25.272769 [debug] [MainThread]: On master: ROLLBACK
[0m03:24:25.273670 [debug] [MainThread]: Using postgres connection "master"
[0m03:24:25.274189 [debug] [MainThread]: On master: BEGIN
[0m03:24:25.274990 [debug] [MainThread]: SQL status: BEGIN in 0.000 seconds
[0m03:24:25.275535 [debug] [MainThread]: On master: COMMIT
[0m03:24:25.276181 [debug] [MainThread]: Using postgres connection "master"
[0m03:24:25.276819 [debug] [MainThread]: On master: COMMIT
[0m03:24:25.277729 [debug] [MainThread]: SQL status: COMMIT in 0.000 seconds
[0m03:24:25.278354 [debug] [MainThread]: On master: Close
[0m03:24:25.283030 [debug] [Thread-1 (]: Began running node model.dbt_driven_data.staging_dim_address
[0m03:24:25.283976 [info ] [Thread-1 (]: 1 of 5 START sql table model driven_staging.dim_address ........................ [RUN]
[0m03:24:25.285114 [debug] [Thread-1 (]: Re-using an available connection from the pool (formerly list_airflow_driven_trusted, now model.dbt_driven_data.staging_dim_address)
[0m03:24:25.285863 [debug] [Thread-1 (]: Began compiling node model.dbt_driven_data.staging_dim_address
[0m03:24:25.294772 [debug] [Thread-1 (]: Writing injected SQL for node "model.dbt_driven_data.staging_dim_address"
[0m03:24:25.301133 [debug] [Thread-1 (]: Began executing node model.dbt_driven_data.staging_dim_address
[0m03:24:25.339420 [debug] [Thread-1 (]: Writing runtime sql for node "model.dbt_driven_data.staging_dim_address"
[0m03:24:25.345982 [debug] [Thread-1 (]: Using postgres connection "model.dbt_driven_data.staging_dim_address"
[0m03:24:25.346911 [debug] [Thread-1 (]: On model.dbt_driven_data.staging_dim_address: BEGIN
[0m03:24:25.347513 [debug] [Thread-1 (]: Opening a new connection, currently in state closed
[0m03:24:25.353242 [debug] [Thread-1 (]: SQL status: BEGIN in 0.006 seconds
[0m03:24:25.354190 [debug] [Thread-1 (]: Using postgres connection "model.dbt_driven_data.staging_dim_address"
[0m03:24:25.354753 [debug] [Thread-1 (]: On model.dbt_driven_data.staging_dim_address: /* {"app": "dbt", "dbt_version": "1.10.3", "profile_name": "default", "target_name": "dev", "node_id": "model.dbt_driven_data.staging_dim_address"} */

  
    

  create  table "airflow"."driven_staging"."dim_address__dbt_tmp"
  
  
    as
  
  (
    
WITH source_data AS (
 SELECT
 unique_id,
 address,
 mac_address,
 ip_address
 FROM
 "airflow"."driven_raw"."raw_batch_data"
)
SELECT
 *
FROM
 source_data
  );
  
[0m03:24:25.364279 [debug] [Thread-1 (]: SQL status: SELECT 200 in 0.009 seconds
[0m03:24:25.373607 [debug] [Thread-1 (]: Using postgres connection "model.dbt_driven_data.staging_dim_address"
[0m03:24:25.374284 [debug] [Thread-1 (]: On model.dbt_driven_data.staging_dim_address: /* {"app": "dbt", "dbt_version": "1.10.3", "profile_name": "default", "target_name": "dev", "node_id": "model.dbt_driven_data.staging_dim_address"} */
alter table "airflow"."driven_staging"."dim_address" rename to "dim_address__dbt_backup"
[0m03:24:25.375649 [debug] [Thread-1 (]: SQL status: ALTER TABLE in 0.001 seconds
[0m03:24:25.378755 [debug] [Thread-1 (]: Using postgres connection "model.dbt_driven_data.staging_dim_address"
[0m03:24:25.379285 [debug] [Thread-1 (]: On model.dbt_driven_data.staging_dim_address: /* {"app": "dbt", "dbt_version": "1.10.3", "profile_name": "default", "target_name": "dev", "node_id": "model.dbt_driven_data.staging_dim_address"} */
alter table "airflow"."driven_staging"."dim_address__dbt_tmp" rename to "dim_address"
[0m03:24:25.380121 [debug] [Thread-1 (]: SQL status: ALTER TABLE in 0.000 seconds
[0m03:24:25.394217 [debug] [Thread-1 (]: On model.dbt_driven_data.staging_dim_address: COMMIT
[0m03:24:25.394943 [debug] [Thread-1 (]: Using postgres connection "model.dbt_driven_data.staging_dim_address"
[0m03:24:25.395467 [debug] [Thread-1 (]: On model.dbt_driven_data.staging_dim_address: COMMIT
[0m03:24:25.399275 [debug] [Thread-1 (]: SQL status: COMMIT in 0.003 seconds
[0m03:24:25.405771 [debug] [Thread-1 (]: Applying DROP to: "airflow"."driven_staging"."dim_address__dbt_backup"
[0m03:24:25.411039 [debug] [Thread-1 (]: Using postgres connection "model.dbt_driven_data.staging_dim_address"
[0m03:24:25.411626 [debug] [Thread-1 (]: On model.dbt_driven_data.staging_dim_address: /* {"app": "dbt", "dbt_version": "1.10.3", "profile_name": "default", "target_name": "dev", "node_id": "model.dbt_driven_data.staging_dim_address"} */
drop table if exists "airflow"."driven_staging"."dim_address__dbt_backup" cascade
[0m03:24:25.419100 [debug] [Thread-1 (]: SQL status: DROP TABLE in 0.007 seconds
[0m03:24:25.421665 [debug] [Thread-1 (]: On model.dbt_driven_data.staging_dim_address: Close
[0m03:24:25.423464 [debug] [Thread-1 (]: Sending event: {'category': 'dbt', 'action': 'run_model', 'label': '7fc3053e-3512-4e0d-a09a-b355adec8a80', 'context': [<snowplow_tracker.self_describing_json.SelfDescribingJson object at 0x7d991f498830>]}
[0m03:24:25.424408 [info ] [Thread-1 (]: 1 of 5 OK created sql table model driven_staging.dim_address ................... [[32mSELECT 200[0m in 0.14s]
[0m03:24:25.425377 [debug] [Thread-1 (]: Finished running node model.dbt_driven_data.staging_dim_address
[0m03:24:25.425996 [debug] [Thread-1 (]: Began running node model.dbt_driven_data.staging_dim_date
[0m03:24:25.426615 [info ] [Thread-1 (]: 2 of 5 START sql table model driven_staging.dim_date ........................... [RUN]
[0m03:24:25.427277 [debug] [Thread-1 (]: Re-using an available connection from the pool (formerly model.dbt_driven_data.staging_dim_address, now model.dbt_driven_data.staging_dim_date)
[0m03:24:25.427759 [debug] [Thread-1 (]: Began compiling node model.dbt_driven_data.staging_dim_date
[0m03:24:25.431063 [debug] [Thread-1 (]: Writing injected SQL for node "model.dbt_driven_data.staging_dim_date"
[0m03:24:25.436484 [debug] [Thread-1 (]: Began executing node model.dbt_driven_data.staging_dim_date
[0m03:24:25.440595 [debug] [Thread-1 (]: Writing runtime sql for node "model.dbt_driven_data.staging_dim_date"
[0m03:24:25.446597 [debug] [Thread-1 (]: Using postgres connection "model.dbt_driven_data.staging_dim_date"
[0m03:24:25.447177 [debug] [Thread-1 (]: On model.dbt_driven_data.staging_dim_date: BEGIN
[0m03:24:25.447639 [debug] [Thread-1 (]: Opening a new connection, currently in state closed
[0m03:24:25.453577 [debug] [Thread-1 (]: SQL status: BEGIN in 0.006 seconds
[0m03:24:25.454428 [debug] [Thread-1 (]: Using postgres connection "model.dbt_driven_data.staging_dim_date"
[0m03:24:25.455100 [debug] [Thread-1 (]: On model.dbt_driven_data.staging_dim_date: /* {"app": "dbt", "dbt_version": "1.10.3", "profile_name": "default", "target_name": "dev", "node_id": "model.dbt_driven_data.staging_dim_date"} */

  
    

  create  table "airflow"."driven_staging"."dim_date__dbt_tmp"
  
  
    as
  
  (
    
WITH source_data AS (
 SELECT
 unique_id,
 accessed_at
 FROM
 "airflow"."driven_raw"."raw_batch_data"
)
SELECT
 *
FROM
 source_data
  );
  
[0m03:24:25.458635 [debug] [Thread-1 (]: SQL status: SELECT 200 in 0.003 seconds
[0m03:24:25.462422 [debug] [Thread-1 (]: Using postgres connection "model.dbt_driven_data.staging_dim_date"
[0m03:24:25.462946 [debug] [Thread-1 (]: On model.dbt_driven_data.staging_dim_date: /* {"app": "dbt", "dbt_version": "1.10.3", "profile_name": "default", "target_name": "dev", "node_id": "model.dbt_driven_data.staging_dim_date"} */
alter table "airflow"."driven_staging"."dim_date" rename to "dim_date__dbt_backup"
[0m03:24:25.463774 [debug] [Thread-1 (]: SQL status: ALTER TABLE in 0.000 seconds
[0m03:24:25.466487 [debug] [Thread-1 (]: Using postgres connection "model.dbt_driven_data.staging_dim_date"
[0m03:24:25.467001 [debug] [Thread-1 (]: On model.dbt_driven_data.staging_dim_date: /* {"app": "dbt", "dbt_version": "1.10.3", "profile_name": "default", "target_name": "dev", "node_id": "model.dbt_driven_data.staging_dim_date"} */
alter table "airflow"."driven_staging"."dim_date__dbt_tmp" rename to "dim_date"
[0m03:24:25.467752 [debug] [Thread-1 (]: SQL status: ALTER TABLE in 0.000 seconds
[0m03:24:25.469281 [debug] [Thread-1 (]: On model.dbt_driven_data.staging_dim_date: COMMIT
[0m03:24:25.469744 [debug] [Thread-1 (]: Using postgres connection "model.dbt_driven_data.staging_dim_date"
[0m03:24:25.470189 [debug] [Thread-1 (]: On model.dbt_driven_data.staging_dim_date: COMMIT
[0m03:24:25.472111 [debug] [Thread-1 (]: SQL status: COMMIT in 0.001 seconds
[0m03:24:25.475129 [debug] [Thread-1 (]: Applying DROP to: "airflow"."driven_staging"."dim_date__dbt_backup"
[0m03:24:25.477287 [debug] [Thread-1 (]: Using postgres connection "model.dbt_driven_data.staging_dim_date"
[0m03:24:25.477848 [debug] [Thread-1 (]: On model.dbt_driven_data.staging_dim_date: /* {"app": "dbt", "dbt_version": "1.10.3", "profile_name": "default", "target_name": "dev", "node_id": "model.dbt_driven_data.staging_dim_date"} */
drop table if exists "airflow"."driven_staging"."dim_date__dbt_backup" cascade
[0m03:24:25.481514 [debug] [Thread-1 (]: SQL status: DROP TABLE in 0.003 seconds
[0m03:24:25.483119 [debug] [Thread-1 (]: On model.dbt_driven_data.staging_dim_date: Close
[0m03:24:25.483866 [debug] [Thread-1 (]: Sending event: {'category': 'dbt', 'action': 'run_model', 'label': '7fc3053e-3512-4e0d-a09a-b355adec8a80', 'context': [<snowplow_tracker.self_describing_json.SelfDescribingJson object at 0x7d9919de6ff0>]}
[0m03:24:25.484585 [info ] [Thread-1 (]: 2 of 5 OK created sql table model driven_staging.dim_date ...................... [[32mSELECT 200[0m in 0.06s]
[0m03:24:25.485475 [debug] [Thread-1 (]: Finished running node model.dbt_driven_data.staging_dim_date
[0m03:24:25.486122 [debug] [Thread-1 (]: Began running node model.dbt_driven_data.staging_dim_finance
[0m03:24:25.486762 [info ] [Thread-1 (]: 3 of 5 START sql table model driven_staging.dim_finance ........................ [RUN]
[0m03:24:25.487404 [debug] [Thread-1 (]: Re-using an available connection from the pool (formerly model.dbt_driven_data.staging_dim_date, now model.dbt_driven_data.staging_dim_finance)
[0m03:24:25.488068 [debug] [Thread-1 (]: Began compiling node model.dbt_driven_data.staging_dim_finance
[0m03:24:25.491231 [debug] [Thread-1 (]: Writing injected SQL for node "model.dbt_driven_data.staging_dim_finance"
[0m03:24:25.496959 [debug] [Thread-1 (]: Began executing node model.dbt_driven_data.staging_dim_finance
[0m03:24:25.500556 [debug] [Thread-1 (]: Writing runtime sql for node "model.dbt_driven_data.staging_dim_finance"
[0m03:24:25.505747 [debug] [Thread-1 (]: Using postgres connection "model.dbt_driven_data.staging_dim_finance"
[0m03:24:25.506361 [debug] [Thread-1 (]: On model.dbt_driven_data.staging_dim_finance: BEGIN
[0m03:24:25.506827 [debug] [Thread-1 (]: Opening a new connection, currently in state closed
[0m03:24:25.512428 [debug] [Thread-1 (]: SQL status: BEGIN in 0.005 seconds
[0m03:24:25.513235 [debug] [Thread-1 (]: Using postgres connection "model.dbt_driven_data.staging_dim_finance"
[0m03:24:25.513769 [debug] [Thread-1 (]: On model.dbt_driven_data.staging_dim_finance: /* {"app": "dbt", "dbt_version": "1.10.3", "profile_name": "default", "target_name": "dev", "node_id": "model.dbt_driven_data.staging_dim_finance"} */

  
    

  create  table "airflow"."driven_staging"."dim_finance__dbt_tmp"
  
  
    as
  
  (
    
WITH source_data AS (
 SELECT
 unique_id,
 iban
 FROM
 "airflow"."driven_raw"."raw_batch_data"
)
SELECT
 *
FROM
 source_data
  );
  
[0m03:24:25.516690 [debug] [Thread-1 (]: SQL status: SELECT 200 in 0.002 seconds
[0m03:24:25.519993 [debug] [Thread-1 (]: Using postgres connection "model.dbt_driven_data.staging_dim_finance"
[0m03:24:25.520552 [debug] [Thread-1 (]: On model.dbt_driven_data.staging_dim_finance: /* {"app": "dbt", "dbt_version": "1.10.3", "profile_name": "default", "target_name": "dev", "node_id": "model.dbt_driven_data.staging_dim_finance"} */
alter table "airflow"."driven_staging"."dim_finance" rename to "dim_finance__dbt_backup"
[0m03:24:25.521459 [debug] [Thread-1 (]: SQL status: ALTER TABLE in 0.000 seconds
[0m03:24:25.524591 [debug] [Thread-1 (]: Using postgres connection "model.dbt_driven_data.staging_dim_finance"
[0m03:24:25.525119 [debug] [Thread-1 (]: On model.dbt_driven_data.staging_dim_finance: /* {"app": "dbt", "dbt_version": "1.10.3", "profile_name": "default", "target_name": "dev", "node_id": "model.dbt_driven_data.staging_dim_finance"} */
alter table "airflow"."driven_staging"."dim_finance__dbt_tmp" rename to "dim_finance"
[0m03:24:25.525947 [debug] [Thread-1 (]: SQL status: ALTER TABLE in 0.000 seconds
[0m03:24:25.527466 [debug] [Thread-1 (]: On model.dbt_driven_data.staging_dim_finance: COMMIT
[0m03:24:25.527985 [debug] [Thread-1 (]: Using postgres connection "model.dbt_driven_data.staging_dim_finance"
[0m03:24:25.528475 [debug] [Thread-1 (]: On model.dbt_driven_data.staging_dim_finance: COMMIT
[0m03:24:25.530395 [debug] [Thread-1 (]: SQL status: COMMIT in 0.001 seconds
[0m03:24:25.532811 [debug] [Thread-1 (]: Applying DROP to: "airflow"."driven_staging"."dim_finance__dbt_backup"
[0m03:24:25.533676 [debug] [Thread-1 (]: Using postgres connection "model.dbt_driven_data.staging_dim_finance"
[0m03:24:25.534146 [debug] [Thread-1 (]: On model.dbt_driven_data.staging_dim_finance: /* {"app": "dbt", "dbt_version": "1.10.3", "profile_name": "default", "target_name": "dev", "node_id": "model.dbt_driven_data.staging_dim_finance"} */
drop table if exists "airflow"."driven_staging"."dim_finance__dbt_backup" cascade
[0m03:24:25.537068 [debug] [Thread-1 (]: SQL status: DROP TABLE in 0.002 seconds
[0m03:24:25.538672 [debug] [Thread-1 (]: On model.dbt_driven_data.staging_dim_finance: Close
[0m03:24:25.539427 [debug] [Thread-1 (]: Sending event: {'category': 'dbt', 'action': 'run_model', 'label': '7fc3053e-3512-4e0d-a09a-b355adec8a80', 'context': [<snowplow_tracker.self_describing_json.SelfDescribingJson object at 0x7d9919de7d10>]}
[0m03:24:25.540139 [info ] [Thread-1 (]: 3 of 5 OK created sql table model driven_staging.dim_finance ................... [[32mSELECT 200[0m in 0.05s]
[0m03:24:25.541008 [debug] [Thread-1 (]: Finished running node model.dbt_driven_data.staging_dim_finance
[0m03:24:25.541632 [debug] [Thread-1 (]: Began running node model.dbt_driven_data.staging_dim_person
[0m03:24:25.542372 [info ] [Thread-1 (]: 4 of 5 START sql table model driven_staging.dim_person ......................... [RUN]
[0m03:24:25.542997 [debug] [Thread-1 (]: Re-using an available connection from the pool (formerly model.dbt_driven_data.staging_dim_finance, now model.dbt_driven_data.staging_dim_person)
[0m03:24:25.543534 [debug] [Thread-1 (]: Began compiling node model.dbt_driven_data.staging_dim_person
[0m03:24:25.546808 [debug] [Thread-1 (]: Writing injected SQL for node "model.dbt_driven_data.staging_dim_person"
[0m03:24:25.552586 [debug] [Thread-1 (]: Began executing node model.dbt_driven_data.staging_dim_person
[0m03:24:25.556296 [debug] [Thread-1 (]: Writing runtime sql for node "model.dbt_driven_data.staging_dim_person"
[0m03:24:25.561685 [debug] [Thread-1 (]: Using postgres connection "model.dbt_driven_data.staging_dim_person"
[0m03:24:25.562351 [debug] [Thread-1 (]: On model.dbt_driven_data.staging_dim_person: BEGIN
[0m03:24:25.562828 [debug] [Thread-1 (]: Opening a new connection, currently in state closed
[0m03:24:25.570150 [debug] [Thread-1 (]: SQL status: BEGIN in 0.007 seconds
[0m03:24:25.571257 [debug] [Thread-1 (]: Using postgres connection "model.dbt_driven_data.staging_dim_person"
[0m03:24:25.571943 [debug] [Thread-1 (]: On model.dbt_driven_data.staging_dim_person: /* {"app": "dbt", "dbt_version": "1.10.3", "profile_name": "default", "target_name": "dev", "node_id": "model.dbt_driven_data.staging_dim_person"} */

  
    

  create  table "airflow"."driven_staging"."dim_person__dbt_tmp"
  
  
    as
  
  (
    
WITH source_data AS (
 SELECT
 unique_id,
 person_name,
 user_name,
 email,
 phone,
 birth_date,
 personal_number
 FROM
 "airflow"."driven_raw"."raw_batch_data"
)
SELECT
 *
FROM
 source_data
  );
  
[0m03:24:25.578839 [debug] [Thread-1 (]: SQL status: SELECT 200 in 0.006 seconds
[0m03:24:25.582304 [debug] [Thread-1 (]: Using postgres connection "model.dbt_driven_data.staging_dim_person"
[0m03:24:25.582861 [debug] [Thread-1 (]: On model.dbt_driven_data.staging_dim_person: /* {"app": "dbt", "dbt_version": "1.10.3", "profile_name": "default", "target_name": "dev", "node_id": "model.dbt_driven_data.staging_dim_person"} */
alter table "airflow"."driven_staging"."dim_person" rename to "dim_person__dbt_backup"
[0m03:24:25.583881 [debug] [Thread-1 (]: SQL status: ALTER TABLE in 0.001 seconds
[0m03:24:25.587185 [debug] [Thread-1 (]: Using postgres connection "model.dbt_driven_data.staging_dim_person"
[0m03:24:25.587755 [debug] [Thread-1 (]: On model.dbt_driven_data.staging_dim_person: /* {"app": "dbt", "dbt_version": "1.10.3", "profile_name": "default", "target_name": "dev", "node_id": "model.dbt_driven_data.staging_dim_person"} */
alter table "airflow"."driven_staging"."dim_person__dbt_tmp" rename to "dim_person"
[0m03:24:25.588669 [debug] [Thread-1 (]: SQL status: ALTER TABLE in 0.000 seconds
[0m03:24:25.590263 [debug] [Thread-1 (]: On model.dbt_driven_data.staging_dim_person: COMMIT
[0m03:24:25.590815 [debug] [Thread-1 (]: Using postgres connection "model.dbt_driven_data.staging_dim_person"
[0m03:24:25.591378 [debug] [Thread-1 (]: On model.dbt_driven_data.staging_dim_person: COMMIT
[0m03:24:25.593840 [debug] [Thread-1 (]: SQL status: COMMIT in 0.002 seconds
[0m03:24:25.598210 [debug] [Thread-1 (]: Applying DROP to: "airflow"."driven_staging"."dim_person__dbt_backup"
[0m03:24:25.600002 [debug] [Thread-1 (]: Using postgres connection "model.dbt_driven_data.staging_dim_person"
[0m03:24:25.601736 [debug] [Thread-1 (]: On model.dbt_driven_data.staging_dim_person: /* {"app": "dbt", "dbt_version": "1.10.3", "profile_name": "default", "target_name": "dev", "node_id": "model.dbt_driven_data.staging_dim_person"} */
drop table if exists "airflow"."driven_staging"."dim_person__dbt_backup" cascade
[0m03:24:25.606964 [debug] [Thread-1 (]: SQL status: DROP TABLE in 0.004 seconds
[0m03:24:25.608764 [debug] [Thread-1 (]: On model.dbt_driven_data.staging_dim_person: Close
[0m03:24:25.609596 [debug] [Thread-1 (]: Sending event: {'category': 'dbt', 'action': 'run_model', 'label': '7fc3053e-3512-4e0d-a09a-b355adec8a80', 'context': [<snowplow_tracker.self_describing_json.SelfDescribingJson object at 0x7d991a9d0f50>]}
[0m03:24:25.610623 [info ] [Thread-1 (]: 4 of 5 OK created sql table model driven_staging.dim_person .................... [[32mSELECT 200[0m in 0.07s]
[0m03:24:25.611393 [debug] [Thread-1 (]: Finished running node model.dbt_driven_data.staging_dim_person
[0m03:24:25.611973 [debug] [Thread-1 (]: Began running node model.dbt_driven_data.staging_fact_network_usage
[0m03:24:25.612603 [info ] [Thread-1 (]: 5 of 5 START sql table model driven_staging.fact_network_usage ................. [RUN]
[0m03:24:25.613220 [debug] [Thread-1 (]: Re-using an available connection from the pool (formerly model.dbt_driven_data.staging_dim_person, now model.dbt_driven_data.staging_fact_network_usage)
[0m03:24:25.613750 [debug] [Thread-1 (]: Began compiling node model.dbt_driven_data.staging_fact_network_usage
[0m03:24:25.617031 [debug] [Thread-1 (]: Writing injected SQL for node "model.dbt_driven_data.staging_fact_network_usage"
[0m03:24:25.622961 [debug] [Thread-1 (]: Began executing node model.dbt_driven_data.staging_fact_network_usage
[0m03:24:25.628588 [debug] [Thread-1 (]: Writing runtime sql for node "model.dbt_driven_data.staging_fact_network_usage"
[0m03:24:25.634842 [debug] [Thread-1 (]: Using postgres connection "model.dbt_driven_data.staging_fact_network_usage"
[0m03:24:25.635623 [debug] [Thread-1 (]: On model.dbt_driven_data.staging_fact_network_usage: BEGIN
[0m03:24:25.636190 [debug] [Thread-1 (]: Opening a new connection, currently in state closed
[0m03:24:25.643883 [debug] [Thread-1 (]: SQL status: BEGIN in 0.008 seconds
[0m03:24:25.644730 [debug] [Thread-1 (]: Using postgres connection "model.dbt_driven_data.staging_fact_network_usage"
[0m03:24:25.645319 [debug] [Thread-1 (]: On model.dbt_driven_data.staging_fact_network_usage: /* {"app": "dbt", "dbt_version": "1.10.3", "profile_name": "default", "target_name": "dev", "node_id": "model.dbt_driven_data.staging_fact_network_usage"} */

  
    

  create  table "airflow"."driven_staging"."fact_network_usage__dbt_tmp"
  
  
    as
  
  (
    
WITH source_data AS (
 SELECT
 unique_id,
 session_duration,
 download_speed,
 upload_speed,
 consumed_traffic
 FROM
 "airflow"."driven_raw"."raw_batch_data"
)
SELECT
 *
FROM
 source_data
  );
  
[0m03:24:25.648898 [debug] [Thread-1 (]: SQL status: SELECT 200 in 0.003 seconds
[0m03:24:25.652556 [debug] [Thread-1 (]: Using postgres connection "model.dbt_driven_data.staging_fact_network_usage"
[0m03:24:25.653243 [debug] [Thread-1 (]: On model.dbt_driven_data.staging_fact_network_usage: /* {"app": "dbt", "dbt_version": "1.10.3", "profile_name": "default", "target_name": "dev", "node_id": "model.dbt_driven_data.staging_fact_network_usage"} */
alter table "airflow"."driven_staging"."fact_network_usage" rename to "fact_network_usage__dbt_backup"
[0m03:24:25.654288 [debug] [Thread-1 (]: SQL status: ALTER TABLE in 0.000 seconds
[0m03:24:25.657447 [debug] [Thread-1 (]: Using postgres connection "model.dbt_driven_data.staging_fact_network_usage"
[0m03:24:25.658008 [debug] [Thread-1 (]: On model.dbt_driven_data.staging_fact_network_usage: /* {"app": "dbt", "dbt_version": "1.10.3", "profile_name": "default", "target_name": "dev", "node_id": "model.dbt_driven_data.staging_fact_network_usage"} */
alter table "airflow"."driven_staging"."fact_network_usage__dbt_tmp" rename to "fact_network_usage"
[0m03:24:25.658936 [debug] [Thread-1 (]: SQL status: ALTER TABLE in 0.000 seconds
[0m03:24:25.660935 [debug] [Thread-1 (]: On model.dbt_driven_data.staging_fact_network_usage: COMMIT
[0m03:24:25.661519 [debug] [Thread-1 (]: Using postgres connection "model.dbt_driven_data.staging_fact_network_usage"
[0m03:24:25.662001 [debug] [Thread-1 (]: On model.dbt_driven_data.staging_fact_network_usage: COMMIT
[0m03:24:25.663966 [debug] [Thread-1 (]: SQL status: COMMIT in 0.001 seconds
[0m03:24:25.666486 [debug] [Thread-1 (]: Applying DROP to: "airflow"."driven_staging"."fact_network_usage__dbt_backup"
[0m03:24:25.667547 [debug] [Thread-1 (]: Using postgres connection "model.dbt_driven_data.staging_fact_network_usage"
[0m03:24:25.668128 [debug] [Thread-1 (]: On model.dbt_driven_data.staging_fact_network_usage: /* {"app": "dbt", "dbt_version": "1.10.3", "profile_name": "default", "target_name": "dev", "node_id": "model.dbt_driven_data.staging_fact_network_usage"} */
drop table if exists "airflow"."driven_staging"."fact_network_usage__dbt_backup" cascade
[0m03:24:25.670613 [debug] [Thread-1 (]: SQL status: DROP TABLE in 0.002 seconds
[0m03:24:25.672263 [debug] [Thread-1 (]: On model.dbt_driven_data.staging_fact_network_usage: Close
[0m03:24:25.673333 [debug] [Thread-1 (]: Sending event: {'category': 'dbt', 'action': 'run_model', 'label': '7fc3053e-3512-4e0d-a09a-b355adec8a80', 'context': [<snowplow_tracker.self_describing_json.SelfDescribingJson object at 0x7d9918442390>]}
[0m03:24:25.674250 [info ] [Thread-1 (]: 5 of 5 OK created sql table model driven_staging.fact_network_usage ............ [[32mSELECT 200[0m in 0.06s]
[0m03:24:25.675546 [debug] [Thread-1 (]: Finished running node model.dbt_driven_data.staging_fact_network_usage
[0m03:24:25.677598 [debug] [MainThread]: Using postgres connection "master"
[0m03:24:25.678121 [debug] [MainThread]: On master: BEGIN
[0m03:24:25.678595 [debug] [MainThread]: Opening a new connection, currently in state closed
[0m03:24:25.685272 [debug] [MainThread]: SQL status: BEGIN in 0.007 seconds
[0m03:24:25.686131 [debug] [MainThread]: On master: COMMIT
[0m03:24:25.686683 [debug] [MainThread]: Using postgres connection "master"
[0m03:24:25.687198 [debug] [MainThread]: On master: COMMIT
[0m03:24:25.687885 [debug] [MainThread]: SQL status: COMMIT in 0.000 seconds
[0m03:24:25.688529 [debug] [MainThread]: On master: Close
[0m03:24:25.689258 [debug] [MainThread]: Connection 'master' was properly closed.
[0m03:24:25.689820 [debug] [MainThread]: Connection 'model.dbt_driven_data.staging_fact_network_usage' was properly closed.
[0m03:24:25.690576 [info ] [MainThread]: 
[0m03:24:25.691212 [info ] [MainThread]: Finished running 5 table models in 0 hours 0 minutes and 0.56 seconds (0.56s).
[0m03:24:25.692915 [debug] [MainThread]: Command end result
[0m03:24:25.725258 [debug] [MainThread]: Wrote artifact WritableManifest to /opt/airflow/dbt/target/manifest.json
[0m03:24:25.730134 [debug] [MainThread]: Wrote artifact SemanticManifest to /opt/airflow/dbt/target/semantic_manifest.json
[0m03:24:25.740430 [debug] [MainThread]: Wrote artifact RunExecutionResult to /opt/airflow/dbt/target/run_results.json
[0m03:24:25.741048 [info ] [MainThread]: 
[0m03:24:25.741601 [info ] [MainThread]: [32mCompleted successfully[0m
[0m03:24:25.742199 [info ] [MainThread]: 
[0m03:24:25.742864 [info ] [MainThread]: Done. PASS=5 WARN=0 ERROR=0 SKIP=0 NO-OP=0 TOTAL=5
[0m03:24:25.744563 [debug] [MainThread]: Resource report: {"command_name": "run", "command_success": true, "command_wall_clock_time": 1.5132992, "process_in_blocks": "32", "process_kernel_time": 0.499552, "process_mem_max_rss": "123696", "process_out_blocks": "0", "process_user_time": 2.741544}
[0m03:24:25.745418 [debug] [MainThread]: Command `dbt run` succeeded at 03:24:25.745305 after 1.51 seconds
[0m03:24:25.745992 [debug] [MainThread]: Sending event: {'category': 'dbt', 'action': 'invocation', 'label': 'end', 'context': [<snowplow_tracker.self_describing_json.SelfDescribingJson object at 0x7d991d7516d0>, <snowplow_tracker.self_describing_json.SelfDescribingJson object at 0x7d991c52b080>, <snowplow_tracker.self_describing_json.SelfDescribingJson object at 0x7d991b10c590>]}
[0m03:24:25.746565 [debug] [MainThread]: Flushing usage events
[0m03:24:26.292194 [debug] [MainThread]: An error was encountered while trying to flush usage events
[0m03:24:30.850659 [debug] [MainThread]: Sending event: {'category': 'dbt', 'action': 'invocation', 'label': 'start', 'context': [<snowplow_tracker.self_describing_json.SelfDescribingJson object at 0x7c44f19b5d60>, <snowplow_tracker.self_describing_json.SelfDescribingJson object at 0x7c44efb87f20>, <snowplow_tracker.self_describing_json.SelfDescribingJson object at 0x7c44f0729ee0>]}


============================== 03:24:30.857546 | 4d24162c-29e5-4b8c-863d-f93e314e5d07 ==============================
[0m03:24:30.857546 [info ] [MainThread]: Running with dbt=1.10.3
[0m03:24:30.858283 [debug] [MainThread]: running dbt with arguments {'printer_width': '80', 'indirect_selection': 'eager', 'log_cache_events': 'False', 'write_json': 'True', 'partial_parse': 'True', 'cache_selected_only': 'False', 'warn_error': 'None', 'version_check': 'True', 'profiles_dir': '/opt/airflow/dbt', 'log_path': '/opt/airflow/dbt/logs', 'debug': 'False', 'fail_fast': 'False', 'use_colors': 'True', 'use_experimental_parser': 'False', 'no_print': 'None', 'quiet': 'False', 'empty': 'False', 'warn_error_options': 'WarnErrorOptionsV2(error=[], warn=[], silence=[])', 'static_parser': 'True', 'log_format': 'default', 'introspect': 'True', 'target_path': 'None', 'invocation_command': 'dbt run --select tag:trusted', 'send_anonymous_usage_stats': 'True'}
[0m03:24:31.086417 [debug] [MainThread]: Sending event: {'category': 'dbt', 'action': 'project_id', 'label': '4d24162c-29e5-4b8c-863d-f93e314e5d07', 'context': [<snowplow_tracker.self_describing_json.SelfDescribingJson object at 0x7c44eed75730>]}
[0m03:24:31.152227 [debug] [MainThread]: Sending event: {'category': 'dbt', 'action': 'adapter_info', 'label': '4d24162c-29e5-4b8c-863d-f93e314e5d07', 'context': [<snowplow_tracker.self_describing_json.SelfDescribingJson object at 0x7c44eed394f0>]}
[0m03:24:31.153983 [info ] [MainThread]: Registered adapter: postgres=1.9.0
[0m03:24:31.288009 [debug] [MainThread]: checksum: 1bfacb87e6914c9942cfa2c4badfc1df19d859fe8ec086286ef238a7d920f97b, vars: {}, profile: , target: , version: 1.10.3
[0m03:24:31.623247 [debug] [MainThread]: Partial parsing enabled: 0 files deleted, 0 files added, 0 files changed.
[0m03:24:31.624398 [debug] [MainThread]: Partial parsing enabled, no changes found, skipping parsing
[0m03:24:31.671878 [debug] [MainThread]: Sending event: {'category': 'dbt', 'action': 'load_project', 'label': '4d24162c-29e5-4b8c-863d-f93e314e5d07', 'context': [<snowplow_tracker.self_describing_json.SelfDescribingJson object at 0x7c44ee9373b0>]}
[0m03:24:31.770093 [debug] [MainThread]: Wrote artifact WritableManifest to /opt/airflow/dbt/target/manifest.json
[0m03:24:31.777790 [debug] [MainThread]: Wrote artifact SemanticManifest to /opt/airflow/dbt/target/semantic_manifest.json
[0m03:24:31.825767 [debug] [MainThread]: Sending event: {'category': 'dbt', 'action': 'resource_counts', 'label': '4d24162c-29e5-4b8c-863d-f93e314e5d07', 'context': [<snowplow_tracker.self_describing_json.SelfDescribingJson object at 0x7c44edd82720>]}
[0m03:24:31.827126 [info ] [MainThread]: Found 9 models, 11 sources, 433 macros
[0m03:24:31.828071 [debug] [MainThread]: Sending event: {'category': 'dbt', 'action': 'runnable_timing', 'label': '4d24162c-29e5-4b8c-863d-f93e314e5d07', 'context': [<snowplow_tracker.self_describing_json.SelfDescribingJson object at 0x7c44f1270f20>]}
[0m03:24:31.831647 [info ] [MainThread]: 
[0m03:24:31.832572 [info ] [MainThread]: Concurrency: 1 threads (target='dev')
[0m03:24:31.833206 [info ] [MainThread]: 
[0m03:24:31.834431 [debug] [MainThread]: Acquiring new postgres connection 'master'
[0m03:24:31.840575 [debug] [ThreadPool]: Acquiring new postgres connection 'list_airflow'
[0m03:24:31.889470 [debug] [ThreadPool]: Using postgres connection "list_airflow"
[0m03:24:31.890648 [debug] [ThreadPool]: On list_airflow: /* {"app": "dbt", "dbt_version": "1.10.3", "profile_name": "default", "target_name": "dev", "connection_name": "list_airflow"} */

    select distinct nspname from pg_namespace
  
[0m03:24:31.891295 [debug] [ThreadPool]: Opening a new connection, currently in state init
[0m03:24:31.898559 [debug] [ThreadPool]: SQL status: SELECT 7 in 0.007 seconds
[0m03:24:31.900368 [debug] [ThreadPool]: On list_airflow: Close
[0m03:24:31.904184 [debug] [ThreadPool]: Re-using an available connection from the pool (formerly list_airflow, now list_airflow_driven_staging)
[0m03:24:31.910480 [debug] [ThreadPool]: Using postgres connection "list_airflow_driven_staging"
[0m03:24:31.911342 [debug] [ThreadPool]: On list_airflow_driven_staging: BEGIN
[0m03:24:31.912022 [debug] [ThreadPool]: Opening a new connection, currently in state closed
[0m03:24:31.918513 [debug] [ThreadPool]: SQL status: BEGIN in 0.006 seconds
[0m03:24:31.919362 [debug] [ThreadPool]: Using postgres connection "list_airflow_driven_staging"
[0m03:24:31.920123 [debug] [ThreadPool]: On list_airflow_driven_staging: /* {"app": "dbt", "dbt_version": "1.10.3", "profile_name": "default", "target_name": "dev", "connection_name": "list_airflow_driven_staging"} */
select
      'airflow' as database,
      tablename as name,
      schemaname as schema,
      'table' as type
    from pg_tables
    where schemaname ilike 'driven_staging'
    union all
    select
      'airflow' as database,
      viewname as name,
      schemaname as schema,
      'view' as type
    from pg_views
    where schemaname ilike 'driven_staging'
    union all
    select
      'airflow' as database,
      matviewname as name,
      schemaname as schema,
      'materialized_view' as type
    from pg_matviews
    where schemaname ilike 'driven_staging'
  
[0m03:24:31.923770 [debug] [ThreadPool]: SQL status: SELECT 5 in 0.003 seconds
[0m03:24:31.925828 [debug] [ThreadPool]: On list_airflow_driven_staging: ROLLBACK
[0m03:24:31.926493 [debug] [ThreadPool]: On list_airflow_driven_staging: Close
[0m03:24:31.927246 [debug] [ThreadPool]: Re-using an available connection from the pool (formerly list_airflow_driven_staging, now list_airflow_driven_trusted)
[0m03:24:31.930112 [debug] [ThreadPool]: Using postgres connection "list_airflow_driven_trusted"
[0m03:24:31.930642 [debug] [ThreadPool]: On list_airflow_driven_trusted: BEGIN
[0m03:24:31.931079 [debug] [ThreadPool]: Opening a new connection, currently in state closed
[0m03:24:31.936856 [debug] [ThreadPool]: SQL status: BEGIN in 0.006 seconds
[0m03:24:31.938036 [debug] [ThreadPool]: Using postgres connection "list_airflow_driven_trusted"
[0m03:24:31.938590 [debug] [ThreadPool]: On list_airflow_driven_trusted: /* {"app": "dbt", "dbt_version": "1.10.3", "profile_name": "default", "target_name": "dev", "connection_name": "list_airflow_driven_trusted"} */
select
      'airflow' as database,
      tablename as name,
      schemaname as schema,
      'table' as type
    from pg_tables
    where schemaname ilike 'driven_trusted'
    union all
    select
      'airflow' as database,
      viewname as name,
      schemaname as schema,
      'view' as type
    from pg_views
    where schemaname ilike 'driven_trusted'
    union all
    select
      'airflow' as database,
      matviewname as name,
      schemaname as schema,
      'materialized_view' as type
    from pg_matviews
    where schemaname ilike 'driven_trusted'
  
[0m03:24:31.943305 [debug] [ThreadPool]: SQL status: SELECT 4 in 0.004 seconds
[0m03:24:31.945544 [debug] [ThreadPool]: On list_airflow_driven_trusted: ROLLBACK
[0m03:24:31.946318 [debug] [ThreadPool]: On list_airflow_driven_trusted: Close
[0m03:24:31.953377 [debug] [MainThread]: Using postgres connection "master"
[0m03:24:31.954229 [debug] [MainThread]: On master: BEGIN
[0m03:24:31.954937 [debug] [MainThread]: Opening a new connection, currently in state init
[0m03:24:31.962086 [debug] [MainThread]: SQL status: BEGIN in 0.007 seconds
[0m03:24:31.962943 [debug] [MainThread]: Using postgres connection "master"
[0m03:24:31.963495 [debug] [MainThread]: On master: /* {"app": "dbt", "dbt_version": "1.10.3", "profile_name": "default", "target_name": "dev", "connection_name": "master"} */
with relation as (
        select
            pg_rewrite.ev_class as class,
            pg_rewrite.oid as id
        from pg_rewrite
    ),
    class as (
        select
            oid as id,
            relname as name,
            relnamespace as schema,
            relkind as kind
        from pg_class
    ),
    dependency as (
        select distinct
            pg_depend.objid as id,
            pg_depend.refobjid as ref
        from pg_depend
    ),
    schema as (
        select
            pg_namespace.oid as id,
            pg_namespace.nspname as name
        from pg_namespace
        where nspname != 'information_schema' and nspname not like 'pg\_%'
    ),
    referenced as (
        select
            relation.id AS id,
            referenced_class.name ,
            referenced_class.schema ,
            referenced_class.kind
        from relation
        join class as referenced_class on relation.class=referenced_class.id
        where referenced_class.kind in ('r', 'v', 'm')
    ),
    relationships as (
        select
            referenced.name as referenced_name,
            referenced.schema as referenced_schema_id,
            dependent_class.name as dependent_name,
            dependent_class.schema as dependent_schema_id,
            referenced.kind as kind
        from referenced
        join dependency on referenced.id=dependency.id
        join class as dependent_class on dependency.ref=dependent_class.id
        where
            (referenced.name != dependent_class.name or
             referenced.schema != dependent_class.schema)
    )

    select
        referenced_schema.name as referenced_schema,
        relationships.referenced_name as referenced_name,
        dependent_schema.name as dependent_schema,
        relationships.dependent_name as dependent_name
    from relationships
    join schema as dependent_schema on relationships.dependent_schema_id=dependent_schema.id
    join schema as referenced_schema on relationships.referenced_schema_id=referenced_schema.id
    group by referenced_schema, referenced_name, dependent_schema, dependent_name
    order by referenced_schema, referenced_name, dependent_schema, dependent_name;
[0m03:24:31.969123 [debug] [MainThread]: SQL status: SELECT 0 in 0.005 seconds
[0m03:24:31.970937 [debug] [MainThread]: Sending event: {'category': 'dbt', 'action': 'runnable_timing', 'label': '4d24162c-29e5-4b8c-863d-f93e314e5d07', 'context': [<snowplow_tracker.self_describing_json.SelfDescribingJson object at 0x7c44ef5a75f0>]}
[0m03:24:31.971653 [debug] [MainThread]: On master: ROLLBACK
[0m03:24:31.972461 [debug] [MainThread]: Using postgres connection "master"
[0m03:24:31.972934 [debug] [MainThread]: On master: BEGIN
[0m03:24:31.973687 [debug] [MainThread]: SQL status: BEGIN in 0.000 seconds
[0m03:24:31.974217 [debug] [MainThread]: On master: COMMIT
[0m03:24:31.974768 [debug] [MainThread]: Using postgres connection "master"
[0m03:24:31.975302 [debug] [MainThread]: On master: COMMIT
[0m03:24:31.976124 [debug] [MainThread]: SQL status: COMMIT in 0.000 seconds
[0m03:24:31.976610 [debug] [MainThread]: On master: Close
[0m03:24:31.982477 [debug] [Thread-1 (]: Began running node model.dbt_driven_data.trusted_non_pii_data
[0m03:24:31.983367 [info ] [Thread-1 (]: 1 of 4 START sql table model driven_trusted.non_pii_data ....................... [RUN]
[0m03:24:31.984129 [debug] [Thread-1 (]: Re-using an available connection from the pool (formerly list_airflow_driven_trusted, now model.dbt_driven_data.trusted_non_pii_data)
[0m03:24:31.984632 [debug] [Thread-1 (]: Began compiling node model.dbt_driven_data.trusted_non_pii_data
[0m03:24:31.992945 [debug] [Thread-1 (]: Writing injected SQL for node "model.dbt_driven_data.trusted_non_pii_data"
[0m03:24:32.000653 [debug] [Thread-1 (]: Began executing node model.dbt_driven_data.trusted_non_pii_data
[0m03:24:32.040253 [debug] [Thread-1 (]: Writing runtime sql for node "model.dbt_driven_data.trusted_non_pii_data"
[0m03:24:32.046938 [debug] [Thread-1 (]: Using postgres connection "model.dbt_driven_data.trusted_non_pii_data"
[0m03:24:32.047573 [debug] [Thread-1 (]: On model.dbt_driven_data.trusted_non_pii_data: BEGIN
[0m03:24:32.048065 [debug] [Thread-1 (]: Opening a new connection, currently in state closed
[0m03:24:32.054759 [debug] [Thread-1 (]: SQL status: BEGIN in 0.007 seconds
[0m03:24:32.056303 [debug] [Thread-1 (]: Using postgres connection "model.dbt_driven_data.trusted_non_pii_data"
[0m03:24:32.057267 [debug] [Thread-1 (]: On model.dbt_driven_data.trusted_non_pii_data: /* {"app": "dbt", "dbt_version": "1.10.3", "profile_name": "default", "target_name": "dev", "node_id": "model.dbt_driven_data.trusted_non_pii_data"} */

  
    

  create  table "airflow"."driven_trusted"."non_pii_data__dbt_tmp"
  
  
    as
  
  (
    
WITH source_data AS (
 SELECT
 '***MASKED***' AS person_name,
 SUBSTRING(dp.user_name, 1, 5) || '*****' user_name,
 SUBSTRING(dp.email, 1, 5) || '*****' AS email,
 '***MASKED***' AS personal_number,
 '***MASKED***' AS birth_date,
 '***MASKED***' AS address,
 '***MASKED***' AS phone,
 SUBSTRING(da.mac_address, 1, 5) || '*****' AS mac_address,
 SUBSTRING(da.ip_address, 1, 5) || '*****' AS ip_address,
 SUBSTRING(df.iban, 1, 5) || '*****' AS iban,
 dd.accessed_at,
 fnu.session_duration,
 fnu.download_speed,
 fnu.upload_speed,
 fnu.consumed_traffic,
 fnu.unique_id
 FROM
 "airflow"."driven_staging"."fact_network_usage" fnu
 INNER JOIN
 "airflow"."driven_staging"."dim_address" da ON
fnu.unique_id = da.unique_id
 INNER JOIN
 "airflow"."driven_staging"."dim_date" dd ON da.unique_id =
dd.unique_id
 INNER JOIN
 "airflow"."driven_staging"."dim_finance" df ON dd.unique_id
= df.unique_id
 INNER JOIN
 "airflow"."driven_staging"."dim_person" dp ON df.unique_id
= dp.unique_id
)
SELECT
 *
FROM
 source_data
  );
  
[0m03:24:32.069026 [debug] [Thread-1 (]: SQL status: SELECT 200 in 0.011 seconds
[0m03:24:32.081751 [debug] [Thread-1 (]: Using postgres connection "model.dbt_driven_data.trusted_non_pii_data"
[0m03:24:32.082538 [debug] [Thread-1 (]: On model.dbt_driven_data.trusted_non_pii_data: /* {"app": "dbt", "dbt_version": "1.10.3", "profile_name": "default", "target_name": "dev", "node_id": "model.dbt_driven_data.trusted_non_pii_data"} */
alter table "airflow"."driven_trusted"."non_pii_data" rename to "non_pii_data__dbt_backup"
[0m03:24:32.084316 [debug] [Thread-1 (]: SQL status: ALTER TABLE in 0.001 seconds
[0m03:24:32.087820 [debug] [Thread-1 (]: Using postgres connection "model.dbt_driven_data.trusted_non_pii_data"
[0m03:24:32.088402 [debug] [Thread-1 (]: On model.dbt_driven_data.trusted_non_pii_data: /* {"app": "dbt", "dbt_version": "1.10.3", "profile_name": "default", "target_name": "dev", "node_id": "model.dbt_driven_data.trusted_non_pii_data"} */
alter table "airflow"."driven_trusted"."non_pii_data__dbt_tmp" rename to "non_pii_data"
[0m03:24:32.091092 [debug] [Thread-1 (]: SQL status: ALTER TABLE in 0.001 seconds
[0m03:24:32.107298 [debug] [Thread-1 (]: On model.dbt_driven_data.trusted_non_pii_data: COMMIT
[0m03:24:32.108275 [debug] [Thread-1 (]: Using postgres connection "model.dbt_driven_data.trusted_non_pii_data"
[0m03:24:32.108803 [debug] [Thread-1 (]: On model.dbt_driven_data.trusted_non_pii_data: COMMIT
[0m03:24:32.111148 [debug] [Thread-1 (]: SQL status: COMMIT in 0.002 seconds
[0m03:24:32.120308 [debug] [Thread-1 (]: Applying DROP to: "airflow"."driven_trusted"."non_pii_data__dbt_backup"
[0m03:24:32.126868 [debug] [Thread-1 (]: Using postgres connection "model.dbt_driven_data.trusted_non_pii_data"
[0m03:24:32.127712 [debug] [Thread-1 (]: On model.dbt_driven_data.trusted_non_pii_data: /* {"app": "dbt", "dbt_version": "1.10.3", "profile_name": "default", "target_name": "dev", "node_id": "model.dbt_driven_data.trusted_non_pii_data"} */
drop table if exists "airflow"."driven_trusted"."non_pii_data__dbt_backup" cascade
[0m03:24:32.132868 [debug] [Thread-1 (]: SQL status: DROP TABLE in 0.004 seconds
[0m03:24:32.136726 [debug] [Thread-1 (]: On model.dbt_driven_data.trusted_non_pii_data: Close
[0m03:24:32.139743 [debug] [Thread-1 (]: Sending event: {'category': 'dbt', 'action': 'run_model', 'label': '4d24162c-29e5-4b8c-863d-f93e314e5d07', 'context': [<snowplow_tracker.self_describing_json.SelfDescribingJson object at 0x7c44f20cc230>]}
[0m03:24:32.141302 [info ] [Thread-1 (]: 1 of 4 OK created sql table model driven_trusted.non_pii_data .................. [[32mSELECT 200[0m in 0.15s]
[0m03:24:32.142336 [debug] [Thread-1 (]: Finished running node model.dbt_driven_data.trusted_non_pii_data
[0m03:24:32.142975 [debug] [Thread-1 (]: Began running node model.dbt_driven_data.trusted_payment_data
[0m03:24:32.143690 [info ] [Thread-1 (]: 2 of 4 START sql table model driven_trusted.payment_data ....................... [RUN]
[0m03:24:32.144470 [debug] [Thread-1 (]: Re-using an available connection from the pool (formerly model.dbt_driven_data.trusted_non_pii_data, now model.dbt_driven_data.trusted_payment_data)
[0m03:24:32.145954 [debug] [Thread-1 (]: Began compiling node model.dbt_driven_data.trusted_payment_data
[0m03:24:32.151170 [debug] [Thread-1 (]: Writing injected SQL for node "model.dbt_driven_data.trusted_payment_data"
[0m03:24:32.158844 [debug] [Thread-1 (]: Began executing node model.dbt_driven_data.trusted_payment_data
[0m03:24:32.164628 [debug] [Thread-1 (]: Writing runtime sql for node "model.dbt_driven_data.trusted_payment_data"
[0m03:24:32.171726 [debug] [Thread-1 (]: Using postgres connection "model.dbt_driven_data.trusted_payment_data"
[0m03:24:32.172467 [debug] [Thread-1 (]: On model.dbt_driven_data.trusted_payment_data: BEGIN
[0m03:24:32.172966 [debug] [Thread-1 (]: Opening a new connection, currently in state closed
[0m03:24:32.181671 [debug] [Thread-1 (]: SQL status: BEGIN in 0.008 seconds
[0m03:24:32.183317 [debug] [Thread-1 (]: Using postgres connection "model.dbt_driven_data.trusted_payment_data"
[0m03:24:32.184154 [debug] [Thread-1 (]: On model.dbt_driven_data.trusted_payment_data: /* {"app": "dbt", "dbt_version": "1.10.3", "profile_name": "default", "target_name": "dev", "node_id": "model.dbt_driven_data.trusted_payment_data"} */

  
    

  create  table "airflow"."driven_trusted"."payment_data__dbt_tmp"
  
  
    as
  
  (
    
WITH source_data AS (
 SELECT
 fnu.unique_id,
 df.iban,
 fnu.download_speed,
 fnu.upload_speed,
 fnu.session_duration,
 fnu.consumed_traffic,
 ((fnu.download_speed + fnu.upload_speed + 1)/2) +
(fnu.consumed_traffic / (fnu.session_duration + 1)) AS payment_amount
 FROM
 "airflow"."driven_staging"."fact_network_usage" fnu
 JOIN
 "airflow"."driven_staging"."dim_finance" df
 ON
 fnu.unique_id = df.unique_id
)
SELECT
 *
FROM
 source_data
  );
  
[0m03:24:32.189532 [debug] [Thread-1 (]: SQL status: SELECT 200 in 0.005 seconds
[0m03:24:32.194087 [debug] [Thread-1 (]: Using postgres connection "model.dbt_driven_data.trusted_payment_data"
[0m03:24:32.195485 [debug] [Thread-1 (]: On model.dbt_driven_data.trusted_payment_data: /* {"app": "dbt", "dbt_version": "1.10.3", "profile_name": "default", "target_name": "dev", "node_id": "model.dbt_driven_data.trusted_payment_data"} */
alter table "airflow"."driven_trusted"."payment_data" rename to "payment_data__dbt_backup"
[0m03:24:32.197105 [debug] [Thread-1 (]: SQL status: ALTER TABLE in 0.001 seconds
[0m03:24:32.200492 [debug] [Thread-1 (]: Using postgres connection "model.dbt_driven_data.trusted_payment_data"
[0m03:24:32.201215 [debug] [Thread-1 (]: On model.dbt_driven_data.trusted_payment_data: /* {"app": "dbt", "dbt_version": "1.10.3", "profile_name": "default", "target_name": "dev", "node_id": "model.dbt_driven_data.trusted_payment_data"} */
alter table "airflow"."driven_trusted"."payment_data__dbt_tmp" rename to "payment_data"
[0m03:24:32.203029 [debug] [Thread-1 (]: SQL status: ALTER TABLE in 0.001 seconds
[0m03:24:32.205734 [debug] [Thread-1 (]: On model.dbt_driven_data.trusted_payment_data: COMMIT
[0m03:24:32.206350 [debug] [Thread-1 (]: Using postgres connection "model.dbt_driven_data.trusted_payment_data"
[0m03:24:32.207018 [debug] [Thread-1 (]: On model.dbt_driven_data.trusted_payment_data: COMMIT
[0m03:24:32.210364 [debug] [Thread-1 (]: SQL status: COMMIT in 0.003 seconds
[0m03:24:32.214265 [debug] [Thread-1 (]: Applying DROP to: "airflow"."driven_trusted"."payment_data__dbt_backup"
[0m03:24:32.215259 [debug] [Thread-1 (]: Using postgres connection "model.dbt_driven_data.trusted_payment_data"
[0m03:24:32.215944 [debug] [Thread-1 (]: On model.dbt_driven_data.trusted_payment_data: /* {"app": "dbt", "dbt_version": "1.10.3", "profile_name": "default", "target_name": "dev", "node_id": "model.dbt_driven_data.trusted_payment_data"} */
drop table if exists "airflow"."driven_trusted"."payment_data__dbt_backup" cascade
[0m03:24:32.219147 [debug] [Thread-1 (]: SQL status: DROP TABLE in 0.003 seconds
[0m03:24:32.220804 [debug] [Thread-1 (]: On model.dbt_driven_data.trusted_payment_data: Close
[0m03:24:32.221612 [debug] [Thread-1 (]: Sending event: {'category': 'dbt', 'action': 'run_model', 'label': '4d24162c-29e5-4b8c-863d-f93e314e5d07', 'context': [<snowplow_tracker.self_describing_json.SelfDescribingJson object at 0x7c44ec707200>]}
[0m03:24:32.222829 [info ] [Thread-1 (]: 2 of 4 OK created sql table model driven_trusted.payment_data .................. [[32mSELECT 200[0m in 0.08s]
[0m03:24:32.224300 [debug] [Thread-1 (]: Finished running node model.dbt_driven_data.trusted_payment_data
[0m03:24:32.224984 [debug] [Thread-1 (]: Began running node model.dbt_driven_data.trusted_pii_data
[0m03:24:32.225805 [info ] [Thread-1 (]: 3 of 4 START sql table model driven_trusted.pii_data ........................... [RUN]
[0m03:24:32.226708 [debug] [Thread-1 (]: Re-using an available connection from the pool (formerly model.dbt_driven_data.trusted_payment_data, now model.dbt_driven_data.trusted_pii_data)
[0m03:24:32.227250 [debug] [Thread-1 (]: Began compiling node model.dbt_driven_data.trusted_pii_data
[0m03:24:32.232004 [debug] [Thread-1 (]: Writing injected SQL for node "model.dbt_driven_data.trusted_pii_data"
[0m03:24:32.241164 [debug] [Thread-1 (]: Began executing node model.dbt_driven_data.trusted_pii_data
[0m03:24:32.246855 [debug] [Thread-1 (]: Writing runtime sql for node "model.dbt_driven_data.trusted_pii_data"
[0m03:24:32.253179 [debug] [Thread-1 (]: Using postgres connection "model.dbt_driven_data.trusted_pii_data"
[0m03:24:32.253874 [debug] [Thread-1 (]: On model.dbt_driven_data.trusted_pii_data: BEGIN
[0m03:24:32.254414 [debug] [Thread-1 (]: Opening a new connection, currently in state closed
[0m03:24:32.260516 [debug] [Thread-1 (]: SQL status: BEGIN in 0.006 seconds
[0m03:24:32.261333 [debug] [Thread-1 (]: Using postgres connection "model.dbt_driven_data.trusted_pii_data"
[0m03:24:32.261868 [debug] [Thread-1 (]: On model.dbt_driven_data.trusted_pii_data: /* {"app": "dbt", "dbt_version": "1.10.3", "profile_name": "default", "target_name": "dev", "node_id": "model.dbt_driven_data.trusted_pii_data"} */

  
    

  create  table "airflow"."driven_trusted"."pii_data__dbt_tmp"
  
  
    as
  
  (
    
WITH source_data AS (
 SELECT
 dp.person_name,
 dp.user_name,
 dp.email,
 dp.personal_number,
 dp.birth_date,
 da.address,
 dp.phone,
 da.mac_address,
 da.ip_address,
 df.iban,
 dd.accessed_at,
 fnu.session_duration,
 fnu.download_speed,
 fnu.upload_speed,
 fnu.consumed_traffic,
 fnu.unique_id
 FROM
 "airflow"."driven_staging"."fact_network_usage" fnu
 INNER JOIN
 "airflow"."driven_staging"."dim_address" da ON
fnu.unique_id = da.unique_id
 INNER JOIN
 "airflow"."driven_staging"."dim_date" dd ON da.unique_id =
dd.unique_id
 INNER JOIN
 "airflow"."driven_staging"."dim_finance" df ON dd.unique_id
= df.unique_id
 INNER JOIN
 "airflow"."driven_staging"."dim_person" dp ON df.unique_id
= dp.unique_id
)
SELECT
 *
FROM
 source_data
  );
  
[0m03:24:32.273056 [debug] [Thread-1 (]: SQL status: SELECT 200 in 0.011 seconds
[0m03:24:32.276643 [debug] [Thread-1 (]: Using postgres connection "model.dbt_driven_data.trusted_pii_data"
[0m03:24:32.277200 [debug] [Thread-1 (]: On model.dbt_driven_data.trusted_pii_data: /* {"app": "dbt", "dbt_version": "1.10.3", "profile_name": "default", "target_name": "dev", "node_id": "model.dbt_driven_data.trusted_pii_data"} */
alter table "airflow"."driven_trusted"."pii_data" rename to "pii_data__dbt_backup"
[0m03:24:32.278377 [debug] [Thread-1 (]: SQL status: ALTER TABLE in 0.001 seconds
[0m03:24:32.281533 [debug] [Thread-1 (]: Using postgres connection "model.dbt_driven_data.trusted_pii_data"
[0m03:24:32.282069 [debug] [Thread-1 (]: On model.dbt_driven_data.trusted_pii_data: /* {"app": "dbt", "dbt_version": "1.10.3", "profile_name": "default", "target_name": "dev", "node_id": "model.dbt_driven_data.trusted_pii_data"} */
alter table "airflow"."driven_trusted"."pii_data__dbt_tmp" rename to "pii_data"
[0m03:24:32.282849 [debug] [Thread-1 (]: SQL status: ALTER TABLE in 0.000 seconds
[0m03:24:32.284414 [debug] [Thread-1 (]: On model.dbt_driven_data.trusted_pii_data: COMMIT
[0m03:24:32.285008 [debug] [Thread-1 (]: Using postgres connection "model.dbt_driven_data.trusted_pii_data"
[0m03:24:32.285499 [debug] [Thread-1 (]: On model.dbt_driven_data.trusted_pii_data: COMMIT
[0m03:24:32.287715 [debug] [Thread-1 (]: SQL status: COMMIT in 0.002 seconds
[0m03:24:32.290141 [debug] [Thread-1 (]: Applying DROP to: "airflow"."driven_trusted"."pii_data__dbt_backup"
[0m03:24:32.291043 [debug] [Thread-1 (]: Using postgres connection "model.dbt_driven_data.trusted_pii_data"
[0m03:24:32.291725 [debug] [Thread-1 (]: On model.dbt_driven_data.trusted_pii_data: /* {"app": "dbt", "dbt_version": "1.10.3", "profile_name": "default", "target_name": "dev", "node_id": "model.dbt_driven_data.trusted_pii_data"} */
drop table if exists "airflow"."driven_trusted"."pii_data__dbt_backup" cascade
[0m03:24:32.296246 [debug] [Thread-1 (]: SQL status: DROP TABLE in 0.004 seconds
[0m03:24:32.298100 [debug] [Thread-1 (]: On model.dbt_driven_data.trusted_pii_data: Close
[0m03:24:32.299868 [debug] [Thread-1 (]: Sending event: {'category': 'dbt', 'action': 'run_model', 'label': '4d24162c-29e5-4b8c-863d-f93e314e5d07', 'context': [<snowplow_tracker.self_describing_json.SelfDescribingJson object at 0x7c44ec9eef00>]}
[0m03:24:32.301032 [info ] [Thread-1 (]: 3 of 4 OK created sql table model driven_trusted.pii_data ...................... [[32mSELECT 200[0m in 0.07s]
[0m03:24:32.302138 [debug] [Thread-1 (]: Finished running node model.dbt_driven_data.trusted_pii_data
[0m03:24:32.302854 [debug] [Thread-1 (]: Began running node model.dbt_driven_data.trusted_technical_data
[0m03:24:32.303466 [info ] [Thread-1 (]: 4 of 4 START sql table model driven_trusted.technical_data ..................... [RUN]
[0m03:24:32.304166 [debug] [Thread-1 (]: Re-using an available connection from the pool (formerly model.dbt_driven_data.trusted_pii_data, now model.dbt_driven_data.trusted_technical_data)
[0m03:24:32.304668 [debug] [Thread-1 (]: Began compiling node model.dbt_driven_data.trusted_technical_data
[0m03:24:32.309589 [debug] [Thread-1 (]: Writing injected SQL for node "model.dbt_driven_data.trusted_technical_data"
[0m03:24:32.317048 [debug] [Thread-1 (]: Began executing node model.dbt_driven_data.trusted_technical_data
[0m03:24:32.321676 [debug] [Thread-1 (]: Writing runtime sql for node "model.dbt_driven_data.trusted_technical_data"
[0m03:24:32.328267 [debug] [Thread-1 (]: Using postgres connection "model.dbt_driven_data.trusted_technical_data"
[0m03:24:32.329342 [debug] [Thread-1 (]: On model.dbt_driven_data.trusted_technical_data: BEGIN
[0m03:24:32.329895 [debug] [Thread-1 (]: Opening a new connection, currently in state closed
[0m03:24:32.335858 [debug] [Thread-1 (]: SQL status: BEGIN in 0.006 seconds
[0m03:24:32.336681 [debug] [Thread-1 (]: Using postgres connection "model.dbt_driven_data.trusted_technical_data"
[0m03:24:32.337218 [debug] [Thread-1 (]: On model.dbt_driven_data.trusted_technical_data: /* {"app": "dbt", "dbt_version": "1.10.3", "profile_name": "default", "target_name": "dev", "node_id": "model.dbt_driven_data.trusted_technical_data"} */

  
    

  create  table "airflow"."driven_trusted"."technical_data__dbt_tmp"
  
  
    as
  
  (
    
WITH source_data AS (
 SELECT
 fnu.unique_id,
 da.address,
 da.mac_address,
 da.ip_address,
 fnu.download_speed,
 fnu.upload_speed,
 ROUND((fnu.session_duration/60), 1) as min_session_duration,
 CASE
 WHEN fnu.download_speed < 50 OR fnu.upload_speed < 30 OR
fnu.session_duration/60 < 1 THEN true
 ELSE false
 END AS technical_issue
 FROM
 "airflow"."driven_staging"."fact_network_usage" fnu
 JOIN
 "airflow"."driven_staging"."dim_address" da
 ON
 fnu.unique_id = da.unique_id
)
SELECT
 *
FROM
 source_data
  );
  
[0m03:24:32.345360 [debug] [Thread-1 (]: SQL status: SELECT 200 in 0.008 seconds
[0m03:24:32.349787 [debug] [Thread-1 (]: Using postgres connection "model.dbt_driven_data.trusted_technical_data"
[0m03:24:32.350370 [debug] [Thread-1 (]: On model.dbt_driven_data.trusted_technical_data: /* {"app": "dbt", "dbt_version": "1.10.3", "profile_name": "default", "target_name": "dev", "node_id": "model.dbt_driven_data.trusted_technical_data"} */
alter table "airflow"."driven_trusted"."technical_data" rename to "technical_data__dbt_backup"
[0m03:24:32.351277 [debug] [Thread-1 (]: SQL status: ALTER TABLE in 0.000 seconds
[0m03:24:32.354011 [debug] [Thread-1 (]: Using postgres connection "model.dbt_driven_data.trusted_technical_data"
[0m03:24:32.354603 [debug] [Thread-1 (]: On model.dbt_driven_data.trusted_technical_data: /* {"app": "dbt", "dbt_version": "1.10.3", "profile_name": "default", "target_name": "dev", "node_id": "model.dbt_driven_data.trusted_technical_data"} */
alter table "airflow"."driven_trusted"."technical_data__dbt_tmp" rename to "technical_data"
[0m03:24:32.355609 [debug] [Thread-1 (]: SQL status: ALTER TABLE in 0.000 seconds
[0m03:24:32.357184 [debug] [Thread-1 (]: On model.dbt_driven_data.trusted_technical_data: COMMIT
[0m03:24:32.357676 [debug] [Thread-1 (]: Using postgres connection "model.dbt_driven_data.trusted_technical_data"
[0m03:24:32.358113 [debug] [Thread-1 (]: On model.dbt_driven_data.trusted_technical_data: COMMIT
[0m03:24:32.364210 [debug] [Thread-1 (]: SQL status: COMMIT in 0.006 seconds
[0m03:24:32.367055 [debug] [Thread-1 (]: Applying DROP to: "airflow"."driven_trusted"."technical_data__dbt_backup"
[0m03:24:32.368183 [debug] [Thread-1 (]: Using postgres connection "model.dbt_driven_data.trusted_technical_data"
[0m03:24:32.368789 [debug] [Thread-1 (]: On model.dbt_driven_data.trusted_technical_data: /* {"app": "dbt", "dbt_version": "1.10.3", "profile_name": "default", "target_name": "dev", "node_id": "model.dbt_driven_data.trusted_technical_data"} */
drop table if exists "airflow"."driven_trusted"."technical_data__dbt_backup" cascade
[0m03:24:32.371875 [debug] [Thread-1 (]: SQL status: DROP TABLE in 0.003 seconds
[0m03:24:32.373418 [debug] [Thread-1 (]: On model.dbt_driven_data.trusted_technical_data: Close
[0m03:24:32.374191 [debug] [Thread-1 (]: Sending event: {'category': 'dbt', 'action': 'run_model', 'label': '4d24162c-29e5-4b8c-863d-f93e314e5d07', 'context': [<snowplow_tracker.self_describing_json.SelfDescribingJson object at 0x7c44ec82fe00>]}
[0m03:24:32.375243 [info ] [Thread-1 (]: 4 of 4 OK created sql table model driven_trusted.technical_data ................ [[32mSELECT 200[0m in 0.07s]
[0m03:24:32.376315 [debug] [Thread-1 (]: Finished running node model.dbt_driven_data.trusted_technical_data
[0m03:24:32.378441 [debug] [MainThread]: Using postgres connection "master"
[0m03:24:32.378991 [debug] [MainThread]: On master: BEGIN
[0m03:24:32.379472 [debug] [MainThread]: Opening a new connection, currently in state closed
[0m03:24:32.384932 [debug] [MainThread]: SQL status: BEGIN in 0.005 seconds
[0m03:24:32.385701 [debug] [MainThread]: On master: COMMIT
[0m03:24:32.386197 [debug] [MainThread]: Using postgres connection "master"
[0m03:24:32.386655 [debug] [MainThread]: On master: COMMIT
[0m03:24:32.387265 [debug] [MainThread]: SQL status: COMMIT in 0.000 seconds
[0m03:24:32.387803 [debug] [MainThread]: On master: Close
[0m03:24:32.388472 [debug] [MainThread]: Connection 'master' was properly closed.
[0m03:24:32.388996 [debug] [MainThread]: Connection 'model.dbt_driven_data.trusted_technical_data' was properly closed.
[0m03:24:32.389681 [info ] [MainThread]: 
[0m03:24:32.390286 [info ] [MainThread]: Finished running 4 table models in 0 hours 0 minutes and 0.56 seconds (0.56s).
[0m03:24:32.391791 [debug] [MainThread]: Command end result
[0m03:24:32.430830 [debug] [MainThread]: Wrote artifact WritableManifest to /opt/airflow/dbt/target/manifest.json
[0m03:24:32.436925 [debug] [MainThread]: Wrote artifact SemanticManifest to /opt/airflow/dbt/target/semantic_manifest.json
[0m03:24:32.449094 [debug] [MainThread]: Wrote artifact RunExecutionResult to /opt/airflow/dbt/target/run_results.json
[0m03:24:32.449735 [info ] [MainThread]: 
[0m03:24:32.450324 [info ] [MainThread]: [32mCompleted successfully[0m
[0m03:24:32.450914 [info ] [MainThread]: 
[0m03:24:32.451666 [info ] [MainThread]: Done. PASS=4 WARN=0 ERROR=0 SKIP=0 NO-OP=0 TOTAL=4
[0m03:24:32.453439 [debug] [MainThread]: Resource report: {"command_name": "run", "command_success": true, "command_wall_clock_time": 1.6705776, "process_in_blocks": "12832", "process_kernel_time": 0.627416, "process_mem_max_rss": "121372", "process_out_blocks": "0", "process_user_time": 2.993214}
[0m03:24:32.454273 [debug] [MainThread]: Command `dbt run` succeeded at 03:24:32.454164 after 1.67 seconds
[0m03:24:32.454797 [debug] [MainThread]: Sending event: {'category': 'dbt', 'action': 'invocation', 'label': 'end', 'context': [<snowplow_tracker.self_describing_json.SelfDescribingJson object at 0x7c44ef746750>, <snowplow_tracker.self_describing_json.SelfDescribingJson object at 0x7c44f0a2f5c0>, <snowplow_tracker.self_describing_json.SelfDescribingJson object at 0x7c44ec757d40>]}
[0m03:24:32.455301 [debug] [MainThread]: Flushing usage events
[0m03:24:32.843336 [debug] [MainThread]: An error was encountered while trying to flush usage events
