[2025-07-03T00:52:29.153+0000] {processor.py:186} INFO - Started process (PID=436) to work on /opt/airflow/dags/driven_data_pipeline.py
[2025-07-03T00:52:29.158+0000] {processor.py:914} INFO - Processing file /opt/airflow/dags/driven_data_pipeline.py for tasks to queue
[2025-07-03T00:52:29.172+0000] {logging_mixin.py:190} INFO - [2025-07-03T00:52:29.171+0000] {dagbag.py:588} INFO - Filling up the DagBag from /opt/airflow/dags/driven_data_pipeline.py
[2025-07-03T00:52:30.234+0000] {processor.py:925} INFO - DAG(s) 'extract_raw_data_pipeline' retrieved from /opt/airflow/dags/driven_data_pipeline.py
[2025-07-03T00:52:30.340+0000] {logging_mixin.py:190} INFO - [2025-07-03T00:52:30.339+0000] {dag.py:3239} INFO - Sync 1 DAGs
[2025-07-03T00:52:30.455+0000] {logging_mixin.py:190} INFO - [2025-07-03T00:52:30.447+0000] {dag.py:4180} INFO - Setting next_dagrun for extract_raw_data_pipeline to 2025-07-02 07:59:00+00:00, run_after=2025-07-03 07:00:00+00:00
[2025-07-03T00:52:30.549+0000] {processor.py:208} INFO - Processing /opt/airflow/dags/driven_data_pipeline.py took 1.440 seconds
[2025-07-03T00:53:00.688+0000] {processor.py:186} INFO - Started process (PID=444) to work on /opt/airflow/dags/driven_data_pipeline.py
[2025-07-03T00:53:00.690+0000] {processor.py:914} INFO - Processing file /opt/airflow/dags/driven_data_pipeline.py for tasks to queue
[2025-07-03T00:53:00.703+0000] {logging_mixin.py:190} INFO - [2025-07-03T00:53:00.702+0000] {dagbag.py:588} INFO - Filling up the DagBag from /opt/airflow/dags/driven_data_pipeline.py
[2025-07-03T00:53:01.655+0000] {processor.py:925} INFO - DAG(s) 'extract_raw_data_pipeline' retrieved from /opt/airflow/dags/driven_data_pipeline.py
[2025-07-03T00:53:01.779+0000] {logging_mixin.py:190} INFO - [2025-07-03T00:53:01.779+0000] {dag.py:3239} INFO - Sync 1 DAGs
[2025-07-03T00:53:01.823+0000] {logging_mixin.py:190} INFO - [2025-07-03T00:53:01.823+0000] {dag.py:4180} INFO - Setting next_dagrun for extract_raw_data_pipeline to 2025-07-02 07:59:00+00:00, run_after=2025-07-03 07:00:00+00:00
[2025-07-03T00:53:01.855+0000] {processor.py:208} INFO - Processing /opt/airflow/dags/driven_data_pipeline.py took 1.185 seconds
[2025-07-03T00:53:32.201+0000] {processor.py:186} INFO - Started process (PID=452) to work on /opt/airflow/dags/driven_data_pipeline.py
[2025-07-03T00:53:32.203+0000] {processor.py:914} INFO - Processing file /opt/airflow/dags/driven_data_pipeline.py for tasks to queue
[2025-07-03T00:53:32.206+0000] {logging_mixin.py:190} INFO - [2025-07-03T00:53:32.206+0000] {dagbag.py:588} INFO - Filling up the DagBag from /opt/airflow/dags/driven_data_pipeline.py
[2025-07-03T00:53:33.102+0000] {processor.py:925} INFO - DAG(s) 'extract_raw_data_pipeline' retrieved from /opt/airflow/dags/driven_data_pipeline.py
[2025-07-03T00:53:33.156+0000] {logging_mixin.py:190} INFO - [2025-07-03T00:53:33.155+0000] {dag.py:3239} INFO - Sync 1 DAGs
[2025-07-03T00:53:33.192+0000] {logging_mixin.py:190} INFO - [2025-07-03T00:53:33.192+0000] {dag.py:4180} INFO - Setting next_dagrun for extract_raw_data_pipeline to 2025-07-02 07:59:00+00:00, run_after=2025-07-03 07:00:00+00:00
[2025-07-03T00:53:33.224+0000] {processor.py:208} INFO - Processing /opt/airflow/dags/driven_data_pipeline.py took 1.036 seconds
[2025-07-03T00:54:03.676+0000] {processor.py:186} INFO - Started process (PID=460) to work on /opt/airflow/dags/driven_data_pipeline.py
[2025-07-03T00:54:03.679+0000] {processor.py:914} INFO - Processing file /opt/airflow/dags/driven_data_pipeline.py for tasks to queue
[2025-07-03T00:54:03.683+0000] {logging_mixin.py:190} INFO - [2025-07-03T00:54:03.683+0000] {dagbag.py:588} INFO - Filling up the DagBag from /opt/airflow/dags/driven_data_pipeline.py
[2025-07-03T00:54:04.348+0000] {processor.py:925} INFO - DAG(s) 'extract_raw_data_pipeline' retrieved from /opt/airflow/dags/driven_data_pipeline.py
[2025-07-03T00:54:04.396+0000] {logging_mixin.py:190} INFO - [2025-07-03T00:54:04.395+0000] {dag.py:3239} INFO - Sync 1 DAGs
[2025-07-03T00:54:04.431+0000] {logging_mixin.py:190} INFO - [2025-07-03T00:54:04.431+0000] {dag.py:4180} INFO - Setting next_dagrun for extract_raw_data_pipeline to 2025-07-02 07:59:00+00:00, run_after=2025-07-03 07:00:00+00:00
[2025-07-03T00:54:04.467+0000] {processor.py:208} INFO - Processing /opt/airflow/dags/driven_data_pipeline.py took 0.799 seconds
[2025-07-03T00:54:34.926+0000] {processor.py:186} INFO - Started process (PID=468) to work on /opt/airflow/dags/driven_data_pipeline.py
[2025-07-03T00:54:34.928+0000] {processor.py:914} INFO - Processing file /opt/airflow/dags/driven_data_pipeline.py for tasks to queue
[2025-07-03T00:54:34.934+0000] {logging_mixin.py:190} INFO - [2025-07-03T00:54:34.933+0000] {dagbag.py:588} INFO - Filling up the DagBag from /opt/airflow/dags/driven_data_pipeline.py
[2025-07-03T00:54:35.287+0000] {processor.py:925} INFO - DAG(s) 'extract_raw_data_pipeline' retrieved from /opt/airflow/dags/driven_data_pipeline.py
[2025-07-03T00:54:35.328+0000] {logging_mixin.py:190} INFO - [2025-07-03T00:54:35.328+0000] {dag.py:3239} INFO - Sync 1 DAGs
[2025-07-03T00:54:35.362+0000] {logging_mixin.py:190} INFO - [2025-07-03T00:54:35.361+0000] {dag.py:4180} INFO - Setting next_dagrun for extract_raw_data_pipeline to 2025-07-02 07:59:00+00:00, run_after=2025-07-03 07:00:00+00:00
[2025-07-03T00:54:35.398+0000] {processor.py:208} INFO - Processing /opt/airflow/dags/driven_data_pipeline.py took 0.484 seconds
[2025-07-03T00:55:05.852+0000] {processor.py:186} INFO - Started process (PID=476) to work on /opt/airflow/dags/driven_data_pipeline.py
[2025-07-03T00:55:05.854+0000] {processor.py:914} INFO - Processing file /opt/airflow/dags/driven_data_pipeline.py for tasks to queue
[2025-07-03T00:55:05.859+0000] {logging_mixin.py:190} INFO - [2025-07-03T00:55:05.858+0000] {dagbag.py:588} INFO - Filling up the DagBag from /opt/airflow/dags/driven_data_pipeline.py
[2025-07-03T00:55:06.582+0000] {processor.py:925} INFO - DAG(s) 'extract_raw_data_pipeline' retrieved from /opt/airflow/dags/driven_data_pipeline.py
[2025-07-03T00:55:06.632+0000] {logging_mixin.py:190} INFO - [2025-07-03T00:55:06.632+0000] {dag.py:3239} INFO - Sync 1 DAGs
[2025-07-03T00:55:06.668+0000] {logging_mixin.py:190} INFO - [2025-07-03T00:55:06.667+0000] {dag.py:4180} INFO - Setting next_dagrun for extract_raw_data_pipeline to 2025-07-02 07:59:00+00:00, run_after=2025-07-03 07:00:00+00:00
[2025-07-03T00:55:06.699+0000] {processor.py:208} INFO - Processing /opt/airflow/dags/driven_data_pipeline.py took 0.858 seconds
[2025-07-03T00:55:37.078+0000] {processor.py:186} INFO - Started process (PID=485) to work on /opt/airflow/dags/driven_data_pipeline.py
[2025-07-03T00:55:37.080+0000] {processor.py:914} INFO - Processing file /opt/airflow/dags/driven_data_pipeline.py for tasks to queue
[2025-07-03T00:55:37.083+0000] {logging_mixin.py:190} INFO - [2025-07-03T00:55:37.083+0000] {dagbag.py:588} INFO - Filling up the DagBag from /opt/airflow/dags/driven_data_pipeline.py
[2025-07-03T00:55:37.887+0000] {processor.py:925} INFO - DAG(s) 'extract_raw_data_pipeline' retrieved from /opt/airflow/dags/driven_data_pipeline.py
[2025-07-03T00:55:37.973+0000] {logging_mixin.py:190} INFO - [2025-07-03T00:55:37.972+0000] {dag.py:3239} INFO - Sync 1 DAGs
[2025-07-03T00:55:38.033+0000] {logging_mixin.py:190} INFO - [2025-07-03T00:55:38.032+0000] {dag.py:4180} INFO - Setting next_dagrun for extract_raw_data_pipeline to 2025-07-02 07:59:00+00:00, run_after=2025-07-03 07:00:00+00:00
[2025-07-03T00:55:38.067+0000] {processor.py:208} INFO - Processing /opt/airflow/dags/driven_data_pipeline.py took 1.001 seconds
[2025-07-03T00:56:08.424+0000] {processor.py:186} INFO - Started process (PID=493) to work on /opt/airflow/dags/driven_data_pipeline.py
[2025-07-03T00:56:08.426+0000] {processor.py:914} INFO - Processing file /opt/airflow/dags/driven_data_pipeline.py for tasks to queue
[2025-07-03T00:56:08.432+0000] {logging_mixin.py:190} INFO - [2025-07-03T00:56:08.431+0000] {dagbag.py:588} INFO - Filling up the DagBag from /opt/airflow/dags/driven_data_pipeline.py
[2025-07-03T00:56:09.264+0000] {processor.py:925} INFO - DAG(s) 'extract_raw_data_pipeline' retrieved from /opt/airflow/dags/driven_data_pipeline.py
[2025-07-03T00:56:09.320+0000] {logging_mixin.py:190} INFO - [2025-07-03T00:56:09.320+0000] {dag.py:3239} INFO - Sync 1 DAGs
[2025-07-03T00:56:09.359+0000] {logging_mixin.py:190} INFO - [2025-07-03T00:56:09.359+0000] {dag.py:4180} INFO - Setting next_dagrun for extract_raw_data_pipeline to 2025-07-02 07:59:00+00:00, run_after=2025-07-03 07:00:00+00:00
[2025-07-03T00:56:09.391+0000] {processor.py:208} INFO - Processing /opt/airflow/dags/driven_data_pipeline.py took 0.981 seconds
[2025-07-03T00:56:39.830+0000] {processor.py:186} INFO - Started process (PID=501) to work on /opt/airflow/dags/driven_data_pipeline.py
[2025-07-03T00:56:39.832+0000] {processor.py:914} INFO - Processing file /opt/airflow/dags/driven_data_pipeline.py for tasks to queue
[2025-07-03T00:56:39.837+0000] {logging_mixin.py:190} INFO - [2025-07-03T00:56:39.836+0000] {dagbag.py:588} INFO - Filling up the DagBag from /opt/airflow/dags/driven_data_pipeline.py
[2025-07-03T00:56:40.591+0000] {processor.py:925} INFO - DAG(s) 'extract_raw_data_pipeline' retrieved from /opt/airflow/dags/driven_data_pipeline.py
[2025-07-03T00:56:40.640+0000] {logging_mixin.py:190} INFO - [2025-07-03T00:56:40.640+0000] {dag.py:3239} INFO - Sync 1 DAGs
[2025-07-03T00:56:40.675+0000] {logging_mixin.py:190} INFO - [2025-07-03T00:56:40.674+0000] {dag.py:4180} INFO - Setting next_dagrun for extract_raw_data_pipeline to 2025-07-02 07:59:00+00:00, run_after=2025-07-03 07:00:00+00:00
[2025-07-03T00:56:40.709+0000] {processor.py:208} INFO - Processing /opt/airflow/dags/driven_data_pipeline.py took 0.889 seconds
[2025-07-03T00:57:11.181+0000] {processor.py:186} INFO - Started process (PID=509) to work on /opt/airflow/dags/driven_data_pipeline.py
[2025-07-03T00:57:11.183+0000] {processor.py:914} INFO - Processing file /opt/airflow/dags/driven_data_pipeline.py for tasks to queue
[2025-07-03T00:57:11.187+0000] {logging_mixin.py:190} INFO - [2025-07-03T00:57:11.187+0000] {dagbag.py:588} INFO - Filling up the DagBag from /opt/airflow/dags/driven_data_pipeline.py
[2025-07-03T00:57:11.888+0000] {processor.py:925} INFO - DAG(s) 'extract_raw_data_pipeline' retrieved from /opt/airflow/dags/driven_data_pipeline.py
[2025-07-03T00:57:11.930+0000] {logging_mixin.py:190} INFO - [2025-07-03T00:57:11.929+0000] {dag.py:3239} INFO - Sync 1 DAGs
[2025-07-03T00:57:11.963+0000] {logging_mixin.py:190} INFO - [2025-07-03T00:57:11.963+0000] {dag.py:4180} INFO - Setting next_dagrun for extract_raw_data_pipeline to 2025-07-02 07:59:00+00:00, run_after=2025-07-03 07:00:00+00:00
[2025-07-03T00:57:11.992+0000] {processor.py:208} INFO - Processing /opt/airflow/dags/driven_data_pipeline.py took 0.820 seconds
[2025-07-03T00:57:42.525+0000] {processor.py:186} INFO - Started process (PID=517) to work on /opt/airflow/dags/driven_data_pipeline.py
[2025-07-03T00:57:42.528+0000] {processor.py:914} INFO - Processing file /opt/airflow/dags/driven_data_pipeline.py for tasks to queue
[2025-07-03T00:57:42.533+0000] {logging_mixin.py:190} INFO - [2025-07-03T00:57:42.532+0000] {dagbag.py:588} INFO - Filling up the DagBag from /opt/airflow/dags/driven_data_pipeline.py
[2025-07-03T00:57:43.720+0000] {processor.py:925} INFO - DAG(s) 'extract_raw_data_pipeline' retrieved from /opt/airflow/dags/driven_data_pipeline.py
[2025-07-03T00:57:43.919+0000] {logging_mixin.py:190} INFO - [2025-07-03T00:57:43.916+0000] {dag.py:3239} INFO - Sync 1 DAGs
[2025-07-03T00:57:43.980+0000] {logging_mixin.py:190} INFO - [2025-07-03T00:57:43.980+0000] {dag.py:4180} INFO - Setting next_dagrun for extract_raw_data_pipeline to 2025-07-02 07:59:00+00:00, run_after=2025-07-03 07:00:00+00:00
[2025-07-03T00:57:44.046+0000] {processor.py:208} INFO - Processing /opt/airflow/dags/driven_data_pipeline.py took 1.532 seconds
[2025-07-03T00:58:14.532+0000] {processor.py:186} INFO - Started process (PID=525) to work on /opt/airflow/dags/driven_data_pipeline.py
[2025-07-03T00:58:14.534+0000] {processor.py:914} INFO - Processing file /opt/airflow/dags/driven_data_pipeline.py for tasks to queue
[2025-07-03T00:58:14.540+0000] {logging_mixin.py:190} INFO - [2025-07-03T00:58:14.539+0000] {dagbag.py:588} INFO - Filling up the DagBag from /opt/airflow/dags/driven_data_pipeline.py
[2025-07-03T00:58:15.192+0000] {processor.py:925} INFO - DAG(s) 'extract_raw_data_pipeline' retrieved from /opt/airflow/dags/driven_data_pipeline.py
[2025-07-03T00:58:15.242+0000] {logging_mixin.py:190} INFO - [2025-07-03T00:58:15.242+0000] {dag.py:3239} INFO - Sync 1 DAGs
[2025-07-03T00:58:15.283+0000] {logging_mixin.py:190} INFO - [2025-07-03T00:58:15.283+0000] {dag.py:4180} INFO - Setting next_dagrun for extract_raw_data_pipeline to 2025-07-02 07:59:00+00:00, run_after=2025-07-03 07:00:00+00:00
[2025-07-03T00:58:15.320+0000] {processor.py:208} INFO - Processing /opt/airflow/dags/driven_data_pipeline.py took 0.800 seconds
[2025-07-03T00:58:45.495+0000] {processor.py:186} INFO - Started process (PID=533) to work on /opt/airflow/dags/driven_data_pipeline.py
[2025-07-03T00:58:45.500+0000] {processor.py:914} INFO - Processing file /opt/airflow/dags/driven_data_pipeline.py for tasks to queue
[2025-07-03T00:58:45.507+0000] {logging_mixin.py:190} INFO - [2025-07-03T00:58:45.506+0000] {dagbag.py:588} INFO - Filling up the DagBag from /opt/airflow/dags/driven_data_pipeline.py
[2025-07-03T00:58:46.373+0000] {processor.py:925} INFO - DAG(s) 'extract_raw_data_pipeline' retrieved from /opt/airflow/dags/driven_data_pipeline.py
[2025-07-03T00:58:46.432+0000] {logging_mixin.py:190} INFO - [2025-07-03T00:58:46.432+0000] {dag.py:3239} INFO - Sync 1 DAGs
[2025-07-03T00:58:46.475+0000] {logging_mixin.py:190} INFO - [2025-07-03T00:58:46.475+0000] {dag.py:4180} INFO - Setting next_dagrun for extract_raw_data_pipeline to 2025-07-02 07:59:00+00:00, run_after=2025-07-03 07:00:00+00:00
[2025-07-03T00:58:46.515+0000] {processor.py:208} INFO - Processing /opt/airflow/dags/driven_data_pipeline.py took 1.052 seconds
[2025-07-03T00:59:16.864+0000] {processor.py:186} INFO - Started process (PID=541) to work on /opt/airflow/dags/driven_data_pipeline.py
[2025-07-03T00:59:16.866+0000] {processor.py:914} INFO - Processing file /opt/airflow/dags/driven_data_pipeline.py for tasks to queue
[2025-07-03T00:59:16.871+0000] {logging_mixin.py:190} INFO - [2025-07-03T00:59:16.871+0000] {dagbag.py:588} INFO - Filling up the DagBag from /opt/airflow/dags/driven_data_pipeline.py
[2025-07-03T00:59:17.686+0000] {processor.py:925} INFO - DAG(s) 'extract_raw_data_pipeline' retrieved from /opt/airflow/dags/driven_data_pipeline.py
[2025-07-03T00:59:17.737+0000] {logging_mixin.py:190} INFO - [2025-07-03T00:59:17.737+0000] {dag.py:3239} INFO - Sync 1 DAGs
[2025-07-03T00:59:17.781+0000] {logging_mixin.py:190} INFO - [2025-07-03T00:59:17.781+0000] {dag.py:4180} INFO - Setting next_dagrun for extract_raw_data_pipeline to 2025-07-02 07:59:00+00:00, run_after=2025-07-03 07:00:00+00:00
[2025-07-03T00:59:17.816+0000] {processor.py:208} INFO - Processing /opt/airflow/dags/driven_data_pipeline.py took 0.965 seconds
[2025-07-03T00:59:48.238+0000] {processor.py:186} INFO - Started process (PID=549) to work on /opt/airflow/dags/driven_data_pipeline.py
[2025-07-03T00:59:48.241+0000] {processor.py:914} INFO - Processing file /opt/airflow/dags/driven_data_pipeline.py for tasks to queue
[2025-07-03T00:59:48.246+0000] {logging_mixin.py:190} INFO - [2025-07-03T00:59:48.245+0000] {dagbag.py:588} INFO - Filling up the DagBag from /opt/airflow/dags/driven_data_pipeline.py
[2025-07-03T00:59:49.023+0000] {processor.py:925} INFO - DAG(s) 'extract_raw_data_pipeline' retrieved from /opt/airflow/dags/driven_data_pipeline.py
[2025-07-03T00:59:49.069+0000] {logging_mixin.py:190} INFO - [2025-07-03T00:59:49.069+0000] {dag.py:3239} INFO - Sync 1 DAGs
[2025-07-03T00:59:49.102+0000] {logging_mixin.py:190} INFO - [2025-07-03T00:59:49.102+0000] {dag.py:4180} INFO - Setting next_dagrun for extract_raw_data_pipeline to 2025-07-02 07:59:00+00:00, run_after=2025-07-03 07:00:00+00:00
[2025-07-03T00:59:49.140+0000] {processor.py:208} INFO - Processing /opt/airflow/dags/driven_data_pipeline.py took 0.914 seconds
[2025-07-03T01:00:19.606+0000] {processor.py:186} INFO - Started process (PID=557) to work on /opt/airflow/dags/driven_data_pipeline.py
[2025-07-03T01:00:19.608+0000] {processor.py:914} INFO - Processing file /opt/airflow/dags/driven_data_pipeline.py for tasks to queue
[2025-07-03T01:00:19.613+0000] {logging_mixin.py:190} INFO - [2025-07-03T01:00:19.612+0000] {dagbag.py:588} INFO - Filling up the DagBag from /opt/airflow/dags/driven_data_pipeline.py
[2025-07-03T01:00:20.325+0000] {processor.py:925} INFO - DAG(s) 'extract_raw_data_pipeline' retrieved from /opt/airflow/dags/driven_data_pipeline.py
[2025-07-03T01:00:20.371+0000] {logging_mixin.py:190} INFO - [2025-07-03T01:00:20.371+0000] {dag.py:3239} INFO - Sync 1 DAGs
[2025-07-03T01:00:20.402+0000] {logging_mixin.py:190} INFO - [2025-07-03T01:00:20.402+0000] {dag.py:4180} INFO - Setting next_dagrun for extract_raw_data_pipeline to 2025-07-02 07:59:00+00:00, run_after=2025-07-03 07:00:00+00:00
[2025-07-03T01:00:20.433+0000] {processor.py:208} INFO - Processing /opt/airflow/dags/driven_data_pipeline.py took 0.836 seconds
[2025-07-03T01:00:50.862+0000] {processor.py:186} INFO - Started process (PID=565) to work on /opt/airflow/dags/driven_data_pipeline.py
[2025-07-03T01:00:50.865+0000] {processor.py:914} INFO - Processing file /opt/airflow/dags/driven_data_pipeline.py for tasks to queue
[2025-07-03T01:00:50.872+0000] {logging_mixin.py:190} INFO - [2025-07-03T01:00:50.870+0000] {dagbag.py:588} INFO - Filling up the DagBag from /opt/airflow/dags/driven_data_pipeline.py
[2025-07-03T01:00:51.653+0000] {processor.py:925} INFO - DAG(s) 'extract_raw_data_pipeline' retrieved from /opt/airflow/dags/driven_data_pipeline.py
[2025-07-03T01:00:51.699+0000] {logging_mixin.py:190} INFO - [2025-07-03T01:00:51.698+0000] {dag.py:3239} INFO - Sync 1 DAGs
[2025-07-03T01:00:51.731+0000] {logging_mixin.py:190} INFO - [2025-07-03T01:00:51.731+0000] {dag.py:4180} INFO - Setting next_dagrun for extract_raw_data_pipeline to 2025-07-02 07:59:00+00:00, run_after=2025-07-03 07:00:00+00:00
[2025-07-03T01:00:51.758+0000] {processor.py:208} INFO - Processing /opt/airflow/dags/driven_data_pipeline.py took 0.909 seconds
[2025-07-03T01:01:22.237+0000] {processor.py:186} INFO - Started process (PID=573) to work on /opt/airflow/dags/driven_data_pipeline.py
[2025-07-03T01:01:22.239+0000] {processor.py:914} INFO - Processing file /opt/airflow/dags/driven_data_pipeline.py for tasks to queue
[2025-07-03T01:01:22.248+0000] {logging_mixin.py:190} INFO - [2025-07-03T01:01:22.244+0000] {dagbag.py:588} INFO - Filling up the DagBag from /opt/airflow/dags/driven_data_pipeline.py
[2025-07-03T01:01:23.006+0000] {processor.py:925} INFO - DAG(s) 'extract_raw_data_pipeline' retrieved from /opt/airflow/dags/driven_data_pipeline.py
[2025-07-03T01:01:23.111+0000] {logging_mixin.py:190} INFO - [2025-07-03T01:01:23.111+0000] {dag.py:3239} INFO - Sync 1 DAGs
[2025-07-03T01:01:23.153+0000] {logging_mixin.py:190} INFO - [2025-07-03T01:01:23.152+0000] {dag.py:4180} INFO - Setting next_dagrun for extract_raw_data_pipeline to 2025-07-02 07:59:00+00:00, run_after=2025-07-03 07:00:00+00:00
[2025-07-03T01:01:23.187+0000] {processor.py:208} INFO - Processing /opt/airflow/dags/driven_data_pipeline.py took 0.965 seconds
[2025-07-03T01:01:53.613+0000] {processor.py:186} INFO - Started process (PID=581) to work on /opt/airflow/dags/driven_data_pipeline.py
[2025-07-03T01:01:53.615+0000] {processor.py:914} INFO - Processing file /opt/airflow/dags/driven_data_pipeline.py for tasks to queue
[2025-07-03T01:01:53.620+0000] {logging_mixin.py:190} INFO - [2025-07-03T01:01:53.619+0000] {dagbag.py:588} INFO - Filling up the DagBag from /opt/airflow/dags/driven_data_pipeline.py
[2025-07-03T01:01:54.460+0000] {processor.py:925} INFO - DAG(s) 'extract_raw_data_pipeline' retrieved from /opt/airflow/dags/driven_data_pipeline.py
[2025-07-03T01:01:54.527+0000] {logging_mixin.py:190} INFO - [2025-07-03T01:01:54.527+0000] {dag.py:3239} INFO - Sync 1 DAGs
[2025-07-03T01:01:54.605+0000] {logging_mixin.py:190} INFO - [2025-07-03T01:01:54.604+0000] {dag.py:4180} INFO - Setting next_dagrun for extract_raw_data_pipeline to 2025-07-02 07:59:00+00:00, run_after=2025-07-03 07:00:00+00:00
[2025-07-03T01:01:54.643+0000] {processor.py:208} INFO - Processing /opt/airflow/dags/driven_data_pipeline.py took 1.041 seconds
[2025-07-03T01:02:24.972+0000] {processor.py:186} INFO - Started process (PID=595) to work on /opt/airflow/dags/driven_data_pipeline.py
[2025-07-03T01:02:24.974+0000] {processor.py:914} INFO - Processing file /opt/airflow/dags/driven_data_pipeline.py for tasks to queue
[2025-07-03T01:02:24.980+0000] {logging_mixin.py:190} INFO - [2025-07-03T01:02:24.979+0000] {dagbag.py:588} INFO - Filling up the DagBag from /opt/airflow/dags/driven_data_pipeline.py
[2025-07-03T01:02:25.735+0000] {processor.py:925} INFO - DAG(s) 'extract_raw_data_pipeline' retrieved from /opt/airflow/dags/driven_data_pipeline.py
[2025-07-03T01:02:25.773+0000] {logging_mixin.py:190} INFO - [2025-07-03T01:02:25.772+0000] {dag.py:3239} INFO - Sync 1 DAGs
[2025-07-03T01:02:25.803+0000] {logging_mixin.py:190} INFO - [2025-07-03T01:02:25.802+0000] {dag.py:4180} INFO - Setting next_dagrun for extract_raw_data_pipeline to 2025-07-02 07:59:00+00:00, run_after=2025-07-03 07:00:00+00:00
[2025-07-03T01:02:25.834+0000] {processor.py:208} INFO - Processing /opt/airflow/dags/driven_data_pipeline.py took 0.875 seconds
[2025-07-03T01:02:56.290+0000] {processor.py:186} INFO - Started process (PID=604) to work on /opt/airflow/dags/driven_data_pipeline.py
[2025-07-03T01:02:56.293+0000] {processor.py:914} INFO - Processing file /opt/airflow/dags/driven_data_pipeline.py for tasks to queue
[2025-07-03T01:02:56.296+0000] {logging_mixin.py:190} INFO - [2025-07-03T01:02:56.296+0000] {dagbag.py:588} INFO - Filling up the DagBag from /opt/airflow/dags/driven_data_pipeline.py
[2025-07-03T01:02:57.022+0000] {processor.py:925} INFO - DAG(s) 'extract_raw_data_pipeline' retrieved from /opt/airflow/dags/driven_data_pipeline.py
[2025-07-03T01:02:57.071+0000] {logging_mixin.py:190} INFO - [2025-07-03T01:02:57.070+0000] {dag.py:3239} INFO - Sync 1 DAGs
[2025-07-03T01:02:57.107+0000] {logging_mixin.py:190} INFO - [2025-07-03T01:02:57.107+0000] {dag.py:4180} INFO - Setting next_dagrun for extract_raw_data_pipeline to 2025-07-02 07:59:00+00:00, run_after=2025-07-03 07:00:00+00:00
[2025-07-03T01:02:57.143+0000] {processor.py:208} INFO - Processing /opt/airflow/dags/driven_data_pipeline.py took 0.866 seconds
[2025-07-03T01:03:27.574+0000] {processor.py:186} INFO - Started process (PID=612) to work on /opt/airflow/dags/driven_data_pipeline.py
[2025-07-03T01:03:27.578+0000] {processor.py:914} INFO - Processing file /opt/airflow/dags/driven_data_pipeline.py for tasks to queue
[2025-07-03T01:03:27.585+0000] {logging_mixin.py:190} INFO - [2025-07-03T01:03:27.583+0000] {dagbag.py:588} INFO - Filling up the DagBag from /opt/airflow/dags/driven_data_pipeline.py
[2025-07-03T01:03:28.606+0000] {processor.py:925} INFO - DAG(s) 'extract_raw_data_pipeline' retrieved from /opt/airflow/dags/driven_data_pipeline.py
[2025-07-03T01:03:28.672+0000] {logging_mixin.py:190} INFO - [2025-07-03T01:03:28.672+0000] {dag.py:3239} INFO - Sync 1 DAGs
[2025-07-03T01:03:28.719+0000] {logging_mixin.py:190} INFO - [2025-07-03T01:03:28.718+0000] {dag.py:4180} INFO - Setting next_dagrun for extract_raw_data_pipeline to 2025-07-02 07:59:00+00:00, run_after=2025-07-03 07:00:00+00:00
[2025-07-03T01:03:28.759+0000] {processor.py:208} INFO - Processing /opt/airflow/dags/driven_data_pipeline.py took 1.200 seconds
[2025-07-03T01:03:59.046+0000] {processor.py:186} INFO - Started process (PID=620) to work on /opt/airflow/dags/driven_data_pipeline.py
[2025-07-03T01:03:59.049+0000] {processor.py:914} INFO - Processing file /opt/airflow/dags/driven_data_pipeline.py for tasks to queue
[2025-07-03T01:03:59.053+0000] {logging_mixin.py:190} INFO - [2025-07-03T01:03:59.053+0000] {dagbag.py:588} INFO - Filling up the DagBag from /opt/airflow/dags/driven_data_pipeline.py
[2025-07-03T01:03:59.926+0000] {processor.py:925} INFO - DAG(s) 'extract_raw_data_pipeline' retrieved from /opt/airflow/dags/driven_data_pipeline.py
[2025-07-03T01:03:59.974+0000] {logging_mixin.py:190} INFO - [2025-07-03T01:03:59.973+0000] {dag.py:3239} INFO - Sync 1 DAGs
[2025-07-03T01:04:00.007+0000] {logging_mixin.py:190} INFO - [2025-07-03T01:04:00.007+0000] {dag.py:4180} INFO - Setting next_dagrun for extract_raw_data_pipeline to 2025-07-02 07:59:00+00:00, run_after=2025-07-03 07:00:00+00:00
[2025-07-03T01:04:00.047+0000] {processor.py:208} INFO - Processing /opt/airflow/dags/driven_data_pipeline.py took 1.014 seconds
[2025-07-03T01:04:30.418+0000] {processor.py:186} INFO - Started process (PID=628) to work on /opt/airflow/dags/driven_data_pipeline.py
[2025-07-03T01:04:30.421+0000] {processor.py:914} INFO - Processing file /opt/airflow/dags/driven_data_pipeline.py for tasks to queue
[2025-07-03T01:04:30.426+0000] {logging_mixin.py:190} INFO - [2025-07-03T01:04:30.425+0000] {dagbag.py:588} INFO - Filling up the DagBag from /opt/airflow/dags/driven_data_pipeline.py
[2025-07-03T01:04:31.336+0000] {processor.py:925} INFO - DAG(s) 'extract_raw_data_pipeline' retrieved from /opt/airflow/dags/driven_data_pipeline.py
[2025-07-03T01:04:31.399+0000] {logging_mixin.py:190} INFO - [2025-07-03T01:04:31.399+0000] {dag.py:3239} INFO - Sync 1 DAGs
[2025-07-03T01:04:31.493+0000] {logging_mixin.py:190} INFO - [2025-07-03T01:04:31.493+0000] {dag.py:4180} INFO - Setting next_dagrun for extract_raw_data_pipeline to 2025-07-02 07:59:00+00:00, run_after=2025-07-03 07:00:00+00:00
[2025-07-03T01:04:31.528+0000] {processor.py:208} INFO - Processing /opt/airflow/dags/driven_data_pipeline.py took 1.122 seconds
[2025-07-03T01:05:01.822+0000] {processor.py:186} INFO - Started process (PID=636) to work on /opt/airflow/dags/driven_data_pipeline.py
[2025-07-03T01:05:01.825+0000] {processor.py:914} INFO - Processing file /opt/airflow/dags/driven_data_pipeline.py for tasks to queue
[2025-07-03T01:05:01.830+0000] {logging_mixin.py:190} INFO - [2025-07-03T01:05:01.829+0000] {dagbag.py:588} INFO - Filling up the DagBag from /opt/airflow/dags/driven_data_pipeline.py
[2025-07-03T01:05:02.164+0000] {processor.py:925} INFO - DAG(s) 'extract_raw_data_pipeline' retrieved from /opt/airflow/dags/driven_data_pipeline.py
[2025-07-03T01:05:02.203+0000] {logging_mixin.py:190} INFO - [2025-07-03T01:05:02.202+0000] {dag.py:3239} INFO - Sync 1 DAGs
[2025-07-03T01:05:02.294+0000] {logging_mixin.py:190} INFO - [2025-07-03T01:05:02.294+0000] {dag.py:4180} INFO - Setting next_dagrun for extract_raw_data_pipeline to 2025-07-02 07:59:00+00:00, run_after=2025-07-03 07:00:00+00:00
[2025-07-03T01:05:02.344+0000] {processor.py:208} INFO - Processing /opt/airflow/dags/driven_data_pipeline.py took 0.534 seconds
[2025-07-03T01:05:32.782+0000] {processor.py:186} INFO - Started process (PID=645) to work on /opt/airflow/dags/driven_data_pipeline.py
[2025-07-03T01:05:32.784+0000] {processor.py:914} INFO - Processing file /opt/airflow/dags/driven_data_pipeline.py for tasks to queue
[2025-07-03T01:05:32.789+0000] {logging_mixin.py:190} INFO - [2025-07-03T01:05:32.788+0000] {dagbag.py:588} INFO - Filling up the DagBag from /opt/airflow/dags/driven_data_pipeline.py
[2025-07-03T01:05:33.593+0000] {processor.py:925} INFO - DAG(s) 'extract_raw_data_pipeline' retrieved from /opt/airflow/dags/driven_data_pipeline.py
[2025-07-03T01:05:33.639+0000] {logging_mixin.py:190} INFO - [2025-07-03T01:05:33.638+0000] {dag.py:3239} INFO - Sync 1 DAGs
[2025-07-03T01:05:33.679+0000] {logging_mixin.py:190} INFO - [2025-07-03T01:05:33.679+0000] {dag.py:4180} INFO - Setting next_dagrun for extract_raw_data_pipeline to 2025-07-02 07:59:00+00:00, run_after=2025-07-03 07:00:00+00:00
[2025-07-03T01:05:33.714+0000] {processor.py:208} INFO - Processing /opt/airflow/dags/driven_data_pipeline.py took 0.943 seconds
[2025-07-03T01:06:04.128+0000] {processor.py:186} INFO - Started process (PID=653) to work on /opt/airflow/dags/driven_data_pipeline.py
[2025-07-03T01:06:04.132+0000] {processor.py:914} INFO - Processing file /opt/airflow/dags/driven_data_pipeline.py for tasks to queue
[2025-07-03T01:06:04.139+0000] {logging_mixin.py:190} INFO - [2025-07-03T01:06:04.138+0000] {dagbag.py:588} INFO - Filling up the DagBag from /opt/airflow/dags/driven_data_pipeline.py
[2025-07-03T01:06:05.003+0000] {processor.py:925} INFO - DAG(s) 'extract_raw_data_pipeline' retrieved from /opt/airflow/dags/driven_data_pipeline.py
[2025-07-03T01:06:05.064+0000] {logging_mixin.py:190} INFO - [2025-07-03T01:06:05.064+0000] {dag.py:3239} INFO - Sync 1 DAGs
[2025-07-03T01:06:05.100+0000] {logging_mixin.py:190} INFO - [2025-07-03T01:06:05.100+0000] {dag.py:4180} INFO - Setting next_dagrun for extract_raw_data_pipeline to 2025-07-02 07:59:00+00:00, run_after=2025-07-03 07:00:00+00:00
[2025-07-03T01:06:05.131+0000] {processor.py:208} INFO - Processing /opt/airflow/dags/driven_data_pipeline.py took 1.014 seconds
[2025-07-03T01:06:35.547+0000] {processor.py:186} INFO - Started process (PID=661) to work on /opt/airflow/dags/driven_data_pipeline.py
[2025-07-03T01:06:35.549+0000] {processor.py:914} INFO - Processing file /opt/airflow/dags/driven_data_pipeline.py for tasks to queue
[2025-07-03T01:06:35.554+0000] {logging_mixin.py:190} INFO - [2025-07-03T01:06:35.554+0000] {dagbag.py:588} INFO - Filling up the DagBag from /opt/airflow/dags/driven_data_pipeline.py
[2025-07-03T01:06:36.323+0000] {processor.py:925} INFO - DAG(s) 'extract_raw_data_pipeline' retrieved from /opt/airflow/dags/driven_data_pipeline.py
[2025-07-03T01:06:36.369+0000] {logging_mixin.py:190} INFO - [2025-07-03T01:06:36.368+0000] {dag.py:3239} INFO - Sync 1 DAGs
[2025-07-03T01:06:36.402+0000] {logging_mixin.py:190} INFO - [2025-07-03T01:06:36.401+0000] {dag.py:4180} INFO - Setting next_dagrun for extract_raw_data_pipeline to 2025-07-02 07:59:00+00:00, run_after=2025-07-03 07:00:00+00:00
[2025-07-03T01:06:36.432+0000] {processor.py:208} INFO - Processing /opt/airflow/dags/driven_data_pipeline.py took 0.897 seconds
[2025-07-03T01:07:06.868+0000] {processor.py:186} INFO - Started process (PID=669) to work on /opt/airflow/dags/driven_data_pipeline.py
[2025-07-03T01:07:06.870+0000] {processor.py:914} INFO - Processing file /opt/airflow/dags/driven_data_pipeline.py for tasks to queue
[2025-07-03T01:07:06.875+0000] {logging_mixin.py:190} INFO - [2025-07-03T01:07:06.874+0000] {dagbag.py:588} INFO - Filling up the DagBag from /opt/airflow/dags/driven_data_pipeline.py
[2025-07-03T01:07:07.661+0000] {processor.py:925} INFO - DAG(s) 'extract_raw_data_pipeline' retrieved from /opt/airflow/dags/driven_data_pipeline.py
[2025-07-03T01:07:07.703+0000] {logging_mixin.py:190} INFO - [2025-07-03T01:07:07.703+0000] {dag.py:3239} INFO - Sync 1 DAGs
[2025-07-03T01:07:07.730+0000] {logging_mixin.py:190} INFO - [2025-07-03T01:07:07.730+0000] {dag.py:4180} INFO - Setting next_dagrun for extract_raw_data_pipeline to 2025-07-02 07:59:00+00:00, run_after=2025-07-03 07:00:00+00:00
[2025-07-03T01:07:07.760+0000] {processor.py:208} INFO - Processing /opt/airflow/dags/driven_data_pipeline.py took 0.903 seconds
[2025-07-03T01:07:27.067+0000] {processor.py:186} INFO - Started process (PID=677) to work on /opt/airflow/dags/driven_data_pipeline.py
[2025-07-03T01:07:27.069+0000] {processor.py:914} INFO - Processing file /opt/airflow/dags/driven_data_pipeline.py for tasks to queue
[2025-07-03T01:07:27.073+0000] {logging_mixin.py:190} INFO - [2025-07-03T01:07:27.072+0000] {dagbag.py:588} INFO - Filling up the DagBag from /opt/airflow/dags/driven_data_pipeline.py
[2025-07-03T01:07:27.404+0000] {processor.py:925} INFO - DAG(s) 'extract_raw_data_pipeline' retrieved from /opt/airflow/dags/driven_data_pipeline.py
[2025-07-03T01:07:27.988+0000] {logging_mixin.py:190} INFO - [2025-07-03T01:07:27.988+0000] {dag.py:3239} INFO - Sync 1 DAGs
[2025-07-03T01:07:28.026+0000] {logging_mixin.py:190} INFO - [2025-07-03T01:07:28.025+0000] {dag.py:4180} INFO - Setting next_dagrun for extract_raw_data_pipeline to 2025-07-02 07:59:00+00:00, run_after=2025-07-03 07:00:00+00:00
[2025-07-03T01:07:28.128+0000] {processor.py:208} INFO - Processing /opt/airflow/dags/driven_data_pipeline.py took 1.070 seconds
[2025-07-03T01:07:33.322+0000] {processor.py:186} INFO - Started process (PID=679) to work on /opt/airflow/dags/driven_data_pipeline.py
[2025-07-03T01:07:33.324+0000] {processor.py:914} INFO - Processing file /opt/airflow/dags/driven_data_pipeline.py for tasks to queue
[2025-07-03T01:07:33.329+0000] {logging_mixin.py:190} INFO - [2025-07-03T01:07:33.328+0000] {dagbag.py:588} INFO - Filling up the DagBag from /opt/airflow/dags/driven_data_pipeline.py
[2025-07-03T01:07:34.170+0000] {processor.py:925} INFO - DAG(s) 'extract_raw_data_pipeline' retrieved from /opt/airflow/dags/driven_data_pipeline.py
[2025-07-03T01:07:34.259+0000] {logging_mixin.py:190} INFO - [2025-07-03T01:07:34.259+0000] {dag.py:3239} INFO - Sync 1 DAGs
[2025-07-03T01:07:34.335+0000] {logging_mixin.py:190} INFO - [2025-07-03T01:07:34.334+0000] {dag.py:4180} INFO - Setting next_dagrun for extract_raw_data_pipeline to 2025-07-02 07:59:00+00:00, run_after=2025-07-03 07:00:00+00:00
[2025-07-03T01:07:34.449+0000] {processor.py:208} INFO - Processing /opt/airflow/dags/driven_data_pipeline.py took 1.140 seconds
[2025-07-03T01:08:04.722+0000] {processor.py:186} INFO - Started process (PID=687) to work on /opt/airflow/dags/driven_data_pipeline.py
[2025-07-03T01:08:04.724+0000] {processor.py:914} INFO - Processing file /opt/airflow/dags/driven_data_pipeline.py for tasks to queue
[2025-07-03T01:08:04.729+0000] {logging_mixin.py:190} INFO - [2025-07-03T01:08:04.728+0000] {dagbag.py:588} INFO - Filling up the DagBag from /opt/airflow/dags/driven_data_pipeline.py
[2025-07-03T01:08:05.531+0000] {processor.py:925} INFO - DAG(s) 'extract_raw_data_pipeline' retrieved from /opt/airflow/dags/driven_data_pipeline.py
[2025-07-03T01:08:05.637+0000] {logging_mixin.py:190} INFO - [2025-07-03T01:08:05.636+0000] {dag.py:3239} INFO - Sync 1 DAGs
[2025-07-03T01:08:05.668+0000] {logging_mixin.py:190} INFO - [2025-07-03T01:08:05.668+0000] {dag.py:4180} INFO - Setting next_dagrun for extract_raw_data_pipeline to 2025-07-02 07:59:00+00:00, run_after=2025-07-03 07:00:00+00:00
[2025-07-03T01:08:05.694+0000] {processor.py:208} INFO - Processing /opt/airflow/dags/driven_data_pipeline.py took 0.983 seconds
[2025-07-03T01:08:36.072+0000] {processor.py:186} INFO - Started process (PID=695) to work on /opt/airflow/dags/driven_data_pipeline.py
[2025-07-03T01:08:36.073+0000] {processor.py:914} INFO - Processing file /opt/airflow/dags/driven_data_pipeline.py for tasks to queue
[2025-07-03T01:08:36.079+0000] {logging_mixin.py:190} INFO - [2025-07-03T01:08:36.078+0000] {dagbag.py:588} INFO - Filling up the DagBag from /opt/airflow/dags/driven_data_pipeline.py
[2025-07-03T01:08:36.812+0000] {processor.py:925} INFO - DAG(s) 'extract_raw_data_pipeline' retrieved from /opt/airflow/dags/driven_data_pipeline.py
[2025-07-03T01:08:36.862+0000] {logging_mixin.py:190} INFO - [2025-07-03T01:08:36.861+0000] {dag.py:3239} INFO - Sync 1 DAGs
[2025-07-03T01:08:36.902+0000] {logging_mixin.py:190} INFO - [2025-07-03T01:08:36.902+0000] {dag.py:4180} INFO - Setting next_dagrun for extract_raw_data_pipeline to 2025-07-02 07:59:00+00:00, run_after=2025-07-03 07:00:00+00:00
[2025-07-03T01:08:36.937+0000] {processor.py:208} INFO - Processing /opt/airflow/dags/driven_data_pipeline.py took 0.875 seconds
[2025-07-03T01:09:07.335+0000] {processor.py:186} INFO - Started process (PID=703) to work on /opt/airflow/dags/driven_data_pipeline.py
[2025-07-03T01:09:07.337+0000] {processor.py:914} INFO - Processing file /opt/airflow/dags/driven_data_pipeline.py for tasks to queue
[2025-07-03T01:09:07.343+0000] {logging_mixin.py:190} INFO - [2025-07-03T01:09:07.343+0000] {dagbag.py:588} INFO - Filling up the DagBag from /opt/airflow/dags/driven_data_pipeline.py
[2025-07-03T01:09:08.094+0000] {processor.py:925} INFO - DAG(s) 'extract_raw_data_pipeline' retrieved from /opt/airflow/dags/driven_data_pipeline.py
[2025-07-03T01:09:08.146+0000] {logging_mixin.py:190} INFO - [2025-07-03T01:09:08.145+0000] {dag.py:3239} INFO - Sync 1 DAGs
[2025-07-03T01:09:08.181+0000] {logging_mixin.py:190} INFO - [2025-07-03T01:09:08.181+0000] {dag.py:4180} INFO - Setting next_dagrun for extract_raw_data_pipeline to 2025-07-02 07:59:00+00:00, run_after=2025-07-03 07:00:00+00:00
[2025-07-03T01:09:08.214+0000] {processor.py:208} INFO - Processing /opt/airflow/dags/driven_data_pipeline.py took 0.889 seconds
[2025-07-03T01:09:38.620+0000] {processor.py:186} INFO - Started process (PID=711) to work on /opt/airflow/dags/driven_data_pipeline.py
[2025-07-03T01:09:38.622+0000] {processor.py:914} INFO - Processing file /opt/airflow/dags/driven_data_pipeline.py for tasks to queue
[2025-07-03T01:09:38.628+0000] {logging_mixin.py:190} INFO - [2025-07-03T01:09:38.627+0000] {dagbag.py:588} INFO - Filling up the DagBag from /opt/airflow/dags/driven_data_pipeline.py
[2025-07-03T01:09:39.472+0000] {processor.py:925} INFO - DAG(s) 'extract_raw_data_pipeline' retrieved from /opt/airflow/dags/driven_data_pipeline.py
[2025-07-03T01:09:39.533+0000] {logging_mixin.py:190} INFO - [2025-07-03T01:09:39.533+0000] {dag.py:3239} INFO - Sync 1 DAGs
[2025-07-03T01:09:39.573+0000] {logging_mixin.py:190} INFO - [2025-07-03T01:09:39.572+0000] {dag.py:4180} INFO - Setting next_dagrun for extract_raw_data_pipeline to 2025-07-02 07:59:00+00:00, run_after=2025-07-03 07:00:00+00:00
[2025-07-03T01:09:39.606+0000] {processor.py:208} INFO - Processing /opt/airflow/dags/driven_data_pipeline.py took 1.000 seconds
[2025-07-03T01:10:09.977+0000] {processor.py:186} INFO - Started process (PID=719) to work on /opt/airflow/dags/driven_data_pipeline.py
[2025-07-03T01:10:09.979+0000] {processor.py:914} INFO - Processing file /opt/airflow/dags/driven_data_pipeline.py for tasks to queue
[2025-07-03T01:10:09.983+0000] {logging_mixin.py:190} INFO - [2025-07-03T01:10:09.982+0000] {dagbag.py:588} INFO - Filling up the DagBag from /opt/airflow/dags/driven_data_pipeline.py
[2025-07-03T01:10:10.740+0000] {processor.py:925} INFO - DAG(s) 'extract_raw_data_pipeline' retrieved from /opt/airflow/dags/driven_data_pipeline.py
[2025-07-03T01:10:10.793+0000] {logging_mixin.py:190} INFO - [2025-07-03T01:10:10.792+0000] {dag.py:3239} INFO - Sync 1 DAGs
[2025-07-03T01:10:10.826+0000] {logging_mixin.py:190} INFO - [2025-07-03T01:10:10.825+0000] {dag.py:4180} INFO - Setting next_dagrun for extract_raw_data_pipeline to 2025-07-02 07:59:00+00:00, run_after=2025-07-03 07:00:00+00:00
[2025-07-03T01:10:10.858+0000] {processor.py:208} INFO - Processing /opt/airflow/dags/driven_data_pipeline.py took 0.892 seconds
[2025-07-03T01:10:41.258+0000] {processor.py:186} INFO - Started process (PID=727) to work on /opt/airflow/dags/driven_data_pipeline.py
[2025-07-03T01:10:41.261+0000] {processor.py:914} INFO - Processing file /opt/airflow/dags/driven_data_pipeline.py for tasks to queue
[2025-07-03T01:10:41.265+0000] {logging_mixin.py:190} INFO - [2025-07-03T01:10:41.264+0000] {dagbag.py:588} INFO - Filling up the DagBag from /opt/airflow/dags/driven_data_pipeline.py
[2025-07-03T01:10:42.087+0000] {processor.py:925} INFO - DAG(s) 'extract_raw_data_pipeline' retrieved from /opt/airflow/dags/driven_data_pipeline.py
[2025-07-03T01:10:42.137+0000] {logging_mixin.py:190} INFO - [2025-07-03T01:10:42.137+0000] {dag.py:3239} INFO - Sync 1 DAGs
[2025-07-03T01:10:42.171+0000] {logging_mixin.py:190} INFO - [2025-07-03T01:10:42.170+0000] {dag.py:4180} INFO - Setting next_dagrun for extract_raw_data_pipeline to 2025-07-02 07:59:00+00:00, run_after=2025-07-03 07:00:00+00:00
[2025-07-03T01:10:42.202+0000] {processor.py:208} INFO - Processing /opt/airflow/dags/driven_data_pipeline.py took 0.956 seconds
[2025-07-03T01:13:24.825+0000] {processor.py:186} INFO - Started process (PID=91) to work on /opt/airflow/dags/driven_data_pipeline.py
[2025-07-03T01:13:24.828+0000] {processor.py:914} INFO - Processing file /opt/airflow/dags/driven_data_pipeline.py for tasks to queue
[2025-07-03T01:13:24.834+0000] {logging_mixin.py:190} INFO - [2025-07-03T01:13:24.833+0000] {dagbag.py:588} INFO - Filling up the DagBag from /opt/airflow/dags/driven_data_pipeline.py
[2025-07-03T01:13:25.894+0000] {processor.py:925} INFO - DAG(s) 'extract_raw_data_pipeline' retrieved from /opt/airflow/dags/driven_data_pipeline.py
[2025-07-03T01:13:25.972+0000] {logging_mixin.py:190} INFO - [2025-07-03T01:13:25.971+0000] {dag.py:3239} INFO - Sync 1 DAGs
[2025-07-03T01:13:26.018+0000] {logging_mixin.py:190} INFO - [2025-07-03T01:13:26.017+0000] {dag.py:4180} INFO - Setting next_dagrun for extract_raw_data_pipeline to 2025-07-02 07:59:00+00:00, run_after=2025-07-03 07:00:00+00:00
[2025-07-03T01:13:26.054+0000] {processor.py:208} INFO - Processing /opt/airflow/dags/driven_data_pipeline.py took 1.242 seconds
[2025-07-03T01:13:56.295+0000] {processor.py:186} INFO - Started process (PID=99) to work on /opt/airflow/dags/driven_data_pipeline.py
[2025-07-03T01:13:56.297+0000] {processor.py:914} INFO - Processing file /opt/airflow/dags/driven_data_pipeline.py for tasks to queue
[2025-07-03T01:13:56.304+0000] {logging_mixin.py:190} INFO - [2025-07-03T01:13:56.303+0000] {dagbag.py:588} INFO - Filling up the DagBag from /opt/airflow/dags/driven_data_pipeline.py
[2025-07-03T01:13:57.609+0000] {processor.py:925} INFO - DAG(s) 'extract_raw_data_pipeline' retrieved from /opt/airflow/dags/driven_data_pipeline.py
[2025-07-03T01:13:57.656+0000] {logging_mixin.py:190} INFO - [2025-07-03T01:13:57.655+0000] {dag.py:3239} INFO - Sync 1 DAGs
[2025-07-03T01:13:57.697+0000] {logging_mixin.py:190} INFO - [2025-07-03T01:13:57.696+0000] {dag.py:4180} INFO - Setting next_dagrun for extract_raw_data_pipeline to 2025-07-02 07:59:00+00:00, run_after=2025-07-03 07:00:00+00:00
[2025-07-03T01:13:57.766+0000] {processor.py:208} INFO - Processing /opt/airflow/dags/driven_data_pipeline.py took 1.483 seconds
[2025-07-03T01:14:28.194+0000] {processor.py:186} INFO - Started process (PID=107) to work on /opt/airflow/dags/driven_data_pipeline.py
[2025-07-03T01:14:28.196+0000] {processor.py:914} INFO - Processing file /opt/airflow/dags/driven_data_pipeline.py for tasks to queue
[2025-07-03T01:14:28.201+0000] {logging_mixin.py:190} INFO - [2025-07-03T01:14:28.200+0000] {dagbag.py:588} INFO - Filling up the DagBag from /opt/airflow/dags/driven_data_pipeline.py
[2025-07-03T01:14:29.130+0000] {processor.py:925} INFO - DAG(s) 'extract_raw_data_pipeline' retrieved from /opt/airflow/dags/driven_data_pipeline.py
[2025-07-03T01:14:29.183+0000] {logging_mixin.py:190} INFO - [2025-07-03T01:14:29.183+0000] {dag.py:3239} INFO - Sync 1 DAGs
[2025-07-03T01:14:29.225+0000] {logging_mixin.py:190} INFO - [2025-07-03T01:14:29.224+0000] {dag.py:4180} INFO - Setting next_dagrun for extract_raw_data_pipeline to 2025-07-02 07:59:00+00:00, run_after=2025-07-03 07:00:00+00:00
[2025-07-03T01:14:29.260+0000] {processor.py:208} INFO - Processing /opt/airflow/dags/driven_data_pipeline.py took 1.077 seconds
[2025-07-03T01:14:59.638+0000] {processor.py:186} INFO - Started process (PID=115) to work on /opt/airflow/dags/driven_data_pipeline.py
[2025-07-03T01:14:59.642+0000] {processor.py:914} INFO - Processing file /opt/airflow/dags/driven_data_pipeline.py for tasks to queue
[2025-07-03T01:14:59.652+0000] {logging_mixin.py:190} INFO - [2025-07-03T01:14:59.652+0000] {dagbag.py:588} INFO - Filling up the DagBag from /opt/airflow/dags/driven_data_pipeline.py
[2025-07-03T01:15:00.780+0000] {processor.py:925} INFO - DAG(s) 'extract_raw_data_pipeline' retrieved from /opt/airflow/dags/driven_data_pipeline.py
[2025-07-03T01:15:00.865+0000] {logging_mixin.py:190} INFO - [2025-07-03T01:15:00.864+0000] {dag.py:3239} INFO - Sync 1 DAGs
[2025-07-03T01:15:00.927+0000] {logging_mixin.py:190} INFO - [2025-07-03T01:15:00.926+0000] {dag.py:4180} INFO - Setting next_dagrun for extract_raw_data_pipeline to 2025-07-02 07:59:00+00:00, run_after=2025-07-03 07:00:00+00:00
[2025-07-03T01:15:00.965+0000] {processor.py:208} INFO - Processing /opt/airflow/dags/driven_data_pipeline.py took 1.354 seconds
[2025-07-03T01:15:31.460+0000] {processor.py:186} INFO - Started process (PID=127) to work on /opt/airflow/dags/driven_data_pipeline.py
[2025-07-03T01:15:31.463+0000] {processor.py:914} INFO - Processing file /opt/airflow/dags/driven_data_pipeline.py for tasks to queue
[2025-07-03T01:15:31.474+0000] {logging_mixin.py:190} INFO - [2025-07-03T01:15:31.468+0000] {dagbag.py:588} INFO - Filling up the DagBag from /opt/airflow/dags/driven_data_pipeline.py
[2025-07-03T01:15:33.528+0000] {processor.py:925} INFO - DAG(s) 'extract_raw_data_pipeline' retrieved from /opt/airflow/dags/driven_data_pipeline.py
[2025-07-03T01:15:33.583+0000] {logging_mixin.py:190} INFO - [2025-07-03T01:15:33.582+0000] {dag.py:3239} INFO - Sync 1 DAGs
[2025-07-03T01:15:33.624+0000] {logging_mixin.py:190} INFO - [2025-07-03T01:15:33.623+0000] {dag.py:4180} INFO - Setting next_dagrun for extract_raw_data_pipeline to 2025-07-02 07:59:00+00:00, run_after=2025-07-03 07:00:00+00:00
[2025-07-03T01:15:33.655+0000] {processor.py:208} INFO - Processing /opt/airflow/dags/driven_data_pipeline.py took 2.209 seconds
[2025-07-03T01:16:03.845+0000] {processor.py:186} INFO - Started process (PID=135) to work on /opt/airflow/dags/driven_data_pipeline.py
[2025-07-03T01:16:03.847+0000] {processor.py:914} INFO - Processing file /opt/airflow/dags/driven_data_pipeline.py for tasks to queue
[2025-07-03T01:16:03.853+0000] {logging_mixin.py:190} INFO - [2025-07-03T01:16:03.852+0000] {dagbag.py:588} INFO - Filling up the DagBag from /opt/airflow/dags/driven_data_pipeline.py
[2025-07-03T01:16:04.780+0000] {processor.py:925} INFO - DAG(s) 'extract_raw_data_pipeline' retrieved from /opt/airflow/dags/driven_data_pipeline.py
[2025-07-03T01:16:04.823+0000] {logging_mixin.py:190} INFO - [2025-07-03T01:16:04.822+0000] {dag.py:3239} INFO - Sync 1 DAGs
[2025-07-03T01:16:04.851+0000] {logging_mixin.py:190} INFO - [2025-07-03T01:16:04.851+0000] {dag.py:4180} INFO - Setting next_dagrun for extract_raw_data_pipeline to 2025-07-02 07:59:00+00:00, run_after=2025-07-03 07:00:00+00:00
[2025-07-03T01:16:04.879+0000] {processor.py:208} INFO - Processing /opt/airflow/dags/driven_data_pipeline.py took 1.045 seconds
[2025-07-03T01:16:35.229+0000] {processor.py:186} INFO - Started process (PID=143) to work on /opt/airflow/dags/driven_data_pipeline.py
[2025-07-03T01:16:35.231+0000] {processor.py:914} INFO - Processing file /opt/airflow/dags/driven_data_pipeline.py for tasks to queue
[2025-07-03T01:16:35.237+0000] {logging_mixin.py:190} INFO - [2025-07-03T01:16:35.236+0000] {dagbag.py:588} INFO - Filling up the DagBag from /opt/airflow/dags/driven_data_pipeline.py
[2025-07-03T01:16:36.064+0000] {processor.py:925} INFO - DAG(s) 'extract_raw_data_pipeline' retrieved from /opt/airflow/dags/driven_data_pipeline.py
[2025-07-03T01:16:36.107+0000] {logging_mixin.py:190} INFO - [2025-07-03T01:16:36.106+0000] {dag.py:3239} INFO - Sync 1 DAGs
[2025-07-03T01:16:36.137+0000] {logging_mixin.py:190} INFO - [2025-07-03T01:16:36.136+0000] {dag.py:4180} INFO - Setting next_dagrun for extract_raw_data_pipeline to 2025-07-02 07:59:00+00:00, run_after=2025-07-03 07:00:00+00:00
[2025-07-03T01:16:36.173+0000] {processor.py:208} INFO - Processing /opt/airflow/dags/driven_data_pipeline.py took 0.955 seconds
[2025-07-03T01:17:06.676+0000] {processor.py:186} INFO - Started process (PID=151) to work on /opt/airflow/dags/driven_data_pipeline.py
[2025-07-03T01:17:06.679+0000] {processor.py:914} INFO - Processing file /opt/airflow/dags/driven_data_pipeline.py for tasks to queue
[2025-07-03T01:17:06.684+0000] {logging_mixin.py:190} INFO - [2025-07-03T01:17:06.683+0000] {dagbag.py:588} INFO - Filling up the DagBag from /opt/airflow/dags/driven_data_pipeline.py
[2025-07-03T01:17:07.999+0000] {processor.py:925} INFO - DAG(s) 'extract_raw_data_pipeline' retrieved from /opt/airflow/dags/driven_data_pipeline.py
[2025-07-03T01:17:08.041+0000] {logging_mixin.py:190} INFO - [2025-07-03T01:17:08.041+0000] {dag.py:3239} INFO - Sync 1 DAGs
[2025-07-03T01:17:08.077+0000] {logging_mixin.py:190} INFO - [2025-07-03T01:17:08.077+0000] {dag.py:4180} INFO - Setting next_dagrun for extract_raw_data_pipeline to 2025-07-02 07:59:00+00:00, run_after=2025-07-03 07:00:00+00:00
[2025-07-03T01:17:08.108+0000] {processor.py:208} INFO - Processing /opt/airflow/dags/driven_data_pipeline.py took 1.444 seconds
[2025-07-03T01:17:38.659+0000] {processor.py:186} INFO - Started process (PID=165) to work on /opt/airflow/dags/driven_data_pipeline.py
[2025-07-03T01:17:38.661+0000] {processor.py:914} INFO - Processing file /opt/airflow/dags/driven_data_pipeline.py for tasks to queue
[2025-07-03T01:17:38.666+0000] {logging_mixin.py:190} INFO - [2025-07-03T01:17:38.665+0000] {dagbag.py:588} INFO - Filling up the DagBag from /opt/airflow/dags/driven_data_pipeline.py
[2025-07-03T01:17:39.538+0000] {processor.py:925} INFO - DAG(s) 'extract_raw_data_pipeline' retrieved from /opt/airflow/dags/driven_data_pipeline.py
[2025-07-03T01:17:39.578+0000] {logging_mixin.py:190} INFO - [2025-07-03T01:17:39.578+0000] {dag.py:3239} INFO - Sync 1 DAGs
[2025-07-03T01:17:39.610+0000] {logging_mixin.py:190} INFO - [2025-07-03T01:17:39.609+0000] {dag.py:4180} INFO - Setting next_dagrun for extract_raw_data_pipeline to 2025-07-02 07:59:00+00:00, run_after=2025-07-03 07:00:00+00:00
[2025-07-03T01:17:39.652+0000] {processor.py:208} INFO - Processing /opt/airflow/dags/driven_data_pipeline.py took 1.002 seconds
[2025-07-03T01:18:10.227+0000] {processor.py:186} INFO - Started process (PID=173) to work on /opt/airflow/dags/driven_data_pipeline.py
[2025-07-03T01:18:10.229+0000] {processor.py:914} INFO - Processing file /opt/airflow/dags/driven_data_pipeline.py for tasks to queue
[2025-07-03T01:18:10.235+0000] {logging_mixin.py:190} INFO - [2025-07-03T01:18:10.234+0000] {dagbag.py:588} INFO - Filling up the DagBag from /opt/airflow/dags/driven_data_pipeline.py
[2025-07-03T01:18:11.144+0000] {processor.py:925} INFO - DAG(s) 'extract_raw_data_pipeline' retrieved from /opt/airflow/dags/driven_data_pipeline.py
[2025-07-03T01:18:11.197+0000] {logging_mixin.py:190} INFO - [2025-07-03T01:18:11.197+0000] {dag.py:3239} INFO - Sync 1 DAGs
[2025-07-03T01:18:11.283+0000] {logging_mixin.py:190} INFO - [2025-07-03T01:18:11.282+0000] {dag.py:4180} INFO - Setting next_dagrun for extract_raw_data_pipeline to 2025-07-02 07:59:00+00:00, run_after=2025-07-03 07:00:00+00:00
[2025-07-03T01:18:11.331+0000] {processor.py:208} INFO - Processing /opt/airflow/dags/driven_data_pipeline.py took 1.119 seconds
[2025-07-03T01:18:41.690+0000] {processor.py:186} INFO - Started process (PID=181) to work on /opt/airflow/dags/driven_data_pipeline.py
[2025-07-03T01:18:41.693+0000] {processor.py:914} INFO - Processing file /opt/airflow/dags/driven_data_pipeline.py for tasks to queue
[2025-07-03T01:18:41.698+0000] {logging_mixin.py:190} INFO - [2025-07-03T01:18:41.698+0000] {dagbag.py:588} INFO - Filling up the DagBag from /opt/airflow/dags/driven_data_pipeline.py
[2025-07-03T01:18:42.736+0000] {processor.py:925} INFO - DAG(s) 'extract_raw_data_pipeline' retrieved from /opt/airflow/dags/driven_data_pipeline.py
[2025-07-03T01:18:42.812+0000] {logging_mixin.py:190} INFO - [2025-07-03T01:18:42.812+0000] {dag.py:3239} INFO - Sync 1 DAGs
[2025-07-03T01:18:42.849+0000] {logging_mixin.py:190} INFO - [2025-07-03T01:18:42.848+0000] {dag.py:4180} INFO - Setting next_dagrun for extract_raw_data_pipeline to 2025-07-02 07:59:00+00:00, run_after=2025-07-03 07:00:00+00:00
[2025-07-03T01:18:42.890+0000] {processor.py:208} INFO - Processing /opt/airflow/dags/driven_data_pipeline.py took 1.212 seconds
[2025-07-03T01:19:13.150+0000] {processor.py:186} INFO - Started process (PID=189) to work on /opt/airflow/dags/driven_data_pipeline.py
[2025-07-03T01:19:13.152+0000] {processor.py:914} INFO - Processing file /opt/airflow/dags/driven_data_pipeline.py for tasks to queue
[2025-07-03T01:19:13.157+0000] {logging_mixin.py:190} INFO - [2025-07-03T01:19:13.156+0000] {dagbag.py:588} INFO - Filling up the DagBag from /opt/airflow/dags/driven_data_pipeline.py
[2025-07-03T01:19:14.098+0000] {processor.py:925} INFO - DAG(s) 'extract_raw_data_pipeline' retrieved from /opt/airflow/dags/driven_data_pipeline.py
[2025-07-03T01:19:14.143+0000] {logging_mixin.py:190} INFO - [2025-07-03T01:19:14.143+0000] {dag.py:3239} INFO - Sync 1 DAGs
[2025-07-03T01:19:14.184+0000] {logging_mixin.py:190} INFO - [2025-07-03T01:19:14.184+0000] {dag.py:4180} INFO - Setting next_dagrun for extract_raw_data_pipeline to 2025-07-02 07:59:00+00:00, run_after=2025-07-03 07:00:00+00:00
[2025-07-03T01:19:14.220+0000] {processor.py:208} INFO - Processing /opt/airflow/dags/driven_data_pipeline.py took 1.083 seconds
[2025-07-03T01:19:44.685+0000] {processor.py:186} INFO - Started process (PID=197) to work on /opt/airflow/dags/driven_data_pipeline.py
[2025-07-03T01:19:44.687+0000] {processor.py:914} INFO - Processing file /opt/airflow/dags/driven_data_pipeline.py for tasks to queue
[2025-07-03T01:19:44.692+0000] {logging_mixin.py:190} INFO - [2025-07-03T01:19:44.691+0000] {dagbag.py:588} INFO - Filling up the DagBag from /opt/airflow/dags/driven_data_pipeline.py
[2025-07-03T01:19:45.421+0000] {processor.py:925} INFO - DAG(s) 'extract_raw_data_pipeline' retrieved from /opt/airflow/dags/driven_data_pipeline.py
[2025-07-03T01:19:45.461+0000] {logging_mixin.py:190} INFO - [2025-07-03T01:19:45.461+0000] {dag.py:3239} INFO - Sync 1 DAGs
[2025-07-03T01:19:45.494+0000] {logging_mixin.py:190} INFO - [2025-07-03T01:19:45.493+0000] {dag.py:4180} INFO - Setting next_dagrun for extract_raw_data_pipeline to 2025-07-02 07:59:00+00:00, run_after=2025-07-03 07:00:00+00:00
[2025-07-03T01:19:45.522+0000] {processor.py:208} INFO - Processing /opt/airflow/dags/driven_data_pipeline.py took 0.847 seconds
[2025-07-03T01:20:15.968+0000] {processor.py:186} INFO - Started process (PID=205) to work on /opt/airflow/dags/driven_data_pipeline.py
[2025-07-03T01:20:15.970+0000] {processor.py:914} INFO - Processing file /opt/airflow/dags/driven_data_pipeline.py for tasks to queue
[2025-07-03T01:20:15.974+0000] {logging_mixin.py:190} INFO - [2025-07-03T01:20:15.973+0000] {dagbag.py:588} INFO - Filling up the DagBag from /opt/airflow/dags/driven_data_pipeline.py
[2025-07-03T01:20:16.598+0000] {processor.py:925} INFO - DAG(s) 'extract_raw_data_pipeline' retrieved from /opt/airflow/dags/driven_data_pipeline.py
[2025-07-03T01:20:16.635+0000] {logging_mixin.py:190} INFO - [2025-07-03T01:20:16.635+0000] {dag.py:3239} INFO - Sync 1 DAGs
[2025-07-03T01:20:16.667+0000] {logging_mixin.py:190} INFO - [2025-07-03T01:20:16.666+0000] {dag.py:4180} INFO - Setting next_dagrun for extract_raw_data_pipeline to 2025-07-02 07:59:00+00:00, run_after=2025-07-03 07:00:00+00:00
[2025-07-03T01:20:16.695+0000] {processor.py:208} INFO - Processing /opt/airflow/dags/driven_data_pipeline.py took 0.735 seconds
[2025-07-03T01:20:47.143+0000] {processor.py:186} INFO - Started process (PID=213) to work on /opt/airflow/dags/driven_data_pipeline.py
[2025-07-03T01:20:47.145+0000] {processor.py:914} INFO - Processing file /opt/airflow/dags/driven_data_pipeline.py for tasks to queue
[2025-07-03T01:20:47.150+0000] {logging_mixin.py:190} INFO - [2025-07-03T01:20:47.150+0000] {dagbag.py:588} INFO - Filling up the DagBag from /opt/airflow/dags/driven_data_pipeline.py
[2025-07-03T01:20:47.729+0000] {processor.py:925} INFO - DAG(s) 'extract_raw_data_pipeline' retrieved from /opt/airflow/dags/driven_data_pipeline.py
[2025-07-03T01:20:47.762+0000] {logging_mixin.py:190} INFO - [2025-07-03T01:20:47.762+0000] {dag.py:3239} INFO - Sync 1 DAGs
[2025-07-03T01:20:47.787+0000] {logging_mixin.py:190} INFO - [2025-07-03T01:20:47.787+0000] {dag.py:4180} INFO - Setting next_dagrun for extract_raw_data_pipeline to 2025-07-02 07:59:00+00:00, run_after=2025-07-03 07:00:00+00:00
[2025-07-03T01:20:47.857+0000] {processor.py:208} INFO - Processing /opt/airflow/dags/driven_data_pipeline.py took 0.725 seconds
[2025-07-03T01:21:18.323+0000] {processor.py:186} INFO - Started process (PID=221) to work on /opt/airflow/dags/driven_data_pipeline.py
[2025-07-03T01:21:18.325+0000] {processor.py:914} INFO - Processing file /opt/airflow/dags/driven_data_pipeline.py for tasks to queue
[2025-07-03T01:21:18.329+0000] {logging_mixin.py:190} INFO - [2025-07-03T01:21:18.329+0000] {dagbag.py:588} INFO - Filling up the DagBag from /opt/airflow/dags/driven_data_pipeline.py
[2025-07-03T01:21:18.997+0000] {processor.py:925} INFO - DAG(s) 'extract_raw_data_pipeline' retrieved from /opt/airflow/dags/driven_data_pipeline.py
[2025-07-03T01:21:19.032+0000] {logging_mixin.py:190} INFO - [2025-07-03T01:21:19.032+0000] {dag.py:3239} INFO - Sync 1 DAGs
[2025-07-03T01:21:19.065+0000] {logging_mixin.py:190} INFO - [2025-07-03T01:21:19.065+0000] {dag.py:4180} INFO - Setting next_dagrun for extract_raw_data_pipeline to 2025-07-02 07:59:00+00:00, run_after=2025-07-03 07:00:00+00:00
[2025-07-03T01:21:19.093+0000] {processor.py:208} INFO - Processing /opt/airflow/dags/driven_data_pipeline.py took 0.779 seconds
[2025-07-03T01:21:49.485+0000] {processor.py:186} INFO - Started process (PID=229) to work on /opt/airflow/dags/driven_data_pipeline.py
[2025-07-03T01:21:49.487+0000] {processor.py:914} INFO - Processing file /opt/airflow/dags/driven_data_pipeline.py for tasks to queue
[2025-07-03T01:21:49.491+0000] {logging_mixin.py:190} INFO - [2025-07-03T01:21:49.490+0000] {dagbag.py:588} INFO - Filling up the DagBag from /opt/airflow/dags/driven_data_pipeline.py
[2025-07-03T01:21:50.242+0000] {processor.py:925} INFO - DAG(s) 'extract_raw_data_pipeline' retrieved from /opt/airflow/dags/driven_data_pipeline.py
[2025-07-03T01:21:50.283+0000] {logging_mixin.py:190} INFO - [2025-07-03T01:21:50.282+0000] {dag.py:3239} INFO - Sync 1 DAGs
[2025-07-03T01:21:50.312+0000] {logging_mixin.py:190} INFO - [2025-07-03T01:21:50.312+0000] {dag.py:4180} INFO - Setting next_dagrun for extract_raw_data_pipeline to 2025-07-02 07:59:00+00:00, run_after=2025-07-03 07:00:00+00:00
[2025-07-03T01:21:50.336+0000] {processor.py:208} INFO - Processing /opt/airflow/dags/driven_data_pipeline.py took 0.859 seconds
[2025-07-03T01:22:20.744+0000] {processor.py:186} INFO - Started process (PID=237) to work on /opt/airflow/dags/driven_data_pipeline.py
[2025-07-03T01:22:20.746+0000] {processor.py:914} INFO - Processing file /opt/airflow/dags/driven_data_pipeline.py for tasks to queue
[2025-07-03T01:22:20.751+0000] {logging_mixin.py:190} INFO - [2025-07-03T01:22:20.750+0000] {dagbag.py:588} INFO - Filling up the DagBag from /opt/airflow/dags/driven_data_pipeline.py
[2025-07-03T01:22:21.390+0000] {processor.py:925} INFO - DAG(s) 'extract_raw_data_pipeline' retrieved from /opt/airflow/dags/driven_data_pipeline.py
[2025-07-03T01:22:21.420+0000] {logging_mixin.py:190} INFO - [2025-07-03T01:22:21.420+0000] {dag.py:3239} INFO - Sync 1 DAGs
[2025-07-03T01:22:21.449+0000] {logging_mixin.py:190} INFO - [2025-07-03T01:22:21.449+0000] {dag.py:4180} INFO - Setting next_dagrun for extract_raw_data_pipeline to 2025-07-02 07:59:00+00:00, run_after=2025-07-03 07:00:00+00:00
[2025-07-03T01:22:21.478+0000] {processor.py:208} INFO - Processing /opt/airflow/dags/driven_data_pipeline.py took 0.743 seconds
[2025-07-03T01:22:51.591+0000] {processor.py:186} INFO - Started process (PID=245) to work on /opt/airflow/dags/driven_data_pipeline.py
[2025-07-03T01:22:51.593+0000] {processor.py:914} INFO - Processing file /opt/airflow/dags/driven_data_pipeline.py for tasks to queue
[2025-07-03T01:22:51.597+0000] {logging_mixin.py:190} INFO - [2025-07-03T01:22:51.597+0000] {dagbag.py:588} INFO - Filling up the DagBag from /opt/airflow/dags/driven_data_pipeline.py
[2025-07-03T01:22:52.254+0000] {processor.py:925} INFO - DAG(s) 'extract_raw_data_pipeline' retrieved from /opt/airflow/dags/driven_data_pipeline.py
[2025-07-03T01:22:52.295+0000] {logging_mixin.py:190} INFO - [2025-07-03T01:22:52.295+0000] {dag.py:3239} INFO - Sync 1 DAGs
[2025-07-03T01:22:52.325+0000] {logging_mixin.py:190} INFO - [2025-07-03T01:22:52.325+0000] {dag.py:4180} INFO - Setting next_dagrun for extract_raw_data_pipeline to 2025-07-02 07:59:00+00:00, run_after=2025-07-03 07:00:00+00:00
[2025-07-03T01:22:52.350+0000] {processor.py:208} INFO - Processing /opt/airflow/dags/driven_data_pipeline.py took 0.769 seconds
[2025-07-03T01:23:22.757+0000] {processor.py:186} INFO - Started process (PID=253) to work on /opt/airflow/dags/driven_data_pipeline.py
[2025-07-03T01:23:22.762+0000] {processor.py:914} INFO - Processing file /opt/airflow/dags/driven_data_pipeline.py for tasks to queue
[2025-07-03T01:23:22.767+0000] {logging_mixin.py:190} INFO - [2025-07-03T01:23:22.766+0000] {dagbag.py:588} INFO - Filling up the DagBag from /opt/airflow/dags/driven_data_pipeline.py
[2025-07-03T01:23:23.495+0000] {processor.py:925} INFO - DAG(s) 'extract_raw_data_pipeline' retrieved from /opt/airflow/dags/driven_data_pipeline.py
[2025-07-03T01:23:23.535+0000] {logging_mixin.py:190} INFO - [2025-07-03T01:23:23.534+0000] {dag.py:3239} INFO - Sync 1 DAGs
[2025-07-03T01:23:23.567+0000] {logging_mixin.py:190} INFO - [2025-07-03T01:23:23.567+0000] {dag.py:4180} INFO - Setting next_dagrun for extract_raw_data_pipeline to 2025-07-02 07:59:00+00:00, run_after=2025-07-03 07:00:00+00:00
[2025-07-03T01:23:23.592+0000] {processor.py:208} INFO - Processing /opt/airflow/dags/driven_data_pipeline.py took 0.855 seconds
[2025-07-03T01:23:54.067+0000] {processor.py:186} INFO - Started process (PID=261) to work on /opt/airflow/dags/driven_data_pipeline.py
[2025-07-03T01:23:54.070+0000] {processor.py:914} INFO - Processing file /opt/airflow/dags/driven_data_pipeline.py for tasks to queue
[2025-07-03T01:23:54.074+0000] {logging_mixin.py:190} INFO - [2025-07-03T01:23:54.074+0000] {dagbag.py:588} INFO - Filling up the DagBag from /opt/airflow/dags/driven_data_pipeline.py
[2025-07-03T01:23:54.967+0000] {processor.py:925} INFO - DAG(s) 'extract_raw_data_pipeline' retrieved from /opt/airflow/dags/driven_data_pipeline.py
[2025-07-03T01:23:55.038+0000] {logging_mixin.py:190} INFO - [2025-07-03T01:23:55.038+0000] {dag.py:3239} INFO - Sync 1 DAGs
[2025-07-03T01:23:55.102+0000] {logging_mixin.py:190} INFO - [2025-07-03T01:23:55.101+0000] {dag.py:4180} INFO - Setting next_dagrun for extract_raw_data_pipeline to 2025-07-02 07:59:00+00:00, run_after=2025-07-03 07:00:00+00:00
[2025-07-03T01:23:55.140+0000] {processor.py:208} INFO - Processing /opt/airflow/dags/driven_data_pipeline.py took 1.084 seconds
[2025-07-03T01:24:25.363+0000] {processor.py:186} INFO - Started process (PID=269) to work on /opt/airflow/dags/driven_data_pipeline.py
[2025-07-03T01:24:25.365+0000] {processor.py:914} INFO - Processing file /opt/airflow/dags/driven_data_pipeline.py for tasks to queue
[2025-07-03T01:24:25.370+0000] {logging_mixin.py:190} INFO - [2025-07-03T01:24:25.368+0000] {dagbag.py:588} INFO - Filling up the DagBag from /opt/airflow/dags/driven_data_pipeline.py
[2025-07-03T01:24:25.978+0000] {processor.py:925} INFO - DAG(s) 'extract_raw_data_pipeline' retrieved from /opt/airflow/dags/driven_data_pipeline.py
[2025-07-03T01:24:26.012+0000] {logging_mixin.py:190} INFO - [2025-07-03T01:24:26.011+0000] {dag.py:3239} INFO - Sync 1 DAGs
[2025-07-03T01:24:26.043+0000] {logging_mixin.py:190} INFO - [2025-07-03T01:24:26.043+0000] {dag.py:4180} INFO - Setting next_dagrun for extract_raw_data_pipeline to 2025-07-02 07:59:00+00:00, run_after=2025-07-03 07:00:00+00:00
[2025-07-03T01:24:26.070+0000] {processor.py:208} INFO - Processing /opt/airflow/dags/driven_data_pipeline.py took 0.716 seconds
[2025-07-03T01:24:56.493+0000] {processor.py:186} INFO - Started process (PID=277) to work on /opt/airflow/dags/driven_data_pipeline.py
[2025-07-03T01:24:56.495+0000] {processor.py:914} INFO - Processing file /opt/airflow/dags/driven_data_pipeline.py for tasks to queue
[2025-07-03T01:24:56.501+0000] {logging_mixin.py:190} INFO - [2025-07-03T01:24:56.500+0000] {dagbag.py:588} INFO - Filling up the DagBag from /opt/airflow/dags/driven_data_pipeline.py
[2025-07-03T01:24:57.921+0000] {processor.py:925} INFO - DAG(s) 'extract_raw_data_pipeline' retrieved from /opt/airflow/dags/driven_data_pipeline.py
[2025-07-03T01:24:58.013+0000] {logging_mixin.py:190} INFO - [2025-07-03T01:24:58.013+0000] {dag.py:3239} INFO - Sync 1 DAGs
[2025-07-03T01:24:58.046+0000] {logging_mixin.py:190} INFO - [2025-07-03T01:24:58.046+0000] {dag.py:4180} INFO - Setting next_dagrun for extract_raw_data_pipeline to 2025-07-02 07:59:00+00:00, run_after=2025-07-03 07:00:00+00:00
[2025-07-03T01:24:58.076+0000] {processor.py:208} INFO - Processing /opt/airflow/dags/driven_data_pipeline.py took 1.594 seconds
[2025-07-03T01:25:28.264+0000] {processor.py:186} INFO - Started process (PID=285) to work on /opt/airflow/dags/driven_data_pipeline.py
[2025-07-03T01:25:28.266+0000] {processor.py:914} INFO - Processing file /opt/airflow/dags/driven_data_pipeline.py for tasks to queue
[2025-07-03T01:25:28.271+0000] {logging_mixin.py:190} INFO - [2025-07-03T01:25:28.270+0000] {dagbag.py:588} INFO - Filling up the DagBag from /opt/airflow/dags/driven_data_pipeline.py
[2025-07-03T01:25:28.937+0000] {processor.py:925} INFO - DAG(s) 'extract_raw_data_pipeline' retrieved from /opt/airflow/dags/driven_data_pipeline.py
[2025-07-03T01:25:28.971+0000] {logging_mixin.py:190} INFO - [2025-07-03T01:25:28.971+0000] {dag.py:3239} INFO - Sync 1 DAGs
[2025-07-03T01:25:29.002+0000] {logging_mixin.py:190} INFO - [2025-07-03T01:25:29.001+0000] {dag.py:4180} INFO - Setting next_dagrun for extract_raw_data_pipeline to 2025-07-02 07:59:00+00:00, run_after=2025-07-03 07:00:00+00:00
[2025-07-03T01:25:29.030+0000] {processor.py:208} INFO - Processing /opt/airflow/dags/driven_data_pipeline.py took 0.776 seconds
[2025-07-03T01:25:59.422+0000] {processor.py:186} INFO - Started process (PID=293) to work on /opt/airflow/dags/driven_data_pipeline.py
[2025-07-03T01:25:59.425+0000] {processor.py:914} INFO - Processing file /opt/airflow/dags/driven_data_pipeline.py for tasks to queue
[2025-07-03T01:25:59.430+0000] {logging_mixin.py:190} INFO - [2025-07-03T01:25:59.429+0000] {dagbag.py:588} INFO - Filling up the DagBag from /opt/airflow/dags/driven_data_pipeline.py
[2025-07-03T01:26:00.169+0000] {processor.py:925} INFO - DAG(s) 'extract_raw_data_pipeline' retrieved from /opt/airflow/dags/driven_data_pipeline.py
[2025-07-03T01:26:00.235+0000] {logging_mixin.py:190} INFO - [2025-07-03T01:26:00.235+0000] {dag.py:3239} INFO - Sync 1 DAGs
[2025-07-03T01:26:00.272+0000] {logging_mixin.py:190} INFO - [2025-07-03T01:26:00.272+0000] {dag.py:4180} INFO - Setting next_dagrun for extract_raw_data_pipeline to 2025-07-02 07:59:00+00:00, run_after=2025-07-03 07:00:00+00:00
[2025-07-03T01:26:00.302+0000] {processor.py:208} INFO - Processing /opt/airflow/dags/driven_data_pipeline.py took 0.890 seconds
[2025-07-03T01:26:30.713+0000] {processor.py:186} INFO - Started process (PID=301) to work on /opt/airflow/dags/driven_data_pipeline.py
[2025-07-03T01:26:30.715+0000] {processor.py:914} INFO - Processing file /opt/airflow/dags/driven_data_pipeline.py for tasks to queue
[2025-07-03T01:26:30.720+0000] {logging_mixin.py:190} INFO - [2025-07-03T01:26:30.719+0000] {dagbag.py:588} INFO - Filling up the DagBag from /opt/airflow/dags/driven_data_pipeline.py
[2025-07-03T01:26:31.544+0000] {processor.py:925} INFO - DAG(s) 'extract_raw_data_pipeline' retrieved from /opt/airflow/dags/driven_data_pipeline.py
[2025-07-03T01:26:31.576+0000] {logging_mixin.py:190} INFO - [2025-07-03T01:26:31.576+0000] {dag.py:3239} INFO - Sync 1 DAGs
[2025-07-03T01:26:31.604+0000] {logging_mixin.py:190} INFO - [2025-07-03T01:26:31.604+0000] {dag.py:4180} INFO - Setting next_dagrun for extract_raw_data_pipeline to 2025-07-02 07:59:00+00:00, run_after=2025-07-03 07:00:00+00:00
[2025-07-03T01:26:31.629+0000] {processor.py:208} INFO - Processing /opt/airflow/dags/driven_data_pipeline.py took 0.927 seconds
[2025-07-03T01:27:02.019+0000] {processor.py:186} INFO - Started process (PID=309) to work on /opt/airflow/dags/driven_data_pipeline.py
[2025-07-03T01:27:02.021+0000] {processor.py:914} INFO - Processing file /opt/airflow/dags/driven_data_pipeline.py for tasks to queue
[2025-07-03T01:27:02.026+0000] {logging_mixin.py:190} INFO - [2025-07-03T01:27:02.026+0000] {dagbag.py:588} INFO - Filling up the DagBag from /opt/airflow/dags/driven_data_pipeline.py
[2025-07-03T01:27:02.722+0000] {processor.py:925} INFO - DAG(s) 'extract_raw_data_pipeline' retrieved from /opt/airflow/dags/driven_data_pipeline.py
[2025-07-03T01:27:02.760+0000] {logging_mixin.py:190} INFO - [2025-07-03T01:27:02.760+0000] {dag.py:3239} INFO - Sync 1 DAGs
[2025-07-03T01:27:02.789+0000] {logging_mixin.py:190} INFO - [2025-07-03T01:27:02.789+0000] {dag.py:4180} INFO - Setting next_dagrun for extract_raw_data_pipeline to 2025-07-02 07:59:00+00:00, run_after=2025-07-03 07:00:00+00:00
[2025-07-03T01:27:02.816+0000] {processor.py:208} INFO - Processing /opt/airflow/dags/driven_data_pipeline.py took 0.808 seconds
[2025-07-03T01:27:32.942+0000] {processor.py:186} INFO - Started process (PID=317) to work on /opt/airflow/dags/driven_data_pipeline.py
[2025-07-03T01:27:32.944+0000] {processor.py:914} INFO - Processing file /opt/airflow/dags/driven_data_pipeline.py for tasks to queue
[2025-07-03T01:27:32.948+0000] {logging_mixin.py:190} INFO - [2025-07-03T01:27:32.947+0000] {dagbag.py:588} INFO - Filling up the DagBag from /opt/airflow/dags/driven_data_pipeline.py
[2025-07-03T01:27:33.548+0000] {processor.py:925} INFO - DAG(s) 'extract_raw_data_pipeline' retrieved from /opt/airflow/dags/driven_data_pipeline.py
[2025-07-03T01:27:33.585+0000] {logging_mixin.py:190} INFO - [2025-07-03T01:27:33.585+0000] {dag.py:3239} INFO - Sync 1 DAGs
[2025-07-03T01:27:33.617+0000] {logging_mixin.py:190} INFO - [2025-07-03T01:27:33.617+0000] {dag.py:4180} INFO - Setting next_dagrun for extract_raw_data_pipeline to 2025-07-02 07:59:00+00:00, run_after=2025-07-03 07:00:00+00:00
[2025-07-03T01:27:33.645+0000] {processor.py:208} INFO - Processing /opt/airflow/dags/driven_data_pipeline.py took 0.716 seconds
[2025-07-03T01:28:04.108+0000] {processor.py:186} INFO - Started process (PID=325) to work on /opt/airflow/dags/driven_data_pipeline.py
[2025-07-03T01:28:04.111+0000] {processor.py:914} INFO - Processing file /opt/airflow/dags/driven_data_pipeline.py for tasks to queue
[2025-07-03T01:28:04.116+0000] {logging_mixin.py:190} INFO - [2025-07-03T01:28:04.115+0000] {dagbag.py:588} INFO - Filling up the DagBag from /opt/airflow/dags/driven_data_pipeline.py
[2025-07-03T01:28:04.675+0000] {processor.py:925} INFO - DAG(s) 'extract_raw_data_pipeline' retrieved from /opt/airflow/dags/driven_data_pipeline.py
[2025-07-03T01:28:04.718+0000] {logging_mixin.py:190} INFO - [2025-07-03T01:28:04.717+0000] {dag.py:3239} INFO - Sync 1 DAGs
[2025-07-03T01:28:04.747+0000] {logging_mixin.py:190} INFO - [2025-07-03T01:28:04.747+0000] {dag.py:4180} INFO - Setting next_dagrun for extract_raw_data_pipeline to 2025-07-02 07:59:00+00:00, run_after=2025-07-03 07:00:00+00:00
[2025-07-03T01:28:04.783+0000] {processor.py:208} INFO - Processing /opt/airflow/dags/driven_data_pipeline.py took 0.683 seconds
[2025-07-03T01:28:34.990+0000] {processor.py:186} INFO - Started process (PID=333) to work on /opt/airflow/dags/driven_data_pipeline.py
[2025-07-03T01:28:34.992+0000] {processor.py:914} INFO - Processing file /opt/airflow/dags/driven_data_pipeline.py for tasks to queue
[2025-07-03T01:28:35.005+0000] {logging_mixin.py:190} INFO - [2025-07-03T01:28:35.003+0000] {dagbag.py:588} INFO - Filling up the DagBag from /opt/airflow/dags/driven_data_pipeline.py
[2025-07-03T01:28:35.945+0000] {processor.py:925} INFO - DAG(s) 'extract_raw_data_pipeline' retrieved from /opt/airflow/dags/driven_data_pipeline.py
[2025-07-03T01:28:35.998+0000] {logging_mixin.py:190} INFO - [2025-07-03T01:28:35.998+0000] {dag.py:3239} INFO - Sync 1 DAGs
[2025-07-03T01:28:36.073+0000] {logging_mixin.py:190} INFO - [2025-07-03T01:28:36.073+0000] {dag.py:4180} INFO - Setting next_dagrun for extract_raw_data_pipeline to 2025-07-02 07:59:00+00:00, run_after=2025-07-03 07:00:00+00:00
[2025-07-03T01:28:36.095+0000] {processor.py:208} INFO - Processing /opt/airflow/dags/driven_data_pipeline.py took 1.118 seconds
[2025-07-03T01:29:06.404+0000] {processor.py:186} INFO - Started process (PID=341) to work on /opt/airflow/dags/driven_data_pipeline.py
[2025-07-03T01:29:06.406+0000] {processor.py:914} INFO - Processing file /opt/airflow/dags/driven_data_pipeline.py for tasks to queue
[2025-07-03T01:29:06.412+0000] {logging_mixin.py:190} INFO - [2025-07-03T01:29:06.412+0000] {dagbag.py:588} INFO - Filling up the DagBag from /opt/airflow/dags/driven_data_pipeline.py
[2025-07-03T01:29:07.172+0000] {processor.py:925} INFO - DAG(s) 'extract_raw_data_pipeline' retrieved from /opt/airflow/dags/driven_data_pipeline.py
[2025-07-03T01:29:07.209+0000] {logging_mixin.py:190} INFO - [2025-07-03T01:29:07.209+0000] {dag.py:3239} INFO - Sync 1 DAGs
[2025-07-03T01:29:07.240+0000] {logging_mixin.py:190} INFO - [2025-07-03T01:29:07.239+0000] {dag.py:4180} INFO - Setting next_dagrun for extract_raw_data_pipeline to 2025-07-02 07:59:00+00:00, run_after=2025-07-03 07:00:00+00:00
[2025-07-03T01:29:07.268+0000] {processor.py:208} INFO - Processing /opt/airflow/dags/driven_data_pipeline.py took 0.879 seconds
[2025-07-03T01:29:37.709+0000] {processor.py:186} INFO - Started process (PID=349) to work on /opt/airflow/dags/driven_data_pipeline.py
[2025-07-03T01:29:37.711+0000] {processor.py:914} INFO - Processing file /opt/airflow/dags/driven_data_pipeline.py for tasks to queue
[2025-07-03T01:29:37.714+0000] {logging_mixin.py:190} INFO - [2025-07-03T01:29:37.714+0000] {dagbag.py:588} INFO - Filling up the DagBag from /opt/airflow/dags/driven_data_pipeline.py
[2025-07-03T01:29:38.363+0000] {processor.py:925} INFO - DAG(s) 'extract_raw_data_pipeline' retrieved from /opt/airflow/dags/driven_data_pipeline.py
[2025-07-03T01:29:38.399+0000] {logging_mixin.py:190} INFO - [2025-07-03T01:29:38.398+0000] {dag.py:3239} INFO - Sync 1 DAGs
[2025-07-03T01:29:38.427+0000] {logging_mixin.py:190} INFO - [2025-07-03T01:29:38.427+0000] {dag.py:4180} INFO - Setting next_dagrun for extract_raw_data_pipeline to 2025-07-02 07:59:00+00:00, run_after=2025-07-03 07:00:00+00:00
[2025-07-03T01:29:38.456+0000] {processor.py:208} INFO - Processing /opt/airflow/dags/driven_data_pipeline.py took 0.757 seconds
[2025-07-03T01:30:08.911+0000] {processor.py:186} INFO - Started process (PID=357) to work on /opt/airflow/dags/driven_data_pipeline.py
[2025-07-03T01:30:08.916+0000] {processor.py:914} INFO - Processing file /opt/airflow/dags/driven_data_pipeline.py for tasks to queue
[2025-07-03T01:30:08.923+0000] {logging_mixin.py:190} INFO - [2025-07-03T01:30:08.922+0000] {dagbag.py:588} INFO - Filling up the DagBag from /opt/airflow/dags/driven_data_pipeline.py
[2025-07-03T01:30:10.332+0000] {processor.py:925} INFO - DAG(s) 'extract_raw_data_pipeline' retrieved from /opt/airflow/dags/driven_data_pipeline.py
[2025-07-03T01:30:10.396+0000] {logging_mixin.py:190} INFO - [2025-07-03T01:30:10.396+0000] {dag.py:3239} INFO - Sync 1 DAGs
[2025-07-03T01:30:10.426+0000] {logging_mixin.py:190} INFO - [2025-07-03T01:30:10.426+0000] {dag.py:4180} INFO - Setting next_dagrun for extract_raw_data_pipeline to 2025-07-02 07:59:00+00:00, run_after=2025-07-03 07:00:00+00:00
[2025-07-03T01:30:10.458+0000] {processor.py:208} INFO - Processing /opt/airflow/dags/driven_data_pipeline.py took 1.565 seconds
[2025-07-03T01:30:40.894+0000] {processor.py:186} INFO - Started process (PID=365) to work on /opt/airflow/dags/driven_data_pipeline.py
[2025-07-03T01:30:40.895+0000] {processor.py:914} INFO - Processing file /opt/airflow/dags/driven_data_pipeline.py for tasks to queue
[2025-07-03T01:30:40.902+0000] {logging_mixin.py:190} INFO - [2025-07-03T01:30:40.901+0000] {dagbag.py:588} INFO - Filling up the DagBag from /opt/airflow/dags/driven_data_pipeline.py
[2025-07-03T01:30:41.279+0000] {processor.py:925} INFO - DAG(s) 'extract_raw_data_pipeline' retrieved from /opt/airflow/dags/driven_data_pipeline.py
[2025-07-03T01:30:41.320+0000] {logging_mixin.py:190} INFO - [2025-07-03T01:30:41.319+0000] {dag.py:3239} INFO - Sync 1 DAGs
[2025-07-03T01:30:41.364+0000] {logging_mixin.py:190} INFO - [2025-07-03T01:30:41.364+0000] {dag.py:4180} INFO - Setting next_dagrun for extract_raw_data_pipeline to 2025-07-02 07:59:00+00:00, run_after=2025-07-03 07:00:00+00:00
[2025-07-03T01:30:41.395+0000] {processor.py:208} INFO - Processing /opt/airflow/dags/driven_data_pipeline.py took 0.511 seconds
[2025-07-03T01:30:41.954+0000] {processor.py:186} INFO - Started process (PID=373) to work on /opt/airflow/dags/driven_data_pipeline.py
[2025-07-03T01:30:41.956+0000] {processor.py:914} INFO - Processing file /opt/airflow/dags/driven_data_pipeline.py for tasks to queue
[2025-07-03T01:30:41.960+0000] {logging_mixin.py:190} INFO - [2025-07-03T01:30:41.959+0000] {dagbag.py:588} INFO - Filling up the DagBag from /opt/airflow/dags/driven_data_pipeline.py
[2025-07-03T01:30:42.320+0000] {processor.py:925} INFO - DAG(s) 'extract_raw_data_pipeline' retrieved from /opt/airflow/dags/driven_data_pipeline.py
[2025-07-03T01:30:42.944+0000] {logging_mixin.py:190} INFO - [2025-07-03T01:30:42.944+0000] {dag.py:3239} INFO - Sync 1 DAGs
[2025-07-03T01:30:42.981+0000] {logging_mixin.py:190} INFO - [2025-07-03T01:30:42.980+0000] {dag.py:4180} INFO - Setting next_dagrun for extract_raw_data_pipeline to 2025-07-02 07:59:00+00:00, run_after=2025-07-03 07:00:00+00:00
[2025-07-03T01:30:43.035+0000] {processor.py:208} INFO - Processing /opt/airflow/dags/driven_data_pipeline.py took 1.090 seconds
[2025-07-03T01:31:13.299+0000] {processor.py:186} INFO - Started process (PID=381) to work on /opt/airflow/dags/driven_data_pipeline.py
[2025-07-03T01:31:13.301+0000] {processor.py:914} INFO - Processing file /opt/airflow/dags/driven_data_pipeline.py for tasks to queue
[2025-07-03T01:31:13.305+0000] {logging_mixin.py:190} INFO - [2025-07-03T01:31:13.304+0000] {dagbag.py:588} INFO - Filling up the DagBag from /opt/airflow/dags/driven_data_pipeline.py
[2025-07-03T01:31:13.788+0000] {processor.py:925} INFO - DAG(s) 'extract_raw_data_pipeline' retrieved from /opt/airflow/dags/driven_data_pipeline.py
[2025-07-03T01:31:13.826+0000] {logging_mixin.py:190} INFO - [2025-07-03T01:31:13.826+0000] {dag.py:3239} INFO - Sync 1 DAGs
[2025-07-03T01:31:13.860+0000] {logging_mixin.py:190} INFO - [2025-07-03T01:31:13.859+0000] {dag.py:4180} INFO - Setting next_dagrun for extract_raw_data_pipeline to 2025-07-02 07:59:00+00:00, run_after=2025-07-03 07:00:00+00:00
[2025-07-03T01:31:13.887+0000] {processor.py:208} INFO - Processing /opt/airflow/dags/driven_data_pipeline.py took 0.597 seconds
[2025-07-03T01:31:44.290+0000] {processor.py:186} INFO - Started process (PID=389) to work on /opt/airflow/dags/driven_data_pipeline.py
[2025-07-03T01:31:44.292+0000] {processor.py:914} INFO - Processing file /opt/airflow/dags/driven_data_pipeline.py for tasks to queue
[2025-07-03T01:31:44.296+0000] {logging_mixin.py:190} INFO - [2025-07-03T01:31:44.295+0000] {dagbag.py:588} INFO - Filling up the DagBag from /opt/airflow/dags/driven_data_pipeline.py
[2025-07-03T01:31:44.651+0000] {processor.py:925} INFO - DAG(s) 'extract_raw_data_pipeline' retrieved from /opt/airflow/dags/driven_data_pipeline.py
[2025-07-03T01:31:44.697+0000] {logging_mixin.py:190} INFO - [2025-07-03T01:31:44.697+0000] {dag.py:3239} INFO - Sync 1 DAGs
[2025-07-03T01:31:44.731+0000] {logging_mixin.py:190} INFO - [2025-07-03T01:31:44.731+0000] {dag.py:4180} INFO - Setting next_dagrun for extract_raw_data_pipeline to 2025-07-02 07:59:00+00:00, run_after=2025-07-03 07:00:00+00:00
[2025-07-03T01:31:44.763+0000] {processor.py:208} INFO - Processing /opt/airflow/dags/driven_data_pipeline.py took 0.483 seconds
[2025-07-03T01:32:15.165+0000] {processor.py:186} INFO - Started process (PID=397) to work on /opt/airflow/dags/driven_data_pipeline.py
[2025-07-03T01:32:15.167+0000] {processor.py:914} INFO - Processing file /opt/airflow/dags/driven_data_pipeline.py for tasks to queue
[2025-07-03T01:32:15.171+0000] {logging_mixin.py:190} INFO - [2025-07-03T01:32:15.171+0000] {dagbag.py:588} INFO - Filling up the DagBag from /opt/airflow/dags/driven_data_pipeline.py
[2025-07-03T01:32:15.522+0000] {processor.py:925} INFO - DAG(s) 'extract_raw_data_pipeline' retrieved from /opt/airflow/dags/driven_data_pipeline.py
[2025-07-03T01:32:15.564+0000] {logging_mixin.py:190} INFO - [2025-07-03T01:32:15.563+0000] {dag.py:3239} INFO - Sync 1 DAGs
[2025-07-03T01:32:15.602+0000] {logging_mixin.py:190} INFO - [2025-07-03T01:32:15.601+0000] {dag.py:4180} INFO - Setting next_dagrun for extract_raw_data_pipeline to 2025-07-02 07:59:00+00:00, run_after=2025-07-03 07:00:00+00:00
[2025-07-03T01:32:15.635+0000] {processor.py:208} INFO - Processing /opt/airflow/dags/driven_data_pipeline.py took 0.478 seconds
[2025-07-03T01:32:45.967+0000] {processor.py:186} INFO - Started process (PID=405) to work on /opt/airflow/dags/driven_data_pipeline.py
[2025-07-03T01:32:45.969+0000] {processor.py:914} INFO - Processing file /opt/airflow/dags/driven_data_pipeline.py for tasks to queue
[2025-07-03T01:32:45.973+0000] {logging_mixin.py:190} INFO - [2025-07-03T01:32:45.973+0000] {dagbag.py:588} INFO - Filling up the DagBag from /opt/airflow/dags/driven_data_pipeline.py
[2025-07-03T01:32:46.321+0000] {processor.py:925} INFO - DAG(s) 'extract_raw_data_pipeline' retrieved from /opt/airflow/dags/driven_data_pipeline.py
[2025-07-03T01:32:46.362+0000] {logging_mixin.py:190} INFO - [2025-07-03T01:32:46.361+0000] {dag.py:3239} INFO - Sync 1 DAGs
[2025-07-03T01:32:46.395+0000] {logging_mixin.py:190} INFO - [2025-07-03T01:32:46.395+0000] {dag.py:4180} INFO - Setting next_dagrun for extract_raw_data_pipeline to 2025-07-02 07:59:00+00:00, run_after=2025-07-03 07:00:00+00:00
[2025-07-03T01:32:46.422+0000] {processor.py:208} INFO - Processing /opt/airflow/dags/driven_data_pipeline.py took 0.465 seconds
[2025-07-03T01:35:47.638+0000] {processor.py:186} INFO - Started process (PID=94) to work on /opt/airflow/dags/driven_data_pipeline.py
[2025-07-03T01:35:47.643+0000] {processor.py:914} INFO - Processing file /opt/airflow/dags/driven_data_pipeline.py for tasks to queue
[2025-07-03T01:35:47.661+0000] {logging_mixin.py:190} INFO - [2025-07-03T01:35:47.659+0000] {dagbag.py:588} INFO - Filling up the DagBag from /opt/airflow/dags/driven_data_pipeline.py
[2025-07-03T01:35:48.820+0000] {processor.py:925} INFO - DAG(s) 'extract_raw_data_pipeline' retrieved from /opt/airflow/dags/driven_data_pipeline.py
[2025-07-03T01:35:49.362+0000] {logging_mixin.py:190} INFO - [2025-07-03T01:35:49.351+0000] {override.py:1900} INFO - Created Permission View: can delete on DAG:extract_raw_data_pipeline
[2025-07-03T01:35:49.389+0000] {logging_mixin.py:190} INFO - [2025-07-03T01:35:49.388+0000] {override.py:1900} INFO - Created Permission View: can read on DAG:extract_raw_data_pipeline
[2025-07-03T01:35:49.402+0000] {logging_mixin.py:190} INFO - [2025-07-03T01:35:49.401+0000] {override.py:1900} INFO - Created Permission View: can edit on DAG:extract_raw_data_pipeline
[2025-07-03T01:35:49.415+0000] {logging_mixin.py:190} INFO - [2025-07-03T01:35:49.415+0000] {override.py:1900} INFO - Created Permission View: menu access on DAG Run:extract_raw_data_pipeline
[2025-07-03T01:35:49.429+0000] {logging_mixin.py:190} INFO - [2025-07-03T01:35:49.428+0000] {override.py:1900} INFO - Created Permission View: can create on DAG Run:extract_raw_data_pipeline
[2025-07-03T01:35:49.442+0000] {logging_mixin.py:190} INFO - [2025-07-03T01:35:49.441+0000] {override.py:1900} INFO - Created Permission View: can read on DAG Run:extract_raw_data_pipeline
[2025-07-03T01:35:49.457+0000] {logging_mixin.py:190} INFO - [2025-07-03T01:35:49.457+0000] {override.py:1900} INFO - Created Permission View: can delete on DAG Run:extract_raw_data_pipeline
[2025-07-03T01:35:49.459+0000] {logging_mixin.py:190} INFO - [2025-07-03T01:35:49.459+0000] {dag.py:3239} INFO - Sync 1 DAGs
[2025-07-03T01:35:49.482+0000] {logging_mixin.py:190} INFO - [2025-07-03T01:35:49.481+0000] {dag.py:3262} INFO - Creating ORM DAG for extract_raw_data_pipeline
[2025-07-03T01:35:49.502+0000] {logging_mixin.py:190} INFO - [2025-07-03T01:35:49.501+0000] {dag.py:4180} INFO - Setting next_dagrun for extract_raw_data_pipeline to 2025-07-02 07:58:00+00:00, run_after=2025-07-02 07:59:00+00:00
[2025-07-03T01:35:49.537+0000] {processor.py:208} INFO - Processing /opt/airflow/dags/driven_data_pipeline.py took 1.927 seconds
[2025-07-03T01:36:20.016+0000] {processor.py:186} INFO - Started process (PID=103) to work on /opt/airflow/dags/driven_data_pipeline.py
[2025-07-03T01:36:20.018+0000] {processor.py:914} INFO - Processing file /opt/airflow/dags/driven_data_pipeline.py for tasks to queue
[2025-07-03T01:36:20.025+0000] {logging_mixin.py:190} INFO - [2025-07-03T01:36:20.025+0000] {dagbag.py:588} INFO - Filling up the DagBag from /opt/airflow/dags/driven_data_pipeline.py
[2025-07-03T01:36:20.955+0000] {processor.py:925} INFO - DAG(s) 'extract_raw_data_pipeline' retrieved from /opt/airflow/dags/driven_data_pipeline.py
[2025-07-03T01:36:21.037+0000] {logging_mixin.py:190} INFO - [2025-07-03T01:36:21.037+0000] {dag.py:3239} INFO - Sync 1 DAGs
[2025-07-03T01:36:21.065+0000] {logging_mixin.py:190} INFO - [2025-07-03T01:36:21.065+0000] {dag.py:4180} INFO - Setting next_dagrun for extract_raw_data_pipeline to 2025-07-02 07:58:00+00:00, run_after=2025-07-02 07:59:00+00:00
[2025-07-03T01:36:21.091+0000] {processor.py:208} INFO - Processing /opt/airflow/dags/driven_data_pipeline.py took 1.085 seconds
[2025-07-03T01:36:51.453+0000] {processor.py:186} INFO - Started process (PID=111) to work on /opt/airflow/dags/driven_data_pipeline.py
[2025-07-03T01:36:51.455+0000] {processor.py:914} INFO - Processing file /opt/airflow/dags/driven_data_pipeline.py for tasks to queue
[2025-07-03T01:36:51.460+0000] {logging_mixin.py:190} INFO - [2025-07-03T01:36:51.459+0000] {dagbag.py:588} INFO - Filling up the DagBag from /opt/airflow/dags/driven_data_pipeline.py
[2025-07-03T01:36:52.063+0000] {processor.py:925} INFO - DAG(s) 'extract_raw_data_pipeline' retrieved from /opt/airflow/dags/driven_data_pipeline.py
[2025-07-03T01:36:52.093+0000] {logging_mixin.py:190} INFO - [2025-07-03T01:36:52.093+0000] {dag.py:3239} INFO - Sync 1 DAGs
[2025-07-03T01:36:52.123+0000] {logging_mixin.py:190} INFO - [2025-07-03T01:36:52.122+0000] {dag.py:4180} INFO - Setting next_dagrun for extract_raw_data_pipeline to 2025-07-02 07:58:00+00:00, run_after=2025-07-02 07:59:00+00:00
[2025-07-03T01:36:52.150+0000] {processor.py:208} INFO - Processing /opt/airflow/dags/driven_data_pipeline.py took 0.706 seconds
[2025-07-03T01:37:22.560+0000] {processor.py:186} INFO - Started process (PID=119) to work on /opt/airflow/dags/driven_data_pipeline.py
[2025-07-03T01:37:22.564+0000] {processor.py:914} INFO - Processing file /opt/airflow/dags/driven_data_pipeline.py for tasks to queue
[2025-07-03T01:37:22.571+0000] {logging_mixin.py:190} INFO - [2025-07-03T01:37:22.570+0000] {dagbag.py:588} INFO - Filling up the DagBag from /opt/airflow/dags/driven_data_pipeline.py
[2025-07-03T01:37:23.157+0000] {processor.py:925} INFO - DAG(s) 'extract_raw_data_pipeline' retrieved from /opt/airflow/dags/driven_data_pipeline.py
[2025-07-03T01:37:23.194+0000] {logging_mixin.py:190} INFO - [2025-07-03T01:37:23.194+0000] {dag.py:3239} INFO - Sync 1 DAGs
[2025-07-03T01:37:23.223+0000] {logging_mixin.py:190} INFO - [2025-07-03T01:37:23.223+0000] {dag.py:4180} INFO - Setting next_dagrun for extract_raw_data_pipeline to 2025-07-02 07:58:00+00:00, run_after=2025-07-02 07:59:00+00:00
[2025-07-03T01:37:23.247+0000] {processor.py:208} INFO - Processing /opt/airflow/dags/driven_data_pipeline.py took 0.708 seconds
[2025-07-03T01:37:53.702+0000] {processor.py:186} INFO - Started process (PID=127) to work on /opt/airflow/dags/driven_data_pipeline.py
[2025-07-03T01:37:53.704+0000] {processor.py:914} INFO - Processing file /opt/airflow/dags/driven_data_pipeline.py for tasks to queue
[2025-07-03T01:37:53.709+0000] {logging_mixin.py:190} INFO - [2025-07-03T01:37:53.709+0000] {dagbag.py:588} INFO - Filling up the DagBag from /opt/airflow/dags/driven_data_pipeline.py
[2025-07-03T01:37:54.360+0000] {processor.py:925} INFO - DAG(s) 'extract_raw_data_pipeline' retrieved from /opt/airflow/dags/driven_data_pipeline.py
[2025-07-03T01:37:54.402+0000] {logging_mixin.py:190} INFO - [2025-07-03T01:37:54.401+0000] {dag.py:3239} INFO - Sync 1 DAGs
[2025-07-03T01:37:54.435+0000] {logging_mixin.py:190} INFO - [2025-07-03T01:37:54.435+0000] {dag.py:4180} INFO - Setting next_dagrun for extract_raw_data_pipeline to 2025-07-02 07:58:00+00:00, run_after=2025-07-02 07:59:00+00:00
[2025-07-03T01:37:54.465+0000] {processor.py:208} INFO - Processing /opt/airflow/dags/driven_data_pipeline.py took 0.773 seconds
[2025-07-03T01:38:24.882+0000] {processor.py:186} INFO - Started process (PID=135) to work on /opt/airflow/dags/driven_data_pipeline.py
[2025-07-03T01:38:24.884+0000] {processor.py:914} INFO - Processing file /opt/airflow/dags/driven_data_pipeline.py for tasks to queue
[2025-07-03T01:38:24.889+0000] {logging_mixin.py:190} INFO - [2025-07-03T01:38:24.888+0000] {dagbag.py:588} INFO - Filling up the DagBag from /opt/airflow/dags/driven_data_pipeline.py
[2025-07-03T01:38:25.439+0000] {processor.py:925} INFO - DAG(s) 'extract_raw_data_pipeline' retrieved from /opt/airflow/dags/driven_data_pipeline.py
[2025-07-03T01:38:25.473+0000] {logging_mixin.py:190} INFO - [2025-07-03T01:38:25.472+0000] {dag.py:3239} INFO - Sync 1 DAGs
[2025-07-03T01:38:25.501+0000] {logging_mixin.py:190} INFO - [2025-07-03T01:38:25.501+0000] {dag.py:4180} INFO - Setting next_dagrun for extract_raw_data_pipeline to 2025-07-02 07:58:00+00:00, run_after=2025-07-02 07:59:00+00:00
[2025-07-03T01:38:25.527+0000] {processor.py:208} INFO - Processing /opt/airflow/dags/driven_data_pipeline.py took 0.655 seconds
[2025-07-03T01:38:55.872+0000] {processor.py:186} INFO - Started process (PID=143) to work on /opt/airflow/dags/driven_data_pipeline.py
[2025-07-03T01:38:55.874+0000] {processor.py:914} INFO - Processing file /opt/airflow/dags/driven_data_pipeline.py for tasks to queue
[2025-07-03T01:38:55.879+0000] {logging_mixin.py:190} INFO - [2025-07-03T01:38:55.878+0000] {dagbag.py:588} INFO - Filling up the DagBag from /opt/airflow/dags/driven_data_pipeline.py
[2025-07-03T01:38:56.474+0000] {processor.py:925} INFO - DAG(s) 'extract_raw_data_pipeline' retrieved from /opt/airflow/dags/driven_data_pipeline.py
[2025-07-03T01:38:56.511+0000] {logging_mixin.py:190} INFO - [2025-07-03T01:38:56.510+0000] {dag.py:3239} INFO - Sync 1 DAGs
[2025-07-03T01:38:56.542+0000] {logging_mixin.py:190} INFO - [2025-07-03T01:38:56.541+0000] {dag.py:4180} INFO - Setting next_dagrun for extract_raw_data_pipeline to 2025-07-02 07:58:00+00:00, run_after=2025-07-02 07:59:00+00:00
[2025-07-03T01:38:56.576+0000] {processor.py:208} INFO - Processing /opt/airflow/dags/driven_data_pipeline.py took 0.716 seconds
[2025-07-03T01:39:27.124+0000] {processor.py:186} INFO - Started process (PID=151) to work on /opt/airflow/dags/driven_data_pipeline.py
[2025-07-03T01:39:27.127+0000] {processor.py:914} INFO - Processing file /opt/airflow/dags/driven_data_pipeline.py for tasks to queue
[2025-07-03T01:39:27.134+0000] {logging_mixin.py:190} INFO - [2025-07-03T01:39:27.133+0000] {dagbag.py:588} INFO - Filling up the DagBag from /opt/airflow/dags/driven_data_pipeline.py
[2025-07-03T01:39:27.795+0000] {processor.py:925} INFO - DAG(s) 'extract_raw_data_pipeline' retrieved from /opt/airflow/dags/driven_data_pipeline.py
[2025-07-03T01:39:27.838+0000] {logging_mixin.py:190} INFO - [2025-07-03T01:39:27.837+0000] {dag.py:3239} INFO - Sync 1 DAGs
[2025-07-03T01:39:27.875+0000] {logging_mixin.py:190} INFO - [2025-07-03T01:39:27.874+0000] {dag.py:4180} INFO - Setting next_dagrun for extract_raw_data_pipeline to 2025-07-02 07:58:00+00:00, run_after=2025-07-02 07:59:00+00:00
[2025-07-03T01:39:27.908+0000] {processor.py:208} INFO - Processing /opt/airflow/dags/driven_data_pipeline.py took 0.803 seconds
[2025-07-03T01:39:58.418+0000] {processor.py:186} INFO - Started process (PID=159) to work on /opt/airflow/dags/driven_data_pipeline.py
[2025-07-03T01:39:58.420+0000] {processor.py:914} INFO - Processing file /opt/airflow/dags/driven_data_pipeline.py for tasks to queue
[2025-07-03T01:39:58.426+0000] {logging_mixin.py:190} INFO - [2025-07-03T01:39:58.425+0000] {dagbag.py:588} INFO - Filling up the DagBag from /opt/airflow/dags/driven_data_pipeline.py
[2025-07-03T01:39:59.305+0000] {processor.py:925} INFO - DAG(s) 'extract_raw_data_pipeline' retrieved from /opt/airflow/dags/driven_data_pipeline.py
[2025-07-03T01:39:59.344+0000] {logging_mixin.py:190} INFO - [2025-07-03T01:39:59.344+0000] {dag.py:3239} INFO - Sync 1 DAGs
[2025-07-03T01:39:59.378+0000] {logging_mixin.py:190} INFO - [2025-07-03T01:39:59.377+0000] {dag.py:4180} INFO - Setting next_dagrun for extract_raw_data_pipeline to 2025-07-02 07:58:00+00:00, run_after=2025-07-02 07:59:00+00:00
[2025-07-03T01:39:59.405+0000] {processor.py:208} INFO - Processing /opt/airflow/dags/driven_data_pipeline.py took 1.001 seconds
[2025-07-03T01:40:29.802+0000] {processor.py:186} INFO - Started process (PID=173) to work on /opt/airflow/dags/driven_data_pipeline.py
[2025-07-03T01:40:29.805+0000] {processor.py:914} INFO - Processing file /opt/airflow/dags/driven_data_pipeline.py for tasks to queue
[2025-07-03T01:40:29.810+0000] {logging_mixin.py:190} INFO - [2025-07-03T01:40:29.809+0000] {dagbag.py:588} INFO - Filling up the DagBag from /opt/airflow/dags/driven_data_pipeline.py
[2025-07-03T01:40:30.455+0000] {processor.py:925} INFO - DAG(s) 'extract_raw_data_pipeline' retrieved from /opt/airflow/dags/driven_data_pipeline.py
[2025-07-03T01:40:30.496+0000] {logging_mixin.py:190} INFO - [2025-07-03T01:40:30.495+0000] {dag.py:3239} INFO - Sync 1 DAGs
[2025-07-03T01:40:30.523+0000] {logging_mixin.py:190} INFO - [2025-07-03T01:40:30.523+0000] {dag.py:4180} INFO - Setting next_dagrun for extract_raw_data_pipeline to 2025-07-02 07:58:00+00:00, run_after=2025-07-02 07:59:00+00:00
[2025-07-03T01:40:30.548+0000] {processor.py:208} INFO - Processing /opt/airflow/dags/driven_data_pipeline.py took 0.756 seconds
[2025-07-03T01:41:01.061+0000] {processor.py:186} INFO - Started process (PID=181) to work on /opt/airflow/dags/driven_data_pipeline.py
[2025-07-03T01:41:01.063+0000] {processor.py:914} INFO - Processing file /opt/airflow/dags/driven_data_pipeline.py for tasks to queue
[2025-07-03T01:41:01.068+0000] {logging_mixin.py:190} INFO - [2025-07-03T01:41:01.067+0000] {dagbag.py:588} INFO - Filling up the DagBag from /opt/airflow/dags/driven_data_pipeline.py
[2025-07-03T01:41:01.619+0000] {processor.py:925} INFO - DAG(s) 'extract_raw_data_pipeline' retrieved from /opt/airflow/dags/driven_data_pipeline.py
[2025-07-03T01:41:01.660+0000] {logging_mixin.py:190} INFO - [2025-07-03T01:41:01.660+0000] {dag.py:3239} INFO - Sync 1 DAGs
[2025-07-03T01:41:01.693+0000] {logging_mixin.py:190} INFO - [2025-07-03T01:41:01.693+0000] {dag.py:4180} INFO - Setting next_dagrun for extract_raw_data_pipeline to 2025-07-02 07:58:00+00:00, run_after=2025-07-02 07:59:00+00:00
[2025-07-03T01:41:01.721+0000] {processor.py:208} INFO - Processing /opt/airflow/dags/driven_data_pipeline.py took 0.669 seconds
[2025-07-03T01:43:36.902+0000] {processor.py:186} INFO - Started process (PID=94) to work on /opt/airflow/dags/driven_data_pipeline.py
[2025-07-03T01:43:36.907+0000] {processor.py:914} INFO - Processing file /opt/airflow/dags/driven_data_pipeline.py for tasks to queue
[2025-07-03T01:43:36.911+0000] {logging_mixin.py:190} INFO - [2025-07-03T01:43:36.910+0000] {dagbag.py:588} INFO - Filling up the DagBag from /opt/airflow/dags/driven_data_pipeline.py
[2025-07-03T01:43:40.660+0000] {processor.py:925} INFO - DAG(s) 'extract_raw_data_pipeline' retrieved from /opt/airflow/dags/driven_data_pipeline.py
[2025-07-03T01:43:40.769+0000] {logging_mixin.py:190} INFO - [2025-07-03T01:43:40.768+0000] {dag.py:3239} INFO - Sync 1 DAGs
[2025-07-03T01:43:40.868+0000] {logging_mixin.py:190} INFO - [2025-07-03T01:43:40.867+0000] {dag.py:4180} INFO - Setting next_dagrun for extract_raw_data_pipeline to 2025-07-02 07:58:00+00:00, run_after=2025-07-02 07:59:00+00:00
[2025-07-03T01:43:40.934+0000] {processor.py:208} INFO - Processing /opt/airflow/dags/driven_data_pipeline.py took 4.056 seconds
[2025-07-03T01:44:11.603+0000] {processor.py:186} INFO - Started process (PID=102) to work on /opt/airflow/dags/driven_data_pipeline.py
[2025-07-03T01:44:11.606+0000] {processor.py:914} INFO - Processing file /opt/airflow/dags/driven_data_pipeline.py for tasks to queue
[2025-07-03T01:44:11.618+0000] {logging_mixin.py:190} INFO - [2025-07-03T01:44:11.617+0000] {dagbag.py:588} INFO - Filling up the DagBag from /opt/airflow/dags/driven_data_pipeline.py
[2025-07-03T01:44:13.279+0000] {processor.py:925} INFO - DAG(s) 'extract_raw_data_pipeline' retrieved from /opt/airflow/dags/driven_data_pipeline.py
[2025-07-03T01:44:13.349+0000] {logging_mixin.py:190} INFO - [2025-07-03T01:44:13.347+0000] {dag.py:3239} INFO - Sync 1 DAGs
[2025-07-03T01:44:13.407+0000] {logging_mixin.py:190} INFO - [2025-07-03T01:44:13.406+0000] {dag.py:4180} INFO - Setting next_dagrun for extract_raw_data_pipeline to 2025-07-02 07:58:00+00:00, run_after=2025-07-02 07:59:00+00:00
[2025-07-03T01:44:13.444+0000] {processor.py:208} INFO - Processing /opt/airflow/dags/driven_data_pipeline.py took 1.856 seconds
[2025-07-03T01:46:33.949+0000] {processor.py:186} INFO - Started process (PID=93) to work on /opt/airflow/dags/driven_data_pipeline.py
[2025-07-03T01:46:33.951+0000] {processor.py:914} INFO - Processing file /opt/airflow/dags/driven_data_pipeline.py for tasks to queue
[2025-07-03T01:46:33.955+0000] {logging_mixin.py:190} INFO - [2025-07-03T01:46:33.955+0000] {dagbag.py:588} INFO - Filling up the DagBag from /opt/airflow/dags/driven_data_pipeline.py
[2025-07-03T01:46:34.844+0000] {processor.py:925} INFO - DAG(s) 'extract_raw_data_pipeline' retrieved from /opt/airflow/dags/driven_data_pipeline.py
[2025-07-03T01:46:35.361+0000] {logging_mixin.py:190} INFO - [2025-07-03T01:46:35.358+0000] {override.py:1900} INFO - Created Permission View: can edit on DAG:extract_raw_data_pipeline
[2025-07-03T01:46:35.384+0000] {logging_mixin.py:190} INFO - [2025-07-03T01:46:35.383+0000] {override.py:1900} INFO - Created Permission View: can read on DAG:extract_raw_data_pipeline
[2025-07-03T01:46:35.398+0000] {logging_mixin.py:190} INFO - [2025-07-03T01:46:35.398+0000] {override.py:1900} INFO - Created Permission View: can delete on DAG:extract_raw_data_pipeline
[2025-07-03T01:46:35.416+0000] {logging_mixin.py:190} INFO - [2025-07-03T01:46:35.415+0000] {override.py:1900} INFO - Created Permission View: can read on DAG Run:extract_raw_data_pipeline
[2025-07-03T01:46:35.434+0000] {logging_mixin.py:190} INFO - [2025-07-03T01:46:35.433+0000] {override.py:1900} INFO - Created Permission View: can delete on DAG Run:extract_raw_data_pipeline
[2025-07-03T01:46:35.456+0000] {logging_mixin.py:190} INFO - [2025-07-03T01:46:35.456+0000] {override.py:1900} INFO - Created Permission View: menu access on DAG Run:extract_raw_data_pipeline
[2025-07-03T01:46:35.472+0000] {logging_mixin.py:190} INFO - [2025-07-03T01:46:35.471+0000] {override.py:1900} INFO - Created Permission View: can create on DAG Run:extract_raw_data_pipeline
[2025-07-03T01:46:35.474+0000] {logging_mixin.py:190} INFO - [2025-07-03T01:46:35.473+0000] {dag.py:3239} INFO - Sync 1 DAGs
[2025-07-03T01:46:35.498+0000] {logging_mixin.py:190} INFO - [2025-07-03T01:46:35.497+0000] {dag.py:3262} INFO - Creating ORM DAG for extract_raw_data_pipeline
[2025-07-03T01:46:35.523+0000] {logging_mixin.py:190} INFO - [2025-07-03T01:46:35.522+0000] {dag.py:4180} INFO - Setting next_dagrun for extract_raw_data_pipeline to 2025-07-02 07:58:00+00:00, run_after=2025-07-02 07:59:00+00:00
[2025-07-03T01:46:35.566+0000] {processor.py:208} INFO - Processing /opt/airflow/dags/driven_data_pipeline.py took 1.631 seconds
[2025-07-03T01:47:06.233+0000] {processor.py:186} INFO - Started process (PID=100) to work on /opt/airflow/dags/driven_data_pipeline.py
[2025-07-03T01:47:06.239+0000] {processor.py:914} INFO - Processing file /opt/airflow/dags/driven_data_pipeline.py for tasks to queue
[2025-07-03T01:47:06.250+0000] {logging_mixin.py:190} INFO - [2025-07-03T01:47:06.247+0000] {dagbag.py:588} INFO - Filling up the DagBag from /opt/airflow/dags/driven_data_pipeline.py
[2025-07-03T01:47:08.179+0000] {processor.py:925} INFO - DAG(s) 'extract_raw_data_pipeline' retrieved from /opt/airflow/dags/driven_data_pipeline.py
[2025-07-03T01:47:08.267+0000] {logging_mixin.py:190} INFO - [2025-07-03T01:47:08.267+0000] {dag.py:3239} INFO - Sync 1 DAGs
[2025-07-03T01:47:08.337+0000] {logging_mixin.py:190} INFO - [2025-07-03T01:47:08.337+0000] {dag.py:4180} INFO - Setting next_dagrun for extract_raw_data_pipeline to 2025-07-02 07:58:00+00:00, run_after=2025-07-02 07:59:00+00:00
[2025-07-03T01:47:08.386+0000] {processor.py:208} INFO - Processing /opt/airflow/dags/driven_data_pipeline.py took 2.177 seconds
[2025-07-03T01:47:37.610+0000] {processor.py:186} INFO - Started process (PID=108) to work on /opt/airflow/dags/driven_data_pipeline.py
[2025-07-03T01:47:37.612+0000] {processor.py:914} INFO - Processing file /opt/airflow/dags/driven_data_pipeline.py for tasks to queue
[2025-07-03T01:47:37.619+0000] {logging_mixin.py:190} INFO - [2025-07-03T01:47:37.618+0000] {dagbag.py:588} INFO - Filling up the DagBag from /opt/airflow/dags/driven_data_pipeline.py
[2025-07-03T01:47:39.868+0000] {processor.py:925} INFO - DAG(s) 'extract_raw_data_pipeline' retrieved from /opt/airflow/dags/driven_data_pipeline.py
[2025-07-03T01:47:40.019+0000] {logging_mixin.py:190} INFO - [2025-07-03T01:47:40.018+0000] {dag.py:3239} INFO - Sync 1 DAGs
[2025-07-03T01:47:40.120+0000] {logging_mixin.py:190} INFO - [2025-07-03T01:47:40.120+0000] {dag.py:4180} INFO - Setting next_dagrun for extract_raw_data_pipeline to 2025-07-02 07:58:00+00:00, run_after=2025-07-02 07:59:00+00:00
[2025-07-03T01:47:40.174+0000] {processor.py:208} INFO - Processing /opt/airflow/dags/driven_data_pipeline.py took 2.582 seconds
[2025-07-03T01:48:10.614+0000] {processor.py:186} INFO - Started process (PID=116) to work on /opt/airflow/dags/driven_data_pipeline.py
[2025-07-03T01:48:10.616+0000] {processor.py:914} INFO - Processing file /opt/airflow/dags/driven_data_pipeline.py for tasks to queue
[2025-07-03T01:48:10.620+0000] {logging_mixin.py:190} INFO - [2025-07-03T01:48:10.619+0000] {dagbag.py:588} INFO - Filling up the DagBag from /opt/airflow/dags/driven_data_pipeline.py
[2025-07-03T01:48:11.310+0000] {processor.py:925} INFO - DAG(s) 'extract_raw_data_pipeline' retrieved from /opt/airflow/dags/driven_data_pipeline.py
[2025-07-03T01:48:11.350+0000] {logging_mixin.py:190} INFO - [2025-07-03T01:48:11.350+0000] {dag.py:3239} INFO - Sync 1 DAGs
[2025-07-03T01:48:11.381+0000] {logging_mixin.py:190} INFO - [2025-07-03T01:48:11.380+0000] {dag.py:4180} INFO - Setting next_dagrun for extract_raw_data_pipeline to 2025-07-02 07:58:00+00:00, run_after=2025-07-02 07:59:00+00:00
[2025-07-03T01:48:11.409+0000] {processor.py:208} INFO - Processing /opt/airflow/dags/driven_data_pipeline.py took 0.804 seconds
[2025-07-03T01:48:41.608+0000] {processor.py:186} INFO - Started process (PID=124) to work on /opt/airflow/dags/driven_data_pipeline.py
[2025-07-03T01:48:41.610+0000] {processor.py:914} INFO - Processing file /opt/airflow/dags/driven_data_pipeline.py for tasks to queue
[2025-07-03T01:48:41.616+0000] {logging_mixin.py:190} INFO - [2025-07-03T01:48:41.616+0000] {dagbag.py:588} INFO - Filling up the DagBag from /opt/airflow/dags/driven_data_pipeline.py
[2025-07-03T01:48:42.215+0000] {processor.py:925} INFO - DAG(s) 'extract_raw_data_pipeline' retrieved from /opt/airflow/dags/driven_data_pipeline.py
[2025-07-03T01:48:42.249+0000] {logging_mixin.py:190} INFO - [2025-07-03T01:48:42.249+0000] {dag.py:3239} INFO - Sync 1 DAGs
[2025-07-03T01:48:42.276+0000] {logging_mixin.py:190} INFO - [2025-07-03T01:48:42.276+0000] {dag.py:4180} INFO - Setting next_dagrun for extract_raw_data_pipeline to 2025-07-02 07:58:00+00:00, run_after=2025-07-02 07:59:00+00:00
[2025-07-03T01:48:42.304+0000] {processor.py:208} INFO - Processing /opt/airflow/dags/driven_data_pipeline.py took 0.708 seconds
[2025-07-03T01:49:12.682+0000] {processor.py:186} INFO - Started process (PID=132) to work on /opt/airflow/dags/driven_data_pipeline.py
[2025-07-03T01:49:12.684+0000] {processor.py:914} INFO - Processing file /opt/airflow/dags/driven_data_pipeline.py for tasks to queue
[2025-07-03T01:49:12.689+0000] {logging_mixin.py:190} INFO - [2025-07-03T01:49:12.688+0000] {dagbag.py:588} INFO - Filling up the DagBag from /opt/airflow/dags/driven_data_pipeline.py
[2025-07-03T01:49:13.499+0000] {processor.py:925} INFO - DAG(s) 'extract_raw_data_pipeline' retrieved from /opt/airflow/dags/driven_data_pipeline.py
[2025-07-03T01:49:13.541+0000] {logging_mixin.py:190} INFO - [2025-07-03T01:49:13.540+0000] {dag.py:3239} INFO - Sync 1 DAGs
[2025-07-03T01:49:13.575+0000] {logging_mixin.py:190} INFO - [2025-07-03T01:49:13.575+0000] {dag.py:4180} INFO - Setting next_dagrun for extract_raw_data_pipeline to 2025-07-02 07:58:00+00:00, run_after=2025-07-02 07:59:00+00:00
[2025-07-03T01:49:13.598+0000] {processor.py:208} INFO - Processing /opt/airflow/dags/driven_data_pipeline.py took 0.924 seconds
[2025-07-03T01:49:44.002+0000] {processor.py:186} INFO - Started process (PID=140) to work on /opt/airflow/dags/driven_data_pipeline.py
[2025-07-03T01:49:44.005+0000] {processor.py:914} INFO - Processing file /opt/airflow/dags/driven_data_pipeline.py for tasks to queue
[2025-07-03T01:49:44.011+0000] {logging_mixin.py:190} INFO - [2025-07-03T01:49:44.009+0000] {dagbag.py:588} INFO - Filling up the DagBag from /opt/airflow/dags/driven_data_pipeline.py
[2025-07-03T01:49:44.629+0000] {processor.py:925} INFO - DAG(s) 'extract_raw_data_pipeline' retrieved from /opt/airflow/dags/driven_data_pipeline.py
[2025-07-03T01:49:44.665+0000] {logging_mixin.py:190} INFO - [2025-07-03T01:49:44.665+0000] {dag.py:3239} INFO - Sync 1 DAGs
[2025-07-03T01:49:44.694+0000] {logging_mixin.py:190} INFO - [2025-07-03T01:49:44.694+0000] {dag.py:4180} INFO - Setting next_dagrun for extract_raw_data_pipeline to 2025-07-02 07:58:00+00:00, run_after=2025-07-02 07:59:00+00:00
[2025-07-03T01:49:44.726+0000] {processor.py:208} INFO - Processing /opt/airflow/dags/driven_data_pipeline.py took 0.734 seconds
[2025-07-03T01:50:14.924+0000] {processor.py:186} INFO - Started process (PID=148) to work on /opt/airflow/dags/driven_data_pipeline.py
[2025-07-03T01:50:14.927+0000] {processor.py:914} INFO - Processing file /opt/airflow/dags/driven_data_pipeline.py for tasks to queue
[2025-07-03T01:50:14.931+0000] {logging_mixin.py:190} INFO - [2025-07-03T01:50:14.931+0000] {dagbag.py:588} INFO - Filling up the DagBag from /opt/airflow/dags/driven_data_pipeline.py
[2025-07-03T01:50:15.591+0000] {processor.py:925} INFO - DAG(s) 'extract_raw_data_pipeline' retrieved from /opt/airflow/dags/driven_data_pipeline.py
[2025-07-03T01:50:15.634+0000] {logging_mixin.py:190} INFO - [2025-07-03T01:50:15.633+0000] {dag.py:3239} INFO - Sync 1 DAGs
[2025-07-03T01:50:15.664+0000] {logging_mixin.py:190} INFO - [2025-07-03T01:50:15.663+0000] {dag.py:4180} INFO - Setting next_dagrun for extract_raw_data_pipeline to 2025-07-02 07:58:00+00:00, run_after=2025-07-02 07:59:00+00:00
[2025-07-03T01:50:15.691+0000] {processor.py:208} INFO - Processing /opt/airflow/dags/driven_data_pipeline.py took 0.775 seconds
[2025-07-03T01:50:46.102+0000] {processor.py:186} INFO - Started process (PID=156) to work on /opt/airflow/dags/driven_data_pipeline.py
[2025-07-03T01:50:46.105+0000] {processor.py:914} INFO - Processing file /opt/airflow/dags/driven_data_pipeline.py for tasks to queue
[2025-07-03T01:50:46.111+0000] {logging_mixin.py:190} INFO - [2025-07-03T01:50:46.110+0000] {dagbag.py:588} INFO - Filling up the DagBag from /opt/airflow/dags/driven_data_pipeline.py
[2025-07-03T01:50:46.754+0000] {processor.py:925} INFO - DAG(s) 'extract_raw_data_pipeline' retrieved from /opt/airflow/dags/driven_data_pipeline.py
[2025-07-03T01:50:46.835+0000] {logging_mixin.py:190} INFO - [2025-07-03T01:50:46.835+0000] {dag.py:3239} INFO - Sync 1 DAGs
[2025-07-03T01:50:46.870+0000] {logging_mixin.py:190} INFO - [2025-07-03T01:50:46.870+0000] {dag.py:4180} INFO - Setting next_dagrun for extract_raw_data_pipeline to 2025-07-02 07:58:00+00:00, run_after=2025-07-02 07:59:00+00:00
[2025-07-03T01:50:46.896+0000] {processor.py:208} INFO - Processing /opt/airflow/dags/driven_data_pipeline.py took 0.805 seconds
[2025-07-03T01:51:17.386+0000] {processor.py:186} INFO - Started process (PID=176) to work on /opt/airflow/dags/driven_data_pipeline.py
[2025-07-03T01:51:17.388+0000] {processor.py:914} INFO - Processing file /opt/airflow/dags/driven_data_pipeline.py for tasks to queue
[2025-07-03T01:51:17.397+0000] {logging_mixin.py:190} INFO - [2025-07-03T01:51:17.392+0000] {dagbag.py:588} INFO - Filling up the DagBag from /opt/airflow/dags/driven_data_pipeline.py
[2025-07-03T01:51:18.314+0000] {processor.py:925} INFO - DAG(s) 'extract_raw_data_pipeline' retrieved from /opt/airflow/dags/driven_data_pipeline.py
[2025-07-03T01:51:18.353+0000] {logging_mixin.py:190} INFO - [2025-07-03T01:51:18.353+0000] {dag.py:3239} INFO - Sync 1 DAGs
[2025-07-03T01:51:18.386+0000] {logging_mixin.py:190} INFO - [2025-07-03T01:51:18.385+0000] {dag.py:4180} INFO - Setting next_dagrun for extract_raw_data_pipeline to 2025-07-02 07:59:00+00:00, run_after=2025-07-03 07:00:00+00:00
[2025-07-03T01:51:18.413+0000] {processor.py:208} INFO - Processing /opt/airflow/dags/driven_data_pipeline.py took 1.038 seconds
[2025-07-03T01:51:48.853+0000] {processor.py:186} INFO - Started process (PID=184) to work on /opt/airflow/dags/driven_data_pipeline.py
[2025-07-03T01:51:48.855+0000] {processor.py:914} INFO - Processing file /opt/airflow/dags/driven_data_pipeline.py for tasks to queue
[2025-07-03T01:51:48.861+0000] {logging_mixin.py:190} INFO - [2025-07-03T01:51:48.860+0000] {dagbag.py:588} INFO - Filling up the DagBag from /opt/airflow/dags/driven_data_pipeline.py
[2025-07-03T01:51:49.998+0000] {processor.py:925} INFO - DAG(s) 'extract_raw_data_pipeline' retrieved from /opt/airflow/dags/driven_data_pipeline.py
[2025-07-03T01:51:50.056+0000] {logging_mixin.py:190} INFO - [2025-07-03T01:51:50.056+0000] {dag.py:3239} INFO - Sync 1 DAGs
[2025-07-03T01:51:50.098+0000] {logging_mixin.py:190} INFO - [2025-07-03T01:51:50.098+0000] {dag.py:4180} INFO - Setting next_dagrun for extract_raw_data_pipeline to 2025-07-02 07:59:00+00:00, run_after=2025-07-03 07:00:00+00:00
[2025-07-03T01:51:50.130+0000] {processor.py:208} INFO - Processing /opt/airflow/dags/driven_data_pipeline.py took 1.289 seconds
[2025-07-03T01:52:20.272+0000] {processor.py:186} INFO - Started process (PID=197) to work on /opt/airflow/dags/driven_data_pipeline.py
[2025-07-03T01:52:20.276+0000] {processor.py:914} INFO - Processing file /opt/airflow/dags/driven_data_pipeline.py for tasks to queue
[2025-07-03T01:52:20.287+0000] {logging_mixin.py:190} INFO - [2025-07-03T01:52:20.286+0000] {dagbag.py:588} INFO - Filling up the DagBag from /opt/airflow/dags/driven_data_pipeline.py
[2025-07-03T01:52:21.304+0000] {processor.py:925} INFO - DAG(s) 'extract_raw_data_pipeline' retrieved from /opt/airflow/dags/driven_data_pipeline.py
[2025-07-03T01:52:21.380+0000] {logging_mixin.py:190} INFO - [2025-07-03T01:52:21.379+0000] {dag.py:3239} INFO - Sync 1 DAGs
[2025-07-03T01:52:21.443+0000] {logging_mixin.py:190} INFO - [2025-07-03T01:52:21.443+0000] {dag.py:4180} INFO - Setting next_dagrun for extract_raw_data_pipeline to 2025-07-02 07:59:00+00:00, run_after=2025-07-03 07:00:00+00:00
[2025-07-03T01:52:21.482+0000] {processor.py:208} INFO - Processing /opt/airflow/dags/driven_data_pipeline.py took 1.230 seconds
[2025-07-03T01:52:22.618+0000] {processor.py:186} INFO - Started process (PID=199) to work on /opt/airflow/dags/driven_data_pipeline.py
[2025-07-03T01:52:22.620+0000] {processor.py:914} INFO - Processing file /opt/airflow/dags/driven_data_pipeline.py for tasks to queue
[2025-07-03T01:52:22.625+0000] {logging_mixin.py:190} INFO - [2025-07-03T01:52:22.624+0000] {dagbag.py:588} INFO - Filling up the DagBag from /opt/airflow/dags/driven_data_pipeline.py
[2025-07-03T01:52:23.428+0000] {processor.py:925} INFO - DAG(s) 'extract_raw_data_pipeline' retrieved from /opt/airflow/dags/driven_data_pipeline.py
[2025-07-03T01:52:23.695+0000] {logging_mixin.py:190} INFO - [2025-07-03T01:52:23.694+0000] {dag.py:3239} INFO - Sync 1 DAGs
[2025-07-03T01:52:23.728+0000] {logging_mixin.py:190} INFO - [2025-07-03T01:52:23.728+0000] {dag.py:4180} INFO - Setting next_dagrun for extract_raw_data_pipeline to 2025-07-02 07:59:00+00:00, run_after=2025-07-03 07:00:00+00:00
[2025-07-03T01:52:23.772+0000] {processor.py:208} INFO - Processing /opt/airflow/dags/driven_data_pipeline.py took 1.165 seconds
[2025-07-03T01:52:53.997+0000] {processor.py:186} INFO - Started process (PID=207) to work on /opt/airflow/dags/driven_data_pipeline.py
[2025-07-03T01:52:53.999+0000] {processor.py:914} INFO - Processing file /opt/airflow/dags/driven_data_pipeline.py for tasks to queue
[2025-07-03T01:52:54.006+0000] {logging_mixin.py:190} INFO - [2025-07-03T01:52:54.005+0000] {dagbag.py:588} INFO - Filling up the DagBag from /opt/airflow/dags/driven_data_pipeline.py
[2025-07-03T01:52:56.536+0000] {processor.py:925} INFO - DAG(s) 'extract_raw_data_pipeline' retrieved from /opt/airflow/dags/driven_data_pipeline.py
[2025-07-03T01:52:56.665+0000] {logging_mixin.py:190} INFO - [2025-07-03T01:52:56.665+0000] {dag.py:3239} INFO - Sync 1 DAGs
[2025-07-03T01:52:56.720+0000] {logging_mixin.py:190} INFO - [2025-07-03T01:52:56.720+0000] {dag.py:4180} INFO - Setting next_dagrun for extract_raw_data_pipeline to 2025-07-02 07:59:00+00:00, run_after=2025-07-03 07:00:00+00:00
[2025-07-03T01:52:56.768+0000] {processor.py:208} INFO - Processing /opt/airflow/dags/driven_data_pipeline.py took 2.783 seconds
[2025-07-03T01:53:27.078+0000] {processor.py:186} INFO - Started process (PID=215) to work on /opt/airflow/dags/driven_data_pipeline.py
[2025-07-03T01:53:27.081+0000] {processor.py:914} INFO - Processing file /opt/airflow/dags/driven_data_pipeline.py for tasks to queue
[2025-07-03T01:53:27.088+0000] {logging_mixin.py:190} INFO - [2025-07-03T01:53:27.087+0000] {dagbag.py:588} INFO - Filling up the DagBag from /opt/airflow/dags/driven_data_pipeline.py
[2025-07-03T01:53:27.413+0000] {processor.py:925} INFO - DAG(s) 'extract_raw_data_pipeline' retrieved from /opt/airflow/dags/driven_data_pipeline.py
[2025-07-03T01:53:27.455+0000] {logging_mixin.py:190} INFO - [2025-07-03T01:53:27.455+0000] {dag.py:3239} INFO - Sync 1 DAGs
[2025-07-03T01:53:27.492+0000] {logging_mixin.py:190} INFO - [2025-07-03T01:53:27.492+0000] {dag.py:4180} INFO - Setting next_dagrun for extract_raw_data_pipeline to 2025-07-02 07:59:00+00:00, run_after=2025-07-03 07:00:00+00:00
[2025-07-03T01:53:27.525+0000] {processor.py:208} INFO - Processing /opt/airflow/dags/driven_data_pipeline.py took 0.472 seconds
[2025-07-03T01:53:57.943+0000] {processor.py:186} INFO - Started process (PID=227) to work on /opt/airflow/dags/driven_data_pipeline.py
[2025-07-03T01:53:57.945+0000] {processor.py:914} INFO - Processing file /opt/airflow/dags/driven_data_pipeline.py for tasks to queue
[2025-07-03T01:53:57.949+0000] {logging_mixin.py:190} INFO - [2025-07-03T01:53:57.948+0000] {dagbag.py:588} INFO - Filling up the DagBag from /opt/airflow/dags/driven_data_pipeline.py
[2025-07-03T01:53:58.272+0000] {processor.py:925} INFO - DAG(s) 'extract_raw_data_pipeline' retrieved from /opt/airflow/dags/driven_data_pipeline.py
[2025-07-03T01:53:58.322+0000] {logging_mixin.py:190} INFO - [2025-07-03T01:53:58.322+0000] {dag.py:3239} INFO - Sync 1 DAGs
[2025-07-03T01:53:58.357+0000] {logging_mixin.py:190} INFO - [2025-07-03T01:53:58.357+0000] {dag.py:4180} INFO - Setting next_dagrun for extract_raw_data_pipeline to 2025-07-02 07:59:00+00:00, run_after=2025-07-03 07:00:00+00:00
[2025-07-03T01:53:58.391+0000] {processor.py:208} INFO - Processing /opt/airflow/dags/driven_data_pipeline.py took 0.459 seconds
[2025-07-03T01:54:28.771+0000] {processor.py:186} INFO - Started process (PID=235) to work on /opt/airflow/dags/driven_data_pipeline.py
[2025-07-03T01:54:28.773+0000] {processor.py:914} INFO - Processing file /opt/airflow/dags/driven_data_pipeline.py for tasks to queue
[2025-07-03T01:54:28.778+0000] {logging_mixin.py:190} INFO - [2025-07-03T01:54:28.777+0000] {dagbag.py:588} INFO - Filling up the DagBag from /opt/airflow/dags/driven_data_pipeline.py
[2025-07-03T01:54:29.290+0000] {processor.py:925} INFO - DAG(s) 'extract_raw_data_pipeline' retrieved from /opt/airflow/dags/driven_data_pipeline.py
[2025-07-03T01:54:29.333+0000] {logging_mixin.py:190} INFO - [2025-07-03T01:54:29.333+0000] {dag.py:3239} INFO - Sync 1 DAGs
[2025-07-03T01:54:29.366+0000] {logging_mixin.py:190} INFO - [2025-07-03T01:54:29.366+0000] {dag.py:4180} INFO - Setting next_dagrun for extract_raw_data_pipeline to 2025-07-02 07:59:00+00:00, run_after=2025-07-03 07:00:00+00:00
[2025-07-03T01:54:29.401+0000] {processor.py:208} INFO - Processing /opt/airflow/dags/driven_data_pipeline.py took 0.641 seconds
[2025-07-03T01:54:59.641+0000] {processor.py:186} INFO - Started process (PID=243) to work on /opt/airflow/dags/driven_data_pipeline.py
[2025-07-03T01:54:59.644+0000] {processor.py:914} INFO - Processing file /opt/airflow/dags/driven_data_pipeline.py for tasks to queue
[2025-07-03T01:54:59.648+0000] {logging_mixin.py:190} INFO - [2025-07-03T01:54:59.647+0000] {dagbag.py:588} INFO - Filling up the DagBag from /opt/airflow/dags/driven_data_pipeline.py
[2025-07-03T01:54:59.927+0000] {processor.py:925} INFO - DAG(s) 'extract_raw_data_pipeline' retrieved from /opt/airflow/dags/driven_data_pipeline.py
[2025-07-03T01:54:59.971+0000] {logging_mixin.py:190} INFO - [2025-07-03T01:54:59.971+0000] {dag.py:3239} INFO - Sync 1 DAGs
[2025-07-03T01:55:00.005+0000] {logging_mixin.py:190} INFO - [2025-07-03T01:55:00.005+0000] {dag.py:4180} INFO - Setting next_dagrun for extract_raw_data_pipeline to 2025-07-02 07:59:00+00:00, run_after=2025-07-03 07:00:00+00:00
[2025-07-03T01:55:00.037+0000] {processor.py:208} INFO - Processing /opt/airflow/dags/driven_data_pipeline.py took 0.407 seconds
[2025-07-03T01:55:30.414+0000] {processor.py:186} INFO - Started process (PID=251) to work on /opt/airflow/dags/driven_data_pipeline.py
[2025-07-03T01:55:30.417+0000] {processor.py:914} INFO - Processing file /opt/airflow/dags/driven_data_pipeline.py for tasks to queue
[2025-07-03T01:55:30.423+0000] {logging_mixin.py:190} INFO - [2025-07-03T01:55:30.422+0000] {dagbag.py:588} INFO - Filling up the DagBag from /opt/airflow/dags/driven_data_pipeline.py
[2025-07-03T01:55:30.733+0000] {processor.py:925} INFO - DAG(s) 'extract_raw_data_pipeline' retrieved from /opt/airflow/dags/driven_data_pipeline.py
[2025-07-03T01:55:30.781+0000] {logging_mixin.py:190} INFO - [2025-07-03T01:55:30.780+0000] {dag.py:3239} INFO - Sync 1 DAGs
[2025-07-03T01:55:30.819+0000] {logging_mixin.py:190} INFO - [2025-07-03T01:55:30.819+0000] {dag.py:4180} INFO - Setting next_dagrun for extract_raw_data_pipeline to 2025-07-02 07:59:00+00:00, run_after=2025-07-03 07:00:00+00:00
[2025-07-03T01:55:30.851+0000] {processor.py:208} INFO - Processing /opt/airflow/dags/driven_data_pipeline.py took 0.447 seconds
[2025-07-03T01:56:01.262+0000] {processor.py:186} INFO - Started process (PID=259) to work on /opt/airflow/dags/driven_data_pipeline.py
[2025-07-03T01:56:01.263+0000] {processor.py:914} INFO - Processing file /opt/airflow/dags/driven_data_pipeline.py for tasks to queue
[2025-07-03T01:56:01.267+0000] {logging_mixin.py:190} INFO - [2025-07-03T01:56:01.267+0000] {dagbag.py:588} INFO - Filling up the DagBag from /opt/airflow/dags/driven_data_pipeline.py
[2025-07-03T01:56:01.560+0000] {processor.py:925} INFO - DAG(s) 'extract_raw_data_pipeline' retrieved from /opt/airflow/dags/driven_data_pipeline.py
[2025-07-03T01:56:01.605+0000] {logging_mixin.py:190} INFO - [2025-07-03T01:56:01.604+0000] {dag.py:3239} INFO - Sync 1 DAGs
[2025-07-03T01:56:01.644+0000] {logging_mixin.py:190} INFO - [2025-07-03T01:56:01.643+0000] {dag.py:4180} INFO - Setting next_dagrun for extract_raw_data_pipeline to 2025-07-02 07:59:00+00:00, run_after=2025-07-03 07:00:00+00:00
[2025-07-03T01:56:01.671+0000] {processor.py:208} INFO - Processing /opt/airflow/dags/driven_data_pipeline.py took 0.418 seconds
[2025-07-03T01:56:32.080+0000] {processor.py:186} INFO - Started process (PID=267) to work on /opt/airflow/dags/driven_data_pipeline.py
[2025-07-03T01:56:32.082+0000] {processor.py:914} INFO - Processing file /opt/airflow/dags/driven_data_pipeline.py for tasks to queue
[2025-07-03T01:56:32.087+0000] {logging_mixin.py:190} INFO - [2025-07-03T01:56:32.086+0000] {dagbag.py:588} INFO - Filling up the DagBag from /opt/airflow/dags/driven_data_pipeline.py
[2025-07-03T01:56:32.387+0000] {processor.py:925} INFO - DAG(s) 'extract_raw_data_pipeline' retrieved from /opt/airflow/dags/driven_data_pipeline.py
[2025-07-03T01:56:32.430+0000] {logging_mixin.py:190} INFO - [2025-07-03T01:56:32.429+0000] {dag.py:3239} INFO - Sync 1 DAGs
[2025-07-03T01:56:32.460+0000] {logging_mixin.py:190} INFO - [2025-07-03T01:56:32.460+0000] {dag.py:4180} INFO - Setting next_dagrun for extract_raw_data_pipeline to 2025-07-02 07:59:00+00:00, run_after=2025-07-03 07:00:00+00:00
[2025-07-03T01:56:32.487+0000] {processor.py:208} INFO - Processing /opt/airflow/dags/driven_data_pipeline.py took 0.416 seconds
[2025-07-03T01:57:02.940+0000] {processor.py:186} INFO - Started process (PID=275) to work on /opt/airflow/dags/driven_data_pipeline.py
[2025-07-03T01:57:02.944+0000] {processor.py:914} INFO - Processing file /opt/airflow/dags/driven_data_pipeline.py for tasks to queue
[2025-07-03T01:57:02.964+0000] {logging_mixin.py:190} INFO - [2025-07-03T01:57:02.960+0000] {dagbag.py:588} INFO - Filling up the DagBag from /opt/airflow/dags/driven_data_pipeline.py
[2025-07-03T01:57:03.286+0000] {processor.py:925} INFO - DAG(s) 'extract_raw_data_pipeline' retrieved from /opt/airflow/dags/driven_data_pipeline.py
[2025-07-03T01:57:03.327+0000] {logging_mixin.py:190} INFO - [2025-07-03T01:57:03.326+0000] {dag.py:3239} INFO - Sync 1 DAGs
[2025-07-03T01:57:03.360+0000] {logging_mixin.py:190} INFO - [2025-07-03T01:57:03.360+0000] {dag.py:4180} INFO - Setting next_dagrun for extract_raw_data_pipeline to 2025-07-02 07:59:00+00:00, run_after=2025-07-03 07:00:00+00:00
[2025-07-03T01:57:03.401+0000] {processor.py:208} INFO - Processing /opt/airflow/dags/driven_data_pipeline.py took 0.505 seconds
[2025-07-03T01:57:33.716+0000] {processor.py:186} INFO - Started process (PID=283) to work on /opt/airflow/dags/driven_data_pipeline.py
[2025-07-03T01:57:33.719+0000] {processor.py:914} INFO - Processing file /opt/airflow/dags/driven_data_pipeline.py for tasks to queue
[2025-07-03T01:57:33.725+0000] {logging_mixin.py:190} INFO - [2025-07-03T01:57:33.724+0000] {dagbag.py:588} INFO - Filling up the DagBag from /opt/airflow/dags/driven_data_pipeline.py
[2025-07-03T01:57:34.062+0000] {processor.py:925} INFO - DAG(s) 'extract_raw_data_pipeline' retrieved from /opt/airflow/dags/driven_data_pipeline.py
[2025-07-03T01:57:34.116+0000] {logging_mixin.py:190} INFO - [2025-07-03T01:57:34.115+0000] {dag.py:3239} INFO - Sync 1 DAGs
[2025-07-03T01:57:34.157+0000] {logging_mixin.py:190} INFO - [2025-07-03T01:57:34.157+0000] {dag.py:4180} INFO - Setting next_dagrun for extract_raw_data_pipeline to 2025-07-02 07:59:00+00:00, run_after=2025-07-03 07:00:00+00:00
[2025-07-03T01:57:34.189+0000] {processor.py:208} INFO - Processing /opt/airflow/dags/driven_data_pipeline.py took 0.486 seconds
[2025-07-03T01:58:04.612+0000] {processor.py:186} INFO - Started process (PID=291) to work on /opt/airflow/dags/driven_data_pipeline.py
[2025-07-03T01:58:04.614+0000] {processor.py:914} INFO - Processing file /opt/airflow/dags/driven_data_pipeline.py for tasks to queue
[2025-07-03T01:58:04.623+0000] {logging_mixin.py:190} INFO - [2025-07-03T01:58:04.622+0000] {dagbag.py:588} INFO - Filling up the DagBag from /opt/airflow/dags/driven_data_pipeline.py
[2025-07-03T01:58:05.058+0000] {processor.py:925} INFO - DAG(s) 'extract_raw_data_pipeline' retrieved from /opt/airflow/dags/driven_data_pipeline.py
[2025-07-03T01:58:05.165+0000] {logging_mixin.py:190} INFO - [2025-07-03T01:58:05.164+0000] {dag.py:3239} INFO - Sync 1 DAGs
[2025-07-03T01:58:05.224+0000] {logging_mixin.py:190} INFO - [2025-07-03T01:58:05.223+0000] {dag.py:4180} INFO - Setting next_dagrun for extract_raw_data_pipeline to 2025-07-02 07:59:00+00:00, run_after=2025-07-03 07:00:00+00:00
[2025-07-03T01:58:05.260+0000] {processor.py:208} INFO - Processing /opt/airflow/dags/driven_data_pipeline.py took 0.666 seconds
[2025-07-03T01:58:35.481+0000] {processor.py:186} INFO - Started process (PID=299) to work on /opt/airflow/dags/driven_data_pipeline.py
[2025-07-03T01:58:35.484+0000] {processor.py:914} INFO - Processing file /opt/airflow/dags/driven_data_pipeline.py for tasks to queue
[2025-07-03T01:58:35.489+0000] {logging_mixin.py:190} INFO - [2025-07-03T01:58:35.488+0000] {dagbag.py:588} INFO - Filling up the DagBag from /opt/airflow/dags/driven_data_pipeline.py
[2025-07-03T01:58:36.227+0000] {processor.py:925} INFO - DAG(s) 'extract_raw_data_pipeline' retrieved from /opt/airflow/dags/driven_data_pipeline.py
[2025-07-03T01:58:36.296+0000] {logging_mixin.py:190} INFO - [2025-07-03T01:58:36.295+0000] {dag.py:3239} INFO - Sync 1 DAGs
[2025-07-03T01:58:36.339+0000] {logging_mixin.py:190} INFO - [2025-07-03T01:58:36.339+0000] {dag.py:4180} INFO - Setting next_dagrun for extract_raw_data_pipeline to 2025-07-02 07:59:00+00:00, run_after=2025-07-03 07:00:00+00:00
[2025-07-03T01:58:36.374+0000] {processor.py:208} INFO - Processing /opt/airflow/dags/driven_data_pipeline.py took 0.907 seconds
[2025-07-03T01:59:06.797+0000] {processor.py:186} INFO - Started process (PID=307) to work on /opt/airflow/dags/driven_data_pipeline.py
[2025-07-03T01:59:06.799+0000] {processor.py:914} INFO - Processing file /opt/airflow/dags/driven_data_pipeline.py for tasks to queue
[2025-07-03T01:59:06.804+0000] {logging_mixin.py:190} INFO - [2025-07-03T01:59:06.803+0000] {dagbag.py:588} INFO - Filling up the DagBag from /opt/airflow/dags/driven_data_pipeline.py
[2025-07-03T01:59:07.646+0000] {processor.py:925} INFO - DAG(s) 'extract_raw_data_pipeline' retrieved from /opt/airflow/dags/driven_data_pipeline.py
[2025-07-03T01:59:07.699+0000] {logging_mixin.py:190} INFO - [2025-07-03T01:59:07.699+0000] {dag.py:3239} INFO - Sync 1 DAGs
[2025-07-03T01:59:07.743+0000] {logging_mixin.py:190} INFO - [2025-07-03T01:59:07.743+0000] {dag.py:4180} INFO - Setting next_dagrun for extract_raw_data_pipeline to 2025-07-02 07:59:00+00:00, run_after=2025-07-03 07:00:00+00:00
[2025-07-03T01:59:07.778+0000] {processor.py:208} INFO - Processing /opt/airflow/dags/driven_data_pipeline.py took 0.992 seconds
[2025-07-03T01:59:38.219+0000] {processor.py:186} INFO - Started process (PID=315) to work on /opt/airflow/dags/driven_data_pipeline.py
[2025-07-03T01:59:38.221+0000] {processor.py:914} INFO - Processing file /opt/airflow/dags/driven_data_pipeline.py for tasks to queue
[2025-07-03T01:59:38.227+0000] {logging_mixin.py:190} INFO - [2025-07-03T01:59:38.226+0000] {dagbag.py:588} INFO - Filling up the DagBag from /opt/airflow/dags/driven_data_pipeline.py
[2025-07-03T01:59:38.832+0000] {processor.py:925} INFO - DAG(s) 'extract_raw_data_pipeline' retrieved from /opt/airflow/dags/driven_data_pipeline.py
[2025-07-03T01:59:38.882+0000] {logging_mixin.py:190} INFO - [2025-07-03T01:59:38.882+0000] {dag.py:3239} INFO - Sync 1 DAGs
[2025-07-03T01:59:38.917+0000] {logging_mixin.py:190} INFO - [2025-07-03T01:59:38.917+0000] {dag.py:4180} INFO - Setting next_dagrun for extract_raw_data_pipeline to 2025-07-02 07:59:00+00:00, run_after=2025-07-03 07:00:00+00:00
[2025-07-03T01:59:38.947+0000] {processor.py:208} INFO - Processing /opt/airflow/dags/driven_data_pipeline.py took 0.740 seconds
[2025-07-03T02:00:09.456+0000] {processor.py:186} INFO - Started process (PID=323) to work on /opt/airflow/dags/driven_data_pipeline.py
[2025-07-03T02:00:09.458+0000] {processor.py:914} INFO - Processing file /opt/airflow/dags/driven_data_pipeline.py for tasks to queue
[2025-07-03T02:00:09.464+0000] {logging_mixin.py:190} INFO - [2025-07-03T02:00:09.463+0000] {dagbag.py:588} INFO - Filling up the DagBag from /opt/airflow/dags/driven_data_pipeline.py
[2025-07-03T02:00:10.256+0000] {processor.py:925} INFO - DAG(s) 'extract_raw_data_pipeline' retrieved from /opt/airflow/dags/driven_data_pipeline.py
[2025-07-03T02:00:10.314+0000] {logging_mixin.py:190} INFO - [2025-07-03T02:00:10.314+0000] {dag.py:3239} INFO - Sync 1 DAGs
[2025-07-03T02:00:10.394+0000] {logging_mixin.py:190} INFO - [2025-07-03T02:00:10.394+0000] {dag.py:4180} INFO - Setting next_dagrun for extract_raw_data_pipeline to 2025-07-02 07:59:00+00:00, run_after=2025-07-03 07:00:00+00:00
[2025-07-03T02:00:10.421+0000] {processor.py:208} INFO - Processing /opt/airflow/dags/driven_data_pipeline.py took 0.975 seconds
[2025-07-03T02:00:40.877+0000] {processor.py:186} INFO - Started process (PID=331) to work on /opt/airflow/dags/driven_data_pipeline.py
[2025-07-03T02:00:40.880+0000] {processor.py:914} INFO - Processing file /opt/airflow/dags/driven_data_pipeline.py for tasks to queue
[2025-07-03T02:00:40.886+0000] {logging_mixin.py:190} INFO - [2025-07-03T02:00:40.885+0000] {dagbag.py:588} INFO - Filling up the DagBag from /opt/airflow/dags/driven_data_pipeline.py
[2025-07-03T02:00:41.686+0000] {processor.py:925} INFO - DAG(s) 'extract_raw_data_pipeline' retrieved from /opt/airflow/dags/driven_data_pipeline.py
[2025-07-03T02:00:41.767+0000] {logging_mixin.py:190} INFO - [2025-07-03T02:00:41.766+0000] {dag.py:3239} INFO - Sync 1 DAGs
[2025-07-03T02:00:41.809+0000] {logging_mixin.py:190} INFO - [2025-07-03T02:00:41.809+0000] {dag.py:4180} INFO - Setting next_dagrun for extract_raw_data_pipeline to 2025-07-02 07:59:00+00:00, run_after=2025-07-03 07:00:00+00:00
[2025-07-03T02:00:41.844+0000] {processor.py:208} INFO - Processing /opt/airflow/dags/driven_data_pipeline.py took 0.979 seconds
[2025-07-03T02:01:12.184+0000] {processor.py:186} INFO - Started process (PID=339) to work on /opt/airflow/dags/driven_data_pipeline.py
[2025-07-03T02:01:12.188+0000] {processor.py:914} INFO - Processing file /opt/airflow/dags/driven_data_pipeline.py for tasks to queue
[2025-07-03T02:01:12.193+0000] {logging_mixin.py:190} INFO - [2025-07-03T02:01:12.193+0000] {dagbag.py:588} INFO - Filling up the DagBag from /opt/airflow/dags/driven_data_pipeline.py
[2025-07-03T02:01:12.893+0000] {processor.py:925} INFO - DAG(s) 'extract_raw_data_pipeline' retrieved from /opt/airflow/dags/driven_data_pipeline.py
[2025-07-03T02:01:12.995+0000] {logging_mixin.py:190} INFO - [2025-07-03T02:01:12.995+0000] {dag.py:3239} INFO - Sync 1 DAGs
[2025-07-03T02:01:13.042+0000] {logging_mixin.py:190} INFO - [2025-07-03T02:01:13.041+0000] {dag.py:4180} INFO - Setting next_dagrun for extract_raw_data_pipeline to 2025-07-02 07:59:00+00:00, run_after=2025-07-03 07:00:00+00:00
[2025-07-03T02:01:13.082+0000] {processor.py:208} INFO - Processing /opt/airflow/dags/driven_data_pipeline.py took 0.909 seconds
[2025-07-03T02:01:43.552+0000] {processor.py:186} INFO - Started process (PID=347) to work on /opt/airflow/dags/driven_data_pipeline.py
[2025-07-03T02:01:43.568+0000] {processor.py:914} INFO - Processing file /opt/airflow/dags/driven_data_pipeline.py for tasks to queue
[2025-07-03T02:01:43.584+0000] {logging_mixin.py:190} INFO - [2025-07-03T02:01:43.574+0000] {dagbag.py:588} INFO - Filling up the DagBag from /opt/airflow/dags/driven_data_pipeline.py
[2025-07-03T02:01:44.081+0000] {processor.py:925} INFO - DAG(s) 'extract_raw_data_pipeline' retrieved from /opt/airflow/dags/driven_data_pipeline.py
[2025-07-03T02:01:44.125+0000] {logging_mixin.py:190} INFO - [2025-07-03T02:01:44.124+0000] {dag.py:3239} INFO - Sync 1 DAGs
[2025-07-03T02:01:44.161+0000] {logging_mixin.py:190} INFO - [2025-07-03T02:01:44.160+0000] {dag.py:4180} INFO - Setting next_dagrun for extract_raw_data_pipeline to 2025-07-02 07:59:00+00:00, run_after=2025-07-03 07:00:00+00:00
[2025-07-03T02:01:44.189+0000] {processor.py:208} INFO - Processing /opt/airflow/dags/driven_data_pipeline.py took 0.659 seconds
[2025-07-03T02:02:14.620+0000] {processor.py:186} INFO - Started process (PID=355) to work on /opt/airflow/dags/driven_data_pipeline.py
[2025-07-03T02:02:14.622+0000] {processor.py:914} INFO - Processing file /opt/airflow/dags/driven_data_pipeline.py for tasks to queue
[2025-07-03T02:02:14.628+0000] {logging_mixin.py:190} INFO - [2025-07-03T02:02:14.627+0000] {dagbag.py:588} INFO - Filling up the DagBag from /opt/airflow/dags/driven_data_pipeline.py
[2025-07-03T02:02:15.243+0000] {processor.py:925} INFO - DAG(s) 'extract_raw_data_pipeline' retrieved from /opt/airflow/dags/driven_data_pipeline.py
[2025-07-03T02:02:15.331+0000] {logging_mixin.py:190} INFO - [2025-07-03T02:02:15.331+0000] {dag.py:3239} INFO - Sync 1 DAGs
[2025-07-03T02:02:15.368+0000] {logging_mixin.py:190} INFO - [2025-07-03T02:02:15.368+0000] {dag.py:4180} INFO - Setting next_dagrun for extract_raw_data_pipeline to 2025-07-02 07:59:00+00:00, run_after=2025-07-03 07:00:00+00:00
[2025-07-03T02:02:15.403+0000] {processor.py:208} INFO - Processing /opt/airflow/dags/driven_data_pipeline.py took 0.808 seconds
[2025-07-03T02:02:45.820+0000] {processor.py:186} INFO - Started process (PID=363) to work on /opt/airflow/dags/driven_data_pipeline.py
[2025-07-03T02:02:45.822+0000] {processor.py:914} INFO - Processing file /opt/airflow/dags/driven_data_pipeline.py for tasks to queue
[2025-07-03T02:02:45.826+0000] {logging_mixin.py:190} INFO - [2025-07-03T02:02:45.826+0000] {dagbag.py:588} INFO - Filling up the DagBag from /opt/airflow/dags/driven_data_pipeline.py
[2025-07-03T02:02:46.354+0000] {processor.py:925} INFO - DAG(s) 'extract_raw_data_pipeline' retrieved from /opt/airflow/dags/driven_data_pipeline.py
[2025-07-03T02:02:46.405+0000] {logging_mixin.py:190} INFO - [2025-07-03T02:02:46.404+0000] {dag.py:3239} INFO - Sync 1 DAGs
[2025-07-03T02:02:46.440+0000] {logging_mixin.py:190} INFO - [2025-07-03T02:02:46.439+0000] {dag.py:4180} INFO - Setting next_dagrun for extract_raw_data_pipeline to 2025-07-02 07:59:00+00:00, run_after=2025-07-03 07:00:00+00:00
[2025-07-03T02:02:46.475+0000] {processor.py:208} INFO - Processing /opt/airflow/dags/driven_data_pipeline.py took 0.665 seconds
[2025-07-03T02:03:16.986+0000] {processor.py:186} INFO - Started process (PID=371) to work on /opt/airflow/dags/driven_data_pipeline.py
[2025-07-03T02:03:16.988+0000] {processor.py:914} INFO - Processing file /opt/airflow/dags/driven_data_pipeline.py for tasks to queue
[2025-07-03T02:03:16.993+0000] {logging_mixin.py:190} INFO - [2025-07-03T02:03:16.992+0000] {dagbag.py:588} INFO - Filling up the DagBag from /opt/airflow/dags/driven_data_pipeline.py
[2025-07-03T02:03:17.687+0000] {processor.py:925} INFO - DAG(s) 'extract_raw_data_pipeline' retrieved from /opt/airflow/dags/driven_data_pipeline.py
[2025-07-03T02:03:17.735+0000] {logging_mixin.py:190} INFO - [2025-07-03T02:03:17.734+0000] {dag.py:3239} INFO - Sync 1 DAGs
[2025-07-03T02:03:17.791+0000] {logging_mixin.py:190} INFO - [2025-07-03T02:03:17.790+0000] {dag.py:4180} INFO - Setting next_dagrun for extract_raw_data_pipeline to 2025-07-02 07:59:00+00:00, run_after=2025-07-03 07:00:00+00:00
[2025-07-03T02:03:17.840+0000] {processor.py:208} INFO - Processing /opt/airflow/dags/driven_data_pipeline.py took 0.869 seconds
[2025-07-03T02:03:21.573+0000] {processor.py:186} INFO - Started process (PID=373) to work on /opt/airflow/dags/driven_data_pipeline.py
[2025-07-03T02:03:21.575+0000] {processor.py:914} INFO - Processing file /opt/airflow/dags/driven_data_pipeline.py for tasks to queue
[2025-07-03T02:03:21.580+0000] {logging_mixin.py:190} INFO - [2025-07-03T02:03:21.579+0000] {dagbag.py:588} INFO - Filling up the DagBag from /opt/airflow/dags/driven_data_pipeline.py
[2025-07-03T02:03:21.869+0000] {processor.py:925} INFO - DAG(s) 'extract_raw_data_pipeline' retrieved from /opt/airflow/dags/driven_data_pipeline.py
[2025-07-03T02:03:21.908+0000] {logging_mixin.py:190} INFO - [2025-07-03T02:03:21.908+0000] {dag.py:3239} INFO - Sync 1 DAGs
[2025-07-03T02:03:21.947+0000] {logging_mixin.py:190} INFO - [2025-07-03T02:03:21.946+0000] {dag.py:4180} INFO - Setting next_dagrun for extract_raw_data_pipeline to 2025-07-02 07:59:00+00:00, run_after=2025-07-03 07:00:00+00:00
[2025-07-03T02:03:21.991+0000] {processor.py:208} INFO - Processing /opt/airflow/dags/driven_data_pipeline.py took 0.429 seconds
[2025-07-03T02:03:52.301+0000] {processor.py:186} INFO - Started process (PID=381) to work on /opt/airflow/dags/driven_data_pipeline.py
[2025-07-03T02:03:52.303+0000] {processor.py:914} INFO - Processing file /opt/airflow/dags/driven_data_pipeline.py for tasks to queue
[2025-07-03T02:03:52.307+0000] {logging_mixin.py:190} INFO - [2025-07-03T02:03:52.307+0000] {dagbag.py:588} INFO - Filling up the DagBag from /opt/airflow/dags/driven_data_pipeline.py
[2025-07-03T02:03:53.309+0000] {processor.py:925} INFO - DAG(s) 'extract_raw_data_pipeline' retrieved from /opt/airflow/dags/driven_data_pipeline.py
[2025-07-03T02:03:53.389+0000] {logging_mixin.py:190} INFO - [2025-07-03T02:03:53.389+0000] {dag.py:3239} INFO - Sync 1 DAGs
[2025-07-03T02:03:53.441+0000] {logging_mixin.py:190} INFO - [2025-07-03T02:03:53.440+0000] {dag.py:4180} INFO - Setting next_dagrun for extract_raw_data_pipeline to 2025-07-02 07:59:00+00:00, run_after=2025-07-03 07:00:00+00:00
[2025-07-03T02:03:53.486+0000] {processor.py:208} INFO - Processing /opt/airflow/dags/driven_data_pipeline.py took 1.198 seconds
[2025-07-03T02:04:23.870+0000] {processor.py:186} INFO - Started process (PID=395) to work on /opt/airflow/dags/driven_data_pipeline.py
[2025-07-03T02:04:23.872+0000] {processor.py:914} INFO - Processing file /opt/airflow/dags/driven_data_pipeline.py for tasks to queue
[2025-07-03T02:04:23.877+0000] {logging_mixin.py:190} INFO - [2025-07-03T02:04:23.876+0000] {dagbag.py:588} INFO - Filling up the DagBag from /opt/airflow/dags/driven_data_pipeline.py
[2025-07-03T02:04:24.679+0000] {processor.py:925} INFO - DAG(s) 'extract_raw_data_pipeline' retrieved from /opt/airflow/dags/driven_data_pipeline.py
[2025-07-03T02:04:24.726+0000] {logging_mixin.py:190} INFO - [2025-07-03T02:04:24.725+0000] {dag.py:3239} INFO - Sync 1 DAGs
[2025-07-03T02:04:24.764+0000] {logging_mixin.py:190} INFO - [2025-07-03T02:04:24.764+0000] {dag.py:4180} INFO - Setting next_dagrun for extract_raw_data_pipeline to 2025-07-02 07:59:00+00:00, run_after=2025-07-03 07:00:00+00:00
[2025-07-03T02:04:24.800+0000] {processor.py:208} INFO - Processing /opt/airflow/dags/driven_data_pipeline.py took 0.944 seconds
[2025-07-03T02:04:55.201+0000] {processor.py:186} INFO - Started process (PID=403) to work on /opt/airflow/dags/driven_data_pipeline.py
[2025-07-03T02:04:55.203+0000] {processor.py:914} INFO - Processing file /opt/airflow/dags/driven_data_pipeline.py for tasks to queue
[2025-07-03T02:04:55.208+0000] {logging_mixin.py:190} INFO - [2025-07-03T02:04:55.207+0000] {dagbag.py:588} INFO - Filling up the DagBag from /opt/airflow/dags/driven_data_pipeline.py
[2025-07-03T02:04:55.926+0000] {processor.py:925} INFO - DAG(s) 'extract_raw_data_pipeline' retrieved from /opt/airflow/dags/driven_data_pipeline.py
[2025-07-03T02:04:56.003+0000] {logging_mixin.py:190} INFO - [2025-07-03T02:04:56.003+0000] {dag.py:3239} INFO - Sync 1 DAGs
[2025-07-03T02:04:56.041+0000] {logging_mixin.py:190} INFO - [2025-07-03T02:04:56.041+0000] {dag.py:4180} INFO - Setting next_dagrun for extract_raw_data_pipeline to 2025-07-02 07:59:00+00:00, run_after=2025-07-03 07:00:00+00:00
[2025-07-03T02:04:56.075+0000] {processor.py:208} INFO - Processing /opt/airflow/dags/driven_data_pipeline.py took 0.884 seconds
[2025-07-03T02:05:26.447+0000] {processor.py:186} INFO - Started process (PID=411) to work on /opt/airflow/dags/driven_data_pipeline.py
[2025-07-03T02:05:26.450+0000] {processor.py:914} INFO - Processing file /opt/airflow/dags/driven_data_pipeline.py for tasks to queue
[2025-07-03T02:05:26.455+0000] {logging_mixin.py:190} INFO - [2025-07-03T02:05:26.454+0000] {dagbag.py:588} INFO - Filling up the DagBag from /opt/airflow/dags/driven_data_pipeline.py
[2025-07-03T02:05:27.009+0000] {processor.py:925} INFO - DAG(s) 'extract_raw_data_pipeline' retrieved from /opt/airflow/dags/driven_data_pipeline.py
[2025-07-03T02:05:27.068+0000] {logging_mixin.py:190} INFO - [2025-07-03T02:05:27.067+0000] {dag.py:3239} INFO - Sync 1 DAGs
[2025-07-03T02:05:27.102+0000] {logging_mixin.py:190} INFO - [2025-07-03T02:05:27.102+0000] {dag.py:4180} INFO - Setting next_dagrun for extract_raw_data_pipeline to 2025-07-02 07:59:00+00:00, run_after=2025-07-03 07:00:00+00:00
[2025-07-03T02:05:27.131+0000] {processor.py:208} INFO - Processing /opt/airflow/dags/driven_data_pipeline.py took 0.697 seconds
[2025-07-03T02:05:57.538+0000] {processor.py:186} INFO - Started process (PID=419) to work on /opt/airflow/dags/driven_data_pipeline.py
[2025-07-03T02:05:57.540+0000] {processor.py:914} INFO - Processing file /opt/airflow/dags/driven_data_pipeline.py for tasks to queue
[2025-07-03T02:05:57.545+0000] {logging_mixin.py:190} INFO - [2025-07-03T02:05:57.545+0000] {dagbag.py:588} INFO - Filling up the DagBag from /opt/airflow/dags/driven_data_pipeline.py
[2025-07-03T02:05:58.132+0000] {processor.py:925} INFO - DAG(s) 'extract_raw_data_pipeline' retrieved from /opt/airflow/dags/driven_data_pipeline.py
[2025-07-03T02:05:58.228+0000] {logging_mixin.py:190} INFO - [2025-07-03T02:05:58.227+0000] {dag.py:3239} INFO - Sync 1 DAGs
[2025-07-03T02:05:58.261+0000] {logging_mixin.py:190} INFO - [2025-07-03T02:05:58.260+0000] {dag.py:4180} INFO - Setting next_dagrun for extract_raw_data_pipeline to 2025-07-02 07:59:00+00:00, run_after=2025-07-03 07:00:00+00:00
[2025-07-03T02:05:58.295+0000] {processor.py:208} INFO - Processing /opt/airflow/dags/driven_data_pipeline.py took 0.769 seconds
[2025-07-03T02:05:59.389+0000] {processor.py:186} INFO - Started process (PID=421) to work on /opt/airflow/dags/driven_data_pipeline.py
[2025-07-03T02:05:59.391+0000] {processor.py:914} INFO - Processing file /opt/airflow/dags/driven_data_pipeline.py for tasks to queue
[2025-07-03T02:05:59.395+0000] {logging_mixin.py:190} INFO - [2025-07-03T02:05:59.394+0000] {dagbag.py:588} INFO - Filling up the DagBag from /opt/airflow/dags/driven_data_pipeline.py
[2025-07-03T02:05:59.775+0000] {processor.py:925} INFO - DAG(s) 'extract_raw_data_pipeline' retrieved from /opt/airflow/dags/driven_data_pipeline.py
[2025-07-03T02:06:00.305+0000] {logging_mixin.py:190} INFO - [2025-07-03T02:06:00.305+0000] {dag.py:3239} INFO - Sync 1 DAGs
[2025-07-03T02:06:00.339+0000] {logging_mixin.py:190} INFO - [2025-07-03T02:06:00.339+0000] {dag.py:4180} INFO - Setting next_dagrun for extract_raw_data_pipeline to 2025-07-02 07:59:00+00:00, run_after=2025-07-03 07:00:00+00:00
[2025-07-03T02:06:00.377+0000] {processor.py:208} INFO - Processing /opt/airflow/dags/driven_data_pipeline.py took 0.999 seconds
[2025-07-03T02:58:43.336+0000] {processor.py:186} INFO - Started process (PID=95) to work on /opt/airflow/dags/driven_data_pipeline.py
[2025-07-03T02:58:43.339+0000] {processor.py:914} INFO - Processing file /opt/airflow/dags/driven_data_pipeline.py for tasks to queue
[2025-07-03T02:58:43.348+0000] {logging_mixin.py:190} INFO - [2025-07-03T02:58:43.346+0000] {dagbag.py:588} INFO - Filling up the DagBag from /opt/airflow/dags/driven_data_pipeline.py
[2025-07-03T02:58:44.480+0000] {processor.py:925} INFO - DAG(s) 'extract_raw_data_pipeline' retrieved from /opt/airflow/dags/driven_data_pipeline.py
[2025-07-03T02:58:44.648+0000] {logging_mixin.py:190} INFO - [2025-07-03T02:58:44.648+0000] {dag.py:3239} INFO - Sync 1 DAGs
[2025-07-03T02:58:44.724+0000] {logging_mixin.py:190} INFO - [2025-07-03T02:58:44.723+0000] {dag.py:4180} INFO - Setting next_dagrun for extract_raw_data_pipeline to 2025-07-02 07:59:00+00:00, run_after=2025-07-03 07:00:00+00:00
[2025-07-03T02:58:44.827+0000] {processor.py:208} INFO - Processing /opt/airflow/dags/driven_data_pipeline.py took 1.507 seconds
[2025-07-03T02:59:15.034+0000] {processor.py:186} INFO - Started process (PID=103) to work on /opt/airflow/dags/driven_data_pipeline.py
[2025-07-03T02:59:15.037+0000] {processor.py:914} INFO - Processing file /opt/airflow/dags/driven_data_pipeline.py for tasks to queue
[2025-07-03T02:59:15.043+0000] {logging_mixin.py:190} INFO - [2025-07-03T02:59:15.042+0000] {dagbag.py:588} INFO - Filling up the DagBag from /opt/airflow/dags/driven_data_pipeline.py
[2025-07-03T02:59:16.166+0000] {processor.py:925} INFO - DAG(s) 'extract_raw_data_pipeline' retrieved from /opt/airflow/dags/driven_data_pipeline.py
[2025-07-03T02:59:16.223+0000] {logging_mixin.py:190} INFO - [2025-07-03T02:59:16.223+0000] {dag.py:3239} INFO - Sync 1 DAGs
[2025-07-03T02:59:16.268+0000] {logging_mixin.py:190} INFO - [2025-07-03T02:59:16.268+0000] {dag.py:4180} INFO - Setting next_dagrun for extract_raw_data_pipeline to 2025-07-02 07:59:00+00:00, run_after=2025-07-03 07:00:00+00:00
[2025-07-03T02:59:16.300+0000] {processor.py:208} INFO - Processing /opt/airflow/dags/driven_data_pipeline.py took 1.279 seconds
[2025-07-03T02:59:47.165+0000] {processor.py:186} INFO - Started process (PID=112) to work on /opt/airflow/dags/driven_data_pipeline.py
[2025-07-03T02:59:47.168+0000] {processor.py:914} INFO - Processing file /opt/airflow/dags/driven_data_pipeline.py for tasks to queue
[2025-07-03T02:59:47.174+0000] {logging_mixin.py:190} INFO - [2025-07-03T02:59:47.173+0000] {dagbag.py:588} INFO - Filling up the DagBag from /opt/airflow/dags/driven_data_pipeline.py
[2025-07-03T02:59:48.049+0000] {processor.py:925} INFO - DAG(s) 'extract_raw_data_pipeline' retrieved from /opt/airflow/dags/driven_data_pipeline.py
[2025-07-03T02:59:48.105+0000] {logging_mixin.py:190} INFO - [2025-07-03T02:59:48.104+0000] {dag.py:3239} INFO - Sync 1 DAGs
[2025-07-03T02:59:48.142+0000] {logging_mixin.py:190} INFO - [2025-07-03T02:59:48.142+0000] {dag.py:4180} INFO - Setting next_dagrun for extract_raw_data_pipeline to 2025-07-02 07:59:00+00:00, run_after=2025-07-03 07:00:00+00:00
[2025-07-03T02:59:48.176+0000] {processor.py:208} INFO - Processing /opt/airflow/dags/driven_data_pipeline.py took 1.024 seconds
[2025-07-03T03:00:18.534+0000] {processor.py:186} INFO - Started process (PID=120) to work on /opt/airflow/dags/driven_data_pipeline.py
[2025-07-03T03:00:18.536+0000] {processor.py:914} INFO - Processing file /opt/airflow/dags/driven_data_pipeline.py for tasks to queue
[2025-07-03T03:00:18.546+0000] {logging_mixin.py:190} INFO - [2025-07-03T03:00:18.544+0000] {dagbag.py:588} INFO - Filling up the DagBag from /opt/airflow/dags/driven_data_pipeline.py
[2025-07-03T03:00:21.585+0000] {processor.py:925} INFO - DAG(s) 'extract_raw_data_pipeline' retrieved from /opt/airflow/dags/driven_data_pipeline.py
[2025-07-03T03:00:21.620+0000] {logging_mixin.py:190} INFO - [2025-07-03T03:00:21.620+0000] {dag.py:3239} INFO - Sync 1 DAGs
[2025-07-03T03:00:21.650+0000] {logging_mixin.py:190} INFO - [2025-07-03T03:00:21.649+0000] {dag.py:4180} INFO - Setting next_dagrun for extract_raw_data_pipeline to 2025-07-02 07:59:00+00:00, run_after=2025-07-03 07:00:00+00:00
[2025-07-03T03:00:21.676+0000] {processor.py:208} INFO - Processing /opt/airflow/dags/driven_data_pipeline.py took 2.374 seconds
[2025-07-03T03:00:52.834+0000] {processor.py:186} INFO - Started process (PID=129) to work on /opt/airflow/dags/driven_data_pipeline.py
[2025-07-03T03:00:52.836+0000] {processor.py:914} INFO - Processing file /opt/airflow/dags/driven_data_pipeline.py for tasks to queue
[2025-07-03T03:00:52.841+0000] {logging_mixin.py:190} INFO - [2025-07-03T03:00:52.841+0000] {dagbag.py:588} INFO - Filling up the DagBag from /opt/airflow/dags/driven_data_pipeline.py
[2025-07-03T03:00:53.643+0000] {processor.py:925} INFO - DAG(s) 'extract_raw_data_pipeline' retrieved from /opt/airflow/dags/driven_data_pipeline.py
[2025-07-03T03:00:53.676+0000] {logging_mixin.py:190} INFO - [2025-07-03T03:00:53.676+0000] {dag.py:3239} INFO - Sync 1 DAGs
[2025-07-03T03:00:53.703+0000] {logging_mixin.py:190} INFO - [2025-07-03T03:00:53.703+0000] {dag.py:4180} INFO - Setting next_dagrun for extract_raw_data_pipeline to 2025-07-02 07:59:00+00:00, run_after=2025-07-03 07:00:00+00:00
[2025-07-03T03:00:53.739+0000] {processor.py:208} INFO - Processing /opt/airflow/dags/driven_data_pipeline.py took 0.913 seconds
[2025-07-03T03:01:24.165+0000] {processor.py:186} INFO - Started process (PID=137) to work on /opt/airflow/dags/driven_data_pipeline.py
[2025-07-03T03:01:24.169+0000] {processor.py:914} INFO - Processing file /opt/airflow/dags/driven_data_pipeline.py for tasks to queue
[2025-07-03T03:01:24.206+0000] {logging_mixin.py:190} INFO - [2025-07-03T03:01:24.183+0000] {dagbag.py:588} INFO - Filling up the DagBag from /opt/airflow/dags/driven_data_pipeline.py
[2025-07-03T03:01:27.028+0000] {processor.py:925} INFO - DAG(s) 'extract_raw_data_pipeline' retrieved from /opt/airflow/dags/driven_data_pipeline.py
[2025-07-03T03:01:27.120+0000] {logging_mixin.py:190} INFO - [2025-07-03T03:01:27.119+0000] {dag.py:3239} INFO - Sync 1 DAGs
[2025-07-03T03:01:27.163+0000] {logging_mixin.py:190} INFO - [2025-07-03T03:01:27.163+0000] {dag.py:4180} INFO - Setting next_dagrun for extract_raw_data_pipeline to 2025-07-02 07:59:00+00:00, run_after=2025-07-03 07:00:00+00:00
[2025-07-03T03:01:27.187+0000] {processor.py:208} INFO - Processing /opt/airflow/dags/driven_data_pipeline.py took 2.212 seconds
[2025-07-03T03:01:57.469+0000] {processor.py:186} INFO - Started process (PID=149) to work on /opt/airflow/dags/driven_data_pipeline.py
[2025-07-03T03:01:57.473+0000] {processor.py:914} INFO - Processing file /opt/airflow/dags/driven_data_pipeline.py for tasks to queue
[2025-07-03T03:01:57.486+0000] {logging_mixin.py:190} INFO - [2025-07-03T03:01:57.481+0000] {dagbag.py:588} INFO - Filling up the DagBag from /opt/airflow/dags/driven_data_pipeline.py
[2025-07-03T03:02:00.529+0000] {processor.py:925} INFO - DAG(s) 'extract_raw_data_pipeline' retrieved from /opt/airflow/dags/driven_data_pipeline.py
[2025-07-03T03:02:00.582+0000] {logging_mixin.py:190} INFO - [2025-07-03T03:02:00.582+0000] {dag.py:3239} INFO - Sync 1 DAGs
[2025-07-03T03:02:00.608+0000] {logging_mixin.py:190} INFO - [2025-07-03T03:02:00.607+0000] {dag.py:4180} INFO - Setting next_dagrun for extract_raw_data_pipeline to 2025-07-02 07:59:00+00:00, run_after=2025-07-03 07:00:00+00:00
[2025-07-03T03:02:00.635+0000] {processor.py:208} INFO - Processing /opt/airflow/dags/driven_data_pipeline.py took 2.293 seconds
[2025-07-03T03:03:04.094+0000] {processor.py:186} INFO - Started process (PID=157) to work on /opt/airflow/dags/driven_data_pipeline.py
[2025-07-03T03:03:08.949+0000] {processor.py:914} INFO - Processing file /opt/airflow/dags/driven_data_pipeline.py for tasks to queue
[2025-07-03T03:03:18.995+0000] {logging_mixin.py:190} INFO - [2025-07-03T03:03:15.016+0000] {dagbag.py:588} INFO - Filling up the DagBag from /opt/airflow/dags/driven_data_pipeline.py
[2025-07-03T03:03:29.874+0000] {processor.py:925} INFO - DAG(s) 'extract_raw_data_pipeline' retrieved from /opt/airflow/dags/driven_data_pipeline.py
[2025-07-03T03:03:29.945+0000] {logging_mixin.py:190} INFO - [2025-07-03T03:03:29.944+0000] {dag.py:3239} INFO - Sync 1 DAGs
[2025-07-03T03:03:29.986+0000] {logging_mixin.py:190} INFO - [2025-07-03T03:03:29.986+0000] {dag.py:4180} INFO - Setting next_dagrun for extract_raw_data_pipeline to 2025-07-02 07:59:00+00:00, run_after=2025-07-03 07:00:00+00:00
[2025-07-03T03:03:30.018+0000] {processor.py:208} INFO - Processing /opt/airflow/dags/driven_data_pipeline.py took 32.926 seconds
[2025-07-03T03:04:00.212+0000] {processor.py:186} INFO - Started process (PID=165) to work on /opt/airflow/dags/driven_data_pipeline.py
[2025-07-03T03:04:00.214+0000] {processor.py:914} INFO - Processing file /opt/airflow/dags/driven_data_pipeline.py for tasks to queue
[2025-07-03T03:04:00.222+0000] {logging_mixin.py:190} INFO - [2025-07-03T03:04:00.221+0000] {dagbag.py:588} INFO - Filling up the DagBag from /opt/airflow/dags/driven_data_pipeline.py
[2025-07-03T03:04:01.367+0000] {processor.py:925} INFO - DAG(s) 'extract_raw_data_pipeline' retrieved from /opt/airflow/dags/driven_data_pipeline.py
[2025-07-03T03:04:01.435+0000] {logging_mixin.py:190} INFO - [2025-07-03T03:04:01.435+0000] {dag.py:3239} INFO - Sync 1 DAGs
[2025-07-03T03:04:01.495+0000] {logging_mixin.py:190} INFO - [2025-07-03T03:04:01.495+0000] {dag.py:4180} INFO - Setting next_dagrun for extract_raw_data_pipeline to 2025-07-02 07:59:00+00:00, run_after=2025-07-03 07:00:00+00:00
[2025-07-03T03:04:01.542+0000] {processor.py:208} INFO - Processing /opt/airflow/dags/driven_data_pipeline.py took 1.346 seconds
[2025-07-03T03:04:31.769+0000] {processor.py:186} INFO - Started process (PID=173) to work on /opt/airflow/dags/driven_data_pipeline.py
[2025-07-03T03:04:31.771+0000] {processor.py:914} INFO - Processing file /opt/airflow/dags/driven_data_pipeline.py for tasks to queue
[2025-07-03T03:04:31.776+0000] {logging_mixin.py:190} INFO - [2025-07-03T03:04:31.775+0000] {dagbag.py:588} INFO - Filling up the DagBag from /opt/airflow/dags/driven_data_pipeline.py
[2025-07-03T03:04:32.625+0000] {processor.py:925} INFO - DAG(s) 'extract_raw_data_pipeline' retrieved from /opt/airflow/dags/driven_data_pipeline.py
[2025-07-03T03:04:32.660+0000] {logging_mixin.py:190} INFO - [2025-07-03T03:04:32.659+0000] {dag.py:3239} INFO - Sync 1 DAGs
[2025-07-03T03:04:32.687+0000] {logging_mixin.py:190} INFO - [2025-07-03T03:04:32.687+0000] {dag.py:4180} INFO - Setting next_dagrun for extract_raw_data_pipeline to 2025-07-02 07:59:00+00:00, run_after=2025-07-03 07:00:00+00:00
[2025-07-03T03:04:32.712+0000] {processor.py:208} INFO - Processing /opt/airflow/dags/driven_data_pipeline.py took 0.953 seconds
[2025-07-03T03:05:02.983+0000] {processor.py:186} INFO - Started process (PID=181) to work on /opt/airflow/dags/driven_data_pipeline.py
[2025-07-03T03:05:02.986+0000] {processor.py:914} INFO - Processing file /opt/airflow/dags/driven_data_pipeline.py for tasks to queue
[2025-07-03T03:05:02.991+0000] {logging_mixin.py:190} INFO - [2025-07-03T03:05:02.990+0000] {dagbag.py:588} INFO - Filling up the DagBag from /opt/airflow/dags/driven_data_pipeline.py
[2025-07-03T03:05:04.049+0000] {processor.py:925} INFO - DAG(s) 'extract_raw_data_pipeline' retrieved from /opt/airflow/dags/driven_data_pipeline.py
[2025-07-03T03:05:04.083+0000] {logging_mixin.py:190} INFO - [2025-07-03T03:05:04.083+0000] {dag.py:3239} INFO - Sync 1 DAGs
[2025-07-03T03:05:04.110+0000] {logging_mixin.py:190} INFO - [2025-07-03T03:05:04.110+0000] {dag.py:4180} INFO - Setting next_dagrun for extract_raw_data_pipeline to 2025-07-02 07:59:00+00:00, run_after=2025-07-03 07:00:00+00:00
[2025-07-03T03:05:04.142+0000] {processor.py:208} INFO - Processing /opt/airflow/dags/driven_data_pipeline.py took 1.171 seconds
[2025-07-03T03:05:34.252+0000] {processor.py:186} INFO - Started process (PID=189) to work on /opt/airflow/dags/driven_data_pipeline.py
[2025-07-03T03:05:34.254+0000] {processor.py:914} INFO - Processing file /opt/airflow/dags/driven_data_pipeline.py for tasks to queue
[2025-07-03T03:05:34.260+0000] {logging_mixin.py:190} INFO - [2025-07-03T03:05:34.259+0000] {dagbag.py:588} INFO - Filling up the DagBag from /opt/airflow/dags/driven_data_pipeline.py
[2025-07-03T03:05:35.065+0000] {processor.py:925} INFO - DAG(s) 'extract_raw_data_pipeline' retrieved from /opt/airflow/dags/driven_data_pipeline.py
[2025-07-03T03:05:35.115+0000] {logging_mixin.py:190} INFO - [2025-07-03T03:05:35.114+0000] {dag.py:3239} INFO - Sync 1 DAGs
[2025-07-03T03:05:35.151+0000] {logging_mixin.py:190} INFO - [2025-07-03T03:05:35.150+0000] {dag.py:4180} INFO - Setting next_dagrun for extract_raw_data_pipeline to 2025-07-02 07:59:00+00:00, run_after=2025-07-03 07:00:00+00:00
[2025-07-03T03:05:35.184+0000] {processor.py:208} INFO - Processing /opt/airflow/dags/driven_data_pipeline.py took 0.942 seconds
[2025-07-03T03:06:05.547+0000] {processor.py:186} INFO - Started process (PID=197) to work on /opt/airflow/dags/driven_data_pipeline.py
[2025-07-03T03:06:05.549+0000] {processor.py:914} INFO - Processing file /opt/airflow/dags/driven_data_pipeline.py for tasks to queue
[2025-07-03T03:06:05.554+0000] {logging_mixin.py:190} INFO - [2025-07-03T03:06:05.553+0000] {dagbag.py:588} INFO - Filling up the DagBag from /opt/airflow/dags/driven_data_pipeline.py
[2025-07-03T03:06:06.465+0000] {processor.py:925} INFO - DAG(s) 'extract_raw_data_pipeline' retrieved from /opt/airflow/dags/driven_data_pipeline.py
[2025-07-03T03:06:06.502+0000] {logging_mixin.py:190} INFO - [2025-07-03T03:06:06.502+0000] {dag.py:3239} INFO - Sync 1 DAGs
[2025-07-03T03:06:06.533+0000] {logging_mixin.py:190} INFO - [2025-07-03T03:06:06.533+0000] {dag.py:4180} INFO - Setting next_dagrun for extract_raw_data_pipeline to 2025-07-02 07:59:00+00:00, run_after=2025-07-03 07:00:00+00:00
[2025-07-03T03:06:06.564+0000] {processor.py:208} INFO - Processing /opt/airflow/dags/driven_data_pipeline.py took 1.028 seconds
[2025-07-03T03:06:36.856+0000] {processor.py:186} INFO - Started process (PID=205) to work on /opt/airflow/dags/driven_data_pipeline.py
[2025-07-03T03:06:36.864+0000] {processor.py:914} INFO - Processing file /opt/airflow/dags/driven_data_pipeline.py for tasks to queue
[2025-07-03T03:06:36.871+0000] {logging_mixin.py:190} INFO - [2025-07-03T03:06:36.869+0000] {dagbag.py:588} INFO - Filling up the DagBag from /opt/airflow/dags/driven_data_pipeline.py
[2025-07-03T03:06:38.016+0000] {processor.py:925} INFO - DAG(s) 'extract_raw_data_pipeline' retrieved from /opt/airflow/dags/driven_data_pipeline.py
[2025-07-03T03:06:38.071+0000] {logging_mixin.py:190} INFO - [2025-07-03T03:06:38.071+0000] {dag.py:3239} INFO - Sync 1 DAGs
[2025-07-03T03:06:38.106+0000] {logging_mixin.py:190} INFO - [2025-07-03T03:06:38.106+0000] {dag.py:4180} INFO - Setting next_dagrun for extract_raw_data_pipeline to 2025-07-02 07:59:00+00:00, run_after=2025-07-03 07:00:00+00:00
[2025-07-03T03:06:38.142+0000] {processor.py:208} INFO - Processing /opt/airflow/dags/driven_data_pipeline.py took 1.296 seconds
[2025-07-03T03:07:08.300+0000] {processor.py:186} INFO - Started process (PID=213) to work on /opt/airflow/dags/driven_data_pipeline.py
[2025-07-03T03:07:08.303+0000] {processor.py:914} INFO - Processing file /opt/airflow/dags/driven_data_pipeline.py for tasks to queue
[2025-07-03T03:07:08.309+0000] {logging_mixin.py:190} INFO - [2025-07-03T03:07:08.308+0000] {dagbag.py:588} INFO - Filling up the DagBag from /opt/airflow/dags/driven_data_pipeline.py
[2025-07-03T03:07:09.136+0000] {processor.py:925} INFO - DAG(s) 'extract_raw_data_pipeline' retrieved from /opt/airflow/dags/driven_data_pipeline.py
[2025-07-03T03:07:09.217+0000] {logging_mixin.py:190} INFO - [2025-07-03T03:07:09.216+0000] {dag.py:3239} INFO - Sync 1 DAGs
[2025-07-03T03:07:09.247+0000] {logging_mixin.py:190} INFO - [2025-07-03T03:07:09.247+0000] {dag.py:4180} INFO - Setting next_dagrun for extract_raw_data_pipeline to 2025-07-02 07:59:00+00:00, run_after=2025-07-03 07:00:00+00:00
[2025-07-03T03:07:09.277+0000] {processor.py:208} INFO - Processing /opt/airflow/dags/driven_data_pipeline.py took 0.989 seconds
[2025-07-03T03:07:39.646+0000] {processor.py:186} INFO - Started process (PID=221) to work on /opt/airflow/dags/driven_data_pipeline.py
[2025-07-03T03:07:39.648+0000] {processor.py:914} INFO - Processing file /opt/airflow/dags/driven_data_pipeline.py for tasks to queue
[2025-07-03T03:07:39.653+0000] {logging_mixin.py:190} INFO - [2025-07-03T03:07:39.652+0000] {dagbag.py:588} INFO - Filling up the DagBag from /opt/airflow/dags/driven_data_pipeline.py
[2025-07-03T03:07:40.515+0000] {processor.py:925} INFO - DAG(s) 'extract_raw_data_pipeline' retrieved from /opt/airflow/dags/driven_data_pipeline.py
[2025-07-03T03:07:40.547+0000] {logging_mixin.py:190} INFO - [2025-07-03T03:07:40.546+0000] {dag.py:3239} INFO - Sync 1 DAGs
[2025-07-03T03:07:40.574+0000] {logging_mixin.py:190} INFO - [2025-07-03T03:07:40.574+0000] {dag.py:4180} INFO - Setting next_dagrun for extract_raw_data_pipeline to 2025-07-02 07:59:00+00:00, run_after=2025-07-03 07:00:00+00:00
[2025-07-03T03:07:40.628+0000] {processor.py:208} INFO - Processing /opt/airflow/dags/driven_data_pipeline.py took 0.992 seconds
[2025-07-03T03:08:10.872+0000] {processor.py:186} INFO - Started process (PID=229) to work on /opt/airflow/dags/driven_data_pipeline.py
[2025-07-03T03:08:10.873+0000] {processor.py:914} INFO - Processing file /opt/airflow/dags/driven_data_pipeline.py for tasks to queue
[2025-07-03T03:08:10.879+0000] {logging_mixin.py:190} INFO - [2025-07-03T03:08:10.878+0000] {dagbag.py:588} INFO - Filling up the DagBag from /opt/airflow/dags/driven_data_pipeline.py
[2025-07-03T03:08:11.878+0000] {processor.py:925} INFO - DAG(s) 'extract_raw_data_pipeline' retrieved from /opt/airflow/dags/driven_data_pipeline.py
[2025-07-03T03:08:11.919+0000] {logging_mixin.py:190} INFO - [2025-07-03T03:08:11.919+0000] {dag.py:3239} INFO - Sync 1 DAGs
[2025-07-03T03:08:11.950+0000] {logging_mixin.py:190} INFO - [2025-07-03T03:08:11.949+0000] {dag.py:4180} INFO - Setting next_dagrun for extract_raw_data_pipeline to 2025-07-02 07:59:00+00:00, run_after=2025-07-03 07:00:00+00:00
[2025-07-03T03:08:11.979+0000] {processor.py:208} INFO - Processing /opt/airflow/dags/driven_data_pipeline.py took 1.116 seconds
[2025-07-03T03:08:42.235+0000] {processor.py:186} INFO - Started process (PID=237) to work on /opt/airflow/dags/driven_data_pipeline.py
[2025-07-03T03:08:42.237+0000] {processor.py:914} INFO - Processing file /opt/airflow/dags/driven_data_pipeline.py for tasks to queue
[2025-07-03T03:08:42.241+0000] {logging_mixin.py:190} INFO - [2025-07-03T03:08:42.240+0000] {dagbag.py:588} INFO - Filling up the DagBag from /opt/airflow/dags/driven_data_pipeline.py
[2025-07-03T03:08:42.539+0000] {processor.py:925} INFO - DAG(s) 'extract_raw_data_pipeline' retrieved from /opt/airflow/dags/driven_data_pipeline.py
[2025-07-03T03:08:42.588+0000] {logging_mixin.py:190} INFO - [2025-07-03T03:08:42.587+0000] {dag.py:3239} INFO - Sync 1 DAGs
[2025-07-03T03:08:42.670+0000] {logging_mixin.py:190} INFO - [2025-07-03T03:08:42.670+0000] {dag.py:4180} INFO - Setting next_dagrun for extract_raw_data_pipeline to 2025-07-02 07:59:00+00:00, run_after=2025-07-03 07:00:00+00:00
[2025-07-03T03:08:42.702+0000] {processor.py:208} INFO - Processing /opt/airflow/dags/driven_data_pipeline.py took 0.477 seconds
[2025-07-03T03:09:13.020+0000] {processor.py:186} INFO - Started process (PID=245) to work on /opt/airflow/dags/driven_data_pipeline.py
[2025-07-03T03:09:13.022+0000] {processor.py:914} INFO - Processing file /opt/airflow/dags/driven_data_pipeline.py for tasks to queue
[2025-07-03T03:09:13.026+0000] {logging_mixin.py:190} INFO - [2025-07-03T03:09:13.025+0000] {dagbag.py:588} INFO - Filling up the DagBag from /opt/airflow/dags/driven_data_pipeline.py
[2025-07-03T03:09:13.761+0000] {processor.py:925} INFO - DAG(s) 'extract_raw_data_pipeline' retrieved from /opt/airflow/dags/driven_data_pipeline.py
[2025-07-03T03:09:13.804+0000] {logging_mixin.py:190} INFO - [2025-07-03T03:09:13.803+0000] {dag.py:3239} INFO - Sync 1 DAGs
[2025-07-03T03:09:13.839+0000] {logging_mixin.py:190} INFO - [2025-07-03T03:09:13.838+0000] {dag.py:4180} INFO - Setting next_dagrun for extract_raw_data_pipeline to 2025-07-02 07:59:00+00:00, run_after=2025-07-03 07:00:00+00:00
[2025-07-03T03:09:13.873+0000] {processor.py:208} INFO - Processing /opt/airflow/dags/driven_data_pipeline.py took 0.860 seconds
[2025-07-03T03:09:44.248+0000] {processor.py:186} INFO - Started process (PID=253) to work on /opt/airflow/dags/driven_data_pipeline.py
[2025-07-03T03:09:44.250+0000] {processor.py:914} INFO - Processing file /opt/airflow/dags/driven_data_pipeline.py for tasks to queue
[2025-07-03T03:09:44.255+0000] {logging_mixin.py:190} INFO - [2025-07-03T03:09:44.254+0000] {dagbag.py:588} INFO - Filling up the DagBag from /opt/airflow/dags/driven_data_pipeline.py
[2025-07-03T03:09:45.045+0000] {processor.py:925} INFO - DAG(s) 'extract_raw_data_pipeline' retrieved from /opt/airflow/dags/driven_data_pipeline.py
[2025-07-03T03:09:45.094+0000] {logging_mixin.py:190} INFO - [2025-07-03T03:09:45.093+0000] {dag.py:3239} INFO - Sync 1 DAGs
[2025-07-03T03:09:45.131+0000] {logging_mixin.py:190} INFO - [2025-07-03T03:09:45.131+0000] {dag.py:4180} INFO - Setting next_dagrun for extract_raw_data_pipeline to 2025-07-02 07:59:00+00:00, run_after=2025-07-03 07:00:00+00:00
[2025-07-03T03:09:45.168+0000] {processor.py:208} INFO - Processing /opt/airflow/dags/driven_data_pipeline.py took 0.931 seconds
[2025-07-03T03:10:15.603+0000] {processor.py:186} INFO - Started process (PID=261) to work on /opt/airflow/dags/driven_data_pipeline.py
[2025-07-03T03:10:15.606+0000] {processor.py:914} INFO - Processing file /opt/airflow/dags/driven_data_pipeline.py for tasks to queue
[2025-07-03T03:10:15.611+0000] {logging_mixin.py:190} INFO - [2025-07-03T03:10:15.610+0000] {dagbag.py:588} INFO - Filling up the DagBag from /opt/airflow/dags/driven_data_pipeline.py
[2025-07-03T03:10:16.940+0000] {processor.py:925} INFO - DAG(s) 'extract_raw_data_pipeline' retrieved from /opt/airflow/dags/driven_data_pipeline.py
[2025-07-03T03:10:17.029+0000] {logging_mixin.py:190} INFO - [2025-07-03T03:10:17.029+0000] {dag.py:3239} INFO - Sync 1 DAGs
[2025-07-03T03:10:17.119+0000] {logging_mixin.py:190} INFO - [2025-07-03T03:10:17.118+0000] {dag.py:4180} INFO - Setting next_dagrun for extract_raw_data_pipeline to 2025-07-02 07:59:00+00:00, run_after=2025-07-03 07:00:00+00:00
[2025-07-03T03:10:17.210+0000] {processor.py:208} INFO - Processing /opt/airflow/dags/driven_data_pipeline.py took 0.627 seconds
[2025-07-03T03:10:47.589+0000] {processor.py:186} INFO - Started process (PID=269) to work on /opt/airflow/dags/driven_data_pipeline.py
[2025-07-03T03:10:47.591+0000] {processor.py:914} INFO - Processing file /opt/airflow/dags/driven_data_pipeline.py for tasks to queue
[2025-07-03T03:10:47.596+0000] {logging_mixin.py:190} INFO - [2025-07-03T03:10:47.596+0000] {dagbag.py:588} INFO - Filling up the DagBag from /opt/airflow/dags/driven_data_pipeline.py
[2025-07-03T03:10:48.312+0000] {processor.py:925} INFO - DAG(s) 'extract_raw_data_pipeline' retrieved from /opt/airflow/dags/driven_data_pipeline.py
[2025-07-03T03:10:48.359+0000] {logging_mixin.py:190} INFO - [2025-07-03T03:10:48.359+0000] {dag.py:3239} INFO - Sync 1 DAGs
[2025-07-03T03:10:48.396+0000] {logging_mixin.py:190} INFO - [2025-07-03T03:10:48.395+0000] {dag.py:4180} INFO - Setting next_dagrun for extract_raw_data_pipeline to 2025-07-02 07:59:00+00:00, run_after=2025-07-03 07:00:00+00:00
[2025-07-03T03:10:48.430+0000] {processor.py:208} INFO - Processing /opt/airflow/dags/driven_data_pipeline.py took 0.852 seconds
[2025-07-03T03:11:18.835+0000] {processor.py:186} INFO - Started process (PID=277) to work on /opt/airflow/dags/driven_data_pipeline.py
[2025-07-03T03:11:18.837+0000] {processor.py:914} INFO - Processing file /opt/airflow/dags/driven_data_pipeline.py for tasks to queue
[2025-07-03T03:11:18.843+0000] {logging_mixin.py:190} INFO - [2025-07-03T03:11:18.842+0000] {dagbag.py:588} INFO - Filling up the DagBag from /opt/airflow/dags/driven_data_pipeline.py
[2025-07-03T03:11:19.577+0000] {processor.py:925} INFO - DAG(s) 'extract_raw_data_pipeline' retrieved from /opt/airflow/dags/driven_data_pipeline.py
[2025-07-03T03:11:19.652+0000] {logging_mixin.py:190} INFO - [2025-07-03T03:11:19.651+0000] {dag.py:3239} INFO - Sync 1 DAGs
[2025-07-03T03:11:19.696+0000] {logging_mixin.py:190} INFO - [2025-07-03T03:11:19.695+0000] {dag.py:4180} INFO - Setting next_dagrun for extract_raw_data_pipeline to 2025-07-02 07:59:00+00:00, run_after=2025-07-03 07:00:00+00:00
[2025-07-03T03:11:19.751+0000] {processor.py:208} INFO - Processing /opt/airflow/dags/driven_data_pipeline.py took 0.927 seconds
[2025-07-03T03:11:50.191+0000] {processor.py:186} INFO - Started process (PID=285) to work on /opt/airflow/dags/driven_data_pipeline.py
[2025-07-03T03:11:50.194+0000] {processor.py:914} INFO - Processing file /opt/airflow/dags/driven_data_pipeline.py for tasks to queue
[2025-07-03T03:11:50.198+0000] {logging_mixin.py:190} INFO - [2025-07-03T03:11:50.197+0000] {dagbag.py:588} INFO - Filling up the DagBag from /opt/airflow/dags/driven_data_pipeline.py
[2025-07-03T03:11:51.059+0000] {processor.py:925} INFO - DAG(s) 'extract_raw_data_pipeline' retrieved from /opt/airflow/dags/driven_data_pipeline.py
[2025-07-03T03:11:51.110+0000] {logging_mixin.py:190} INFO - [2025-07-03T03:11:51.110+0000] {dag.py:3239} INFO - Sync 1 DAGs
[2025-07-03T03:11:51.147+0000] {logging_mixin.py:190} INFO - [2025-07-03T03:11:51.147+0000] {dag.py:4180} INFO - Setting next_dagrun for extract_raw_data_pipeline to 2025-07-02 07:59:00+00:00, run_after=2025-07-03 07:00:00+00:00
[2025-07-03T03:11:51.179+0000] {processor.py:208} INFO - Processing /opt/airflow/dags/driven_data_pipeline.py took 1.000 seconds
[2025-07-03T03:12:21.443+0000] {processor.py:186} INFO - Started process (PID=293) to work on /opt/airflow/dags/driven_data_pipeline.py
[2025-07-03T03:12:21.445+0000] {processor.py:914} INFO - Processing file /opt/airflow/dags/driven_data_pipeline.py for tasks to queue
[2025-07-03T03:12:21.449+0000] {logging_mixin.py:190} INFO - [2025-07-03T03:12:21.449+0000] {dagbag.py:588} INFO - Filling up the DagBag from /opt/airflow/dags/driven_data_pipeline.py
[2025-07-03T03:12:22.171+0000] {processor.py:925} INFO - DAG(s) 'extract_raw_data_pipeline' retrieved from /opt/airflow/dags/driven_data_pipeline.py
[2025-07-03T03:12:22.217+0000] {logging_mixin.py:190} INFO - [2025-07-03T03:12:22.217+0000] {dag.py:3239} INFO - Sync 1 DAGs
[2025-07-03T03:12:22.248+0000] {logging_mixin.py:190} INFO - [2025-07-03T03:12:22.248+0000] {dag.py:4180} INFO - Setting next_dagrun for extract_raw_data_pipeline to 2025-07-02 07:59:00+00:00, run_after=2025-07-03 07:00:00+00:00
[2025-07-03T03:12:22.280+0000] {processor.py:208} INFO - Processing /opt/airflow/dags/driven_data_pipeline.py took 0.848 seconds
[2025-07-03T03:12:52.478+0000] {processor.py:186} INFO - Started process (PID=301) to work on /opt/airflow/dags/driven_data_pipeline.py
[2025-07-03T03:12:52.480+0000] {processor.py:914} INFO - Processing file /opt/airflow/dags/driven_data_pipeline.py for tasks to queue
[2025-07-03T03:12:52.485+0000] {logging_mixin.py:190} INFO - [2025-07-03T03:12:52.484+0000] {dagbag.py:588} INFO - Filling up the DagBag from /opt/airflow/dags/driven_data_pipeline.py
[2025-07-03T03:12:53.495+0000] {processor.py:925} INFO - DAG(s) 'extract_raw_data_pipeline' retrieved from /opt/airflow/dags/driven_data_pipeline.py
[2025-07-03T03:12:53.669+0000] {logging_mixin.py:190} INFO - [2025-07-03T03:12:53.667+0000] {dag.py:3239} INFO - Sync 1 DAGs
[2025-07-03T03:12:53.723+0000] {logging_mixin.py:190} INFO - [2025-07-03T03:12:53.722+0000] {dag.py:4180} INFO - Setting next_dagrun for extract_raw_data_pipeline to 2025-07-02 07:59:00+00:00, run_after=2025-07-03 07:00:00+00:00
[2025-07-03T03:12:53.768+0000] {processor.py:208} INFO - Processing /opt/airflow/dags/driven_data_pipeline.py took 1.304 seconds
[2025-07-03T03:13:24.061+0000] {processor.py:186} INFO - Started process (PID=309) to work on /opt/airflow/dags/driven_data_pipeline.py
[2025-07-03T03:13:24.063+0000] {processor.py:914} INFO - Processing file /opt/airflow/dags/driven_data_pipeline.py for tasks to queue
[2025-07-03T03:13:24.068+0000] {logging_mixin.py:190} INFO - [2025-07-03T03:13:24.067+0000] {dagbag.py:588} INFO - Filling up the DagBag from /opt/airflow/dags/driven_data_pipeline.py
[2025-07-03T03:13:24.917+0000] {processor.py:925} INFO - DAG(s) 'extract_raw_data_pipeline' retrieved from /opt/airflow/dags/driven_data_pipeline.py
[2025-07-03T03:13:24.966+0000] {logging_mixin.py:190} INFO - [2025-07-03T03:13:24.966+0000] {dag.py:3239} INFO - Sync 1 DAGs
[2025-07-03T03:13:24.997+0000] {logging_mixin.py:190} INFO - [2025-07-03T03:13:24.997+0000] {dag.py:4180} INFO - Setting next_dagrun for extract_raw_data_pipeline to 2025-07-02 07:59:00+00:00, run_after=2025-07-03 07:00:00+00:00
[2025-07-03T03:13:25.025+0000] {processor.py:208} INFO - Processing /opt/airflow/dags/driven_data_pipeline.py took 0.974 seconds
[2025-07-03T03:13:55.331+0000] {processor.py:186} INFO - Started process (PID=317) to work on /opt/airflow/dags/driven_data_pipeline.py
[2025-07-03T03:13:55.333+0000] {processor.py:914} INFO - Processing file /opt/airflow/dags/driven_data_pipeline.py for tasks to queue
[2025-07-03T03:13:55.337+0000] {logging_mixin.py:190} INFO - [2025-07-03T03:13:55.336+0000] {dagbag.py:588} INFO - Filling up the DagBag from /opt/airflow/dags/driven_data_pipeline.py
[2025-07-03T03:13:56.209+0000] {processor.py:925} INFO - DAG(s) 'extract_raw_data_pipeline' retrieved from /opt/airflow/dags/driven_data_pipeline.py
[2025-07-03T03:13:56.261+0000] {logging_mixin.py:190} INFO - [2025-07-03T03:13:56.260+0000] {dag.py:3239} INFO - Sync 1 DAGs
[2025-07-03T03:13:56.299+0000] {logging_mixin.py:190} INFO - [2025-07-03T03:13:56.298+0000] {dag.py:4180} INFO - Setting next_dagrun for extract_raw_data_pipeline to 2025-07-02 07:59:00+00:00, run_after=2025-07-03 07:00:00+00:00
[2025-07-03T03:13:56.330+0000] {processor.py:208} INFO - Processing /opt/airflow/dags/driven_data_pipeline.py took 1.009 seconds
[2025-07-03T03:14:26.578+0000] {processor.py:186} INFO - Started process (PID=325) to work on /opt/airflow/dags/driven_data_pipeline.py
[2025-07-03T03:14:26.580+0000] {processor.py:914} INFO - Processing file /opt/airflow/dags/driven_data_pipeline.py for tasks to queue
[2025-07-03T03:14:26.584+0000] {logging_mixin.py:190} INFO - [2025-07-03T03:14:26.583+0000] {dagbag.py:588} INFO - Filling up the DagBag from /opt/airflow/dags/driven_data_pipeline.py
[2025-07-03T03:14:27.392+0000] {processor.py:925} INFO - DAG(s) 'extract_raw_data_pipeline' retrieved from /opt/airflow/dags/driven_data_pipeline.py
[2025-07-03T03:14:27.445+0000] {logging_mixin.py:190} INFO - [2025-07-03T03:14:27.445+0000] {dag.py:3239} INFO - Sync 1 DAGs
[2025-07-03T03:14:27.476+0000] {logging_mixin.py:190} INFO - [2025-07-03T03:14:27.476+0000] {dag.py:4180} INFO - Setting next_dagrun for extract_raw_data_pipeline to 2025-07-02 07:59:00+00:00, run_after=2025-07-03 07:00:00+00:00
[2025-07-03T03:14:27.508+0000] {processor.py:208} INFO - Processing /opt/airflow/dags/driven_data_pipeline.py took 0.940 seconds
[2025-07-03T03:14:57.832+0000] {processor.py:186} INFO - Started process (PID=333) to work on /opt/airflow/dags/driven_data_pipeline.py
[2025-07-03T03:14:57.833+0000] {processor.py:914} INFO - Processing file /opt/airflow/dags/driven_data_pipeline.py for tasks to queue
[2025-07-03T03:14:57.838+0000] {logging_mixin.py:190} INFO - [2025-07-03T03:14:57.837+0000] {dagbag.py:588} INFO - Filling up the DagBag from /opt/airflow/dags/driven_data_pipeline.py
[2025-07-03T03:14:58.633+0000] {processor.py:925} INFO - DAG(s) 'extract_raw_data_pipeline' retrieved from /opt/airflow/dags/driven_data_pipeline.py
[2025-07-03T03:14:58.680+0000] {logging_mixin.py:190} INFO - [2025-07-03T03:14:58.680+0000] {dag.py:3239} INFO - Sync 1 DAGs
[2025-07-03T03:14:58.711+0000] {logging_mixin.py:190} INFO - [2025-07-03T03:14:58.711+0000] {dag.py:4180} INFO - Setting next_dagrun for extract_raw_data_pipeline to 2025-07-02 07:59:00+00:00, run_after=2025-07-03 07:00:00+00:00
[2025-07-03T03:14:58.742+0000] {processor.py:208} INFO - Processing /opt/airflow/dags/driven_data_pipeline.py took 0.925 seconds
[2025-07-03T03:15:29.101+0000] {processor.py:186} INFO - Started process (PID=341) to work on /opt/airflow/dags/driven_data_pipeline.py
[2025-07-03T03:15:29.103+0000] {processor.py:914} INFO - Processing file /opt/airflow/dags/driven_data_pipeline.py for tasks to queue
[2025-07-03T03:15:29.109+0000] {logging_mixin.py:190} INFO - [2025-07-03T03:15:29.108+0000] {dagbag.py:588} INFO - Filling up the DagBag from /opt/airflow/dags/driven_data_pipeline.py
[2025-07-03T03:15:29.806+0000] {processor.py:925} INFO - DAG(s) 'extract_raw_data_pipeline' retrieved from /opt/airflow/dags/driven_data_pipeline.py
[2025-07-03T03:15:29.891+0000] {logging_mixin.py:190} INFO - [2025-07-03T03:15:29.891+0000] {dag.py:3239} INFO - Sync 1 DAGs
[2025-07-03T03:15:29.923+0000] {logging_mixin.py:190} INFO - [2025-07-03T03:15:29.923+0000] {dag.py:4180} INFO - Setting next_dagrun for extract_raw_data_pipeline to 2025-07-02 07:59:00+00:00, run_after=2025-07-03 07:00:00+00:00
[2025-07-03T03:15:29.959+0000] {processor.py:208} INFO - Processing /opt/airflow/dags/driven_data_pipeline.py took 0.885 seconds
[2025-07-03T03:16:00.308+0000] {processor.py:186} INFO - Started process (PID=349) to work on /opt/airflow/dags/driven_data_pipeline.py
[2025-07-03T03:16:00.313+0000] {processor.py:914} INFO - Processing file /opt/airflow/dags/driven_data_pipeline.py for tasks to queue
[2025-07-03T03:16:00.328+0000] {logging_mixin.py:190} INFO - [2025-07-03T03:16:00.326+0000] {dagbag.py:588} INFO - Filling up the DagBag from /opt/airflow/dags/driven_data_pipeline.py
[2025-07-03T03:16:00.725+0000] {processor.py:925} INFO - DAG(s) 'extract_raw_data_pipeline' retrieved from /opt/airflow/dags/driven_data_pipeline.py
[2025-07-03T03:16:00.779+0000] {logging_mixin.py:190} INFO - [2025-07-03T03:16:00.779+0000] {dag.py:3239} INFO - Sync 1 DAGs
[2025-07-03T03:16:00.821+0000] {logging_mixin.py:190} INFO - [2025-07-03T03:16:00.820+0000] {dag.py:4180} INFO - Setting next_dagrun for extract_raw_data_pipeline to 2025-07-02 07:59:00+00:00, run_after=2025-07-03 07:00:00+00:00
[2025-07-03T03:16:00.859+0000] {processor.py:208} INFO - Processing /opt/airflow/dags/driven_data_pipeline.py took 0.576 seconds
[2025-07-03T03:16:31.112+0000] {processor.py:186} INFO - Started process (PID=357) to work on /opt/airflow/dags/driven_data_pipeline.py
[2025-07-03T03:16:31.114+0000] {processor.py:914} INFO - Processing file /opt/airflow/dags/driven_data_pipeline.py for tasks to queue
[2025-07-03T03:16:31.119+0000] {logging_mixin.py:190} INFO - [2025-07-03T03:16:31.119+0000] {dagbag.py:588} INFO - Filling up the DagBag from /opt/airflow/dags/driven_data_pipeline.py
[2025-07-03T03:16:31.922+0000] {processor.py:925} INFO - DAG(s) 'extract_raw_data_pipeline' retrieved from /opt/airflow/dags/driven_data_pipeline.py
[2025-07-03T03:16:31.968+0000] {logging_mixin.py:190} INFO - [2025-07-03T03:16:31.968+0000] {dag.py:3239} INFO - Sync 1 DAGs
[2025-07-03T03:16:32.012+0000] {logging_mixin.py:190} INFO - [2025-07-03T03:16:32.007+0000] {dag.py:4180} INFO - Setting next_dagrun for extract_raw_data_pipeline to 2025-07-02 07:59:00+00:00, run_after=2025-07-03 07:00:00+00:00
[2025-07-03T03:16:32.093+0000] {processor.py:208} INFO - Processing /opt/airflow/dags/driven_data_pipeline.py took 0.991 seconds
[2025-07-03T03:17:02.382+0000] {processor.py:186} INFO - Started process (PID=365) to work on /opt/airflow/dags/driven_data_pipeline.py
[2025-07-03T03:17:02.384+0000] {processor.py:914} INFO - Processing file /opt/airflow/dags/driven_data_pipeline.py for tasks to queue
[2025-07-03T03:17:02.389+0000] {logging_mixin.py:190} INFO - [2025-07-03T03:17:02.388+0000] {dagbag.py:588} INFO - Filling up the DagBag from /opt/airflow/dags/driven_data_pipeline.py
[2025-07-03T03:17:03.167+0000] {processor.py:925} INFO - DAG(s) 'extract_raw_data_pipeline' retrieved from /opt/airflow/dags/driven_data_pipeline.py
[2025-07-03T03:17:03.217+0000] {logging_mixin.py:190} INFO - [2025-07-03T03:17:03.217+0000] {dag.py:3239} INFO - Sync 1 DAGs
[2025-07-03T03:17:03.252+0000] {logging_mixin.py:190} INFO - [2025-07-03T03:17:03.252+0000] {dag.py:4180} INFO - Setting next_dagrun for extract_raw_data_pipeline to 2025-07-02 07:59:00+00:00, run_after=2025-07-03 07:00:00+00:00
[2025-07-03T03:17:03.280+0000] {processor.py:208} INFO - Processing /opt/airflow/dags/driven_data_pipeline.py took 0.911 seconds
[2025-07-03T03:17:33.576+0000] {processor.py:186} INFO - Started process (PID=373) to work on /opt/airflow/dags/driven_data_pipeline.py
[2025-07-03T03:17:33.582+0000] {processor.py:914} INFO - Processing file /opt/airflow/dags/driven_data_pipeline.py for tasks to queue
[2025-07-03T03:17:33.600+0000] {logging_mixin.py:190} INFO - [2025-07-03T03:17:33.599+0000] {dagbag.py:588} INFO - Filling up the DagBag from /opt/airflow/dags/driven_data_pipeline.py
[2025-07-03T03:17:34.387+0000] {processor.py:925} INFO - DAG(s) 'extract_raw_data_pipeline' retrieved from /opt/airflow/dags/driven_data_pipeline.py
[2025-07-03T03:17:34.440+0000] {logging_mixin.py:190} INFO - [2025-07-03T03:17:34.440+0000] {dag.py:3239} INFO - Sync 1 DAGs
[2025-07-03T03:17:34.475+0000] {logging_mixin.py:190} INFO - [2025-07-03T03:17:34.474+0000] {dag.py:4180} INFO - Setting next_dagrun for extract_raw_data_pipeline to 2025-07-02 07:59:00+00:00, run_after=2025-07-03 07:00:00+00:00
[2025-07-03T03:17:34.507+0000] {processor.py:208} INFO - Processing /opt/airflow/dags/driven_data_pipeline.py took 0.948 seconds
[2025-07-03T03:18:04.759+0000] {processor.py:186} INFO - Started process (PID=381) to work on /opt/airflow/dags/driven_data_pipeline.py
[2025-07-03T03:18:04.761+0000] {processor.py:914} INFO - Processing file /opt/airflow/dags/driven_data_pipeline.py for tasks to queue
[2025-07-03T03:18:04.764+0000] {logging_mixin.py:190} INFO - [2025-07-03T03:18:04.764+0000] {dagbag.py:588} INFO - Filling up the DagBag from /opt/airflow/dags/driven_data_pipeline.py
[2025-07-03T03:18:05.447+0000] {processor.py:925} INFO - DAG(s) 'extract_raw_data_pipeline' retrieved from /opt/airflow/dags/driven_data_pipeline.py
[2025-07-03T03:18:05.488+0000] {logging_mixin.py:190} INFO - [2025-07-03T03:18:05.487+0000] {dag.py:3239} INFO - Sync 1 DAGs
[2025-07-03T03:18:05.521+0000] {logging_mixin.py:190} INFO - [2025-07-03T03:18:05.521+0000] {dag.py:4180} INFO - Setting next_dagrun for extract_raw_data_pipeline to 2025-07-02 07:59:00+00:00, run_after=2025-07-03 07:00:00+00:00
[2025-07-03T03:18:05.554+0000] {processor.py:208} INFO - Processing /opt/airflow/dags/driven_data_pipeline.py took 0.802 seconds
[2025-07-03T03:18:35.830+0000] {processor.py:186} INFO - Started process (PID=389) to work on /opt/airflow/dags/driven_data_pipeline.py
[2025-07-03T03:18:35.833+0000] {processor.py:914} INFO - Processing file /opt/airflow/dags/driven_data_pipeline.py for tasks to queue
[2025-07-03T03:18:35.838+0000] {logging_mixin.py:190} INFO - [2025-07-03T03:18:35.837+0000] {dagbag.py:588} INFO - Filling up the DagBag from /opt/airflow/dags/driven_data_pipeline.py
[2025-07-03T03:18:36.676+0000] {processor.py:925} INFO - DAG(s) 'extract_raw_data_pipeline' retrieved from /opt/airflow/dags/driven_data_pipeline.py
[2025-07-03T03:18:36.875+0000] {logging_mixin.py:190} INFO - [2025-07-03T03:18:36.860+0000] {dag.py:3239} INFO - Sync 1 DAGs
[2025-07-03T03:18:36.921+0000] {logging_mixin.py:190} INFO - [2025-07-03T03:18:36.920+0000] {dag.py:4180} INFO - Setting next_dagrun for extract_raw_data_pipeline to 2025-07-02 07:59:00+00:00, run_after=2025-07-03 07:00:00+00:00
[2025-07-03T03:18:36.957+0000] {processor.py:208} INFO - Processing /opt/airflow/dags/driven_data_pipeline.py took 1.138 seconds
[2025-07-03T03:19:08.369+0000] {processor.py:186} INFO - Started process (PID=397) to work on /opt/airflow/dags/driven_data_pipeline.py
[2025-07-03T03:19:08.371+0000] {processor.py:914} INFO - Processing file /opt/airflow/dags/driven_data_pipeline.py for tasks to queue
[2025-07-03T03:19:08.375+0000] {logging_mixin.py:190} INFO - [2025-07-03T03:19:08.374+0000] {dagbag.py:588} INFO - Filling up the DagBag from /opt/airflow/dags/driven_data_pipeline.py
[2025-07-03T03:19:09.239+0000] {processor.py:925} INFO - DAG(s) 'extract_raw_data_pipeline' retrieved from /opt/airflow/dags/driven_data_pipeline.py
[2025-07-03T03:19:09.291+0000] {logging_mixin.py:190} INFO - [2025-07-03T03:19:09.291+0000] {dag.py:3239} INFO - Sync 1 DAGs
[2025-07-03T03:19:09.328+0000] {logging_mixin.py:190} INFO - [2025-07-03T03:19:09.327+0000] {dag.py:4180} INFO - Setting next_dagrun for extract_raw_data_pipeline to 2025-07-02 07:59:00+00:00, run_after=2025-07-03 07:00:00+00:00
[2025-07-03T03:19:09.359+0000] {processor.py:208} INFO - Processing /opt/airflow/dags/driven_data_pipeline.py took 1.001 seconds
[2025-07-03T03:19:40.652+0000] {processor.py:186} INFO - Started process (PID=406) to work on /opt/airflow/dags/driven_data_pipeline.py
[2025-07-03T03:19:40.654+0000] {processor.py:914} INFO - Processing file /opt/airflow/dags/driven_data_pipeline.py for tasks to queue
[2025-07-03T03:19:40.658+0000] {logging_mixin.py:190} INFO - [2025-07-03T03:19:40.657+0000] {dagbag.py:588} INFO - Filling up the DagBag from /opt/airflow/dags/driven_data_pipeline.py
[2025-07-03T03:19:41.444+0000] {processor.py:925} INFO - DAG(s) 'extract_raw_data_pipeline' retrieved from /opt/airflow/dags/driven_data_pipeline.py
[2025-07-03T03:19:41.497+0000] {logging_mixin.py:190} INFO - [2025-07-03T03:19:41.496+0000] {dag.py:3239} INFO - Sync 1 DAGs
[2025-07-03T03:19:41.531+0000] {logging_mixin.py:190} INFO - [2025-07-03T03:19:41.531+0000] {dag.py:4180} INFO - Setting next_dagrun for extract_raw_data_pipeline to 2025-07-02 07:59:00+00:00, run_after=2025-07-03 07:00:00+00:00
[2025-07-03T03:19:41.560+0000] {processor.py:208} INFO - Processing /opt/airflow/dags/driven_data_pipeline.py took 0.918 seconds
[2025-07-03T03:20:11.955+0000] {processor.py:186} INFO - Started process (PID=414) to work on /opt/airflow/dags/driven_data_pipeline.py
[2025-07-03T03:20:11.956+0000] {processor.py:914} INFO - Processing file /opt/airflow/dags/driven_data_pipeline.py for tasks to queue
[2025-07-03T03:20:11.961+0000] {logging_mixin.py:190} INFO - [2025-07-03T03:20:11.960+0000] {dagbag.py:588} INFO - Filling up the DagBag from /opt/airflow/dags/driven_data_pipeline.py
[2025-07-03T03:20:12.688+0000] {processor.py:925} INFO - DAG(s) 'extract_raw_data_pipeline' retrieved from /opt/airflow/dags/driven_data_pipeline.py
[2025-07-03T03:20:12.732+0000] {logging_mixin.py:190} INFO - [2025-07-03T03:20:12.731+0000] {dag.py:3239} INFO - Sync 1 DAGs
[2025-07-03T03:20:12.764+0000] {logging_mixin.py:190} INFO - [2025-07-03T03:20:12.764+0000] {dag.py:4180} INFO - Setting next_dagrun for extract_raw_data_pipeline to 2025-07-02 07:59:00+00:00, run_after=2025-07-03 07:00:00+00:00
[2025-07-03T03:20:12.822+0000] {processor.py:208} INFO - Processing /opt/airflow/dags/driven_data_pipeline.py took 0.878 seconds
[2025-07-03T03:20:43.149+0000] {processor.py:186} INFO - Started process (PID=422) to work on /opt/airflow/dags/driven_data_pipeline.py
[2025-07-03T03:20:43.150+0000] {processor.py:914} INFO - Processing file /opt/airflow/dags/driven_data_pipeline.py for tasks to queue
[2025-07-03T03:20:43.154+0000] {logging_mixin.py:190} INFO - [2025-07-03T03:20:43.153+0000] {dagbag.py:588} INFO - Filling up the DagBag from /opt/airflow/dags/driven_data_pipeline.py
[2025-07-03T03:20:43.872+0000] {processor.py:925} INFO - DAG(s) 'extract_raw_data_pipeline' retrieved from /opt/airflow/dags/driven_data_pipeline.py
[2025-07-03T03:20:43.919+0000] {logging_mixin.py:190} INFO - [2025-07-03T03:20:43.918+0000] {dag.py:3239} INFO - Sync 1 DAGs
[2025-07-03T03:20:43.948+0000] {logging_mixin.py:190} INFO - [2025-07-03T03:20:43.948+0000] {dag.py:4180} INFO - Setting next_dagrun for extract_raw_data_pipeline to 2025-07-02 07:59:00+00:00, run_after=2025-07-03 07:00:00+00:00
[2025-07-03T03:20:43.981+0000] {processor.py:208} INFO - Processing /opt/airflow/dags/driven_data_pipeline.py took 0.841 seconds
[2025-07-03T03:21:14.199+0000] {processor.py:186} INFO - Started process (PID=430) to work on /opt/airflow/dags/driven_data_pipeline.py
[2025-07-03T03:21:14.200+0000] {processor.py:914} INFO - Processing file /opt/airflow/dags/driven_data_pipeline.py for tasks to queue
[2025-07-03T03:21:14.204+0000] {logging_mixin.py:190} INFO - [2025-07-03T03:21:14.204+0000] {dagbag.py:588} INFO - Filling up the DagBag from /opt/airflow/dags/driven_data_pipeline.py
[2025-07-03T03:21:14.855+0000] {processor.py:925} INFO - DAG(s) 'extract_raw_data_pipeline' retrieved from /opt/airflow/dags/driven_data_pipeline.py
[2025-07-03T03:21:14.922+0000] {logging_mixin.py:190} INFO - [2025-07-03T03:21:14.921+0000] {dag.py:3239} INFO - Sync 1 DAGs
[2025-07-03T03:21:14.973+0000] {logging_mixin.py:190} INFO - [2025-07-03T03:21:14.973+0000] {dag.py:4180} INFO - Setting next_dagrun for extract_raw_data_pipeline to 2025-07-02 07:59:00+00:00, run_after=2025-07-03 07:00:00+00:00
[2025-07-03T03:21:14.998+0000] {processor.py:208} INFO - Processing /opt/airflow/dags/driven_data_pipeline.py took 0.809 seconds
[2025-07-03T03:21:45.419+0000] {processor.py:186} INFO - Started process (PID=438) to work on /opt/airflow/dags/driven_data_pipeline.py
[2025-07-03T03:21:45.422+0000] {processor.py:914} INFO - Processing file /opt/airflow/dags/driven_data_pipeline.py for tasks to queue
[2025-07-03T03:21:45.427+0000] {logging_mixin.py:190} INFO - [2025-07-03T03:21:45.426+0000] {dagbag.py:588} INFO - Filling up the DagBag from /opt/airflow/dags/driven_data_pipeline.py
[2025-07-03T03:21:46.227+0000] {processor.py:925} INFO - DAG(s) 'extract_raw_data_pipeline' retrieved from /opt/airflow/dags/driven_data_pipeline.py
[2025-07-03T03:21:46.284+0000] {logging_mixin.py:190} INFO - [2025-07-03T03:21:46.284+0000] {dag.py:3239} INFO - Sync 1 DAGs
[2025-07-03T03:21:46.322+0000] {logging_mixin.py:190} INFO - [2025-07-03T03:21:46.321+0000] {dag.py:4180} INFO - Setting next_dagrun for extract_raw_data_pipeline to 2025-07-02 07:59:00+00:00, run_after=2025-07-03 07:00:00+00:00
[2025-07-03T03:21:46.356+0000] {processor.py:208} INFO - Processing /opt/airflow/dags/driven_data_pipeline.py took 0.950 seconds
[2025-07-03T03:22:16.664+0000] {processor.py:186} INFO - Started process (PID=446) to work on /opt/airflow/dags/driven_data_pipeline.py
[2025-07-03T03:22:16.666+0000] {processor.py:914} INFO - Processing file /opt/airflow/dags/driven_data_pipeline.py for tasks to queue
[2025-07-03T03:22:16.670+0000] {logging_mixin.py:190} INFO - [2025-07-03T03:22:16.669+0000] {dagbag.py:588} INFO - Filling up the DagBag from /opt/airflow/dags/driven_data_pipeline.py
[2025-07-03T03:22:16.981+0000] {processor.py:925} INFO - DAG(s) 'extract_raw_data_pipeline' retrieved from /opt/airflow/dags/driven_data_pipeline.py
[2025-07-03T03:22:17.025+0000] {logging_mixin.py:190} INFO - [2025-07-03T03:22:17.025+0000] {dag.py:3239} INFO - Sync 1 DAGs
[2025-07-03T03:22:17.064+0000] {logging_mixin.py:190} INFO - [2025-07-03T03:22:17.064+0000] {dag.py:4180} INFO - Setting next_dagrun for extract_raw_data_pipeline to 2025-07-02 07:59:00+00:00, run_after=2025-07-03 07:00:00+00:00
[2025-07-03T03:22:17.112+0000] {processor.py:208} INFO - Processing /opt/airflow/dags/driven_data_pipeline.py took 0.459 seconds
[2025-07-03T03:22:47.443+0000] {processor.py:186} INFO - Started process (PID=454) to work on /opt/airflow/dags/driven_data_pipeline.py
[2025-07-03T03:22:47.445+0000] {processor.py:914} INFO - Processing file /opt/airflow/dags/driven_data_pipeline.py for tasks to queue
[2025-07-03T03:22:47.450+0000] {logging_mixin.py:190} INFO - [2025-07-03T03:22:47.449+0000] {dagbag.py:588} INFO - Filling up the DagBag from /opt/airflow/dags/driven_data_pipeline.py
[2025-07-03T03:22:48.120+0000] {processor.py:925} INFO - DAG(s) 'extract_raw_data_pipeline' retrieved from /opt/airflow/dags/driven_data_pipeline.py
[2025-07-03T03:22:48.167+0000] {logging_mixin.py:190} INFO - [2025-07-03T03:22:48.166+0000] {dag.py:3239} INFO - Sync 1 DAGs
[2025-07-03T03:22:48.200+0000] {logging_mixin.py:190} INFO - [2025-07-03T03:22:48.200+0000] {dag.py:4180} INFO - Setting next_dagrun for extract_raw_data_pipeline to 2025-07-02 07:59:00+00:00, run_after=2025-07-03 07:00:00+00:00
[2025-07-03T03:22:48.227+0000] {processor.py:208} INFO - Processing /opt/airflow/dags/driven_data_pipeline.py took 0.794 seconds
[2025-07-03T03:23:18.320+0000] {processor.py:186} INFO - Started process (PID=462) to work on /opt/airflow/dags/driven_data_pipeline.py
[2025-07-03T03:23:18.322+0000] {processor.py:914} INFO - Processing file /opt/airflow/dags/driven_data_pipeline.py for tasks to queue
[2025-07-03T03:23:18.326+0000] {logging_mixin.py:190} INFO - [2025-07-03T03:23:18.326+0000] {dagbag.py:588} INFO - Filling up the DagBag from /opt/airflow/dags/driven_data_pipeline.py
[2025-07-03T03:23:19.066+0000] {processor.py:925} INFO - DAG(s) 'extract_raw_data_pipeline' retrieved from /opt/airflow/dags/driven_data_pipeline.py
[2025-07-03T03:23:19.117+0000] {logging_mixin.py:190} INFO - [2025-07-03T03:23:19.117+0000] {dag.py:3239} INFO - Sync 1 DAGs
[2025-07-03T03:23:19.151+0000] {logging_mixin.py:190} INFO - [2025-07-03T03:23:19.151+0000] {dag.py:4180} INFO - Setting next_dagrun for extract_raw_data_pipeline to 2025-07-02 07:59:00+00:00, run_after=2025-07-03 07:00:00+00:00
[2025-07-03T03:23:19.181+0000] {processor.py:208} INFO - Processing /opt/airflow/dags/driven_data_pipeline.py took 0.871 seconds
[2025-07-03T03:23:49.622+0000] {processor.py:186} INFO - Started process (PID=470) to work on /opt/airflow/dags/driven_data_pipeline.py
[2025-07-03T03:23:49.625+0000] {processor.py:914} INFO - Processing file /opt/airflow/dags/driven_data_pipeline.py for tasks to queue
[2025-07-03T03:23:49.630+0000] {logging_mixin.py:190} INFO - [2025-07-03T03:23:49.629+0000] {dagbag.py:588} INFO - Filling up the DagBag from /opt/airflow/dags/driven_data_pipeline.py
[2025-07-03T03:23:50.417+0000] {processor.py:925} INFO - DAG(s) 'extract_raw_data_pipeline' retrieved from /opt/airflow/dags/driven_data_pipeline.py
[2025-07-03T03:23:50.470+0000] {logging_mixin.py:190} INFO - [2025-07-03T03:23:50.470+0000] {dag.py:3239} INFO - Sync 1 DAGs
[2025-07-03T03:23:50.504+0000] {logging_mixin.py:190} INFO - [2025-07-03T03:23:50.504+0000] {dag.py:4180} INFO - Setting next_dagrun for extract_raw_data_pipeline to 2025-07-02 07:59:00+00:00, run_after=2025-07-03 07:00:00+00:00
[2025-07-03T03:23:50.532+0000] {processor.py:208} INFO - Processing /opt/airflow/dags/driven_data_pipeline.py took 0.923 seconds
[2025-07-03T03:24:14.839+0000] {processor.py:186} INFO - Started process (PID=478) to work on /opt/airflow/dags/driven_data_pipeline.py
[2025-07-03T03:24:14.842+0000] {processor.py:914} INFO - Processing file /opt/airflow/dags/driven_data_pipeline.py for tasks to queue
[2025-07-03T03:24:14.849+0000] {logging_mixin.py:190} INFO - [2025-07-03T03:24:14.847+0000] {dagbag.py:588} INFO - Filling up the DagBag from /opt/airflow/dags/driven_data_pipeline.py
[2025-07-03T03:24:15.227+0000] {processor.py:925} INFO - DAG(s) 'extract_raw_data_pipeline' retrieved from /opt/airflow/dags/driven_data_pipeline.py
[2025-07-03T03:24:15.896+0000] {logging_mixin.py:190} INFO - [2025-07-03T03:24:15.895+0000] {dag.py:3239} INFO - Sync 1 DAGs
[2025-07-03T03:24:15.946+0000] {logging_mixin.py:190} INFO - [2025-07-03T03:24:15.946+0000] {dag.py:4180} INFO - Setting next_dagrun for extract_raw_data_pipeline to 2025-07-02 07:59:00+00:00, run_after=2025-07-03 07:00:00+00:00
[2025-07-03T03:24:16.002+0000] {processor.py:208} INFO - Processing /opt/airflow/dags/driven_data_pipeline.py took 1.177 seconds
[2025-07-03T03:24:46.202+0000] {processor.py:186} INFO - Started process (PID=486) to work on /opt/airflow/dags/driven_data_pipeline.py
[2025-07-03T03:24:46.204+0000] {processor.py:914} INFO - Processing file /opt/airflow/dags/driven_data_pipeline.py for tasks to queue
[2025-07-03T03:24:46.210+0000] {logging_mixin.py:190} INFO - [2025-07-03T03:24:46.210+0000] {dagbag.py:588} INFO - Filling up the DagBag from /opt/airflow/dags/driven_data_pipeline.py
[2025-07-03T03:24:46.986+0000] {processor.py:925} INFO - DAG(s) 'extract_raw_data_pipeline' retrieved from /opt/airflow/dags/driven_data_pipeline.py
[2025-07-03T03:24:47.043+0000] {logging_mixin.py:190} INFO - [2025-07-03T03:24:47.043+0000] {dag.py:3239} INFO - Sync 1 DAGs
[2025-07-03T03:24:47.084+0000] {logging_mixin.py:190} INFO - [2025-07-03T03:24:47.084+0000] {dag.py:4180} INFO - Setting next_dagrun for extract_raw_data_pipeline to 2025-07-02 07:59:00+00:00, run_after=2025-07-03 07:00:00+00:00
[2025-07-03T03:24:47.117+0000] {processor.py:208} INFO - Processing /opt/airflow/dags/driven_data_pipeline.py took 0.925 seconds
[2025-07-03T03:25:17.363+0000] {processor.py:186} INFO - Started process (PID=494) to work on /opt/airflow/dags/driven_data_pipeline.py
[2025-07-03T03:25:17.366+0000] {processor.py:914} INFO - Processing file /opt/airflow/dags/driven_data_pipeline.py for tasks to queue
[2025-07-03T03:25:17.371+0000] {logging_mixin.py:190} INFO - [2025-07-03T03:25:17.370+0000] {dagbag.py:588} INFO - Filling up the DagBag from /opt/airflow/dags/driven_data_pipeline.py
[2025-07-03T03:25:18.299+0000] {processor.py:925} INFO - DAG(s) 'extract_raw_data_pipeline' retrieved from /opt/airflow/dags/driven_data_pipeline.py
[2025-07-03T03:25:18.358+0000] {logging_mixin.py:190} INFO - [2025-07-03T03:25:18.358+0000] {dag.py:3239} INFO - Sync 1 DAGs
[2025-07-03T03:25:18.403+0000] {logging_mixin.py:190} INFO - [2025-07-03T03:25:18.403+0000] {dag.py:4180} INFO - Setting next_dagrun for extract_raw_data_pipeline to 2025-07-02 07:59:00+00:00, run_after=2025-07-03 07:00:00+00:00
[2025-07-03T03:25:18.441+0000] {processor.py:208} INFO - Processing /opt/airflow/dags/driven_data_pipeline.py took 1.091 seconds
[2025-07-03T03:25:48.645+0000] {processor.py:186} INFO - Started process (PID=502) to work on /opt/airflow/dags/driven_data_pipeline.py
[2025-07-03T03:25:48.647+0000] {processor.py:914} INFO - Processing file /opt/airflow/dags/driven_data_pipeline.py for tasks to queue
[2025-07-03T03:25:48.651+0000] {logging_mixin.py:190} INFO - [2025-07-03T03:25:48.650+0000] {dagbag.py:588} INFO - Filling up the DagBag from /opt/airflow/dags/driven_data_pipeline.py
[2025-07-03T03:25:49.447+0000] {processor.py:925} INFO - DAG(s) 'extract_raw_data_pipeline' retrieved from /opt/airflow/dags/driven_data_pipeline.py
[2025-07-03T03:25:49.495+0000] {logging_mixin.py:190} INFO - [2025-07-03T03:25:49.494+0000] {dag.py:3239} INFO - Sync 1 DAGs
[2025-07-03T03:25:49.529+0000] {logging_mixin.py:190} INFO - [2025-07-03T03:25:49.529+0000] {dag.py:4180} INFO - Setting next_dagrun for extract_raw_data_pipeline to 2025-07-02 07:59:00+00:00, run_after=2025-07-03 07:00:00+00:00
[2025-07-03T03:25:49.562+0000] {processor.py:208} INFO - Processing /opt/airflow/dags/driven_data_pipeline.py took 0.926 seconds
[2025-07-03T03:31:30.024+0000] {processor.py:186} INFO - Started process (PID=118) to work on /opt/airflow/dags/driven_data_pipeline.py
[2025-07-03T03:31:30.034+0000] {processor.py:914} INFO - Processing file /opt/airflow/dags/driven_data_pipeline.py for tasks to queue
[2025-07-03T03:31:30.056+0000] {logging_mixin.py:190} INFO - [2025-07-03T03:31:30.054+0000] {dagbag.py:588} INFO - Filling up the DagBag from /opt/airflow/dags/driven_data_pipeline.py
[2025-07-03T03:31:31.684+0000] {processor.py:925} INFO - DAG(s) 'extract_raw_data_pipeline' retrieved from /opt/airflow/dags/driven_data_pipeline.py
[2025-07-03T03:31:32.270+0000] {logging_mixin.py:190} INFO - [2025-07-03T03:31:32.267+0000] {override.py:1900} INFO - Created Permission View: can edit on DAG:extract_raw_data_pipeline
[2025-07-03T03:31:32.292+0000] {logging_mixin.py:190} INFO - [2025-07-03T03:31:32.292+0000] {override.py:1900} INFO - Created Permission View: can read on DAG:extract_raw_data_pipeline
[2025-07-03T03:31:32.307+0000] {logging_mixin.py:190} INFO - [2025-07-03T03:31:32.306+0000] {override.py:1900} INFO - Created Permission View: can delete on DAG:extract_raw_data_pipeline
[2025-07-03T03:31:32.326+0000] {logging_mixin.py:190} INFO - [2025-07-03T03:31:32.326+0000] {override.py:1900} INFO - Created Permission View: menu access on DAG Run:extract_raw_data_pipeline
[2025-07-03T03:31:32.340+0000] {logging_mixin.py:190} INFO - [2025-07-03T03:31:32.339+0000] {override.py:1900} INFO - Created Permission View: can create on DAG Run:extract_raw_data_pipeline
[2025-07-03T03:31:32.358+0000] {logging_mixin.py:190} INFO - [2025-07-03T03:31:32.357+0000] {override.py:1900} INFO - Created Permission View: can read on DAG Run:extract_raw_data_pipeline
[2025-07-03T03:31:32.375+0000] {logging_mixin.py:190} INFO - [2025-07-03T03:31:32.374+0000] {override.py:1900} INFO - Created Permission View: can delete on DAG Run:extract_raw_data_pipeline
[2025-07-03T03:31:32.376+0000] {logging_mixin.py:190} INFO - [2025-07-03T03:31:32.376+0000] {dag.py:3239} INFO - Sync 1 DAGs
[2025-07-03T03:31:32.396+0000] {logging_mixin.py:190} INFO - [2025-07-03T03:31:32.395+0000] {dag.py:3262} INFO - Creating ORM DAG for extract_raw_data_pipeline
[2025-07-03T03:31:32.414+0000] {logging_mixin.py:190} INFO - [2025-07-03T03:31:32.413+0000] {dag.py:4180} INFO - Setting next_dagrun for extract_raw_data_pipeline to 2025-07-02 07:58:00+00:00, run_after=2025-07-02 07:59:00+00:00
[2025-07-03T03:31:32.450+0000] {processor.py:208} INFO - Processing /opt/airflow/dags/driven_data_pipeline.py took 2.471 seconds
[2025-07-03T03:32:02.632+0000] {processor.py:186} INFO - Started process (PID=126) to work on /opt/airflow/dags/driven_data_pipeline.py
[2025-07-03T03:32:02.634+0000] {processor.py:914} INFO - Processing file /opt/airflow/dags/driven_data_pipeline.py for tasks to queue
[2025-07-03T03:32:02.640+0000] {logging_mixin.py:190} INFO - [2025-07-03T03:32:02.639+0000] {dagbag.py:588} INFO - Filling up the DagBag from /opt/airflow/dags/driven_data_pipeline.py
[2025-07-03T03:32:03.347+0000] {processor.py:925} INFO - DAG(s) 'extract_raw_data_pipeline' retrieved from /opt/airflow/dags/driven_data_pipeline.py
[2025-07-03T03:32:03.387+0000] {logging_mixin.py:190} INFO - [2025-07-03T03:32:03.387+0000] {dag.py:3239} INFO - Sync 1 DAGs
[2025-07-03T03:32:03.420+0000] {logging_mixin.py:190} INFO - [2025-07-03T03:32:03.420+0000] {dag.py:4180} INFO - Setting next_dagrun for extract_raw_data_pipeline to 2025-07-02 07:58:00+00:00, run_after=2025-07-02 07:59:00+00:00
[2025-07-03T03:32:03.449+0000] {processor.py:208} INFO - Processing /opt/airflow/dags/driven_data_pipeline.py took 0.830 seconds
[2025-07-03T03:32:33.649+0000] {processor.py:186} INFO - Started process (PID=134) to work on /opt/airflow/dags/driven_data_pipeline.py
[2025-07-03T03:32:33.652+0000] {processor.py:914} INFO - Processing file /opt/airflow/dags/driven_data_pipeline.py for tasks to queue
[2025-07-03T03:32:33.657+0000] {logging_mixin.py:190} INFO - [2025-07-03T03:32:33.657+0000] {dagbag.py:588} INFO - Filling up the DagBag from /opt/airflow/dags/driven_data_pipeline.py
[2025-07-03T03:32:34.518+0000] {processor.py:925} INFO - DAG(s) 'extract_raw_data_pipeline' retrieved from /opt/airflow/dags/driven_data_pipeline.py
[2025-07-03T03:32:34.577+0000] {logging_mixin.py:190} INFO - [2025-07-03T03:32:34.577+0000] {dag.py:3239} INFO - Sync 1 DAGs
[2025-07-03T03:32:34.629+0000] {logging_mixin.py:190} INFO - [2025-07-03T03:32:34.629+0000] {dag.py:4180} INFO - Setting next_dagrun for extract_raw_data_pipeline to 2025-07-02 07:58:00+00:00, run_after=2025-07-02 07:59:00+00:00
[2025-07-03T03:32:34.706+0000] {processor.py:208} INFO - Processing /opt/airflow/dags/driven_data_pipeline.py took 1.069 seconds
[2025-07-03T03:33:04.897+0000] {processor.py:186} INFO - Started process (PID=142) to work on /opt/airflow/dags/driven_data_pipeline.py
[2025-07-03T03:33:04.899+0000] {processor.py:914} INFO - Processing file /opt/airflow/dags/driven_data_pipeline.py for tasks to queue
[2025-07-03T03:33:04.903+0000] {logging_mixin.py:190} INFO - [2025-07-03T03:33:04.903+0000] {dagbag.py:588} INFO - Filling up the DagBag from /opt/airflow/dags/driven_data_pipeline.py
[2025-07-03T03:33:05.535+0000] {processor.py:925} INFO - DAG(s) 'extract_raw_data_pipeline' retrieved from /opt/airflow/dags/driven_data_pipeline.py
[2025-07-03T03:33:05.572+0000] {logging_mixin.py:190} INFO - [2025-07-03T03:33:05.572+0000] {dag.py:3239} INFO - Sync 1 DAGs
[2025-07-03T03:33:05.604+0000] {logging_mixin.py:190} INFO - [2025-07-03T03:33:05.603+0000] {dag.py:4180} INFO - Setting next_dagrun for extract_raw_data_pipeline to 2025-07-02 07:58:00+00:00, run_after=2025-07-02 07:59:00+00:00
[2025-07-03T03:33:05.629+0000] {processor.py:208} INFO - Processing /opt/airflow/dags/driven_data_pipeline.py took 0.743 seconds
[2025-07-03T03:37:29.674+0000] {processor.py:186} INFO - Started process (PID=119) to work on /opt/airflow/dags/driven_data_pipeline.py
[2025-07-03T03:37:29.677+0000] {processor.py:914} INFO - Processing file /opt/airflow/dags/driven_data_pipeline.py for tasks to queue
[2025-07-03T03:37:29.682+0000] {logging_mixin.py:190} INFO - [2025-07-03T03:37:29.681+0000] {dagbag.py:588} INFO - Filling up the DagBag from /opt/airflow/dags/driven_data_pipeline.py
[2025-07-03T03:37:30.519+0000] {processor.py:925} INFO - DAG(s) 'extract_raw_data_pipeline' retrieved from /opt/airflow/dags/driven_data_pipeline.py
[2025-07-03T03:37:31.019+0000] {logging_mixin.py:190} INFO - [2025-07-03T03:37:31.017+0000] {override.py:1900} INFO - Created Permission View: can read on DAG:extract_raw_data_pipeline
[2025-07-03T03:37:31.062+0000] {logging_mixin.py:190} INFO - [2025-07-03T03:37:31.061+0000] {override.py:1900} INFO - Created Permission View: can delete on DAG:extract_raw_data_pipeline
[2025-07-03T03:37:31.078+0000] {logging_mixin.py:190} INFO - [2025-07-03T03:37:31.078+0000] {override.py:1900} INFO - Created Permission View: can edit on DAG:extract_raw_data_pipeline
[2025-07-03T03:37:31.098+0000] {logging_mixin.py:190} INFO - [2025-07-03T03:37:31.097+0000] {override.py:1900} INFO - Created Permission View: can read on DAG Run:extract_raw_data_pipeline
[2025-07-03T03:37:31.113+0000] {logging_mixin.py:190} INFO - [2025-07-03T03:37:31.113+0000] {override.py:1900} INFO - Created Permission View: menu access on DAG Run:extract_raw_data_pipeline
[2025-07-03T03:37:31.132+0000] {logging_mixin.py:190} INFO - [2025-07-03T03:37:31.131+0000] {override.py:1900} INFO - Created Permission View: can delete on DAG Run:extract_raw_data_pipeline
[2025-07-03T03:37:31.151+0000] {logging_mixin.py:190} INFO - [2025-07-03T03:37:31.150+0000] {override.py:1900} INFO - Created Permission View: can create on DAG Run:extract_raw_data_pipeline
[2025-07-03T03:37:31.152+0000] {logging_mixin.py:190} INFO - [2025-07-03T03:37:31.152+0000] {dag.py:3239} INFO - Sync 1 DAGs
[2025-07-03T03:37:31.181+0000] {logging_mixin.py:190} INFO - [2025-07-03T03:37:31.180+0000] {dag.py:3262} INFO - Creating ORM DAG for extract_raw_data_pipeline
[2025-07-03T03:37:31.202+0000] {logging_mixin.py:190} INFO - [2025-07-03T03:37:31.201+0000] {dag.py:4180} INFO - Setting next_dagrun for extract_raw_data_pipeline to 2025-07-02 07:58:00+00:00, run_after=2025-07-02 07:59:00+00:00
[2025-07-03T03:37:31.244+0000] {processor.py:208} INFO - Processing /opt/airflow/dags/driven_data_pipeline.py took 1.585 seconds
[2025-07-03T03:38:01.467+0000] {processor.py:186} INFO - Started process (PID=127) to work on /opt/airflow/dags/driven_data_pipeline.py
[2025-07-03T03:38:01.469+0000] {processor.py:914} INFO - Processing file /opt/airflow/dags/driven_data_pipeline.py for tasks to queue
[2025-07-03T03:38:01.476+0000] {logging_mixin.py:190} INFO - [2025-07-03T03:38:01.475+0000] {dagbag.py:588} INFO - Filling up the DagBag from /opt/airflow/dags/driven_data_pipeline.py
[2025-07-03T03:38:02.244+0000] {processor.py:925} INFO - DAG(s) 'extract_raw_data_pipeline' retrieved from /opt/airflow/dags/driven_data_pipeline.py
[2025-07-03T03:38:02.287+0000] {logging_mixin.py:190} INFO - [2025-07-03T03:38:02.286+0000] {dag.py:3239} INFO - Sync 1 DAGs
[2025-07-03T03:38:02.320+0000] {logging_mixin.py:190} INFO - [2025-07-03T03:38:02.320+0000] {dag.py:4180} INFO - Setting next_dagrun for extract_raw_data_pipeline to 2025-07-02 07:58:00+00:00, run_after=2025-07-02 07:59:00+00:00
[2025-07-03T03:38:02.351+0000] {processor.py:208} INFO - Processing /opt/airflow/dags/driven_data_pipeline.py took 0.905 seconds
[2025-07-03T03:38:32.749+0000] {processor.py:186} INFO - Started process (PID=135) to work on /opt/airflow/dags/driven_data_pipeline.py
[2025-07-03T03:38:32.753+0000] {processor.py:914} INFO - Processing file /opt/airflow/dags/driven_data_pipeline.py for tasks to queue
[2025-07-03T03:38:32.772+0000] {logging_mixin.py:190} INFO - [2025-07-03T03:38:32.769+0000] {dagbag.py:588} INFO - Filling up the DagBag from /opt/airflow/dags/driven_data_pipeline.py
[2025-07-03T03:38:37.150+0000] {processor.py:925} INFO - DAG(s) 'extract_raw_data_pipeline' retrieved from /opt/airflow/dags/driven_data_pipeline.py
[2025-07-03T03:38:37.351+0000] {logging_mixin.py:190} INFO - [2025-07-03T03:38:37.351+0000] {dag.py:3239} INFO - Sync 1 DAGs
[2025-07-03T03:38:37.446+0000] {logging_mixin.py:190} INFO - [2025-07-03T03:38:37.445+0000] {dag.py:4180} INFO - Setting next_dagrun for extract_raw_data_pipeline to 2025-07-02 07:58:00+00:00, run_after=2025-07-02 07:59:00+00:00
[2025-07-03T03:38:37.515+0000] {processor.py:208} INFO - Processing /opt/airflow/dags/driven_data_pipeline.py took 4.805 seconds
[2025-07-03T03:39:07.863+0000] {processor.py:186} INFO - Started process (PID=143) to work on /opt/airflow/dags/driven_data_pipeline.py
[2025-07-03T03:39:07.867+0000] {processor.py:914} INFO - Processing file /opt/airflow/dags/driven_data_pipeline.py for tasks to queue
[2025-07-03T03:39:07.889+0000] {logging_mixin.py:190} INFO - [2025-07-03T03:39:07.887+0000] {dagbag.py:588} INFO - Filling up the DagBag from /opt/airflow/dags/driven_data_pipeline.py
[2025-07-03T03:39:09.007+0000] {processor.py:925} INFO - DAG(s) 'extract_raw_data_pipeline' retrieved from /opt/airflow/dags/driven_data_pipeline.py
[2025-07-03T03:39:09.045+0000] {logging_mixin.py:190} INFO - [2025-07-03T03:39:09.045+0000] {dag.py:3239} INFO - Sync 1 DAGs
[2025-07-03T03:39:09.075+0000] {logging_mixin.py:190} INFO - [2025-07-03T03:39:09.074+0000] {dag.py:4180} INFO - Setting next_dagrun for extract_raw_data_pipeline to 2025-07-02 07:58:00+00:00, run_after=2025-07-02 07:59:00+00:00
[2025-07-03T03:39:09.103+0000] {processor.py:208} INFO - Processing /opt/airflow/dags/driven_data_pipeline.py took 1.278 seconds
[2025-07-03T03:39:39.307+0000] {processor.py:186} INFO - Started process (PID=151) to work on /opt/airflow/dags/driven_data_pipeline.py
[2025-07-03T03:39:39.310+0000] {processor.py:914} INFO - Processing file /opt/airflow/dags/driven_data_pipeline.py for tasks to queue
[2025-07-03T03:39:39.316+0000] {logging_mixin.py:190} INFO - [2025-07-03T03:39:39.315+0000] {dagbag.py:588} INFO - Filling up the DagBag from /opt/airflow/dags/driven_data_pipeline.py
[2025-07-03T03:39:40.168+0000] {processor.py:925} INFO - DAG(s) 'extract_raw_data_pipeline' retrieved from /opt/airflow/dags/driven_data_pipeline.py
[2025-07-03T03:39:40.206+0000] {logging_mixin.py:190} INFO - [2025-07-03T03:39:40.206+0000] {dag.py:3239} INFO - Sync 1 DAGs
[2025-07-03T03:39:40.244+0000] {logging_mixin.py:190} INFO - [2025-07-03T03:39:40.243+0000] {dag.py:4180} INFO - Setting next_dagrun for extract_raw_data_pipeline to 2025-07-02 07:58:00+00:00, run_after=2025-07-02 07:59:00+00:00
[2025-07-03T03:39:40.269+0000] {processor.py:208} INFO - Processing /opt/airflow/dags/driven_data_pipeline.py took 0.976 seconds
[2025-07-03T03:40:10.418+0000] {processor.py:186} INFO - Started process (PID=159) to work on /opt/airflow/dags/driven_data_pipeline.py
[2025-07-03T03:40:10.421+0000] {processor.py:914} INFO - Processing file /opt/airflow/dags/driven_data_pipeline.py for tasks to queue
[2025-07-03T03:40:10.425+0000] {logging_mixin.py:190} INFO - [2025-07-03T03:40:10.425+0000] {dagbag.py:588} INFO - Filling up the DagBag from /opt/airflow/dags/driven_data_pipeline.py
[2025-07-03T03:40:11.150+0000] {processor.py:925} INFO - DAG(s) 'extract_raw_data_pipeline' retrieved from /opt/airflow/dags/driven_data_pipeline.py
[2025-07-03T03:40:11.191+0000] {logging_mixin.py:190} INFO - [2025-07-03T03:40:11.190+0000] {dag.py:3239} INFO - Sync 1 DAGs
[2025-07-03T03:40:11.220+0000] {logging_mixin.py:190} INFO - [2025-07-03T03:40:11.219+0000] {dag.py:4180} INFO - Setting next_dagrun for extract_raw_data_pipeline to 2025-07-02 07:58:00+00:00, run_after=2025-07-02 07:59:00+00:00
[2025-07-03T03:40:11.246+0000] {processor.py:208} INFO - Processing /opt/airflow/dags/driven_data_pipeline.py took 0.837 seconds
[2025-07-03T03:40:41.526+0000] {processor.py:186} INFO - Started process (PID=167) to work on /opt/airflow/dags/driven_data_pipeline.py
[2025-07-03T03:40:41.530+0000] {processor.py:914} INFO - Processing file /opt/airflow/dags/driven_data_pipeline.py for tasks to queue
[2025-07-03T03:40:41.541+0000] {logging_mixin.py:190} INFO - [2025-07-03T03:40:41.540+0000] {dagbag.py:588} INFO - Filling up the DagBag from /opt/airflow/dags/driven_data_pipeline.py
[2025-07-03T03:40:43.409+0000] {processor.py:925} INFO - DAG(s) 'extract_raw_data_pipeline' retrieved from /opt/airflow/dags/driven_data_pipeline.py
[2025-07-03T03:40:43.462+0000] {logging_mixin.py:190} INFO - [2025-07-03T03:40:43.461+0000] {dag.py:3239} INFO - Sync 1 DAGs
[2025-07-03T03:40:43.500+0000] {logging_mixin.py:190} INFO - [2025-07-03T03:40:43.500+0000] {dag.py:4180} INFO - Setting next_dagrun for extract_raw_data_pipeline to 2025-07-02 07:58:00+00:00, run_after=2025-07-02 07:59:00+00:00
[2025-07-03T03:40:43.543+0000] {processor.py:208} INFO - Processing /opt/airflow/dags/driven_data_pipeline.py took 2.037 seconds
[2025-07-03T03:41:14.651+0000] {processor.py:186} INFO - Started process (PID=175) to work on /opt/airflow/dags/driven_data_pipeline.py
[2025-07-03T03:41:14.653+0000] {processor.py:914} INFO - Processing file /opt/airflow/dags/driven_data_pipeline.py for tasks to queue
[2025-07-03T03:41:14.661+0000] {logging_mixin.py:190} INFO - [2025-07-03T03:41:14.660+0000] {dagbag.py:588} INFO - Filling up the DagBag from /opt/airflow/dags/driven_data_pipeline.py
[2025-07-03T03:41:15.588+0000] {processor.py:925} INFO - DAG(s) 'extract_raw_data_pipeline' retrieved from /opt/airflow/dags/driven_data_pipeline.py
[2025-07-03T03:41:15.669+0000] {logging_mixin.py:190} INFO - [2025-07-03T03:41:15.666+0000] {dag.py:3239} INFO - Sync 1 DAGs
[2025-07-03T03:41:15.722+0000] {logging_mixin.py:190} INFO - [2025-07-03T03:41:15.721+0000] {dag.py:4180} INFO - Setting next_dagrun for extract_raw_data_pipeline to 2025-07-02 07:58:00+00:00, run_after=2025-07-02 07:59:00+00:00
[2025-07-03T03:41:15.767+0000] {processor.py:208} INFO - Processing /opt/airflow/dags/driven_data_pipeline.py took 1.126 seconds
[2025-07-03T03:41:46.011+0000] {processor.py:186} INFO - Started process (PID=183) to work on /opt/airflow/dags/driven_data_pipeline.py
[2025-07-03T03:41:46.014+0000] {processor.py:914} INFO - Processing file /opt/airflow/dags/driven_data_pipeline.py for tasks to queue
[2025-07-03T03:41:46.020+0000] {logging_mixin.py:190} INFO - [2025-07-03T03:41:46.019+0000] {dagbag.py:588} INFO - Filling up the DagBag from /opt/airflow/dags/driven_data_pipeline.py
[2025-07-03T03:41:46.725+0000] {processor.py:925} INFO - DAG(s) 'extract_raw_data_pipeline' retrieved from /opt/airflow/dags/driven_data_pipeline.py
[2025-07-03T03:41:46.765+0000] {logging_mixin.py:190} INFO - [2025-07-03T03:41:46.764+0000] {dag.py:3239} INFO - Sync 1 DAGs
[2025-07-03T03:41:46.798+0000] {logging_mixin.py:190} INFO - [2025-07-03T03:41:46.797+0000] {dag.py:4180} INFO - Setting next_dagrun for extract_raw_data_pipeline to 2025-07-02 07:58:00+00:00, run_after=2025-07-02 07:59:00+00:00
[2025-07-03T03:41:46.829+0000] {processor.py:208} INFO - Processing /opt/airflow/dags/driven_data_pipeline.py took 0.831 seconds
[2025-07-03T03:42:17.095+0000] {processor.py:186} INFO - Started process (PID=191) to work on /opt/airflow/dags/driven_data_pipeline.py
[2025-07-03T03:42:17.097+0000] {processor.py:914} INFO - Processing file /opt/airflow/dags/driven_data_pipeline.py for tasks to queue
[2025-07-03T03:42:17.103+0000] {logging_mixin.py:190} INFO - [2025-07-03T03:42:17.102+0000] {dagbag.py:588} INFO - Filling up the DagBag from /opt/airflow/dags/driven_data_pipeline.py
[2025-07-03T03:42:17.754+0000] {processor.py:925} INFO - DAG(s) 'extract_raw_data_pipeline' retrieved from /opt/airflow/dags/driven_data_pipeline.py
[2025-07-03T03:42:17.790+0000] {logging_mixin.py:190} INFO - [2025-07-03T03:42:17.789+0000] {dag.py:3239} INFO - Sync 1 DAGs
[2025-07-03T03:42:17.832+0000] {logging_mixin.py:190} INFO - [2025-07-03T03:42:17.831+0000] {dag.py:4180} INFO - Setting next_dagrun for extract_raw_data_pipeline to 2025-07-02 07:58:00+00:00, run_after=2025-07-02 07:59:00+00:00
[2025-07-03T03:42:17.867+0000] {processor.py:208} INFO - Processing /opt/airflow/dags/driven_data_pipeline.py took 0.786 seconds
[2025-07-03T03:42:49.114+0000] {processor.py:186} INFO - Started process (PID=199) to work on /opt/airflow/dags/driven_data_pipeline.py
[2025-07-03T03:42:49.117+0000] {processor.py:914} INFO - Processing file /opt/airflow/dags/driven_data_pipeline.py for tasks to queue
[2025-07-03T03:42:49.124+0000] {logging_mixin.py:190} INFO - [2025-07-03T03:42:49.123+0000] {dagbag.py:588} INFO - Filling up the DagBag from /opt/airflow/dags/driven_data_pipeline.py
[2025-07-03T03:42:49.744+0000] {processor.py:925} INFO - DAG(s) 'extract_raw_data_pipeline' retrieved from /opt/airflow/dags/driven_data_pipeline.py
[2025-07-03T03:42:49.783+0000] {logging_mixin.py:190} INFO - [2025-07-03T03:42:49.783+0000] {dag.py:3239} INFO - Sync 1 DAGs
[2025-07-03T03:42:49.814+0000] {logging_mixin.py:190} INFO - [2025-07-03T03:42:49.813+0000] {dag.py:4180} INFO - Setting next_dagrun for extract_raw_data_pipeline to 2025-07-02 07:58:00+00:00, run_after=2025-07-02 07:59:00+00:00
[2025-07-03T03:42:49.845+0000] {processor.py:208} INFO - Processing /opt/airflow/dags/driven_data_pipeline.py took 0.742 seconds
[2025-07-03T03:43:20.334+0000] {processor.py:186} INFO - Started process (PID=207) to work on /opt/airflow/dags/driven_data_pipeline.py
[2025-07-03T03:43:20.336+0000] {processor.py:914} INFO - Processing file /opt/airflow/dags/driven_data_pipeline.py for tasks to queue
[2025-07-03T03:43:20.342+0000] {logging_mixin.py:190} INFO - [2025-07-03T03:43:20.341+0000] {dagbag.py:588} INFO - Filling up the DagBag from /opt/airflow/dags/driven_data_pipeline.py
[2025-07-03T03:43:21.860+0000] {processor.py:925} INFO - DAG(s) 'extract_raw_data_pipeline' retrieved from /opt/airflow/dags/driven_data_pipeline.py
[2025-07-03T03:43:21.919+0000] {logging_mixin.py:190} INFO - [2025-07-03T03:43:21.919+0000] {dag.py:3239} INFO - Sync 1 DAGs
[2025-07-03T03:43:21.964+0000] {logging_mixin.py:190} INFO - [2025-07-03T03:43:21.963+0000] {dag.py:4180} INFO - Setting next_dagrun for extract_raw_data_pipeline to 2025-07-02 07:58:00+00:00, run_after=2025-07-02 07:59:00+00:00
[2025-07-03T03:43:21.990+0000] {processor.py:208} INFO - Processing /opt/airflow/dags/driven_data_pipeline.py took 0.920 seconds
[2025-07-03T03:46:59.850+0000] {processor.py:186} INFO - Started process (PID=106) to work on /opt/airflow/dags/driven_data_pipeline.py
[2025-07-03T03:46:59.853+0000] {processor.py:914} INFO - Processing file /opt/airflow/dags/driven_data_pipeline.py for tasks to queue
[2025-07-03T03:46:59.857+0000] {logging_mixin.py:190} INFO - [2025-07-03T03:46:59.856+0000] {dagbag.py:588} INFO - Filling up the DagBag from /opt/airflow/dags/driven_data_pipeline.py
[2025-07-03T03:47:00.902+0000] {processor.py:925} INFO - DAG(s) 'extract_raw_data_pipeline' retrieved from /opt/airflow/dags/driven_data_pipeline.py
[2025-07-03T03:47:01.507+0000] {logging_mixin.py:190} INFO - [2025-07-03T03:47:01.506+0000] {override.py:1900} INFO - Created Permission View: can edit on DAG:extract_raw_data_pipeline
[2025-07-03T03:47:01.527+0000] {logging_mixin.py:190} INFO - [2025-07-03T03:47:01.527+0000] {override.py:1900} INFO - Created Permission View: can read on DAG:extract_raw_data_pipeline
[2025-07-03T03:47:01.538+0000] {logging_mixin.py:190} INFO - [2025-07-03T03:47:01.538+0000] {override.py:1900} INFO - Created Permission View: can delete on DAG:extract_raw_data_pipeline
[2025-07-03T03:47:01.551+0000] {logging_mixin.py:190} INFO - [2025-07-03T03:47:01.551+0000] {override.py:1900} INFO - Created Permission View: can create on DAG Run:extract_raw_data_pipeline
[2025-07-03T03:47:01.562+0000] {logging_mixin.py:190} INFO - [2025-07-03T03:47:01.562+0000] {override.py:1900} INFO - Created Permission View: menu access on DAG Run:extract_raw_data_pipeline
[2025-07-03T03:47:01.573+0000] {logging_mixin.py:190} INFO - [2025-07-03T03:47:01.573+0000] {override.py:1900} INFO - Created Permission View: can read on DAG Run:extract_raw_data_pipeline
[2025-07-03T03:47:01.585+0000] {logging_mixin.py:190} INFO - [2025-07-03T03:47:01.584+0000] {override.py:1900} INFO - Created Permission View: can delete on DAG Run:extract_raw_data_pipeline
[2025-07-03T03:47:01.586+0000] {logging_mixin.py:190} INFO - [2025-07-03T03:47:01.585+0000] {dag.py:3239} INFO - Sync 1 DAGs
[2025-07-03T03:47:01.610+0000] {logging_mixin.py:190} INFO - [2025-07-03T03:47:01.610+0000] {dag.py:3262} INFO - Creating ORM DAG for extract_raw_data_pipeline
[2025-07-03T03:47:01.628+0000] {logging_mixin.py:190} INFO - [2025-07-03T03:47:01.628+0000] {dag.py:4180} INFO - Setting next_dagrun for extract_raw_data_pipeline to 2025-07-02 07:58:00+00:00, run_after=2025-07-02 07:59:00+00:00
[2025-07-03T03:47:01.658+0000] {processor.py:208} INFO - Processing /opt/airflow/dags/driven_data_pipeline.py took 1.820 seconds
[2025-07-03T03:47:31.789+0000] {processor.py:186} INFO - Started process (PID=114) to work on /opt/airflow/dags/driven_data_pipeline.py
[2025-07-03T03:47:31.792+0000] {processor.py:914} INFO - Processing file /opt/airflow/dags/driven_data_pipeline.py for tasks to queue
[2025-07-03T03:47:31.797+0000] {logging_mixin.py:190} INFO - [2025-07-03T03:47:31.797+0000] {dagbag.py:588} INFO - Filling up the DagBag from /opt/airflow/dags/driven_data_pipeline.py
[2025-07-03T03:47:32.610+0000] {processor.py:925} INFO - DAG(s) 'extract_raw_data_pipeline' retrieved from /opt/airflow/dags/driven_data_pipeline.py
[2025-07-03T03:47:32.650+0000] {logging_mixin.py:190} INFO - [2025-07-03T03:47:32.649+0000] {dag.py:3239} INFO - Sync 1 DAGs
[2025-07-03T03:47:32.692+0000] {logging_mixin.py:190} INFO - [2025-07-03T03:47:32.691+0000] {dag.py:4180} INFO - Setting next_dagrun for extract_raw_data_pipeline to 2025-07-02 07:58:00+00:00, run_after=2025-07-02 07:59:00+00:00
[2025-07-03T03:47:32.725+0000] {processor.py:208} INFO - Processing /opt/airflow/dags/driven_data_pipeline.py took 0.946 seconds
[2025-07-03T03:48:02.861+0000] {processor.py:186} INFO - Started process (PID=122) to work on /opt/airflow/dags/driven_data_pipeline.py
[2025-07-03T03:48:02.863+0000] {processor.py:914} INFO - Processing file /opt/airflow/dags/driven_data_pipeline.py for tasks to queue
[2025-07-03T03:48:02.868+0000] {logging_mixin.py:190} INFO - [2025-07-03T03:48:02.868+0000] {dagbag.py:588} INFO - Filling up the DagBag from /opt/airflow/dags/driven_data_pipeline.py
[2025-07-03T03:48:03.629+0000] {processor.py:925} INFO - DAG(s) 'extract_raw_data_pipeline' retrieved from /opt/airflow/dags/driven_data_pipeline.py
[2025-07-03T03:48:03.679+0000] {logging_mixin.py:190} INFO - [2025-07-03T03:48:03.679+0000] {dag.py:3239} INFO - Sync 1 DAGs
[2025-07-03T03:48:03.717+0000] {logging_mixin.py:190} INFO - [2025-07-03T03:48:03.716+0000] {dag.py:4180} INFO - Setting next_dagrun for extract_raw_data_pipeline to 2025-07-02 07:58:00+00:00, run_after=2025-07-02 07:59:00+00:00
[2025-07-03T03:48:03.753+0000] {processor.py:208} INFO - Processing /opt/airflow/dags/driven_data_pipeline.py took 0.903 seconds
[2025-07-03T03:48:33.869+0000] {processor.py:186} INFO - Started process (PID=130) to work on /opt/airflow/dags/driven_data_pipeline.py
[2025-07-03T03:48:33.871+0000] {processor.py:914} INFO - Processing file /opt/airflow/dags/driven_data_pipeline.py for tasks to queue
[2025-07-03T03:48:33.876+0000] {logging_mixin.py:190} INFO - [2025-07-03T03:48:33.875+0000] {dagbag.py:588} INFO - Filling up the DagBag from /opt/airflow/dags/driven_data_pipeline.py
[2025-07-03T03:48:34.552+0000] {processor.py:925} INFO - DAG(s) 'extract_raw_data_pipeline' retrieved from /opt/airflow/dags/driven_data_pipeline.py
[2025-07-03T03:48:34.589+0000] {logging_mixin.py:190} INFO - [2025-07-03T03:48:34.589+0000] {dag.py:3239} INFO - Sync 1 DAGs
[2025-07-03T03:48:34.623+0000] {logging_mixin.py:190} INFO - [2025-07-03T03:48:34.623+0000] {dag.py:4180} INFO - Setting next_dagrun for extract_raw_data_pipeline to 2025-07-02 07:58:00+00:00, run_after=2025-07-02 07:59:00+00:00
[2025-07-03T03:48:34.652+0000] {processor.py:208} INFO - Processing /opt/airflow/dags/driven_data_pipeline.py took 0.792 seconds
[2025-07-03T03:49:04.746+0000] {processor.py:186} INFO - Started process (PID=138) to work on /opt/airflow/dags/driven_data_pipeline.py
[2025-07-03T03:49:04.748+0000] {processor.py:914} INFO - Processing file /opt/airflow/dags/driven_data_pipeline.py for tasks to queue
[2025-07-03T03:49:04.752+0000] {logging_mixin.py:190} INFO - [2025-07-03T03:49:04.752+0000] {dagbag.py:588} INFO - Filling up the DagBag from /opt/airflow/dags/driven_data_pipeline.py
[2025-07-03T03:49:05.353+0000] {processor.py:925} INFO - DAG(s) 'extract_raw_data_pipeline' retrieved from /opt/airflow/dags/driven_data_pipeline.py
[2025-07-03T03:49:05.389+0000] {logging_mixin.py:190} INFO - [2025-07-03T03:49:05.389+0000] {dag.py:3239} INFO - Sync 1 DAGs
[2025-07-03T03:49:05.419+0000] {logging_mixin.py:190} INFO - [2025-07-03T03:49:05.418+0000] {dag.py:4180} INFO - Setting next_dagrun for extract_raw_data_pipeline to 2025-07-02 07:58:00+00:00, run_after=2025-07-02 07:59:00+00:00
[2025-07-03T03:49:05.450+0000] {processor.py:208} INFO - Processing /opt/airflow/dags/driven_data_pipeline.py took 0.714 seconds
[2025-07-03T03:49:35.574+0000] {processor.py:186} INFO - Started process (PID=147) to work on /opt/airflow/dags/driven_data_pipeline.py
[2025-07-03T03:49:35.577+0000] {processor.py:914} INFO - Processing file /opt/airflow/dags/driven_data_pipeline.py for tasks to queue
[2025-07-03T03:49:35.581+0000] {logging_mixin.py:190} INFO - [2025-07-03T03:49:35.581+0000] {dagbag.py:588} INFO - Filling up the DagBag from /opt/airflow/dags/driven_data_pipeline.py
[2025-07-03T03:49:36.243+0000] {processor.py:925} INFO - DAG(s) 'extract_raw_data_pipeline' retrieved from /opt/airflow/dags/driven_data_pipeline.py
[2025-07-03T03:49:36.279+0000] {logging_mixin.py:190} INFO - [2025-07-03T03:49:36.278+0000] {dag.py:3239} INFO - Sync 1 DAGs
[2025-07-03T03:49:36.308+0000] {logging_mixin.py:190} INFO - [2025-07-03T03:49:36.308+0000] {dag.py:4180} INFO - Setting next_dagrun for extract_raw_data_pipeline to 2025-07-02 07:58:00+00:00, run_after=2025-07-02 07:59:00+00:00
[2025-07-03T03:49:36.335+0000] {processor.py:208} INFO - Processing /opt/airflow/dags/driven_data_pipeline.py took 0.772 seconds
[2025-07-03T03:50:06.444+0000] {processor.py:186} INFO - Started process (PID=155) to work on /opt/airflow/dags/driven_data_pipeline.py
[2025-07-03T03:50:06.446+0000] {processor.py:914} INFO - Processing file /opt/airflow/dags/driven_data_pipeline.py for tasks to queue
[2025-07-03T03:50:06.450+0000] {logging_mixin.py:190} INFO - [2025-07-03T03:50:06.449+0000] {dagbag.py:588} INFO - Filling up the DagBag from /opt/airflow/dags/driven_data_pipeline.py
[2025-07-03T03:50:07.051+0000] {processor.py:925} INFO - DAG(s) 'extract_raw_data_pipeline' retrieved from /opt/airflow/dags/driven_data_pipeline.py
[2025-07-03T03:50:07.085+0000] {logging_mixin.py:190} INFO - [2025-07-03T03:50:07.085+0000] {dag.py:3239} INFO - Sync 1 DAGs
[2025-07-03T03:50:07.114+0000] {logging_mixin.py:190} INFO - [2025-07-03T03:50:07.114+0000] {dag.py:4180} INFO - Setting next_dagrun for extract_raw_data_pipeline to 2025-07-02 07:58:00+00:00, run_after=2025-07-02 07:59:00+00:00
[2025-07-03T03:50:07.148+0000] {processor.py:208} INFO - Processing /opt/airflow/dags/driven_data_pipeline.py took 0.715 seconds
[2025-07-03T03:50:37.345+0000] {processor.py:186} INFO - Started process (PID=163) to work on /opt/airflow/dags/driven_data_pipeline.py
[2025-07-03T03:50:37.348+0000] {processor.py:914} INFO - Processing file /opt/airflow/dags/driven_data_pipeline.py for tasks to queue
[2025-07-03T03:50:37.357+0000] {logging_mixin.py:190} INFO - [2025-07-03T03:50:37.355+0000] {dagbag.py:588} INFO - Filling up the DagBag from /opt/airflow/dags/driven_data_pipeline.py
[2025-07-03T03:50:38.050+0000] {processor.py:925} INFO - DAG(s) 'extract_raw_data_pipeline' retrieved from /opt/airflow/dags/driven_data_pipeline.py
[2025-07-03T03:50:38.094+0000] {logging_mixin.py:190} INFO - [2025-07-03T03:50:38.093+0000] {dag.py:3239} INFO - Sync 1 DAGs
[2025-07-03T03:50:38.129+0000] {logging_mixin.py:190} INFO - [2025-07-03T03:50:38.129+0000] {dag.py:4180} INFO - Setting next_dagrun for extract_raw_data_pipeline to 2025-07-02 07:58:00+00:00, run_after=2025-07-02 07:59:00+00:00
[2025-07-03T03:50:38.157+0000] {processor.py:208} INFO - Processing /opt/airflow/dags/driven_data_pipeline.py took 0.827 seconds
[2025-07-03T03:51:08.935+0000] {processor.py:186} INFO - Started process (PID=171) to work on /opt/airflow/dags/driven_data_pipeline.py
[2025-07-03T03:51:08.938+0000] {processor.py:914} INFO - Processing file /opt/airflow/dags/driven_data_pipeline.py for tasks to queue
[2025-07-03T03:51:08.942+0000] {logging_mixin.py:190} INFO - [2025-07-03T03:51:08.942+0000] {dagbag.py:588} INFO - Filling up the DagBag from /opt/airflow/dags/driven_data_pipeline.py
[2025-07-03T03:51:09.496+0000] {processor.py:925} INFO - DAG(s) 'extract_raw_data_pipeline' retrieved from /opt/airflow/dags/driven_data_pipeline.py
[2025-07-03T03:51:09.535+0000] {logging_mixin.py:190} INFO - [2025-07-03T03:51:09.535+0000] {dag.py:3239} INFO - Sync 1 DAGs
[2025-07-03T03:51:09.564+0000] {logging_mixin.py:190} INFO - [2025-07-03T03:51:09.564+0000] {dag.py:4180} INFO - Setting next_dagrun for extract_raw_data_pipeline to 2025-07-02 07:58:00+00:00, run_after=2025-07-02 07:59:00+00:00
[2025-07-03T03:51:09.593+0000] {processor.py:208} INFO - Processing /opt/airflow/dags/driven_data_pipeline.py took 0.671 seconds
[2025-07-03T03:51:39.714+0000] {processor.py:186} INFO - Started process (PID=179) to work on /opt/airflow/dags/driven_data_pipeline.py
[2025-07-03T03:51:39.716+0000] {processor.py:914} INFO - Processing file /opt/airflow/dags/driven_data_pipeline.py for tasks to queue
[2025-07-03T03:51:39.721+0000] {logging_mixin.py:190} INFO - [2025-07-03T03:51:39.720+0000] {dagbag.py:588} INFO - Filling up the DagBag from /opt/airflow/dags/driven_data_pipeline.py
[2025-07-03T03:51:40.323+0000] {processor.py:925} INFO - DAG(s) 'extract_raw_data_pipeline' retrieved from /opt/airflow/dags/driven_data_pipeline.py
[2025-07-03T03:51:40.358+0000] {logging_mixin.py:190} INFO - [2025-07-03T03:51:40.358+0000] {dag.py:3239} INFO - Sync 1 DAGs
[2025-07-03T03:51:40.384+0000] {logging_mixin.py:190} INFO - [2025-07-03T03:51:40.383+0000] {dag.py:4180} INFO - Setting next_dagrun for extract_raw_data_pipeline to 2025-07-02 07:58:00+00:00, run_after=2025-07-02 07:59:00+00:00
[2025-07-03T03:51:40.409+0000] {processor.py:208} INFO - Processing /opt/airflow/dags/driven_data_pipeline.py took 0.706 seconds
[2025-07-03T03:52:10.623+0000] {processor.py:186} INFO - Started process (PID=187) to work on /opt/airflow/dags/driven_data_pipeline.py
[2025-07-03T03:52:10.632+0000] {processor.py:914} INFO - Processing file /opt/airflow/dags/driven_data_pipeline.py for tasks to queue
[2025-07-03T03:52:10.642+0000] {logging_mixin.py:190} INFO - [2025-07-03T03:52:10.642+0000] {dagbag.py:588} INFO - Filling up the DagBag from /opt/airflow/dags/driven_data_pipeline.py
[2025-07-03T03:52:11.281+0000] {processor.py:925} INFO - DAG(s) 'extract_raw_data_pipeline' retrieved from /opt/airflow/dags/driven_data_pipeline.py
[2025-07-03T03:52:11.325+0000] {logging_mixin.py:190} INFO - [2025-07-03T03:52:11.325+0000] {dag.py:3239} INFO - Sync 1 DAGs
[2025-07-03T03:52:11.367+0000] {logging_mixin.py:190} INFO - [2025-07-03T03:52:11.367+0000] {dag.py:4180} INFO - Setting next_dagrun for extract_raw_data_pipeline to 2025-07-02 07:58:00+00:00, run_after=2025-07-02 07:59:00+00:00
[2025-07-03T03:52:11.398+0000] {processor.py:208} INFO - Processing /opt/airflow/dags/driven_data_pipeline.py took 0.788 seconds
[2025-07-03T03:52:42.374+0000] {processor.py:186} INFO - Started process (PID=196) to work on /opt/airflow/dags/driven_data_pipeline.py
[2025-07-03T03:52:42.376+0000] {processor.py:914} INFO - Processing file /opt/airflow/dags/driven_data_pipeline.py for tasks to queue
[2025-07-03T03:52:42.381+0000] {logging_mixin.py:190} INFO - [2025-07-03T03:52:42.380+0000] {dagbag.py:588} INFO - Filling up the DagBag from /opt/airflow/dags/driven_data_pipeline.py
[2025-07-03T03:52:43.254+0000] {processor.py:925} INFO - DAG(s) 'extract_raw_data_pipeline' retrieved from /opt/airflow/dags/driven_data_pipeline.py
[2025-07-03T03:52:43.308+0000] {logging_mixin.py:190} INFO - [2025-07-03T03:52:43.307+0000] {dag.py:3239} INFO - Sync 1 DAGs
[2025-07-03T03:52:43.354+0000] {logging_mixin.py:190} INFO - [2025-07-03T03:52:43.353+0000] {dag.py:4180} INFO - Setting next_dagrun for extract_raw_data_pipeline to 2025-07-02 07:58:00+00:00, run_after=2025-07-02 07:59:00+00:00
[2025-07-03T03:52:43.388+0000] {processor.py:208} INFO - Processing /opt/airflow/dags/driven_data_pipeline.py took 1.025 seconds
[2025-07-03T03:53:13.771+0000] {processor.py:186} INFO - Started process (PID=204) to work on /opt/airflow/dags/driven_data_pipeline.py
[2025-07-03T03:53:13.773+0000] {processor.py:914} INFO - Processing file /opt/airflow/dags/driven_data_pipeline.py for tasks to queue
[2025-07-03T03:53:13.779+0000] {logging_mixin.py:190} INFO - [2025-07-03T03:53:13.778+0000] {dagbag.py:588} INFO - Filling up the DagBag from /opt/airflow/dags/driven_data_pipeline.py
[2025-07-03T03:53:15.082+0000] {processor.py:925} INFO - DAG(s) 'extract_raw_data_pipeline' retrieved from /opt/airflow/dags/driven_data_pipeline.py
[2025-07-03T03:53:15.121+0000] {logging_mixin.py:190} INFO - [2025-07-03T03:53:15.120+0000] {dag.py:3239} INFO - Sync 1 DAGs
[2025-07-03T03:53:15.152+0000] {logging_mixin.py:190} INFO - [2025-07-03T03:53:15.151+0000] {dag.py:4180} INFO - Setting next_dagrun for extract_raw_data_pipeline to 2025-07-02 07:58:00+00:00, run_after=2025-07-02 07:59:00+00:00
[2025-07-03T03:53:15.180+0000] {processor.py:208} INFO - Processing /opt/airflow/dags/driven_data_pipeline.py took 0.755 seconds
[2025-07-03T03:53:45.664+0000] {processor.py:186} INFO - Started process (PID=212) to work on /opt/airflow/dags/driven_data_pipeline.py
[2025-07-03T03:53:45.667+0000] {processor.py:914} INFO - Processing file /opt/airflow/dags/driven_data_pipeline.py for tasks to queue
[2025-07-03T03:53:45.674+0000] {logging_mixin.py:190} INFO - [2025-07-03T03:53:45.673+0000] {dagbag.py:588} INFO - Filling up the DagBag from /opt/airflow/dags/driven_data_pipeline.py
[2025-07-03T03:53:47.505+0000] {processor.py:925} INFO - DAG(s) 'extract_raw_data_pipeline' retrieved from /opt/airflow/dags/driven_data_pipeline.py
[2025-07-03T03:53:47.556+0000] {logging_mixin.py:190} INFO - [2025-07-03T03:53:47.556+0000] {dag.py:3239} INFO - Sync 1 DAGs
[2025-07-03T03:53:47.603+0000] {logging_mixin.py:190} INFO - [2025-07-03T03:53:47.603+0000] {dag.py:4180} INFO - Setting next_dagrun for extract_raw_data_pipeline to 2025-07-02 07:58:00+00:00, run_after=2025-07-02 07:59:00+00:00
[2025-07-03T03:53:47.639+0000] {processor.py:208} INFO - Processing /opt/airflow/dags/driven_data_pipeline.py took 1.332 seconds
[2025-07-03T03:54:17.813+0000] {processor.py:186} INFO - Started process (PID=220) to work on /opt/airflow/dags/driven_data_pipeline.py
[2025-07-03T03:54:17.815+0000] {processor.py:914} INFO - Processing file /opt/airflow/dags/driven_data_pipeline.py for tasks to queue
[2025-07-03T03:54:17.820+0000] {logging_mixin.py:190} INFO - [2025-07-03T03:54:17.819+0000] {dagbag.py:588} INFO - Filling up the DagBag from /opt/airflow/dags/driven_data_pipeline.py
[2025-07-03T03:54:18.414+0000] {processor.py:925} INFO - DAG(s) 'extract_raw_data_pipeline' retrieved from /opt/airflow/dags/driven_data_pipeline.py
[2025-07-03T03:54:18.459+0000] {logging_mixin.py:190} INFO - [2025-07-03T03:54:18.459+0000] {dag.py:3239} INFO - Sync 1 DAGs
[2025-07-03T03:54:18.535+0000] {logging_mixin.py:190} INFO - [2025-07-03T03:54:18.534+0000] {dag.py:4180} INFO - Setting next_dagrun for extract_raw_data_pipeline to 2025-07-02 07:58:00+00:00, run_after=2025-07-02 07:59:00+00:00
[2025-07-03T03:54:18.567+0000] {processor.py:208} INFO - Processing /opt/airflow/dags/driven_data_pipeline.py took 0.764 seconds
[2025-07-03T03:54:49.037+0000] {processor.py:186} INFO - Started process (PID=228) to work on /opt/airflow/dags/driven_data_pipeline.py
[2025-07-03T03:54:49.039+0000] {processor.py:914} INFO - Processing file /opt/airflow/dags/driven_data_pipeline.py for tasks to queue
[2025-07-03T03:54:49.045+0000] {logging_mixin.py:190} INFO - [2025-07-03T03:54:49.044+0000] {dagbag.py:588} INFO - Filling up the DagBag from /opt/airflow/dags/driven_data_pipeline.py
[2025-07-03T03:54:49.688+0000] {processor.py:925} INFO - DAG(s) 'extract_raw_data_pipeline' retrieved from /opt/airflow/dags/driven_data_pipeline.py
[2025-07-03T03:54:49.724+0000] {logging_mixin.py:190} INFO - [2025-07-03T03:54:49.723+0000] {dag.py:3239} INFO - Sync 1 DAGs
[2025-07-03T03:54:49.753+0000] {logging_mixin.py:190} INFO - [2025-07-03T03:54:49.753+0000] {dag.py:4180} INFO - Setting next_dagrun for extract_raw_data_pipeline to 2025-07-02 07:58:00+00:00, run_after=2025-07-02 07:59:00+00:00
[2025-07-03T03:54:49.781+0000] {processor.py:208} INFO - Processing /opt/airflow/dags/driven_data_pipeline.py took 0.752 seconds
[2025-07-03T03:55:20.655+0000] {processor.py:186} INFO - Started process (PID=236) to work on /opt/airflow/dags/driven_data_pipeline.py
[2025-07-03T03:55:20.657+0000] {processor.py:914} INFO - Processing file /opt/airflow/dags/driven_data_pipeline.py for tasks to queue
[2025-07-03T03:55:20.662+0000] {logging_mixin.py:190} INFO - [2025-07-03T03:55:20.661+0000] {dagbag.py:588} INFO - Filling up the DagBag from /opt/airflow/dags/driven_data_pipeline.py
[2025-07-03T03:55:21.278+0000] {processor.py:925} INFO - DAG(s) 'extract_raw_data_pipeline' retrieved from /opt/airflow/dags/driven_data_pipeline.py
[2025-07-03T03:55:21.316+0000] {logging_mixin.py:190} INFO - [2025-07-03T03:55:21.315+0000] {dag.py:3239} INFO - Sync 1 DAGs
[2025-07-03T03:55:21.360+0000] {logging_mixin.py:190} INFO - [2025-07-03T03:55:21.360+0000] {dag.py:4180} INFO - Setting next_dagrun for extract_raw_data_pipeline to 2025-07-02 07:58:00+00:00, run_after=2025-07-02 07:59:00+00:00
[2025-07-03T03:55:21.427+0000] {processor.py:208} INFO - Processing /opt/airflow/dags/driven_data_pipeline.py took 0.782 seconds
[2025-07-03T03:55:51.915+0000] {processor.py:186} INFO - Started process (PID=244) to work on /opt/airflow/dags/driven_data_pipeline.py
[2025-07-03T03:55:51.918+0000] {processor.py:914} INFO - Processing file /opt/airflow/dags/driven_data_pipeline.py for tasks to queue
[2025-07-03T03:55:51.923+0000] {logging_mixin.py:190} INFO - [2025-07-03T03:55:51.922+0000] {dagbag.py:588} INFO - Filling up the DagBag from /opt/airflow/dags/driven_data_pipeline.py
[2025-07-03T03:55:52.338+0000] {processor.py:925} INFO - DAG(s) 'extract_raw_data_pipeline' retrieved from /opt/airflow/dags/driven_data_pipeline.py
[2025-07-03T03:55:52.404+0000] {logging_mixin.py:190} INFO - [2025-07-03T03:55:52.404+0000] {dag.py:3239} INFO - Sync 1 DAGs
[2025-07-03T03:55:52.455+0000] {logging_mixin.py:190} INFO - [2025-07-03T03:55:52.454+0000] {dag.py:4180} INFO - Setting next_dagrun for extract_raw_data_pipeline to 2025-07-02 07:58:00+00:00, run_after=2025-07-02 07:59:00+00:00
[2025-07-03T03:55:52.526+0000] {processor.py:208} INFO - Processing /opt/airflow/dags/driven_data_pipeline.py took 0.623 seconds
[2025-07-03T03:56:23.131+0000] {processor.py:186} INFO - Started process (PID=252) to work on /opt/airflow/dags/driven_data_pipeline.py
[2025-07-03T03:56:23.133+0000] {processor.py:914} INFO - Processing file /opt/airflow/dags/driven_data_pipeline.py for tasks to queue
[2025-07-03T03:56:23.139+0000] {logging_mixin.py:190} INFO - [2025-07-03T03:56:23.138+0000] {dagbag.py:588} INFO - Filling up the DagBag from /opt/airflow/dags/driven_data_pipeline.py
[2025-07-03T03:56:23.555+0000] {processor.py:925} INFO - DAG(s) 'extract_raw_data_pipeline' retrieved from /opt/airflow/dags/driven_data_pipeline.py
[2025-07-03T03:56:23.612+0000] {logging_mixin.py:190} INFO - [2025-07-03T03:56:23.612+0000] {dag.py:3239} INFO - Sync 1 DAGs
[2025-07-03T03:56:23.653+0000] {logging_mixin.py:190} INFO - [2025-07-03T03:56:23.653+0000] {dag.py:4180} INFO - Setting next_dagrun for extract_raw_data_pipeline to 2025-07-02 07:58:00+00:00, run_after=2025-07-02 07:59:00+00:00
[2025-07-03T03:56:23.692+0000] {processor.py:208} INFO - Processing /opt/airflow/dags/driven_data_pipeline.py took 0.576 seconds
[2025-07-03T04:01:21.667+0000] {processor.py:186} INFO - Started process (PID=95) to work on /opt/airflow/dags/driven_data_pipeline.py
[2025-07-03T04:01:21.673+0000] {processor.py:914} INFO - Processing file /opt/airflow/dags/driven_data_pipeline.py for tasks to queue
[2025-07-03T04:01:21.685+0000] {logging_mixin.py:190} INFO - [2025-07-03T04:01:21.683+0000] {dagbag.py:588} INFO - Filling up the DagBag from /opt/airflow/dags/driven_data_pipeline.py
[2025-07-03T04:01:23.036+0000] {processor.py:925} INFO - DAG(s) 'extract_raw_data_pipeline' retrieved from /opt/airflow/dags/driven_data_pipeline.py
[2025-07-03T04:01:23.562+0000] {logging_mixin.py:190} INFO - [2025-07-03T04:01:23.561+0000] {override.py:1900} INFO - Created Permission View: can read on DAG:extract_raw_data_pipeline
[2025-07-03T04:01:23.591+0000] {logging_mixin.py:190} INFO - [2025-07-03T04:01:23.590+0000] {override.py:1900} INFO - Created Permission View: can edit on DAG:extract_raw_data_pipeline
[2025-07-03T04:01:23.608+0000] {logging_mixin.py:190} INFO - [2025-07-03T04:01:23.608+0000] {override.py:1900} INFO - Created Permission View: can delete on DAG:extract_raw_data_pipeline
[2025-07-03T04:01:23.625+0000] {logging_mixin.py:190} INFO - [2025-07-03T04:01:23.624+0000] {override.py:1900} INFO - Created Permission View: can read on DAG Run:extract_raw_data_pipeline
[2025-07-03T04:01:23.640+0000] {logging_mixin.py:190} INFO - [2025-07-03T04:01:23.640+0000] {override.py:1900} INFO - Created Permission View: can delete on DAG Run:extract_raw_data_pipeline
[2025-07-03T04:01:23.656+0000] {logging_mixin.py:190} INFO - [2025-07-03T04:01:23.656+0000] {override.py:1900} INFO - Created Permission View: menu access on DAG Run:extract_raw_data_pipeline
[2025-07-03T04:01:23.674+0000] {logging_mixin.py:190} INFO - [2025-07-03T04:01:23.674+0000] {override.py:1900} INFO - Created Permission View: can create on DAG Run:extract_raw_data_pipeline
[2025-07-03T04:01:23.675+0000] {logging_mixin.py:190} INFO - [2025-07-03T04:01:23.675+0000] {dag.py:3239} INFO - Sync 1 DAGs
[2025-07-03T04:01:23.694+0000] {logging_mixin.py:190} INFO - [2025-07-03T04:01:23.693+0000] {dag.py:3262} INFO - Creating ORM DAG for extract_raw_data_pipeline
[2025-07-03T04:01:23.710+0000] {logging_mixin.py:190} INFO - [2025-07-03T04:01:23.709+0000] {dag.py:4180} INFO - Setting next_dagrun for extract_raw_data_pipeline to 2025-07-02 07:58:00+00:00, run_after=2025-07-02 07:59:00+00:00
[2025-07-03T04:01:23.748+0000] {processor.py:208} INFO - Processing /opt/airflow/dags/driven_data_pipeline.py took 2.116 seconds
[2025-07-03T04:01:54.831+0000] {processor.py:186} INFO - Started process (PID=103) to work on /opt/airflow/dags/driven_data_pipeline.py
[2025-07-03T04:01:54.838+0000] {processor.py:914} INFO - Processing file /opt/airflow/dags/driven_data_pipeline.py for tasks to queue
[2025-07-03T04:01:54.856+0000] {logging_mixin.py:190} INFO - [2025-07-03T04:01:54.854+0000] {dagbag.py:588} INFO - Filling up the DagBag from /opt/airflow/dags/driven_data_pipeline.py
[2025-07-03T04:01:56.692+0000] {processor.py:925} INFO - DAG(s) 'extract_raw_data_pipeline' retrieved from /opt/airflow/dags/driven_data_pipeline.py
[2025-07-03T04:01:56.767+0000] {logging_mixin.py:190} INFO - [2025-07-03T04:01:56.766+0000] {dag.py:3239} INFO - Sync 1 DAGs
[2025-07-03T04:01:56.832+0000] {logging_mixin.py:190} INFO - [2025-07-03T04:01:56.831+0000] {dag.py:4180} INFO - Setting next_dagrun for extract_raw_data_pipeline to 2025-07-02 07:58:00+00:00, run_after=2025-07-02 07:59:00+00:00
[2025-07-03T04:01:56.910+0000] {processor.py:208} INFO - Processing /opt/airflow/dags/driven_data_pipeline.py took 2.115 seconds
[2025-07-03T04:02:27.873+0000] {processor.py:186} INFO - Started process (PID=112) to work on /opt/airflow/dags/driven_data_pipeline.py
[2025-07-03T04:02:27.876+0000] {processor.py:914} INFO - Processing file /opt/airflow/dags/driven_data_pipeline.py for tasks to queue
[2025-07-03T04:02:27.882+0000] {logging_mixin.py:190} INFO - [2025-07-03T04:02:27.881+0000] {dagbag.py:588} INFO - Filling up the DagBag from /opt/airflow/dags/driven_data_pipeline.py
[2025-07-03T04:02:28.843+0000] {processor.py:925} INFO - DAG(s) 'extract_raw_data_pipeline' retrieved from /opt/airflow/dags/driven_data_pipeline.py
[2025-07-03T04:02:28.909+0000] {logging_mixin.py:190} INFO - [2025-07-03T04:02:28.908+0000] {dag.py:3239} INFO - Sync 1 DAGs
[2025-07-03T04:02:28.991+0000] {logging_mixin.py:190} INFO - [2025-07-03T04:02:28.991+0000] {dag.py:4180} INFO - Setting next_dagrun for extract_raw_data_pipeline to 2025-07-02 07:58:00+00:00, run_after=2025-07-02 07:59:00+00:00
[2025-07-03T04:02:29.033+0000] {processor.py:208} INFO - Processing /opt/airflow/dags/driven_data_pipeline.py took 1.171 seconds
[2025-07-03T04:02:59.300+0000] {processor.py:186} INFO - Started process (PID=120) to work on /opt/airflow/dags/driven_data_pipeline.py
[2025-07-03T04:02:59.308+0000] {processor.py:914} INFO - Processing file /opt/airflow/dags/driven_data_pipeline.py for tasks to queue
[2025-07-03T04:02:59.329+0000] {logging_mixin.py:190} INFO - [2025-07-03T04:02:59.325+0000] {dagbag.py:588} INFO - Filling up the DagBag from /opt/airflow/dags/driven_data_pipeline.py
[2025-07-03T04:03:04.737+0000] {processor.py:925} INFO - DAG(s) 'extract_raw_data_pipeline' retrieved from /opt/airflow/dags/driven_data_pipeline.py
[2025-07-03T04:03:04.789+0000] {logging_mixin.py:190} INFO - [2025-07-03T04:03:04.788+0000] {dag.py:3239} INFO - Sync 1 DAGs
[2025-07-03T04:03:04.836+0000] {logging_mixin.py:190} INFO - [2025-07-03T04:03:04.836+0000] {dag.py:4180} INFO - Setting next_dagrun for extract_raw_data_pipeline to 2025-07-02 07:58:00+00:00, run_after=2025-07-02 07:59:00+00:00
[2025-07-03T04:03:04.867+0000] {processor.py:208} INFO - Processing /opt/airflow/dags/driven_data_pipeline.py took 5.620 seconds
[2025-07-03T04:03:35.016+0000] {processor.py:186} INFO - Started process (PID=128) to work on /opt/airflow/dags/driven_data_pipeline.py
[2025-07-03T04:03:35.020+0000] {processor.py:914} INFO - Processing file /opt/airflow/dags/driven_data_pipeline.py for tasks to queue
[2025-07-03T04:03:35.029+0000] {logging_mixin.py:190} INFO - [2025-07-03T04:03:35.025+0000] {dagbag.py:588} INFO - Filling up the DagBag from /opt/airflow/dags/driven_data_pipeline.py
[2025-07-03T04:03:36.122+0000] {processor.py:925} INFO - DAG(s) 'extract_raw_data_pipeline' retrieved from /opt/airflow/dags/driven_data_pipeline.py
[2025-07-03T04:03:36.162+0000] {logging_mixin.py:190} INFO - [2025-07-03T04:03:36.161+0000] {dag.py:3239} INFO - Sync 1 DAGs
[2025-07-03T04:03:36.191+0000] {logging_mixin.py:190} INFO - [2025-07-03T04:03:36.191+0000] {dag.py:4180} INFO - Setting next_dagrun for extract_raw_data_pipeline to 2025-07-02 07:58:00+00:00, run_after=2025-07-02 07:59:00+00:00
[2025-07-03T04:03:36.222+0000] {processor.py:208} INFO - Processing /opt/airflow/dags/driven_data_pipeline.py took 1.216 seconds
[2025-07-03T04:04:07.010+0000] {processor.py:186} INFO - Started process (PID=136) to work on /opt/airflow/dags/driven_data_pipeline.py
[2025-07-03T04:04:07.013+0000] {processor.py:914} INFO - Processing file /opt/airflow/dags/driven_data_pipeline.py for tasks to queue
[2025-07-03T04:04:07.017+0000] {logging_mixin.py:190} INFO - [2025-07-03T04:04:07.016+0000] {dagbag.py:588} INFO - Filling up the DagBag from /opt/airflow/dags/driven_data_pipeline.py
[2025-07-03T04:04:08.205+0000] {processor.py:925} INFO - DAG(s) 'extract_raw_data_pipeline' retrieved from /opt/airflow/dags/driven_data_pipeline.py
[2025-07-03T04:04:08.253+0000] {logging_mixin.py:190} INFO - [2025-07-03T04:04:08.252+0000] {dag.py:3239} INFO - Sync 1 DAGs
[2025-07-03T04:04:08.333+0000] {logging_mixin.py:190} INFO - [2025-07-03T04:04:08.332+0000] {dag.py:4180} INFO - Setting next_dagrun for extract_raw_data_pipeline to 2025-07-02 07:58:00+00:00, run_after=2025-07-02 07:59:00+00:00
[2025-07-03T04:04:08.367+0000] {processor.py:208} INFO - Processing /opt/airflow/dags/driven_data_pipeline.py took 1.367 seconds
[2025-07-03T04:04:39.233+0000] {processor.py:186} INFO - Started process (PID=144) to work on /opt/airflow/dags/driven_data_pipeline.py
[2025-07-03T04:04:39.236+0000] {processor.py:914} INFO - Processing file /opt/airflow/dags/driven_data_pipeline.py for tasks to queue
[2025-07-03T04:04:39.245+0000] {logging_mixin.py:190} INFO - [2025-07-03T04:04:39.243+0000] {dagbag.py:588} INFO - Filling up the DagBag from /opt/airflow/dags/driven_data_pipeline.py
[2025-07-03T04:04:40.396+0000] {processor.py:925} INFO - DAG(s) 'extract_raw_data_pipeline' retrieved from /opt/airflow/dags/driven_data_pipeline.py
[2025-07-03T04:04:40.436+0000] {logging_mixin.py:190} INFO - [2025-07-03T04:04:40.436+0000] {dag.py:3239} INFO - Sync 1 DAGs
[2025-07-03T04:04:40.466+0000] {logging_mixin.py:190} INFO - [2025-07-03T04:04:40.466+0000] {dag.py:4180} INFO - Setting next_dagrun for extract_raw_data_pipeline to 2025-07-02 07:58:00+00:00, run_after=2025-07-02 07:59:00+00:00
[2025-07-03T04:04:40.509+0000] {processor.py:208} INFO - Processing /opt/airflow/dags/driven_data_pipeline.py took 1.290 seconds
[2025-07-03T04:05:11.386+0000] {processor.py:186} INFO - Started process (PID=152) to work on /opt/airflow/dags/driven_data_pipeline.py
[2025-07-03T04:05:11.389+0000] {processor.py:914} INFO - Processing file /opt/airflow/dags/driven_data_pipeline.py for tasks to queue
[2025-07-03T04:05:11.395+0000] {logging_mixin.py:190} INFO - [2025-07-03T04:05:11.393+0000] {dagbag.py:588} INFO - Filling up the DagBag from /opt/airflow/dags/driven_data_pipeline.py
[2025-07-03T04:05:12.334+0000] {processor.py:925} INFO - DAG(s) 'extract_raw_data_pipeline' retrieved from /opt/airflow/dags/driven_data_pipeline.py
[2025-07-03T04:05:12.385+0000] {logging_mixin.py:190} INFO - [2025-07-03T04:05:12.384+0000] {dag.py:3239} INFO - Sync 1 DAGs
[2025-07-03T04:05:12.421+0000] {logging_mixin.py:190} INFO - [2025-07-03T04:05:12.421+0000] {dag.py:4180} INFO - Setting next_dagrun for extract_raw_data_pipeline to 2025-07-02 07:58:00+00:00, run_after=2025-07-02 07:59:00+00:00
[2025-07-03T04:05:12.452+0000] {processor.py:208} INFO - Processing /opt/airflow/dags/driven_data_pipeline.py took 1.077 seconds
[2025-07-03T04:05:43.427+0000] {processor.py:186} INFO - Started process (PID=160) to work on /opt/airflow/dags/driven_data_pipeline.py
[2025-07-03T04:05:43.429+0000] {processor.py:914} INFO - Processing file /opt/airflow/dags/driven_data_pipeline.py for tasks to queue
[2025-07-03T04:05:43.436+0000] {logging_mixin.py:190} INFO - [2025-07-03T04:05:43.435+0000] {dagbag.py:588} INFO - Filling up the DagBag from /opt/airflow/dags/driven_data_pipeline.py
[2025-07-03T04:05:44.255+0000] {processor.py:925} INFO - DAG(s) 'extract_raw_data_pipeline' retrieved from /opt/airflow/dags/driven_data_pipeline.py
[2025-07-03T04:05:44.334+0000] {logging_mixin.py:190} INFO - [2025-07-03T04:05:44.334+0000] {dag.py:3239} INFO - Sync 1 DAGs
[2025-07-03T04:05:44.365+0000] {logging_mixin.py:190} INFO - [2025-07-03T04:05:44.365+0000] {dag.py:4180} INFO - Setting next_dagrun for extract_raw_data_pipeline to 2025-07-02 07:58:00+00:00, run_after=2025-07-02 07:59:00+00:00
[2025-07-03T04:05:44.396+0000] {processor.py:208} INFO - Processing /opt/airflow/dags/driven_data_pipeline.py took 0.983 seconds
[2025-07-03T04:06:14.517+0000] {processor.py:186} INFO - Started process (PID=168) to work on /opt/airflow/dags/driven_data_pipeline.py
[2025-07-03T04:06:14.519+0000] {processor.py:914} INFO - Processing file /opt/airflow/dags/driven_data_pipeline.py for tasks to queue
[2025-07-03T04:06:14.523+0000] {logging_mixin.py:190} INFO - [2025-07-03T04:06:14.522+0000] {dagbag.py:588} INFO - Filling up the DagBag from /opt/airflow/dags/driven_data_pipeline.py
[2025-07-03T04:06:15.357+0000] {processor.py:925} INFO - DAG(s) 'extract_raw_data_pipeline' retrieved from /opt/airflow/dags/driven_data_pipeline.py
[2025-07-03T04:06:15.397+0000] {logging_mixin.py:190} INFO - [2025-07-03T04:06:15.397+0000] {dag.py:3239} INFO - Sync 1 DAGs
[2025-07-03T04:06:15.431+0000] {logging_mixin.py:190} INFO - [2025-07-03T04:06:15.431+0000] {dag.py:4180} INFO - Setting next_dagrun for extract_raw_data_pipeline to 2025-07-02 07:58:00+00:00, run_after=2025-07-02 07:59:00+00:00
[2025-07-03T04:06:15.460+0000] {processor.py:208} INFO - Processing /opt/airflow/dags/driven_data_pipeline.py took 0.957 seconds
[2025-07-03T04:06:45.708+0000] {processor.py:186} INFO - Started process (PID=188) to work on /opt/airflow/dags/driven_data_pipeline.py
[2025-07-03T04:06:45.711+0000] {processor.py:914} INFO - Processing file /opt/airflow/dags/driven_data_pipeline.py for tasks to queue
[2025-07-03T04:06:45.721+0000] {logging_mixin.py:190} INFO - [2025-07-03T04:06:45.719+0000] {dagbag.py:588} INFO - Filling up the DagBag from /opt/airflow/dags/driven_data_pipeline.py
[2025-07-03T04:06:48.351+0000] {processor.py:925} INFO - DAG(s) 'extract_raw_data_pipeline' retrieved from /opt/airflow/dags/driven_data_pipeline.py
[2025-07-03T04:06:48.447+0000] {logging_mixin.py:190} INFO - [2025-07-03T04:06:48.447+0000] {dag.py:3239} INFO - Sync 1 DAGs
[2025-07-03T04:06:48.613+0000] {logging_mixin.py:190} INFO - [2025-07-03T04:06:48.612+0000] {dag.py:4180} INFO - Setting next_dagrun for extract_raw_data_pipeline to 2025-07-02 07:59:00+00:00, run_after=2025-07-03 07:00:00+00:00
[2025-07-03T04:06:49.085+0000] {processor.py:208} INFO - Processing /opt/airflow/dags/driven_data_pipeline.py took 3.413 seconds
[2025-07-03T04:07:19.241+0000] {processor.py:186} INFO - Started process (PID=208) to work on /opt/airflow/dags/driven_data_pipeline.py
[2025-07-03T04:07:19.243+0000] {processor.py:914} INFO - Processing file /opt/airflow/dags/driven_data_pipeline.py for tasks to queue
[2025-07-03T04:07:19.264+0000] {logging_mixin.py:190} INFO - [2025-07-03T04:07:19.262+0000] {dagbag.py:588} INFO - Filling up the DagBag from /opt/airflow/dags/driven_data_pipeline.py
[2025-07-03T04:07:20.786+0000] {processor.py:925} INFO - DAG(s) 'extract_raw_data_pipeline' retrieved from /opt/airflow/dags/driven_data_pipeline.py
[2025-07-03T04:07:20.824+0000] {logging_mixin.py:190} INFO - [2025-07-03T04:07:20.824+0000] {dag.py:3239} INFO - Sync 1 DAGs
[2025-07-03T04:07:20.853+0000] {logging_mixin.py:190} INFO - [2025-07-03T04:07:20.853+0000] {dag.py:4180} INFO - Setting next_dagrun for extract_raw_data_pipeline to 2025-07-02 07:59:00+00:00, run_after=2025-07-03 07:00:00+00:00
[2025-07-03T04:07:20.883+0000] {processor.py:208} INFO - Processing /opt/airflow/dags/driven_data_pipeline.py took 1.660 seconds
[2025-07-03T04:07:51.763+0000] {processor.py:186} INFO - Started process (PID=222) to work on /opt/airflow/dags/driven_data_pipeline.py
[2025-07-03T04:07:51.765+0000] {processor.py:914} INFO - Processing file /opt/airflow/dags/driven_data_pipeline.py for tasks to queue
[2025-07-03T04:07:51.770+0000] {logging_mixin.py:190} INFO - [2025-07-03T04:07:51.769+0000] {dagbag.py:588} INFO - Filling up the DagBag from /opt/airflow/dags/driven_data_pipeline.py
[2025-07-03T04:07:52.540+0000] {processor.py:925} INFO - DAG(s) 'extract_raw_data_pipeline' retrieved from /opt/airflow/dags/driven_data_pipeline.py
[2025-07-03T04:07:52.615+0000] {logging_mixin.py:190} INFO - [2025-07-03T04:07:52.614+0000] {dag.py:3239} INFO - Sync 1 DAGs
[2025-07-03T04:07:52.646+0000] {logging_mixin.py:190} INFO - [2025-07-03T04:07:52.645+0000] {dag.py:4180} INFO - Setting next_dagrun for extract_raw_data_pipeline to 2025-07-02 07:59:00+00:00, run_after=2025-07-03 07:00:00+00:00
[2025-07-03T04:07:52.674+0000] {processor.py:208} INFO - Processing /opt/airflow/dags/driven_data_pipeline.py took 0.922 seconds
[2025-07-03T04:08:23.809+0000] {processor.py:186} INFO - Started process (PID=230) to work on /opt/airflow/dags/driven_data_pipeline.py
[2025-07-03T04:08:23.811+0000] {processor.py:914} INFO - Processing file /opt/airflow/dags/driven_data_pipeline.py for tasks to queue
[2025-07-03T04:08:23.816+0000] {logging_mixin.py:190} INFO - [2025-07-03T04:08:23.815+0000] {dagbag.py:588} INFO - Filling up the DagBag from /opt/airflow/dags/driven_data_pipeline.py
[2025-07-03T04:08:24.935+0000] {processor.py:925} INFO - DAG(s) 'extract_raw_data_pipeline' retrieved from /opt/airflow/dags/driven_data_pipeline.py
[2025-07-03T04:08:24.973+0000] {logging_mixin.py:190} INFO - [2025-07-03T04:08:24.973+0000] {dag.py:3239} INFO - Sync 1 DAGs
[2025-07-03T04:08:25.004+0000] {logging_mixin.py:190} INFO - [2025-07-03T04:08:25.004+0000] {dag.py:4180} INFO - Setting next_dagrun for extract_raw_data_pipeline to 2025-07-02 07:59:00+00:00, run_after=2025-07-03 07:00:00+00:00
[2025-07-03T04:08:25.035+0000] {processor.py:208} INFO - Processing /opt/airflow/dags/driven_data_pipeline.py took 1.236 seconds
[2025-07-03T04:08:55.829+0000] {processor.py:186} INFO - Started process (PID=238) to work on /opt/airflow/dags/driven_data_pipeline.py
[2025-07-03T04:08:55.831+0000] {processor.py:914} INFO - Processing file /opt/airflow/dags/driven_data_pipeline.py for tasks to queue
[2025-07-03T04:08:55.838+0000] {logging_mixin.py:190} INFO - [2025-07-03T04:08:55.837+0000] {dagbag.py:588} INFO - Filling up the DagBag from /opt/airflow/dags/driven_data_pipeline.py
[2025-07-03T04:08:57.299+0000] {processor.py:925} INFO - DAG(s) 'extract_raw_data_pipeline' retrieved from /opt/airflow/dags/driven_data_pipeline.py
[2025-07-03T04:08:57.398+0000] {logging_mixin.py:190} INFO - [2025-07-03T04:08:57.396+0000] {dag.py:3239} INFO - Sync 1 DAGs
[2025-07-03T04:08:57.431+0000] {logging_mixin.py:190} INFO - [2025-07-03T04:08:57.431+0000] {dag.py:4180} INFO - Setting next_dagrun for extract_raw_data_pipeline to 2025-07-02 07:59:00+00:00, run_after=2025-07-03 07:00:00+00:00
[2025-07-03T04:08:57.463+0000] {processor.py:208} INFO - Processing /opt/airflow/dags/driven_data_pipeline.py took 1.645 seconds
[2025-07-03T04:09:27.600+0000] {processor.py:186} INFO - Started process (PID=246) to work on /opt/airflow/dags/driven_data_pipeline.py
[2025-07-03T04:09:27.603+0000] {processor.py:914} INFO - Processing file /opt/airflow/dags/driven_data_pipeline.py for tasks to queue
[2025-07-03T04:09:27.625+0000] {logging_mixin.py:190} INFO - [2025-07-03T04:09:27.621+0000] {dagbag.py:588} INFO - Filling up the DagBag from /opt/airflow/dags/driven_data_pipeline.py
[2025-07-03T04:09:28.622+0000] {processor.py:925} INFO - DAG(s) 'extract_raw_data_pipeline' retrieved from /opt/airflow/dags/driven_data_pipeline.py
[2025-07-03T04:09:28.682+0000] {logging_mixin.py:190} INFO - [2025-07-03T04:09:28.682+0000] {dag.py:3239} INFO - Sync 1 DAGs
[2025-07-03T04:09:28.742+0000] {logging_mixin.py:190} INFO - [2025-07-03T04:09:28.741+0000] {dag.py:4180} INFO - Setting next_dagrun for extract_raw_data_pipeline to 2025-07-02 07:59:00+00:00, run_after=2025-07-03 07:00:00+00:00
[2025-07-03T04:09:28.801+0000] {processor.py:208} INFO - Processing /opt/airflow/dags/driven_data_pipeline.py took 1.219 seconds
[2025-07-03T04:09:59.680+0000] {processor.py:186} INFO - Started process (PID=254) to work on /opt/airflow/dags/driven_data_pipeline.py
[2025-07-03T04:09:59.682+0000] {processor.py:914} INFO - Processing file /opt/airflow/dags/driven_data_pipeline.py for tasks to queue
[2025-07-03T04:09:59.687+0000] {logging_mixin.py:190} INFO - [2025-07-03T04:09:59.686+0000] {dagbag.py:588} INFO - Filling up the DagBag from /opt/airflow/dags/driven_data_pipeline.py
[2025-07-03T04:10:00.817+0000] {processor.py:925} INFO - DAG(s) 'extract_raw_data_pipeline' retrieved from /opt/airflow/dags/driven_data_pipeline.py
[2025-07-03T04:10:00.883+0000] {logging_mixin.py:190} INFO - [2025-07-03T04:10:00.883+0000] {dag.py:3239} INFO - Sync 1 DAGs
[2025-07-03T04:10:00.927+0000] {logging_mixin.py:190} INFO - [2025-07-03T04:10:00.926+0000] {dag.py:4180} INFO - Setting next_dagrun for extract_raw_data_pipeline to 2025-07-02 07:59:00+00:00, run_after=2025-07-03 07:00:00+00:00
[2025-07-03T04:10:00.964+0000] {processor.py:208} INFO - Processing /opt/airflow/dags/driven_data_pipeline.py took 1.294 seconds
[2025-07-03T04:16:29.269+0000] {processor.py:186} INFO - Started process (PID=98) to work on /opt/airflow/dags/driven_data_pipeline.py
[2025-07-03T04:16:29.271+0000] {processor.py:914} INFO - Processing file /opt/airflow/dags/driven_data_pipeline.py for tasks to queue
[2025-07-03T04:16:29.273+0000] {logging_mixin.py:190} INFO - [2025-07-03T04:16:29.273+0000] {dagbag.py:588} INFO - Filling up the DagBag from /opt/airflow/dags/driven_data_pipeline.py
[2025-07-03T04:16:29.795+0000] {processor.py:925} INFO - DAG(s) 'extract_raw_data_pipeline' retrieved from /opt/airflow/dags/driven_data_pipeline.py
[2025-07-03T04:16:30.051+0000] {logging_mixin.py:190} INFO - [2025-07-03T04:16:30.051+0000] {override.py:1900} INFO - Created Permission View: can delete on DAG:extract_raw_data_pipeline
[2025-07-03T04:16:30.062+0000] {logging_mixin.py:190} INFO - [2025-07-03T04:16:30.062+0000] {override.py:1900} INFO - Created Permission View: can read on DAG:extract_raw_data_pipeline
[2025-07-03T04:16:30.077+0000] {logging_mixin.py:190} INFO - [2025-07-03T04:16:30.076+0000] {override.py:1900} INFO - Created Permission View: can edit on DAG:extract_raw_data_pipeline
[2025-07-03T04:16:30.083+0000] {logging_mixin.py:190} INFO - [2025-07-03T04:16:30.083+0000] {override.py:1900} INFO - Created Permission View: can delete on DAG Run:extract_raw_data_pipeline
[2025-07-03T04:16:30.090+0000] {logging_mixin.py:190} INFO - [2025-07-03T04:16:30.090+0000] {override.py:1900} INFO - Created Permission View: can read on DAG Run:extract_raw_data_pipeline
[2025-07-03T04:16:30.097+0000] {logging_mixin.py:190} INFO - [2025-07-03T04:16:30.096+0000] {override.py:1900} INFO - Created Permission View: can create on DAG Run:extract_raw_data_pipeline
[2025-07-03T04:16:30.102+0000] {logging_mixin.py:190} INFO - [2025-07-03T04:16:30.102+0000] {override.py:1900} INFO - Created Permission View: menu access on DAG Run:extract_raw_data_pipeline
[2025-07-03T04:16:30.103+0000] {logging_mixin.py:190} INFO - [2025-07-03T04:16:30.103+0000] {dag.py:3239} INFO - Sync 1 DAGs
[2025-07-03T04:16:30.116+0000] {logging_mixin.py:190} INFO - [2025-07-03T04:16:30.116+0000] {dag.py:3262} INFO - Creating ORM DAG for extract_raw_data_pipeline
[2025-07-03T04:16:30.127+0000] {logging_mixin.py:190} INFO - [2025-07-03T04:16:30.127+0000] {dag.py:4180} INFO - Setting next_dagrun for extract_raw_data_pipeline to 2025-07-02 07:58:00+00:00, run_after=2025-07-02 07:59:00+00:00
[2025-07-03T04:16:30.147+0000] {processor.py:208} INFO - Processing /opt/airflow/dags/driven_data_pipeline.py took 0.886 seconds
[2025-07-03T04:17:00.409+0000] {processor.py:186} INFO - Started process (PID=106) to work on /opt/airflow/dags/driven_data_pipeline.py
[2025-07-03T04:17:00.411+0000] {processor.py:914} INFO - Processing file /opt/airflow/dags/driven_data_pipeline.py for tasks to queue
[2025-07-03T04:17:00.415+0000] {logging_mixin.py:190} INFO - [2025-07-03T04:17:00.414+0000] {dagbag.py:588} INFO - Filling up the DagBag from /opt/airflow/dags/driven_data_pipeline.py
[2025-07-03T04:17:01.161+0000] {processor.py:925} INFO - DAG(s) 'extract_raw_data_pipeline' retrieved from /opt/airflow/dags/driven_data_pipeline.py
[2025-07-03T04:17:01.185+0000] {logging_mixin.py:190} INFO - [2025-07-03T04:17:01.184+0000] {dag.py:3239} INFO - Sync 1 DAGs
[2025-07-03T04:17:01.201+0000] {logging_mixin.py:190} INFO - [2025-07-03T04:17:01.201+0000] {dag.py:4180} INFO - Setting next_dagrun for extract_raw_data_pipeline to 2025-07-02 07:58:00+00:00, run_after=2025-07-02 07:59:00+00:00
[2025-07-03T04:17:01.217+0000] {processor.py:208} INFO - Processing /opt/airflow/dags/driven_data_pipeline.py took 0.814 seconds
[2025-07-03T04:17:31.458+0000] {processor.py:186} INFO - Started process (PID=114) to work on /opt/airflow/dags/driven_data_pipeline.py
[2025-07-03T04:17:31.460+0000] {processor.py:914} INFO - Processing file /opt/airflow/dags/driven_data_pipeline.py for tasks to queue
[2025-07-03T04:17:31.464+0000] {logging_mixin.py:190} INFO - [2025-07-03T04:17:31.463+0000] {dagbag.py:588} INFO - Filling up the DagBag from /opt/airflow/dags/driven_data_pipeline.py
[2025-07-03T04:17:31.929+0000] {processor.py:925} INFO - DAG(s) 'extract_raw_data_pipeline' retrieved from /opt/airflow/dags/driven_data_pipeline.py
[2025-07-03T04:17:31.953+0000] {logging_mixin.py:190} INFO - [2025-07-03T04:17:31.953+0000] {dag.py:3239} INFO - Sync 1 DAGs
[2025-07-03T04:17:31.970+0000] {logging_mixin.py:190} INFO - [2025-07-03T04:17:31.970+0000] {dag.py:4180} INFO - Setting next_dagrun for extract_raw_data_pipeline to 2025-07-02 07:58:00+00:00, run_after=2025-07-02 07:59:00+00:00
[2025-07-03T04:17:31.984+0000] {processor.py:208} INFO - Processing /opt/airflow/dags/driven_data_pipeline.py took 0.533 seconds
[2025-07-03T04:18:02.210+0000] {processor.py:186} INFO - Started process (PID=122) to work on /opt/airflow/dags/driven_data_pipeline.py
[2025-07-03T04:18:02.211+0000] {processor.py:914} INFO - Processing file /opt/airflow/dags/driven_data_pipeline.py for tasks to queue
[2025-07-03T04:18:02.214+0000] {logging_mixin.py:190} INFO - [2025-07-03T04:18:02.213+0000] {dagbag.py:588} INFO - Filling up the DagBag from /opt/airflow/dags/driven_data_pipeline.py
[2025-07-03T04:18:02.651+0000] {processor.py:925} INFO - DAG(s) 'extract_raw_data_pipeline' retrieved from /opt/airflow/dags/driven_data_pipeline.py
[2025-07-03T04:18:02.675+0000] {logging_mixin.py:190} INFO - [2025-07-03T04:18:02.675+0000] {dag.py:3239} INFO - Sync 1 DAGs
[2025-07-03T04:18:02.694+0000] {logging_mixin.py:190} INFO - [2025-07-03T04:18:02.694+0000] {dag.py:4180} INFO - Setting next_dagrun for extract_raw_data_pipeline to 2025-07-02 07:58:00+00:00, run_after=2025-07-02 07:59:00+00:00
[2025-07-03T04:18:02.708+0000] {processor.py:208} INFO - Processing /opt/airflow/dags/driven_data_pipeline.py took 0.503 seconds
[2025-07-03T04:18:32.944+0000] {processor.py:186} INFO - Started process (PID=130) to work on /opt/airflow/dags/driven_data_pipeline.py
[2025-07-03T04:18:32.945+0000] {processor.py:914} INFO - Processing file /opt/airflow/dags/driven_data_pipeline.py for tasks to queue
[2025-07-03T04:18:32.947+0000] {logging_mixin.py:190} INFO - [2025-07-03T04:18:32.947+0000] {dagbag.py:588} INFO - Filling up the DagBag from /opt/airflow/dags/driven_data_pipeline.py
[2025-07-03T04:18:33.449+0000] {processor.py:925} INFO - DAG(s) 'extract_raw_data_pipeline' retrieved from /opt/airflow/dags/driven_data_pipeline.py
[2025-07-03T04:18:33.490+0000] {logging_mixin.py:190} INFO - [2025-07-03T04:18:33.490+0000] {dag.py:3239} INFO - Sync 1 DAGs
[2025-07-03T04:18:33.512+0000] {logging_mixin.py:190} INFO - [2025-07-03T04:18:33.512+0000] {dag.py:4180} INFO - Setting next_dagrun for extract_raw_data_pipeline to 2025-07-02 07:58:00+00:00, run_after=2025-07-02 07:59:00+00:00
[2025-07-03T04:18:33.530+0000] {processor.py:208} INFO - Processing /opt/airflow/dags/driven_data_pipeline.py took 0.593 seconds
[2025-07-03T04:19:03.620+0000] {processor.py:186} INFO - Started process (PID=139) to work on /opt/airflow/dags/driven_data_pipeline.py
[2025-07-03T04:19:03.621+0000] {processor.py:914} INFO - Processing file /opt/airflow/dags/driven_data_pipeline.py for tasks to queue
[2025-07-03T04:19:03.624+0000] {logging_mixin.py:190} INFO - [2025-07-03T04:19:03.623+0000] {dagbag.py:588} INFO - Filling up the DagBag from /opt/airflow/dags/driven_data_pipeline.py
[2025-07-03T04:19:04.012+0000] {processor.py:925} INFO - DAG(s) 'extract_raw_data_pipeline' retrieved from /opt/airflow/dags/driven_data_pipeline.py
[2025-07-03T04:19:04.033+0000] {logging_mixin.py:190} INFO - [2025-07-03T04:19:04.033+0000] {dag.py:3239} INFO - Sync 1 DAGs
[2025-07-03T04:19:04.049+0000] {logging_mixin.py:190} INFO - [2025-07-03T04:19:04.049+0000] {dag.py:4180} INFO - Setting next_dagrun for extract_raw_data_pipeline to 2025-07-02 07:58:00+00:00, run_after=2025-07-02 07:59:00+00:00
[2025-07-03T04:19:04.063+0000] {processor.py:208} INFO - Processing /opt/airflow/dags/driven_data_pipeline.py took 0.449 seconds
[2025-07-03T04:19:34.346+0000] {processor.py:186} INFO - Started process (PID=147) to work on /opt/airflow/dags/driven_data_pipeline.py
[2025-07-03T04:19:34.350+0000] {processor.py:914} INFO - Processing file /opt/airflow/dags/driven_data_pipeline.py for tasks to queue
[2025-07-03T04:19:34.360+0000] {logging_mixin.py:190} INFO - [2025-07-03T04:19:34.358+0000] {dagbag.py:588} INFO - Filling up the DagBag from /opt/airflow/dags/driven_data_pipeline.py
[2025-07-03T04:19:35.779+0000] {processor.py:925} INFO - DAG(s) 'extract_raw_data_pipeline' retrieved from /opt/airflow/dags/driven_data_pipeline.py
[2025-07-03T04:19:35.810+0000] {logging_mixin.py:190} INFO - [2025-07-03T04:19:35.810+0000] {dag.py:3239} INFO - Sync 1 DAGs
[2025-07-03T04:19:35.838+0000] {logging_mixin.py:190} INFO - [2025-07-03T04:19:35.838+0000] {dag.py:4180} INFO - Setting next_dagrun for extract_raw_data_pipeline to 2025-07-02 07:59:00+00:00, run_after=2025-07-03 07:00:00+00:00
[2025-07-03T04:19:35.862+0000] {processor.py:208} INFO - Processing /opt/airflow/dags/driven_data_pipeline.py took 1.537 seconds
[2025-07-03T04:20:06.139+0000] {processor.py:186} INFO - Started process (PID=169) to work on /opt/airflow/dags/driven_data_pipeline.py
[2025-07-03T04:20:06.141+0000] {processor.py:914} INFO - Processing file /opt/airflow/dags/driven_data_pipeline.py for tasks to queue
[2025-07-03T04:20:06.146+0000] {logging_mixin.py:190} INFO - [2025-07-03T04:20:06.144+0000] {dagbag.py:588} INFO - Filling up the DagBag from /opt/airflow/dags/driven_data_pipeline.py
[2025-07-03T04:20:07.156+0000] {processor.py:925} INFO - DAG(s) 'extract_raw_data_pipeline' retrieved from /opt/airflow/dags/driven_data_pipeline.py
[2025-07-03T04:20:07.184+0000] {logging_mixin.py:190} INFO - [2025-07-03T04:20:07.184+0000] {dag.py:3239} INFO - Sync 1 DAGs
[2025-07-03T04:20:07.207+0000] {logging_mixin.py:190} INFO - [2025-07-03T04:20:07.207+0000] {dag.py:4180} INFO - Setting next_dagrun for extract_raw_data_pipeline to 2025-07-02 07:59:00+00:00, run_after=2025-07-03 07:00:00+00:00
[2025-07-03T04:20:07.225+0000] {processor.py:208} INFO - Processing /opt/airflow/dags/driven_data_pipeline.py took 1.098 seconds
[2025-07-03T04:20:37.356+0000] {processor.py:186} INFO - Started process (PID=183) to work on /opt/airflow/dags/driven_data_pipeline.py
[2025-07-03T04:20:37.357+0000] {processor.py:914} INFO - Processing file /opt/airflow/dags/driven_data_pipeline.py for tasks to queue
[2025-07-03T04:20:37.359+0000] {logging_mixin.py:190} INFO - [2025-07-03T04:20:37.359+0000] {dagbag.py:588} INFO - Filling up the DagBag from /opt/airflow/dags/driven_data_pipeline.py
[2025-07-03T04:20:37.741+0000] {processor.py:925} INFO - DAG(s) 'extract_raw_data_pipeline' retrieved from /opt/airflow/dags/driven_data_pipeline.py
[2025-07-03T04:20:37.765+0000] {logging_mixin.py:190} INFO - [2025-07-03T04:20:37.764+0000] {dag.py:3239} INFO - Sync 1 DAGs
[2025-07-03T04:20:37.783+0000] {logging_mixin.py:190} INFO - [2025-07-03T04:20:37.783+0000] {dag.py:4180} INFO - Setting next_dagrun for extract_raw_data_pipeline to 2025-07-02 07:59:00+00:00, run_after=2025-07-03 07:00:00+00:00
[2025-07-03T04:20:37.799+0000] {processor.py:208} INFO - Processing /opt/airflow/dags/driven_data_pipeline.py took 0.449 seconds
[2025-07-03T04:21:08.251+0000] {processor.py:186} INFO - Started process (PID=191) to work on /opt/airflow/dags/driven_data_pipeline.py
[2025-07-03T04:21:08.252+0000] {processor.py:914} INFO - Processing file /opt/airflow/dags/driven_data_pipeline.py for tasks to queue
[2025-07-03T04:21:08.255+0000] {logging_mixin.py:190} INFO - [2025-07-03T04:21:08.254+0000] {dagbag.py:588} INFO - Filling up the DagBag from /opt/airflow/dags/driven_data_pipeline.py
[2025-07-03T04:21:08.457+0000] {processor.py:925} INFO - DAG(s) 'extract_raw_data_pipeline' retrieved from /opt/airflow/dags/driven_data_pipeline.py
[2025-07-03T04:21:08.484+0000] {logging_mixin.py:190} INFO - [2025-07-03T04:21:08.484+0000] {dag.py:3239} INFO - Sync 1 DAGs
[2025-07-03T04:21:08.510+0000] {logging_mixin.py:190} INFO - [2025-07-03T04:21:08.510+0000] {dag.py:4180} INFO - Setting next_dagrun for extract_raw_data_pipeline to 2025-07-02 07:59:00+00:00, run_after=2025-07-03 07:00:00+00:00
[2025-07-03T04:21:08.529+0000] {processor.py:208} INFO - Processing /opt/airflow/dags/driven_data_pipeline.py took 0.285 seconds
[2025-07-03T04:21:38.776+0000] {processor.py:186} INFO - Started process (PID=199) to work on /opt/airflow/dags/driven_data_pipeline.py
[2025-07-03T04:21:38.783+0000] {processor.py:914} INFO - Processing file /opt/airflow/dags/driven_data_pipeline.py for tasks to queue
[2025-07-03T04:21:38.791+0000] {logging_mixin.py:190} INFO - [2025-07-03T04:21:38.790+0000] {dagbag.py:588} INFO - Filling up the DagBag from /opt/airflow/dags/driven_data_pipeline.py
[2025-07-03T04:21:39.070+0000] {processor.py:925} INFO - DAG(s) 'extract_raw_data_pipeline' retrieved from /opt/airflow/dags/driven_data_pipeline.py
[2025-07-03T04:21:39.109+0000] {logging_mixin.py:190} INFO - [2025-07-03T04:21:39.108+0000] {dag.py:3239} INFO - Sync 1 DAGs
[2025-07-03T04:21:39.141+0000] {logging_mixin.py:190} INFO - [2025-07-03T04:21:39.140+0000] {dag.py:4180} INFO - Setting next_dagrun for extract_raw_data_pipeline to 2025-07-02 07:59:00+00:00, run_after=2025-07-03 07:00:00+00:00
[2025-07-03T04:21:39.171+0000] {processor.py:208} INFO - Processing /opt/airflow/dags/driven_data_pipeline.py took 0.416 seconds
[2025-07-03T04:22:09.425+0000] {processor.py:186} INFO - Started process (PID=207) to work on /opt/airflow/dags/driven_data_pipeline.py
[2025-07-03T04:22:09.426+0000] {processor.py:914} INFO - Processing file /opt/airflow/dags/driven_data_pipeline.py for tasks to queue
[2025-07-03T04:22:09.428+0000] {logging_mixin.py:190} INFO - [2025-07-03T04:22:09.428+0000] {dagbag.py:588} INFO - Filling up the DagBag from /opt/airflow/dags/driven_data_pipeline.py
[2025-07-03T04:22:09.608+0000] {processor.py:925} INFO - DAG(s) 'extract_raw_data_pipeline' retrieved from /opt/airflow/dags/driven_data_pipeline.py
[2025-07-03T04:22:09.636+0000] {logging_mixin.py:190} INFO - [2025-07-03T04:22:09.636+0000] {dag.py:3239} INFO - Sync 1 DAGs
[2025-07-03T04:22:09.659+0000] {logging_mixin.py:190} INFO - [2025-07-03T04:22:09.659+0000] {dag.py:4180} INFO - Setting next_dagrun for extract_raw_data_pipeline to 2025-07-02 07:59:00+00:00, run_after=2025-07-03 07:00:00+00:00
[2025-07-03T04:22:09.675+0000] {processor.py:208} INFO - Processing /opt/airflow/dags/driven_data_pipeline.py took 0.257 seconds
[2025-07-03T04:22:39.916+0000] {processor.py:186} INFO - Started process (PID=215) to work on /opt/airflow/dags/driven_data_pipeline.py
[2025-07-03T04:22:39.917+0000] {processor.py:914} INFO - Processing file /opt/airflow/dags/driven_data_pipeline.py for tasks to queue
[2025-07-03T04:22:39.919+0000] {logging_mixin.py:190} INFO - [2025-07-03T04:22:39.919+0000] {dagbag.py:588} INFO - Filling up the DagBag from /opt/airflow/dags/driven_data_pipeline.py
[2025-07-03T04:22:40.130+0000] {processor.py:925} INFO - DAG(s) 'extract_raw_data_pipeline' retrieved from /opt/airflow/dags/driven_data_pipeline.py
[2025-07-03T04:22:40.165+0000] {logging_mixin.py:190} INFO - [2025-07-03T04:22:40.164+0000] {dag.py:3239} INFO - Sync 1 DAGs
[2025-07-03T04:22:40.191+0000] {logging_mixin.py:190} INFO - [2025-07-03T04:22:40.191+0000] {dag.py:4180} INFO - Setting next_dagrun for extract_raw_data_pipeline to 2025-07-02 07:59:00+00:00, run_after=2025-07-03 07:00:00+00:00
[2025-07-03T04:22:40.210+0000] {processor.py:208} INFO - Processing /opt/airflow/dags/driven_data_pipeline.py took 0.300 seconds
[2025-07-03T04:23:10.434+0000] {processor.py:186} INFO - Started process (PID=223) to work on /opt/airflow/dags/driven_data_pipeline.py
[2025-07-03T04:23:10.435+0000] {processor.py:914} INFO - Processing file /opt/airflow/dags/driven_data_pipeline.py for tasks to queue
[2025-07-03T04:23:10.438+0000] {logging_mixin.py:190} INFO - [2025-07-03T04:23:10.438+0000] {dagbag.py:588} INFO - Filling up the DagBag from /opt/airflow/dags/driven_data_pipeline.py
[2025-07-03T04:23:10.631+0000] {processor.py:925} INFO - DAG(s) 'extract_raw_data_pipeline' retrieved from /opt/airflow/dags/driven_data_pipeline.py
[2025-07-03T04:23:10.662+0000] {logging_mixin.py:190} INFO - [2025-07-03T04:23:10.661+0000] {dag.py:3239} INFO - Sync 1 DAGs
[2025-07-03T04:23:10.688+0000] {logging_mixin.py:190} INFO - [2025-07-03T04:23:10.688+0000] {dag.py:4180} INFO - Setting next_dagrun for extract_raw_data_pipeline to 2025-07-02 07:59:00+00:00, run_after=2025-07-03 07:00:00+00:00
[2025-07-03T04:23:10.707+0000] {processor.py:208} INFO - Processing /opt/airflow/dags/driven_data_pipeline.py took 0.279 seconds
[2025-07-03T04:23:40.928+0000] {processor.py:186} INFO - Started process (PID=231) to work on /opt/airflow/dags/driven_data_pipeline.py
[2025-07-03T04:23:40.930+0000] {processor.py:914} INFO - Processing file /opt/airflow/dags/driven_data_pipeline.py for tasks to queue
[2025-07-03T04:23:40.933+0000] {logging_mixin.py:190} INFO - [2025-07-03T04:23:40.933+0000] {dagbag.py:588} INFO - Filling up the DagBag from /opt/airflow/dags/driven_data_pipeline.py
[2025-07-03T04:23:41.125+0000] {processor.py:925} INFO - DAG(s) 'extract_raw_data_pipeline' retrieved from /opt/airflow/dags/driven_data_pipeline.py
[2025-07-03T04:23:41.155+0000] {logging_mixin.py:190} INFO - [2025-07-03T04:23:41.155+0000] {dag.py:3239} INFO - Sync 1 DAGs
[2025-07-03T04:23:41.179+0000] {logging_mixin.py:190} INFO - [2025-07-03T04:23:41.178+0000] {dag.py:4180} INFO - Setting next_dagrun for extract_raw_data_pipeline to 2025-07-02 07:59:00+00:00, run_after=2025-07-03 07:00:00+00:00
[2025-07-03T04:23:41.199+0000] {processor.py:208} INFO - Processing /opt/airflow/dags/driven_data_pipeline.py took 0.278 seconds
[2025-07-03T04:24:11.418+0000] {processor.py:186} INFO - Started process (PID=239) to work on /opt/airflow/dags/driven_data_pipeline.py
[2025-07-03T04:24:11.419+0000] {processor.py:914} INFO - Processing file /opt/airflow/dags/driven_data_pipeline.py for tasks to queue
[2025-07-03T04:24:11.422+0000] {logging_mixin.py:190} INFO - [2025-07-03T04:24:11.421+0000] {dagbag.py:588} INFO - Filling up the DagBag from /opt/airflow/dags/driven_data_pipeline.py
[2025-07-03T04:24:11.612+0000] {processor.py:925} INFO - DAG(s) 'extract_raw_data_pipeline' retrieved from /opt/airflow/dags/driven_data_pipeline.py
[2025-07-03T04:24:11.642+0000] {logging_mixin.py:190} INFO - [2025-07-03T04:24:11.642+0000] {dag.py:3239} INFO - Sync 1 DAGs
[2025-07-03T04:24:11.667+0000] {logging_mixin.py:190} INFO - [2025-07-03T04:24:11.667+0000] {dag.py:4180} INFO - Setting next_dagrun for extract_raw_data_pipeline to 2025-07-02 07:59:00+00:00, run_after=2025-07-03 07:00:00+00:00
[2025-07-03T04:24:11.685+0000] {processor.py:208} INFO - Processing /opt/airflow/dags/driven_data_pipeline.py took 0.275 seconds
[2025-07-03T04:24:41.898+0000] {processor.py:186} INFO - Started process (PID=247) to work on /opt/airflow/dags/driven_data_pipeline.py
[2025-07-03T04:24:41.900+0000] {processor.py:914} INFO - Processing file /opt/airflow/dags/driven_data_pipeline.py for tasks to queue
[2025-07-03T04:24:41.902+0000] {logging_mixin.py:190} INFO - [2025-07-03T04:24:41.902+0000] {dagbag.py:588} INFO - Filling up the DagBag from /opt/airflow/dags/driven_data_pipeline.py
[2025-07-03T04:24:42.090+0000] {processor.py:925} INFO - DAG(s) 'extract_raw_data_pipeline' retrieved from /opt/airflow/dags/driven_data_pipeline.py
[2025-07-03T04:24:42.122+0000] {logging_mixin.py:190} INFO - [2025-07-03T04:24:42.121+0000] {dag.py:3239} INFO - Sync 1 DAGs
[2025-07-03T04:24:42.145+0000] {logging_mixin.py:190} INFO - [2025-07-03T04:24:42.145+0000] {dag.py:4180} INFO - Setting next_dagrun for extract_raw_data_pipeline to 2025-07-02 07:59:00+00:00, run_after=2025-07-03 07:00:00+00:00
[2025-07-03T04:24:42.162+0000] {processor.py:208} INFO - Processing /opt/airflow/dags/driven_data_pipeline.py took 0.270 seconds
[2025-07-03T04:25:12.380+0000] {processor.py:186} INFO - Started process (PID=255) to work on /opt/airflow/dags/driven_data_pipeline.py
[2025-07-03T04:25:12.381+0000] {processor.py:914} INFO - Processing file /opt/airflow/dags/driven_data_pipeline.py for tasks to queue
[2025-07-03T04:25:12.384+0000] {logging_mixin.py:190} INFO - [2025-07-03T04:25:12.383+0000] {dagbag.py:588} INFO - Filling up the DagBag from /opt/airflow/dags/driven_data_pipeline.py
[2025-07-03T04:25:12.563+0000] {processor.py:925} INFO - DAG(s) 'extract_raw_data_pipeline' retrieved from /opt/airflow/dags/driven_data_pipeline.py
[2025-07-03T04:25:12.593+0000] {logging_mixin.py:190} INFO - [2025-07-03T04:25:12.592+0000] {dag.py:3239} INFO - Sync 1 DAGs
[2025-07-03T04:25:12.614+0000] {logging_mixin.py:190} INFO - [2025-07-03T04:25:12.614+0000] {dag.py:4180} INFO - Setting next_dagrun for extract_raw_data_pipeline to 2025-07-02 07:59:00+00:00, run_after=2025-07-03 07:00:00+00:00
[2025-07-03T04:25:12.632+0000] {processor.py:208} INFO - Processing /opt/airflow/dags/driven_data_pipeline.py took 0.259 seconds
[2025-07-03T04:25:42.885+0000] {processor.py:186} INFO - Started process (PID=263) to work on /opt/airflow/dags/driven_data_pipeline.py
[2025-07-03T04:25:42.886+0000] {processor.py:914} INFO - Processing file /opt/airflow/dags/driven_data_pipeline.py for tasks to queue
[2025-07-03T04:25:42.888+0000] {logging_mixin.py:190} INFO - [2025-07-03T04:25:42.888+0000] {dagbag.py:588} INFO - Filling up the DagBag from /opt/airflow/dags/driven_data_pipeline.py
[2025-07-03T04:25:43.065+0000] {processor.py:925} INFO - DAG(s) 'extract_raw_data_pipeline' retrieved from /opt/airflow/dags/driven_data_pipeline.py
[2025-07-03T04:25:43.092+0000] {logging_mixin.py:190} INFO - [2025-07-03T04:25:43.092+0000] {dag.py:3239} INFO - Sync 1 DAGs
[2025-07-03T04:25:43.114+0000] {logging_mixin.py:190} INFO - [2025-07-03T04:25:43.113+0000] {dag.py:4180} INFO - Setting next_dagrun for extract_raw_data_pipeline to 2025-07-02 07:59:00+00:00, run_after=2025-07-03 07:00:00+00:00
[2025-07-03T04:25:43.131+0000] {processor.py:208} INFO - Processing /opt/airflow/dags/driven_data_pipeline.py took 0.252 seconds
[2025-07-03T04:26:13.339+0000] {processor.py:186} INFO - Started process (PID=271) to work on /opt/airflow/dags/driven_data_pipeline.py
[2025-07-03T04:26:13.340+0000] {processor.py:914} INFO - Processing file /opt/airflow/dags/driven_data_pipeline.py for tasks to queue
[2025-07-03T04:26:13.343+0000] {logging_mixin.py:190} INFO - [2025-07-03T04:26:13.342+0000] {dagbag.py:588} INFO - Filling up the DagBag from /opt/airflow/dags/driven_data_pipeline.py
[2025-07-03T04:26:13.512+0000] {processor.py:925} INFO - DAG(s) 'extract_raw_data_pipeline' retrieved from /opt/airflow/dags/driven_data_pipeline.py
[2025-07-03T04:26:13.538+0000] {logging_mixin.py:190} INFO - [2025-07-03T04:26:13.538+0000] {dag.py:3239} INFO - Sync 1 DAGs
[2025-07-03T04:26:13.560+0000] {logging_mixin.py:190} INFO - [2025-07-03T04:26:13.560+0000] {dag.py:4180} INFO - Setting next_dagrun for extract_raw_data_pipeline to 2025-07-02 07:59:00+00:00, run_after=2025-07-03 07:00:00+00:00
[2025-07-03T04:26:13.577+0000] {processor.py:208} INFO - Processing /opt/airflow/dags/driven_data_pipeline.py took 0.244 seconds
[2025-07-03T04:26:43.805+0000] {processor.py:186} INFO - Started process (PID=279) to work on /opt/airflow/dags/driven_data_pipeline.py
[2025-07-03T04:26:43.806+0000] {processor.py:914} INFO - Processing file /opt/airflow/dags/driven_data_pipeline.py for tasks to queue
[2025-07-03T04:26:43.813+0000] {logging_mixin.py:190} INFO - [2025-07-03T04:26:43.811+0000] {dagbag.py:588} INFO - Filling up the DagBag from /opt/airflow/dags/driven_data_pipeline.py
[2025-07-03T04:26:44.007+0000] {processor.py:925} INFO - DAG(s) 'extract_raw_data_pipeline' retrieved from /opt/airflow/dags/driven_data_pipeline.py
[2025-07-03T04:26:44.033+0000] {logging_mixin.py:190} INFO - [2025-07-03T04:26:44.033+0000] {dag.py:3239} INFO - Sync 1 DAGs
[2025-07-03T04:26:44.052+0000] {logging_mixin.py:190} INFO - [2025-07-03T04:26:44.052+0000] {dag.py:4180} INFO - Setting next_dagrun for extract_raw_data_pipeline to 2025-07-02 07:59:00+00:00, run_after=2025-07-03 07:00:00+00:00
[2025-07-03T04:26:44.067+0000] {processor.py:208} INFO - Processing /opt/airflow/dags/driven_data_pipeline.py took 0.272 seconds
[2025-07-03T04:27:14.307+0000] {processor.py:186} INFO - Started process (PID=287) to work on /opt/airflow/dags/driven_data_pipeline.py
[2025-07-03T04:27:14.308+0000] {processor.py:914} INFO - Processing file /opt/airflow/dags/driven_data_pipeline.py for tasks to queue
[2025-07-03T04:27:14.311+0000] {logging_mixin.py:190} INFO - [2025-07-03T04:27:14.311+0000] {dagbag.py:588} INFO - Filling up the DagBag from /opt/airflow/dags/driven_data_pipeline.py
[2025-07-03T04:27:14.545+0000] {processor.py:925} INFO - DAG(s) 'extract_raw_data_pipeline' retrieved from /opt/airflow/dags/driven_data_pipeline.py
[2025-07-03T04:27:14.606+0000] {logging_mixin.py:190} INFO - [2025-07-03T04:27:14.605+0000] {dag.py:3239} INFO - Sync 1 DAGs
[2025-07-03T04:27:14.645+0000] {logging_mixin.py:190} INFO - [2025-07-03T04:27:14.645+0000] {dag.py:4180} INFO - Setting next_dagrun for extract_raw_data_pipeline to 2025-07-02 07:59:00+00:00, run_after=2025-07-03 07:00:00+00:00
[2025-07-03T04:27:14.679+0000] {processor.py:208} INFO - Processing /opt/airflow/dags/driven_data_pipeline.py took 0.381 seconds
[2025-07-03T04:27:44.928+0000] {processor.py:186} INFO - Started process (PID=295) to work on /opt/airflow/dags/driven_data_pipeline.py
[2025-07-03T04:27:44.929+0000] {processor.py:914} INFO - Processing file /opt/airflow/dags/driven_data_pipeline.py for tasks to queue
[2025-07-03T04:27:44.932+0000] {logging_mixin.py:190} INFO - [2025-07-03T04:27:44.932+0000] {dagbag.py:588} INFO - Filling up the DagBag from /opt/airflow/dags/driven_data_pipeline.py
[2025-07-03T04:27:45.142+0000] {processor.py:925} INFO - DAG(s) 'extract_raw_data_pipeline' retrieved from /opt/airflow/dags/driven_data_pipeline.py
[2025-07-03T04:27:45.171+0000] {logging_mixin.py:190} INFO - [2025-07-03T04:27:45.171+0000] {dag.py:3239} INFO - Sync 1 DAGs
[2025-07-03T04:27:45.196+0000] {logging_mixin.py:190} INFO - [2025-07-03T04:27:45.196+0000] {dag.py:4180} INFO - Setting next_dagrun for extract_raw_data_pipeline to 2025-07-02 07:59:00+00:00, run_after=2025-07-03 07:00:00+00:00
[2025-07-03T04:27:45.216+0000] {processor.py:208} INFO - Processing /opt/airflow/dags/driven_data_pipeline.py took 0.295 seconds
[2025-07-03T04:28:15.477+0000] {processor.py:186} INFO - Started process (PID=303) to work on /opt/airflow/dags/driven_data_pipeline.py
[2025-07-03T04:28:15.479+0000] {processor.py:914} INFO - Processing file /opt/airflow/dags/driven_data_pipeline.py for tasks to queue
[2025-07-03T04:28:15.482+0000] {logging_mixin.py:190} INFO - [2025-07-03T04:28:15.482+0000] {dagbag.py:588} INFO - Filling up the DagBag from /opt/airflow/dags/driven_data_pipeline.py
[2025-07-03T04:28:15.689+0000] {processor.py:925} INFO - DAG(s) 'extract_raw_data_pipeline' retrieved from /opt/airflow/dags/driven_data_pipeline.py
[2025-07-03T04:28:15.730+0000] {logging_mixin.py:190} INFO - [2025-07-03T04:28:15.730+0000] {dag.py:3239} INFO - Sync 1 DAGs
[2025-07-03T04:28:15.756+0000] {logging_mixin.py:190} INFO - [2025-07-03T04:28:15.755+0000] {dag.py:4180} INFO - Setting next_dagrun for extract_raw_data_pipeline to 2025-07-02 07:59:00+00:00, run_after=2025-07-03 07:00:00+00:00
[2025-07-03T04:28:15.772+0000] {processor.py:208} INFO - Processing /opt/airflow/dags/driven_data_pipeline.py took 0.303 seconds
[2025-07-03T04:28:46.332+0000] {processor.py:186} INFO - Started process (PID=311) to work on /opt/airflow/dags/driven_data_pipeline.py
[2025-07-03T04:28:46.366+0000] {processor.py:914} INFO - Processing file /opt/airflow/dags/driven_data_pipeline.py for tasks to queue
[2025-07-03T04:28:46.395+0000] {logging_mixin.py:190} INFO - [2025-07-03T04:28:46.389+0000] {dagbag.py:588} INFO - Filling up the DagBag from /opt/airflow/dags/driven_data_pipeline.py
[2025-07-03T04:28:47.294+0000] {processor.py:925} INFO - DAG(s) 'extract_raw_data_pipeline' retrieved from /opt/airflow/dags/driven_data_pipeline.py
[2025-07-03T04:28:47.412+0000] {logging_mixin.py:190} INFO - [2025-07-03T04:28:47.411+0000] {dag.py:3239} INFO - Sync 1 DAGs
[2025-07-03T04:28:47.525+0000] {logging_mixin.py:190} INFO - [2025-07-03T04:28:47.523+0000] {dag.py:4180} INFO - Setting next_dagrun for extract_raw_data_pipeline to 2025-07-02 07:59:00+00:00, run_after=2025-07-03 07:00:00+00:00
[2025-07-03T04:28:47.577+0000] {processor.py:208} INFO - Processing /opt/airflow/dags/driven_data_pipeline.py took 1.475 seconds
[2025-07-03T04:29:17.830+0000] {processor.py:186} INFO - Started process (PID=319) to work on /opt/airflow/dags/driven_data_pipeline.py
[2025-07-03T04:29:17.832+0000] {processor.py:914} INFO - Processing file /opt/airflow/dags/driven_data_pipeline.py for tasks to queue
[2025-07-03T04:29:17.836+0000] {logging_mixin.py:190} INFO - [2025-07-03T04:29:17.835+0000] {dagbag.py:588} INFO - Filling up the DagBag from /opt/airflow/dags/driven_data_pipeline.py
[2025-07-03T04:29:18.072+0000] {processor.py:925} INFO - DAG(s) 'extract_raw_data_pipeline' retrieved from /opt/airflow/dags/driven_data_pipeline.py
[2025-07-03T04:29:18.101+0000] {logging_mixin.py:190} INFO - [2025-07-03T04:29:18.100+0000] {dag.py:3239} INFO - Sync 1 DAGs
[2025-07-03T04:29:18.123+0000] {logging_mixin.py:190} INFO - [2025-07-03T04:29:18.122+0000] {dag.py:4180} INFO - Setting next_dagrun for extract_raw_data_pipeline to 2025-07-02 07:59:00+00:00, run_after=2025-07-03 07:00:00+00:00
[2025-07-03T04:29:18.139+0000] {processor.py:208} INFO - Processing /opt/airflow/dags/driven_data_pipeline.py took 0.316 seconds
[2025-07-03T04:29:48.350+0000] {processor.py:186} INFO - Started process (PID=327) to work on /opt/airflow/dags/driven_data_pipeline.py
[2025-07-03T04:29:48.352+0000] {processor.py:914} INFO - Processing file /opt/airflow/dags/driven_data_pipeline.py for tasks to queue
[2025-07-03T04:29:48.356+0000] {logging_mixin.py:190} INFO - [2025-07-03T04:29:48.355+0000] {dagbag.py:588} INFO - Filling up the DagBag from /opt/airflow/dags/driven_data_pipeline.py
[2025-07-03T04:29:48.809+0000] {processor.py:925} INFO - DAG(s) 'extract_raw_data_pipeline' retrieved from /opt/airflow/dags/driven_data_pipeline.py
[2025-07-03T04:29:48.847+0000] {logging_mixin.py:190} INFO - [2025-07-03T04:29:48.847+0000] {dag.py:3239} INFO - Sync 1 DAGs
[2025-07-03T04:29:48.875+0000] {logging_mixin.py:190} INFO - [2025-07-03T04:29:48.875+0000] {dag.py:4180} INFO - Setting next_dagrun for extract_raw_data_pipeline to 2025-07-02 07:59:00+00:00, run_after=2025-07-03 07:00:00+00:00
[2025-07-03T04:29:48.897+0000] {processor.py:208} INFO - Processing /opt/airflow/dags/driven_data_pipeline.py took 0.553 seconds
[2025-07-03T04:30:19.164+0000] {processor.py:186} INFO - Started process (PID=335) to work on /opt/airflow/dags/driven_data_pipeline.py
[2025-07-03T04:30:19.165+0000] {processor.py:914} INFO - Processing file /opt/airflow/dags/driven_data_pipeline.py for tasks to queue
[2025-07-03T04:30:19.168+0000] {logging_mixin.py:190} INFO - [2025-07-03T04:30:19.168+0000] {dagbag.py:588} INFO - Filling up the DagBag from /opt/airflow/dags/driven_data_pipeline.py
[2025-07-03T04:30:19.565+0000] {processor.py:925} INFO - DAG(s) 'extract_raw_data_pipeline' retrieved from /opt/airflow/dags/driven_data_pipeline.py
[2025-07-03T04:30:19.590+0000] {logging_mixin.py:190} INFO - [2025-07-03T04:30:19.590+0000] {dag.py:3239} INFO - Sync 1 DAGs
[2025-07-03T04:30:19.611+0000] {logging_mixin.py:190} INFO - [2025-07-03T04:30:19.611+0000] {dag.py:4180} INFO - Setting next_dagrun for extract_raw_data_pipeline to 2025-07-02 07:59:00+00:00, run_after=2025-07-03 07:00:00+00:00
[2025-07-03T04:30:19.627+0000] {processor.py:208} INFO - Processing /opt/airflow/dags/driven_data_pipeline.py took 0.469 seconds
[2025-07-03T04:30:49.776+0000] {processor.py:186} INFO - Started process (PID=344) to work on /opt/airflow/dags/driven_data_pipeline.py
[2025-07-03T04:30:49.778+0000] {processor.py:914} INFO - Processing file /opt/airflow/dags/driven_data_pipeline.py for tasks to queue
[2025-07-03T04:30:49.783+0000] {logging_mixin.py:190} INFO - [2025-07-03T04:30:49.782+0000] {dagbag.py:588} INFO - Filling up the DagBag from /opt/airflow/dags/driven_data_pipeline.py
[2025-07-03T04:30:50.220+0000] {processor.py:925} INFO - DAG(s) 'extract_raw_data_pipeline' retrieved from /opt/airflow/dags/driven_data_pipeline.py
[2025-07-03T04:30:50.251+0000] {logging_mixin.py:190} INFO - [2025-07-03T04:30:50.250+0000] {dag.py:3239} INFO - Sync 1 DAGs
[2025-07-03T04:30:50.275+0000] {logging_mixin.py:190} INFO - [2025-07-03T04:30:50.275+0000] {dag.py:4180} INFO - Setting next_dagrun for extract_raw_data_pipeline to 2025-07-02 07:59:00+00:00, run_after=2025-07-03 07:00:00+00:00
[2025-07-03T04:30:50.296+0000] {processor.py:208} INFO - Processing /opt/airflow/dags/driven_data_pipeline.py took 0.531 seconds
[2025-07-03T04:31:20.537+0000] {processor.py:186} INFO - Started process (PID=352) to work on /opt/airflow/dags/driven_data_pipeline.py
[2025-07-03T04:31:20.538+0000] {processor.py:914} INFO - Processing file /opt/airflow/dags/driven_data_pipeline.py for tasks to queue
[2025-07-03T04:31:20.541+0000] {logging_mixin.py:190} INFO - [2025-07-03T04:31:20.541+0000] {dagbag.py:588} INFO - Filling up the DagBag from /opt/airflow/dags/driven_data_pipeline.py
[2025-07-03T04:31:21.132+0000] {processor.py:925} INFO - DAG(s) 'extract_raw_data_pipeline' retrieved from /opt/airflow/dags/driven_data_pipeline.py
[2025-07-03T04:31:21.171+0000] {logging_mixin.py:190} INFO - [2025-07-03T04:31:21.171+0000] {dag.py:3239} INFO - Sync 1 DAGs
[2025-07-03T04:31:21.194+0000] {logging_mixin.py:190} INFO - [2025-07-03T04:31:21.193+0000] {dag.py:4180} INFO - Setting next_dagrun for extract_raw_data_pipeline to 2025-07-02 07:59:00+00:00, run_after=2025-07-03 07:00:00+00:00
[2025-07-03T04:31:21.212+0000] {processor.py:208} INFO - Processing /opt/airflow/dags/driven_data_pipeline.py took 0.681 seconds
[2025-07-03T04:31:51.271+0000] {processor.py:186} INFO - Started process (PID=360) to work on /opt/airflow/dags/driven_data_pipeline.py
[2025-07-03T04:31:51.272+0000] {processor.py:914} INFO - Processing file /opt/airflow/dags/driven_data_pipeline.py for tasks to queue
[2025-07-03T04:31:51.275+0000] {logging_mixin.py:190} INFO - [2025-07-03T04:31:51.275+0000] {dagbag.py:588} INFO - Filling up the DagBag from /opt/airflow/dags/driven_data_pipeline.py
[2025-07-03T04:31:51.673+0000] {processor.py:925} INFO - DAG(s) 'extract_raw_data_pipeline' retrieved from /opt/airflow/dags/driven_data_pipeline.py
[2025-07-03T04:31:51.700+0000] {logging_mixin.py:190} INFO - [2025-07-03T04:31:51.700+0000] {dag.py:3239} INFO - Sync 1 DAGs
[2025-07-03T04:31:51.721+0000] {logging_mixin.py:190} INFO - [2025-07-03T04:31:51.721+0000] {dag.py:4180} INFO - Setting next_dagrun for extract_raw_data_pipeline to 2025-07-02 07:59:00+00:00, run_after=2025-07-03 07:00:00+00:00
[2025-07-03T04:31:51.739+0000] {processor.py:208} INFO - Processing /opt/airflow/dags/driven_data_pipeline.py took 0.475 seconds
[2025-07-03T04:32:21.962+0000] {processor.py:186} INFO - Started process (PID=368) to work on /opt/airflow/dags/driven_data_pipeline.py
[2025-07-03T04:32:21.963+0000] {processor.py:914} INFO - Processing file /opt/airflow/dags/driven_data_pipeline.py for tasks to queue
[2025-07-03T04:32:21.966+0000] {logging_mixin.py:190} INFO - [2025-07-03T04:32:21.966+0000] {dagbag.py:588} INFO - Filling up the DagBag from /opt/airflow/dags/driven_data_pipeline.py
[2025-07-03T04:32:22.456+0000] {processor.py:925} INFO - DAG(s) 'extract_raw_data_pipeline' retrieved from /opt/airflow/dags/driven_data_pipeline.py
[2025-07-03T04:32:22.491+0000] {logging_mixin.py:190} INFO - [2025-07-03T04:32:22.491+0000] {dag.py:3239} INFO - Sync 1 DAGs
[2025-07-03T04:32:22.514+0000] {logging_mixin.py:190} INFO - [2025-07-03T04:32:22.514+0000] {dag.py:4180} INFO - Setting next_dagrun for extract_raw_data_pipeline to 2025-07-02 07:59:00+00:00, run_after=2025-07-03 07:00:00+00:00
[2025-07-03T04:32:22.533+0000] {processor.py:208} INFO - Processing /opt/airflow/dags/driven_data_pipeline.py took 0.578 seconds
[2025-07-03T04:32:52.795+0000] {processor.py:186} INFO - Started process (PID=383) to work on /opt/airflow/dags/driven_data_pipeline.py
[2025-07-03T04:32:52.797+0000] {processor.py:914} INFO - Processing file /opt/airflow/dags/driven_data_pipeline.py for tasks to queue
[2025-07-03T04:32:52.799+0000] {logging_mixin.py:190} INFO - [2025-07-03T04:32:52.799+0000] {dagbag.py:588} INFO - Filling up the DagBag from /opt/airflow/dags/driven_data_pipeline.py
[2025-07-03T04:32:53.265+0000] {processor.py:925} INFO - DAG(s) 'extract_raw_data_pipeline' retrieved from /opt/airflow/dags/driven_data_pipeline.py
[2025-07-03T04:32:53.337+0000] {logging_mixin.py:190} INFO - [2025-07-03T04:32:53.337+0000] {dag.py:3239} INFO - Sync 1 DAGs
[2025-07-03T04:32:53.369+0000] {logging_mixin.py:190} INFO - [2025-07-03T04:32:53.369+0000] {dag.py:4180} INFO - Setting next_dagrun for extract_raw_data_pipeline to 2025-07-02 07:59:00+00:00, run_after=2025-07-03 07:00:00+00:00
[2025-07-03T04:32:53.392+0000] {processor.py:208} INFO - Processing /opt/airflow/dags/driven_data_pipeline.py took 0.604 seconds
[2025-07-03T04:33:23.625+0000] {processor.py:186} INFO - Started process (PID=392) to work on /opt/airflow/dags/driven_data_pipeline.py
[2025-07-03T04:33:23.626+0000] {processor.py:914} INFO - Processing file /opt/airflow/dags/driven_data_pipeline.py for tasks to queue
[2025-07-03T04:33:23.629+0000] {logging_mixin.py:190} INFO - [2025-07-03T04:33:23.628+0000] {dagbag.py:588} INFO - Filling up the DagBag from /opt/airflow/dags/driven_data_pipeline.py
[2025-07-03T04:33:23.909+0000] {processor.py:925} INFO - DAG(s) 'extract_raw_data_pipeline' retrieved from /opt/airflow/dags/driven_data_pipeline.py
[2025-07-03T04:33:23.941+0000] {logging_mixin.py:190} INFO - [2025-07-03T04:33:23.941+0000] {dag.py:3239} INFO - Sync 1 DAGs
[2025-07-03T04:33:23.963+0000] {logging_mixin.py:190} INFO - [2025-07-03T04:33:23.963+0000] {dag.py:4180} INFO - Setting next_dagrun for extract_raw_data_pipeline to 2025-07-02 07:59:00+00:00, run_after=2025-07-03 07:00:00+00:00
[2025-07-03T04:33:23.980+0000] {processor.py:208} INFO - Processing /opt/airflow/dags/driven_data_pipeline.py took 0.362 seconds
[2025-07-03T04:33:54.270+0000] {processor.py:186} INFO - Started process (PID=402) to work on /opt/airflow/dags/driven_data_pipeline.py
[2025-07-03T04:33:54.275+0000] {processor.py:914} INFO - Processing file /opt/airflow/dags/driven_data_pipeline.py for tasks to queue
[2025-07-03T04:33:54.281+0000] {logging_mixin.py:190} INFO - [2025-07-03T04:33:54.281+0000] {dagbag.py:588} INFO - Filling up the DagBag from /opt/airflow/dags/driven_data_pipeline.py
[2025-07-03T04:33:54.718+0000] {processor.py:925} INFO - DAG(s) 'extract_raw_data_pipeline' retrieved from /opt/airflow/dags/driven_data_pipeline.py
[2025-07-03T04:33:54.755+0000] {logging_mixin.py:190} INFO - [2025-07-03T04:33:54.754+0000] {dag.py:3239} INFO - Sync 1 DAGs
[2025-07-03T04:33:54.784+0000] {logging_mixin.py:190} INFO - [2025-07-03T04:33:54.784+0000] {dag.py:4180} INFO - Setting next_dagrun for extract_raw_data_pipeline to 2025-07-02 07:59:00+00:00, run_after=2025-07-03 07:00:00+00:00
[2025-07-03T04:33:54.808+0000] {processor.py:208} INFO - Processing /opt/airflow/dags/driven_data_pipeline.py took 0.556 seconds
[2025-07-03T04:34:25.035+0000] {processor.py:186} INFO - Started process (PID=411) to work on /opt/airflow/dags/driven_data_pipeline.py
[2025-07-03T04:34:25.036+0000] {processor.py:914} INFO - Processing file /opt/airflow/dags/driven_data_pipeline.py for tasks to queue
[2025-07-03T04:34:25.038+0000] {logging_mixin.py:190} INFO - [2025-07-03T04:34:25.038+0000] {dagbag.py:588} INFO - Filling up the DagBag from /opt/airflow/dags/driven_data_pipeline.py
[2025-07-03T04:34:25.432+0000] {processor.py:925} INFO - DAG(s) 'extract_raw_data_pipeline' retrieved from /opt/airflow/dags/driven_data_pipeline.py
[2025-07-03T04:34:25.457+0000] {logging_mixin.py:190} INFO - [2025-07-03T04:34:25.457+0000] {dag.py:3239} INFO - Sync 1 DAGs
[2025-07-03T04:34:25.481+0000] {logging_mixin.py:190} INFO - [2025-07-03T04:34:25.480+0000] {dag.py:4180} INFO - Setting next_dagrun for extract_raw_data_pipeline to 2025-07-02 07:59:00+00:00, run_after=2025-07-03 07:00:00+00:00
[2025-07-03T04:34:25.498+0000] {processor.py:208} INFO - Processing /opt/airflow/dags/driven_data_pipeline.py took 0.469 seconds
[2025-07-03T04:34:55.737+0000] {processor.py:186} INFO - Started process (PID=420) to work on /opt/airflow/dags/driven_data_pipeline.py
[2025-07-03T04:34:55.738+0000] {processor.py:914} INFO - Processing file /opt/airflow/dags/driven_data_pipeline.py for tasks to queue
[2025-07-03T04:34:55.741+0000] {logging_mixin.py:190} INFO - [2025-07-03T04:34:55.741+0000] {dagbag.py:588} INFO - Filling up the DagBag from /opt/airflow/dags/driven_data_pipeline.py
[2025-07-03T04:34:56.008+0000] {processor.py:925} INFO - DAG(s) 'extract_raw_data_pipeline' retrieved from /opt/airflow/dags/driven_data_pipeline.py
[2025-07-03T04:34:56.044+0000] {logging_mixin.py:190} INFO - [2025-07-03T04:34:56.043+0000] {dag.py:3239} INFO - Sync 1 DAGs
[2025-07-03T04:34:56.070+0000] {logging_mixin.py:190} INFO - [2025-07-03T04:34:56.070+0000] {dag.py:4180} INFO - Setting next_dagrun for extract_raw_data_pipeline to 2025-07-02 07:59:00+00:00, run_after=2025-07-03 07:00:00+00:00
[2025-07-03T04:34:56.095+0000] {processor.py:208} INFO - Processing /opt/airflow/dags/driven_data_pipeline.py took 0.366 seconds
[2025-07-03T04:35:26.408+0000] {processor.py:186} INFO - Started process (PID=428) to work on /opt/airflow/dags/driven_data_pipeline.py
[2025-07-03T04:35:26.409+0000] {processor.py:914} INFO - Processing file /opt/airflow/dags/driven_data_pipeline.py for tasks to queue
[2025-07-03T04:35:26.412+0000] {logging_mixin.py:190} INFO - [2025-07-03T04:35:26.412+0000] {dagbag.py:588} INFO - Filling up the DagBag from /opt/airflow/dags/driven_data_pipeline.py
[2025-07-03T04:35:26.804+0000] {processor.py:925} INFO - DAG(s) 'extract_raw_data_pipeline' retrieved from /opt/airflow/dags/driven_data_pipeline.py
[2025-07-03T04:35:26.834+0000] {logging_mixin.py:190} INFO - [2025-07-03T04:35:26.833+0000] {dag.py:3239} INFO - Sync 1 DAGs
[2025-07-03T04:35:26.857+0000] {logging_mixin.py:190} INFO - [2025-07-03T04:35:26.857+0000] {dag.py:4180} INFO - Setting next_dagrun for extract_raw_data_pipeline to 2025-07-02 07:59:00+00:00, run_after=2025-07-03 07:00:00+00:00
[2025-07-03T04:35:26.875+0000] {processor.py:208} INFO - Processing /opt/airflow/dags/driven_data_pipeline.py took 0.476 seconds
[2025-07-03T04:35:57.121+0000] {processor.py:186} INFO - Started process (PID=438) to work on /opt/airflow/dags/driven_data_pipeline.py
[2025-07-03T04:35:57.122+0000] {processor.py:914} INFO - Processing file /opt/airflow/dags/driven_data_pipeline.py for tasks to queue
[2025-07-03T04:35:57.125+0000] {logging_mixin.py:190} INFO - [2025-07-03T04:35:57.125+0000] {dagbag.py:588} INFO - Filling up the DagBag from /opt/airflow/dags/driven_data_pipeline.py
[2025-07-03T04:35:57.573+0000] {processor.py:925} INFO - DAG(s) 'extract_raw_data_pipeline' retrieved from /opt/airflow/dags/driven_data_pipeline.py
[2025-07-03T04:35:57.604+0000] {logging_mixin.py:190} INFO - [2025-07-03T04:35:57.603+0000] {dag.py:3239} INFO - Sync 1 DAGs
[2025-07-03T04:35:57.632+0000] {logging_mixin.py:190} INFO - [2025-07-03T04:35:57.632+0000] {dag.py:4180} INFO - Setting next_dagrun for extract_raw_data_pipeline to 2025-07-02 07:59:00+00:00, run_after=2025-07-03 07:00:00+00:00
[2025-07-03T04:35:57.657+0000] {processor.py:208} INFO - Processing /opt/airflow/dags/driven_data_pipeline.py took 0.542 seconds
[2025-07-03T04:36:27.787+0000] {processor.py:186} INFO - Started process (PID=447) to work on /opt/airflow/dags/driven_data_pipeline.py
[2025-07-03T04:36:27.788+0000] {processor.py:914} INFO - Processing file /opt/airflow/dags/driven_data_pipeline.py for tasks to queue
[2025-07-03T04:36:27.790+0000] {logging_mixin.py:190} INFO - [2025-07-03T04:36:27.790+0000] {dagbag.py:588} INFO - Filling up the DagBag from /opt/airflow/dags/driven_data_pipeline.py
[2025-07-03T04:36:28.107+0000] {processor.py:925} INFO - DAG(s) 'extract_raw_data_pipeline' retrieved from /opt/airflow/dags/driven_data_pipeline.py
[2025-07-03T04:36:28.134+0000] {logging_mixin.py:190} INFO - [2025-07-03T04:36:28.133+0000] {dag.py:3239} INFO - Sync 1 DAGs
[2025-07-03T04:36:28.153+0000] {logging_mixin.py:190} INFO - [2025-07-03T04:36:28.153+0000] {dag.py:4180} INFO - Setting next_dagrun for extract_raw_data_pipeline to 2025-07-02 07:59:00+00:00, run_after=2025-07-03 07:00:00+00:00
[2025-07-03T04:36:28.169+0000] {processor.py:208} INFO - Processing /opt/airflow/dags/driven_data_pipeline.py took 0.390 seconds
[2025-07-03T04:36:58.440+0000] {processor.py:186} INFO - Started process (PID=455) to work on /opt/airflow/dags/driven_data_pipeline.py
[2025-07-03T04:36:58.441+0000] {processor.py:914} INFO - Processing file /opt/airflow/dags/driven_data_pipeline.py for tasks to queue
[2025-07-03T04:36:58.444+0000] {logging_mixin.py:190} INFO - [2025-07-03T04:36:58.443+0000] {dagbag.py:588} INFO - Filling up the DagBag from /opt/airflow/dags/driven_data_pipeline.py
[2025-07-03T04:36:58.826+0000] {processor.py:925} INFO - DAG(s) 'extract_raw_data_pipeline' retrieved from /opt/airflow/dags/driven_data_pipeline.py
[2025-07-03T04:36:58.851+0000] {logging_mixin.py:190} INFO - [2025-07-03T04:36:58.851+0000] {dag.py:3239} INFO - Sync 1 DAGs
[2025-07-03T04:36:58.872+0000] {logging_mixin.py:190} INFO - [2025-07-03T04:36:58.872+0000] {dag.py:4180} INFO - Setting next_dagrun for extract_raw_data_pipeline to 2025-07-02 07:59:00+00:00, run_after=2025-07-03 07:00:00+00:00
[2025-07-03T04:36:58.891+0000] {processor.py:208} INFO - Processing /opt/airflow/dags/driven_data_pipeline.py took 0.459 seconds
[2025-07-03T04:37:29.138+0000] {processor.py:186} INFO - Started process (PID=463) to work on /opt/airflow/dags/driven_data_pipeline.py
[2025-07-03T04:37:29.139+0000] {processor.py:914} INFO - Processing file /opt/airflow/dags/driven_data_pipeline.py for tasks to queue
[2025-07-03T04:37:29.142+0000] {logging_mixin.py:190} INFO - [2025-07-03T04:37:29.142+0000] {dagbag.py:588} INFO - Filling up the DagBag from /opt/airflow/dags/driven_data_pipeline.py
[2025-07-03T04:37:29.501+0000] {processor.py:925} INFO - DAG(s) 'extract_raw_data_pipeline' retrieved from /opt/airflow/dags/driven_data_pipeline.py
[2025-07-03T04:37:29.528+0000] {logging_mixin.py:190} INFO - [2025-07-03T04:37:29.528+0000] {dag.py:3239} INFO - Sync 1 DAGs
[2025-07-03T04:37:29.549+0000] {logging_mixin.py:190} INFO - [2025-07-03T04:37:29.549+0000] {dag.py:4180} INFO - Setting next_dagrun for extract_raw_data_pipeline to 2025-07-02 07:59:00+00:00, run_after=2025-07-03 07:00:00+00:00
[2025-07-03T04:37:29.566+0000] {processor.py:208} INFO - Processing /opt/airflow/dags/driven_data_pipeline.py took 0.436 seconds
[2025-07-03T04:37:59.821+0000] {processor.py:186} INFO - Started process (PID=471) to work on /opt/airflow/dags/driven_data_pipeline.py
[2025-07-03T04:37:59.823+0000] {processor.py:914} INFO - Processing file /opt/airflow/dags/driven_data_pipeline.py for tasks to queue
[2025-07-03T04:37:59.827+0000] {logging_mixin.py:190} INFO - [2025-07-03T04:37:59.826+0000] {dagbag.py:588} INFO - Filling up the DagBag from /opt/airflow/dags/driven_data_pipeline.py
[2025-07-03T04:38:00.277+0000] {processor.py:925} INFO - DAG(s) 'extract_raw_data_pipeline' retrieved from /opt/airflow/dags/driven_data_pipeline.py
[2025-07-03T04:38:00.305+0000] {logging_mixin.py:190} INFO - [2025-07-03T04:38:00.305+0000] {dag.py:3239} INFO - Sync 1 DAGs
[2025-07-03T04:38:00.329+0000] {logging_mixin.py:190} INFO - [2025-07-03T04:38:00.328+0000] {dag.py:4180} INFO - Setting next_dagrun for extract_raw_data_pipeline to 2025-07-02 07:59:00+00:00, run_after=2025-07-03 07:00:00+00:00
[2025-07-03T04:38:00.347+0000] {processor.py:208} INFO - Processing /opt/airflow/dags/driven_data_pipeline.py took 0.534 seconds
[2025-07-03T04:38:30.536+0000] {processor.py:186} INFO - Started process (PID=479) to work on /opt/airflow/dags/driven_data_pipeline.py
[2025-07-03T04:38:30.538+0000] {processor.py:914} INFO - Processing file /opt/airflow/dags/driven_data_pipeline.py for tasks to queue
[2025-07-03T04:38:30.541+0000] {logging_mixin.py:190} INFO - [2025-07-03T04:38:30.540+0000] {dagbag.py:588} INFO - Filling up the DagBag from /opt/airflow/dags/driven_data_pipeline.py
[2025-07-03T04:38:30.737+0000] {processor.py:925} INFO - DAG(s) 'extract_raw_data_pipeline' retrieved from /opt/airflow/dags/driven_data_pipeline.py
[2025-07-03T04:38:30.765+0000] {logging_mixin.py:190} INFO - [2025-07-03T04:38:30.765+0000] {dag.py:3239} INFO - Sync 1 DAGs
[2025-07-03T04:38:30.790+0000] {logging_mixin.py:190} INFO - [2025-07-03T04:38:30.790+0000] {dag.py:4180} INFO - Setting next_dagrun for extract_raw_data_pipeline to 2025-07-02 07:59:00+00:00, run_after=2025-07-03 07:00:00+00:00
[2025-07-03T04:38:30.806+0000] {processor.py:208} INFO - Processing /opt/airflow/dags/driven_data_pipeline.py took 0.277 seconds
[2025-07-03T04:39:01.008+0000] {processor.py:186} INFO - Started process (PID=487) to work on /opt/airflow/dags/driven_data_pipeline.py
[2025-07-03T04:39:01.009+0000] {processor.py:914} INFO - Processing file /opt/airflow/dags/driven_data_pipeline.py for tasks to queue
[2025-07-03T04:39:01.012+0000] {logging_mixin.py:190} INFO - [2025-07-03T04:39:01.011+0000] {dagbag.py:588} INFO - Filling up the DagBag from /opt/airflow/dags/driven_data_pipeline.py
[2025-07-03T04:39:01.440+0000] {processor.py:925} INFO - DAG(s) 'extract_raw_data_pipeline' retrieved from /opt/airflow/dags/driven_data_pipeline.py
[2025-07-03T04:39:01.469+0000] {logging_mixin.py:190} INFO - [2025-07-03T04:39:01.468+0000] {dag.py:3239} INFO - Sync 1 DAGs
[2025-07-03T04:39:01.490+0000] {logging_mixin.py:190} INFO - [2025-07-03T04:39:01.490+0000] {dag.py:4180} INFO - Setting next_dagrun for extract_raw_data_pipeline to 2025-07-02 07:59:00+00:00, run_after=2025-07-03 07:00:00+00:00
[2025-07-03T04:39:01.507+0000] {processor.py:208} INFO - Processing /opt/airflow/dags/driven_data_pipeline.py took 0.505 seconds
[2025-07-03T04:39:31.731+0000] {processor.py:186} INFO - Started process (PID=495) to work on /opt/airflow/dags/driven_data_pipeline.py
[2025-07-03T04:39:31.732+0000] {processor.py:914} INFO - Processing file /opt/airflow/dags/driven_data_pipeline.py for tasks to queue
[2025-07-03T04:39:31.734+0000] {logging_mixin.py:190} INFO - [2025-07-03T04:39:31.734+0000] {dagbag.py:588} INFO - Filling up the DagBag from /opt/airflow/dags/driven_data_pipeline.py
[2025-07-03T04:39:32.114+0000] {processor.py:925} INFO - DAG(s) 'extract_raw_data_pipeline' retrieved from /opt/airflow/dags/driven_data_pipeline.py
[2025-07-03T04:39:32.143+0000] {logging_mixin.py:190} INFO - [2025-07-03T04:39:32.143+0000] {dag.py:3239} INFO - Sync 1 DAGs
[2025-07-03T04:39:32.164+0000] {logging_mixin.py:190} INFO - [2025-07-03T04:39:32.164+0000] {dag.py:4180} INFO - Setting next_dagrun for extract_raw_data_pipeline to 2025-07-02 07:59:00+00:00, run_after=2025-07-03 07:00:00+00:00
[2025-07-03T04:39:32.181+0000] {processor.py:208} INFO - Processing /opt/airflow/dags/driven_data_pipeline.py took 0.456 seconds
[2025-07-03T04:40:02.419+0000] {processor.py:186} INFO - Started process (PID=503) to work on /opt/airflow/dags/driven_data_pipeline.py
[2025-07-03T04:40:02.421+0000] {processor.py:914} INFO - Processing file /opt/airflow/dags/driven_data_pipeline.py for tasks to queue
[2025-07-03T04:40:02.424+0000] {logging_mixin.py:190} INFO - [2025-07-03T04:40:02.423+0000] {dagbag.py:588} INFO - Filling up the DagBag from /opt/airflow/dags/driven_data_pipeline.py
[2025-07-03T04:40:02.885+0000] {processor.py:925} INFO - DAG(s) 'extract_raw_data_pipeline' retrieved from /opt/airflow/dags/driven_data_pipeline.py
[2025-07-03T04:40:02.916+0000] {logging_mixin.py:190} INFO - [2025-07-03T04:40:02.916+0000] {dag.py:3239} INFO - Sync 1 DAGs
[2025-07-03T04:40:02.943+0000] {logging_mixin.py:190} INFO - [2025-07-03T04:40:02.942+0000] {dag.py:4180} INFO - Setting next_dagrun for extract_raw_data_pipeline to 2025-07-02 07:59:00+00:00, run_after=2025-07-03 07:00:00+00:00
[2025-07-03T04:40:02.966+0000] {processor.py:208} INFO - Processing /opt/airflow/dags/driven_data_pipeline.py took 0.554 seconds
[2025-07-03T04:40:33.195+0000] {processor.py:186} INFO - Started process (PID=511) to work on /opt/airflow/dags/driven_data_pipeline.py
[2025-07-03T04:40:33.197+0000] {processor.py:914} INFO - Processing file /opt/airflow/dags/driven_data_pipeline.py for tasks to queue
[2025-07-03T04:40:33.200+0000] {logging_mixin.py:190} INFO - [2025-07-03T04:40:33.200+0000] {dagbag.py:588} INFO - Filling up the DagBag from /opt/airflow/dags/driven_data_pipeline.py
[2025-07-03T04:40:33.548+0000] {processor.py:925} INFO - DAG(s) 'extract_raw_data_pipeline' retrieved from /opt/airflow/dags/driven_data_pipeline.py
[2025-07-03T04:40:33.575+0000] {logging_mixin.py:190} INFO - [2025-07-03T04:40:33.575+0000] {dag.py:3239} INFO - Sync 1 DAGs
[2025-07-03T04:40:33.598+0000] {logging_mixin.py:190} INFO - [2025-07-03T04:40:33.597+0000] {dag.py:4180} INFO - Setting next_dagrun for extract_raw_data_pipeline to 2025-07-02 07:59:00+00:00, run_after=2025-07-03 07:00:00+00:00
[2025-07-03T04:40:33.613+0000] {processor.py:208} INFO - Processing /opt/airflow/dags/driven_data_pipeline.py took 0.425 seconds
[2025-07-03T04:41:03.854+0000] {processor.py:186} INFO - Started process (PID=523) to work on /opt/airflow/dags/driven_data_pipeline.py
[2025-07-03T04:41:03.856+0000] {processor.py:914} INFO - Processing file /opt/airflow/dags/driven_data_pipeline.py for tasks to queue
[2025-07-03T04:41:03.859+0000] {logging_mixin.py:190} INFO - [2025-07-03T04:41:03.859+0000] {dagbag.py:588} INFO - Filling up the DagBag from /opt/airflow/dags/driven_data_pipeline.py
[2025-07-03T04:41:04.327+0000] {processor.py:925} INFO - DAG(s) 'extract_raw_data_pipeline' retrieved from /opt/airflow/dags/driven_data_pipeline.py
[2025-07-03T04:41:04.359+0000] {logging_mixin.py:190} INFO - [2025-07-03T04:41:04.359+0000] {dag.py:3239} INFO - Sync 1 DAGs
[2025-07-03T04:41:04.384+0000] {logging_mixin.py:190} INFO - [2025-07-03T04:41:04.384+0000] {dag.py:4180} INFO - Setting next_dagrun for extract_raw_data_pipeline to 2025-07-02 07:59:00+00:00, run_after=2025-07-03 07:00:00+00:00
[2025-07-03T04:41:04.405+0000] {processor.py:208} INFO - Processing /opt/airflow/dags/driven_data_pipeline.py took 0.559 seconds
[2025-07-03T04:41:34.758+0000] {processor.py:186} INFO - Started process (PID=535) to work on /opt/airflow/dags/driven_data_pipeline.py
[2025-07-03T04:41:34.762+0000] {processor.py:914} INFO - Processing file /opt/airflow/dags/driven_data_pipeline.py for tasks to queue
[2025-07-03T04:41:34.772+0000] {logging_mixin.py:190} INFO - [2025-07-03T04:41:34.771+0000] {dagbag.py:588} INFO - Filling up the DagBag from /opt/airflow/dags/driven_data_pipeline.py
[2025-07-03T04:41:35.381+0000] {processor.py:925} INFO - DAG(s) 'extract_raw_data_pipeline' retrieved from /opt/airflow/dags/driven_data_pipeline.py
[2025-07-03T04:41:35.433+0000] {logging_mixin.py:190} INFO - [2025-07-03T04:41:35.433+0000] {dag.py:3239} INFO - Sync 1 DAGs
[2025-07-03T04:41:35.464+0000] {logging_mixin.py:190} INFO - [2025-07-03T04:41:35.464+0000] {dag.py:4180} INFO - Setting next_dagrun for extract_raw_data_pipeline to 2025-07-02 07:59:00+00:00, run_after=2025-07-03 07:00:00+00:00
[2025-07-03T04:41:35.485+0000] {processor.py:208} INFO - Processing /opt/airflow/dags/driven_data_pipeline.py took 0.747 seconds
[2025-07-03T04:43:31.036+0000] {processor.py:186} INFO - Started process (PID=558) to work on /opt/airflow/dags/driven_data_pipeline.py
[2025-07-03T04:43:31.037+0000] {processor.py:914} INFO - Processing file /opt/airflow/dags/driven_data_pipeline.py for tasks to queue
[2025-07-03T04:43:31.039+0000] {logging_mixin.py:190} INFO - [2025-07-03T04:43:31.038+0000] {dagbag.py:588} INFO - Filling up the DagBag from /opt/airflow/dags/driven_data_pipeline.py
[2025-07-03T04:43:32.160+0000] {processor.py:925} INFO - DAG(s) 'extract_raw_data_pipeline' retrieved from /opt/airflow/dags/driven_data_pipeline.py
[2025-07-03T04:43:32.701+0000] {logging_mixin.py:190} INFO - [2025-07-03T04:43:32.701+0000] {dag.py:3239} INFO - Sync 1 DAGs
[2025-07-03T04:43:32.738+0000] {logging_mixin.py:190} INFO - [2025-07-03T04:43:32.738+0000] {dag.py:4180} INFO - Setting next_dagrun for extract_raw_data_pipeline to 2025-07-02 07:59:00+00:00, run_after=2025-07-03 07:00:00+00:00
[2025-07-03T04:43:32.770+0000] {processor.py:208} INFO - Processing /opt/airflow/dags/driven_data_pipeline.py took 1.748 seconds
[2025-07-03T04:44:03.021+0000] {processor.py:186} INFO - Started process (PID=572) to work on /opt/airflow/dags/driven_data_pipeline.py
[2025-07-03T04:44:03.023+0000] {processor.py:914} INFO - Processing file /opt/airflow/dags/driven_data_pipeline.py for tasks to queue
[2025-07-03T04:44:03.024+0000] {logging_mixin.py:190} INFO - [2025-07-03T04:44:03.024+0000] {dagbag.py:588} INFO - Filling up the DagBag from /opt/airflow/dags/driven_data_pipeline.py
[2025-07-03T04:44:03.349+0000] {processor.py:925} INFO - DAG(s) 'extract_raw_data_pipeline' retrieved from /opt/airflow/dags/driven_data_pipeline.py
[2025-07-03T04:44:03.381+0000] {logging_mixin.py:190} INFO - [2025-07-03T04:44:03.381+0000] {dag.py:3239} INFO - Sync 1 DAGs
[2025-07-03T04:44:03.405+0000] {logging_mixin.py:190} INFO - [2025-07-03T04:44:03.405+0000] {dag.py:4180} INFO - Setting next_dagrun for extract_raw_data_pipeline to 2025-07-02 07:59:00+00:00, run_after=2025-07-03 07:00:00+00:00
[2025-07-03T04:44:03.424+0000] {processor.py:208} INFO - Processing /opt/airflow/dags/driven_data_pipeline.py took 0.409 seconds
[2025-07-03T04:44:33.644+0000] {processor.py:186} INFO - Started process (PID=580) to work on /opt/airflow/dags/driven_data_pipeline.py
[2025-07-03T04:44:33.645+0000] {processor.py:914} INFO - Processing file /opt/airflow/dags/driven_data_pipeline.py for tasks to queue
[2025-07-03T04:44:33.646+0000] {logging_mixin.py:190} INFO - [2025-07-03T04:44:33.646+0000] {dagbag.py:588} INFO - Filling up the DagBag from /opt/airflow/dags/driven_data_pipeline.py
[2025-07-03T04:44:33.974+0000] {processor.py:925} INFO - DAG(s) 'extract_raw_data_pipeline' retrieved from /opt/airflow/dags/driven_data_pipeline.py
[2025-07-03T04:44:34.002+0000] {logging_mixin.py:190} INFO - [2025-07-03T04:44:34.001+0000] {dag.py:3239} INFO - Sync 1 DAGs
[2025-07-03T04:44:34.024+0000] {logging_mixin.py:190} INFO - [2025-07-03T04:44:34.024+0000] {dag.py:4180} INFO - Setting next_dagrun for extract_raw_data_pipeline to 2025-07-02 07:59:00+00:00, run_after=2025-07-03 07:00:00+00:00
[2025-07-03T04:44:34.040+0000] {processor.py:208} INFO - Processing /opt/airflow/dags/driven_data_pipeline.py took 0.402 seconds
[2025-07-03T04:45:04.265+0000] {processor.py:186} INFO - Started process (PID=588) to work on /opt/airflow/dags/driven_data_pipeline.py
[2025-07-03T04:45:04.266+0000] {processor.py:914} INFO - Processing file /opt/airflow/dags/driven_data_pipeline.py for tasks to queue
[2025-07-03T04:45:04.267+0000] {logging_mixin.py:190} INFO - [2025-07-03T04:45:04.267+0000] {dagbag.py:588} INFO - Filling up the DagBag from /opt/airflow/dags/driven_data_pipeline.py
[2025-07-03T04:45:04.507+0000] {processor.py:925} INFO - DAG(s) 'extract_raw_data_pipeline' retrieved from /opt/airflow/dags/driven_data_pipeline.py
[2025-07-03T04:45:04.537+0000] {logging_mixin.py:190} INFO - [2025-07-03T04:45:04.536+0000] {dag.py:3239} INFO - Sync 1 DAGs
[2025-07-03T04:45:04.559+0000] {logging_mixin.py:190} INFO - [2025-07-03T04:45:04.559+0000] {dag.py:4180} INFO - Setting next_dagrun for extract_raw_data_pipeline to 2025-07-02 07:59:00+00:00, run_after=2025-07-03 07:00:00+00:00
[2025-07-03T04:45:04.577+0000] {processor.py:208} INFO - Processing /opt/airflow/dags/driven_data_pipeline.py took 0.319 seconds
[2025-07-03T04:45:34.802+0000] {processor.py:186} INFO - Started process (PID=596) to work on /opt/airflow/dags/driven_data_pipeline.py
[2025-07-03T04:45:34.803+0000] {processor.py:914} INFO - Processing file /opt/airflow/dags/driven_data_pipeline.py for tasks to queue
[2025-07-03T04:45:34.804+0000] {logging_mixin.py:190} INFO - [2025-07-03T04:45:34.804+0000] {dagbag.py:588} INFO - Filling up the DagBag from /opt/airflow/dags/driven_data_pipeline.py
[2025-07-03T04:45:35.288+0000] {processor.py:925} INFO - DAG(s) 'extract_raw_data_pipeline' retrieved from /opt/airflow/dags/driven_data_pipeline.py
[2025-07-03T04:45:35.316+0000] {logging_mixin.py:190} INFO - [2025-07-03T04:45:35.316+0000] {dag.py:3239} INFO - Sync 1 DAGs
[2025-07-03T04:45:35.337+0000] {logging_mixin.py:190} INFO - [2025-07-03T04:45:35.336+0000] {dag.py:4180} INFO - Setting next_dagrun for extract_raw_data_pipeline to 2025-07-02 07:59:00+00:00, run_after=2025-07-03 07:00:00+00:00
[2025-07-03T04:45:35.354+0000] {processor.py:208} INFO - Processing /opt/airflow/dags/driven_data_pipeline.py took 0.560 seconds
[2025-07-03T04:46:05.592+0000] {processor.py:186} INFO - Started process (PID=604) to work on /opt/airflow/dags/driven_data_pipeline.py
[2025-07-03T04:46:05.593+0000] {processor.py:914} INFO - Processing file /opt/airflow/dags/driven_data_pipeline.py for tasks to queue
[2025-07-03T04:46:05.594+0000] {logging_mixin.py:190} INFO - [2025-07-03T04:46:05.594+0000] {dagbag.py:588} INFO - Filling up the DagBag from /opt/airflow/dags/driven_data_pipeline.py
[2025-07-03T04:46:05.815+0000] {processor.py:925} INFO - DAG(s) 'extract_raw_data_pipeline' retrieved from /opt/airflow/dags/driven_data_pipeline.py
[2025-07-03T04:46:05.845+0000] {logging_mixin.py:190} INFO - [2025-07-03T04:46:05.844+0000] {dag.py:3239} INFO - Sync 1 DAGs
[2025-07-03T04:46:05.868+0000] {logging_mixin.py:190} INFO - [2025-07-03T04:46:05.868+0000] {dag.py:4180} INFO - Setting next_dagrun for extract_raw_data_pipeline to 2025-07-02 07:59:00+00:00, run_after=2025-07-03 07:00:00+00:00
[2025-07-03T04:46:05.884+0000] {processor.py:208} INFO - Processing /opt/airflow/dags/driven_data_pipeline.py took 0.299 seconds
[2025-07-03T04:46:36.125+0000] {processor.py:186} INFO - Started process (PID=612) to work on /opt/airflow/dags/driven_data_pipeline.py
[2025-07-03T04:46:36.126+0000] {processor.py:914} INFO - Processing file /opt/airflow/dags/driven_data_pipeline.py for tasks to queue
[2025-07-03T04:46:36.129+0000] {logging_mixin.py:190} INFO - [2025-07-03T04:46:36.127+0000] {dagbag.py:588} INFO - Filling up the DagBag from /opt/airflow/dags/driven_data_pipeline.py
[2025-07-03T04:46:36.439+0000] {processor.py:925} INFO - DAG(s) 'extract_raw_data_pipeline' retrieved from /opt/airflow/dags/driven_data_pipeline.py
[2025-07-03T04:46:36.474+0000] {logging_mixin.py:190} INFO - [2025-07-03T04:46:36.474+0000] {dag.py:3239} INFO - Sync 1 DAGs
[2025-07-03T04:46:36.503+0000] {logging_mixin.py:190} INFO - [2025-07-03T04:46:36.502+0000] {dag.py:4180} INFO - Setting next_dagrun for extract_raw_data_pipeline to 2025-07-02 07:59:00+00:00, run_after=2025-07-03 07:00:00+00:00
[2025-07-03T04:46:36.519+0000] {processor.py:208} INFO - Processing /opt/airflow/dags/driven_data_pipeline.py took 0.401 seconds
[2025-07-03T04:47:06.767+0000] {processor.py:186} INFO - Started process (PID=620) to work on /opt/airflow/dags/driven_data_pipeline.py
[2025-07-03T04:47:06.768+0000] {processor.py:914} INFO - Processing file /opt/airflow/dags/driven_data_pipeline.py for tasks to queue
[2025-07-03T04:47:06.770+0000] {logging_mixin.py:190} INFO - [2025-07-03T04:47:06.769+0000] {dagbag.py:588} INFO - Filling up the DagBag from /opt/airflow/dags/driven_data_pipeline.py
[2025-07-03T04:47:07.177+0000] {processor.py:925} INFO - DAG(s) 'extract_raw_data_pipeline' retrieved from /opt/airflow/dags/driven_data_pipeline.py
[2025-07-03T04:47:07.204+0000] {logging_mixin.py:190} INFO - [2025-07-03T04:47:07.203+0000] {dag.py:3239} INFO - Sync 1 DAGs
[2025-07-03T04:47:07.226+0000] {logging_mixin.py:190} INFO - [2025-07-03T04:47:07.226+0000] {dag.py:4180} INFO - Setting next_dagrun for extract_raw_data_pipeline to 2025-07-02 07:59:00+00:00, run_after=2025-07-03 07:00:00+00:00
[2025-07-03T04:47:07.243+0000] {processor.py:208} INFO - Processing /opt/airflow/dags/driven_data_pipeline.py took 0.482 seconds
[2025-07-03T04:47:37.482+0000] {processor.py:186} INFO - Started process (PID=628) to work on /opt/airflow/dags/driven_data_pipeline.py
[2025-07-03T04:47:37.483+0000] {processor.py:914} INFO - Processing file /opt/airflow/dags/driven_data_pipeline.py for tasks to queue
[2025-07-03T04:47:37.485+0000] {logging_mixin.py:190} INFO - [2025-07-03T04:47:37.484+0000] {dagbag.py:588} INFO - Filling up the DagBag from /opt/airflow/dags/driven_data_pipeline.py
[2025-07-03T04:47:37.829+0000] {processor.py:925} INFO - DAG(s) 'extract_raw_data_pipeline' retrieved from /opt/airflow/dags/driven_data_pipeline.py
[2025-07-03T04:47:37.863+0000] {logging_mixin.py:190} INFO - [2025-07-03T04:47:37.863+0000] {dag.py:3239} INFO - Sync 1 DAGs
[2025-07-03T04:47:37.886+0000] {logging_mixin.py:190} INFO - [2025-07-03T04:47:37.886+0000] {dag.py:4180} INFO - Setting next_dagrun for extract_raw_data_pipeline to 2025-07-02 07:59:00+00:00, run_after=2025-07-03 07:00:00+00:00
[2025-07-03T04:47:37.905+0000] {processor.py:208} INFO - Processing /opt/airflow/dags/driven_data_pipeline.py took 0.429 seconds
[2025-07-03T04:48:08.137+0000] {processor.py:186} INFO - Started process (PID=636) to work on /opt/airflow/dags/driven_data_pipeline.py
[2025-07-03T04:48:08.139+0000] {processor.py:914} INFO - Processing file /opt/airflow/dags/driven_data_pipeline.py for tasks to queue
[2025-07-03T04:48:08.141+0000] {logging_mixin.py:190} INFO - [2025-07-03T04:48:08.140+0000] {dagbag.py:588} INFO - Filling up the DagBag from /opt/airflow/dags/driven_data_pipeline.py
[2025-07-03T04:48:08.610+0000] {processor.py:925} INFO - DAG(s) 'extract_raw_data_pipeline' retrieved from /opt/airflow/dags/driven_data_pipeline.py
[2025-07-03T04:48:08.663+0000] {logging_mixin.py:190} INFO - [2025-07-03T04:48:08.663+0000] {dag.py:3239} INFO - Sync 1 DAGs
[2025-07-03T04:48:08.699+0000] {logging_mixin.py:190} INFO - [2025-07-03T04:48:08.699+0000] {dag.py:4180} INFO - Setting next_dagrun for extract_raw_data_pipeline to 2025-07-02 07:59:00+00:00, run_after=2025-07-03 07:00:00+00:00
[2025-07-03T04:48:08.726+0000] {processor.py:208} INFO - Processing /opt/airflow/dags/driven_data_pipeline.py took 0.597 seconds
[2025-07-03T04:48:38.923+0000] {processor.py:186} INFO - Started process (PID=644) to work on /opt/airflow/dags/driven_data_pipeline.py
[2025-07-03T04:48:38.924+0000] {processor.py:914} INFO - Processing file /opt/airflow/dags/driven_data_pipeline.py for tasks to queue
[2025-07-03T04:48:38.926+0000] {logging_mixin.py:190} INFO - [2025-07-03T04:48:38.925+0000] {dagbag.py:588} INFO - Filling up the DagBag from /opt/airflow/dags/driven_data_pipeline.py
[2025-07-03T04:48:39.198+0000] {processor.py:925} INFO - DAG(s) 'extract_raw_data_pipeline' retrieved from /opt/airflow/dags/driven_data_pipeline.py
[2025-07-03T04:48:39.232+0000] {logging_mixin.py:190} INFO - [2025-07-03T04:48:39.231+0000] {dag.py:3239} INFO - Sync 1 DAGs
[2025-07-03T04:48:39.266+0000] {logging_mixin.py:190} INFO - [2025-07-03T04:48:39.265+0000] {dag.py:4180} INFO - Setting next_dagrun for extract_raw_data_pipeline to 2025-07-02 07:59:00+00:00, run_after=2025-07-03 07:00:00+00:00
[2025-07-03T04:48:39.283+0000] {processor.py:208} INFO - Processing /opt/airflow/dags/driven_data_pipeline.py took 0.367 seconds
[2025-07-03T04:51:04.346+0000] {processor.py:186} INFO - Started process (PID=96) to work on /opt/airflow/dags/driven_data_pipeline.py
[2025-07-03T04:51:04.348+0000] {processor.py:914} INFO - Processing file /opt/airflow/dags/driven_data_pipeline.py for tasks to queue
[2025-07-03T04:51:04.352+0000] {logging_mixin.py:190} INFO - [2025-07-03T04:51:04.351+0000] {dagbag.py:588} INFO - Filling up the DagBag from /opt/airflow/dags/driven_data_pipeline.py
[2025-07-03T04:51:05.097+0000] {processor.py:925} INFO - DAG(s) 'extract_raw_data_pipeline' retrieved from /opt/airflow/dags/driven_data_pipeline.py
[2025-07-03T04:51:05.398+0000] {logging_mixin.py:190} INFO - [2025-07-03T04:51:05.397+0000] {override.py:1900} INFO - Created Permission View: can edit on DAG:extract_raw_data_pipeline
[2025-07-03T04:51:05.411+0000] {logging_mixin.py:190} INFO - [2025-07-03T04:51:05.411+0000] {override.py:1900} INFO - Created Permission View: can read on DAG:extract_raw_data_pipeline
[2025-07-03T04:51:05.418+0000] {logging_mixin.py:190} INFO - [2025-07-03T04:51:05.417+0000] {override.py:1900} INFO - Created Permission View: can delete on DAG:extract_raw_data_pipeline
[2025-07-03T04:51:05.424+0000] {logging_mixin.py:190} INFO - [2025-07-03T04:51:05.424+0000] {override.py:1900} INFO - Created Permission View: can delete on DAG Run:extract_raw_data_pipeline
[2025-07-03T04:51:05.430+0000] {logging_mixin.py:190} INFO - [2025-07-03T04:51:05.430+0000] {override.py:1900} INFO - Created Permission View: can read on DAG Run:extract_raw_data_pipeline
[2025-07-03T04:51:05.436+0000] {logging_mixin.py:190} INFO - [2025-07-03T04:51:05.435+0000] {override.py:1900} INFO - Created Permission View: menu access on DAG Run:extract_raw_data_pipeline
[2025-07-03T04:51:05.441+0000] {logging_mixin.py:190} INFO - [2025-07-03T04:51:05.441+0000] {override.py:1900} INFO - Created Permission View: can create on DAG Run:extract_raw_data_pipeline
[2025-07-03T04:51:05.441+0000] {logging_mixin.py:190} INFO - [2025-07-03T04:51:05.441+0000] {dag.py:3239} INFO - Sync 1 DAGs
[2025-07-03T04:51:05.454+0000] {logging_mixin.py:190} INFO - [2025-07-03T04:51:05.454+0000] {dag.py:3262} INFO - Creating ORM DAG for extract_raw_data_pipeline
[2025-07-03T04:51:05.463+0000] {logging_mixin.py:190} INFO - [2025-07-03T04:51:05.463+0000] {dag.py:4180} INFO - Setting next_dagrun for extract_raw_data_pipeline to 2025-07-02 07:58:00+00:00, run_after=2025-07-02 07:59:00+00:00
[2025-07-03T04:51:05.482+0000] {processor.py:208} INFO - Processing /opt/airflow/dags/driven_data_pipeline.py took 1.146 seconds
[2025-07-03T04:51:35.621+0000] {processor.py:186} INFO - Started process (PID=105) to work on /opt/airflow/dags/driven_data_pipeline.py
[2025-07-03T04:51:35.625+0000] {processor.py:914} INFO - Processing file /opt/airflow/dags/driven_data_pipeline.py for tasks to queue
[2025-07-03T04:51:35.633+0000] {logging_mixin.py:190} INFO - [2025-07-03T04:51:35.632+0000] {dagbag.py:588} INFO - Filling up the DagBag from /opt/airflow/dags/driven_data_pipeline.py
[2025-07-03T04:51:36.949+0000] {processor.py:925} INFO - DAG(s) 'extract_raw_data_pipeline' retrieved from /opt/airflow/dags/driven_data_pipeline.py
[2025-07-03T04:51:36.981+0000] {logging_mixin.py:190} INFO - [2025-07-03T04:51:36.981+0000] {dag.py:3239} INFO - Sync 1 DAGs
[2025-07-03T04:51:36.999+0000] {logging_mixin.py:190} INFO - [2025-07-03T04:51:36.999+0000] {dag.py:4180} INFO - Setting next_dagrun for extract_raw_data_pipeline to 2025-07-02 07:58:00+00:00, run_after=2025-07-02 07:59:00+00:00
[2025-07-03T04:51:37.013+0000] {processor.py:208} INFO - Processing /opt/airflow/dags/driven_data_pipeline.py took 1.406 seconds
[2025-07-03T04:52:07.251+0000] {processor.py:186} INFO - Started process (PID=114) to work on /opt/airflow/dags/driven_data_pipeline.py
[2025-07-03T04:52:07.252+0000] {processor.py:914} INFO - Processing file /opt/airflow/dags/driven_data_pipeline.py for tasks to queue
[2025-07-03T04:52:07.255+0000] {logging_mixin.py:190} INFO - [2025-07-03T04:52:07.255+0000] {dagbag.py:588} INFO - Filling up the DagBag from /opt/airflow/dags/driven_data_pipeline.py
[2025-07-03T04:52:07.832+0000] {processor.py:925} INFO - DAG(s) 'extract_raw_data_pipeline' retrieved from /opt/airflow/dags/driven_data_pipeline.py
[2025-07-03T04:52:07.860+0000] {logging_mixin.py:190} INFO - [2025-07-03T04:52:07.860+0000] {dag.py:3239} INFO - Sync 1 DAGs
[2025-07-03T04:52:07.879+0000] {logging_mixin.py:190} INFO - [2025-07-03T04:52:07.879+0000] {dag.py:4180} INFO - Setting next_dagrun for extract_raw_data_pipeline to 2025-07-02 07:58:00+00:00, run_after=2025-07-02 07:59:00+00:00
[2025-07-03T04:52:07.895+0000] {processor.py:208} INFO - Processing /opt/airflow/dags/driven_data_pipeline.py took 0.652 seconds
[2025-07-03T04:52:38.185+0000] {processor.py:186} INFO - Started process (PID=132) to work on /opt/airflow/dags/driven_data_pipeline.py
[2025-07-03T04:52:38.188+0000] {processor.py:914} INFO - Processing file /opt/airflow/dags/driven_data_pipeline.py for tasks to queue
[2025-07-03T04:52:38.191+0000] {logging_mixin.py:190} INFO - [2025-07-03T04:52:38.190+0000] {dagbag.py:588} INFO - Filling up the DagBag from /opt/airflow/dags/driven_data_pipeline.py
[2025-07-03T04:52:39.121+0000] {processor.py:925} INFO - DAG(s) 'extract_raw_data_pipeline' retrieved from /opt/airflow/dags/driven_data_pipeline.py
[2025-07-03T04:52:39.147+0000] {logging_mixin.py:190} INFO - [2025-07-03T04:52:39.147+0000] {dag.py:3239} INFO - Sync 1 DAGs
[2025-07-03T04:52:39.180+0000] {logging_mixin.py:190} INFO - [2025-07-03T04:52:39.179+0000] {dag.py:4180} INFO - Setting next_dagrun for extract_raw_data_pipeline to 2025-07-02 07:59:00+00:00, run_after=2025-07-03 07:00:00+00:00
[2025-07-03T04:52:39.202+0000] {processor.py:208} INFO - Processing /opt/airflow/dags/driven_data_pipeline.py took 1.025 seconds
[2025-07-03T04:53:09.419+0000] {processor.py:186} INFO - Started process (PID=140) to work on /opt/airflow/dags/driven_data_pipeline.py
[2025-07-03T04:53:09.420+0000] {processor.py:914} INFO - Processing file /opt/airflow/dags/driven_data_pipeline.py for tasks to queue
[2025-07-03T04:53:09.423+0000] {logging_mixin.py:190} INFO - [2025-07-03T04:53:09.422+0000] {dagbag.py:588} INFO - Filling up the DagBag from /opt/airflow/dags/driven_data_pipeline.py
[2025-07-03T04:53:09.797+0000] {processor.py:925} INFO - DAG(s) 'extract_raw_data_pipeline' retrieved from /opt/airflow/dags/driven_data_pipeline.py
[2025-07-03T04:53:09.819+0000] {logging_mixin.py:190} INFO - [2025-07-03T04:53:09.819+0000] {dag.py:3239} INFO - Sync 1 DAGs
[2025-07-03T04:53:09.835+0000] {logging_mixin.py:190} INFO - [2025-07-03T04:53:09.835+0000] {dag.py:4180} INFO - Setting next_dagrun for extract_raw_data_pipeline to 2025-07-02 07:59:00+00:00, run_after=2025-07-03 07:00:00+00:00
[2025-07-03T04:53:09.849+0000] {processor.py:208} INFO - Processing /opt/airflow/dags/driven_data_pipeline.py took 0.435 seconds
[2025-07-03T04:53:40.113+0000] {processor.py:186} INFO - Started process (PID=156) to work on /opt/airflow/dags/driven_data_pipeline.py
[2025-07-03T04:53:40.115+0000] {processor.py:914} INFO - Processing file /opt/airflow/dags/driven_data_pipeline.py for tasks to queue
[2025-07-03T04:53:40.117+0000] {logging_mixin.py:190} INFO - [2025-07-03T04:53:40.117+0000] {dagbag.py:588} INFO - Filling up the DagBag from /opt/airflow/dags/driven_data_pipeline.py
[2025-07-03T04:53:40.753+0000] {processor.py:925} INFO - DAG(s) 'extract_raw_data_pipeline' retrieved from /opt/airflow/dags/driven_data_pipeline.py
[2025-07-03T04:53:40.775+0000] {logging_mixin.py:190} INFO - [2025-07-03T04:53:40.774+0000] {dag.py:3239} INFO - Sync 1 DAGs
[2025-07-03T04:53:40.792+0000] {logging_mixin.py:190} INFO - [2025-07-03T04:53:40.792+0000] {dag.py:4180} INFO - Setting next_dagrun for extract_raw_data_pipeline to 2025-07-02 07:59:00+00:00, run_after=2025-07-03 07:00:00+00:00
[2025-07-03T04:53:40.805+0000] {processor.py:208} INFO - Processing /opt/airflow/dags/driven_data_pipeline.py took 0.699 seconds
[2025-07-03T04:55:40.148+0000] {processor.py:186} INFO - Started process (PID=96) to work on /opt/airflow/dags/driven_data_pipeline.py
[2025-07-03T04:55:40.149+0000] {processor.py:914} INFO - Processing file /opt/airflow/dags/driven_data_pipeline.py for tasks to queue
[2025-07-03T04:55:40.154+0000] {logging_mixin.py:190} INFO - [2025-07-03T04:55:40.153+0000] {dagbag.py:588} INFO - Filling up the DagBag from /opt/airflow/dags/driven_data_pipeline.py
[2025-07-03T04:55:40.723+0000] {processor.py:925} INFO - DAG(s) 'extract_raw_data_pipeline' retrieved from /opt/airflow/dags/driven_data_pipeline.py
[2025-07-03T04:55:40.977+0000] {logging_mixin.py:190} INFO - [2025-07-03T04:55:40.976+0000] {override.py:1900} INFO - Created Permission View: can edit on DAG:extract_raw_data_pipeline
[2025-07-03T04:55:40.989+0000] {logging_mixin.py:190} INFO - [2025-07-03T04:55:40.989+0000] {override.py:1900} INFO - Created Permission View: can delete on DAG:extract_raw_data_pipeline
[2025-07-03T04:55:40.995+0000] {logging_mixin.py:190} INFO - [2025-07-03T04:55:40.995+0000] {override.py:1900} INFO - Created Permission View: can read on DAG:extract_raw_data_pipeline
[2025-07-03T04:55:41.003+0000] {logging_mixin.py:190} INFO - [2025-07-03T04:55:41.003+0000] {override.py:1900} INFO - Created Permission View: can create on DAG Run:extract_raw_data_pipeline
[2025-07-03T04:55:41.009+0000] {logging_mixin.py:190} INFO - [2025-07-03T04:55:41.009+0000] {override.py:1900} INFO - Created Permission View: can delete on DAG Run:extract_raw_data_pipeline
[2025-07-03T04:55:41.015+0000] {logging_mixin.py:190} INFO - [2025-07-03T04:55:41.015+0000] {override.py:1900} INFO - Created Permission View: can read on DAG Run:extract_raw_data_pipeline
[2025-07-03T04:55:41.021+0000] {logging_mixin.py:190} INFO - [2025-07-03T04:55:41.020+0000] {override.py:1900} INFO - Created Permission View: menu access on DAG Run:extract_raw_data_pipeline
[2025-07-03T04:55:41.021+0000] {logging_mixin.py:190} INFO - [2025-07-03T04:55:41.021+0000] {dag.py:3239} INFO - Sync 1 DAGs
[2025-07-03T04:55:41.034+0000] {logging_mixin.py:190} INFO - [2025-07-03T04:55:41.034+0000] {dag.py:3262} INFO - Creating ORM DAG for extract_raw_data_pipeline
[2025-07-03T04:55:41.045+0000] {logging_mixin.py:190} INFO - [2025-07-03T04:55:41.045+0000] {dag.py:4180} INFO - Setting next_dagrun for extract_raw_data_pipeline to 2025-07-02 07:58:00+00:00, run_after=2025-07-02 07:59:00+00:00
[2025-07-03T04:55:41.068+0000] {processor.py:208} INFO - Processing /opt/airflow/dags/driven_data_pipeline.py took 0.933 seconds
[2025-07-03T04:56:11.352+0000] {processor.py:186} INFO - Started process (PID=104) to work on /opt/airflow/dags/driven_data_pipeline.py
[2025-07-03T04:56:11.354+0000] {processor.py:914} INFO - Processing file /opt/airflow/dags/driven_data_pipeline.py for tasks to queue
[2025-07-03T04:56:11.361+0000] {logging_mixin.py:190} INFO - [2025-07-03T04:56:11.359+0000] {dagbag.py:588} INFO - Filling up the DagBag from /opt/airflow/dags/driven_data_pipeline.py
[2025-07-03T04:56:12.730+0000] {processor.py:925} INFO - DAG(s) 'extract_raw_data_pipeline' retrieved from /opt/airflow/dags/driven_data_pipeline.py
[2025-07-03T04:56:12.802+0000] {logging_mixin.py:190} INFO - [2025-07-03T04:56:12.802+0000] {dag.py:3239} INFO - Sync 1 DAGs
[2025-07-03T04:56:12.850+0000] {logging_mixin.py:190} INFO - [2025-07-03T04:56:12.850+0000] {dag.py:4180} INFO - Setting next_dagrun for extract_raw_data_pipeline to 2025-07-02 07:58:00+00:00, run_after=2025-07-02 07:59:00+00:00
[2025-07-03T04:56:12.903+0000] {processor.py:208} INFO - Processing /opt/airflow/dags/driven_data_pipeline.py took 1.560 seconds
[2025-07-03T04:56:43.184+0000] {processor.py:186} INFO - Started process (PID=112) to work on /opt/airflow/dags/driven_data_pipeline.py
[2025-07-03T04:56:43.186+0000] {processor.py:914} INFO - Processing file /opt/airflow/dags/driven_data_pipeline.py for tasks to queue
[2025-07-03T04:56:43.191+0000] {logging_mixin.py:190} INFO - [2025-07-03T04:56:43.190+0000] {dagbag.py:588} INFO - Filling up the DagBag from /opt/airflow/dags/driven_data_pipeline.py
[2025-07-03T04:56:43.747+0000] {processor.py:925} INFO - DAG(s) 'extract_raw_data_pipeline' retrieved from /opt/airflow/dags/driven_data_pipeline.py
[2025-07-03T04:56:43.774+0000] {logging_mixin.py:190} INFO - [2025-07-03T04:56:43.774+0000] {dag.py:3239} INFO - Sync 1 DAGs
[2025-07-03T04:56:43.792+0000] {logging_mixin.py:190} INFO - [2025-07-03T04:56:43.792+0000] {dag.py:4180} INFO - Setting next_dagrun for extract_raw_data_pipeline to 2025-07-02 07:58:00+00:00, run_after=2025-07-02 07:59:00+00:00
[2025-07-03T04:56:43.809+0000] {processor.py:208} INFO - Processing /opt/airflow/dags/driven_data_pipeline.py took 0.635 seconds
[2025-07-03T04:57:14.108+0000] {processor.py:186} INFO - Started process (PID=130) to work on /opt/airflow/dags/driven_data_pipeline.py
[2025-07-03T04:57:14.110+0000] {processor.py:914} INFO - Processing file /opt/airflow/dags/driven_data_pipeline.py for tasks to queue
[2025-07-03T04:57:14.116+0000] {logging_mixin.py:190} INFO - [2025-07-03T04:57:14.115+0000] {dagbag.py:588} INFO - Filling up the DagBag from /opt/airflow/dags/driven_data_pipeline.py
[2025-07-03T04:57:15.246+0000] {processor.py:925} INFO - DAG(s) 'extract_raw_data_pipeline' retrieved from /opt/airflow/dags/driven_data_pipeline.py
[2025-07-03T04:57:15.272+0000] {logging_mixin.py:190} INFO - [2025-07-03T04:57:15.272+0000] {dag.py:3239} INFO - Sync 1 DAGs
[2025-07-03T04:57:15.293+0000] {logging_mixin.py:190} INFO - [2025-07-03T04:57:15.292+0000] {dag.py:4180} INFO - Setting next_dagrun for extract_raw_data_pipeline to 2025-07-02 07:59:00+00:00, run_after=2025-07-03 07:00:00+00:00
[2025-07-03T04:57:15.308+0000] {processor.py:208} INFO - Processing /opt/airflow/dags/driven_data_pipeline.py took 1.211 seconds
[2025-07-03T04:57:45.556+0000] {processor.py:186} INFO - Started process (PID=138) to work on /opt/airflow/dags/driven_data_pipeline.py
[2025-07-03T04:57:45.557+0000] {processor.py:914} INFO - Processing file /opt/airflow/dags/driven_data_pipeline.py for tasks to queue
[2025-07-03T04:57:45.560+0000] {logging_mixin.py:190} INFO - [2025-07-03T04:57:45.559+0000] {dagbag.py:588} INFO - Filling up the DagBag from /opt/airflow/dags/driven_data_pipeline.py
[2025-07-03T04:57:46.120+0000] {processor.py:925} INFO - DAG(s) 'extract_raw_data_pipeline' retrieved from /opt/airflow/dags/driven_data_pipeline.py
[2025-07-03T04:57:46.151+0000] {logging_mixin.py:190} INFO - [2025-07-03T04:57:46.151+0000] {dag.py:3239} INFO - Sync 1 DAGs
[2025-07-03T04:57:46.171+0000] {logging_mixin.py:190} INFO - [2025-07-03T04:57:46.171+0000] {dag.py:4180} INFO - Setting next_dagrun for extract_raw_data_pipeline to 2025-07-02 07:59:00+00:00, run_after=2025-07-03 07:00:00+00:00
[2025-07-03T04:57:46.190+0000] {processor.py:208} INFO - Processing /opt/airflow/dags/driven_data_pipeline.py took 0.641 seconds
[2025-07-03T04:58:16.489+0000] {processor.py:186} INFO - Started process (PID=147) to work on /opt/airflow/dags/driven_data_pipeline.py
[2025-07-03T04:58:16.491+0000] {processor.py:914} INFO - Processing file /opt/airflow/dags/driven_data_pipeline.py for tasks to queue
[2025-07-03T04:58:16.494+0000] {logging_mixin.py:190} INFO - [2025-07-03T04:58:16.493+0000] {dagbag.py:588} INFO - Filling up the DagBag from /opt/airflow/dags/driven_data_pipeline.py
[2025-07-03T04:58:16.913+0000] {processor.py:925} INFO - DAG(s) 'extract_raw_data_pipeline' retrieved from /opt/airflow/dags/driven_data_pipeline.py
[2025-07-03T04:58:16.936+0000] {logging_mixin.py:190} INFO - [2025-07-03T04:58:16.935+0000] {dag.py:3239} INFO - Sync 1 DAGs
[2025-07-03T04:58:16.953+0000] {logging_mixin.py:190} INFO - [2025-07-03T04:58:16.953+0000] {dag.py:4180} INFO - Setting next_dagrun for extract_raw_data_pipeline to 2025-07-02 07:59:00+00:00, run_after=2025-07-03 07:00:00+00:00
[2025-07-03T04:58:16.967+0000] {processor.py:208} INFO - Processing /opt/airflow/dags/driven_data_pipeline.py took 0.488 seconds
[2025-07-03T04:58:47.194+0000] {processor.py:186} INFO - Started process (PID=161) to work on /opt/airflow/dags/driven_data_pipeline.py
[2025-07-03T04:58:47.195+0000] {processor.py:914} INFO - Processing file /opt/airflow/dags/driven_data_pipeline.py for tasks to queue
[2025-07-03T04:58:47.197+0000] {logging_mixin.py:190} INFO - [2025-07-03T04:58:47.197+0000] {dagbag.py:588} INFO - Filling up the DagBag from /opt/airflow/dags/driven_data_pipeline.py
[2025-07-03T04:58:48.999+0000] {processor.py:925} INFO - DAG(s) 'extract_raw_data_pipeline' retrieved from /opt/airflow/dags/driven_data_pipeline.py
[2025-07-03T04:58:49.027+0000] {logging_mixin.py:190} INFO - [2025-07-03T04:58:49.026+0000] {dag.py:3239} INFO - Sync 1 DAGs
[2025-07-03T04:58:49.043+0000] {logging_mixin.py:190} INFO - [2025-07-03T04:58:49.043+0000] {dag.py:4180} INFO - Setting next_dagrun for extract_raw_data_pipeline to 2025-07-02 07:59:00+00:00, run_after=2025-07-03 07:00:00+00:00
[2025-07-03T04:58:49.058+0000] {processor.py:208} INFO - Processing /opt/airflow/dags/driven_data_pipeline.py took 1.870 seconds
[2025-07-03T04:59:19.191+0000] {processor.py:186} INFO - Started process (PID=169) to work on /opt/airflow/dags/driven_data_pipeline.py
[2025-07-03T04:59:19.192+0000] {processor.py:914} INFO - Processing file /opt/airflow/dags/driven_data_pipeline.py for tasks to queue
[2025-07-03T04:59:19.194+0000] {logging_mixin.py:190} INFO - [2025-07-03T04:59:19.194+0000] {dagbag.py:588} INFO - Filling up the DagBag from /opt/airflow/dags/driven_data_pipeline.py
[2025-07-03T04:59:19.602+0000] {processor.py:925} INFO - DAG(s) 'extract_raw_data_pipeline' retrieved from /opt/airflow/dags/driven_data_pipeline.py
[2025-07-03T04:59:19.627+0000] {logging_mixin.py:190} INFO - [2025-07-03T04:59:19.626+0000] {dag.py:3239} INFO - Sync 1 DAGs
[2025-07-03T04:59:19.648+0000] {logging_mixin.py:190} INFO - [2025-07-03T04:59:19.647+0000] {dag.py:4180} INFO - Setting next_dagrun for extract_raw_data_pipeline to 2025-07-02 07:59:00+00:00, run_after=2025-07-03 07:00:00+00:00
[2025-07-03T04:59:19.663+0000] {processor.py:208} INFO - Processing /opt/airflow/dags/driven_data_pipeline.py took 0.480 seconds
[2025-07-03T04:59:49.972+0000] {processor.py:186} INFO - Started process (PID=177) to work on /opt/airflow/dags/driven_data_pipeline.py
[2025-07-03T04:59:49.975+0000] {processor.py:914} INFO - Processing file /opt/airflow/dags/driven_data_pipeline.py for tasks to queue
[2025-07-03T04:59:49.980+0000] {logging_mixin.py:190} INFO - [2025-07-03T04:59:49.979+0000] {dagbag.py:588} INFO - Filling up the DagBag from /opt/airflow/dags/driven_data_pipeline.py
[2025-07-03T04:59:50.959+0000] {processor.py:925} INFO - DAG(s) 'extract_raw_data_pipeline' retrieved from /opt/airflow/dags/driven_data_pipeline.py
[2025-07-03T04:59:51.132+0000] {logging_mixin.py:190} INFO - [2025-07-03T04:59:51.131+0000] {dag.py:3239} INFO - Sync 1 DAGs
[2025-07-03T04:59:51.247+0000] {logging_mixin.py:190} INFO - [2025-07-03T04:59:51.246+0000] {dag.py:4180} INFO - Setting next_dagrun for extract_raw_data_pipeline to 2025-07-02 07:59:00+00:00, run_after=2025-07-03 07:00:00+00:00
[2025-07-03T04:59:51.291+0000] {processor.py:208} INFO - Processing /opt/airflow/dags/driven_data_pipeline.py took 1.330 seconds
[2025-07-03T05:00:21.558+0000] {processor.py:186} INFO - Started process (PID=185) to work on /opt/airflow/dags/driven_data_pipeline.py
[2025-07-03T05:00:21.559+0000] {processor.py:914} INFO - Processing file /opt/airflow/dags/driven_data_pipeline.py for tasks to queue
[2025-07-03T05:00:21.561+0000] {logging_mixin.py:190} INFO - [2025-07-03T05:00:21.561+0000] {dagbag.py:588} INFO - Filling up the DagBag from /opt/airflow/dags/driven_data_pipeline.py
[2025-07-03T05:00:22.213+0000] {processor.py:925} INFO - DAG(s) 'extract_raw_data_pipeline' retrieved from /opt/airflow/dags/driven_data_pipeline.py
[2025-07-03T05:00:22.236+0000] {logging_mixin.py:190} INFO - [2025-07-03T05:00:22.236+0000] {dag.py:3239} INFO - Sync 1 DAGs
[2025-07-03T05:00:22.254+0000] {logging_mixin.py:190} INFO - [2025-07-03T05:00:22.254+0000] {dag.py:4180} INFO - Setting next_dagrun for extract_raw_data_pipeline to 2025-07-02 07:59:00+00:00, run_after=2025-07-03 07:00:00+00:00
[2025-07-03T05:00:22.269+0000] {processor.py:208} INFO - Processing /opt/airflow/dags/driven_data_pipeline.py took 0.719 seconds
[2025-07-03T05:00:52.432+0000] {processor.py:186} INFO - Started process (PID=193) to work on /opt/airflow/dags/driven_data_pipeline.py
[2025-07-03T05:00:52.434+0000] {processor.py:914} INFO - Processing file /opt/airflow/dags/driven_data_pipeline.py for tasks to queue
[2025-07-03T05:00:52.437+0000] {logging_mixin.py:190} INFO - [2025-07-03T05:00:52.437+0000] {dagbag.py:588} INFO - Filling up the DagBag from /opt/airflow/dags/driven_data_pipeline.py
[2025-07-03T05:00:53.027+0000] {processor.py:925} INFO - DAG(s) 'extract_raw_data_pipeline' retrieved from /opt/airflow/dags/driven_data_pipeline.py
[2025-07-03T05:00:53.051+0000] {logging_mixin.py:190} INFO - [2025-07-03T05:00:53.051+0000] {dag.py:3239} INFO - Sync 1 DAGs
[2025-07-03T05:00:53.069+0000] {logging_mixin.py:190} INFO - [2025-07-03T05:00:53.069+0000] {dag.py:4180} INFO - Setting next_dagrun for extract_raw_data_pipeline to 2025-07-02 07:59:00+00:00, run_after=2025-07-03 07:00:00+00:00
[2025-07-03T05:00:53.085+0000] {processor.py:208} INFO - Processing /opt/airflow/dags/driven_data_pipeline.py took 0.659 seconds
[2025-07-03T05:01:23.329+0000] {processor.py:186} INFO - Started process (PID=201) to work on /opt/airflow/dags/driven_data_pipeline.py
[2025-07-03T05:01:23.330+0000] {processor.py:914} INFO - Processing file /opt/airflow/dags/driven_data_pipeline.py for tasks to queue
[2025-07-03T05:01:23.333+0000] {logging_mixin.py:190} INFO - [2025-07-03T05:01:23.332+0000] {dagbag.py:588} INFO - Filling up the DagBag from /opt/airflow/dags/driven_data_pipeline.py
[2025-07-03T05:01:23.861+0000] {processor.py:925} INFO - DAG(s) 'extract_raw_data_pipeline' retrieved from /opt/airflow/dags/driven_data_pipeline.py
[2025-07-03T05:01:23.886+0000] {logging_mixin.py:190} INFO - [2025-07-03T05:01:23.885+0000] {dag.py:3239} INFO - Sync 1 DAGs
[2025-07-03T05:01:23.905+0000] {logging_mixin.py:190} INFO - [2025-07-03T05:01:23.905+0000] {dag.py:4180} INFO - Setting next_dagrun for extract_raw_data_pipeline to 2025-07-02 07:59:00+00:00, run_after=2025-07-03 07:00:00+00:00
[2025-07-03T05:01:23.921+0000] {processor.py:208} INFO - Processing /opt/airflow/dags/driven_data_pipeline.py took 0.598 seconds
[2025-07-03T05:03:43.075+0000] {processor.py:186} INFO - Started process (PID=96) to work on /opt/airflow/dags/driven_data_pipeline.py
[2025-07-03T05:03:43.076+0000] {processor.py:914} INFO - Processing file /opt/airflow/dags/driven_data_pipeline.py for tasks to queue
[2025-07-03T05:03:43.079+0000] {logging_mixin.py:190} INFO - [2025-07-03T05:03:43.079+0000] {dagbag.py:588} INFO - Filling up the DagBag from /opt/airflow/dags/driven_data_pipeline.py
[2025-07-03T05:03:43.759+0000] {processor.py:925} INFO - DAG(s) 'extract_raw_data_pipeline' retrieved from /opt/airflow/dags/driven_data_pipeline.py
[2025-07-03T05:03:43.967+0000] {logging_mixin.py:190} INFO - [2025-07-03T05:03:43.967+0000] {override.py:1900} INFO - Created Permission View: can edit on DAG:extract_raw_data_pipeline
[2025-07-03T05:03:43.977+0000] {logging_mixin.py:190} INFO - [2025-07-03T05:03:43.977+0000] {override.py:1900} INFO - Created Permission View: can read on DAG:extract_raw_data_pipeline
[2025-07-03T05:03:43.983+0000] {logging_mixin.py:190} INFO - [2025-07-03T05:03:43.982+0000] {override.py:1900} INFO - Created Permission View: can delete on DAG:extract_raw_data_pipeline
[2025-07-03T05:03:43.990+0000] {logging_mixin.py:190} INFO - [2025-07-03T05:03:43.989+0000] {override.py:1900} INFO - Created Permission View: can create on DAG Run:extract_raw_data_pipeline
[2025-07-03T05:03:43.995+0000] {logging_mixin.py:190} INFO - [2025-07-03T05:03:43.995+0000] {override.py:1900} INFO - Created Permission View: menu access on DAG Run:extract_raw_data_pipeline
[2025-07-03T05:03:44.000+0000] {logging_mixin.py:190} INFO - [2025-07-03T05:03:44.000+0000] {override.py:1900} INFO - Created Permission View: can read on DAG Run:extract_raw_data_pipeline
[2025-07-03T05:03:44.007+0000] {logging_mixin.py:190} INFO - [2025-07-03T05:03:44.007+0000] {override.py:1900} INFO - Created Permission View: can delete on DAG Run:extract_raw_data_pipeline
[2025-07-03T05:03:44.008+0000] {logging_mixin.py:190} INFO - [2025-07-03T05:03:44.008+0000] {dag.py:3239} INFO - Sync 1 DAGs
[2025-07-03T05:03:44.024+0000] {logging_mixin.py:190} INFO - [2025-07-03T05:03:44.024+0000] {dag.py:3262} INFO - Creating ORM DAG for extract_raw_data_pipeline
[2025-07-03T05:03:44.035+0000] {logging_mixin.py:190} INFO - [2025-07-03T05:03:44.034+0000] {dag.py:4180} INFO - Setting next_dagrun for extract_raw_data_pipeline to 2025-07-02 07:58:00+00:00, run_after=2025-07-02 07:59:00+00:00
[2025-07-03T05:03:44.052+0000] {processor.py:208} INFO - Processing /opt/airflow/dags/driven_data_pipeline.py took 0.987 seconds
[2025-07-03T05:04:14.336+0000] {processor.py:186} INFO - Started process (PID=104) to work on /opt/airflow/dags/driven_data_pipeline.py
[2025-07-03T05:04:14.337+0000] {processor.py:914} INFO - Processing file /opt/airflow/dags/driven_data_pipeline.py for tasks to queue
[2025-07-03T05:04:14.344+0000] {logging_mixin.py:190} INFO - [2025-07-03T05:04:14.343+0000] {dagbag.py:588} INFO - Filling up the DagBag from /opt/airflow/dags/driven_data_pipeline.py
[2025-07-03T05:04:15.219+0000] {processor.py:925} INFO - DAG(s) 'extract_raw_data_pipeline' retrieved from /opt/airflow/dags/driven_data_pipeline.py
[2025-07-03T05:04:15.246+0000] {logging_mixin.py:190} INFO - [2025-07-03T05:04:15.245+0000] {dag.py:3239} INFO - Sync 1 DAGs
[2025-07-03T05:04:15.264+0000] {logging_mixin.py:190} INFO - [2025-07-03T05:04:15.264+0000] {dag.py:4180} INFO - Setting next_dagrun for extract_raw_data_pipeline to 2025-07-02 07:58:00+00:00, run_after=2025-07-02 07:59:00+00:00
[2025-07-03T05:04:15.280+0000] {processor.py:208} INFO - Processing /opt/airflow/dags/driven_data_pipeline.py took 0.951 seconds
[2025-07-03T05:04:45.531+0000] {processor.py:186} INFO - Started process (PID=112) to work on /opt/airflow/dags/driven_data_pipeline.py
[2025-07-03T05:04:45.533+0000] {processor.py:914} INFO - Processing file /opt/airflow/dags/driven_data_pipeline.py for tasks to queue
[2025-07-03T05:04:45.535+0000] {logging_mixin.py:190} INFO - [2025-07-03T05:04:45.535+0000] {dagbag.py:588} INFO - Filling up the DagBag from /opt/airflow/dags/driven_data_pipeline.py
[2025-07-03T05:04:45.934+0000] {processor.py:925} INFO - DAG(s) 'extract_raw_data_pipeline' retrieved from /opt/airflow/dags/driven_data_pipeline.py
[2025-07-03T05:04:45.961+0000] {logging_mixin.py:190} INFO - [2025-07-03T05:04:45.961+0000] {dag.py:3239} INFO - Sync 1 DAGs
[2025-07-03T05:04:45.987+0000] {logging_mixin.py:190} INFO - [2025-07-03T05:04:45.987+0000] {dag.py:4180} INFO - Setting next_dagrun for extract_raw_data_pipeline to 2025-07-02 07:58:00+00:00, run_after=2025-07-02 07:59:00+00:00
[2025-07-03T05:04:46.005+0000] {processor.py:208} INFO - Processing /opt/airflow/dags/driven_data_pipeline.py took 0.480 seconds
[2025-07-03T05:05:16.349+0000] {processor.py:186} INFO - Started process (PID=130) to work on /opt/airflow/dags/driven_data_pipeline.py
[2025-07-03T05:05:16.355+0000] {processor.py:914} INFO - Processing file /opt/airflow/dags/driven_data_pipeline.py for tasks to queue
[2025-07-03T05:05:16.367+0000] {logging_mixin.py:190} INFO - [2025-07-03T05:05:16.362+0000] {dagbag.py:588} INFO - Filling up the DagBag from /opt/airflow/dags/driven_data_pipeline.py
[2025-07-03T05:05:18.730+0000] {processor.py:925} INFO - DAG(s) 'extract_raw_data_pipeline' retrieved from /opt/airflow/dags/driven_data_pipeline.py
[2025-07-03T05:05:18.783+0000] {logging_mixin.py:190} INFO - [2025-07-03T05:05:18.782+0000] {dag.py:3239} INFO - Sync 1 DAGs
[2025-07-03T05:05:18.833+0000] {logging_mixin.py:190} INFO - [2025-07-03T05:05:18.833+0000] {dag.py:4180} INFO - Setting next_dagrun for extract_raw_data_pipeline to 2025-07-02 07:59:00+00:00, run_after=2025-07-03 07:00:00+00:00
[2025-07-03T05:05:18.883+0000] {processor.py:208} INFO - Processing /opt/airflow/dags/driven_data_pipeline.py took 2.552 seconds
[2025-07-03T05:05:49.029+0000] {processor.py:186} INFO - Started process (PID=138) to work on /opt/airflow/dags/driven_data_pipeline.py
[2025-07-03T05:05:49.031+0000] {processor.py:914} INFO - Processing file /opt/airflow/dags/driven_data_pipeline.py for tasks to queue
[2025-07-03T05:05:49.033+0000] {logging_mixin.py:190} INFO - [2025-07-03T05:05:49.033+0000] {dagbag.py:588} INFO - Filling up the DagBag from /opt/airflow/dags/driven_data_pipeline.py
[2025-07-03T05:05:49.604+0000] {processor.py:925} INFO - DAG(s) 'extract_raw_data_pipeline' retrieved from /opt/airflow/dags/driven_data_pipeline.py
[2025-07-03T05:05:49.642+0000] {logging_mixin.py:190} INFO - [2025-07-03T05:05:49.642+0000] {dag.py:3239} INFO - Sync 1 DAGs
[2025-07-03T05:05:49.673+0000] {logging_mixin.py:190} INFO - [2025-07-03T05:05:49.673+0000] {dag.py:4180} INFO - Setting next_dagrun for extract_raw_data_pipeline to 2025-07-02 07:59:00+00:00, run_after=2025-07-03 07:00:00+00:00
[2025-07-03T05:05:49.705+0000] {processor.py:208} INFO - Processing /opt/airflow/dags/driven_data_pipeline.py took 0.684 seconds
[2025-07-03T05:06:19.938+0000] {processor.py:186} INFO - Started process (PID=146) to work on /opt/airflow/dags/driven_data_pipeline.py
[2025-07-03T05:06:19.940+0000] {processor.py:914} INFO - Processing file /opt/airflow/dags/driven_data_pipeline.py for tasks to queue
[2025-07-03T05:06:19.942+0000] {logging_mixin.py:190} INFO - [2025-07-03T05:06:19.942+0000] {dagbag.py:588} INFO - Filling up the DagBag from /opt/airflow/dags/driven_data_pipeline.py
[2025-07-03T05:06:20.469+0000] {processor.py:925} INFO - DAG(s) 'extract_raw_data_pipeline' retrieved from /opt/airflow/dags/driven_data_pipeline.py
[2025-07-03T05:06:20.492+0000] {logging_mixin.py:190} INFO - [2025-07-03T05:06:20.492+0000] {dag.py:3239} INFO - Sync 1 DAGs
[2025-07-03T05:06:20.510+0000] {logging_mixin.py:190} INFO - [2025-07-03T05:06:20.510+0000] {dag.py:4180} INFO - Setting next_dagrun for extract_raw_data_pipeline to 2025-07-02 07:59:00+00:00, run_after=2025-07-03 07:00:00+00:00
[2025-07-03T05:06:20.524+0000] {processor.py:208} INFO - Processing /opt/airflow/dags/driven_data_pipeline.py took 0.591 seconds
[2025-07-03T05:06:50.758+0000] {processor.py:186} INFO - Started process (PID=154) to work on /opt/airflow/dags/driven_data_pipeline.py
[2025-07-03T05:06:50.759+0000] {processor.py:914} INFO - Processing file /opt/airflow/dags/driven_data_pipeline.py for tasks to queue
[2025-07-03T05:06:50.762+0000] {logging_mixin.py:190} INFO - [2025-07-03T05:06:50.761+0000] {dagbag.py:588} INFO - Filling up the DagBag from /opt/airflow/dags/driven_data_pipeline.py
[2025-07-03T05:06:51.390+0000] {processor.py:925} INFO - DAG(s) 'extract_raw_data_pipeline' retrieved from /opt/airflow/dags/driven_data_pipeline.py
[2025-07-03T05:06:51.456+0000] {logging_mixin.py:190} INFO - [2025-07-03T05:06:51.456+0000] {dag.py:3239} INFO - Sync 1 DAGs
[2025-07-03T05:06:51.481+0000] {logging_mixin.py:190} INFO - [2025-07-03T05:06:51.481+0000] {dag.py:4180} INFO - Setting next_dagrun for extract_raw_data_pipeline to 2025-07-02 07:59:00+00:00, run_after=2025-07-03 07:00:00+00:00
[2025-07-03T05:06:51.510+0000] {processor.py:208} INFO - Processing /opt/airflow/dags/driven_data_pipeline.py took 0.759 seconds
[2025-07-03T05:07:21.719+0000] {processor.py:186} INFO - Started process (PID=162) to work on /opt/airflow/dags/driven_data_pipeline.py
[2025-07-03T05:07:21.720+0000] {processor.py:914} INFO - Processing file /opt/airflow/dags/driven_data_pipeline.py for tasks to queue
[2025-07-03T05:07:21.722+0000] {logging_mixin.py:190} INFO - [2025-07-03T05:07:21.722+0000] {dagbag.py:588} INFO - Filling up the DagBag from /opt/airflow/dags/driven_data_pipeline.py
[2025-07-03T05:07:22.156+0000] {processor.py:925} INFO - DAG(s) 'extract_raw_data_pipeline' retrieved from /opt/airflow/dags/driven_data_pipeline.py
[2025-07-03T05:07:22.181+0000] {logging_mixin.py:190} INFO - [2025-07-03T05:07:22.181+0000] {dag.py:3239} INFO - Sync 1 DAGs
[2025-07-03T05:07:22.201+0000] {logging_mixin.py:190} INFO - [2025-07-03T05:07:22.200+0000] {dag.py:4180} INFO - Setting next_dagrun for extract_raw_data_pipeline to 2025-07-02 07:59:00+00:00, run_after=2025-07-03 07:00:00+00:00
[2025-07-03T05:07:22.219+0000] {processor.py:208} INFO - Processing /opt/airflow/dags/driven_data_pipeline.py took 0.506 seconds
[2025-07-03T05:07:52.448+0000] {processor.py:186} INFO - Started process (PID=170) to work on /opt/airflow/dags/driven_data_pipeline.py
[2025-07-03T05:07:52.449+0000] {processor.py:914} INFO - Processing file /opt/airflow/dags/driven_data_pipeline.py for tasks to queue
[2025-07-03T05:07:52.451+0000] {logging_mixin.py:190} INFO - [2025-07-03T05:07:52.451+0000] {dagbag.py:588} INFO - Filling up the DagBag from /opt/airflow/dags/driven_data_pipeline.py
[2025-07-03T05:07:52.921+0000] {processor.py:925} INFO - DAG(s) 'extract_raw_data_pipeline' retrieved from /opt/airflow/dags/driven_data_pipeline.py
[2025-07-03T05:07:52.943+0000] {logging_mixin.py:190} INFO - [2025-07-03T05:07:52.943+0000] {dag.py:3239} INFO - Sync 1 DAGs
[2025-07-03T05:07:52.959+0000] {logging_mixin.py:190} INFO - [2025-07-03T05:07:52.959+0000] {dag.py:4180} INFO - Setting next_dagrun for extract_raw_data_pipeline to 2025-07-02 07:59:00+00:00, run_after=2025-07-03 07:00:00+00:00
[2025-07-03T05:07:52.982+0000] {processor.py:208} INFO - Processing /opt/airflow/dags/driven_data_pipeline.py took 0.540 seconds
[2025-07-03T05:08:23.103+0000] {processor.py:186} INFO - Started process (PID=178) to work on /opt/airflow/dags/driven_data_pipeline.py
[2025-07-03T05:08:23.107+0000] {processor.py:914} INFO - Processing file /opt/airflow/dags/driven_data_pipeline.py for tasks to queue
[2025-07-03T05:08:23.110+0000] {logging_mixin.py:190} INFO - [2025-07-03T05:08:23.109+0000] {dagbag.py:588} INFO - Filling up the DagBag from /opt/airflow/dags/driven_data_pipeline.py
[2025-07-03T05:08:23.317+0000] {processor.py:925} INFO - DAG(s) 'extract_raw_data_pipeline' retrieved from /opt/airflow/dags/driven_data_pipeline.py
[2025-07-03T05:08:23.346+0000] {logging_mixin.py:190} INFO - [2025-07-03T05:08:23.346+0000] {dag.py:3239} INFO - Sync 1 DAGs
[2025-07-03T05:08:23.369+0000] {logging_mixin.py:190} INFO - [2025-07-03T05:08:23.369+0000] {dag.py:4180} INFO - Setting next_dagrun for extract_raw_data_pipeline to 2025-07-02 07:59:00+00:00, run_after=2025-07-03 07:00:00+00:00
[2025-07-03T05:08:23.385+0000] {processor.py:208} INFO - Processing /opt/airflow/dags/driven_data_pipeline.py took 0.292 seconds
[2025-07-03T05:08:53.677+0000] {processor.py:186} INFO - Started process (PID=192) to work on /opt/airflow/dags/driven_data_pipeline.py
[2025-07-03T05:08:53.678+0000] {processor.py:914} INFO - Processing file /opt/airflow/dags/driven_data_pipeline.py for tasks to queue
[2025-07-03T05:08:53.681+0000] {logging_mixin.py:190} INFO - [2025-07-03T05:08:53.680+0000] {dagbag.py:588} INFO - Filling up the DagBag from /opt/airflow/dags/driven_data_pipeline.py
[2025-07-03T05:08:54.014+0000] {processor.py:925} INFO - DAG(s) 'extract_raw_data_pipeline' retrieved from /opt/airflow/dags/driven_data_pipeline.py
[2025-07-03T05:08:54.039+0000] {logging_mixin.py:190} INFO - [2025-07-03T05:08:54.039+0000] {dag.py:3239} INFO - Sync 1 DAGs
[2025-07-03T05:08:54.060+0000] {logging_mixin.py:190} INFO - [2025-07-03T05:08:54.060+0000] {dag.py:4180} INFO - Setting next_dagrun for extract_raw_data_pipeline to 2025-07-02 07:59:00+00:00, run_after=2025-07-03 07:00:00+00:00
[2025-07-03T05:08:54.078+0000] {processor.py:208} INFO - Processing /opt/airflow/dags/driven_data_pipeline.py took 0.408 seconds
[2025-07-03T05:09:24.292+0000] {processor.py:186} INFO - Started process (PID=200) to work on /opt/airflow/dags/driven_data_pipeline.py
[2025-07-03T05:09:24.293+0000] {processor.py:914} INFO - Processing file /opt/airflow/dags/driven_data_pipeline.py for tasks to queue
[2025-07-03T05:09:24.296+0000] {logging_mixin.py:190} INFO - [2025-07-03T05:09:24.295+0000] {dagbag.py:588} INFO - Filling up the DagBag from /opt/airflow/dags/driven_data_pipeline.py
[2025-07-03T05:09:24.541+0000] {processor.py:925} INFO - DAG(s) 'extract_raw_data_pipeline' retrieved from /opt/airflow/dags/driven_data_pipeline.py
[2025-07-03T05:09:24.570+0000] {logging_mixin.py:190} INFO - [2025-07-03T05:09:24.569+0000] {dag.py:3239} INFO - Sync 1 DAGs
[2025-07-03T05:09:24.596+0000] {logging_mixin.py:190} INFO - [2025-07-03T05:09:24.596+0000] {dag.py:4180} INFO - Setting next_dagrun for extract_raw_data_pipeline to 2025-07-02 07:59:00+00:00, run_after=2025-07-03 07:00:00+00:00
[2025-07-03T05:09:24.613+0000] {processor.py:208} INFO - Processing /opt/airflow/dags/driven_data_pipeline.py took 0.327 seconds
[2025-07-03T05:09:54.834+0000] {processor.py:186} INFO - Started process (PID=208) to work on /opt/airflow/dags/driven_data_pipeline.py
[2025-07-03T05:09:54.835+0000] {processor.py:914} INFO - Processing file /opt/airflow/dags/driven_data_pipeline.py for tasks to queue
[2025-07-03T05:09:54.837+0000] {logging_mixin.py:190} INFO - [2025-07-03T05:09:54.837+0000] {dagbag.py:588} INFO - Filling up the DagBag from /opt/airflow/dags/driven_data_pipeline.py
[2025-07-03T05:09:55.083+0000] {processor.py:925} INFO - DAG(s) 'extract_raw_data_pipeline' retrieved from /opt/airflow/dags/driven_data_pipeline.py
[2025-07-03T05:09:55.115+0000] {logging_mixin.py:190} INFO - [2025-07-03T05:09:55.115+0000] {dag.py:3239} INFO - Sync 1 DAGs
[2025-07-03T05:09:55.137+0000] {logging_mixin.py:190} INFO - [2025-07-03T05:09:55.136+0000] {dag.py:4180} INFO - Setting next_dagrun for extract_raw_data_pipeline to 2025-07-02 07:59:00+00:00, run_after=2025-07-03 07:00:00+00:00
[2025-07-03T05:09:55.153+0000] {processor.py:208} INFO - Processing /opt/airflow/dags/driven_data_pipeline.py took 0.326 seconds
[2025-07-03T05:10:25.377+0000] {processor.py:186} INFO - Started process (PID=216) to work on /opt/airflow/dags/driven_data_pipeline.py
[2025-07-03T05:10:25.378+0000] {processor.py:914} INFO - Processing file /opt/airflow/dags/driven_data_pipeline.py for tasks to queue
[2025-07-03T05:10:25.380+0000] {logging_mixin.py:190} INFO - [2025-07-03T05:10:25.380+0000] {dagbag.py:588} INFO - Filling up the DagBag from /opt/airflow/dags/driven_data_pipeline.py
[2025-07-03T05:10:25.750+0000] {processor.py:925} INFO - DAG(s) 'extract_raw_data_pipeline' retrieved from /opt/airflow/dags/driven_data_pipeline.py
[2025-07-03T05:10:25.777+0000] {logging_mixin.py:190} INFO - [2025-07-03T05:10:25.777+0000] {dag.py:3239} INFO - Sync 1 DAGs
[2025-07-03T05:10:25.799+0000] {logging_mixin.py:190} INFO - [2025-07-03T05:10:25.798+0000] {dag.py:4180} INFO - Setting next_dagrun for extract_raw_data_pipeline to 2025-07-02 07:59:00+00:00, run_after=2025-07-03 07:00:00+00:00
[2025-07-03T05:10:25.816+0000] {processor.py:208} INFO - Processing /opt/airflow/dags/driven_data_pipeline.py took 0.446 seconds
[2025-07-03T05:10:56.057+0000] {processor.py:186} INFO - Started process (PID=224) to work on /opt/airflow/dags/driven_data_pipeline.py
[2025-07-03T05:10:56.058+0000] {processor.py:914} INFO - Processing file /opt/airflow/dags/driven_data_pipeline.py for tasks to queue
[2025-07-03T05:10:56.060+0000] {logging_mixin.py:190} INFO - [2025-07-03T05:10:56.060+0000] {dagbag.py:588} INFO - Filling up the DagBag from /opt/airflow/dags/driven_data_pipeline.py
[2025-07-03T05:10:56.294+0000] {processor.py:925} INFO - DAG(s) 'extract_raw_data_pipeline' retrieved from /opt/airflow/dags/driven_data_pipeline.py
[2025-07-03T05:10:56.325+0000] {logging_mixin.py:190} INFO - [2025-07-03T05:10:56.325+0000] {dag.py:3239} INFO - Sync 1 DAGs
[2025-07-03T05:10:56.349+0000] {logging_mixin.py:190} INFO - [2025-07-03T05:10:56.349+0000] {dag.py:4180} INFO - Setting next_dagrun for extract_raw_data_pipeline to 2025-07-02 07:59:00+00:00, run_after=2025-07-03 07:00:00+00:00
[2025-07-03T05:10:56.371+0000] {processor.py:208} INFO - Processing /opt/airflow/dags/driven_data_pipeline.py took 0.321 seconds
[2025-07-03T05:11:26.584+0000] {processor.py:186} INFO - Started process (PID=232) to work on /opt/airflow/dags/driven_data_pipeline.py
[2025-07-03T05:11:26.585+0000] {processor.py:914} INFO - Processing file /opt/airflow/dags/driven_data_pipeline.py for tasks to queue
[2025-07-03T05:11:26.587+0000] {logging_mixin.py:190} INFO - [2025-07-03T05:11:26.587+0000] {dagbag.py:588} INFO - Filling up the DagBag from /opt/airflow/dags/driven_data_pipeline.py
[2025-07-03T05:11:26.859+0000] {processor.py:925} INFO - DAG(s) 'extract_raw_data_pipeline' retrieved from /opt/airflow/dags/driven_data_pipeline.py
[2025-07-03T05:11:26.891+0000] {logging_mixin.py:190} INFO - [2025-07-03T05:11:26.890+0000] {dag.py:3239} INFO - Sync 1 DAGs
[2025-07-03T05:11:26.915+0000] {logging_mixin.py:190} INFO - [2025-07-03T05:11:26.914+0000] {dag.py:4180} INFO - Setting next_dagrun for extract_raw_data_pipeline to 2025-07-02 07:59:00+00:00, run_after=2025-07-03 07:00:00+00:00
[2025-07-03T05:11:26.931+0000] {processor.py:208} INFO - Processing /opt/airflow/dags/driven_data_pipeline.py took 0.354 seconds
[2025-07-03T05:11:57.155+0000] {processor.py:186} INFO - Started process (PID=240) to work on /opt/airflow/dags/driven_data_pipeline.py
[2025-07-03T05:11:57.156+0000] {processor.py:914} INFO - Processing file /opt/airflow/dags/driven_data_pipeline.py for tasks to queue
[2025-07-03T05:11:57.159+0000] {logging_mixin.py:190} INFO - [2025-07-03T05:11:57.158+0000] {dagbag.py:588} INFO - Filling up the DagBag from /opt/airflow/dags/driven_data_pipeline.py
[2025-07-03T05:11:57.582+0000] {processor.py:925} INFO - DAG(s) 'extract_raw_data_pipeline' retrieved from /opt/airflow/dags/driven_data_pipeline.py
[2025-07-03T05:11:57.616+0000] {logging_mixin.py:190} INFO - [2025-07-03T05:11:57.615+0000] {dag.py:3239} INFO - Sync 1 DAGs
[2025-07-03T05:11:57.639+0000] {logging_mixin.py:190} INFO - [2025-07-03T05:11:57.638+0000] {dag.py:4180} INFO - Setting next_dagrun for extract_raw_data_pipeline to 2025-07-02 07:59:00+00:00, run_after=2025-07-03 07:00:00+00:00
[2025-07-03T05:11:57.656+0000] {processor.py:208} INFO - Processing /opt/airflow/dags/driven_data_pipeline.py took 0.508 seconds
[2025-07-03T05:12:27.891+0000] {processor.py:186} INFO - Started process (PID=248) to work on /opt/airflow/dags/driven_data_pipeline.py
[2025-07-03T05:12:27.892+0000] {processor.py:914} INFO - Processing file /opt/airflow/dags/driven_data_pipeline.py for tasks to queue
[2025-07-03T05:12:27.895+0000] {logging_mixin.py:190} INFO - [2025-07-03T05:12:27.895+0000] {dagbag.py:588} INFO - Filling up the DagBag from /opt/airflow/dags/driven_data_pipeline.py
[2025-07-03T05:12:28.163+0000] {processor.py:925} INFO - DAG(s) 'extract_raw_data_pipeline' retrieved from /opt/airflow/dags/driven_data_pipeline.py
[2025-07-03T05:12:28.194+0000] {logging_mixin.py:190} INFO - [2025-07-03T05:12:28.194+0000] {dag.py:3239} INFO - Sync 1 DAGs
[2025-07-03T05:12:28.215+0000] {logging_mixin.py:190} INFO - [2025-07-03T05:12:28.215+0000] {dag.py:4180} INFO - Setting next_dagrun for extract_raw_data_pipeline to 2025-07-02 07:59:00+00:00, run_after=2025-07-03 07:00:00+00:00
[2025-07-03T05:12:28.232+0000] {processor.py:208} INFO - Processing /opt/airflow/dags/driven_data_pipeline.py took 0.347 seconds
[2025-07-03T05:12:58.457+0000] {processor.py:186} INFO - Started process (PID=256) to work on /opt/airflow/dags/driven_data_pipeline.py
[2025-07-03T05:12:58.458+0000] {processor.py:914} INFO - Processing file /opt/airflow/dags/driven_data_pipeline.py for tasks to queue
[2025-07-03T05:12:58.460+0000] {logging_mixin.py:190} INFO - [2025-07-03T05:12:58.460+0000] {dagbag.py:588} INFO - Filling up the DagBag from /opt/airflow/dags/driven_data_pipeline.py
[2025-07-03T05:12:58.833+0000] {processor.py:925} INFO - DAG(s) 'extract_raw_data_pipeline' retrieved from /opt/airflow/dags/driven_data_pipeline.py
[2025-07-03T05:12:58.864+0000] {logging_mixin.py:190} INFO - [2025-07-03T05:12:58.864+0000] {dag.py:3239} INFO - Sync 1 DAGs
[2025-07-03T05:12:58.895+0000] {logging_mixin.py:190} INFO - [2025-07-03T05:12:58.895+0000] {dag.py:4180} INFO - Setting next_dagrun for extract_raw_data_pipeline to 2025-07-02 07:59:00+00:00, run_after=2025-07-03 07:00:00+00:00
[2025-07-03T05:12:58.929+0000] {processor.py:208} INFO - Processing /opt/airflow/dags/driven_data_pipeline.py took 0.480 seconds
[2025-07-03T05:13:29.172+0000] {processor.py:186} INFO - Started process (PID=264) to work on /opt/airflow/dags/driven_data_pipeline.py
[2025-07-03T05:13:29.173+0000] {processor.py:914} INFO - Processing file /opt/airflow/dags/driven_data_pipeline.py for tasks to queue
[2025-07-03T05:13:29.176+0000] {logging_mixin.py:190} INFO - [2025-07-03T05:13:29.175+0000] {dagbag.py:588} INFO - Filling up the DagBag from /opt/airflow/dags/driven_data_pipeline.py
[2025-07-03T05:13:29.548+0000] {processor.py:925} INFO - DAG(s) 'extract_raw_data_pipeline' retrieved from /opt/airflow/dags/driven_data_pipeline.py
[2025-07-03T05:13:29.576+0000] {logging_mixin.py:190} INFO - [2025-07-03T05:13:29.575+0000] {dag.py:3239} INFO - Sync 1 DAGs
[2025-07-03T05:13:29.601+0000] {logging_mixin.py:190} INFO - [2025-07-03T05:13:29.600+0000] {dag.py:4180} INFO - Setting next_dagrun for extract_raw_data_pipeline to 2025-07-02 07:59:00+00:00, run_after=2025-07-03 07:00:00+00:00
[2025-07-03T05:13:29.618+0000] {processor.py:208} INFO - Processing /opt/airflow/dags/driven_data_pipeline.py took 0.454 seconds
[2025-07-03T05:13:59.881+0000] {processor.py:186} INFO - Started process (PID=272) to work on /opt/airflow/dags/driven_data_pipeline.py
[2025-07-03T05:13:59.882+0000] {processor.py:914} INFO - Processing file /opt/airflow/dags/driven_data_pipeline.py for tasks to queue
[2025-07-03T05:13:59.885+0000] {logging_mixin.py:190} INFO - [2025-07-03T05:13:59.885+0000] {dagbag.py:588} INFO - Filling up the DagBag from /opt/airflow/dags/driven_data_pipeline.py
[2025-07-03T05:14:00.216+0000] {processor.py:925} INFO - DAG(s) 'extract_raw_data_pipeline' retrieved from /opt/airflow/dags/driven_data_pipeline.py
[2025-07-03T05:14:00.243+0000] {logging_mixin.py:190} INFO - [2025-07-03T05:14:00.243+0000] {dag.py:3239} INFO - Sync 1 DAGs
[2025-07-03T05:14:00.263+0000] {logging_mixin.py:190} INFO - [2025-07-03T05:14:00.263+0000] {dag.py:4180} INFO - Setting next_dagrun for extract_raw_data_pipeline to 2025-07-02 07:59:00+00:00, run_after=2025-07-03 07:00:00+00:00
[2025-07-03T05:14:00.278+0000] {processor.py:208} INFO - Processing /opt/airflow/dags/driven_data_pipeline.py took 0.404 seconds
[2025-07-03T05:14:30.547+0000] {processor.py:186} INFO - Started process (PID=280) to work on /opt/airflow/dags/driven_data_pipeline.py
[2025-07-03T05:14:30.550+0000] {processor.py:914} INFO - Processing file /opt/airflow/dags/driven_data_pipeline.py for tasks to queue
[2025-07-03T05:14:30.553+0000] {logging_mixin.py:190} INFO - [2025-07-03T05:14:30.552+0000] {dagbag.py:588} INFO - Filling up the DagBag from /opt/airflow/dags/driven_data_pipeline.py
[2025-07-03T05:14:30.887+0000] {processor.py:925} INFO - DAG(s) 'extract_raw_data_pipeline' retrieved from /opt/airflow/dags/driven_data_pipeline.py
[2025-07-03T05:14:30.923+0000] {logging_mixin.py:190} INFO - [2025-07-03T05:14:30.922+0000] {dag.py:3239} INFO - Sync 1 DAGs
[2025-07-03T05:14:30.951+0000] {logging_mixin.py:190} INFO - [2025-07-03T05:14:30.951+0000] {dag.py:4180} INFO - Setting next_dagrun for extract_raw_data_pipeline to 2025-07-02 07:59:00+00:00, run_after=2025-07-03 07:00:00+00:00
[2025-07-03T05:14:30.983+0000] {processor.py:208} INFO - Processing /opt/airflow/dags/driven_data_pipeline.py took 0.446 seconds
[2025-07-03T05:15:01.259+0000] {processor.py:186} INFO - Started process (PID=288) to work on /opt/airflow/dags/driven_data_pipeline.py
[2025-07-03T05:15:01.261+0000] {processor.py:914} INFO - Processing file /opt/airflow/dags/driven_data_pipeline.py for tasks to queue
[2025-07-03T05:15:01.264+0000] {logging_mixin.py:190} INFO - [2025-07-03T05:15:01.263+0000] {dagbag.py:588} INFO - Filling up the DagBag from /opt/airflow/dags/driven_data_pipeline.py
[2025-07-03T05:15:01.632+0000] {processor.py:925} INFO - DAG(s) 'extract_raw_data_pipeline' retrieved from /opt/airflow/dags/driven_data_pipeline.py
[2025-07-03T05:15:01.671+0000] {logging_mixin.py:190} INFO - [2025-07-03T05:15:01.670+0000] {dag.py:3239} INFO - Sync 1 DAGs
[2025-07-03T05:15:01.692+0000] {logging_mixin.py:190} INFO - [2025-07-03T05:15:01.691+0000] {dag.py:4180} INFO - Setting next_dagrun for extract_raw_data_pipeline to 2025-07-02 07:59:00+00:00, run_after=2025-07-03 07:00:00+00:00
[2025-07-03T05:15:01.717+0000] {processor.py:208} INFO - Processing /opt/airflow/dags/driven_data_pipeline.py took 0.465 seconds
[2025-07-03T05:15:31.987+0000] {processor.py:186} INFO - Started process (PID=296) to work on /opt/airflow/dags/driven_data_pipeline.py
[2025-07-03T05:15:31.988+0000] {processor.py:914} INFO - Processing file /opt/airflow/dags/driven_data_pipeline.py for tasks to queue
[2025-07-03T05:15:31.991+0000] {logging_mixin.py:190} INFO - [2025-07-03T05:15:31.991+0000] {dagbag.py:588} INFO - Filling up the DagBag from /opt/airflow/dags/driven_data_pipeline.py
[2025-07-03T05:15:32.372+0000] {processor.py:925} INFO - DAG(s) 'extract_raw_data_pipeline' retrieved from /opt/airflow/dags/driven_data_pipeline.py
[2025-07-03T05:15:32.403+0000] {logging_mixin.py:190} INFO - [2025-07-03T05:15:32.403+0000] {dag.py:3239} INFO - Sync 1 DAGs
[2025-07-03T05:15:32.431+0000] {logging_mixin.py:190} INFO - [2025-07-03T05:15:32.431+0000] {dag.py:4180} INFO - Setting next_dagrun for extract_raw_data_pipeline to 2025-07-02 07:59:00+00:00, run_after=2025-07-03 07:00:00+00:00
[2025-07-03T05:15:32.453+0000] {processor.py:208} INFO - Processing /opt/airflow/dags/driven_data_pipeline.py took 0.475 seconds
[2025-07-03T05:16:02.678+0000] {processor.py:186} INFO - Started process (PID=304) to work on /opt/airflow/dags/driven_data_pipeline.py
[2025-07-03T05:16:02.679+0000] {processor.py:914} INFO - Processing file /opt/airflow/dags/driven_data_pipeline.py for tasks to queue
[2025-07-03T05:16:02.681+0000] {logging_mixin.py:190} INFO - [2025-07-03T05:16:02.681+0000] {dagbag.py:588} INFO - Filling up the DagBag from /opt/airflow/dags/driven_data_pipeline.py
[2025-07-03T05:16:02.969+0000] {processor.py:925} INFO - DAG(s) 'extract_raw_data_pipeline' retrieved from /opt/airflow/dags/driven_data_pipeline.py
[2025-07-03T05:16:03.001+0000] {logging_mixin.py:190} INFO - [2025-07-03T05:16:03.000+0000] {dag.py:3239} INFO - Sync 1 DAGs
[2025-07-03T05:16:03.022+0000] {logging_mixin.py:190} INFO - [2025-07-03T05:16:03.022+0000] {dag.py:4180} INFO - Setting next_dagrun for extract_raw_data_pipeline to 2025-07-02 07:59:00+00:00, run_after=2025-07-03 07:00:00+00:00
[2025-07-03T05:16:03.048+0000] {processor.py:208} INFO - Processing /opt/airflow/dags/driven_data_pipeline.py took 0.376 seconds
[2025-07-03T05:16:33.310+0000] {processor.py:186} INFO - Started process (PID=312) to work on /opt/airflow/dags/driven_data_pipeline.py
[2025-07-03T05:16:33.312+0000] {processor.py:914} INFO - Processing file /opt/airflow/dags/driven_data_pipeline.py for tasks to queue
[2025-07-03T05:16:33.315+0000] {logging_mixin.py:190} INFO - [2025-07-03T05:16:33.314+0000] {dagbag.py:588} INFO - Filling up the DagBag from /opt/airflow/dags/driven_data_pipeline.py
[2025-07-03T05:16:33.616+0000] {processor.py:925} INFO - DAG(s) 'extract_raw_data_pipeline' retrieved from /opt/airflow/dags/driven_data_pipeline.py
[2025-07-03T05:16:33.648+0000] {logging_mixin.py:190} INFO - [2025-07-03T05:16:33.647+0000] {dag.py:3239} INFO - Sync 1 DAGs
[2025-07-03T05:16:33.671+0000] {logging_mixin.py:190} INFO - [2025-07-03T05:16:33.671+0000] {dag.py:4180} INFO - Setting next_dagrun for extract_raw_data_pipeline to 2025-07-02 07:59:00+00:00, run_after=2025-07-03 07:00:00+00:00
[2025-07-03T05:16:33.689+0000] {processor.py:208} INFO - Processing /opt/airflow/dags/driven_data_pipeline.py took 0.385 seconds
[2025-07-03T05:17:03.920+0000] {processor.py:186} INFO - Started process (PID=320) to work on /opt/airflow/dags/driven_data_pipeline.py
[2025-07-03T05:17:03.921+0000] {processor.py:914} INFO - Processing file /opt/airflow/dags/driven_data_pipeline.py for tasks to queue
[2025-07-03T05:17:03.924+0000] {logging_mixin.py:190} INFO - [2025-07-03T05:17:03.924+0000] {dagbag.py:588} INFO - Filling up the DagBag from /opt/airflow/dags/driven_data_pipeline.py
[2025-07-03T05:17:04.211+0000] {processor.py:925} INFO - DAG(s) 'extract_raw_data_pipeline' retrieved from /opt/airflow/dags/driven_data_pipeline.py
[2025-07-03T05:17:04.241+0000] {logging_mixin.py:190} INFO - [2025-07-03T05:17:04.240+0000] {dag.py:3239} INFO - Sync 1 DAGs
[2025-07-03T05:17:04.262+0000] {logging_mixin.py:190} INFO - [2025-07-03T05:17:04.262+0000] {dag.py:4180} INFO - Setting next_dagrun for extract_raw_data_pipeline to 2025-07-02 07:59:00+00:00, run_after=2025-07-03 07:00:00+00:00
[2025-07-03T05:17:04.281+0000] {processor.py:208} INFO - Processing /opt/airflow/dags/driven_data_pipeline.py took 0.368 seconds
[2025-07-03T05:17:34.512+0000] {processor.py:186} INFO - Started process (PID=328) to work on /opt/airflow/dags/driven_data_pipeline.py
[2025-07-03T05:17:34.513+0000] {processor.py:914} INFO - Processing file /opt/airflow/dags/driven_data_pipeline.py for tasks to queue
[2025-07-03T05:17:34.516+0000] {logging_mixin.py:190} INFO - [2025-07-03T05:17:34.515+0000] {dagbag.py:588} INFO - Filling up the DagBag from /opt/airflow/dags/driven_data_pipeline.py
[2025-07-03T05:17:34.754+0000] {processor.py:925} INFO - DAG(s) 'extract_raw_data_pipeline' retrieved from /opt/airflow/dags/driven_data_pipeline.py
[2025-07-03T05:17:34.786+0000] {logging_mixin.py:190} INFO - [2025-07-03T05:17:34.786+0000] {dag.py:3239} INFO - Sync 1 DAGs
[2025-07-03T05:17:34.811+0000] {logging_mixin.py:190} INFO - [2025-07-03T05:17:34.810+0000] {dag.py:4180} INFO - Setting next_dagrun for extract_raw_data_pipeline to 2025-07-02 07:59:00+00:00, run_after=2025-07-03 07:00:00+00:00
[2025-07-03T05:17:34.828+0000] {processor.py:208} INFO - Processing /opt/airflow/dags/driven_data_pipeline.py took 0.322 seconds
[2025-07-03T05:18:05.039+0000] {processor.py:186} INFO - Started process (PID=336) to work on /opt/airflow/dags/driven_data_pipeline.py
[2025-07-03T05:18:05.040+0000] {processor.py:914} INFO - Processing file /opt/airflow/dags/driven_data_pipeline.py for tasks to queue
[2025-07-03T05:18:05.042+0000] {logging_mixin.py:190} INFO - [2025-07-03T05:18:05.042+0000] {dagbag.py:588} INFO - Filling up the DagBag from /opt/airflow/dags/driven_data_pipeline.py
[2025-07-03T05:18:05.406+0000] {processor.py:925} INFO - DAG(s) 'extract_raw_data_pipeline' retrieved from /opt/airflow/dags/driven_data_pipeline.py
[2025-07-03T05:18:05.435+0000] {logging_mixin.py:190} INFO - [2025-07-03T05:18:05.435+0000] {dag.py:3239} INFO - Sync 1 DAGs
[2025-07-03T05:18:05.457+0000] {logging_mixin.py:190} INFO - [2025-07-03T05:18:05.457+0000] {dag.py:4180} INFO - Setting next_dagrun for extract_raw_data_pipeline to 2025-07-02 07:59:00+00:00, run_after=2025-07-03 07:00:00+00:00
[2025-07-03T05:18:05.473+0000] {processor.py:208} INFO - Processing /opt/airflow/dags/driven_data_pipeline.py took 0.440 seconds
[2025-07-03T05:18:35.723+0000] {processor.py:186} INFO - Started process (PID=344) to work on /opt/airflow/dags/driven_data_pipeline.py
[2025-07-03T05:18:35.724+0000] {processor.py:914} INFO - Processing file /opt/airflow/dags/driven_data_pipeline.py for tasks to queue
[2025-07-03T05:18:35.726+0000] {logging_mixin.py:190} INFO - [2025-07-03T05:18:35.726+0000] {dagbag.py:588} INFO - Filling up the DagBag from /opt/airflow/dags/driven_data_pipeline.py
[2025-07-03T05:18:35.973+0000] {processor.py:925} INFO - DAG(s) 'extract_raw_data_pipeline' retrieved from /opt/airflow/dags/driven_data_pipeline.py
[2025-07-03T05:18:36.004+0000] {logging_mixin.py:190} INFO - [2025-07-03T05:18:36.003+0000] {dag.py:3239} INFO - Sync 1 DAGs
[2025-07-03T05:18:36.026+0000] {logging_mixin.py:190} INFO - [2025-07-03T05:18:36.026+0000] {dag.py:4180} INFO - Setting next_dagrun for extract_raw_data_pipeline to 2025-07-02 07:59:00+00:00, run_after=2025-07-03 07:00:00+00:00
[2025-07-03T05:18:36.044+0000] {processor.py:208} INFO - Processing /opt/airflow/dags/driven_data_pipeline.py took 0.327 seconds
[2025-07-03T05:19:06.308+0000] {processor.py:186} INFO - Started process (PID=352) to work on /opt/airflow/dags/driven_data_pipeline.py
[2025-07-03T05:19:06.310+0000] {processor.py:914} INFO - Processing file /opt/airflow/dags/driven_data_pipeline.py for tasks to queue
[2025-07-03T05:19:06.315+0000] {logging_mixin.py:190} INFO - [2025-07-03T05:19:06.314+0000] {dagbag.py:588} INFO - Filling up the DagBag from /opt/airflow/dags/driven_data_pipeline.py
[2025-07-03T05:19:06.805+0000] {processor.py:925} INFO - DAG(s) 'extract_raw_data_pipeline' retrieved from /opt/airflow/dags/driven_data_pipeline.py
[2025-07-03T05:19:06.862+0000] {logging_mixin.py:190} INFO - [2025-07-03T05:19:06.862+0000] {dag.py:3239} INFO - Sync 1 DAGs
[2025-07-03T05:19:06.898+0000] {logging_mixin.py:190} INFO - [2025-07-03T05:19:06.898+0000] {dag.py:4180} INFO - Setting next_dagrun for extract_raw_data_pipeline to 2025-07-02 07:59:00+00:00, run_after=2025-07-03 07:00:00+00:00
[2025-07-03T05:19:06.923+0000] {processor.py:208} INFO - Processing /opt/airflow/dags/driven_data_pipeline.py took 0.631 seconds
[2025-07-03T05:19:37.147+0000] {processor.py:186} INFO - Started process (PID=360) to work on /opt/airflow/dags/driven_data_pipeline.py
[2025-07-03T05:19:37.148+0000] {processor.py:914} INFO - Processing file /opt/airflow/dags/driven_data_pipeline.py for tasks to queue
[2025-07-03T05:19:37.151+0000] {logging_mixin.py:190} INFO - [2025-07-03T05:19:37.151+0000] {dagbag.py:588} INFO - Filling up the DagBag from /opt/airflow/dags/driven_data_pipeline.py
[2025-07-03T05:19:37.377+0000] {processor.py:925} INFO - DAG(s) 'extract_raw_data_pipeline' retrieved from /opt/airflow/dags/driven_data_pipeline.py
[2025-07-03T05:19:37.404+0000] {logging_mixin.py:190} INFO - [2025-07-03T05:19:37.403+0000] {dag.py:3239} INFO - Sync 1 DAGs
[2025-07-03T05:19:37.427+0000] {logging_mixin.py:190} INFO - [2025-07-03T05:19:37.427+0000] {dag.py:4180} INFO - Setting next_dagrun for extract_raw_data_pipeline to 2025-07-02 07:59:00+00:00, run_after=2025-07-03 07:00:00+00:00
[2025-07-03T05:19:37.443+0000] {processor.py:208} INFO - Processing /opt/airflow/dags/driven_data_pipeline.py took 0.302 seconds
[2025-07-03T05:20:07.657+0000] {processor.py:186} INFO - Started process (PID=368) to work on /opt/airflow/dags/driven_data_pipeline.py
[2025-07-03T05:20:07.658+0000] {processor.py:914} INFO - Processing file /opt/airflow/dags/driven_data_pipeline.py for tasks to queue
[2025-07-03T05:20:07.661+0000] {logging_mixin.py:190} INFO - [2025-07-03T05:20:07.661+0000] {dagbag.py:588} INFO - Filling up the DagBag from /opt/airflow/dags/driven_data_pipeline.py
[2025-07-03T05:20:08.056+0000] {processor.py:925} INFO - DAG(s) 'extract_raw_data_pipeline' retrieved from /opt/airflow/dags/driven_data_pipeline.py
[2025-07-03T05:20:08.088+0000] {logging_mixin.py:190} INFO - [2025-07-03T05:20:08.088+0000] {dag.py:3239} INFO - Sync 1 DAGs
[2025-07-03T05:20:08.114+0000] {logging_mixin.py:190} INFO - [2025-07-03T05:20:08.113+0000] {dag.py:4180} INFO - Setting next_dagrun for extract_raw_data_pipeline to 2025-07-02 07:59:00+00:00, run_after=2025-07-03 07:00:00+00:00
[2025-07-03T05:20:08.133+0000] {processor.py:208} INFO - Processing /opt/airflow/dags/driven_data_pipeline.py took 0.483 seconds
[2025-07-03T05:20:38.352+0000] {processor.py:186} INFO - Started process (PID=376) to work on /opt/airflow/dags/driven_data_pipeline.py
[2025-07-03T05:20:38.353+0000] {processor.py:914} INFO - Processing file /opt/airflow/dags/driven_data_pipeline.py for tasks to queue
[2025-07-03T05:20:38.355+0000] {logging_mixin.py:190} INFO - [2025-07-03T05:20:38.355+0000] {dagbag.py:588} INFO - Filling up the DagBag from /opt/airflow/dags/driven_data_pipeline.py
[2025-07-03T05:20:38.585+0000] {processor.py:925} INFO - DAG(s) 'extract_raw_data_pipeline' retrieved from /opt/airflow/dags/driven_data_pipeline.py
[2025-07-03T05:20:38.617+0000] {logging_mixin.py:190} INFO - [2025-07-03T05:20:38.617+0000] {dag.py:3239} INFO - Sync 1 DAGs
[2025-07-03T05:20:38.639+0000] {logging_mixin.py:190} INFO - [2025-07-03T05:20:38.639+0000] {dag.py:4180} INFO - Setting next_dagrun for extract_raw_data_pipeline to 2025-07-02 07:59:00+00:00, run_after=2025-07-03 07:00:00+00:00
[2025-07-03T05:20:38.656+0000] {processor.py:208} INFO - Processing /opt/airflow/dags/driven_data_pipeline.py took 0.311 seconds
[2025-07-03T05:21:08.868+0000] {processor.py:186} INFO - Started process (PID=384) to work on /opt/airflow/dags/driven_data_pipeline.py
[2025-07-03T05:21:08.868+0000] {processor.py:914} INFO - Processing file /opt/airflow/dags/driven_data_pipeline.py for tasks to queue
[2025-07-03T05:21:08.871+0000] {logging_mixin.py:190} INFO - [2025-07-03T05:21:08.870+0000] {dagbag.py:588} INFO - Filling up the DagBag from /opt/airflow/dags/driven_data_pipeline.py
[2025-07-03T05:21:09.094+0000] {processor.py:925} INFO - DAG(s) 'extract_raw_data_pipeline' retrieved from /opt/airflow/dags/driven_data_pipeline.py
[2025-07-03T05:21:09.132+0000] {logging_mixin.py:190} INFO - [2025-07-03T05:21:09.132+0000] {dag.py:3239} INFO - Sync 1 DAGs
[2025-07-03T05:21:09.156+0000] {logging_mixin.py:190} INFO - [2025-07-03T05:21:09.156+0000] {dag.py:4180} INFO - Setting next_dagrun for extract_raw_data_pipeline to 2025-07-02 07:59:00+00:00, run_after=2025-07-03 07:00:00+00:00
[2025-07-03T05:21:09.176+0000] {processor.py:208} INFO - Processing /opt/airflow/dags/driven_data_pipeline.py took 0.314 seconds
[2025-07-03T05:21:39.398+0000] {processor.py:186} INFO - Started process (PID=392) to work on /opt/airflow/dags/driven_data_pipeline.py
[2025-07-03T05:21:39.400+0000] {processor.py:914} INFO - Processing file /opt/airflow/dags/driven_data_pipeline.py for tasks to queue
[2025-07-03T05:21:39.403+0000] {logging_mixin.py:190} INFO - [2025-07-03T05:21:39.402+0000] {dagbag.py:588} INFO - Filling up the DagBag from /opt/airflow/dags/driven_data_pipeline.py
[2025-07-03T05:21:39.636+0000] {processor.py:925} INFO - DAG(s) 'extract_raw_data_pipeline' retrieved from /opt/airflow/dags/driven_data_pipeline.py
[2025-07-03T05:21:39.663+0000] {logging_mixin.py:190} INFO - [2025-07-03T05:21:39.662+0000] {dag.py:3239} INFO - Sync 1 DAGs
[2025-07-03T05:21:39.685+0000] {logging_mixin.py:190} INFO - [2025-07-03T05:21:39.685+0000] {dag.py:4180} INFO - Setting next_dagrun for extract_raw_data_pipeline to 2025-07-02 07:59:00+00:00, run_after=2025-07-03 07:00:00+00:00
[2025-07-03T05:21:39.702+0000] {processor.py:208} INFO - Processing /opt/airflow/dags/driven_data_pipeline.py took 0.312 seconds
[2025-07-03T05:22:09.899+0000] {processor.py:186} INFO - Started process (PID=400) to work on /opt/airflow/dags/driven_data_pipeline.py
[2025-07-03T05:22:09.900+0000] {processor.py:914} INFO - Processing file /opt/airflow/dags/driven_data_pipeline.py for tasks to queue
[2025-07-03T05:22:09.902+0000] {logging_mixin.py:190} INFO - [2025-07-03T05:22:09.902+0000] {dagbag.py:588} INFO - Filling up the DagBag from /opt/airflow/dags/driven_data_pipeline.py
[2025-07-03T05:22:10.191+0000] {processor.py:925} INFO - DAG(s) 'extract_raw_data_pipeline' retrieved from /opt/airflow/dags/driven_data_pipeline.py
[2025-07-03T05:22:10.220+0000] {logging_mixin.py:190} INFO - [2025-07-03T05:22:10.220+0000] {dag.py:3239} INFO - Sync 1 DAGs
[2025-07-03T05:22:10.242+0000] {logging_mixin.py:190} INFO - [2025-07-03T05:22:10.242+0000] {dag.py:4180} INFO - Setting next_dagrun for extract_raw_data_pipeline to 2025-07-02 07:59:00+00:00, run_after=2025-07-03 07:00:00+00:00
[2025-07-03T05:22:10.260+0000] {processor.py:208} INFO - Processing /opt/airflow/dags/driven_data_pipeline.py took 0.368 seconds
[2025-07-03T05:22:40.471+0000] {processor.py:186} INFO - Started process (PID=408) to work on /opt/airflow/dags/driven_data_pipeline.py
[2025-07-03T05:22:40.472+0000] {processor.py:914} INFO - Processing file /opt/airflow/dags/driven_data_pipeline.py for tasks to queue
[2025-07-03T05:22:40.475+0000] {logging_mixin.py:190} INFO - [2025-07-03T05:22:40.474+0000] {dagbag.py:588} INFO - Filling up the DagBag from /opt/airflow/dags/driven_data_pipeline.py
[2025-07-03T05:22:40.783+0000] {processor.py:925} INFO - DAG(s) 'extract_raw_data_pipeline' retrieved from /opt/airflow/dags/driven_data_pipeline.py
[2025-07-03T05:22:40.825+0000] {logging_mixin.py:190} INFO - [2025-07-03T05:22:40.825+0000] {dag.py:3239} INFO - Sync 1 DAGs
[2025-07-03T05:22:40.855+0000] {logging_mixin.py:190} INFO - [2025-07-03T05:22:40.854+0000] {dag.py:4180} INFO - Setting next_dagrun for extract_raw_data_pipeline to 2025-07-02 07:59:00+00:00, run_after=2025-07-03 07:00:00+00:00
[2025-07-03T05:22:40.876+0000] {processor.py:208} INFO - Processing /opt/airflow/dags/driven_data_pipeline.py took 0.412 seconds
[2025-07-03T05:23:11.088+0000] {processor.py:186} INFO - Started process (PID=416) to work on /opt/airflow/dags/driven_data_pipeline.py
[2025-07-03T05:23:11.089+0000] {processor.py:914} INFO - Processing file /opt/airflow/dags/driven_data_pipeline.py for tasks to queue
[2025-07-03T05:23:11.091+0000] {logging_mixin.py:190} INFO - [2025-07-03T05:23:11.091+0000] {dagbag.py:588} INFO - Filling up the DagBag from /opt/airflow/dags/driven_data_pipeline.py
[2025-07-03T05:23:11.372+0000] {processor.py:925} INFO - DAG(s) 'extract_raw_data_pipeline' retrieved from /opt/airflow/dags/driven_data_pipeline.py
[2025-07-03T05:23:11.401+0000] {logging_mixin.py:190} INFO - [2025-07-03T05:23:11.401+0000] {dag.py:3239} INFO - Sync 1 DAGs
[2025-07-03T05:23:11.424+0000] {logging_mixin.py:190} INFO - [2025-07-03T05:23:11.423+0000] {dag.py:4180} INFO - Setting next_dagrun for extract_raw_data_pipeline to 2025-07-02 07:59:00+00:00, run_after=2025-07-03 07:00:00+00:00
[2025-07-03T05:23:11.444+0000] {processor.py:208} INFO - Processing /opt/airflow/dags/driven_data_pipeline.py took 0.363 seconds
[2025-07-03T05:23:41.659+0000] {processor.py:186} INFO - Started process (PID=424) to work on /opt/airflow/dags/driven_data_pipeline.py
[2025-07-03T05:23:41.660+0000] {processor.py:914} INFO - Processing file /opt/airflow/dags/driven_data_pipeline.py for tasks to queue
[2025-07-03T05:23:41.663+0000] {logging_mixin.py:190} INFO - [2025-07-03T05:23:41.662+0000] {dagbag.py:588} INFO - Filling up the DagBag from /opt/airflow/dags/driven_data_pipeline.py
[2025-07-03T05:23:41.985+0000] {processor.py:925} INFO - DAG(s) 'extract_raw_data_pipeline' retrieved from /opt/airflow/dags/driven_data_pipeline.py
[2025-07-03T05:23:42.015+0000] {logging_mixin.py:190} INFO - [2025-07-03T05:23:42.015+0000] {dag.py:3239} INFO - Sync 1 DAGs
[2025-07-03T05:23:42.037+0000] {logging_mixin.py:190} INFO - [2025-07-03T05:23:42.036+0000] {dag.py:4180} INFO - Setting next_dagrun for extract_raw_data_pipeline to 2025-07-02 07:59:00+00:00, run_after=2025-07-03 07:00:00+00:00
[2025-07-03T05:23:42.053+0000] {processor.py:208} INFO - Processing /opt/airflow/dags/driven_data_pipeline.py took 0.400 seconds
[2025-07-03T05:24:12.321+0000] {processor.py:186} INFO - Started process (PID=440) to work on /opt/airflow/dags/driven_data_pipeline.py
[2025-07-03T05:24:12.322+0000] {processor.py:914} INFO - Processing file /opt/airflow/dags/driven_data_pipeline.py for tasks to queue
[2025-07-03T05:24:12.327+0000] {logging_mixin.py:190} INFO - [2025-07-03T05:24:12.326+0000] {dagbag.py:588} INFO - Filling up the DagBag from /opt/airflow/dags/driven_data_pipeline.py
[2025-07-03T05:24:12.584+0000] {processor.py:925} INFO - DAG(s) 'extract_raw_data_pipeline' retrieved from /opt/airflow/dags/driven_data_pipeline.py
[2025-07-03T05:24:12.612+0000] {logging_mixin.py:190} INFO - [2025-07-03T05:24:12.611+0000] {dag.py:3239} INFO - Sync 1 DAGs
[2025-07-03T05:24:12.634+0000] {logging_mixin.py:190} INFO - [2025-07-03T05:24:12.634+0000] {dag.py:4180} INFO - Setting next_dagrun for extract_raw_data_pipeline to 2025-07-02 07:59:00+00:00, run_after=2025-07-03 07:00:00+00:00
[2025-07-03T05:24:12.658+0000] {processor.py:208} INFO - Processing /opt/airflow/dags/driven_data_pipeline.py took 0.345 seconds
[2025-07-03T05:24:42.889+0000] {processor.py:186} INFO - Started process (PID=449) to work on /opt/airflow/dags/driven_data_pipeline.py
[2025-07-03T05:24:42.892+0000] {processor.py:914} INFO - Processing file /opt/airflow/dags/driven_data_pipeline.py for tasks to queue
[2025-07-03T05:24:42.895+0000] {logging_mixin.py:190} INFO - [2025-07-03T05:24:42.895+0000] {dagbag.py:588} INFO - Filling up the DagBag from /opt/airflow/dags/driven_data_pipeline.py
[2025-07-03T05:24:43.236+0000] {processor.py:925} INFO - DAG(s) 'extract_raw_data_pipeline' retrieved from /opt/airflow/dags/driven_data_pipeline.py
[2025-07-03T05:24:43.268+0000] {logging_mixin.py:190} INFO - [2025-07-03T05:24:43.267+0000] {dag.py:3239} INFO - Sync 1 DAGs
[2025-07-03T05:24:43.288+0000] {logging_mixin.py:190} INFO - [2025-07-03T05:24:43.288+0000] {dag.py:4180} INFO - Setting next_dagrun for extract_raw_data_pipeline to 2025-07-02 07:59:00+00:00, run_after=2025-07-03 07:00:00+00:00
[2025-07-03T05:24:43.304+0000] {processor.py:208} INFO - Processing /opt/airflow/dags/driven_data_pipeline.py took 0.423 seconds
[2025-07-03T05:25:13.523+0000] {processor.py:186} INFO - Started process (PID=467) to work on /opt/airflow/dags/driven_data_pipeline.py
[2025-07-03T05:25:13.525+0000] {processor.py:914} INFO - Processing file /opt/airflow/dags/driven_data_pipeline.py for tasks to queue
[2025-07-03T05:25:13.528+0000] {logging_mixin.py:190} INFO - [2025-07-03T05:25:13.527+0000] {dagbag.py:588} INFO - Filling up the DagBag from /opt/airflow/dags/driven_data_pipeline.py
[2025-07-03T05:25:13.857+0000] {processor.py:925} INFO - DAG(s) 'extract_raw_data_pipeline' retrieved from /opt/airflow/dags/driven_data_pipeline.py
[2025-07-03T05:25:13.883+0000] {logging_mixin.py:190} INFO - [2025-07-03T05:25:13.882+0000] {dag.py:3239} INFO - Sync 1 DAGs
[2025-07-03T05:25:13.902+0000] {logging_mixin.py:190} INFO - [2025-07-03T05:25:13.902+0000] {dag.py:4180} INFO - Setting next_dagrun for extract_raw_data_pipeline to 2025-07-02 07:59:00+00:00, run_after=2025-07-03 07:00:00+00:00
[2025-07-03T05:25:13.920+0000] {processor.py:208} INFO - Processing /opt/airflow/dags/driven_data_pipeline.py took 0.403 seconds
[2025-07-03T05:25:44.165+0000] {processor.py:186} INFO - Started process (PID=475) to work on /opt/airflow/dags/driven_data_pipeline.py
[2025-07-03T05:25:44.166+0000] {processor.py:914} INFO - Processing file /opt/airflow/dags/driven_data_pipeline.py for tasks to queue
[2025-07-03T05:25:44.170+0000] {logging_mixin.py:190} INFO - [2025-07-03T05:25:44.169+0000] {dagbag.py:588} INFO - Filling up the DagBag from /opt/airflow/dags/driven_data_pipeline.py
[2025-07-03T05:25:44.484+0000] {processor.py:925} INFO - DAG(s) 'extract_raw_data_pipeline' retrieved from /opt/airflow/dags/driven_data_pipeline.py
[2025-07-03T05:25:44.552+0000] {logging_mixin.py:190} INFO - [2025-07-03T05:25:44.552+0000] {dag.py:3239} INFO - Sync 1 DAGs
[2025-07-03T05:25:44.583+0000] {logging_mixin.py:190} INFO - [2025-07-03T05:25:44.583+0000] {dag.py:4180} INFO - Setting next_dagrun for extract_raw_data_pipeline to 2025-07-02 07:59:00+00:00, run_after=2025-07-03 07:00:00+00:00
[2025-07-03T05:25:44.605+0000] {processor.py:208} INFO - Processing /opt/airflow/dags/driven_data_pipeline.py took 0.450 seconds
[2025-07-03T05:26:14.834+0000] {processor.py:186} INFO - Started process (PID=483) to work on /opt/airflow/dags/driven_data_pipeline.py
[2025-07-03T05:26:14.835+0000] {processor.py:914} INFO - Processing file /opt/airflow/dags/driven_data_pipeline.py for tasks to queue
[2025-07-03T05:26:14.837+0000] {logging_mixin.py:190} INFO - [2025-07-03T05:26:14.837+0000] {dagbag.py:588} INFO - Filling up the DagBag from /opt/airflow/dags/driven_data_pipeline.py
[2025-07-03T05:26:15.106+0000] {processor.py:925} INFO - DAG(s) 'extract_raw_data_pipeline' retrieved from /opt/airflow/dags/driven_data_pipeline.py
[2025-07-03T05:26:15.137+0000] {logging_mixin.py:190} INFO - [2025-07-03T05:26:15.137+0000] {dag.py:3239} INFO - Sync 1 DAGs
[2025-07-03T05:26:15.161+0000] {logging_mixin.py:190} INFO - [2025-07-03T05:26:15.161+0000] {dag.py:4180} INFO - Setting next_dagrun for extract_raw_data_pipeline to 2025-07-02 07:59:00+00:00, run_after=2025-07-03 07:00:00+00:00
[2025-07-03T05:26:15.178+0000] {processor.py:208} INFO - Processing /opt/airflow/dags/driven_data_pipeline.py took 0.351 seconds
[2025-07-03T05:29:04.177+0000] {processor.py:186} INFO - Started process (PID=96) to work on /opt/airflow/dags/driven_data_pipeline.py
[2025-07-03T05:29:04.181+0000] {processor.py:914} INFO - Processing file /opt/airflow/dags/driven_data_pipeline.py for tasks to queue
[2025-07-03T05:29:04.187+0000] {logging_mixin.py:190} INFO - [2025-07-03T05:29:04.186+0000] {dagbag.py:588} INFO - Filling up the DagBag from /opt/airflow/dags/driven_data_pipeline.py
[2025-07-03T05:29:05.071+0000] {processor.py:925} INFO - DAG(s) 'extract_raw_data_pipeline' retrieved from /opt/airflow/dags/driven_data_pipeline.py
[2025-07-03T05:29:05.427+0000] {logging_mixin.py:190} INFO - [2025-07-03T05:29:05.426+0000] {override.py:1900} INFO - Created Permission View: can edit on DAG:extract_raw_data_pipeline
[2025-07-03T05:29:05.443+0000] {logging_mixin.py:190} INFO - [2025-07-03T05:29:05.442+0000] {override.py:1900} INFO - Created Permission View: can delete on DAG:extract_raw_data_pipeline
[2025-07-03T05:29:05.453+0000] {logging_mixin.py:190} INFO - [2025-07-03T05:29:05.453+0000] {override.py:1900} INFO - Created Permission View: can read on DAG:extract_raw_data_pipeline
[2025-07-03T05:29:05.468+0000] {logging_mixin.py:190} INFO - [2025-07-03T05:29:05.468+0000] {override.py:1900} INFO - Created Permission View: can delete on DAG Run:extract_raw_data_pipeline
[2025-07-03T05:29:05.479+0000] {logging_mixin.py:190} INFO - [2025-07-03T05:29:05.479+0000] {override.py:1900} INFO - Created Permission View: can create on DAG Run:extract_raw_data_pipeline
[2025-07-03T05:29:05.489+0000] {logging_mixin.py:190} INFO - [2025-07-03T05:29:05.488+0000] {override.py:1900} INFO - Created Permission View: menu access on DAG Run:extract_raw_data_pipeline
[2025-07-03T05:29:05.497+0000] {logging_mixin.py:190} INFO - [2025-07-03T05:29:05.497+0000] {override.py:1900} INFO - Created Permission View: can read on DAG Run:extract_raw_data_pipeline
[2025-07-03T05:29:05.499+0000] {logging_mixin.py:190} INFO - [2025-07-03T05:29:05.498+0000] {dag.py:3239} INFO - Sync 1 DAGs
[2025-07-03T05:29:05.523+0000] {logging_mixin.py:190} INFO - [2025-07-03T05:29:05.523+0000] {dag.py:3262} INFO - Creating ORM DAG for extract_raw_data_pipeline
[2025-07-03T05:29:05.537+0000] {logging_mixin.py:190} INFO - [2025-07-03T05:29:05.537+0000] {dag.py:4180} INFO - Setting next_dagrun for extract_raw_data_pipeline to 2025-07-02 07:58:00+00:00, run_after=2025-07-02 07:59:00+00:00
[2025-07-03T05:29:05.570+0000] {processor.py:208} INFO - Processing /opt/airflow/dags/driven_data_pipeline.py took 1.417 seconds
[2025-07-03T05:29:35.718+0000] {processor.py:186} INFO - Started process (PID=104) to work on /opt/airflow/dags/driven_data_pipeline.py
[2025-07-03T05:29:35.721+0000] {processor.py:914} INFO - Processing file /opt/airflow/dags/driven_data_pipeline.py for tasks to queue
[2025-07-03T05:29:35.733+0000] {logging_mixin.py:190} INFO - [2025-07-03T05:29:35.730+0000] {dagbag.py:588} INFO - Filling up the DagBag from /opt/airflow/dags/driven_data_pipeline.py
[2025-07-03T05:29:37.909+0000] {processor.py:925} INFO - DAG(s) 'extract_raw_data_pipeline' retrieved from /opt/airflow/dags/driven_data_pipeline.py
[2025-07-03T05:29:37.956+0000] {logging_mixin.py:190} INFO - [2025-07-03T05:29:37.956+0000] {dag.py:3239} INFO - Sync 1 DAGs
[2025-07-03T05:29:37.986+0000] {logging_mixin.py:190} INFO - [2025-07-03T05:29:37.986+0000] {dag.py:4180} INFO - Setting next_dagrun for extract_raw_data_pipeline to 2025-07-02 07:58:00+00:00, run_after=2025-07-02 07:59:00+00:00
[2025-07-03T05:29:38.016+0000] {processor.py:208} INFO - Processing /opt/airflow/dags/driven_data_pipeline.py took 2.316 seconds
[2025-07-03T05:30:08.141+0000] {processor.py:186} INFO - Started process (PID=113) to work on /opt/airflow/dags/driven_data_pipeline.py
[2025-07-03T05:30:08.143+0000] {processor.py:914} INFO - Processing file /opt/airflow/dags/driven_data_pipeline.py for tasks to queue
[2025-07-03T05:30:08.148+0000] {logging_mixin.py:190} INFO - [2025-07-03T05:30:08.147+0000] {dagbag.py:588} INFO - Filling up the DagBag from /opt/airflow/dags/driven_data_pipeline.py
[2025-07-03T05:30:09.322+0000] {processor.py:925} INFO - DAG(s) 'extract_raw_data_pipeline' retrieved from /opt/airflow/dags/driven_data_pipeline.py
[2025-07-03T05:30:09.355+0000] {logging_mixin.py:190} INFO - [2025-07-03T05:30:09.354+0000] {dag.py:3239} INFO - Sync 1 DAGs
[2025-07-03T05:30:09.378+0000] {logging_mixin.py:190} INFO - [2025-07-03T05:30:09.377+0000] {dag.py:4180} INFO - Setting next_dagrun for extract_raw_data_pipeline to 2025-07-02 07:58:00+00:00, run_after=2025-07-02 07:59:00+00:00
[2025-07-03T05:30:09.398+0000] {processor.py:208} INFO - Processing /opt/airflow/dags/driven_data_pipeline.py took 1.264 seconds
[2025-07-03T05:30:39.489+0000] {processor.py:186} INFO - Started process (PID=121) to work on /opt/airflow/dags/driven_data_pipeline.py
[2025-07-03T05:30:39.491+0000] {processor.py:914} INFO - Processing file /opt/airflow/dags/driven_data_pipeline.py for tasks to queue
[2025-07-03T05:30:39.494+0000] {logging_mixin.py:190} INFO - [2025-07-03T05:30:39.494+0000] {dagbag.py:588} INFO - Filling up the DagBag from /opt/airflow/dags/driven_data_pipeline.py
[2025-07-03T05:30:40.014+0000] {processor.py:925} INFO - DAG(s) 'extract_raw_data_pipeline' retrieved from /opt/airflow/dags/driven_data_pipeline.py
[2025-07-03T05:30:40.044+0000] {logging_mixin.py:190} INFO - [2025-07-03T05:30:40.044+0000] {dag.py:3239} INFO - Sync 1 DAGs
[2025-07-03T05:30:40.068+0000] {logging_mixin.py:190} INFO - [2025-07-03T05:30:40.067+0000] {dag.py:4180} INFO - Setting next_dagrun for extract_raw_data_pipeline to 2025-07-02 07:58:00+00:00, run_after=2025-07-02 07:59:00+00:00
[2025-07-03T05:30:40.083+0000] {processor.py:208} INFO - Processing /opt/airflow/dags/driven_data_pipeline.py took 0.601 seconds
[2025-07-03T05:31:10.466+0000] {processor.py:186} INFO - Started process (PID=139) to work on /opt/airflow/dags/driven_data_pipeline.py
[2025-07-03T05:31:10.469+0000] {processor.py:914} INFO - Processing file /opt/airflow/dags/driven_data_pipeline.py for tasks to queue
[2025-07-03T05:31:10.487+0000] {logging_mixin.py:190} INFO - [2025-07-03T05:31:10.483+0000] {dagbag.py:588} INFO - Filling up the DagBag from /opt/airflow/dags/driven_data_pipeline.py
[2025-07-03T05:31:12.299+0000] {processor.py:925} INFO - DAG(s) 'extract_raw_data_pipeline' retrieved from /opt/airflow/dags/driven_data_pipeline.py
[2025-07-03T05:31:12.398+0000] {logging_mixin.py:190} INFO - [2025-07-03T05:31:12.397+0000] {dag.py:3239} INFO - Sync 1 DAGs
[2025-07-03T05:31:12.445+0000] {logging_mixin.py:190} INFO - [2025-07-03T05:31:12.444+0000] {dag.py:4180} INFO - Setting next_dagrun for extract_raw_data_pipeline to 2025-07-02 07:59:00+00:00, run_after=2025-07-03 07:00:00+00:00
[2025-07-03T05:31:12.508+0000] {processor.py:208} INFO - Processing /opt/airflow/dags/driven_data_pipeline.py took 2.070 seconds
[2025-07-03T05:31:42.654+0000] {processor.py:186} INFO - Started process (PID=157) to work on /opt/airflow/dags/driven_data_pipeline.py
[2025-07-03T05:31:42.655+0000] {processor.py:914} INFO - Processing file /opt/airflow/dags/driven_data_pipeline.py for tasks to queue
[2025-07-03T05:31:42.657+0000] {logging_mixin.py:190} INFO - [2025-07-03T05:31:42.657+0000] {dagbag.py:588} INFO - Filling up the DagBag from /opt/airflow/dags/driven_data_pipeline.py
[2025-07-03T05:31:43.064+0000] {processor.py:925} INFO - DAG(s) 'extract_raw_data_pipeline' retrieved from /opt/airflow/dags/driven_data_pipeline.py
[2025-07-03T05:31:43.086+0000] {logging_mixin.py:190} INFO - [2025-07-03T05:31:43.086+0000] {dag.py:3239} INFO - Sync 1 DAGs
[2025-07-03T05:31:43.104+0000] {logging_mixin.py:190} INFO - [2025-07-03T05:31:43.104+0000] {dag.py:4180} INFO - Setting next_dagrun for extract_raw_data_pipeline to 2025-07-02 07:59:00+00:00, run_after=2025-07-03 07:00:00+00:00
[2025-07-03T05:31:43.119+0000] {processor.py:208} INFO - Processing /opt/airflow/dags/driven_data_pipeline.py took 0.471 seconds
[2025-07-03T05:32:13.352+0000] {processor.py:186} INFO - Started process (PID=165) to work on /opt/airflow/dags/driven_data_pipeline.py
[2025-07-03T05:32:13.353+0000] {processor.py:914} INFO - Processing file /opt/airflow/dags/driven_data_pipeline.py for tasks to queue
[2025-07-03T05:32:13.357+0000] {logging_mixin.py:190} INFO - [2025-07-03T05:32:13.357+0000] {dagbag.py:588} INFO - Filling up the DagBag from /opt/airflow/dags/driven_data_pipeline.py
[2025-07-03T05:32:13.879+0000] {processor.py:925} INFO - DAG(s) 'extract_raw_data_pipeline' retrieved from /opt/airflow/dags/driven_data_pipeline.py
[2025-07-03T05:32:13.903+0000] {logging_mixin.py:190} INFO - [2025-07-03T05:32:13.903+0000] {dag.py:3239} INFO - Sync 1 DAGs
[2025-07-03T05:32:13.921+0000] {logging_mixin.py:190} INFO - [2025-07-03T05:32:13.921+0000] {dag.py:4180} INFO - Setting next_dagrun for extract_raw_data_pipeline to 2025-07-02 07:59:00+00:00, run_after=2025-07-03 07:00:00+00:00
[2025-07-03T05:32:13.938+0000] {processor.py:208} INFO - Processing /opt/airflow/dags/driven_data_pipeline.py took 0.594 seconds
[2025-07-03T05:32:44.223+0000] {processor.py:186} INFO - Started process (PID=173) to work on /opt/airflow/dags/driven_data_pipeline.py
[2025-07-03T05:32:44.225+0000] {processor.py:914} INFO - Processing file /opt/airflow/dags/driven_data_pipeline.py for tasks to queue
[2025-07-03T05:32:44.230+0000] {logging_mixin.py:190} INFO - [2025-07-03T05:32:44.230+0000] {dagbag.py:588} INFO - Filling up the DagBag from /opt/airflow/dags/driven_data_pipeline.py
[2025-07-03T05:32:44.782+0000] {processor.py:925} INFO - DAG(s) 'extract_raw_data_pipeline' retrieved from /opt/airflow/dags/driven_data_pipeline.py
[2025-07-03T05:32:44.814+0000] {logging_mixin.py:190} INFO - [2025-07-03T05:32:44.814+0000] {dag.py:3239} INFO - Sync 1 DAGs
[2025-07-03T05:32:44.838+0000] {logging_mixin.py:190} INFO - [2025-07-03T05:32:44.837+0000] {dag.py:4180} INFO - Setting next_dagrun for extract_raw_data_pipeline to 2025-07-02 07:59:00+00:00, run_after=2025-07-03 07:00:00+00:00
[2025-07-03T05:32:44.859+0000] {processor.py:208} INFO - Processing /opt/airflow/dags/driven_data_pipeline.py took 0.649 seconds
[2025-07-03T05:33:15.126+0000] {processor.py:186} INFO - Started process (PID=189) to work on /opt/airflow/dags/driven_data_pipeline.py
[2025-07-03T05:33:15.127+0000] {processor.py:914} INFO - Processing file /opt/airflow/dags/driven_data_pipeline.py for tasks to queue
[2025-07-03T05:33:15.130+0000] {logging_mixin.py:190} INFO - [2025-07-03T05:33:15.130+0000] {dagbag.py:588} INFO - Filling up the DagBag from /opt/airflow/dags/driven_data_pipeline.py
[2025-07-03T05:33:15.695+0000] {processor.py:925} INFO - DAG(s) 'extract_raw_data_pipeline' retrieved from /opt/airflow/dags/driven_data_pipeline.py
[2025-07-03T05:33:15.756+0000] {logging_mixin.py:190} INFO - [2025-07-03T05:33:15.756+0000] {dag.py:3239} INFO - Sync 1 DAGs
[2025-07-03T05:33:15.809+0000] {logging_mixin.py:190} INFO - [2025-07-03T05:33:15.808+0000] {dag.py:4180} INFO - Setting next_dagrun for extract_raw_data_pipeline to 2025-07-02 07:59:00+00:00, run_after=2025-07-03 07:00:00+00:00
[2025-07-03T05:33:15.852+0000] {processor.py:208} INFO - Processing /opt/airflow/dags/driven_data_pipeline.py took 0.734 seconds
[2025-07-03T05:33:46.290+0000] {processor.py:186} INFO - Started process (PID=197) to work on /opt/airflow/dags/driven_data_pipeline.py
[2025-07-03T05:33:46.292+0000] {processor.py:914} INFO - Processing file /opt/airflow/dags/driven_data_pipeline.py for tasks to queue
[2025-07-03T05:33:46.294+0000] {logging_mixin.py:190} INFO - [2025-07-03T05:33:46.294+0000] {dagbag.py:588} INFO - Filling up the DagBag from /opt/airflow/dags/driven_data_pipeline.py
[2025-07-03T05:33:46.489+0000] {processor.py:925} INFO - DAG(s) 'extract_raw_data_pipeline' retrieved from /opt/airflow/dags/driven_data_pipeline.py
[2025-07-03T05:33:46.518+0000] {logging_mixin.py:190} INFO - [2025-07-03T05:33:46.518+0000] {dag.py:3239} INFO - Sync 1 DAGs
[2025-07-03T05:33:46.541+0000] {logging_mixin.py:190} INFO - [2025-07-03T05:33:46.540+0000] {dag.py:4180} INFO - Setting next_dagrun for extract_raw_data_pipeline to 2025-07-02 07:59:00+00:00, run_after=2025-07-03 07:00:00+00:00
[2025-07-03T05:33:46.557+0000] {processor.py:208} INFO - Processing /opt/airflow/dags/driven_data_pipeline.py took 0.274 seconds
[2025-07-03T05:34:16.758+0000] {processor.py:186} INFO - Started process (PID=206) to work on /opt/airflow/dags/driven_data_pipeline.py
[2025-07-03T05:34:16.759+0000] {processor.py:914} INFO - Processing file /opt/airflow/dags/driven_data_pipeline.py for tasks to queue
[2025-07-03T05:34:16.761+0000] {logging_mixin.py:190} INFO - [2025-07-03T05:34:16.761+0000] {dagbag.py:588} INFO - Filling up the DagBag from /opt/airflow/dags/driven_data_pipeline.py
[2025-07-03T05:34:16.947+0000] {processor.py:925} INFO - DAG(s) 'extract_raw_data_pipeline' retrieved from /opt/airflow/dags/driven_data_pipeline.py
[2025-07-03T05:34:16.976+0000] {logging_mixin.py:190} INFO - [2025-07-03T05:34:16.976+0000] {dag.py:3239} INFO - Sync 1 DAGs
[2025-07-03T05:34:17.001+0000] {logging_mixin.py:190} INFO - [2025-07-03T05:34:17.001+0000] {dag.py:4180} INFO - Setting next_dagrun for extract_raw_data_pipeline to 2025-07-02 07:59:00+00:00, run_after=2025-07-03 07:00:00+00:00
[2025-07-03T05:34:17.022+0000] {processor.py:208} INFO - Processing /opt/airflow/dags/driven_data_pipeline.py took 0.271 seconds
[2025-07-03T05:34:47.230+0000] {processor.py:186} INFO - Started process (PID=214) to work on /opt/airflow/dags/driven_data_pipeline.py
[2025-07-03T05:34:47.233+0000] {processor.py:914} INFO - Processing file /opt/airflow/dags/driven_data_pipeline.py for tasks to queue
[2025-07-03T05:34:47.236+0000] {logging_mixin.py:190} INFO - [2025-07-03T05:34:47.235+0000] {dagbag.py:588} INFO - Filling up the DagBag from /opt/airflow/dags/driven_data_pipeline.py
[2025-07-03T05:34:47.532+0000] {processor.py:925} INFO - DAG(s) 'extract_raw_data_pipeline' retrieved from /opt/airflow/dags/driven_data_pipeline.py
[2025-07-03T05:34:47.563+0000] {logging_mixin.py:190} INFO - [2025-07-03T05:34:47.562+0000] {dag.py:3239} INFO - Sync 1 DAGs
[2025-07-03T05:34:47.595+0000] {logging_mixin.py:190} INFO - [2025-07-03T05:34:47.595+0000] {dag.py:4180} INFO - Setting next_dagrun for extract_raw_data_pipeline to 2025-07-02 07:59:00+00:00, run_after=2025-07-03 07:00:00+00:00
[2025-07-03T05:34:47.642+0000] {processor.py:208} INFO - Processing /opt/airflow/dags/driven_data_pipeline.py took 0.419 seconds
[2025-07-03T05:35:17.857+0000] {processor.py:186} INFO - Started process (PID=222) to work on /opt/airflow/dags/driven_data_pipeline.py
[2025-07-03T05:35:17.858+0000] {processor.py:914} INFO - Processing file /opt/airflow/dags/driven_data_pipeline.py for tasks to queue
[2025-07-03T05:35:17.861+0000] {logging_mixin.py:190} INFO - [2025-07-03T05:35:17.860+0000] {dagbag.py:588} INFO - Filling up the DagBag from /opt/airflow/dags/driven_data_pipeline.py
[2025-07-03T05:35:18.040+0000] {processor.py:925} INFO - DAG(s) 'extract_raw_data_pipeline' retrieved from /opt/airflow/dags/driven_data_pipeline.py
[2025-07-03T05:35:18.068+0000] {logging_mixin.py:190} INFO - [2025-07-03T05:35:18.068+0000] {dag.py:3239} INFO - Sync 1 DAGs
[2025-07-03T05:35:18.089+0000] {logging_mixin.py:190} INFO - [2025-07-03T05:35:18.089+0000] {dag.py:4180} INFO - Setting next_dagrun for extract_raw_data_pipeline to 2025-07-02 07:59:00+00:00, run_after=2025-07-03 07:00:00+00:00
[2025-07-03T05:35:18.106+0000] {processor.py:208} INFO - Processing /opt/airflow/dags/driven_data_pipeline.py took 0.255 seconds
[2025-07-03T05:35:48.324+0000] {processor.py:186} INFO - Started process (PID=239) to work on /opt/airflow/dags/driven_data_pipeline.py
[2025-07-03T05:35:48.326+0000] {processor.py:914} INFO - Processing file /opt/airflow/dags/driven_data_pipeline.py for tasks to queue
[2025-07-03T05:35:48.329+0000] {logging_mixin.py:190} INFO - [2025-07-03T05:35:48.328+0000] {dagbag.py:588} INFO - Filling up the DagBag from /opt/airflow/dags/driven_data_pipeline.py
[2025-07-03T05:35:48.530+0000] {processor.py:925} INFO - DAG(s) 'extract_raw_data_pipeline' retrieved from /opt/airflow/dags/driven_data_pipeline.py
[2025-07-03T05:35:48.559+0000] {logging_mixin.py:190} INFO - [2025-07-03T05:35:48.559+0000] {dag.py:3239} INFO - Sync 1 DAGs
[2025-07-03T05:35:48.581+0000] {logging_mixin.py:190} INFO - [2025-07-03T05:35:48.580+0000] {dag.py:4180} INFO - Setting next_dagrun for extract_raw_data_pipeline to 2025-07-02 07:59:00+00:00, run_after=2025-07-03 07:00:00+00:00
[2025-07-03T05:35:48.598+0000] {processor.py:208} INFO - Processing /opt/airflow/dags/driven_data_pipeline.py took 0.281 seconds
[2025-07-03T05:36:18.815+0000] {processor.py:186} INFO - Started process (PID=247) to work on /opt/airflow/dags/driven_data_pipeline.py
[2025-07-03T05:36:18.816+0000] {processor.py:914} INFO - Processing file /opt/airflow/dags/driven_data_pipeline.py for tasks to queue
[2025-07-03T05:36:18.819+0000] {logging_mixin.py:190} INFO - [2025-07-03T05:36:18.819+0000] {dagbag.py:588} INFO - Filling up the DagBag from /opt/airflow/dags/driven_data_pipeline.py
[2025-07-03T05:36:19.006+0000] {processor.py:925} INFO - DAG(s) 'extract_raw_data_pipeline' retrieved from /opt/airflow/dags/driven_data_pipeline.py
[2025-07-03T05:36:19.031+0000] {logging_mixin.py:190} INFO - [2025-07-03T05:36:19.030+0000] {dag.py:3239} INFO - Sync 1 DAGs
[2025-07-03T05:36:19.050+0000] {logging_mixin.py:190} INFO - [2025-07-03T05:36:19.050+0000] {dag.py:4180} INFO - Setting next_dagrun for extract_raw_data_pipeline to 2025-07-02 07:59:00+00:00, run_after=2025-07-03 07:00:00+00:00
[2025-07-03T05:36:19.066+0000] {processor.py:208} INFO - Processing /opt/airflow/dags/driven_data_pipeline.py took 0.258 seconds
[2025-07-03T05:36:49.333+0000] {processor.py:186} INFO - Started process (PID=255) to work on /opt/airflow/dags/driven_data_pipeline.py
[2025-07-03T05:36:49.335+0000] {processor.py:914} INFO - Processing file /opt/airflow/dags/driven_data_pipeline.py for tasks to queue
[2025-07-03T05:36:49.339+0000] {logging_mixin.py:190} INFO - [2025-07-03T05:36:49.339+0000] {dagbag.py:588} INFO - Filling up the DagBag from /opt/airflow/dags/driven_data_pipeline.py
[2025-07-03T05:36:49.608+0000] {processor.py:925} INFO - DAG(s) 'extract_raw_data_pipeline' retrieved from /opt/airflow/dags/driven_data_pipeline.py
[2025-07-03T05:36:49.634+0000] {logging_mixin.py:190} INFO - [2025-07-03T05:36:49.634+0000] {dag.py:3239} INFO - Sync 1 DAGs
[2025-07-03T05:36:49.656+0000] {logging_mixin.py:190} INFO - [2025-07-03T05:36:49.656+0000] {dag.py:4180} INFO - Setting next_dagrun for extract_raw_data_pipeline to 2025-07-02 07:59:00+00:00, run_after=2025-07-03 07:00:00+00:00
[2025-07-03T05:36:49.674+0000] {processor.py:208} INFO - Processing /opt/airflow/dags/driven_data_pipeline.py took 0.352 seconds
[2025-07-03T05:37:19.885+0000] {processor.py:186} INFO - Started process (PID=264) to work on /opt/airflow/dags/driven_data_pipeline.py
[2025-07-03T05:37:19.887+0000] {processor.py:914} INFO - Processing file /opt/airflow/dags/driven_data_pipeline.py for tasks to queue
[2025-07-03T05:37:19.889+0000] {logging_mixin.py:190} INFO - [2025-07-03T05:37:19.889+0000] {dagbag.py:588} INFO - Filling up the DagBag from /opt/airflow/dags/driven_data_pipeline.py
[2025-07-03T05:37:20.100+0000] {processor.py:925} INFO - DAG(s) 'extract_raw_data_pipeline' retrieved from /opt/airflow/dags/driven_data_pipeline.py
[2025-07-03T05:37:20.129+0000] {logging_mixin.py:190} INFO - [2025-07-03T05:37:20.129+0000] {dag.py:3239} INFO - Sync 1 DAGs
[2025-07-03T05:37:20.152+0000] {logging_mixin.py:190} INFO - [2025-07-03T05:37:20.152+0000] {dag.py:4180} INFO - Setting next_dagrun for extract_raw_data_pipeline to 2025-07-02 07:59:00+00:00, run_after=2025-07-03 07:00:00+00:00
[2025-07-03T05:37:20.171+0000] {processor.py:208} INFO - Processing /opt/airflow/dags/driven_data_pipeline.py took 0.292 seconds
[2025-07-03T05:37:50.403+0000] {processor.py:186} INFO - Started process (PID=272) to work on /opt/airflow/dags/driven_data_pipeline.py
[2025-07-03T05:37:50.404+0000] {processor.py:914} INFO - Processing file /opt/airflow/dags/driven_data_pipeline.py for tasks to queue
[2025-07-03T05:37:50.407+0000] {logging_mixin.py:190} INFO - [2025-07-03T05:37:50.407+0000] {dagbag.py:588} INFO - Filling up the DagBag from /opt/airflow/dags/driven_data_pipeline.py
[2025-07-03T05:37:50.594+0000] {processor.py:925} INFO - DAG(s) 'extract_raw_data_pipeline' retrieved from /opt/airflow/dags/driven_data_pipeline.py
[2025-07-03T05:37:50.622+0000] {logging_mixin.py:190} INFO - [2025-07-03T05:37:50.622+0000] {dag.py:3239} INFO - Sync 1 DAGs
[2025-07-03T05:37:50.647+0000] {logging_mixin.py:190} INFO - [2025-07-03T05:37:50.647+0000] {dag.py:4180} INFO - Setting next_dagrun for extract_raw_data_pipeline to 2025-07-02 07:59:00+00:00, run_after=2025-07-03 07:00:00+00:00
[2025-07-03T05:37:50.665+0000] {processor.py:208} INFO - Processing /opt/airflow/dags/driven_data_pipeline.py took 0.269 seconds
[2025-07-03T05:38:20.881+0000] {processor.py:186} INFO - Started process (PID=280) to work on /opt/airflow/dags/driven_data_pipeline.py
[2025-07-03T05:38:20.882+0000] {processor.py:914} INFO - Processing file /opt/airflow/dags/driven_data_pipeline.py for tasks to queue
[2025-07-03T05:38:20.885+0000] {logging_mixin.py:190} INFO - [2025-07-03T05:38:20.885+0000] {dagbag.py:588} INFO - Filling up the DagBag from /opt/airflow/dags/driven_data_pipeline.py
[2025-07-03T05:38:21.071+0000] {processor.py:925} INFO - DAG(s) 'extract_raw_data_pipeline' retrieved from /opt/airflow/dags/driven_data_pipeline.py
[2025-07-03T05:38:21.099+0000] {logging_mixin.py:190} INFO - [2025-07-03T05:38:21.099+0000] {dag.py:3239} INFO - Sync 1 DAGs
[2025-07-03T05:38:21.121+0000] {logging_mixin.py:190} INFO - [2025-07-03T05:38:21.121+0000] {dag.py:4180} INFO - Setting next_dagrun for extract_raw_data_pipeline to 2025-07-02 07:59:00+00:00, run_after=2025-07-03 07:00:00+00:00
[2025-07-03T05:38:21.138+0000] {processor.py:208} INFO - Processing /opt/airflow/dags/driven_data_pipeline.py took 0.265 seconds
[2025-07-03T05:38:51.353+0000] {processor.py:186} INFO - Started process (PID=288) to work on /opt/airflow/dags/driven_data_pipeline.py
[2025-07-03T05:38:51.354+0000] {processor.py:914} INFO - Processing file /opt/airflow/dags/driven_data_pipeline.py for tasks to queue
[2025-07-03T05:38:51.357+0000] {logging_mixin.py:190} INFO - [2025-07-03T05:38:51.357+0000] {dagbag.py:588} INFO - Filling up the DagBag from /opt/airflow/dags/driven_data_pipeline.py
[2025-07-03T05:38:51.575+0000] {processor.py:925} INFO - DAG(s) 'extract_raw_data_pipeline' retrieved from /opt/airflow/dags/driven_data_pipeline.py
[2025-07-03T05:38:51.600+0000] {logging_mixin.py:190} INFO - [2025-07-03T05:38:51.599+0000] {dag.py:3239} INFO - Sync 1 DAGs
[2025-07-03T05:38:51.622+0000] {logging_mixin.py:190} INFO - [2025-07-03T05:38:51.621+0000] {dag.py:4180} INFO - Setting next_dagrun for extract_raw_data_pipeline to 2025-07-02 07:59:00+00:00, run_after=2025-07-03 07:00:00+00:00
[2025-07-03T05:38:51.640+0000] {processor.py:208} INFO - Processing /opt/airflow/dags/driven_data_pipeline.py took 0.294 seconds
[2025-07-03T05:39:21.863+0000] {processor.py:186} INFO - Started process (PID=296) to work on /opt/airflow/dags/driven_data_pipeline.py
[2025-07-03T05:39:21.864+0000] {processor.py:914} INFO - Processing file /opt/airflow/dags/driven_data_pipeline.py for tasks to queue
[2025-07-03T05:39:21.867+0000] {logging_mixin.py:190} INFO - [2025-07-03T05:39:21.866+0000] {dagbag.py:588} INFO - Filling up the DagBag from /opt/airflow/dags/driven_data_pipeline.py
[2025-07-03T05:39:22.094+0000] {processor.py:925} INFO - DAG(s) 'extract_raw_data_pipeline' retrieved from /opt/airflow/dags/driven_data_pipeline.py
[2025-07-03T05:39:22.125+0000] {logging_mixin.py:190} INFO - [2025-07-03T05:39:22.125+0000] {dag.py:3239} INFO - Sync 1 DAGs
[2025-07-03T05:39:22.145+0000] {logging_mixin.py:190} INFO - [2025-07-03T05:39:22.145+0000] {dag.py:4180} INFO - Setting next_dagrun for extract_raw_data_pipeline to 2025-07-02 07:59:00+00:00, run_after=2025-07-03 07:00:00+00:00
[2025-07-03T05:39:22.161+0000] {processor.py:208} INFO - Processing /opt/airflow/dags/driven_data_pipeline.py took 0.305 seconds
[2025-07-03T05:39:52.386+0000] {processor.py:186} INFO - Started process (PID=304) to work on /opt/airflow/dags/driven_data_pipeline.py
[2025-07-03T05:39:52.388+0000] {processor.py:914} INFO - Processing file /opt/airflow/dags/driven_data_pipeline.py for tasks to queue
[2025-07-03T05:39:52.391+0000] {logging_mixin.py:190} INFO - [2025-07-03T05:39:52.390+0000] {dagbag.py:588} INFO - Filling up the DagBag from /opt/airflow/dags/driven_data_pipeline.py
[2025-07-03T05:39:52.602+0000] {processor.py:925} INFO - DAG(s) 'extract_raw_data_pipeline' retrieved from /opt/airflow/dags/driven_data_pipeline.py
[2025-07-03T05:39:52.636+0000] {logging_mixin.py:190} INFO - [2025-07-03T05:39:52.635+0000] {dag.py:3239} INFO - Sync 1 DAGs
[2025-07-03T05:39:52.664+0000] {logging_mixin.py:190} INFO - [2025-07-03T05:39:52.663+0000] {dag.py:4180} INFO - Setting next_dagrun for extract_raw_data_pipeline to 2025-07-02 07:59:00+00:00, run_after=2025-07-03 07:00:00+00:00
[2025-07-03T05:39:52.684+0000] {processor.py:208} INFO - Processing /opt/airflow/dags/driven_data_pipeline.py took 0.305 seconds
[2025-07-03T05:40:22.894+0000] {processor.py:186} INFO - Started process (PID=320) to work on /opt/airflow/dags/driven_data_pipeline.py
[2025-07-03T05:40:22.895+0000] {processor.py:914} INFO - Processing file /opt/airflow/dags/driven_data_pipeline.py for tasks to queue
[2025-07-03T05:40:22.898+0000] {logging_mixin.py:190} INFO - [2025-07-03T05:40:22.897+0000] {dagbag.py:588} INFO - Filling up the DagBag from /opt/airflow/dags/driven_data_pipeline.py
[2025-07-03T05:40:23.075+0000] {processor.py:925} INFO - DAG(s) 'extract_raw_data_pipeline' retrieved from /opt/airflow/dags/driven_data_pipeline.py
[2025-07-03T05:40:23.101+0000] {logging_mixin.py:190} INFO - [2025-07-03T05:40:23.101+0000] {dag.py:3239} INFO - Sync 1 DAGs
[2025-07-03T05:40:23.124+0000] {logging_mixin.py:190} INFO - [2025-07-03T05:40:23.123+0000] {dag.py:4180} INFO - Setting next_dagrun for extract_raw_data_pipeline to 2025-07-02 07:59:00+00:00, run_after=2025-07-03 07:00:00+00:00
[2025-07-03T05:40:23.144+0000] {processor.py:208} INFO - Processing /opt/airflow/dags/driven_data_pipeline.py took 0.256 seconds
[2025-07-03T05:40:53.395+0000] {processor.py:186} INFO - Started process (PID=328) to work on /opt/airflow/dags/driven_data_pipeline.py
[2025-07-03T05:40:53.396+0000] {processor.py:914} INFO - Processing file /opt/airflow/dags/driven_data_pipeline.py for tasks to queue
[2025-07-03T05:40:53.399+0000] {logging_mixin.py:190} INFO - [2025-07-03T05:40:53.398+0000] {dagbag.py:588} INFO - Filling up the DagBag from /opt/airflow/dags/driven_data_pipeline.py
[2025-07-03T05:40:53.587+0000] {processor.py:925} INFO - DAG(s) 'extract_raw_data_pipeline' retrieved from /opt/airflow/dags/driven_data_pipeline.py
[2025-07-03T05:40:53.613+0000] {logging_mixin.py:190} INFO - [2025-07-03T05:40:53.613+0000] {dag.py:3239} INFO - Sync 1 DAGs
[2025-07-03T05:40:53.635+0000] {logging_mixin.py:190} INFO - [2025-07-03T05:40:53.634+0000] {dag.py:4180} INFO - Setting next_dagrun for extract_raw_data_pipeline to 2025-07-02 07:59:00+00:00, run_after=2025-07-03 07:00:00+00:00
[2025-07-03T05:40:53.651+0000] {processor.py:208} INFO - Processing /opt/airflow/dags/driven_data_pipeline.py took 0.265 seconds
[2025-07-03T05:41:23.875+0000] {processor.py:186} INFO - Started process (PID=336) to work on /opt/airflow/dags/driven_data_pipeline.py
[2025-07-03T05:41:23.876+0000] {processor.py:914} INFO - Processing file /opt/airflow/dags/driven_data_pipeline.py for tasks to queue
[2025-07-03T05:41:23.879+0000] {logging_mixin.py:190} INFO - [2025-07-03T05:41:23.878+0000] {dagbag.py:588} INFO - Filling up the DagBag from /opt/airflow/dags/driven_data_pipeline.py
[2025-07-03T05:41:24.058+0000] {processor.py:925} INFO - DAG(s) 'extract_raw_data_pipeline' retrieved from /opt/airflow/dags/driven_data_pipeline.py
[2025-07-03T05:41:24.084+0000] {logging_mixin.py:190} INFO - [2025-07-03T05:41:24.084+0000] {dag.py:3239} INFO - Sync 1 DAGs
[2025-07-03T05:41:24.103+0000] {logging_mixin.py:190} INFO - [2025-07-03T05:41:24.103+0000] {dag.py:4180} INFO - Setting next_dagrun for extract_raw_data_pipeline to 2025-07-02 07:59:00+00:00, run_after=2025-07-03 07:00:00+00:00
[2025-07-03T05:41:24.118+0000] {processor.py:208} INFO - Processing /opt/airflow/dags/driven_data_pipeline.py took 0.250 seconds
[2025-07-03T05:41:54.329+0000] {processor.py:186} INFO - Started process (PID=344) to work on /opt/airflow/dags/driven_data_pipeline.py
[2025-07-03T05:41:54.331+0000] {processor.py:914} INFO - Processing file /opt/airflow/dags/driven_data_pipeline.py for tasks to queue
[2025-07-03T05:41:54.334+0000] {logging_mixin.py:190} INFO - [2025-07-03T05:41:54.334+0000] {dagbag.py:588} INFO - Filling up the DagBag from /opt/airflow/dags/driven_data_pipeline.py
[2025-07-03T05:41:54.586+0000] {processor.py:925} INFO - DAG(s) 'extract_raw_data_pipeline' retrieved from /opt/airflow/dags/driven_data_pipeline.py
[2025-07-03T05:41:54.614+0000] {logging_mixin.py:190} INFO - [2025-07-03T05:41:54.614+0000] {dag.py:3239} INFO - Sync 1 DAGs
[2025-07-03T05:41:54.640+0000] {logging_mixin.py:190} INFO - [2025-07-03T05:41:54.640+0000] {dag.py:4180} INFO - Setting next_dagrun for extract_raw_data_pipeline to 2025-07-02 07:59:00+00:00, run_after=2025-07-03 07:00:00+00:00
[2025-07-03T05:41:54.657+0000] {processor.py:208} INFO - Processing /opt/airflow/dags/driven_data_pipeline.py took 0.336 seconds
[2025-07-03T05:42:24.904+0000] {processor.py:186} INFO - Started process (PID=352) to work on /opt/airflow/dags/driven_data_pipeline.py
[2025-07-03T05:42:24.906+0000] {processor.py:914} INFO - Processing file /opt/airflow/dags/driven_data_pipeline.py for tasks to queue
[2025-07-03T05:42:24.909+0000] {logging_mixin.py:190} INFO - [2025-07-03T05:42:24.908+0000] {dagbag.py:588} INFO - Filling up the DagBag from /opt/airflow/dags/driven_data_pipeline.py
[2025-07-03T05:42:25.098+0000] {processor.py:925} INFO - DAG(s) 'extract_raw_data_pipeline' retrieved from /opt/airflow/dags/driven_data_pipeline.py
[2025-07-03T05:42:25.123+0000] {logging_mixin.py:190} INFO - [2025-07-03T05:42:25.123+0000] {dag.py:3239} INFO - Sync 1 DAGs
[2025-07-03T05:42:25.143+0000] {logging_mixin.py:190} INFO - [2025-07-03T05:42:25.143+0000] {dag.py:4180} INFO - Setting next_dagrun for extract_raw_data_pipeline to 2025-07-02 07:59:00+00:00, run_after=2025-07-03 07:00:00+00:00
[2025-07-03T05:42:25.161+0000] {processor.py:208} INFO - Processing /opt/airflow/dags/driven_data_pipeline.py took 0.265 seconds
[2025-07-03T05:42:55.365+0000] {processor.py:186} INFO - Started process (PID=360) to work on /opt/airflow/dags/driven_data_pipeline.py
[2025-07-03T05:42:55.367+0000] {processor.py:914} INFO - Processing file /opt/airflow/dags/driven_data_pipeline.py for tasks to queue
[2025-07-03T05:42:55.372+0000] {logging_mixin.py:190} INFO - [2025-07-03T05:42:55.371+0000] {dagbag.py:588} INFO - Filling up the DagBag from /opt/airflow/dags/driven_data_pipeline.py
[2025-07-03T05:42:55.564+0000] {processor.py:925} INFO - DAG(s) 'extract_raw_data_pipeline' retrieved from /opt/airflow/dags/driven_data_pipeline.py
[2025-07-03T05:42:55.592+0000] {logging_mixin.py:190} INFO - [2025-07-03T05:42:55.592+0000] {dag.py:3239} INFO - Sync 1 DAGs
[2025-07-03T05:42:55.611+0000] {logging_mixin.py:190} INFO - [2025-07-03T05:42:55.611+0000] {dag.py:4180} INFO - Setting next_dagrun for extract_raw_data_pipeline to 2025-07-02 07:59:00+00:00, run_after=2025-07-03 07:00:00+00:00
[2025-07-03T05:42:55.627+0000] {processor.py:208} INFO - Processing /opt/airflow/dags/driven_data_pipeline.py took 0.268 seconds
[2025-07-03T05:43:25.902+0000] {processor.py:186} INFO - Started process (PID=368) to work on /opt/airflow/dags/driven_data_pipeline.py
[2025-07-03T05:43:25.904+0000] {processor.py:914} INFO - Processing file /opt/airflow/dags/driven_data_pipeline.py for tasks to queue
[2025-07-03T05:43:25.909+0000] {logging_mixin.py:190} INFO - [2025-07-03T05:43:25.908+0000] {dagbag.py:588} INFO - Filling up the DagBag from /opt/airflow/dags/driven_data_pipeline.py
[2025-07-03T05:43:26.151+0000] {processor.py:925} INFO - DAG(s) 'extract_raw_data_pipeline' retrieved from /opt/airflow/dags/driven_data_pipeline.py
[2025-07-03T05:43:26.179+0000] {logging_mixin.py:190} INFO - [2025-07-03T05:43:26.179+0000] {dag.py:3239} INFO - Sync 1 DAGs
[2025-07-03T05:43:26.200+0000] {logging_mixin.py:190} INFO - [2025-07-03T05:43:26.200+0000] {dag.py:4180} INFO - Setting next_dagrun for extract_raw_data_pipeline to 2025-07-02 07:59:00+00:00, run_after=2025-07-03 07:00:00+00:00
[2025-07-03T05:43:26.217+0000] {processor.py:208} INFO - Processing /opt/airflow/dags/driven_data_pipeline.py took 0.326 seconds
[2025-07-03T05:43:56.456+0000] {processor.py:186} INFO - Started process (PID=376) to work on /opt/airflow/dags/driven_data_pipeline.py
[2025-07-03T05:43:56.457+0000] {processor.py:914} INFO - Processing file /opt/airflow/dags/driven_data_pipeline.py for tasks to queue
[2025-07-03T05:43:56.460+0000] {logging_mixin.py:190} INFO - [2025-07-03T05:43:56.459+0000] {dagbag.py:588} INFO - Filling up the DagBag from /opt/airflow/dags/driven_data_pipeline.py
[2025-07-03T05:43:56.634+0000] {processor.py:925} INFO - DAG(s) 'extract_raw_data_pipeline' retrieved from /opt/airflow/dags/driven_data_pipeline.py
[2025-07-03T05:43:56.660+0000] {logging_mixin.py:190} INFO - [2025-07-03T05:43:56.660+0000] {dag.py:3239} INFO - Sync 1 DAGs
[2025-07-03T05:43:56.680+0000] {logging_mixin.py:190} INFO - [2025-07-03T05:43:56.679+0000] {dag.py:4180} INFO - Setting next_dagrun for extract_raw_data_pipeline to 2025-07-02 07:59:00+00:00, run_after=2025-07-03 07:00:00+00:00
[2025-07-03T05:43:56.695+0000] {processor.py:208} INFO - Processing /opt/airflow/dags/driven_data_pipeline.py took 0.245 seconds
[2025-07-03T05:44:26.908+0000] {processor.py:186} INFO - Started process (PID=384) to work on /opt/airflow/dags/driven_data_pipeline.py
[2025-07-03T05:44:26.909+0000] {processor.py:914} INFO - Processing file /opt/airflow/dags/driven_data_pipeline.py for tasks to queue
[2025-07-03T05:44:26.913+0000] {logging_mixin.py:190} INFO - [2025-07-03T05:44:26.912+0000] {dagbag.py:588} INFO - Filling up the DagBag from /opt/airflow/dags/driven_data_pipeline.py
[2025-07-03T05:44:27.118+0000] {processor.py:925} INFO - DAG(s) 'extract_raw_data_pipeline' retrieved from /opt/airflow/dags/driven_data_pipeline.py
[2025-07-03T05:44:27.145+0000] {logging_mixin.py:190} INFO - [2025-07-03T05:44:27.144+0000] {dag.py:3239} INFO - Sync 1 DAGs
[2025-07-03T05:44:27.164+0000] {logging_mixin.py:190} INFO - [2025-07-03T05:44:27.163+0000] {dag.py:4180} INFO - Setting next_dagrun for extract_raw_data_pipeline to 2025-07-02 07:59:00+00:00, run_after=2025-07-03 07:00:00+00:00
[2025-07-03T05:44:27.180+0000] {processor.py:208} INFO - Processing /opt/airflow/dags/driven_data_pipeline.py took 0.280 seconds
[2025-07-03T05:46:37.274+0000] {processor.py:186} INFO - Started process (PID=98) to work on /opt/airflow/dags/driven_data_pipeline.py
[2025-07-03T05:46:37.280+0000] {processor.py:914} INFO - Processing file /opt/airflow/dags/driven_data_pipeline.py for tasks to queue
[2025-07-03T05:46:37.303+0000] {logging_mixin.py:190} INFO - [2025-07-03T05:46:37.299+0000] {dagbag.py:588} INFO - Filling up the DagBag from /opt/airflow/dags/driven_data_pipeline.py
[2025-07-03T05:46:39.498+0000] {processor.py:925} INFO - DAG(s) 'extract_raw_data_pipeline' retrieved from /opt/airflow/dags/driven_data_pipeline.py
[2025-07-03T05:46:40.139+0000] {logging_mixin.py:190} INFO - [2025-07-03T05:46:40.135+0000] {override.py:1900} INFO - Created Permission View: can delete on DAG:extract_raw_data_pipeline
[2025-07-03T05:46:40.164+0000] {logging_mixin.py:190} INFO - [2025-07-03T05:46:40.163+0000] {override.py:1900} INFO - Created Permission View: can read on DAG:extract_raw_data_pipeline
[2025-07-03T05:46:40.176+0000] {logging_mixin.py:190} INFO - [2025-07-03T05:46:40.175+0000] {override.py:1900} INFO - Created Permission View: can edit on DAG:extract_raw_data_pipeline
[2025-07-03T05:46:40.187+0000] {logging_mixin.py:190} INFO - [2025-07-03T05:46:40.186+0000] {override.py:1900} INFO - Created Permission View: can delete on DAG Run:extract_raw_data_pipeline
[2025-07-03T05:46:40.196+0000] {logging_mixin.py:190} INFO - [2025-07-03T05:46:40.196+0000] {override.py:1900} INFO - Created Permission View: menu access on DAG Run:extract_raw_data_pipeline
[2025-07-03T05:46:40.205+0000] {logging_mixin.py:190} INFO - [2025-07-03T05:46:40.205+0000] {override.py:1900} INFO - Created Permission View: can read on DAG Run:extract_raw_data_pipeline
[2025-07-03T05:46:40.216+0000] {logging_mixin.py:190} INFO - [2025-07-03T05:46:40.215+0000] {override.py:1900} INFO - Created Permission View: can create on DAG Run:extract_raw_data_pipeline
[2025-07-03T05:46:40.217+0000] {logging_mixin.py:190} INFO - [2025-07-03T05:46:40.216+0000] {dag.py:3239} INFO - Sync 1 DAGs
[2025-07-03T05:46:40.239+0000] {logging_mixin.py:190} INFO - [2025-07-03T05:46:40.239+0000] {dag.py:3262} INFO - Creating ORM DAG for extract_raw_data_pipeline
[2025-07-03T05:46:40.258+0000] {logging_mixin.py:190} INFO - [2025-07-03T05:46:40.257+0000] {dag.py:4180} INFO - Setting next_dagrun for extract_raw_data_pipeline to 2025-07-02 07:58:00+00:00, run_after=2025-07-02 07:59:00+00:00
[2025-07-03T05:46:40.289+0000] {processor.py:208} INFO - Processing /opt/airflow/dags/driven_data_pipeline.py took 3.055 seconds
[2025-07-03T05:47:10.467+0000] {processor.py:186} INFO - Started process (PID=112) to work on /opt/airflow/dags/driven_data_pipeline.py
[2025-07-03T05:47:10.469+0000] {processor.py:914} INFO - Processing file /opt/airflow/dags/driven_data_pipeline.py for tasks to queue
[2025-07-03T05:47:10.473+0000] {logging_mixin.py:190} INFO - [2025-07-03T05:47:10.472+0000] {dagbag.py:588} INFO - Filling up the DagBag from /opt/airflow/dags/driven_data_pipeline.py
[2025-07-03T05:47:11.374+0000] {processor.py:925} INFO - DAG(s) 'extract_raw_data_pipeline' retrieved from /opt/airflow/dags/driven_data_pipeline.py
[2025-07-03T05:47:11.401+0000] {logging_mixin.py:190} INFO - [2025-07-03T05:47:11.400+0000] {dag.py:3239} INFO - Sync 1 DAGs
[2025-07-03T05:47:11.421+0000] {logging_mixin.py:190} INFO - [2025-07-03T05:47:11.421+0000] {dag.py:4180} INFO - Setting next_dagrun for extract_raw_data_pipeline to 2025-07-02 07:58:00+00:00, run_after=2025-07-02 07:59:00+00:00
[2025-07-03T05:47:11.440+0000] {processor.py:208} INFO - Processing /opt/airflow/dags/driven_data_pipeline.py took 0.982 seconds
[2025-07-03T05:47:41.672+0000] {processor.py:186} INFO - Started process (PID=120) to work on /opt/airflow/dags/driven_data_pipeline.py
[2025-07-03T05:47:41.674+0000] {processor.py:914} INFO - Processing file /opt/airflow/dags/driven_data_pipeline.py for tasks to queue
[2025-07-03T05:47:41.677+0000] {logging_mixin.py:190} INFO - [2025-07-03T05:47:41.677+0000] {dagbag.py:588} INFO - Filling up the DagBag from /opt/airflow/dags/driven_data_pipeline.py
[2025-07-03T05:47:42.471+0000] {processor.py:925} INFO - DAG(s) 'extract_raw_data_pipeline' retrieved from /opt/airflow/dags/driven_data_pipeline.py
[2025-07-03T05:47:42.498+0000] {logging_mixin.py:190} INFO - [2025-07-03T05:47:42.498+0000] {dag.py:3239} INFO - Sync 1 DAGs
[2025-07-03T05:47:42.519+0000] {logging_mixin.py:190} INFO - [2025-07-03T05:47:42.518+0000] {dag.py:4180} INFO - Setting next_dagrun for extract_raw_data_pipeline to 2025-07-02 07:58:00+00:00, run_after=2025-07-02 07:59:00+00:00
[2025-07-03T05:47:42.535+0000] {processor.py:208} INFO - Processing /opt/airflow/dags/driven_data_pipeline.py took 0.871 seconds
[2025-07-03T05:48:12.775+0000] {processor.py:186} INFO - Started process (PID=128) to work on /opt/airflow/dags/driven_data_pipeline.py
[2025-07-03T05:48:12.776+0000] {processor.py:914} INFO - Processing file /opt/airflow/dags/driven_data_pipeline.py for tasks to queue
[2025-07-03T05:48:12.779+0000] {logging_mixin.py:190} INFO - [2025-07-03T05:48:12.779+0000] {dagbag.py:588} INFO - Filling up the DagBag from /opt/airflow/dags/driven_data_pipeline.py
[2025-07-03T05:48:13.276+0000] {processor.py:925} INFO - DAG(s) 'extract_raw_data_pipeline' retrieved from /opt/airflow/dags/driven_data_pipeline.py
[2025-07-03T05:48:13.298+0000] {logging_mixin.py:190} INFO - [2025-07-03T05:48:13.297+0000] {dag.py:3239} INFO - Sync 1 DAGs
[2025-07-03T05:48:13.323+0000] {logging_mixin.py:190} INFO - [2025-07-03T05:48:13.323+0000] {dag.py:4180} INFO - Setting next_dagrun for extract_raw_data_pipeline to 2025-07-02 07:58:00+00:00, run_after=2025-07-02 07:59:00+00:00
[2025-07-03T05:48:13.339+0000] {processor.py:208} INFO - Processing /opt/airflow/dags/driven_data_pipeline.py took 0.570 seconds
[2025-07-03T05:48:43.667+0000] {processor.py:186} INFO - Started process (PID=143) to work on /opt/airflow/dags/driven_data_pipeline.py
[2025-07-03T05:48:43.669+0000] {processor.py:914} INFO - Processing file /opt/airflow/dags/driven_data_pipeline.py for tasks to queue
[2025-07-03T05:48:43.676+0000] {logging_mixin.py:190} INFO - [2025-07-03T05:48:43.675+0000] {dagbag.py:588} INFO - Filling up the DagBag from /opt/airflow/dags/driven_data_pipeline.py
[2025-07-03T05:48:44.652+0000] {processor.py:925} INFO - DAG(s) 'extract_raw_data_pipeline' retrieved from /opt/airflow/dags/driven_data_pipeline.py
[2025-07-03T05:48:44.702+0000] {logging_mixin.py:190} INFO - [2025-07-03T05:48:44.701+0000] {dag.py:3239} INFO - Sync 1 DAGs
[2025-07-03T05:48:44.736+0000] {logging_mixin.py:190} INFO - [2025-07-03T05:48:44.735+0000] {dag.py:4180} INFO - Setting next_dagrun for extract_raw_data_pipeline to 2025-07-02 07:59:00+00:00, run_after=2025-07-03 07:00:00+00:00
[2025-07-03T05:48:44.763+0000] {processor.py:208} INFO - Processing /opt/airflow/dags/driven_data_pipeline.py took 1.113 seconds
[2025-07-03T05:49:14.919+0000] {processor.py:186} INFO - Started process (PID=151) to work on /opt/airflow/dags/driven_data_pipeline.py
[2025-07-03T05:49:14.921+0000] {processor.py:914} INFO - Processing file /opt/airflow/dags/driven_data_pipeline.py for tasks to queue
[2025-07-03T05:49:14.926+0000] {logging_mixin.py:190} INFO - [2025-07-03T05:49:14.925+0000] {dagbag.py:588} INFO - Filling up the DagBag from /opt/airflow/dags/driven_data_pipeline.py
[2025-07-03T05:49:16.175+0000] {processor.py:925} INFO - DAG(s) 'extract_raw_data_pipeline' retrieved from /opt/airflow/dags/driven_data_pipeline.py
[2025-07-03T05:49:16.205+0000] {logging_mixin.py:190} INFO - [2025-07-03T05:49:16.205+0000] {dag.py:3239} INFO - Sync 1 DAGs
[2025-07-03T05:49:16.229+0000] {logging_mixin.py:190} INFO - [2025-07-03T05:49:16.229+0000] {dag.py:4180} INFO - Setting next_dagrun for extract_raw_data_pipeline to 2025-07-02 07:59:00+00:00, run_after=2025-07-03 07:00:00+00:00
[2025-07-03T05:49:16.249+0000] {processor.py:208} INFO - Processing /opt/airflow/dags/driven_data_pipeline.py took 1.340 seconds
[2025-07-03T05:49:46.547+0000] {processor.py:186} INFO - Started process (PID=163) to work on /opt/airflow/dags/driven_data_pipeline.py
[2025-07-03T05:49:46.550+0000] {processor.py:914} INFO - Processing file /opt/airflow/dags/driven_data_pipeline.py for tasks to queue
[2025-07-03T05:49:46.560+0000] {logging_mixin.py:190} INFO - [2025-07-03T05:49:46.558+0000] {dagbag.py:588} INFO - Filling up the DagBag from /opt/airflow/dags/driven_data_pipeline.py
[2025-07-03T05:49:47.320+0000] {processor.py:925} INFO - DAG(s) 'extract_raw_data_pipeline' retrieved from /opt/airflow/dags/driven_data_pipeline.py
[2025-07-03T05:49:47.354+0000] {logging_mixin.py:190} INFO - [2025-07-03T05:49:47.354+0000] {dag.py:3239} INFO - Sync 1 DAGs
[2025-07-03T05:49:47.371+0000] {logging_mixin.py:190} INFO - [2025-07-03T05:49:47.371+0000] {dag.py:4180} INFO - Setting next_dagrun for extract_raw_data_pipeline to 2025-07-02 07:59:00+00:00, run_after=2025-07-03 07:00:00+00:00
[2025-07-03T05:49:47.388+0000] {processor.py:208} INFO - Processing /opt/airflow/dags/driven_data_pipeline.py took 0.865 seconds
[2025-07-03T05:50:17.512+0000] {processor.py:186} INFO - Started process (PID=171) to work on /opt/airflow/dags/driven_data_pipeline.py
[2025-07-03T05:50:17.513+0000] {processor.py:914} INFO - Processing file /opt/airflow/dags/driven_data_pipeline.py for tasks to queue
[2025-07-03T05:50:17.515+0000] {logging_mixin.py:190} INFO - [2025-07-03T05:50:17.515+0000] {dagbag.py:588} INFO - Filling up the DagBag from /opt/airflow/dags/driven_data_pipeline.py
[2025-07-03T05:50:17.929+0000] {processor.py:925} INFO - DAG(s) 'extract_raw_data_pipeline' retrieved from /opt/airflow/dags/driven_data_pipeline.py
[2025-07-03T05:50:17.951+0000] {logging_mixin.py:190} INFO - [2025-07-03T05:50:17.951+0000] {dag.py:3239} INFO - Sync 1 DAGs
[2025-07-03T05:50:17.968+0000] {logging_mixin.py:190} INFO - [2025-07-03T05:50:17.968+0000] {dag.py:4180} INFO - Setting next_dagrun for extract_raw_data_pipeline to 2025-07-02 07:59:00+00:00, run_after=2025-07-03 07:00:00+00:00
[2025-07-03T05:50:17.980+0000] {processor.py:208} INFO - Processing /opt/airflow/dags/driven_data_pipeline.py took 0.474 seconds
[2025-07-03T05:50:48.270+0000] {processor.py:186} INFO - Started process (PID=179) to work on /opt/airflow/dags/driven_data_pipeline.py
[2025-07-03T05:50:48.272+0000] {processor.py:914} INFO - Processing file /opt/airflow/dags/driven_data_pipeline.py for tasks to queue
[2025-07-03T05:50:48.276+0000] {logging_mixin.py:190} INFO - [2025-07-03T05:50:48.276+0000] {dagbag.py:588} INFO - Filling up the DagBag from /opt/airflow/dags/driven_data_pipeline.py
[2025-07-03T05:50:48.805+0000] {processor.py:925} INFO - DAG(s) 'extract_raw_data_pipeline' retrieved from /opt/airflow/dags/driven_data_pipeline.py
[2025-07-03T05:50:48.830+0000] {logging_mixin.py:190} INFO - [2025-07-03T05:50:48.830+0000] {dag.py:3239} INFO - Sync 1 DAGs
[2025-07-03T05:50:48.850+0000] {logging_mixin.py:190} INFO - [2025-07-03T05:50:48.850+0000] {dag.py:4180} INFO - Setting next_dagrun for extract_raw_data_pipeline to 2025-07-02 07:59:00+00:00, run_after=2025-07-03 07:00:00+00:00
[2025-07-03T05:50:48.868+0000] {processor.py:208} INFO - Processing /opt/airflow/dags/driven_data_pipeline.py took 0.608 seconds
[2025-07-03T05:51:19.055+0000] {processor.py:186} INFO - Started process (PID=187) to work on /opt/airflow/dags/driven_data_pipeline.py
[2025-07-03T05:51:19.057+0000] {processor.py:914} INFO - Processing file /opt/airflow/dags/driven_data_pipeline.py for tasks to queue
[2025-07-03T05:51:19.059+0000] {logging_mixin.py:190} INFO - [2025-07-03T05:51:19.058+0000] {dagbag.py:588} INFO - Filling up the DagBag from /opt/airflow/dags/driven_data_pipeline.py
[2025-07-03T05:51:19.284+0000] {processor.py:925} INFO - DAG(s) 'extract_raw_data_pipeline' retrieved from /opt/airflow/dags/driven_data_pipeline.py
[2025-07-03T05:51:19.333+0000] {logging_mixin.py:190} INFO - [2025-07-03T05:51:19.333+0000] {dag.py:3239} INFO - Sync 1 DAGs
[2025-07-03T05:51:19.365+0000] {logging_mixin.py:190} INFO - [2025-07-03T05:51:19.364+0000] {dag.py:4180} INFO - Setting next_dagrun for extract_raw_data_pipeline to 2025-07-02 07:59:00+00:00, run_after=2025-07-03 07:00:00+00:00
[2025-07-03T05:51:19.401+0000] {processor.py:208} INFO - Processing /opt/airflow/dags/driven_data_pipeline.py took 0.351 seconds
[2025-07-03T05:51:49.558+0000] {processor.py:186} INFO - Started process (PID=195) to work on /opt/airflow/dags/driven_data_pipeline.py
[2025-07-03T05:51:49.560+0000] {processor.py:914} INFO - Processing file /opt/airflow/dags/driven_data_pipeline.py for tasks to queue
[2025-07-03T05:51:49.566+0000] {logging_mixin.py:190} INFO - [2025-07-03T05:51:49.565+0000] {dagbag.py:588} INFO - Filling up the DagBag from /opt/airflow/dags/driven_data_pipeline.py
[2025-07-03T05:51:49.896+0000] {processor.py:925} INFO - DAG(s) 'extract_raw_data_pipeline' retrieved from /opt/airflow/dags/driven_data_pipeline.py
[2025-07-03T05:51:49.927+0000] {logging_mixin.py:190} INFO - [2025-07-03T05:51:49.927+0000] {dag.py:3239} INFO - Sync 1 DAGs
[2025-07-03T05:51:49.970+0000] {logging_mixin.py:190} INFO - [2025-07-03T05:51:49.969+0000] {dag.py:4180} INFO - Setting next_dagrun for extract_raw_data_pipeline to 2025-07-02 07:59:00+00:00, run_after=2025-07-03 07:00:00+00:00
[2025-07-03T05:51:50.007+0000] {processor.py:208} INFO - Processing /opt/airflow/dags/driven_data_pipeline.py took 0.465 seconds
[2025-07-03T05:52:20.254+0000] {processor.py:186} INFO - Started process (PID=203) to work on /opt/airflow/dags/driven_data_pipeline.py
[2025-07-03T05:52:20.257+0000] {processor.py:914} INFO - Processing file /opt/airflow/dags/driven_data_pipeline.py for tasks to queue
[2025-07-03T05:52:20.262+0000] {logging_mixin.py:190} INFO - [2025-07-03T05:52:20.261+0000] {dagbag.py:588} INFO - Filling up the DagBag from /opt/airflow/dags/driven_data_pipeline.py
[2025-07-03T05:52:20.499+0000] {processor.py:925} INFO - DAG(s) 'extract_raw_data_pipeline' retrieved from /opt/airflow/dags/driven_data_pipeline.py
[2025-07-03T05:52:20.541+0000] {logging_mixin.py:190} INFO - [2025-07-03T05:52:20.541+0000] {dag.py:3239} INFO - Sync 1 DAGs
[2025-07-03T05:52:20.574+0000] {logging_mixin.py:190} INFO - [2025-07-03T05:52:20.574+0000] {dag.py:4180} INFO - Setting next_dagrun for extract_raw_data_pipeline to 2025-07-02 07:59:00+00:00, run_after=2025-07-03 07:00:00+00:00
[2025-07-03T05:52:20.596+0000] {processor.py:208} INFO - Processing /opt/airflow/dags/driven_data_pipeline.py took 0.353 seconds
[2025-07-03T19:21:30.458+0000] {processor.py:186} INFO - Started process (PID=92) to work on /opt/airflow/dags/driven_data_pipeline.py
[2025-07-03T19:21:30.464+0000] {processor.py:914} INFO - Processing file /opt/airflow/dags/driven_data_pipeline.py for tasks to queue
[2025-07-03T19:21:30.475+0000] {logging_mixin.py:190} INFO - [2025-07-03T19:21:30.474+0000] {dagbag.py:588} INFO - Filling up the DagBag from /opt/airflow/dags/driven_data_pipeline.py
[2025-07-03T19:21:31.648+0000] {processor.py:925} INFO - DAG(s) 'extract_raw_data_pipeline' retrieved from /opt/airflow/dags/driven_data_pipeline.py
[2025-07-03T19:21:31.756+0000] {logging_mixin.py:190} INFO - [2025-07-03T19:21:31.755+0000] {dag.py:3239} INFO - Sync 1 DAGs
[2025-07-03T19:21:31.816+0000] {logging_mixin.py:190} INFO - [2025-07-03T19:21:31.815+0000] {dag.py:4180} INFO - Setting next_dagrun for extract_raw_data_pipeline to 2025-07-03 07:59:00+00:00, run_after=2025-07-04 07:00:00+00:00
[2025-07-03T19:21:31.862+0000] {processor.py:208} INFO - Processing /opt/airflow/dags/driven_data_pipeline.py took 1.423 seconds
[2025-07-03T19:27:13.631+0000] {processor.py:186} INFO - Started process (PID=144) to work on /opt/airflow/dags/driven_data_pipeline.py
[2025-07-03T19:27:13.633+0000] {processor.py:914} INFO - Processing file /opt/airflow/dags/driven_data_pipeline.py for tasks to queue
[2025-07-03T19:27:13.650+0000] {logging_mixin.py:190} INFO - [2025-07-03T19:27:13.648+0000] {dagbag.py:588} INFO - Filling up the DagBag from /opt/airflow/dags/driven_data_pipeline.py
[2025-07-03T19:27:14.144+0000] {processor.py:925} INFO - DAG(s) 'extract_raw_data_pipeline' retrieved from /opt/airflow/dags/driven_data_pipeline.py
[2025-07-03T19:27:14.363+0000] {logging_mixin.py:190} INFO - [2025-07-03T19:27:14.362+0000] {override.py:1900} INFO - Created Permission View: can delete on DAG:extract_raw_data_pipeline
[2025-07-03T19:27:14.372+0000] {logging_mixin.py:190} INFO - [2025-07-03T19:27:14.372+0000] {override.py:1900} INFO - Created Permission View: can read on DAG:extract_raw_data_pipeline
[2025-07-03T19:27:14.379+0000] {logging_mixin.py:190} INFO - [2025-07-03T19:27:14.378+0000] {override.py:1900} INFO - Created Permission View: can edit on DAG:extract_raw_data_pipeline
[2025-07-03T19:27:14.385+0000] {logging_mixin.py:190} INFO - [2025-07-03T19:27:14.385+0000] {override.py:1900} INFO - Created Permission View: can create on DAG Run:extract_raw_data_pipeline
[2025-07-03T19:27:14.390+0000] {logging_mixin.py:190} INFO - [2025-07-03T19:27:14.390+0000] {override.py:1900} INFO - Created Permission View: can delete on DAG Run:extract_raw_data_pipeline
[2025-07-03T19:27:14.397+0000] {logging_mixin.py:190} INFO - [2025-07-03T19:27:14.397+0000] {override.py:1900} INFO - Created Permission View: can read on DAG Run:extract_raw_data_pipeline
[2025-07-03T19:27:14.403+0000] {logging_mixin.py:190} INFO - [2025-07-03T19:27:14.402+0000] {override.py:1900} INFO - Created Permission View: menu access on DAG Run:extract_raw_data_pipeline
[2025-07-03T19:27:14.403+0000] {logging_mixin.py:190} INFO - [2025-07-03T19:27:14.403+0000] {dag.py:3239} INFO - Sync 1 DAGs
[2025-07-03T19:27:14.413+0000] {logging_mixin.py:190} INFO - [2025-07-03T19:27:14.413+0000] {dag.py:3262} INFO - Creating ORM DAG for extract_raw_data_pipeline
[2025-07-03T19:27:14.422+0000] {logging_mixin.py:190} INFO - [2025-07-03T19:27:14.422+0000] {dag.py:4180} INFO - Setting next_dagrun for extract_raw_data_pipeline to 2025-07-03 07:58:00+00:00, run_after=2025-07-03 07:59:00+00:00
[2025-07-03T19:27:14.437+0000] {processor.py:208} INFO - Processing /opt/airflow/dags/driven_data_pipeline.py took 0.827 seconds
[2025-07-03T19:27:44.795+0000] {processor.py:186} INFO - Started process (PID=152) to work on /opt/airflow/dags/driven_data_pipeline.py
[2025-07-03T19:27:44.797+0000] {processor.py:914} INFO - Processing file /opt/airflow/dags/driven_data_pipeline.py for tasks to queue
[2025-07-03T19:27:44.808+0000] {logging_mixin.py:190} INFO - [2025-07-03T19:27:44.807+0000] {dagbag.py:588} INFO - Filling up the DagBag from /opt/airflow/dags/driven_data_pipeline.py
[2025-07-03T19:27:46.509+0000] {processor.py:925} INFO - DAG(s) 'extract_raw_data_pipeline' retrieved from /opt/airflow/dags/driven_data_pipeline.py
[2025-07-03T19:27:46.537+0000] {logging_mixin.py:190} INFO - [2025-07-03T19:27:46.536+0000] {dag.py:3239} INFO - Sync 1 DAGs
[2025-07-03T19:27:46.562+0000] {logging_mixin.py:190} INFO - [2025-07-03T19:27:46.562+0000] {dag.py:4180} INFO - Setting next_dagrun for extract_raw_data_pipeline to 2025-07-03 07:58:00+00:00, run_after=2025-07-03 07:59:00+00:00
[2025-07-03T19:27:46.580+0000] {processor.py:208} INFO - Processing /opt/airflow/dags/driven_data_pipeline.py took 1.798 seconds
[2025-07-03T19:28:16.838+0000] {processor.py:186} INFO - Started process (PID=160) to work on /opt/airflow/dags/driven_data_pipeline.py
[2025-07-03T19:28:16.840+0000] {processor.py:914} INFO - Processing file /opt/airflow/dags/driven_data_pipeline.py for tasks to queue
[2025-07-03T19:28:16.847+0000] {logging_mixin.py:190} INFO - [2025-07-03T19:28:16.844+0000] {dagbag.py:588} INFO - Filling up the DagBag from /opt/airflow/dags/driven_data_pipeline.py
[2025-07-03T19:28:17.978+0000] {processor.py:925} INFO - DAG(s) 'extract_raw_data_pipeline' retrieved from /opt/airflow/dags/driven_data_pipeline.py
[2025-07-03T19:28:18.022+0000] {logging_mixin.py:190} INFO - [2025-07-03T19:28:18.022+0000] {dag.py:3239} INFO - Sync 1 DAGs
[2025-07-03T19:28:18.058+0000] {logging_mixin.py:190} INFO - [2025-07-03T19:28:18.058+0000] {dag.py:4180} INFO - Setting next_dagrun for extract_raw_data_pipeline to 2025-07-03 07:58:00+00:00, run_after=2025-07-03 07:59:00+00:00
[2025-07-03T19:28:18.090+0000] {processor.py:208} INFO - Processing /opt/airflow/dags/driven_data_pipeline.py took 1.266 seconds
[2025-07-03T19:28:48.783+0000] {processor.py:186} INFO - Started process (PID=168) to work on /opt/airflow/dags/driven_data_pipeline.py
[2025-07-03T19:28:48.790+0000] {processor.py:914} INFO - Processing file /opt/airflow/dags/driven_data_pipeline.py for tasks to queue
[2025-07-03T19:28:48.862+0000] {logging_mixin.py:190} INFO - [2025-07-03T19:28:48.826+0000] {dagbag.py:588} INFO - Filling up the DagBag from /opt/airflow/dags/driven_data_pipeline.py
[2025-07-03T19:28:51.278+0000] {processor.py:925} INFO - DAG(s) 'extract_raw_data_pipeline' retrieved from /opt/airflow/dags/driven_data_pipeline.py
[2025-07-03T19:28:51.345+0000] {logging_mixin.py:190} INFO - [2025-07-03T19:28:51.345+0000] {dag.py:3239} INFO - Sync 1 DAGs
[2025-07-03T19:28:51.386+0000] {logging_mixin.py:190} INFO - [2025-07-03T19:28:51.386+0000] {dag.py:4180} INFO - Setting next_dagrun for extract_raw_data_pipeline to 2025-07-03 07:58:00+00:00, run_after=2025-07-03 07:59:00+00:00
[2025-07-03T19:28:51.414+0000] {processor.py:208} INFO - Processing /opt/airflow/dags/driven_data_pipeline.py took 2.734 seconds
[2025-07-03T19:29:21.684+0000] {processor.py:186} INFO - Started process (PID=176) to work on /opt/airflow/dags/driven_data_pipeline.py
[2025-07-03T19:29:21.685+0000] {processor.py:914} INFO - Processing file /opt/airflow/dags/driven_data_pipeline.py for tasks to queue
[2025-07-03T19:29:21.688+0000] {logging_mixin.py:190} INFO - [2025-07-03T19:29:21.687+0000] {dagbag.py:588} INFO - Filling up the DagBag from /opt/airflow/dags/driven_data_pipeline.py
[2025-07-03T19:29:22.232+0000] {processor.py:925} INFO - DAG(s) 'extract_raw_data_pipeline' retrieved from /opt/airflow/dags/driven_data_pipeline.py
[2025-07-03T19:29:22.267+0000] {logging_mixin.py:190} INFO - [2025-07-03T19:29:22.267+0000] {dag.py:3239} INFO - Sync 1 DAGs
[2025-07-03T19:29:22.295+0000] {logging_mixin.py:190} INFO - [2025-07-03T19:29:22.295+0000] {dag.py:4180} INFO - Setting next_dagrun for extract_raw_data_pipeline to 2025-07-03 07:58:00+00:00, run_after=2025-07-03 07:59:00+00:00
[2025-07-03T19:29:22.321+0000] {processor.py:208} INFO - Processing /opt/airflow/dags/driven_data_pipeline.py took 0.644 seconds
[2025-07-03T19:29:52.568+0000] {processor.py:186} INFO - Started process (PID=184) to work on /opt/airflow/dags/driven_data_pipeline.py
[2025-07-03T19:29:52.569+0000] {processor.py:914} INFO - Processing file /opt/airflow/dags/driven_data_pipeline.py for tasks to queue
[2025-07-03T19:29:52.572+0000] {logging_mixin.py:190} INFO - [2025-07-03T19:29:52.571+0000] {dagbag.py:588} INFO - Filling up the DagBag from /opt/airflow/dags/driven_data_pipeline.py
[2025-07-03T19:29:53.003+0000] {processor.py:925} INFO - DAG(s) 'extract_raw_data_pipeline' retrieved from /opt/airflow/dags/driven_data_pipeline.py
[2025-07-03T19:29:53.025+0000] {logging_mixin.py:190} INFO - [2025-07-03T19:29:53.025+0000] {dag.py:3239} INFO - Sync 1 DAGs
[2025-07-03T19:29:53.041+0000] {logging_mixin.py:190} INFO - [2025-07-03T19:29:53.041+0000] {dag.py:4180} INFO - Setting next_dagrun for extract_raw_data_pipeline to 2025-07-03 07:58:00+00:00, run_after=2025-07-03 07:59:00+00:00
[2025-07-03T19:29:53.055+0000] {processor.py:208} INFO - Processing /opt/airflow/dags/driven_data_pipeline.py took 0.493 seconds
[2025-07-03T19:30:23.301+0000] {processor.py:186} INFO - Started process (PID=192) to work on /opt/airflow/dags/driven_data_pipeline.py
[2025-07-03T19:30:23.302+0000] {processor.py:914} INFO - Processing file /opt/airflow/dags/driven_data_pipeline.py for tasks to queue
[2025-07-03T19:30:23.305+0000] {logging_mixin.py:190} INFO - [2025-07-03T19:30:23.305+0000] {dagbag.py:588} INFO - Filling up the DagBag from /opt/airflow/dags/driven_data_pipeline.py
[2025-07-03T19:30:23.798+0000] {processor.py:925} INFO - DAG(s) 'extract_raw_data_pipeline' retrieved from /opt/airflow/dags/driven_data_pipeline.py
[2025-07-03T19:30:23.819+0000] {logging_mixin.py:190} INFO - [2025-07-03T19:30:23.819+0000] {dag.py:3239} INFO - Sync 1 DAGs
[2025-07-03T19:30:23.838+0000] {logging_mixin.py:190} INFO - [2025-07-03T19:30:23.837+0000] {dag.py:4180} INFO - Setting next_dagrun for extract_raw_data_pipeline to 2025-07-03 07:58:00+00:00, run_after=2025-07-03 07:59:00+00:00
[2025-07-03T19:30:23.853+0000] {processor.py:208} INFO - Processing /opt/airflow/dags/driven_data_pipeline.py took 0.559 seconds
[2025-07-03T19:30:53.975+0000] {processor.py:186} INFO - Started process (PID=210) to work on /opt/airflow/dags/driven_data_pipeline.py
[2025-07-03T19:30:53.976+0000] {processor.py:914} INFO - Processing file /opt/airflow/dags/driven_data_pipeline.py for tasks to queue
[2025-07-03T19:30:53.982+0000] {logging_mixin.py:190} INFO - [2025-07-03T19:30:53.980+0000] {dagbag.py:588} INFO - Filling up the DagBag from /opt/airflow/dags/driven_data_pipeline.py
[2025-07-03T19:30:54.969+0000] {processor.py:925} INFO - DAG(s) 'extract_raw_data_pipeline' retrieved from /opt/airflow/dags/driven_data_pipeline.py
[2025-07-03T19:30:55.006+0000] {logging_mixin.py:190} INFO - [2025-07-03T19:30:55.006+0000] {dag.py:3239} INFO - Sync 1 DAGs
[2025-07-03T19:30:55.034+0000] {logging_mixin.py:190} INFO - [2025-07-03T19:30:55.034+0000] {dag.py:4180} INFO - Setting next_dagrun for extract_raw_data_pipeline to 2025-07-03 07:59:00+00:00, run_after=2025-07-04 07:00:00+00:00
[2025-07-03T19:30:55.060+0000] {processor.py:208} INFO - Processing /opt/airflow/dags/driven_data_pipeline.py took 1.093 seconds
[2025-07-03T19:31:25.288+0000] {processor.py:186} INFO - Started process (PID=218) to work on /opt/airflow/dags/driven_data_pipeline.py
[2025-07-03T19:31:25.289+0000] {processor.py:914} INFO - Processing file /opt/airflow/dags/driven_data_pipeline.py for tasks to queue
[2025-07-03T19:31:25.293+0000] {logging_mixin.py:190} INFO - [2025-07-03T19:31:25.292+0000] {dagbag.py:588} INFO - Filling up the DagBag from /opt/airflow/dags/driven_data_pipeline.py
[2025-07-03T19:31:26.024+0000] {processor.py:925} INFO - DAG(s) 'extract_raw_data_pipeline' retrieved from /opt/airflow/dags/driven_data_pipeline.py
[2025-07-03T19:31:26.050+0000] {logging_mixin.py:190} INFO - [2025-07-03T19:31:26.050+0000] {dag.py:3239} INFO - Sync 1 DAGs
[2025-07-03T19:31:26.071+0000] {logging_mixin.py:190} INFO - [2025-07-03T19:31:26.070+0000] {dag.py:4180} INFO - Setting next_dagrun for extract_raw_data_pipeline to 2025-07-03 07:59:00+00:00, run_after=2025-07-04 07:00:00+00:00
[2025-07-03T19:31:26.086+0000] {processor.py:208} INFO - Processing /opt/airflow/dags/driven_data_pipeline.py took 0.804 seconds
[2025-07-03T19:31:56.333+0000] {processor.py:186} INFO - Started process (PID=226) to work on /opt/airflow/dags/driven_data_pipeline.py
[2025-07-03T19:31:56.334+0000] {processor.py:914} INFO - Processing file /opt/airflow/dags/driven_data_pipeline.py for tasks to queue
[2025-07-03T19:31:56.336+0000] {logging_mixin.py:190} INFO - [2025-07-03T19:31:56.336+0000] {dagbag.py:588} INFO - Filling up the DagBag from /opt/airflow/dags/driven_data_pipeline.py
[2025-07-03T19:31:56.742+0000] {processor.py:925} INFO - DAG(s) 'extract_raw_data_pipeline' retrieved from /opt/airflow/dags/driven_data_pipeline.py
[2025-07-03T19:31:56.765+0000] {logging_mixin.py:190} INFO - [2025-07-03T19:31:56.765+0000] {dag.py:3239} INFO - Sync 1 DAGs
[2025-07-03T19:31:56.783+0000] {logging_mixin.py:190} INFO - [2025-07-03T19:31:56.783+0000] {dag.py:4180} INFO - Setting next_dagrun for extract_raw_data_pipeline to 2025-07-03 07:59:00+00:00, run_after=2025-07-04 07:00:00+00:00
[2025-07-03T19:31:56.798+0000] {processor.py:208} INFO - Processing /opt/airflow/dags/driven_data_pipeline.py took 0.471 seconds
[2025-07-03T19:32:27.023+0000] {processor.py:186} INFO - Started process (PID=234) to work on /opt/airflow/dags/driven_data_pipeline.py
[2025-07-03T19:32:27.024+0000] {processor.py:914} INFO - Processing file /opt/airflow/dags/driven_data_pipeline.py for tasks to queue
[2025-07-03T19:32:27.026+0000] {logging_mixin.py:190} INFO - [2025-07-03T19:32:27.026+0000] {dagbag.py:588} INFO - Filling up the DagBag from /opt/airflow/dags/driven_data_pipeline.py
[2025-07-03T19:32:27.419+0000] {processor.py:925} INFO - DAG(s) 'extract_raw_data_pipeline' retrieved from /opt/airflow/dags/driven_data_pipeline.py
[2025-07-03T19:32:27.440+0000] {logging_mixin.py:190} INFO - [2025-07-03T19:32:27.440+0000] {dag.py:3239} INFO - Sync 1 DAGs
[2025-07-03T19:32:27.457+0000] {logging_mixin.py:190} INFO - [2025-07-03T19:32:27.457+0000] {dag.py:4180} INFO - Setting next_dagrun for extract_raw_data_pipeline to 2025-07-03 07:59:00+00:00, run_after=2025-07-04 07:00:00+00:00
[2025-07-03T19:32:27.470+0000] {processor.py:208} INFO - Processing /opt/airflow/dags/driven_data_pipeline.py took 0.453 seconds
[2025-07-03T19:32:57.717+0000] {processor.py:186} INFO - Started process (PID=242) to work on /opt/airflow/dags/driven_data_pipeline.py
[2025-07-03T19:32:57.718+0000] {processor.py:914} INFO - Processing file /opt/airflow/dags/driven_data_pipeline.py for tasks to queue
[2025-07-03T19:32:57.721+0000] {logging_mixin.py:190} INFO - [2025-07-03T19:32:57.720+0000] {dagbag.py:588} INFO - Filling up the DagBag from /opt/airflow/dags/driven_data_pipeline.py
[2025-07-03T19:32:58.098+0000] {processor.py:925} INFO - DAG(s) 'extract_raw_data_pipeline' retrieved from /opt/airflow/dags/driven_data_pipeline.py
[2025-07-03T19:32:58.119+0000] {logging_mixin.py:190} INFO - [2025-07-03T19:32:58.119+0000] {dag.py:3239} INFO - Sync 1 DAGs
[2025-07-03T19:32:58.137+0000] {logging_mixin.py:190} INFO - [2025-07-03T19:32:58.137+0000] {dag.py:4180} INFO - Setting next_dagrun for extract_raw_data_pipeline to 2025-07-03 07:59:00+00:00, run_after=2025-07-04 07:00:00+00:00
[2025-07-03T19:32:58.151+0000] {processor.py:208} INFO - Processing /opt/airflow/dags/driven_data_pipeline.py took 0.441 seconds
[2025-07-03T19:33:28.428+0000] {processor.py:186} INFO - Started process (PID=250) to work on /opt/airflow/dags/driven_data_pipeline.py
[2025-07-03T19:33:28.429+0000] {processor.py:914} INFO - Processing file /opt/airflow/dags/driven_data_pipeline.py for tasks to queue
[2025-07-03T19:33:28.432+0000] {logging_mixin.py:190} INFO - [2025-07-03T19:33:28.432+0000] {dagbag.py:588} INFO - Filling up the DagBag from /opt/airflow/dags/driven_data_pipeline.py
[2025-07-03T19:33:28.828+0000] {processor.py:925} INFO - DAG(s) 'extract_raw_data_pipeline' retrieved from /opt/airflow/dags/driven_data_pipeline.py
[2025-07-03T19:33:28.882+0000] {logging_mixin.py:190} INFO - [2025-07-03T19:33:28.881+0000] {dag.py:3239} INFO - Sync 1 DAGs
[2025-07-03T19:33:28.927+0000] {logging_mixin.py:190} INFO - [2025-07-03T19:33:28.927+0000] {dag.py:4180} INFO - Setting next_dagrun for extract_raw_data_pipeline to 2025-07-03 07:59:00+00:00, run_after=2025-07-04 07:00:00+00:00
[2025-07-03T19:33:28.986+0000] {processor.py:208} INFO - Processing /opt/airflow/dags/driven_data_pipeline.py took 0.565 seconds
[2025-07-03T19:33:59.161+0000] {processor.py:186} INFO - Started process (PID=258) to work on /opt/airflow/dags/driven_data_pipeline.py
[2025-07-03T19:33:59.163+0000] {processor.py:914} INFO - Processing file /opt/airflow/dags/driven_data_pipeline.py for tasks to queue
[2025-07-03T19:33:59.165+0000] {logging_mixin.py:190} INFO - [2025-07-03T19:33:59.165+0000] {dagbag.py:588} INFO - Filling up the DagBag from /opt/airflow/dags/driven_data_pipeline.py
[2025-07-03T19:33:59.375+0000] {processor.py:925} INFO - DAG(s) 'extract_raw_data_pipeline' retrieved from /opt/airflow/dags/driven_data_pipeline.py
[2025-07-03T19:33:59.408+0000] {logging_mixin.py:190} INFO - [2025-07-03T19:33:59.408+0000] {dag.py:3239} INFO - Sync 1 DAGs
[2025-07-03T19:33:59.432+0000] {logging_mixin.py:190} INFO - [2025-07-03T19:33:59.432+0000] {dag.py:4180} INFO - Setting next_dagrun for extract_raw_data_pipeline to 2025-07-03 07:59:00+00:00, run_after=2025-07-04 07:00:00+00:00
[2025-07-03T19:33:59.448+0000] {processor.py:208} INFO - Processing /opt/airflow/dags/driven_data_pipeline.py took 0.294 seconds
[2025-07-03T19:34:29.660+0000] {processor.py:186} INFO - Started process (PID=266) to work on /opt/airflow/dags/driven_data_pipeline.py
[2025-07-03T19:34:29.661+0000] {processor.py:914} INFO - Processing file /opt/airflow/dags/driven_data_pipeline.py for tasks to queue
[2025-07-03T19:34:29.663+0000] {logging_mixin.py:190} INFO - [2025-07-03T19:34:29.663+0000] {dagbag.py:588} INFO - Filling up the DagBag from /opt/airflow/dags/driven_data_pipeline.py
[2025-07-03T19:34:29.996+0000] {processor.py:925} INFO - DAG(s) 'extract_raw_data_pipeline' retrieved from /opt/airflow/dags/driven_data_pipeline.py
[2025-07-03T19:34:30.023+0000] {logging_mixin.py:190} INFO - [2025-07-03T19:34:30.023+0000] {dag.py:3239} INFO - Sync 1 DAGs
[2025-07-03T19:34:30.048+0000] {logging_mixin.py:190} INFO - [2025-07-03T19:34:30.048+0000] {dag.py:4180} INFO - Setting next_dagrun for extract_raw_data_pipeline to 2025-07-03 07:59:00+00:00, run_after=2025-07-04 07:00:00+00:00
[2025-07-03T19:34:30.067+0000] {processor.py:208} INFO - Processing /opt/airflow/dags/driven_data_pipeline.py took 0.414 seconds
[2025-07-03T19:35:00.315+0000] {processor.py:186} INFO - Started process (PID=274) to work on /opt/airflow/dags/driven_data_pipeline.py
[2025-07-03T19:35:00.317+0000] {processor.py:914} INFO - Processing file /opt/airflow/dags/driven_data_pipeline.py for tasks to queue
[2025-07-03T19:35:00.321+0000] {logging_mixin.py:190} INFO - [2025-07-03T19:35:00.321+0000] {dagbag.py:588} INFO - Filling up the DagBag from /opt/airflow/dags/driven_data_pipeline.py
[2025-07-03T19:35:00.662+0000] {processor.py:925} INFO - DAG(s) 'extract_raw_data_pipeline' retrieved from /opt/airflow/dags/driven_data_pipeline.py
[2025-07-03T19:35:00.720+0000] {logging_mixin.py:190} INFO - [2025-07-03T19:35:00.719+0000] {dag.py:3239} INFO - Sync 1 DAGs
[2025-07-03T19:35:00.753+0000] {logging_mixin.py:190} INFO - [2025-07-03T19:35:00.753+0000] {dag.py:4180} INFO - Setting next_dagrun for extract_raw_data_pipeline to 2025-07-03 07:59:00+00:00, run_after=2025-07-04 07:00:00+00:00
[2025-07-03T19:35:00.774+0000] {processor.py:208} INFO - Processing /opt/airflow/dags/driven_data_pipeline.py took 0.472 seconds
[2025-07-03T19:35:31.007+0000] {processor.py:186} INFO - Started process (PID=282) to work on /opt/airflow/dags/driven_data_pipeline.py
[2025-07-03T19:35:31.009+0000] {processor.py:914} INFO - Processing file /opt/airflow/dags/driven_data_pipeline.py for tasks to queue
[2025-07-03T19:35:31.012+0000] {logging_mixin.py:190} INFO - [2025-07-03T19:35:31.011+0000] {dagbag.py:588} INFO - Filling up the DagBag from /opt/airflow/dags/driven_data_pipeline.py
[2025-07-03T19:35:31.247+0000] {processor.py:925} INFO - DAG(s) 'extract_raw_data_pipeline' retrieved from /opt/airflow/dags/driven_data_pipeline.py
[2025-07-03T19:35:31.273+0000] {logging_mixin.py:190} INFO - [2025-07-03T19:35:31.273+0000] {dag.py:3239} INFO - Sync 1 DAGs
[2025-07-03T19:35:31.295+0000] {logging_mixin.py:190} INFO - [2025-07-03T19:35:31.294+0000] {dag.py:4180} INFO - Setting next_dagrun for extract_raw_data_pipeline to 2025-07-03 07:59:00+00:00, run_after=2025-07-04 07:00:00+00:00
[2025-07-03T19:35:31.312+0000] {processor.py:208} INFO - Processing /opt/airflow/dags/driven_data_pipeline.py took 0.311 seconds
[2025-07-03T19:36:01.579+0000] {processor.py:186} INFO - Started process (PID=290) to work on /opt/airflow/dags/driven_data_pipeline.py
[2025-07-03T19:36:01.580+0000] {processor.py:914} INFO - Processing file /opt/airflow/dags/driven_data_pipeline.py for tasks to queue
[2025-07-03T19:36:01.585+0000] {logging_mixin.py:190} INFO - [2025-07-03T19:36:01.585+0000] {dagbag.py:588} INFO - Filling up the DagBag from /opt/airflow/dags/driven_data_pipeline.py
[2025-07-03T19:36:02.043+0000] {processor.py:925} INFO - DAG(s) 'extract_raw_data_pipeline' retrieved from /opt/airflow/dags/driven_data_pipeline.py
[2025-07-03T19:36:02.085+0000] {logging_mixin.py:190} INFO - [2025-07-03T19:36:02.085+0000] {dag.py:3239} INFO - Sync 1 DAGs
[2025-07-03T19:36:02.113+0000] {logging_mixin.py:190} INFO - [2025-07-03T19:36:02.113+0000] {dag.py:4180} INFO - Setting next_dagrun for extract_raw_data_pipeline to 2025-07-03 07:59:00+00:00, run_after=2025-07-04 07:00:00+00:00
[2025-07-03T19:36:02.135+0000] {processor.py:208} INFO - Processing /opt/airflow/dags/driven_data_pipeline.py took 0.564 seconds
[2025-07-03T19:36:32.370+0000] {processor.py:186} INFO - Started process (PID=298) to work on /opt/airflow/dags/driven_data_pipeline.py
[2025-07-03T19:36:32.371+0000] {processor.py:914} INFO - Processing file /opt/airflow/dags/driven_data_pipeline.py for tasks to queue
[2025-07-03T19:36:32.373+0000] {logging_mixin.py:190} INFO - [2025-07-03T19:36:32.373+0000] {dagbag.py:588} INFO - Filling up the DagBag from /opt/airflow/dags/driven_data_pipeline.py
[2025-07-03T19:36:32.720+0000] {processor.py:925} INFO - DAG(s) 'extract_raw_data_pipeline' retrieved from /opt/airflow/dags/driven_data_pipeline.py
[2025-07-03T19:36:32.758+0000] {logging_mixin.py:190} INFO - [2025-07-03T19:36:32.757+0000] {dag.py:3239} INFO - Sync 1 DAGs
[2025-07-03T19:36:32.781+0000] {logging_mixin.py:190} INFO - [2025-07-03T19:36:32.781+0000] {dag.py:4180} INFO - Setting next_dagrun for extract_raw_data_pipeline to 2025-07-03 07:59:00+00:00, run_after=2025-07-04 07:00:00+00:00
[2025-07-03T19:36:32.799+0000] {processor.py:208} INFO - Processing /opt/airflow/dags/driven_data_pipeline.py took 0.435 seconds
[2025-07-03T19:37:02.959+0000] {processor.py:186} INFO - Started process (PID=306) to work on /opt/airflow/dags/driven_data_pipeline.py
[2025-07-03T19:37:02.960+0000] {processor.py:914} INFO - Processing file /opt/airflow/dags/driven_data_pipeline.py for tasks to queue
[2025-07-03T19:37:02.963+0000] {logging_mixin.py:190} INFO - [2025-07-03T19:37:02.963+0000] {dagbag.py:588} INFO - Filling up the DagBag from /opt/airflow/dags/driven_data_pipeline.py
[2025-07-03T19:37:03.253+0000] {processor.py:925} INFO - DAG(s) 'extract_raw_data_pipeline' retrieved from /opt/airflow/dags/driven_data_pipeline.py
[2025-07-03T19:37:03.279+0000] {logging_mixin.py:190} INFO - [2025-07-03T19:37:03.279+0000] {dag.py:3239} INFO - Sync 1 DAGs
[2025-07-03T19:37:03.302+0000] {logging_mixin.py:190} INFO - [2025-07-03T19:37:03.302+0000] {dag.py:4180} INFO - Setting next_dagrun for extract_raw_data_pipeline to 2025-07-03 07:59:00+00:00, run_after=2025-07-04 07:00:00+00:00
[2025-07-03T19:37:03.319+0000] {processor.py:208} INFO - Processing /opt/airflow/dags/driven_data_pipeline.py took 0.367 seconds
[2025-07-03T19:37:33.628+0000] {processor.py:186} INFO - Started process (PID=314) to work on /opt/airflow/dags/driven_data_pipeline.py
[2025-07-03T19:37:33.631+0000] {processor.py:914} INFO - Processing file /opt/airflow/dags/driven_data_pipeline.py for tasks to queue
[2025-07-03T19:37:33.636+0000] {logging_mixin.py:190} INFO - [2025-07-03T19:37:33.635+0000] {dagbag.py:588} INFO - Filling up the DagBag from /opt/airflow/dags/driven_data_pipeline.py
[2025-07-03T19:37:33.941+0000] {processor.py:925} INFO - DAG(s) 'extract_raw_data_pipeline' retrieved from /opt/airflow/dags/driven_data_pipeline.py
[2025-07-03T19:37:33.973+0000] {logging_mixin.py:190} INFO - [2025-07-03T19:37:33.973+0000] {dag.py:3239} INFO - Sync 1 DAGs
[2025-07-03T19:37:33.996+0000] {logging_mixin.py:190} INFO - [2025-07-03T19:37:33.995+0000] {dag.py:4180} INFO - Setting next_dagrun for extract_raw_data_pipeline to 2025-07-03 07:59:00+00:00, run_after=2025-07-04 07:00:00+00:00
[2025-07-03T19:37:34.013+0000] {processor.py:208} INFO - Processing /opt/airflow/dags/driven_data_pipeline.py took 0.399 seconds
[2025-07-03T19:38:04.241+0000] {processor.py:186} INFO - Started process (PID=322) to work on /opt/airflow/dags/driven_data_pipeline.py
[2025-07-03T19:38:04.242+0000] {processor.py:914} INFO - Processing file /opt/airflow/dags/driven_data_pipeline.py for tasks to queue
[2025-07-03T19:38:04.245+0000] {logging_mixin.py:190} INFO - [2025-07-03T19:38:04.245+0000] {dagbag.py:588} INFO - Filling up the DagBag from /opt/airflow/dags/driven_data_pipeline.py
[2025-07-03T19:38:04.763+0000] {processor.py:925} INFO - DAG(s) 'extract_raw_data_pipeline' retrieved from /opt/airflow/dags/driven_data_pipeline.py
[2025-07-03T19:38:04.799+0000] {logging_mixin.py:190} INFO - [2025-07-03T19:38:04.798+0000] {dag.py:3239} INFO - Sync 1 DAGs
[2025-07-03T19:38:04.823+0000] {logging_mixin.py:190} INFO - [2025-07-03T19:38:04.822+0000] {dag.py:4180} INFO - Setting next_dagrun for extract_raw_data_pipeline to 2025-07-03 07:59:00+00:00, run_after=2025-07-04 07:00:00+00:00
[2025-07-03T19:38:04.845+0000] {processor.py:208} INFO - Processing /opt/airflow/dags/driven_data_pipeline.py took 0.611 seconds
[2025-07-03T19:38:35.024+0000] {processor.py:186} INFO - Started process (PID=330) to work on /opt/airflow/dags/driven_data_pipeline.py
[2025-07-03T19:38:35.025+0000] {processor.py:914} INFO - Processing file /opt/airflow/dags/driven_data_pipeline.py for tasks to queue
[2025-07-03T19:38:35.027+0000] {logging_mixin.py:190} INFO - [2025-07-03T19:38:35.027+0000] {dagbag.py:588} INFO - Filling up the DagBag from /opt/airflow/dags/driven_data_pipeline.py
[2025-07-03T19:38:35.215+0000] {processor.py:925} INFO - DAG(s) 'extract_raw_data_pipeline' retrieved from /opt/airflow/dags/driven_data_pipeline.py
[2025-07-03T19:38:35.240+0000] {logging_mixin.py:190} INFO - [2025-07-03T19:38:35.240+0000] {dag.py:3239} INFO - Sync 1 DAGs
[2025-07-03T19:38:35.261+0000] {logging_mixin.py:190} INFO - [2025-07-03T19:38:35.261+0000] {dag.py:4180} INFO - Setting next_dagrun for extract_raw_data_pipeline to 2025-07-03 07:59:00+00:00, run_after=2025-07-04 07:00:00+00:00
[2025-07-03T19:38:35.278+0000] {processor.py:208} INFO - Processing /opt/airflow/dags/driven_data_pipeline.py took 0.260 seconds
[2025-07-03T19:39:05.495+0000] {processor.py:186} INFO - Started process (PID=338) to work on /opt/airflow/dags/driven_data_pipeline.py
[2025-07-03T19:39:05.496+0000] {processor.py:914} INFO - Processing file /opt/airflow/dags/driven_data_pipeline.py for tasks to queue
[2025-07-03T19:39:05.499+0000] {logging_mixin.py:190} INFO - [2025-07-03T19:39:05.498+0000] {dagbag.py:588} INFO - Filling up the DagBag from /opt/airflow/dags/driven_data_pipeline.py
[2025-07-03T19:39:05.787+0000] {processor.py:925} INFO - DAG(s) 'extract_raw_data_pipeline' retrieved from /opt/airflow/dags/driven_data_pipeline.py
[2025-07-03T19:39:05.811+0000] {logging_mixin.py:190} INFO - [2025-07-03T19:39:05.811+0000] {dag.py:3239} INFO - Sync 1 DAGs
[2025-07-03T19:39:05.831+0000] {logging_mixin.py:190} INFO - [2025-07-03T19:39:05.831+0000] {dag.py:4180} INFO - Setting next_dagrun for extract_raw_data_pipeline to 2025-07-03 07:59:00+00:00, run_after=2025-07-04 07:00:00+00:00
[2025-07-03T19:39:05.846+0000] {processor.py:208} INFO - Processing /opt/airflow/dags/driven_data_pipeline.py took 0.357 seconds
[2025-07-03T19:39:36.069+0000] {processor.py:186} INFO - Started process (PID=346) to work on /opt/airflow/dags/driven_data_pipeline.py
[2025-07-03T19:39:36.070+0000] {processor.py:914} INFO - Processing file /opt/airflow/dags/driven_data_pipeline.py for tasks to queue
[2025-07-03T19:39:36.072+0000] {logging_mixin.py:190} INFO - [2025-07-03T19:39:36.072+0000] {dagbag.py:588} INFO - Filling up the DagBag from /opt/airflow/dags/driven_data_pipeline.py
[2025-07-03T19:39:36.344+0000] {processor.py:925} INFO - DAG(s) 'extract_raw_data_pipeline' retrieved from /opt/airflow/dags/driven_data_pipeline.py
[2025-07-03T19:39:36.375+0000] {logging_mixin.py:190} INFO - [2025-07-03T19:39:36.375+0000] {dag.py:3239} INFO - Sync 1 DAGs
[2025-07-03T19:39:36.396+0000] {logging_mixin.py:190} INFO - [2025-07-03T19:39:36.396+0000] {dag.py:4180} INFO - Setting next_dagrun for extract_raw_data_pipeline to 2025-07-03 07:59:00+00:00, run_after=2025-07-04 07:00:00+00:00
[2025-07-03T19:39:36.412+0000] {processor.py:208} INFO - Processing /opt/airflow/dags/driven_data_pipeline.py took 0.349 seconds
[2025-07-03T19:40:06.638+0000] {processor.py:186} INFO - Started process (PID=354) to work on /opt/airflow/dags/driven_data_pipeline.py
[2025-07-03T19:40:06.639+0000] {processor.py:914} INFO - Processing file /opt/airflow/dags/driven_data_pipeline.py for tasks to queue
[2025-07-03T19:40:06.642+0000] {logging_mixin.py:190} INFO - [2025-07-03T19:40:06.641+0000] {dagbag.py:588} INFO - Filling up the DagBag from /opt/airflow/dags/driven_data_pipeline.py
[2025-07-03T19:40:06.889+0000] {processor.py:925} INFO - DAG(s) 'extract_raw_data_pipeline' retrieved from /opt/airflow/dags/driven_data_pipeline.py
[2025-07-03T19:40:06.918+0000] {logging_mixin.py:190} INFO - [2025-07-03T19:40:06.918+0000] {dag.py:3239} INFO - Sync 1 DAGs
[2025-07-03T19:40:06.943+0000] {logging_mixin.py:190} INFO - [2025-07-03T19:40:06.943+0000] {dag.py:4180} INFO - Setting next_dagrun for extract_raw_data_pipeline to 2025-07-03 07:59:00+00:00, run_after=2025-07-04 07:00:00+00:00
[2025-07-03T19:40:06.965+0000] {processor.py:208} INFO - Processing /opt/airflow/dags/driven_data_pipeline.py took 0.335 seconds
[2025-07-03T19:40:37.200+0000] {processor.py:186} INFO - Started process (PID=362) to work on /opt/airflow/dags/driven_data_pipeline.py
[2025-07-03T19:40:37.201+0000] {processor.py:914} INFO - Processing file /opt/airflow/dags/driven_data_pipeline.py for tasks to queue
[2025-07-03T19:40:37.204+0000] {logging_mixin.py:190} INFO - [2025-07-03T19:40:37.203+0000] {dagbag.py:588} INFO - Filling up the DagBag from /opt/airflow/dags/driven_data_pipeline.py
[2025-07-03T19:40:37.534+0000] {processor.py:925} INFO - DAG(s) 'extract_raw_data_pipeline' retrieved from /opt/airflow/dags/driven_data_pipeline.py
[2025-07-03T19:40:37.561+0000] {logging_mixin.py:190} INFO - [2025-07-03T19:40:37.561+0000] {dag.py:3239} INFO - Sync 1 DAGs
[2025-07-03T19:40:37.581+0000] {logging_mixin.py:190} INFO - [2025-07-03T19:40:37.581+0000] {dag.py:4180} INFO - Setting next_dagrun for extract_raw_data_pipeline to 2025-07-03 07:59:00+00:00, run_after=2025-07-04 07:00:00+00:00
[2025-07-03T19:40:37.598+0000] {processor.py:208} INFO - Processing /opt/airflow/dags/driven_data_pipeline.py took 0.404 seconds
[2025-07-03T19:41:07.820+0000] {processor.py:186} INFO - Started process (PID=370) to work on /opt/airflow/dags/driven_data_pipeline.py
[2025-07-03T19:41:07.821+0000] {processor.py:914} INFO - Processing file /opt/airflow/dags/driven_data_pipeline.py for tasks to queue
[2025-07-03T19:41:07.824+0000] {logging_mixin.py:190} INFO - [2025-07-03T19:41:07.824+0000] {dagbag.py:588} INFO - Filling up the DagBag from /opt/airflow/dags/driven_data_pipeline.py
[2025-07-03T19:41:08.068+0000] {processor.py:925} INFO - DAG(s) 'extract_raw_data_pipeline' retrieved from /opt/airflow/dags/driven_data_pipeline.py
[2025-07-03T19:41:08.095+0000] {logging_mixin.py:190} INFO - [2025-07-03T19:41:08.094+0000] {dag.py:3239} INFO - Sync 1 DAGs
[2025-07-03T19:41:08.117+0000] {logging_mixin.py:190} INFO - [2025-07-03T19:41:08.117+0000] {dag.py:4180} INFO - Setting next_dagrun for extract_raw_data_pipeline to 2025-07-03 07:59:00+00:00, run_after=2025-07-04 07:00:00+00:00
[2025-07-03T19:41:08.134+0000] {processor.py:208} INFO - Processing /opt/airflow/dags/driven_data_pipeline.py took 0.320 seconds
[2025-07-03T19:41:38.352+0000] {processor.py:186} INFO - Started process (PID=378) to work on /opt/airflow/dags/driven_data_pipeline.py
[2025-07-03T19:41:38.353+0000] {processor.py:914} INFO - Processing file /opt/airflow/dags/driven_data_pipeline.py for tasks to queue
[2025-07-03T19:41:38.356+0000] {logging_mixin.py:190} INFO - [2025-07-03T19:41:38.356+0000] {dagbag.py:588} INFO - Filling up the DagBag from /opt/airflow/dags/driven_data_pipeline.py
[2025-07-03T19:41:38.650+0000] {processor.py:925} INFO - DAG(s) 'extract_raw_data_pipeline' retrieved from /opt/airflow/dags/driven_data_pipeline.py
[2025-07-03T19:41:38.700+0000] {logging_mixin.py:190} INFO - [2025-07-03T19:41:38.699+0000] {dag.py:3239} INFO - Sync 1 DAGs
[2025-07-03T19:41:38.723+0000] {logging_mixin.py:190} INFO - [2025-07-03T19:41:38.723+0000] {dag.py:4180} INFO - Setting next_dagrun for extract_raw_data_pipeline to 2025-07-03 07:59:00+00:00, run_after=2025-07-04 07:00:00+00:00
[2025-07-03T19:41:38.742+0000] {processor.py:208} INFO - Processing /opt/airflow/dags/driven_data_pipeline.py took 0.395 seconds
[2025-07-03T19:42:08.970+0000] {processor.py:186} INFO - Started process (PID=386) to work on /opt/airflow/dags/driven_data_pipeline.py
[2025-07-03T19:42:08.971+0000] {processor.py:914} INFO - Processing file /opt/airflow/dags/driven_data_pipeline.py for tasks to queue
[2025-07-03T19:42:08.973+0000] {logging_mixin.py:190} INFO - [2025-07-03T19:42:08.973+0000] {dagbag.py:588} INFO - Filling up the DagBag from /opt/airflow/dags/driven_data_pipeline.py
[2025-07-03T19:42:09.292+0000] {processor.py:925} INFO - DAG(s) 'extract_raw_data_pipeline' retrieved from /opt/airflow/dags/driven_data_pipeline.py
[2025-07-03T19:42:09.318+0000] {logging_mixin.py:190} INFO - [2025-07-03T19:42:09.318+0000] {dag.py:3239} INFO - Sync 1 DAGs
[2025-07-03T19:42:09.339+0000] {logging_mixin.py:190} INFO - [2025-07-03T19:42:09.338+0000] {dag.py:4180} INFO - Setting next_dagrun for extract_raw_data_pipeline to 2025-07-03 07:59:00+00:00, run_after=2025-07-04 07:00:00+00:00
[2025-07-03T19:42:09.357+0000] {processor.py:208} INFO - Processing /opt/airflow/dags/driven_data_pipeline.py took 0.393 seconds
[2025-07-03T19:42:39.602+0000] {processor.py:186} INFO - Started process (PID=394) to work on /opt/airflow/dags/driven_data_pipeline.py
[2025-07-03T19:42:39.603+0000] {processor.py:914} INFO - Processing file /opt/airflow/dags/driven_data_pipeline.py for tasks to queue
[2025-07-03T19:42:39.606+0000] {logging_mixin.py:190} INFO - [2025-07-03T19:42:39.606+0000] {dagbag.py:588} INFO - Filling up the DagBag from /opt/airflow/dags/driven_data_pipeline.py
[2025-07-03T19:42:39.964+0000] {processor.py:925} INFO - DAG(s) 'extract_raw_data_pipeline' retrieved from /opt/airflow/dags/driven_data_pipeline.py
[2025-07-03T19:42:39.995+0000] {logging_mixin.py:190} INFO - [2025-07-03T19:42:39.995+0000] {dag.py:3239} INFO - Sync 1 DAGs
[2025-07-03T19:42:40.017+0000] {logging_mixin.py:190} INFO - [2025-07-03T19:42:40.016+0000] {dag.py:4180} INFO - Setting next_dagrun for extract_raw_data_pipeline to 2025-07-03 07:59:00+00:00, run_after=2025-07-04 07:00:00+00:00
[2025-07-03T19:42:40.034+0000] {processor.py:208} INFO - Processing /opt/airflow/dags/driven_data_pipeline.py took 0.439 seconds
[2025-07-03T19:43:10.296+0000] {processor.py:186} INFO - Started process (PID=402) to work on /opt/airflow/dags/driven_data_pipeline.py
[2025-07-03T19:43:10.298+0000] {processor.py:914} INFO - Processing file /opt/airflow/dags/driven_data_pipeline.py for tasks to queue
[2025-07-03T19:43:10.304+0000] {logging_mixin.py:190} INFO - [2025-07-03T19:43:10.303+0000] {dagbag.py:588} INFO - Filling up the DagBag from /opt/airflow/dags/driven_data_pipeline.py
[2025-07-03T19:43:10.611+0000] {processor.py:925} INFO - DAG(s) 'extract_raw_data_pipeline' retrieved from /opt/airflow/dags/driven_data_pipeline.py
[2025-07-03T19:43:10.648+0000] {logging_mixin.py:190} INFO - [2025-07-03T19:43:10.648+0000] {dag.py:3239} INFO - Sync 1 DAGs
[2025-07-03T19:43:10.677+0000] {logging_mixin.py:190} INFO - [2025-07-03T19:43:10.676+0000] {dag.py:4180} INFO - Setting next_dagrun for extract_raw_data_pipeline to 2025-07-03 07:59:00+00:00, run_after=2025-07-04 07:00:00+00:00
[2025-07-03T19:43:10.698+0000] {processor.py:208} INFO - Processing /opt/airflow/dags/driven_data_pipeline.py took 0.419 seconds
[2025-07-03T19:43:40.930+0000] {processor.py:186} INFO - Started process (PID=410) to work on /opt/airflow/dags/driven_data_pipeline.py
[2025-07-03T19:43:40.931+0000] {processor.py:914} INFO - Processing file /opt/airflow/dags/driven_data_pipeline.py for tasks to queue
[2025-07-03T19:43:40.934+0000] {logging_mixin.py:190} INFO - [2025-07-03T19:43:40.933+0000] {dagbag.py:588} INFO - Filling up the DagBag from /opt/airflow/dags/driven_data_pipeline.py
[2025-07-03T19:43:41.156+0000] {processor.py:925} INFO - DAG(s) 'extract_raw_data_pipeline' retrieved from /opt/airflow/dags/driven_data_pipeline.py
[2025-07-03T19:43:41.184+0000] {logging_mixin.py:190} INFO - [2025-07-03T19:43:41.184+0000] {dag.py:3239} INFO - Sync 1 DAGs
[2025-07-03T19:43:41.207+0000] {logging_mixin.py:190} INFO - [2025-07-03T19:43:41.207+0000] {dag.py:4180} INFO - Setting next_dagrun for extract_raw_data_pipeline to 2025-07-03 07:59:00+00:00, run_after=2025-07-04 07:00:00+00:00
[2025-07-03T19:43:41.224+0000] {processor.py:208} INFO - Processing /opt/airflow/dags/driven_data_pipeline.py took 0.301 seconds
[2025-07-03T19:44:11.454+0000] {processor.py:186} INFO - Started process (PID=418) to work on /opt/airflow/dags/driven_data_pipeline.py
[2025-07-03T19:44:11.455+0000] {processor.py:914} INFO - Processing file /opt/airflow/dags/driven_data_pipeline.py for tasks to queue
[2025-07-03T19:44:11.457+0000] {logging_mixin.py:190} INFO - [2025-07-03T19:44:11.457+0000] {dagbag.py:588} INFO - Filling up the DagBag from /opt/airflow/dags/driven_data_pipeline.py
[2025-07-03T19:44:11.727+0000] {processor.py:925} INFO - DAG(s) 'extract_raw_data_pipeline' retrieved from /opt/airflow/dags/driven_data_pipeline.py
[2025-07-03T19:44:11.755+0000] {logging_mixin.py:190} INFO - [2025-07-03T19:44:11.755+0000] {dag.py:3239} INFO - Sync 1 DAGs
[2025-07-03T19:44:11.773+0000] {logging_mixin.py:190} INFO - [2025-07-03T19:44:11.773+0000] {dag.py:4180} INFO - Setting next_dagrun for extract_raw_data_pipeline to 2025-07-03 07:59:00+00:00, run_after=2025-07-04 07:00:00+00:00
[2025-07-03T19:44:11.788+0000] {processor.py:208} INFO - Processing /opt/airflow/dags/driven_data_pipeline.py took 0.340 seconds
[2025-07-03T19:44:42.000+0000] {processor.py:186} INFO - Started process (PID=426) to work on /opt/airflow/dags/driven_data_pipeline.py
[2025-07-03T19:44:42.001+0000] {processor.py:914} INFO - Processing file /opt/airflow/dags/driven_data_pipeline.py for tasks to queue
[2025-07-03T19:44:42.003+0000] {logging_mixin.py:190} INFO - [2025-07-03T19:44:42.003+0000] {dagbag.py:588} INFO - Filling up the DagBag from /opt/airflow/dags/driven_data_pipeline.py
[2025-07-03T19:44:42.286+0000] {processor.py:925} INFO - DAG(s) 'extract_raw_data_pipeline' retrieved from /opt/airflow/dags/driven_data_pipeline.py
[2025-07-03T19:44:42.311+0000] {logging_mixin.py:190} INFO - [2025-07-03T19:44:42.311+0000] {dag.py:3239} INFO - Sync 1 DAGs
[2025-07-03T19:44:42.330+0000] {logging_mixin.py:190} INFO - [2025-07-03T19:44:42.330+0000] {dag.py:4180} INFO - Setting next_dagrun for extract_raw_data_pipeline to 2025-07-03 07:59:00+00:00, run_after=2025-07-04 07:00:00+00:00
[2025-07-03T19:44:42.349+0000] {processor.py:208} INFO - Processing /opt/airflow/dags/driven_data_pipeline.py took 0.356 seconds
[2025-07-03T19:45:12.575+0000] {processor.py:186} INFO - Started process (PID=434) to work on /opt/airflow/dags/driven_data_pipeline.py
[2025-07-03T19:45:12.576+0000] {processor.py:914} INFO - Processing file /opt/airflow/dags/driven_data_pipeline.py for tasks to queue
[2025-07-03T19:45:12.579+0000] {logging_mixin.py:190} INFO - [2025-07-03T19:45:12.578+0000] {dagbag.py:588} INFO - Filling up the DagBag from /opt/airflow/dags/driven_data_pipeline.py
[2025-07-03T19:45:12.805+0000] {processor.py:925} INFO - DAG(s) 'extract_raw_data_pipeline' retrieved from /opt/airflow/dags/driven_data_pipeline.py
[2025-07-03T19:45:12.830+0000] {logging_mixin.py:190} INFO - [2025-07-03T19:45:12.830+0000] {dag.py:3239} INFO - Sync 1 DAGs
[2025-07-03T19:45:12.849+0000] {logging_mixin.py:190} INFO - [2025-07-03T19:45:12.849+0000] {dag.py:4180} INFO - Setting next_dagrun for extract_raw_data_pipeline to 2025-07-03 07:59:00+00:00, run_after=2025-07-04 07:00:00+00:00
[2025-07-03T19:45:12.864+0000] {processor.py:208} INFO - Processing /opt/airflow/dags/driven_data_pipeline.py took 0.295 seconds
[2025-07-03T19:45:43.086+0000] {processor.py:186} INFO - Started process (PID=442) to work on /opt/airflow/dags/driven_data_pipeline.py
[2025-07-03T19:45:43.087+0000] {processor.py:914} INFO - Processing file /opt/airflow/dags/driven_data_pipeline.py for tasks to queue
[2025-07-03T19:45:43.089+0000] {logging_mixin.py:190} INFO - [2025-07-03T19:45:43.089+0000] {dagbag.py:588} INFO - Filling up the DagBag from /opt/airflow/dags/driven_data_pipeline.py
[2025-07-03T19:45:43.416+0000] {processor.py:925} INFO - DAG(s) 'extract_raw_data_pipeline' retrieved from /opt/airflow/dags/driven_data_pipeline.py
[2025-07-03T19:45:43.445+0000] {logging_mixin.py:190} INFO - [2025-07-03T19:45:43.445+0000] {dag.py:3239} INFO - Sync 1 DAGs
[2025-07-03T19:45:43.464+0000] {logging_mixin.py:190} INFO - [2025-07-03T19:45:43.464+0000] {dag.py:4180} INFO - Setting next_dagrun for extract_raw_data_pipeline to 2025-07-03 07:59:00+00:00, run_after=2025-07-04 07:00:00+00:00
[2025-07-03T19:45:43.478+0000] {processor.py:208} INFO - Processing /opt/airflow/dags/driven_data_pipeline.py took 0.399 seconds
[2025-07-03T19:46:13.695+0000] {processor.py:186} INFO - Started process (PID=450) to work on /opt/airflow/dags/driven_data_pipeline.py
[2025-07-03T19:46:13.697+0000] {processor.py:914} INFO - Processing file /opt/airflow/dags/driven_data_pipeline.py for tasks to queue
[2025-07-03T19:46:13.699+0000] {logging_mixin.py:190} INFO - [2025-07-03T19:46:13.699+0000] {dagbag.py:588} INFO - Filling up the DagBag from /opt/airflow/dags/driven_data_pipeline.py
[2025-07-03T19:46:13.943+0000] {processor.py:925} INFO - DAG(s) 'extract_raw_data_pipeline' retrieved from /opt/airflow/dags/driven_data_pipeline.py
[2025-07-03T19:46:13.970+0000] {logging_mixin.py:190} INFO - [2025-07-03T19:46:13.970+0000] {dag.py:3239} INFO - Sync 1 DAGs
[2025-07-03T19:46:13.992+0000] {logging_mixin.py:190} INFO - [2025-07-03T19:46:13.992+0000] {dag.py:4180} INFO - Setting next_dagrun for extract_raw_data_pipeline to 2025-07-03 07:59:00+00:00, run_after=2025-07-04 07:00:00+00:00
[2025-07-03T19:46:14.008+0000] {processor.py:208} INFO - Processing /opt/airflow/dags/driven_data_pipeline.py took 0.319 seconds
[2025-07-03T19:46:44.227+0000] {processor.py:186} INFO - Started process (PID=458) to work on /opt/airflow/dags/driven_data_pipeline.py
[2025-07-03T19:46:44.229+0000] {processor.py:914} INFO - Processing file /opt/airflow/dags/driven_data_pipeline.py for tasks to queue
[2025-07-03T19:46:44.231+0000] {logging_mixin.py:190} INFO - [2025-07-03T19:46:44.231+0000] {dagbag.py:588} INFO - Filling up the DagBag from /opt/airflow/dags/driven_data_pipeline.py
[2025-07-03T19:46:44.513+0000] {processor.py:925} INFO - DAG(s) 'extract_raw_data_pipeline' retrieved from /opt/airflow/dags/driven_data_pipeline.py
[2025-07-03T19:46:44.541+0000] {logging_mixin.py:190} INFO - [2025-07-03T19:46:44.541+0000] {dag.py:3239} INFO - Sync 1 DAGs
[2025-07-03T19:46:44.560+0000] {logging_mixin.py:190} INFO - [2025-07-03T19:46:44.560+0000] {dag.py:4180} INFO - Setting next_dagrun for extract_raw_data_pipeline to 2025-07-03 07:59:00+00:00, run_after=2025-07-04 07:00:00+00:00
[2025-07-03T19:46:44.577+0000] {processor.py:208} INFO - Processing /opt/airflow/dags/driven_data_pipeline.py took 0.357 seconds
[2025-07-03T19:47:14.826+0000] {processor.py:186} INFO - Started process (PID=466) to work on /opt/airflow/dags/driven_data_pipeline.py
[2025-07-03T19:47:14.828+0000] {processor.py:914} INFO - Processing file /opt/airflow/dags/driven_data_pipeline.py for tasks to queue
[2025-07-03T19:47:14.831+0000] {logging_mixin.py:190} INFO - [2025-07-03T19:47:14.831+0000] {dagbag.py:588} INFO - Filling up the DagBag from /opt/airflow/dags/driven_data_pipeline.py
[2025-07-03T19:47:15.219+0000] {processor.py:925} INFO - DAG(s) 'extract_raw_data_pipeline' retrieved from /opt/airflow/dags/driven_data_pipeline.py
[2025-07-03T19:47:15.254+0000] {logging_mixin.py:190} INFO - [2025-07-03T19:47:15.254+0000] {dag.py:3239} INFO - Sync 1 DAGs
[2025-07-03T19:47:15.282+0000] {logging_mixin.py:190} INFO - [2025-07-03T19:47:15.282+0000] {dag.py:4180} INFO - Setting next_dagrun for extract_raw_data_pipeline to 2025-07-03 07:59:00+00:00, run_after=2025-07-04 07:00:00+00:00
[2025-07-03T19:47:15.302+0000] {processor.py:208} INFO - Processing /opt/airflow/dags/driven_data_pipeline.py took 0.485 seconds
[2025-07-03T19:47:45.645+0000] {processor.py:186} INFO - Started process (PID=474) to work on /opt/airflow/dags/driven_data_pipeline.py
[2025-07-03T19:47:45.647+0000] {processor.py:914} INFO - Processing file /opt/airflow/dags/driven_data_pipeline.py for tasks to queue
[2025-07-03T19:47:45.650+0000] {logging_mixin.py:190} INFO - [2025-07-03T19:47:45.649+0000] {dagbag.py:588} INFO - Filling up the DagBag from /opt/airflow/dags/driven_data_pipeline.py
[2025-07-03T19:47:45.902+0000] {processor.py:925} INFO - DAG(s) 'extract_raw_data_pipeline' retrieved from /opt/airflow/dags/driven_data_pipeline.py
[2025-07-03T19:47:45.939+0000] {logging_mixin.py:190} INFO - [2025-07-03T19:47:45.939+0000] {dag.py:3239} INFO - Sync 1 DAGs
[2025-07-03T19:47:45.962+0000] {logging_mixin.py:190} INFO - [2025-07-03T19:47:45.962+0000] {dag.py:4180} INFO - Setting next_dagrun for extract_raw_data_pipeline to 2025-07-03 07:59:00+00:00, run_after=2025-07-04 07:00:00+00:00
[2025-07-03T19:47:45.978+0000] {processor.py:208} INFO - Processing /opt/airflow/dags/driven_data_pipeline.py took 0.339 seconds
[2025-07-03T19:48:16.228+0000] {processor.py:186} INFO - Started process (PID=482) to work on /opt/airflow/dags/driven_data_pipeline.py
[2025-07-03T19:48:16.229+0000] {processor.py:914} INFO - Processing file /opt/airflow/dags/driven_data_pipeline.py for tasks to queue
[2025-07-03T19:48:16.233+0000] {logging_mixin.py:190} INFO - [2025-07-03T19:48:16.232+0000] {dagbag.py:588} INFO - Filling up the DagBag from /opt/airflow/dags/driven_data_pipeline.py
[2025-07-03T19:48:16.691+0000] {processor.py:925} INFO - DAG(s) 'extract_raw_data_pipeline' retrieved from /opt/airflow/dags/driven_data_pipeline.py
[2025-07-03T19:48:16.729+0000] {logging_mixin.py:190} INFO - [2025-07-03T19:48:16.729+0000] {dag.py:3239} INFO - Sync 1 DAGs
[2025-07-03T19:48:16.755+0000] {logging_mixin.py:190} INFO - [2025-07-03T19:48:16.755+0000] {dag.py:4180} INFO - Setting next_dagrun for extract_raw_data_pipeline to 2025-07-03 07:59:00+00:00, run_after=2025-07-04 07:00:00+00:00
[2025-07-03T19:48:16.776+0000] {processor.py:208} INFO - Processing /opt/airflow/dags/driven_data_pipeline.py took 0.557 seconds
[2025-07-03T19:48:47.007+0000] {processor.py:186} INFO - Started process (PID=490) to work on /opt/airflow/dags/driven_data_pipeline.py
[2025-07-03T19:48:47.009+0000] {processor.py:914} INFO - Processing file /opt/airflow/dags/driven_data_pipeline.py for tasks to queue
[2025-07-03T19:48:47.012+0000] {logging_mixin.py:190} INFO - [2025-07-03T19:48:47.011+0000] {dagbag.py:588} INFO - Filling up the DagBag from /opt/airflow/dags/driven_data_pipeline.py
[2025-07-03T19:48:47.314+0000] {processor.py:925} INFO - DAG(s) 'extract_raw_data_pipeline' retrieved from /opt/airflow/dags/driven_data_pipeline.py
[2025-07-03T19:48:47.346+0000] {logging_mixin.py:190} INFO - [2025-07-03T19:48:47.346+0000] {dag.py:3239} INFO - Sync 1 DAGs
[2025-07-03T19:48:47.370+0000] {logging_mixin.py:190} INFO - [2025-07-03T19:48:47.370+0000] {dag.py:4180} INFO - Setting next_dagrun for extract_raw_data_pipeline to 2025-07-03 07:59:00+00:00, run_after=2025-07-04 07:00:00+00:00
[2025-07-03T19:48:47.390+0000] {processor.py:208} INFO - Processing /opt/airflow/dags/driven_data_pipeline.py took 0.389 seconds
[2025-07-03T19:49:17.611+0000] {processor.py:186} INFO - Started process (PID=498) to work on /opt/airflow/dags/driven_data_pipeline.py
[2025-07-03T19:49:17.612+0000] {processor.py:914} INFO - Processing file /opt/airflow/dags/driven_data_pipeline.py for tasks to queue
[2025-07-03T19:49:17.615+0000] {logging_mixin.py:190} INFO - [2025-07-03T19:49:17.614+0000] {dagbag.py:588} INFO - Filling up the DagBag from /opt/airflow/dags/driven_data_pipeline.py
[2025-07-03T19:49:17.984+0000] {processor.py:925} INFO - DAG(s) 'extract_raw_data_pipeline' retrieved from /opt/airflow/dags/driven_data_pipeline.py
[2025-07-03T19:49:18.013+0000] {logging_mixin.py:190} INFO - [2025-07-03T19:49:18.013+0000] {dag.py:3239} INFO - Sync 1 DAGs
[2025-07-03T19:49:18.036+0000] {logging_mixin.py:190} INFO - [2025-07-03T19:49:18.035+0000] {dag.py:4180} INFO - Setting next_dagrun for extract_raw_data_pipeline to 2025-07-03 07:59:00+00:00, run_after=2025-07-04 07:00:00+00:00
[2025-07-03T19:49:18.052+0000] {processor.py:208} INFO - Processing /opt/airflow/dags/driven_data_pipeline.py took 0.450 seconds
[2025-07-03T19:49:48.273+0000] {processor.py:186} INFO - Started process (PID=506) to work on /opt/airflow/dags/driven_data_pipeline.py
[2025-07-03T19:49:48.274+0000] {processor.py:914} INFO - Processing file /opt/airflow/dags/driven_data_pipeline.py for tasks to queue
[2025-07-03T19:49:48.277+0000] {logging_mixin.py:190} INFO - [2025-07-03T19:49:48.277+0000] {dagbag.py:588} INFO - Filling up the DagBag from /opt/airflow/dags/driven_data_pipeline.py
[2025-07-03T19:49:48.546+0000] {processor.py:925} INFO - DAG(s) 'extract_raw_data_pipeline' retrieved from /opt/airflow/dags/driven_data_pipeline.py
[2025-07-03T19:49:48.578+0000] {logging_mixin.py:190} INFO - [2025-07-03T19:49:48.577+0000] {dag.py:3239} INFO - Sync 1 DAGs
[2025-07-03T19:49:48.599+0000] {logging_mixin.py:190} INFO - [2025-07-03T19:49:48.599+0000] {dag.py:4180} INFO - Setting next_dagrun for extract_raw_data_pipeline to 2025-07-03 07:59:00+00:00, run_after=2025-07-04 07:00:00+00:00
[2025-07-03T19:49:48.615+0000] {processor.py:208} INFO - Processing /opt/airflow/dags/driven_data_pipeline.py took 0.350 seconds
[2025-07-03T19:50:18.827+0000] {processor.py:186} INFO - Started process (PID=520) to work on /opt/airflow/dags/driven_data_pipeline.py
[2025-07-03T19:50:18.829+0000] {processor.py:914} INFO - Processing file /opt/airflow/dags/driven_data_pipeline.py for tasks to queue
[2025-07-03T19:50:18.831+0000] {logging_mixin.py:190} INFO - [2025-07-03T19:50:18.831+0000] {dagbag.py:588} INFO - Filling up the DagBag from /opt/airflow/dags/driven_data_pipeline.py
[2025-07-03T19:50:19.156+0000] {processor.py:925} INFO - DAG(s) 'extract_raw_data_pipeline' retrieved from /opt/airflow/dags/driven_data_pipeline.py
[2025-07-03T19:50:19.187+0000] {logging_mixin.py:190} INFO - [2025-07-03T19:50:19.187+0000] {dag.py:3239} INFO - Sync 1 DAGs
[2025-07-03T19:50:19.209+0000] {logging_mixin.py:190} INFO - [2025-07-03T19:50:19.209+0000] {dag.py:4180} INFO - Setting next_dagrun for extract_raw_data_pipeline to 2025-07-03 07:59:00+00:00, run_after=2025-07-04 07:00:00+00:00
[2025-07-03T19:50:19.224+0000] {processor.py:208} INFO - Processing /opt/airflow/dags/driven_data_pipeline.py took 0.403 seconds
[2025-07-03T19:50:49.442+0000] {processor.py:186} INFO - Started process (PID=528) to work on /opt/airflow/dags/driven_data_pipeline.py
[2025-07-03T19:50:49.443+0000] {processor.py:914} INFO - Processing file /opt/airflow/dags/driven_data_pipeline.py for tasks to queue
[2025-07-03T19:50:49.446+0000] {logging_mixin.py:190} INFO - [2025-07-03T19:50:49.446+0000] {dagbag.py:588} INFO - Filling up the DagBag from /opt/airflow/dags/driven_data_pipeline.py
[2025-07-03T19:50:49.752+0000] {processor.py:925} INFO - DAG(s) 'extract_raw_data_pipeline' retrieved from /opt/airflow/dags/driven_data_pipeline.py
[2025-07-03T19:50:49.779+0000] {logging_mixin.py:190} INFO - [2025-07-03T19:50:49.778+0000] {dag.py:3239} INFO - Sync 1 DAGs
[2025-07-03T19:50:49.798+0000] {logging_mixin.py:190} INFO - [2025-07-03T19:50:49.798+0000] {dag.py:4180} INFO - Setting next_dagrun for extract_raw_data_pipeline to 2025-07-03 07:59:00+00:00, run_after=2025-07-04 07:00:00+00:00
[2025-07-03T19:50:49.815+0000] {processor.py:208} INFO - Processing /opt/airflow/dags/driven_data_pipeline.py took 0.379 seconds
[2025-07-03T19:51:20.033+0000] {processor.py:186} INFO - Started process (PID=536) to work on /opt/airflow/dags/driven_data_pipeline.py
[2025-07-03T19:51:20.034+0000] {processor.py:914} INFO - Processing file /opt/airflow/dags/driven_data_pipeline.py for tasks to queue
[2025-07-03T19:51:20.036+0000] {logging_mixin.py:190} INFO - [2025-07-03T19:51:20.036+0000] {dagbag.py:588} INFO - Filling up the DagBag from /opt/airflow/dags/driven_data_pipeline.py
[2025-07-03T19:51:20.364+0000] {processor.py:925} INFO - DAG(s) 'extract_raw_data_pipeline' retrieved from /opt/airflow/dags/driven_data_pipeline.py
[2025-07-03T19:51:20.397+0000] {logging_mixin.py:190} INFO - [2025-07-03T19:51:20.396+0000] {dag.py:3239} INFO - Sync 1 DAGs
[2025-07-03T19:51:20.420+0000] {logging_mixin.py:190} INFO - [2025-07-03T19:51:20.420+0000] {dag.py:4180} INFO - Setting next_dagrun for extract_raw_data_pipeline to 2025-07-03 07:59:00+00:00, run_after=2025-07-04 07:00:00+00:00
[2025-07-03T19:51:20.438+0000] {processor.py:208} INFO - Processing /opt/airflow/dags/driven_data_pipeline.py took 0.411 seconds
[2025-07-03T19:51:50.681+0000] {processor.py:186} INFO - Started process (PID=544) to work on /opt/airflow/dags/driven_data_pipeline.py
[2025-07-03T19:51:50.683+0000] {processor.py:914} INFO - Processing file /opt/airflow/dags/driven_data_pipeline.py for tasks to queue
[2025-07-03T19:51:50.688+0000] {logging_mixin.py:190} INFO - [2025-07-03T19:51:50.688+0000] {dagbag.py:588} INFO - Filling up the DagBag from /opt/airflow/dags/driven_data_pipeline.py
[2025-07-03T19:51:50.995+0000] {processor.py:925} INFO - DAG(s) 'extract_raw_data_pipeline' retrieved from /opt/airflow/dags/driven_data_pipeline.py
[2025-07-03T19:51:51.025+0000] {logging_mixin.py:190} INFO - [2025-07-03T19:51:51.025+0000] {dag.py:3239} INFO - Sync 1 DAGs
[2025-07-03T19:51:51.047+0000] {logging_mixin.py:190} INFO - [2025-07-03T19:51:51.047+0000] {dag.py:4180} INFO - Setting next_dagrun for extract_raw_data_pipeline to 2025-07-03 07:59:00+00:00, run_after=2025-07-04 07:00:00+00:00
[2025-07-03T19:51:51.063+0000] {processor.py:208} INFO - Processing /opt/airflow/dags/driven_data_pipeline.py took 0.394 seconds
[2025-07-03T19:52:21.279+0000] {processor.py:186} INFO - Started process (PID=552) to work on /opt/airflow/dags/driven_data_pipeline.py
[2025-07-03T19:52:21.279+0000] {processor.py:914} INFO - Processing file /opt/airflow/dags/driven_data_pipeline.py for tasks to queue
[2025-07-03T19:52:21.282+0000] {logging_mixin.py:190} INFO - [2025-07-03T19:52:21.282+0000] {dagbag.py:588} INFO - Filling up the DagBag from /opt/airflow/dags/driven_data_pipeline.py
[2025-07-03T19:52:21.624+0000] {processor.py:925} INFO - DAG(s) 'extract_raw_data_pipeline' retrieved from /opt/airflow/dags/driven_data_pipeline.py
[2025-07-03T19:52:21.659+0000] {logging_mixin.py:190} INFO - [2025-07-03T19:52:21.659+0000] {dag.py:3239} INFO - Sync 1 DAGs
[2025-07-03T19:52:21.683+0000] {logging_mixin.py:190} INFO - [2025-07-03T19:52:21.683+0000] {dag.py:4180} INFO - Setting next_dagrun for extract_raw_data_pipeline to 2025-07-03 07:59:00+00:00, run_after=2025-07-04 07:00:00+00:00
[2025-07-03T19:52:21.699+0000] {processor.py:208} INFO - Processing /opt/airflow/dags/driven_data_pipeline.py took 0.427 seconds
[2025-07-03T19:52:51.951+0000] {processor.py:186} INFO - Started process (PID=561) to work on /opt/airflow/dags/driven_data_pipeline.py
[2025-07-03T19:52:51.953+0000] {processor.py:914} INFO - Processing file /opt/airflow/dags/driven_data_pipeline.py for tasks to queue
[2025-07-03T19:52:51.957+0000] {logging_mixin.py:190} INFO - [2025-07-03T19:52:51.957+0000] {dagbag.py:588} INFO - Filling up the DagBag from /opt/airflow/dags/driven_data_pipeline.py
[2025-07-03T19:52:52.475+0000] {processor.py:925} INFO - DAG(s) 'extract_raw_data_pipeline' retrieved from /opt/airflow/dags/driven_data_pipeline.py
[2025-07-03T19:52:52.565+0000] {logging_mixin.py:190} INFO - [2025-07-03T19:52:52.565+0000] {dag.py:3239} INFO - Sync 1 DAGs
[2025-07-03T19:52:52.635+0000] {logging_mixin.py:190} INFO - [2025-07-03T19:52:52.635+0000] {dag.py:4180} INFO - Setting next_dagrun for extract_raw_data_pipeline to 2025-07-03 07:59:00+00:00, run_after=2025-07-04 07:00:00+00:00
[2025-07-03T19:52:52.693+0000] {processor.py:208} INFO - Processing /opt/airflow/dags/driven_data_pipeline.py took 0.753 seconds
[2025-07-03T20:02:50.433+0000] {processor.py:186} INFO - Started process (PID=563) to work on /opt/airflow/dags/driven_data_pipeline.py
[2025-07-03T20:02:50.442+0000] {processor.py:914} INFO - Processing file /opt/airflow/dags/driven_data_pipeline.py for tasks to queue
[2025-07-03T20:02:50.494+0000] {logging_mixin.py:190} INFO - [2025-07-03T20:02:50.470+0000] {dagbag.py:588} INFO - Filling up the DagBag from /opt/airflow/dags/driven_data_pipeline.py
[2025-07-03T20:02:52.826+0000] {processor.py:925} INFO - DAG(s) 'extract_raw_data_pipeline' retrieved from /opt/airflow/dags/driven_data_pipeline.py
[2025-07-03T20:02:53.490+0000] {logging_mixin.py:190} INFO - [2025-07-03T20:02:53.487+0000] {dag.py:3239} INFO - Sync 1 DAGs
[2025-07-03T20:02:53.849+0000] {logging_mixin.py:190} INFO - [2025-07-03T20:02:53.848+0000] {dag.py:4180} INFO - Setting next_dagrun for extract_raw_data_pipeline to 2025-07-03 07:59:00+00:00, run_after=2025-07-04 07:00:00+00:00
[2025-07-03T20:03:27.398+0000] {processor.py:208} INFO - Processing /opt/airflow/dags/driven_data_pipeline.py took 4.304 seconds
[2025-07-03T20:03:57.917+0000] {processor.py:186} INFO - Started process (PID=571) to work on /opt/airflow/dags/driven_data_pipeline.py
[2025-07-03T20:03:57.919+0000] {processor.py:914} INFO - Processing file /opt/airflow/dags/driven_data_pipeline.py for tasks to queue
[2025-07-03T20:03:57.929+0000] {logging_mixin.py:190} INFO - [2025-07-03T20:03:57.928+0000] {dagbag.py:588} INFO - Filling up the DagBag from /opt/airflow/dags/driven_data_pipeline.py
[2025-07-03T20:03:58.441+0000] {processor.py:925} INFO - DAG(s) 'extract_raw_data_pipeline' retrieved from /opt/airflow/dags/driven_data_pipeline.py
[2025-07-03T20:03:58.480+0000] {logging_mixin.py:190} INFO - [2025-07-03T20:03:58.480+0000] {dag.py:3239} INFO - Sync 1 DAGs
[2025-07-03T20:03:58.512+0000] {logging_mixin.py:190} INFO - [2025-07-03T20:03:58.512+0000] {dag.py:4180} INFO - Setting next_dagrun for extract_raw_data_pipeline to 2025-07-03 07:59:00+00:00, run_after=2025-07-04 07:00:00+00:00
[2025-07-03T20:03:58.532+0000] {processor.py:208} INFO - Processing /opt/airflow/dags/driven_data_pipeline.py took 0.631 seconds
[2025-07-03T20:04:28.775+0000] {processor.py:186} INFO - Started process (PID=579) to work on /opt/airflow/dags/driven_data_pipeline.py
[2025-07-03T20:04:28.776+0000] {processor.py:914} INFO - Processing file /opt/airflow/dags/driven_data_pipeline.py for tasks to queue
[2025-07-03T20:04:28.779+0000] {logging_mixin.py:190} INFO - [2025-07-03T20:04:28.779+0000] {dagbag.py:588} INFO - Filling up the DagBag from /opt/airflow/dags/driven_data_pipeline.py
[2025-07-03T20:04:29.111+0000] {processor.py:925} INFO - DAG(s) 'extract_raw_data_pipeline' retrieved from /opt/airflow/dags/driven_data_pipeline.py
[2025-07-03T20:04:29.139+0000] {logging_mixin.py:190} INFO - [2025-07-03T20:04:29.139+0000] {dag.py:3239} INFO - Sync 1 DAGs
[2025-07-03T20:04:29.162+0000] {logging_mixin.py:190} INFO - [2025-07-03T20:04:29.162+0000] {dag.py:4180} INFO - Setting next_dagrun for extract_raw_data_pipeline to 2025-07-03 07:59:00+00:00, run_after=2025-07-04 07:00:00+00:00
[2025-07-03T20:04:29.177+0000] {processor.py:208} INFO - Processing /opt/airflow/dags/driven_data_pipeline.py took 0.409 seconds
[2025-07-03T20:04:59.267+0000] {processor.py:186} INFO - Started process (PID=587) to work on /opt/airflow/dags/driven_data_pipeline.py
[2025-07-03T20:04:59.268+0000] {processor.py:914} INFO - Processing file /opt/airflow/dags/driven_data_pipeline.py for tasks to queue
[2025-07-03T20:04:59.270+0000] {logging_mixin.py:190} INFO - [2025-07-03T20:04:59.270+0000] {dagbag.py:588} INFO - Filling up the DagBag from /opt/airflow/dags/driven_data_pipeline.py
[2025-07-03T20:04:59.568+0000] {processor.py:925} INFO - DAG(s) 'extract_raw_data_pipeline' retrieved from /opt/airflow/dags/driven_data_pipeline.py
[2025-07-03T20:04:59.598+0000] {logging_mixin.py:190} INFO - [2025-07-03T20:04:59.597+0000] {dag.py:3239} INFO - Sync 1 DAGs
[2025-07-03T20:04:59.619+0000] {logging_mixin.py:190} INFO - [2025-07-03T20:04:59.619+0000] {dag.py:4180} INFO - Setting next_dagrun for extract_raw_data_pipeline to 2025-07-03 07:59:00+00:00, run_after=2025-07-04 07:00:00+00:00
[2025-07-03T20:04:59.635+0000] {processor.py:208} INFO - Processing /opt/airflow/dags/driven_data_pipeline.py took 0.375 seconds
[2025-07-03T20:05:29.863+0000] {processor.py:186} INFO - Started process (PID=595) to work on /opt/airflow/dags/driven_data_pipeline.py
[2025-07-03T20:05:29.864+0000] {processor.py:914} INFO - Processing file /opt/airflow/dags/driven_data_pipeline.py for tasks to queue
[2025-07-03T20:05:29.867+0000] {logging_mixin.py:190} INFO - [2025-07-03T20:05:29.866+0000] {dagbag.py:588} INFO - Filling up the DagBag from /opt/airflow/dags/driven_data_pipeline.py
[2025-07-03T20:05:30.180+0000] {processor.py:925} INFO - DAG(s) 'extract_raw_data_pipeline' retrieved from /opt/airflow/dags/driven_data_pipeline.py
[2025-07-03T20:05:30.209+0000] {logging_mixin.py:190} INFO - [2025-07-03T20:05:30.209+0000] {dag.py:3239} INFO - Sync 1 DAGs
[2025-07-03T20:05:30.230+0000] {logging_mixin.py:190} INFO - [2025-07-03T20:05:30.230+0000] {dag.py:4180} INFO - Setting next_dagrun for extract_raw_data_pipeline to 2025-07-03 07:59:00+00:00, run_after=2025-07-04 07:00:00+00:00
[2025-07-03T20:05:30.248+0000] {processor.py:208} INFO - Processing /opt/airflow/dags/driven_data_pipeline.py took 0.392 seconds
[2025-07-03T20:06:00.472+0000] {processor.py:186} INFO - Started process (PID=603) to work on /opt/airflow/dags/driven_data_pipeline.py
[2025-07-03T20:06:00.474+0000] {processor.py:914} INFO - Processing file /opt/airflow/dags/driven_data_pipeline.py for tasks to queue
[2025-07-03T20:06:00.477+0000] {logging_mixin.py:190} INFO - [2025-07-03T20:06:00.477+0000] {dagbag.py:588} INFO - Filling up the DagBag from /opt/airflow/dags/driven_data_pipeline.py
[2025-07-03T20:06:00.830+0000] {processor.py:925} INFO - DAG(s) 'extract_raw_data_pipeline' retrieved from /opt/airflow/dags/driven_data_pipeline.py
[2025-07-03T20:06:00.864+0000] {logging_mixin.py:190} INFO - [2025-07-03T20:06:00.864+0000] {dag.py:3239} INFO - Sync 1 DAGs
[2025-07-03T20:06:00.886+0000] {logging_mixin.py:190} INFO - [2025-07-03T20:06:00.886+0000] {dag.py:4180} INFO - Setting next_dagrun for extract_raw_data_pipeline to 2025-07-03 07:59:00+00:00, run_after=2025-07-04 07:00:00+00:00
[2025-07-03T20:06:00.903+0000] {processor.py:208} INFO - Processing /opt/airflow/dags/driven_data_pipeline.py took 0.439 seconds
[2025-07-03T20:06:31.138+0000] {processor.py:186} INFO - Started process (PID=611) to work on /opt/airflow/dags/driven_data_pipeline.py
[2025-07-03T20:06:31.139+0000] {processor.py:914} INFO - Processing file /opt/airflow/dags/driven_data_pipeline.py for tasks to queue
[2025-07-03T20:06:31.144+0000] {logging_mixin.py:190} INFO - [2025-07-03T20:06:31.144+0000] {dagbag.py:588} INFO - Filling up the DagBag from /opt/airflow/dags/driven_data_pipeline.py
[2025-07-03T20:06:31.606+0000] {processor.py:925} INFO - DAG(s) 'extract_raw_data_pipeline' retrieved from /opt/airflow/dags/driven_data_pipeline.py
[2025-07-03T20:06:31.651+0000] {logging_mixin.py:190} INFO - [2025-07-03T20:06:31.651+0000] {dag.py:3239} INFO - Sync 1 DAGs
[2025-07-03T20:06:31.677+0000] {logging_mixin.py:190} INFO - [2025-07-03T20:06:31.676+0000] {dag.py:4180} INFO - Setting next_dagrun for extract_raw_data_pipeline to 2025-07-03 07:59:00+00:00, run_after=2025-07-04 07:00:00+00:00
[2025-07-03T20:06:31.703+0000] {processor.py:208} INFO - Processing /opt/airflow/dags/driven_data_pipeline.py took 0.574 seconds
[2025-07-03T20:07:01.859+0000] {processor.py:186} INFO - Started process (PID=620) to work on /opt/airflow/dags/driven_data_pipeline.py
[2025-07-03T20:07:01.860+0000] {processor.py:914} INFO - Processing file /opt/airflow/dags/driven_data_pipeline.py for tasks to queue
[2025-07-03T20:07:01.862+0000] {logging_mixin.py:190} INFO - [2025-07-03T20:07:01.862+0000] {dagbag.py:588} INFO - Filling up the DagBag from /opt/airflow/dags/driven_data_pipeline.py
[2025-07-03T20:07:02.123+0000] {processor.py:925} INFO - DAG(s) 'extract_raw_data_pipeline' retrieved from /opt/airflow/dags/driven_data_pipeline.py
[2025-07-03T20:07:02.153+0000] {logging_mixin.py:190} INFO - [2025-07-03T20:07:02.152+0000] {dag.py:3239} INFO - Sync 1 DAGs
[2025-07-03T20:07:02.174+0000] {logging_mixin.py:190} INFO - [2025-07-03T20:07:02.173+0000] {dag.py:4180} INFO - Setting next_dagrun for extract_raw_data_pipeline to 2025-07-03 07:59:00+00:00, run_after=2025-07-04 07:00:00+00:00
[2025-07-03T20:07:02.189+0000] {processor.py:208} INFO - Processing /opt/airflow/dags/driven_data_pipeline.py took 0.336 seconds
[2025-07-03T20:07:32.405+0000] {processor.py:186} INFO - Started process (PID=628) to work on /opt/airflow/dags/driven_data_pipeline.py
[2025-07-03T20:07:32.406+0000] {processor.py:914} INFO - Processing file /opt/airflow/dags/driven_data_pipeline.py for tasks to queue
[2025-07-03T20:07:32.409+0000] {logging_mixin.py:190} INFO - [2025-07-03T20:07:32.409+0000] {dagbag.py:588} INFO - Filling up the DagBag from /opt/airflow/dags/driven_data_pipeline.py
[2025-07-03T20:07:32.681+0000] {processor.py:925} INFO - DAG(s) 'extract_raw_data_pipeline' retrieved from /opt/airflow/dags/driven_data_pipeline.py
[2025-07-03T20:07:32.709+0000] {logging_mixin.py:190} INFO - [2025-07-03T20:07:32.708+0000] {dag.py:3239} INFO - Sync 1 DAGs
[2025-07-03T20:07:32.728+0000] {logging_mixin.py:190} INFO - [2025-07-03T20:07:32.728+0000] {dag.py:4180} INFO - Setting next_dagrun for extract_raw_data_pipeline to 2025-07-03 07:59:00+00:00, run_after=2025-07-04 07:00:00+00:00
[2025-07-03T20:07:32.744+0000] {processor.py:208} INFO - Processing /opt/airflow/dags/driven_data_pipeline.py took 0.346 seconds
[2025-07-03T20:08:02.971+0000] {processor.py:186} INFO - Started process (PID=636) to work on /opt/airflow/dags/driven_data_pipeline.py
[2025-07-03T20:08:02.972+0000] {processor.py:914} INFO - Processing file /opt/airflow/dags/driven_data_pipeline.py for tasks to queue
[2025-07-03T20:08:02.975+0000] {logging_mixin.py:190} INFO - [2025-07-03T20:08:02.974+0000] {dagbag.py:588} INFO - Filling up the DagBag from /opt/airflow/dags/driven_data_pipeline.py
[2025-07-03T20:08:03.328+0000] {processor.py:925} INFO - DAG(s) 'extract_raw_data_pipeline' retrieved from /opt/airflow/dags/driven_data_pipeline.py
[2025-07-03T20:08:03.357+0000] {logging_mixin.py:190} INFO - [2025-07-03T20:08:03.357+0000] {dag.py:3239} INFO - Sync 1 DAGs
[2025-07-03T20:08:03.387+0000] {logging_mixin.py:190} INFO - [2025-07-03T20:08:03.386+0000] {dag.py:4180} INFO - Setting next_dagrun for extract_raw_data_pipeline to 2025-07-03 07:59:00+00:00, run_after=2025-07-04 07:00:00+00:00
[2025-07-03T20:08:03.407+0000] {processor.py:208} INFO - Processing /opt/airflow/dags/driven_data_pipeline.py took 0.444 seconds
[2025-07-03T20:08:33.622+0000] {processor.py:186} INFO - Started process (PID=644) to work on /opt/airflow/dags/driven_data_pipeline.py
[2025-07-03T20:08:33.623+0000] {processor.py:914} INFO - Processing file /opt/airflow/dags/driven_data_pipeline.py for tasks to queue
[2025-07-03T20:08:33.625+0000] {logging_mixin.py:190} INFO - [2025-07-03T20:08:33.625+0000] {dagbag.py:588} INFO - Filling up the DagBag from /opt/airflow/dags/driven_data_pipeline.py
[2025-07-03T20:08:33.868+0000] {processor.py:925} INFO - DAG(s) 'extract_raw_data_pipeline' retrieved from /opt/airflow/dags/driven_data_pipeline.py
[2025-07-03T20:08:33.895+0000] {logging_mixin.py:190} INFO - [2025-07-03T20:08:33.895+0000] {dag.py:3239} INFO - Sync 1 DAGs
[2025-07-03T20:08:33.914+0000] {logging_mixin.py:190} INFO - [2025-07-03T20:08:33.914+0000] {dag.py:4180} INFO - Setting next_dagrun for extract_raw_data_pipeline to 2025-07-03 07:59:00+00:00, run_after=2025-07-04 07:00:00+00:00
[2025-07-03T20:08:33.929+0000] {processor.py:208} INFO - Processing /opt/airflow/dags/driven_data_pipeline.py took 0.314 seconds
[2025-07-03T20:09:04.153+0000] {processor.py:186} INFO - Started process (PID=652) to work on /opt/airflow/dags/driven_data_pipeline.py
[2025-07-03T20:09:04.154+0000] {processor.py:914} INFO - Processing file /opt/airflow/dags/driven_data_pipeline.py for tasks to queue
[2025-07-03T20:09:04.157+0000] {logging_mixin.py:190} INFO - [2025-07-03T20:09:04.156+0000] {dagbag.py:588} INFO - Filling up the DagBag from /opt/airflow/dags/driven_data_pipeline.py
[2025-07-03T20:09:04.506+0000] {processor.py:925} INFO - DAG(s) 'extract_raw_data_pipeline' retrieved from /opt/airflow/dags/driven_data_pipeline.py
[2025-07-03T20:09:04.535+0000] {logging_mixin.py:190} INFO - [2025-07-03T20:09:04.535+0000] {dag.py:3239} INFO - Sync 1 DAGs
[2025-07-03T20:09:04.554+0000] {logging_mixin.py:190} INFO - [2025-07-03T20:09:04.554+0000] {dag.py:4180} INFO - Setting next_dagrun for extract_raw_data_pipeline to 2025-07-03 07:59:00+00:00, run_after=2025-07-04 07:00:00+00:00
[2025-07-03T20:09:04.570+0000] {processor.py:208} INFO - Processing /opt/airflow/dags/driven_data_pipeline.py took 0.423 seconds
[2025-07-03T20:09:34.794+0000] {processor.py:186} INFO - Started process (PID=660) to work on /opt/airflow/dags/driven_data_pipeline.py
[2025-07-03T20:09:34.795+0000] {processor.py:914} INFO - Processing file /opt/airflow/dags/driven_data_pipeline.py for tasks to queue
[2025-07-03T20:09:34.797+0000] {logging_mixin.py:190} INFO - [2025-07-03T20:09:34.797+0000] {dagbag.py:588} INFO - Filling up the DagBag from /opt/airflow/dags/driven_data_pipeline.py
[2025-07-03T20:09:35.029+0000] {processor.py:925} INFO - DAG(s) 'extract_raw_data_pipeline' retrieved from /opt/airflow/dags/driven_data_pipeline.py
[2025-07-03T20:09:35.060+0000] {logging_mixin.py:190} INFO - [2025-07-03T20:09:35.060+0000] {dag.py:3239} INFO - Sync 1 DAGs
[2025-07-03T20:09:35.082+0000] {logging_mixin.py:190} INFO - [2025-07-03T20:09:35.082+0000] {dag.py:4180} INFO - Setting next_dagrun for extract_raw_data_pipeline to 2025-07-03 07:59:00+00:00, run_after=2025-07-04 07:00:00+00:00
[2025-07-03T20:09:35.101+0000] {processor.py:208} INFO - Processing /opt/airflow/dags/driven_data_pipeline.py took 0.312 seconds
[2025-07-03T20:10:05.311+0000] {processor.py:186} INFO - Started process (PID=668) to work on /opt/airflow/dags/driven_data_pipeline.py
[2025-07-03T20:10:05.313+0000] {processor.py:914} INFO - Processing file /opt/airflow/dags/driven_data_pipeline.py for tasks to queue
[2025-07-03T20:10:05.315+0000] {logging_mixin.py:190} INFO - [2025-07-03T20:10:05.314+0000] {dagbag.py:588} INFO - Filling up the DagBag from /opt/airflow/dags/driven_data_pipeline.py
[2025-07-03T20:10:05.683+0000] {processor.py:925} INFO - DAG(s) 'extract_raw_data_pipeline' retrieved from /opt/airflow/dags/driven_data_pipeline.py
[2025-07-03T20:10:05.709+0000] {logging_mixin.py:190} INFO - [2025-07-03T20:10:05.708+0000] {dag.py:3239} INFO - Sync 1 DAGs
[2025-07-03T20:10:05.729+0000] {logging_mixin.py:190} INFO - [2025-07-03T20:10:05.729+0000] {dag.py:4180} INFO - Setting next_dagrun for extract_raw_data_pipeline to 2025-07-03 07:59:00+00:00, run_after=2025-07-04 07:00:00+00:00
[2025-07-03T20:10:05.746+0000] {processor.py:208} INFO - Processing /opt/airflow/dags/driven_data_pipeline.py took 0.440 seconds
[2025-07-03T20:10:35.985+0000] {processor.py:186} INFO - Started process (PID=676) to work on /opt/airflow/dags/driven_data_pipeline.py
[2025-07-03T20:10:35.986+0000] {processor.py:914} INFO - Processing file /opt/airflow/dags/driven_data_pipeline.py for tasks to queue
[2025-07-03T20:10:35.988+0000] {logging_mixin.py:190} INFO - [2025-07-03T20:10:35.988+0000] {dagbag.py:588} INFO - Filling up the DagBag from /opt/airflow/dags/driven_data_pipeline.py
[2025-07-03T20:10:36.318+0000] {processor.py:925} INFO - DAG(s) 'extract_raw_data_pipeline' retrieved from /opt/airflow/dags/driven_data_pipeline.py
[2025-07-03T20:10:36.351+0000] {logging_mixin.py:190} INFO - [2025-07-03T20:10:36.350+0000] {dag.py:3239} INFO - Sync 1 DAGs
[2025-07-03T20:10:36.373+0000] {logging_mixin.py:190} INFO - [2025-07-03T20:10:36.373+0000] {dag.py:4180} INFO - Setting next_dagrun for extract_raw_data_pipeline to 2025-07-03 07:59:00+00:00, run_after=2025-07-04 07:00:00+00:00
[2025-07-03T20:10:36.392+0000] {processor.py:208} INFO - Processing /opt/airflow/dags/driven_data_pipeline.py took 0.414 seconds
[2025-07-03T20:11:06.622+0000] {processor.py:186} INFO - Started process (PID=684) to work on /opt/airflow/dags/driven_data_pipeline.py
[2025-07-03T20:11:06.623+0000] {processor.py:914} INFO - Processing file /opt/airflow/dags/driven_data_pipeline.py for tasks to queue
[2025-07-03T20:11:06.626+0000] {logging_mixin.py:190} INFO - [2025-07-03T20:11:06.625+0000] {dagbag.py:588} INFO - Filling up the DagBag from /opt/airflow/dags/driven_data_pipeline.py
[2025-07-03T20:11:07.024+0000] {processor.py:925} INFO - DAG(s) 'extract_raw_data_pipeline' retrieved from /opt/airflow/dags/driven_data_pipeline.py
[2025-07-03T20:11:07.055+0000] {logging_mixin.py:190} INFO - [2025-07-03T20:11:07.054+0000] {dag.py:3239} INFO - Sync 1 DAGs
[2025-07-03T20:11:07.078+0000] {logging_mixin.py:190} INFO - [2025-07-03T20:11:07.078+0000] {dag.py:4180} INFO - Setting next_dagrun for extract_raw_data_pipeline to 2025-07-03 07:59:00+00:00, run_after=2025-07-04 07:00:00+00:00
[2025-07-03T20:11:07.104+0000] {processor.py:208} INFO - Processing /opt/airflow/dags/driven_data_pipeline.py took 0.490 seconds
[2025-07-03T20:11:37.352+0000] {processor.py:186} INFO - Started process (PID=692) to work on /opt/airflow/dags/driven_data_pipeline.py
[2025-07-03T20:11:37.353+0000] {processor.py:914} INFO - Processing file /opt/airflow/dags/driven_data_pipeline.py for tasks to queue
[2025-07-03T20:11:37.355+0000] {logging_mixin.py:190} INFO - [2025-07-03T20:11:37.355+0000] {dagbag.py:588} INFO - Filling up the DagBag from /opt/airflow/dags/driven_data_pipeline.py
[2025-07-03T20:11:37.723+0000] {processor.py:925} INFO - DAG(s) 'extract_raw_data_pipeline' retrieved from /opt/airflow/dags/driven_data_pipeline.py
[2025-07-03T20:11:37.750+0000] {logging_mixin.py:190} INFO - [2025-07-03T20:11:37.750+0000] {dag.py:3239} INFO - Sync 1 DAGs
[2025-07-03T20:11:37.770+0000] {logging_mixin.py:190} INFO - [2025-07-03T20:11:37.770+0000] {dag.py:4180} INFO - Setting next_dagrun for extract_raw_data_pipeline to 2025-07-03 07:59:00+00:00, run_after=2025-07-04 07:00:00+00:00
[2025-07-03T20:11:37.789+0000] {processor.py:208} INFO - Processing /opt/airflow/dags/driven_data_pipeline.py took 0.445 seconds
[2025-07-03T20:12:08.035+0000] {processor.py:186} INFO - Started process (PID=700) to work on /opt/airflow/dags/driven_data_pipeline.py
[2025-07-03T20:12:08.036+0000] {processor.py:914} INFO - Processing file /opt/airflow/dags/driven_data_pipeline.py for tasks to queue
[2025-07-03T20:12:08.039+0000] {logging_mixin.py:190} INFO - [2025-07-03T20:12:08.038+0000] {dagbag.py:588} INFO - Filling up the DagBag from /opt/airflow/dags/driven_data_pipeline.py
[2025-07-03T20:12:08.438+0000] {processor.py:925} INFO - DAG(s) 'extract_raw_data_pipeline' retrieved from /opt/airflow/dags/driven_data_pipeline.py
[2025-07-03T20:12:08.467+0000] {logging_mixin.py:190} INFO - [2025-07-03T20:12:08.466+0000] {dag.py:3239} INFO - Sync 1 DAGs
[2025-07-03T20:12:08.490+0000] {logging_mixin.py:190} INFO - [2025-07-03T20:12:08.490+0000] {dag.py:4180} INFO - Setting next_dagrun for extract_raw_data_pipeline to 2025-07-03 07:59:00+00:00, run_after=2025-07-04 07:00:00+00:00
[2025-07-03T20:12:08.510+0000] {processor.py:208} INFO - Processing /opt/airflow/dags/driven_data_pipeline.py took 0.481 seconds
[2025-07-03T20:12:38.755+0000] {processor.py:186} INFO - Started process (PID=708) to work on /opt/airflow/dags/driven_data_pipeline.py
[2025-07-03T20:12:38.758+0000] {processor.py:914} INFO - Processing file /opt/airflow/dags/driven_data_pipeline.py for tasks to queue
[2025-07-03T20:12:38.761+0000] {logging_mixin.py:190} INFO - [2025-07-03T20:12:38.760+0000] {dagbag.py:588} INFO - Filling up the DagBag from /opt/airflow/dags/driven_data_pipeline.py
[2025-07-03T20:12:39.222+0000] {processor.py:925} INFO - DAG(s) 'extract_raw_data_pipeline' retrieved from /opt/airflow/dags/driven_data_pipeline.py
[2025-07-03T20:12:39.268+0000] {logging_mixin.py:190} INFO - [2025-07-03T20:12:39.267+0000] {dag.py:3239} INFO - Sync 1 DAGs
[2025-07-03T20:12:39.293+0000] {logging_mixin.py:190} INFO - [2025-07-03T20:12:39.293+0000] {dag.py:4180} INFO - Setting next_dagrun for extract_raw_data_pipeline to 2025-07-03 07:59:00+00:00, run_after=2025-07-04 07:00:00+00:00
[2025-07-03T20:12:39.316+0000] {processor.py:208} INFO - Processing /opt/airflow/dags/driven_data_pipeline.py took 0.568 seconds
[2025-07-03T20:13:09.467+0000] {processor.py:186} INFO - Started process (PID=716) to work on /opt/airflow/dags/driven_data_pipeline.py
[2025-07-03T20:13:09.469+0000] {processor.py:914} INFO - Processing file /opt/airflow/dags/driven_data_pipeline.py for tasks to queue
[2025-07-03T20:13:09.471+0000] {logging_mixin.py:190} INFO - [2025-07-03T20:13:09.471+0000] {dagbag.py:588} INFO - Filling up the DagBag from /opt/airflow/dags/driven_data_pipeline.py
[2025-07-03T20:13:09.743+0000] {processor.py:925} INFO - DAG(s) 'extract_raw_data_pipeline' retrieved from /opt/airflow/dags/driven_data_pipeline.py
[2025-07-03T20:13:09.775+0000] {logging_mixin.py:190} INFO - [2025-07-03T20:13:09.774+0000] {dag.py:3239} INFO - Sync 1 DAGs
[2025-07-03T20:13:09.797+0000] {logging_mixin.py:190} INFO - [2025-07-03T20:13:09.797+0000] {dag.py:4180} INFO - Setting next_dagrun for extract_raw_data_pipeline to 2025-07-03 07:59:00+00:00, run_after=2025-07-04 07:00:00+00:00
[2025-07-03T20:13:09.814+0000] {processor.py:208} INFO - Processing /opt/airflow/dags/driven_data_pipeline.py took 0.353 seconds
[2025-07-03T20:13:40.083+0000] {processor.py:186} INFO - Started process (PID=724) to work on /opt/airflow/dags/driven_data_pipeline.py
[2025-07-03T20:13:40.086+0000] {processor.py:914} INFO - Processing file /opt/airflow/dags/driven_data_pipeline.py for tasks to queue
[2025-07-03T20:13:40.090+0000] {logging_mixin.py:190} INFO - [2025-07-03T20:13:40.089+0000] {dagbag.py:588} INFO - Filling up the DagBag from /opt/airflow/dags/driven_data_pipeline.py
[2025-07-03T20:13:40.467+0000] {processor.py:925} INFO - DAG(s) 'extract_raw_data_pipeline' retrieved from /opt/airflow/dags/driven_data_pipeline.py
[2025-07-03T20:13:40.504+0000] {logging_mixin.py:190} INFO - [2025-07-03T20:13:40.504+0000] {dag.py:3239} INFO - Sync 1 DAGs
[2025-07-03T20:13:40.535+0000] {logging_mixin.py:190} INFO - [2025-07-03T20:13:40.535+0000] {dag.py:4180} INFO - Setting next_dagrun for extract_raw_data_pipeline to 2025-07-03 07:59:00+00:00, run_after=2025-07-04 07:00:00+00:00
[2025-07-03T20:13:40.565+0000] {processor.py:208} INFO - Processing /opt/airflow/dags/driven_data_pipeline.py took 0.497 seconds
[2025-07-03T20:14:10.859+0000] {processor.py:186} INFO - Started process (PID=732) to work on /opt/airflow/dags/driven_data_pipeline.py
[2025-07-03T20:14:10.861+0000] {processor.py:914} INFO - Processing file /opt/airflow/dags/driven_data_pipeline.py for tasks to queue
[2025-07-03T20:14:10.864+0000] {logging_mixin.py:190} INFO - [2025-07-03T20:14:10.864+0000] {dagbag.py:588} INFO - Filling up the DagBag from /opt/airflow/dags/driven_data_pipeline.py
[2025-07-03T20:14:11.405+0000] {processor.py:925} INFO - DAG(s) 'extract_raw_data_pipeline' retrieved from /opt/airflow/dags/driven_data_pipeline.py
[2025-07-03T20:14:11.452+0000] {logging_mixin.py:190} INFO - [2025-07-03T20:14:11.452+0000] {dag.py:3239} INFO - Sync 1 DAGs
[2025-07-03T20:14:11.484+0000] {logging_mixin.py:190} INFO - [2025-07-03T20:14:11.483+0000] {dag.py:4180} INFO - Setting next_dagrun for extract_raw_data_pipeline to 2025-07-03 07:59:00+00:00, run_after=2025-07-04 07:00:00+00:00
[2025-07-03T20:14:11.520+0000] {processor.py:208} INFO - Processing /opt/airflow/dags/driven_data_pipeline.py took 0.670 seconds
[2025-07-03T20:14:41.786+0000] {processor.py:186} INFO - Started process (PID=740) to work on /opt/airflow/dags/driven_data_pipeline.py
[2025-07-03T20:14:41.789+0000] {processor.py:914} INFO - Processing file /opt/airflow/dags/driven_data_pipeline.py for tasks to queue
[2025-07-03T20:14:41.797+0000] {logging_mixin.py:190} INFO - [2025-07-03T20:14:41.796+0000] {dagbag.py:588} INFO - Filling up the DagBag from /opt/airflow/dags/driven_data_pipeline.py
[2025-07-03T20:14:42.419+0000] {processor.py:925} INFO - DAG(s) 'extract_raw_data_pipeline' retrieved from /opt/airflow/dags/driven_data_pipeline.py
[2025-07-03T20:14:42.504+0000] {logging_mixin.py:190} INFO - [2025-07-03T20:14:42.503+0000] {dag.py:3239} INFO - Sync 1 DAGs
[2025-07-03T20:14:42.563+0000] {logging_mixin.py:190} INFO - [2025-07-03T20:14:42.562+0000] {dag.py:4180} INFO - Setting next_dagrun for extract_raw_data_pipeline to 2025-07-03 07:59:00+00:00, run_after=2025-07-04 07:00:00+00:00
[2025-07-03T20:14:42.620+0000] {processor.py:208} INFO - Processing /opt/airflow/dags/driven_data_pipeline.py took 0.851 seconds
[2025-07-03T20:15:12.738+0000] {processor.py:186} INFO - Started process (PID=748) to work on /opt/airflow/dags/driven_data_pipeline.py
[2025-07-03T20:15:12.739+0000] {processor.py:914} INFO - Processing file /opt/airflow/dags/driven_data_pipeline.py for tasks to queue
[2025-07-03T20:15:12.742+0000] {logging_mixin.py:190} INFO - [2025-07-03T20:15:12.742+0000] {dagbag.py:588} INFO - Filling up the DagBag from /opt/airflow/dags/driven_data_pipeline.py
[2025-07-03T20:15:13.071+0000] {processor.py:925} INFO - DAG(s) 'extract_raw_data_pipeline' retrieved from /opt/airflow/dags/driven_data_pipeline.py
[2025-07-03T20:15:13.097+0000] {logging_mixin.py:190} INFO - [2025-07-03T20:15:13.097+0000] {dag.py:3239} INFO - Sync 1 DAGs
[2025-07-03T20:15:13.119+0000] {logging_mixin.py:190} INFO - [2025-07-03T20:15:13.119+0000] {dag.py:4180} INFO - Setting next_dagrun for extract_raw_data_pipeline to 2025-07-03 07:59:00+00:00, run_after=2025-07-04 07:00:00+00:00
[2025-07-03T20:15:13.135+0000] {processor.py:208} INFO - Processing /opt/airflow/dags/driven_data_pipeline.py took 0.405 seconds
[2025-07-03T20:15:43.356+0000] {processor.py:186} INFO - Started process (PID=756) to work on /opt/airflow/dags/driven_data_pipeline.py
[2025-07-03T20:15:43.357+0000] {processor.py:914} INFO - Processing file /opt/airflow/dags/driven_data_pipeline.py for tasks to queue
[2025-07-03T20:15:43.360+0000] {logging_mixin.py:190} INFO - [2025-07-03T20:15:43.359+0000] {dagbag.py:588} INFO - Filling up the DagBag from /opt/airflow/dags/driven_data_pipeline.py
[2025-07-03T20:15:43.786+0000] {processor.py:925} INFO - DAG(s) 'extract_raw_data_pipeline' retrieved from /opt/airflow/dags/driven_data_pipeline.py
[2025-07-03T20:15:43.814+0000] {logging_mixin.py:190} INFO - [2025-07-03T20:15:43.813+0000] {dag.py:3239} INFO - Sync 1 DAGs
[2025-07-03T20:15:43.833+0000] {logging_mixin.py:190} INFO - [2025-07-03T20:15:43.833+0000] {dag.py:4180} INFO - Setting next_dagrun for extract_raw_data_pipeline to 2025-07-03 07:59:00+00:00, run_after=2025-07-04 07:00:00+00:00
[2025-07-03T20:15:43.851+0000] {processor.py:208} INFO - Processing /opt/airflow/dags/driven_data_pipeline.py took 0.502 seconds
[2025-07-03T20:16:14.082+0000] {processor.py:186} INFO - Started process (PID=764) to work on /opt/airflow/dags/driven_data_pipeline.py
[2025-07-03T20:16:14.083+0000] {processor.py:914} INFO - Processing file /opt/airflow/dags/driven_data_pipeline.py for tasks to queue
[2025-07-03T20:16:14.086+0000] {logging_mixin.py:190} INFO - [2025-07-03T20:16:14.086+0000] {dagbag.py:588} INFO - Filling up the DagBag from /opt/airflow/dags/driven_data_pipeline.py
[2025-07-03T20:16:14.370+0000] {processor.py:925} INFO - DAG(s) 'extract_raw_data_pipeline' retrieved from /opt/airflow/dags/driven_data_pipeline.py
[2025-07-03T20:16:14.401+0000] {logging_mixin.py:190} INFO - [2025-07-03T20:16:14.400+0000] {dag.py:3239} INFO - Sync 1 DAGs
[2025-07-03T20:16:14.424+0000] {logging_mixin.py:190} INFO - [2025-07-03T20:16:14.424+0000] {dag.py:4180} INFO - Setting next_dagrun for extract_raw_data_pipeline to 2025-07-03 07:59:00+00:00, run_after=2025-07-04 07:00:00+00:00
[2025-07-03T20:16:14.441+0000] {processor.py:208} INFO - Processing /opt/airflow/dags/driven_data_pipeline.py took 0.365 seconds
[2025-07-03T20:16:44.757+0000] {processor.py:186} INFO - Started process (PID=772) to work on /opt/airflow/dags/driven_data_pipeline.py
[2025-07-03T20:16:44.759+0000] {processor.py:914} INFO - Processing file /opt/airflow/dags/driven_data_pipeline.py for tasks to queue
[2025-07-03T20:16:44.761+0000] {logging_mixin.py:190} INFO - [2025-07-03T20:16:44.761+0000] {dagbag.py:588} INFO - Filling up the DagBag from /opt/airflow/dags/driven_data_pipeline.py
[2025-07-03T20:16:45.135+0000] {processor.py:925} INFO - DAG(s) 'extract_raw_data_pipeline' retrieved from /opt/airflow/dags/driven_data_pipeline.py
[2025-07-03T20:16:45.171+0000] {logging_mixin.py:190} INFO - [2025-07-03T20:16:45.170+0000] {dag.py:3239} INFO - Sync 1 DAGs
[2025-07-03T20:16:45.196+0000] {logging_mixin.py:190} INFO - [2025-07-03T20:16:45.195+0000] {dag.py:4180} INFO - Setting next_dagrun for extract_raw_data_pipeline to 2025-07-03 07:59:00+00:00, run_after=2025-07-04 07:00:00+00:00
[2025-07-03T20:16:45.228+0000] {processor.py:208} INFO - Processing /opt/airflow/dags/driven_data_pipeline.py took 0.481 seconds
[2025-07-03T20:17:15.475+0000] {processor.py:186} INFO - Started process (PID=780) to work on /opt/airflow/dags/driven_data_pipeline.py
[2025-07-03T20:17:15.476+0000] {processor.py:914} INFO - Processing file /opt/airflow/dags/driven_data_pipeline.py for tasks to queue
[2025-07-03T20:17:15.478+0000] {logging_mixin.py:190} INFO - [2025-07-03T20:17:15.478+0000] {dagbag.py:588} INFO - Filling up the DagBag from /opt/airflow/dags/driven_data_pipeline.py
[2025-07-03T20:17:15.802+0000] {processor.py:925} INFO - DAG(s) 'extract_raw_data_pipeline' retrieved from /opt/airflow/dags/driven_data_pipeline.py
[2025-07-03T20:17:15.835+0000] {logging_mixin.py:190} INFO - [2025-07-03T20:17:15.835+0000] {dag.py:3239} INFO - Sync 1 DAGs
[2025-07-03T20:17:15.858+0000] {logging_mixin.py:190} INFO - [2025-07-03T20:17:15.857+0000] {dag.py:4180} INFO - Setting next_dagrun for extract_raw_data_pipeline to 2025-07-03 07:59:00+00:00, run_after=2025-07-04 07:00:00+00:00
[2025-07-03T20:17:15.875+0000] {processor.py:208} INFO - Processing /opt/airflow/dags/driven_data_pipeline.py took 0.407 seconds
[2025-07-03T20:17:46.118+0000] {processor.py:186} INFO - Started process (PID=788) to work on /opt/airflow/dags/driven_data_pipeline.py
[2025-07-03T20:17:46.120+0000] {processor.py:914} INFO - Processing file /opt/airflow/dags/driven_data_pipeline.py for tasks to queue
[2025-07-03T20:17:46.123+0000] {logging_mixin.py:190} INFO - [2025-07-03T20:17:46.123+0000] {dagbag.py:588} INFO - Filling up the DagBag from /opt/airflow/dags/driven_data_pipeline.py
[2025-07-03T20:17:46.563+0000] {processor.py:925} INFO - DAG(s) 'extract_raw_data_pipeline' retrieved from /opt/airflow/dags/driven_data_pipeline.py
[2025-07-03T20:17:46.597+0000] {logging_mixin.py:190} INFO - [2025-07-03T20:17:46.596+0000] {dag.py:3239} INFO - Sync 1 DAGs
[2025-07-03T20:17:46.621+0000] {logging_mixin.py:190} INFO - [2025-07-03T20:17:46.621+0000] {dag.py:4180} INFO - Setting next_dagrun for extract_raw_data_pipeline to 2025-07-03 07:59:00+00:00, run_after=2025-07-04 07:00:00+00:00
[2025-07-03T20:17:46.639+0000] {processor.py:208} INFO - Processing /opt/airflow/dags/driven_data_pipeline.py took 0.528 seconds
[2025-07-03T20:18:16.916+0000] {processor.py:186} INFO - Started process (PID=796) to work on /opt/airflow/dags/driven_data_pipeline.py
[2025-07-03T20:18:16.917+0000] {processor.py:914} INFO - Processing file /opt/airflow/dags/driven_data_pipeline.py for tasks to queue
[2025-07-03T20:18:16.920+0000] {logging_mixin.py:190} INFO - [2025-07-03T20:18:16.919+0000] {dagbag.py:588} INFO - Filling up the DagBag from /opt/airflow/dags/driven_data_pipeline.py
[2025-07-03T20:18:17.291+0000] {processor.py:925} INFO - DAG(s) 'extract_raw_data_pipeline' retrieved from /opt/airflow/dags/driven_data_pipeline.py
[2025-07-03T20:18:17.328+0000] {logging_mixin.py:190} INFO - [2025-07-03T20:18:17.327+0000] {dag.py:3239} INFO - Sync 1 DAGs
[2025-07-03T20:18:17.361+0000] {logging_mixin.py:190} INFO - [2025-07-03T20:18:17.360+0000] {dag.py:4180} INFO - Setting next_dagrun for extract_raw_data_pipeline to 2025-07-03 07:59:00+00:00, run_after=2025-07-04 07:00:00+00:00
[2025-07-03T20:18:17.382+0000] {processor.py:208} INFO - Processing /opt/airflow/dags/driven_data_pipeline.py took 0.474 seconds
[2025-07-03T20:18:47.487+0000] {processor.py:186} INFO - Started process (PID=804) to work on /opt/airflow/dags/driven_data_pipeline.py
[2025-07-03T20:18:47.488+0000] {processor.py:914} INFO - Processing file /opt/airflow/dags/driven_data_pipeline.py for tasks to queue
[2025-07-03T20:18:47.492+0000] {logging_mixin.py:190} INFO - [2025-07-03T20:18:47.491+0000] {dagbag.py:588} INFO - Filling up the DagBag from /opt/airflow/dags/driven_data_pipeline.py
[2025-07-03T20:18:47.809+0000] {processor.py:925} INFO - DAG(s) 'extract_raw_data_pipeline' retrieved from /opt/airflow/dags/driven_data_pipeline.py
[2025-07-03T20:18:47.841+0000] {logging_mixin.py:190} INFO - [2025-07-03T20:18:47.840+0000] {dag.py:3239} INFO - Sync 1 DAGs
[2025-07-03T20:18:47.862+0000] {logging_mixin.py:190} INFO - [2025-07-03T20:18:47.862+0000] {dag.py:4180} INFO - Setting next_dagrun for extract_raw_data_pipeline to 2025-07-03 07:59:00+00:00, run_after=2025-07-04 07:00:00+00:00
[2025-07-03T20:18:47.877+0000] {processor.py:208} INFO - Processing /opt/airflow/dags/driven_data_pipeline.py took 0.399 seconds
[2025-07-03T20:19:18.121+0000] {processor.py:186} INFO - Started process (PID=812) to work on /opt/airflow/dags/driven_data_pipeline.py
[2025-07-03T20:19:18.122+0000] {processor.py:914} INFO - Processing file /opt/airflow/dags/driven_data_pipeline.py for tasks to queue
[2025-07-03T20:19:18.125+0000] {logging_mixin.py:190} INFO - [2025-07-03T20:19:18.125+0000] {dagbag.py:588} INFO - Filling up the DagBag from /opt/airflow/dags/driven_data_pipeline.py
[2025-07-03T20:19:18.482+0000] {processor.py:925} INFO - DAG(s) 'extract_raw_data_pipeline' retrieved from /opt/airflow/dags/driven_data_pipeline.py
[2025-07-03T20:19:18.517+0000] {logging_mixin.py:190} INFO - [2025-07-03T20:19:18.517+0000] {dag.py:3239} INFO - Sync 1 DAGs
[2025-07-03T20:19:18.539+0000] {logging_mixin.py:190} INFO - [2025-07-03T20:19:18.539+0000] {dag.py:4180} INFO - Setting next_dagrun for extract_raw_data_pipeline to 2025-07-03 07:59:00+00:00, run_after=2025-07-04 07:00:00+00:00
[2025-07-03T20:19:18.555+0000] {processor.py:208} INFO - Processing /opt/airflow/dags/driven_data_pipeline.py took 0.441 seconds
[2025-07-03T20:19:48.774+0000] {processor.py:186} INFO - Started process (PID=820) to work on /opt/airflow/dags/driven_data_pipeline.py
[2025-07-03T20:19:48.775+0000] {processor.py:914} INFO - Processing file /opt/airflow/dags/driven_data_pipeline.py for tasks to queue
[2025-07-03T20:19:48.779+0000] {logging_mixin.py:190} INFO - [2025-07-03T20:19:48.778+0000] {dagbag.py:588} INFO - Filling up the DagBag from /opt/airflow/dags/driven_data_pipeline.py
[2025-07-03T20:19:49.126+0000] {processor.py:925} INFO - DAG(s) 'extract_raw_data_pipeline' retrieved from /opt/airflow/dags/driven_data_pipeline.py
[2025-07-03T20:19:49.169+0000] {logging_mixin.py:190} INFO - [2025-07-03T20:19:49.168+0000] {dag.py:3239} INFO - Sync 1 DAGs
[2025-07-03T20:19:49.192+0000] {logging_mixin.py:190} INFO - [2025-07-03T20:19:49.192+0000] {dag.py:4180} INFO - Setting next_dagrun for extract_raw_data_pipeline to 2025-07-03 07:59:00+00:00, run_after=2025-07-04 07:00:00+00:00
[2025-07-03T20:19:49.216+0000] {processor.py:208} INFO - Processing /opt/airflow/dags/driven_data_pipeline.py took 0.451 seconds
[2025-07-03T20:20:19.466+0000] {processor.py:186} INFO - Started process (PID=828) to work on /opt/airflow/dags/driven_data_pipeline.py
[2025-07-03T20:20:19.467+0000] {processor.py:914} INFO - Processing file /opt/airflow/dags/driven_data_pipeline.py for tasks to queue
[2025-07-03T20:20:19.470+0000] {logging_mixin.py:190} INFO - [2025-07-03T20:20:19.470+0000] {dagbag.py:588} INFO - Filling up the DagBag from /opt/airflow/dags/driven_data_pipeline.py
[2025-07-03T20:20:19.838+0000] {processor.py:925} INFO - DAG(s) 'extract_raw_data_pipeline' retrieved from /opt/airflow/dags/driven_data_pipeline.py
[2025-07-03T20:20:19.875+0000] {logging_mixin.py:190} INFO - [2025-07-03T20:20:19.875+0000] {dag.py:3239} INFO - Sync 1 DAGs
[2025-07-03T20:20:19.902+0000] {logging_mixin.py:190} INFO - [2025-07-03T20:20:19.902+0000] {dag.py:4180} INFO - Setting next_dagrun for extract_raw_data_pipeline to 2025-07-03 07:59:00+00:00, run_after=2025-07-04 07:00:00+00:00
[2025-07-03T20:20:19.921+0000] {processor.py:208} INFO - Processing /opt/airflow/dags/driven_data_pipeline.py took 0.462 seconds
[2025-07-03T20:20:50.174+0000] {processor.py:186} INFO - Started process (PID=836) to work on /opt/airflow/dags/driven_data_pipeline.py
[2025-07-03T20:20:50.176+0000] {processor.py:914} INFO - Processing file /opt/airflow/dags/driven_data_pipeline.py for tasks to queue
[2025-07-03T20:20:50.179+0000] {logging_mixin.py:190} INFO - [2025-07-03T20:20:50.179+0000] {dagbag.py:588} INFO - Filling up the DagBag from /opt/airflow/dags/driven_data_pipeline.py
[2025-07-03T20:20:50.550+0000] {processor.py:925} INFO - DAG(s) 'extract_raw_data_pipeline' retrieved from /opt/airflow/dags/driven_data_pipeline.py
[2025-07-03T20:20:50.583+0000] {logging_mixin.py:190} INFO - [2025-07-03T20:20:50.583+0000] {dag.py:3239} INFO - Sync 1 DAGs
[2025-07-03T20:20:50.608+0000] {logging_mixin.py:190} INFO - [2025-07-03T20:20:50.608+0000] {dag.py:4180} INFO - Setting next_dagrun for extract_raw_data_pipeline to 2025-07-03 07:59:00+00:00, run_after=2025-07-04 07:00:00+00:00
[2025-07-03T20:20:50.629+0000] {processor.py:208} INFO - Processing /opt/airflow/dags/driven_data_pipeline.py took 0.463 seconds
[2025-07-03T20:21:20.846+0000] {processor.py:186} INFO - Started process (PID=844) to work on /opt/airflow/dags/driven_data_pipeline.py
[2025-07-03T20:21:20.848+0000] {processor.py:914} INFO - Processing file /opt/airflow/dags/driven_data_pipeline.py for tasks to queue
[2025-07-03T20:21:20.851+0000] {logging_mixin.py:190} INFO - [2025-07-03T20:21:20.851+0000] {dagbag.py:588} INFO - Filling up the DagBag from /opt/airflow/dags/driven_data_pipeline.py
[2025-07-03T20:21:21.164+0000] {processor.py:925} INFO - DAG(s) 'extract_raw_data_pipeline' retrieved from /opt/airflow/dags/driven_data_pipeline.py
[2025-07-03T20:21:21.197+0000] {logging_mixin.py:190} INFO - [2025-07-03T20:21:21.197+0000] {dag.py:3239} INFO - Sync 1 DAGs
[2025-07-03T20:21:21.221+0000] {logging_mixin.py:190} INFO - [2025-07-03T20:21:21.221+0000] {dag.py:4180} INFO - Setting next_dagrun for extract_raw_data_pipeline to 2025-07-03 07:59:00+00:00, run_after=2025-07-04 07:00:00+00:00
[2025-07-03T20:21:21.243+0000] {processor.py:208} INFO - Processing /opt/airflow/dags/driven_data_pipeline.py took 0.404 seconds
[2025-07-03T20:21:51.485+0000] {processor.py:186} INFO - Started process (PID=858) to work on /opt/airflow/dags/driven_data_pipeline.py
[2025-07-03T20:21:51.486+0000] {processor.py:914} INFO - Processing file /opt/airflow/dags/driven_data_pipeline.py for tasks to queue
[2025-07-03T20:21:51.491+0000] {logging_mixin.py:190} INFO - [2025-07-03T20:21:51.490+0000] {dagbag.py:588} INFO - Filling up the DagBag from /opt/airflow/dags/driven_data_pipeline.py
[2025-07-03T20:21:51.898+0000] {processor.py:925} INFO - DAG(s) 'extract_raw_data_pipeline' retrieved from /opt/airflow/dags/driven_data_pipeline.py
[2025-07-03T20:21:51.935+0000] {logging_mixin.py:190} INFO - [2025-07-03T20:21:51.934+0000] {dag.py:3239} INFO - Sync 1 DAGs
[2025-07-03T20:21:51.963+0000] {logging_mixin.py:190} INFO - [2025-07-03T20:21:51.963+0000] {dag.py:4180} INFO - Setting next_dagrun for extract_raw_data_pipeline to 2025-07-03 07:59:00+00:00, run_after=2025-07-04 07:00:00+00:00
[2025-07-03T20:21:51.985+0000] {processor.py:208} INFO - Processing /opt/airflow/dags/driven_data_pipeline.py took 0.511 seconds
[2025-07-03T20:22:22.209+0000] {processor.py:186} INFO - Started process (PID=867) to work on /opt/airflow/dags/driven_data_pipeline.py
[2025-07-03T20:22:22.211+0000] {processor.py:914} INFO - Processing file /opt/airflow/dags/driven_data_pipeline.py for tasks to queue
[2025-07-03T20:22:22.213+0000] {logging_mixin.py:190} INFO - [2025-07-03T20:22:22.213+0000] {dagbag.py:588} INFO - Filling up the DagBag from /opt/airflow/dags/driven_data_pipeline.py
[2025-07-03T20:22:22.520+0000] {processor.py:925} INFO - DAG(s) 'extract_raw_data_pipeline' retrieved from /opt/airflow/dags/driven_data_pipeline.py
[2025-07-03T20:22:22.552+0000] {logging_mixin.py:190} INFO - [2025-07-03T20:22:22.551+0000] {dag.py:3239} INFO - Sync 1 DAGs
[2025-07-03T20:22:22.574+0000] {logging_mixin.py:190} INFO - [2025-07-03T20:22:22.574+0000] {dag.py:4180} INFO - Setting next_dagrun for extract_raw_data_pipeline to 2025-07-03 07:59:00+00:00, run_after=2025-07-04 07:00:00+00:00
[2025-07-03T20:22:22.591+0000] {processor.py:208} INFO - Processing /opt/airflow/dags/driven_data_pipeline.py took 0.389 seconds
[2025-07-03T20:22:52.863+0000] {processor.py:186} INFO - Started process (PID=875) to work on /opt/airflow/dags/driven_data_pipeline.py
[2025-07-03T20:22:52.865+0000] {processor.py:914} INFO - Processing file /opt/airflow/dags/driven_data_pipeline.py for tasks to queue
[2025-07-03T20:22:52.873+0000] {logging_mixin.py:190} INFO - [2025-07-03T20:22:52.872+0000] {dagbag.py:588} INFO - Filling up the DagBag from /opt/airflow/dags/driven_data_pipeline.py
[2025-07-03T20:22:53.277+0000] {processor.py:925} INFO - DAG(s) 'extract_raw_data_pipeline' retrieved from /opt/airflow/dags/driven_data_pipeline.py
[2025-07-03T20:22:53.315+0000] {logging_mixin.py:190} INFO - [2025-07-03T20:22:53.314+0000] {dag.py:3239} INFO - Sync 1 DAGs
[2025-07-03T20:22:53.345+0000] {logging_mixin.py:190} INFO - [2025-07-03T20:22:53.344+0000] {dag.py:4180} INFO - Setting next_dagrun for extract_raw_data_pipeline to 2025-07-03 07:59:00+00:00, run_after=2025-07-04 07:00:00+00:00
[2025-07-03T20:22:53.365+0000] {processor.py:208} INFO - Processing /opt/airflow/dags/driven_data_pipeline.py took 0.511 seconds
[2025-07-03T20:23:23.771+0000] {processor.py:186} INFO - Started process (PID=877) to work on /opt/airflow/dags/driven_data_pipeline.py
[2025-07-03T20:23:23.772+0000] {processor.py:914} INFO - Processing file /opt/airflow/dags/driven_data_pipeline.py for tasks to queue
[2025-07-03T20:23:23.782+0000] {logging_mixin.py:190} INFO - [2025-07-03T20:23:23.781+0000] {dagbag.py:588} INFO - Filling up the DagBag from /opt/airflow/dags/driven_data_pipeline.py
[2025-07-03T20:23:24.302+0000] {processor.py:925} INFO - DAG(s) 'extract_raw_data_pipeline' retrieved from /opt/airflow/dags/driven_data_pipeline.py
[2025-07-03T20:23:24.375+0000] {logging_mixin.py:190} INFO - [2025-07-03T20:23:24.374+0000] {dag.py:3239} INFO - Sync 1 DAGs
[2025-07-03T20:23:24.414+0000] {logging_mixin.py:190} INFO - [2025-07-03T20:23:24.413+0000] {dag.py:4180} INFO - Setting next_dagrun for extract_raw_data_pipeline to 2025-07-03 07:59:00+00:00, run_after=2025-07-04 07:00:00+00:00
[2025-07-03T20:23:24.443+0000] {processor.py:208} INFO - Processing /opt/airflow/dags/driven_data_pipeline.py took 0.696 seconds
[2025-07-03T20:23:54.755+0000] {processor.py:186} INFO - Started process (PID=885) to work on /opt/airflow/dags/driven_data_pipeline.py
[2025-07-03T20:23:54.756+0000] {processor.py:914} INFO - Processing file /opt/airflow/dags/driven_data_pipeline.py for tasks to queue
[2025-07-03T20:23:54.760+0000] {logging_mixin.py:190} INFO - [2025-07-03T20:23:54.759+0000] {dagbag.py:588} INFO - Filling up the DagBag from /opt/airflow/dags/driven_data_pipeline.py
[2025-07-03T20:23:55.079+0000] {processor.py:925} INFO - DAG(s) 'extract_raw_data_pipeline' retrieved from /opt/airflow/dags/driven_data_pipeline.py
[2025-07-03T20:23:55.113+0000] {logging_mixin.py:190} INFO - [2025-07-03T20:23:55.113+0000] {dag.py:3239} INFO - Sync 1 DAGs
[2025-07-03T20:23:55.140+0000] {logging_mixin.py:190} INFO - [2025-07-03T20:23:55.140+0000] {dag.py:4180} INFO - Setting next_dagrun for extract_raw_data_pipeline to 2025-07-03 07:59:00+00:00, run_after=2025-07-04 07:00:00+00:00
[2025-07-03T20:23:55.158+0000] {processor.py:208} INFO - Processing /opt/airflow/dags/driven_data_pipeline.py took 0.411 seconds
[2025-07-03T20:24:25.333+0000] {processor.py:186} INFO - Started process (PID=899) to work on /opt/airflow/dags/driven_data_pipeline.py
[2025-07-03T20:24:25.334+0000] {processor.py:914} INFO - Processing file /opt/airflow/dags/driven_data_pipeline.py for tasks to queue
[2025-07-03T20:24:25.337+0000] {logging_mixin.py:190} INFO - [2025-07-03T20:24:25.337+0000] {dagbag.py:588} INFO - Filling up the DagBag from /opt/airflow/dags/driven_data_pipeline.py
[2025-07-03T20:24:25.721+0000] {processor.py:925} INFO - DAG(s) 'extract_raw_data_pipeline' retrieved from /opt/airflow/dags/driven_data_pipeline.py
[2025-07-03T20:24:25.753+0000] {logging_mixin.py:190} INFO - [2025-07-03T20:24:25.753+0000] {dag.py:3239} INFO - Sync 1 DAGs
[2025-07-03T20:24:25.775+0000] {logging_mixin.py:190} INFO - [2025-07-03T20:24:25.775+0000] {dag.py:4180} INFO - Setting next_dagrun for extract_raw_data_pipeline to 2025-07-03 07:59:00+00:00, run_after=2025-07-04 07:00:00+00:00
[2025-07-03T20:24:25.791+0000] {processor.py:208} INFO - Processing /opt/airflow/dags/driven_data_pipeline.py took 0.464 seconds
[2025-07-03T20:24:56.056+0000] {processor.py:186} INFO - Started process (PID=907) to work on /opt/airflow/dags/driven_data_pipeline.py
[2025-07-03T20:24:56.060+0000] {processor.py:914} INFO - Processing file /opt/airflow/dags/driven_data_pipeline.py for tasks to queue
[2025-07-03T20:24:56.069+0000] {logging_mixin.py:190} INFO - [2025-07-03T20:24:56.068+0000] {dagbag.py:588} INFO - Filling up the DagBag from /opt/airflow/dags/driven_data_pipeline.py
[2025-07-03T20:24:56.316+0000] {processor.py:925} INFO - DAG(s) 'extract_raw_data_pipeline' retrieved from /opt/airflow/dags/driven_data_pipeline.py
[2025-07-03T20:24:56.347+0000] {logging_mixin.py:190} INFO - [2025-07-03T20:24:56.347+0000] {dag.py:3239} INFO - Sync 1 DAGs
[2025-07-03T20:24:56.370+0000] {logging_mixin.py:190} INFO - [2025-07-03T20:24:56.370+0000] {dag.py:4180} INFO - Setting next_dagrun for extract_raw_data_pipeline to 2025-07-03 07:59:00+00:00, run_after=2025-07-04 07:00:00+00:00
[2025-07-03T20:24:56.387+0000] {processor.py:208} INFO - Processing /opt/airflow/dags/driven_data_pipeline.py took 0.347 seconds
[2025-07-03T20:25:26.629+0000] {processor.py:186} INFO - Started process (PID=915) to work on /opt/airflow/dags/driven_data_pipeline.py
[2025-07-03T20:25:26.630+0000] {processor.py:914} INFO - Processing file /opt/airflow/dags/driven_data_pipeline.py for tasks to queue
[2025-07-03T20:25:26.633+0000] {logging_mixin.py:190} INFO - [2025-07-03T20:25:26.633+0000] {dagbag.py:588} INFO - Filling up the DagBag from /opt/airflow/dags/driven_data_pipeline.py
[2025-07-03T20:25:27.049+0000] {processor.py:925} INFO - DAG(s) 'extract_raw_data_pipeline' retrieved from /opt/airflow/dags/driven_data_pipeline.py
[2025-07-03T20:25:27.085+0000] {logging_mixin.py:190} INFO - [2025-07-03T20:25:27.085+0000] {dag.py:3239} INFO - Sync 1 DAGs
[2025-07-03T20:25:27.115+0000] {logging_mixin.py:190} INFO - [2025-07-03T20:25:27.115+0000] {dag.py:4180} INFO - Setting next_dagrun for extract_raw_data_pipeline to 2025-07-03 07:59:00+00:00, run_after=2025-07-04 07:00:00+00:00
[2025-07-03T20:25:27.147+0000] {processor.py:208} INFO - Processing /opt/airflow/dags/driven_data_pipeline.py took 0.526 seconds
[2025-07-03T20:25:57.405+0000] {processor.py:186} INFO - Started process (PID=923) to work on /opt/airflow/dags/driven_data_pipeline.py
[2025-07-03T20:25:57.407+0000] {processor.py:914} INFO - Processing file /opt/airflow/dags/driven_data_pipeline.py for tasks to queue
[2025-07-03T20:25:57.411+0000] {logging_mixin.py:190} INFO - [2025-07-03T20:25:57.411+0000] {dagbag.py:588} INFO - Filling up the DagBag from /opt/airflow/dags/driven_data_pipeline.py
[2025-07-03T20:25:57.840+0000] {processor.py:925} INFO - DAG(s) 'extract_raw_data_pipeline' retrieved from /opt/airflow/dags/driven_data_pipeline.py
[2025-07-03T20:25:57.904+0000] {logging_mixin.py:190} INFO - [2025-07-03T20:25:57.903+0000] {dag.py:3239} INFO - Sync 1 DAGs
[2025-07-03T20:25:57.952+0000] {logging_mixin.py:190} INFO - [2025-07-03T20:25:57.952+0000] {dag.py:4180} INFO - Setting next_dagrun for extract_raw_data_pipeline to 2025-07-03 07:59:00+00:00, run_after=2025-07-04 07:00:00+00:00
[2025-07-03T20:25:57.983+0000] {processor.py:208} INFO - Processing /opt/airflow/dags/driven_data_pipeline.py took 0.585 seconds
[2025-07-03T20:26:28.241+0000] {processor.py:186} INFO - Started process (PID=931) to work on /opt/airflow/dags/driven_data_pipeline.py
[2025-07-03T20:26:28.243+0000] {processor.py:914} INFO - Processing file /opt/airflow/dags/driven_data_pipeline.py for tasks to queue
[2025-07-03T20:26:28.248+0000] {logging_mixin.py:190} INFO - [2025-07-03T20:26:28.248+0000] {dagbag.py:588} INFO - Filling up the DagBag from /opt/airflow/dags/driven_data_pipeline.py
[2025-07-03T20:26:28.663+0000] {processor.py:925} INFO - DAG(s) 'extract_raw_data_pipeline' retrieved from /opt/airflow/dags/driven_data_pipeline.py
[2025-07-03T20:26:28.701+0000] {logging_mixin.py:190} INFO - [2025-07-03T20:26:28.700+0000] {dag.py:3239} INFO - Sync 1 DAGs
[2025-07-03T20:26:28.729+0000] {logging_mixin.py:190} INFO - [2025-07-03T20:26:28.729+0000] {dag.py:4180} INFO - Setting next_dagrun for extract_raw_data_pipeline to 2025-07-03 07:59:00+00:00, run_after=2025-07-04 07:00:00+00:00
[2025-07-03T20:26:28.747+0000] {processor.py:208} INFO - Processing /opt/airflow/dags/driven_data_pipeline.py took 0.518 seconds
[2025-07-03T20:26:58.971+0000] {processor.py:186} INFO - Started process (PID=939) to work on /opt/airflow/dags/driven_data_pipeline.py
[2025-07-03T20:26:58.972+0000] {processor.py:914} INFO - Processing file /opt/airflow/dags/driven_data_pipeline.py for tasks to queue
[2025-07-03T20:26:58.975+0000] {logging_mixin.py:190} INFO - [2025-07-03T20:26:58.975+0000] {dagbag.py:588} INFO - Filling up the DagBag from /opt/airflow/dags/driven_data_pipeline.py
[2025-07-03T20:26:59.342+0000] {processor.py:925} INFO - DAG(s) 'extract_raw_data_pipeline' retrieved from /opt/airflow/dags/driven_data_pipeline.py
[2025-07-03T20:26:59.371+0000] {logging_mixin.py:190} INFO - [2025-07-03T20:26:59.371+0000] {dag.py:3239} INFO - Sync 1 DAGs
[2025-07-03T20:26:59.393+0000] {logging_mixin.py:190} INFO - [2025-07-03T20:26:59.392+0000] {dag.py:4180} INFO - Setting next_dagrun for extract_raw_data_pipeline to 2025-07-03 07:59:00+00:00, run_after=2025-07-04 07:00:00+00:00
[2025-07-03T20:26:59.410+0000] {processor.py:208} INFO - Processing /opt/airflow/dags/driven_data_pipeline.py took 0.446 seconds
[2025-07-03T20:27:29.609+0000] {processor.py:186} INFO - Started process (PID=947) to work on /opt/airflow/dags/driven_data_pipeline.py
[2025-07-03T20:27:29.610+0000] {processor.py:914} INFO - Processing file /opt/airflow/dags/driven_data_pipeline.py for tasks to queue
[2025-07-03T20:27:29.613+0000] {logging_mixin.py:190} INFO - [2025-07-03T20:27:29.612+0000] {dagbag.py:588} INFO - Filling up the DagBag from /opt/airflow/dags/driven_data_pipeline.py
[2025-07-03T20:27:29.868+0000] {processor.py:925} INFO - DAG(s) 'extract_raw_data_pipeline' retrieved from /opt/airflow/dags/driven_data_pipeline.py
[2025-07-03T20:27:29.896+0000] {logging_mixin.py:190} INFO - [2025-07-03T20:27:29.896+0000] {dag.py:3239} INFO - Sync 1 DAGs
[2025-07-03T20:27:29.918+0000] {logging_mixin.py:190} INFO - [2025-07-03T20:27:29.917+0000] {dag.py:4180} INFO - Setting next_dagrun for extract_raw_data_pipeline to 2025-07-03 07:59:00+00:00, run_after=2025-07-04 07:00:00+00:00
[2025-07-03T20:27:29.935+0000] {processor.py:208} INFO - Processing /opt/airflow/dags/driven_data_pipeline.py took 0.332 seconds
[2025-07-03T20:28:00.208+0000] {processor.py:186} INFO - Started process (PID=955) to work on /opt/airflow/dags/driven_data_pipeline.py
[2025-07-03T20:28:00.210+0000] {processor.py:914} INFO - Processing file /opt/airflow/dags/driven_data_pipeline.py for tasks to queue
[2025-07-03T20:28:00.212+0000] {logging_mixin.py:190} INFO - [2025-07-03T20:28:00.212+0000] {dagbag.py:588} INFO - Filling up the DagBag from /opt/airflow/dags/driven_data_pipeline.py
[2025-07-03T20:28:00.571+0000] {processor.py:925} INFO - DAG(s) 'extract_raw_data_pipeline' retrieved from /opt/airflow/dags/driven_data_pipeline.py
[2025-07-03T20:28:00.597+0000] {logging_mixin.py:190} INFO - [2025-07-03T20:28:00.597+0000] {dag.py:3239} INFO - Sync 1 DAGs
[2025-07-03T20:28:00.624+0000] {logging_mixin.py:190} INFO - [2025-07-03T20:28:00.623+0000] {dag.py:4180} INFO - Setting next_dagrun for extract_raw_data_pipeline to 2025-07-03 07:59:00+00:00, run_after=2025-07-04 07:00:00+00:00
[2025-07-03T20:28:00.640+0000] {processor.py:208} INFO - Processing /opt/airflow/dags/driven_data_pipeline.py took 0.439 seconds
[2025-07-03T21:02:36.370+0000] {processor.py:186} INFO - Started process (PID=964) to work on /opt/airflow/dags/driven_data_pipeline.py
[2025-07-03T21:02:36.383+0000] {processor.py:914} INFO - Processing file /opt/airflow/dags/driven_data_pipeline.py for tasks to queue
[2025-07-03T21:02:36.412+0000] {logging_mixin.py:190} INFO - [2025-07-03T21:02:36.409+0000] {dagbag.py:588} INFO - Filling up the DagBag from /opt/airflow/dags/driven_data_pipeline.py
[2025-07-03T21:02:37.722+0000] {processor.py:925} INFO - DAG(s) 'extract_raw_data_pipeline' retrieved from /opt/airflow/dags/driven_data_pipeline.py
[2025-07-03T21:02:37.817+0000] {logging_mixin.py:190} INFO - [2025-07-03T21:02:37.816+0000] {dag.py:3239} INFO - Sync 1 DAGs
[2025-07-03T21:02:37.874+0000] {logging_mixin.py:190} INFO - [2025-07-03T21:02:37.873+0000] {dag.py:4180} INFO - Setting next_dagrun for extract_raw_data_pipeline to 2025-07-03 07:59:00+00:00, run_after=2025-07-04 07:00:00+00:00
[2025-07-03T21:02:37.909+0000] {processor.py:208} INFO - Processing /opt/airflow/dags/driven_data_pipeline.py took 1.630 seconds
[2025-07-03T21:03:08.262+0000] {processor.py:186} INFO - Started process (PID=972) to work on /opt/airflow/dags/driven_data_pipeline.py
[2025-07-03T21:03:08.266+0000] {processor.py:914} INFO - Processing file /opt/airflow/dags/driven_data_pipeline.py for tasks to queue
[2025-07-03T21:03:08.274+0000] {logging_mixin.py:190} INFO - [2025-07-03T21:03:08.274+0000] {dagbag.py:588} INFO - Filling up the DagBag from /opt/airflow/dags/driven_data_pipeline.py
[2025-07-03T21:03:08.933+0000] {processor.py:925} INFO - DAG(s) 'extract_raw_data_pipeline' retrieved from /opt/airflow/dags/driven_data_pipeline.py
[2025-07-03T21:03:08.985+0000] {logging_mixin.py:190} INFO - [2025-07-03T21:03:08.984+0000] {dag.py:3239} INFO - Sync 1 DAGs
[2025-07-03T21:03:09.023+0000] {logging_mixin.py:190} INFO - [2025-07-03T21:03:09.023+0000] {dag.py:4180} INFO - Setting next_dagrun for extract_raw_data_pipeline to 2025-07-03 07:59:00+00:00, run_after=2025-07-04 07:00:00+00:00
[2025-07-03T21:03:09.049+0000] {processor.py:208} INFO - Processing /opt/airflow/dags/driven_data_pipeline.py took 0.808 seconds
