[2025-06-26T23:15:16.166+0000] {manager.py:483} INFO - Processing files using up to 2 processes at a time 
[2025-06-26T23:15:16.169+0000] {manager.py:484} INFO - Process each file at most once every 30 seconds
[2025-06-26T23:15:16.171+0000] {manager.py:485} INFO - Checking for new files in /opt/airflow/dags every 300 seconds
[2025-06-26T23:15:16.175+0000] {manager.py:821} INFO - Searching for files in /opt/airflow/dags
[2025-06-26T23:15:16.199+0000] {manager.py:824} INFO - There are 0 files in /opt/airflow/dags
[2025-06-26T23:20:17.023+0000] {manager.py:821} INFO - Searching for files in /opt/airflow/dags
[2025-06-26T23:20:17.069+0000] {manager.py:824} INFO - There are 0 files in /opt/airflow/dags
[2025-06-26T23:25:17.070+0000] {manager.py:821} INFO - Searching for files in /opt/airflow/dags
[2025-06-26T23:25:17.087+0000] {manager.py:824} INFO - There are 0 files in /opt/airflow/dags
[2025-06-27T00:52:55.387+0000] {manager.py:821} INFO - Searching for files in /opt/airflow/dags
[2025-06-27T00:52:56.151+0000] {manager.py:824} INFO - There are 0 files in /opt/airflow/dags
[2025-06-27T00:57:55.578+0000] {manager.py:821} INFO - Searching for files in /opt/airflow/dags
[2025-06-27T00:57:55.625+0000] {manager.py:824} INFO - There are 0 files in /opt/airflow/dags
[2025-06-27T01:02:55.651+0000] {manager.py:821} INFO - Searching for files in /opt/airflow/dags
[2025-06-27T01:02:55.662+0000] {manager.py:824} INFO - There are 0 files in /opt/airflow/dags
[2025-06-27T01:07:55.687+0000] {manager.py:821} INFO - Searching for files in /opt/airflow/dags
[2025-06-27T01:07:55.721+0000] {manager.py:824} INFO - There are 0 files in /opt/airflow/dags
[2025-06-27T01:12:55.866+0000] {manager.py:821} INFO - Searching for files in /opt/airflow/dags
[2025-06-27T01:12:55.926+0000] {manager.py:824} INFO - There are 0 files in /opt/airflow/dags
[2025-06-27T01:17:56.789+0000] {manager.py:821} INFO - Searching for files in /opt/airflow/dags
[2025-06-27T01:17:56.849+0000] {manager.py:824} INFO - There are 0 files in /opt/airflow/dags
[2025-06-27T01:22:57.025+0000] {manager.py:821} INFO - Searching for files in /opt/airflow/dags
[2025-06-27T01:22:57.065+0000] {manager.py:824} INFO - There are 0 files in /opt/airflow/dags
[2025-06-27T01:27:57.367+0000] {manager.py:821} INFO - Searching for files in /opt/airflow/dags
[2025-06-27T01:27:57.408+0000] {manager.py:824} INFO - There are 0 files in /opt/airflow/dags
[2025-06-27T01:32:57.460+0000] {manager.py:821} INFO - Searching for files in /opt/airflow/dags
[2025-06-27T01:32:57.503+0000] {manager.py:824} INFO - There are 0 files in /opt/airflow/dags
[2025-06-27T01:37:57.600+0000] {manager.py:821} INFO - Searching for files in /opt/airflow/dags
[2025-06-27T01:37:57.656+0000] {manager.py:824} INFO - There are 0 files in /opt/airflow/dags
[2025-06-27T01:42:57.745+0000] {manager.py:821} INFO - Searching for files in /opt/airflow/dags
[2025-06-27T01:42:57.813+0000] {manager.py:824} INFO - There are 0 files in /opt/airflow/dags
[2025-06-27T01:47:58.408+0000] {manager.py:821} INFO - Searching for files in /opt/airflow/dags
[2025-06-27T01:47:58.618+0000] {manager.py:824} INFO - There are 0 files in /opt/airflow/dags
[2025-06-27T01:52:58.888+0000] {manager.py:821} INFO - Searching for files in /opt/airflow/dags
[2025-06-27T01:52:58.969+0000] {manager.py:824} INFO - There are 0 files in /opt/airflow/dags
[2025-06-27T01:57:59.477+0000] {manager.py:821} INFO - Searching for files in /opt/airflow/dags
[2025-06-27T01:57:59.495+0000] {manager.py:824} INFO - There are 0 files in /opt/airflow/dags
[2025-06-27T02:02:59.765+0000] {manager.py:821} INFO - Searching for files in /opt/airflow/dags
[2025-06-27T02:02:59.773+0000] {manager.py:824} INFO - There are 0 files in /opt/airflow/dags
[2025-06-27T02:08:00.087+0000] {manager.py:821} INFO - Searching for files in /opt/airflow/dags
[2025-06-27T02:08:00.119+0000] {manager.py:824} INFO - There are 0 files in /opt/airflow/dags
[2025-06-27T02:13:00.463+0000] {manager.py:821} INFO - Searching for files in /opt/airflow/dags
[2025-06-27T02:13:00.473+0000] {manager.py:824} INFO - There are 0 files in /opt/airflow/dags
[2025-06-27T02:18:00.728+0000] {manager.py:821} INFO - Searching for files in /opt/airflow/dags
[2025-06-27T02:18:00.736+0000] {manager.py:824} INFO - There are 0 files in /opt/airflow/dags
[2025-06-27T02:23:01.017+0000] {manager.py:821} INFO - Searching for files in /opt/airflow/dags
[2025-06-27T02:23:01.025+0000] {manager.py:824} INFO - There are 0 files in /opt/airflow/dags
[2025-06-27T02:28:01.156+0000] {manager.py:821} INFO - Searching for files in /opt/airflow/dags
[2025-06-27T02:28:01.198+0000] {manager.py:824} INFO - There are 0 files in /opt/airflow/dags
[2025-06-27T02:33:01.526+0000] {manager.py:821} INFO - Searching for files in /opt/airflow/dags
[2025-06-27T02:33:01.558+0000] {manager.py:824} INFO - There are 0 files in /opt/airflow/dags
[2025-06-27T02:38:01.890+0000] {manager.py:821} INFO - Searching for files in /opt/airflow/dags
[2025-06-27T02:38:01.904+0000] {manager.py:824} INFO - There are 0 files in /opt/airflow/dags
[2025-06-27T02:43:02.138+0000] {manager.py:821} INFO - Searching for files in /opt/airflow/dags
[2025-06-27T02:43:02.144+0000] {manager.py:824} INFO - There are 0 files in /opt/airflow/dags
[2025-06-27T02:48:02.437+0000] {manager.py:821} INFO - Searching for files in /opt/airflow/dags
[2025-06-27T02:48:02.449+0000] {manager.py:824} INFO - There are 0 files in /opt/airflow/dags
[2025-06-27T02:53:02.817+0000] {manager.py:821} INFO - Searching for files in /opt/airflow/dags
[2025-06-27T02:53:02.828+0000] {manager.py:824} INFO - There are 0 files in /opt/airflow/dags
[2025-06-27T02:58:03.153+0000] {manager.py:821} INFO - Searching for files in /opt/airflow/dags
[2025-06-27T02:58:03.186+0000] {manager.py:824} INFO - There are 0 files in /opt/airflow/dags
[2025-06-27T03:03:03.515+0000] {manager.py:821} INFO - Searching for files in /opt/airflow/dags
[2025-06-27T03:03:03.526+0000] {manager.py:824} INFO - There are 0 files in /opt/airflow/dags
[2025-06-27T03:08:03.689+0000] {manager.py:821} INFO - Searching for files in /opt/airflow/dags
[2025-06-27T03:08:03.739+0000] {manager.py:824} INFO - There are 0 files in /opt/airflow/dags
[2025-06-27T03:13:03.969+0000] {manager.py:821} INFO - Searching for files in /opt/airflow/dags
[2025-06-27T03:13:04.009+0000] {manager.py:824} INFO - There are 0 files in /opt/airflow/dags
[2025-06-27T03:18:04.340+0000] {manager.py:821} INFO - Searching for files in /opt/airflow/dags
[2025-06-27T03:18:04.348+0000] {manager.py:824} INFO - There are 0 files in /opt/airflow/dags
[2025-06-27T03:23:04.625+0000] {manager.py:821} INFO - Searching for files in /opt/airflow/dags
[2025-06-27T03:23:04.633+0000] {manager.py:824} INFO - There are 0 files in /opt/airflow/dags
[2025-06-27T03:51:32.368+0000] {manager.py:821} INFO - Searching for files in /opt/airflow/dags
[2025-06-27T03:51:32.717+0000] {manager.py:824} INFO - There are 0 files in /opt/airflow/dags
[2025-06-27T03:56:33.181+0000] {manager.py:821} INFO - Searching for files in /opt/airflow/dags
[2025-06-27T03:56:33.203+0000] {manager.py:824} INFO - There are 0 files in /opt/airflow/dags
[2025-06-27T04:01:33.440+0000] {manager.py:821} INFO - Searching for files in /opt/airflow/dags
[2025-06-27T04:01:33.460+0000] {manager.py:824} INFO - There are 0 files in /opt/airflow/dags
[2025-06-27T04:06:33.737+0000] {manager.py:821} INFO - Searching for files in /opt/airflow/dags
[2025-06-27T04:06:33.746+0000] {manager.py:824} INFO - There are 0 files in /opt/airflow/dags
[2025-06-27T04:23:17.070+0000] {manager.py:821} INFO - Searching for files in /opt/airflow/dags
[2025-06-27T04:23:17.347+0000] {manager.py:824} INFO - There are 0 files in /opt/airflow/dags
[2025-06-27T04:28:17.647+0000] {manager.py:821} INFO - Searching for files in /opt/airflow/dags
[2025-06-27T04:28:17.694+0000] {manager.py:824} INFO - There are 0 files in /opt/airflow/dags
[2025-06-27T04:33:18.239+0000] {manager.py:821} INFO - Searching for files in /opt/airflow/dags
[2025-06-27T04:33:18.343+0000] {manager.py:824} INFO - There are 0 files in /opt/airflow/dags
[2025-06-27T04:38:18.640+0000] {manager.py:821} INFO - Searching for files in /opt/airflow/dags
[2025-06-27T04:38:18.756+0000] {manager.py:824} INFO - There are 0 files in /opt/airflow/dags
[2025-06-27T04:43:18.936+0000] {manager.py:821} INFO - Searching for files in /opt/airflow/dags
[2025-06-27T04:43:18.979+0000] {manager.py:824} INFO - There are 0 files in /opt/airflow/dags
[2025-06-27T04:48:19.629+0000] {manager.py:821} INFO - Searching for files in /opt/airflow/dags
[2025-06-27T04:48:19.674+0000] {manager.py:824} INFO - There are 0 files in /opt/airflow/dags
[2025-06-27T04:53:19.699+0000] {manager.py:821} INFO - Searching for files in /opt/airflow/dags
[2025-06-27T04:53:19.957+0000] {manager.py:824} INFO - There are 0 files in /opt/airflow/dags
[2025-06-27T04:58:20.330+0000] {manager.py:821} INFO - Searching for files in /opt/airflow/dags
[2025-06-27T04:58:20.392+0000] {manager.py:824} INFO - There are 0 files in /opt/airflow/dags
[2025-06-27T05:02:03.004+0000] {manager.py:465} INFO - Exiting gracefully upon receiving signal 15
[2025-06-30T17:35:46.187+0000] {manager.py:483} INFO - Processing files using up to 2 processes at a time 
[2025-06-30T17:35:46.190+0000] {manager.py:484} INFO - Process each file at most once every 30 seconds
[2025-06-30T17:35:46.191+0000] {manager.py:485} INFO - Checking for new files in /opt/airflow/dags every 300 seconds
[2025-06-30T17:35:46.192+0000] {manager.py:821} INFO - Searching for files in /opt/airflow/dags
[2025-06-30T17:35:46.199+0000] {manager.py:824} INFO - There are 0 files in /opt/airflow/dags
[2025-06-30T17:36:13.510+0000] {manager.py:465} INFO - Exiting gracefully upon receiving signal 15
[2025-06-30T17:36:37.444+0000] {manager.py:483} INFO - Processing files using up to 2 processes at a time 
[2025-06-30T17:36:37.446+0000] {manager.py:484} INFO - Process each file at most once every 30 seconds
[2025-06-30T17:36:37.447+0000] {manager.py:485} INFO - Checking for new files in /opt/airflow/dags every 300 seconds
[2025-06-30T17:36:37.449+0000] {manager.py:821} INFO - Searching for files in /opt/airflow/dags
[2025-06-30T17:36:37.455+0000] {manager.py:824} INFO - There are 0 files in /opt/airflow/dags
[2025-06-30T17:41:37.641+0000] {manager.py:821} INFO - Searching for files in /opt/airflow/dags
[2025-06-30T17:41:37.694+0000] {manager.py:824} INFO - There are 0 files in /opt/airflow/dags
[2025-06-30T17:46:38.403+0000] {manager.py:821} INFO - Searching for files in /opt/airflow/dags
[2025-06-30T17:46:38.414+0000] {manager.py:824} INFO - There are 0 files in /opt/airflow/dags
[2025-06-30T17:51:38.470+0000] {manager.py:821} INFO - Searching for files in /opt/airflow/dags
[2025-06-30T17:51:38.511+0000] {manager.py:824} INFO - There are 0 files in /opt/airflow/dags
[2025-06-30T17:56:38.550+0000] {manager.py:821} INFO - Searching for files in /opt/airflow/dags
[2025-06-30T17:56:38.562+0000] {manager.py:824} INFO - There are 0 files in /opt/airflow/dags
[2025-06-30T18:01:39.538+0000] {manager.py:821} INFO - Searching for files in /opt/airflow/dags
[2025-06-30T18:01:39.546+0000] {manager.py:824} INFO - There are 0 files in /opt/airflow/dags
[2025-06-30T18:02:57.237+0000] {manager.py:465} INFO - Exiting gracefully upon receiving signal 15
[2025-06-30T18:05:20.935+0000] {manager.py:483} INFO - Processing files using up to 2 processes at a time 
[2025-06-30T18:05:20.939+0000] {manager.py:484} INFO - Process each file at most once every 30 seconds
[2025-06-30T18:05:20.943+0000] {manager.py:485} INFO - Checking for new files in /opt/airflow/dags every 300 seconds
[2025-06-30T18:05:20.946+0000] {manager.py:821} INFO - Searching for files in /opt/airflow/dags
[2025-06-30T18:05:20.985+0000] {manager.py:824} INFO - There are 0 files in /opt/airflow/dags
[2025-06-30T18:06:10.148+0000] {manager.py:465} INFO - Exiting gracefully upon receiving signal 15
[2025-06-30T18:14:18.102+0000] {manager.py:483} INFO - Processing files using up to 2 processes at a time 
[2025-06-30T18:14:18.104+0000] {manager.py:484} INFO - Process each file at most once every 30 seconds
[2025-06-30T18:14:18.105+0000] {manager.py:485} INFO - Checking for new files in /opt/airflow/dags every 300 seconds
[2025-06-30T18:14:18.106+0000] {manager.py:821} INFO - Searching for files in /opt/airflow/dags
[2025-06-30T18:14:18.114+0000] {manager.py:824} INFO - There are 0 files in /opt/airflow/dags
[2025-06-30T18:16:03.005+0000] {manager.py:465} INFO - Exiting gracefully upon receiving signal 15
[2025-06-30T18:18:18.267+0000] {manager.py:483} INFO - Processing files using up to 2 processes at a time 
[2025-06-30T18:18:18.276+0000] {manager.py:484} INFO - Process each file at most once every 30 seconds
[2025-06-30T18:18:18.277+0000] {manager.py:485} INFO - Checking for new files in /opt/airflow/dags every 300 seconds
[2025-06-30T18:18:18.278+0000] {manager.py:821} INFO - Searching for files in /opt/airflow/dags
[2025-06-30T18:18:18.294+0000] {manager.py:824} INFO - There are 0 files in /opt/airflow/dags
[2025-06-30T18:23:18.816+0000] {manager.py:821} INFO - Searching for files in /opt/airflow/dags
[2025-06-30T18:23:18.854+0000] {manager.py:824} INFO - There are 0 files in /opt/airflow/dags
[2025-06-30T18:28:18.827+0000] {manager.py:821} INFO - Searching for files in /opt/airflow/dags
[2025-06-30T18:28:18.836+0000] {manager.py:824} INFO - There are 0 files in /opt/airflow/dags
[2025-06-30T18:33:19.816+0000] {manager.py:821} INFO - Searching for files in /opt/airflow/dags
[2025-06-30T18:33:19.822+0000] {manager.py:824} INFO - There are 0 files in /opt/airflow/dags
[2025-06-30T18:38:20.780+0000] {manager.py:821} INFO - Searching for files in /opt/airflow/dags
[2025-06-30T18:38:20.810+0000] {manager.py:824} INFO - There are 0 files in /opt/airflow/dags
[2025-06-30T18:43:20.794+0000] {manager.py:821} INFO - Searching for files in /opt/airflow/dags
[2025-06-30T18:43:20.811+0000] {manager.py:824} INFO - There are 0 files in /opt/airflow/dags
[2025-06-30T18:48:20.810+0000] {manager.py:821} INFO - Searching for files in /opt/airflow/dags
[2025-06-30T18:48:20.823+0000] {manager.py:824} INFO - There are 0 files in /opt/airflow/dags
[2025-06-30T18:53:20.824+0000] {manager.py:821} INFO - Searching for files in /opt/airflow/dags
[2025-06-30T18:53:20.842+0000] {manager.py:824} INFO - There are 0 files in /opt/airflow/dags
[2025-06-30T18:58:20.969+0000] {manager.py:821} INFO - Searching for files in /opt/airflow/dags
[2025-06-30T18:58:20.996+0000] {manager.py:824} INFO - There are 0 files in /opt/airflow/dags
[2025-06-30T19:03:20.984+0000] {manager.py:821} INFO - Searching for files in /opt/airflow/dags
[2025-06-30T19:03:20.997+0000] {manager.py:824} INFO - There are 0 files in /opt/airflow/dags
[2025-06-30T19:08:21.961+0000] {manager.py:821} INFO - Searching for files in /opt/airflow/dags
[2025-06-30T19:08:21.983+0000] {manager.py:824} INFO - There are 0 files in /opt/airflow/dags
[2025-06-30T19:13:21.961+0000] {manager.py:821} INFO - Searching for files in /opt/airflow/dags
[2025-06-30T19:13:21.973+0000] {manager.py:824} INFO - There are 0 files in /opt/airflow/dags
[2025-06-30T19:18:21.966+0000] {manager.py:821} INFO - Searching for files in /opt/airflow/dags
[2025-06-30T19:18:21.978+0000] {manager.py:824} INFO - There are 0 files in /opt/airflow/dags
[2025-06-30T19:23:22.927+0000] {manager.py:821} INFO - Searching for files in /opt/airflow/dags
[2025-06-30T19:23:22.938+0000] {manager.py:824} INFO - There are 0 files in /opt/airflow/dags
[2025-06-30T19:28:22.930+0000] {manager.py:821} INFO - Searching for files in /opt/airflow/dags
[2025-06-30T19:28:22.944+0000] {manager.py:824} INFO - There are 1 files in /opt/airflow/dags
[2025-06-30T19:28:48.204+0000] {manager.py:997} INFO - 
================================================================================
DAG File Processing Stats

File Path                                 PID    Runtime      # DAGs    # Errors  Last Runtime    Last Run               Last # of DB Queries
----------------------------------------  -----  ---------  --------  ----------  --------------  -------------------  ----------------------
/opt/airflow/dags/drive_data_pipeline.py                           0           1  0.83s           2025-06-30T19:28:24                       3
================================================================================
[2025-06-30T19:29:18.702+0000] {manager.py:997} INFO - 
================================================================================
DAG File Processing Stats

File Path                                 PID    Runtime      # DAGs    # Errors  Last Runtime    Last Run               Last # of DB Queries
----------------------------------------  -----  ---------  --------  ----------  --------------  -------------------  ----------------------
/opt/airflow/dags/drive_data_pipeline.py                           0           1  3.96s           2025-06-30T19:28:58                       5
================================================================================
[2025-06-30T19:29:49.007+0000] {manager.py:997} INFO - 
================================================================================
DAG File Processing Stats

File Path                                 PID    Runtime      # DAGs    # Errors  Last Runtime    Last Run               Last # of DB Queries
----------------------------------------  -----  ---------  --------  ----------  --------------  -------------------  ----------------------
/opt/airflow/dags/drive_data_pipeline.py                           0           1  0.14s           2025-06-30T19:29:28                       5
================================================================================
[2025-06-30T19:30:19.361+0000] {manager.py:997} INFO - 
================================================================================
DAG File Processing Stats

File Path                                 PID    Runtime      # DAGs    # Errors  Last Runtime    Last Run               Last # of DB Queries
----------------------------------------  -----  ---------  --------  ----------  --------------  -------------------  ----------------------
/opt/airflow/dags/drive_data_pipeline.py                           0           1  0.13s           2025-06-30T19:29:59                       5
================================================================================
[2025-06-30T19:30:49.689+0000] {manager.py:997} INFO - 
================================================================================
DAG File Processing Stats

File Path                                 PID    Runtime      # DAGs    # Errors  Last Runtime    Last Run               Last # of DB Queries
----------------------------------------  -----  ---------  --------  ----------  --------------  -------------------  ----------------------
/opt/airflow/dags/drive_data_pipeline.py                           0           1  0.11s           2025-06-30T19:30:29                       5
================================================================================
[2025-06-30T19:31:20.006+0000] {manager.py:997} INFO - 
================================================================================
DAG File Processing Stats

File Path                                 PID    Runtime      # DAGs    # Errors  Last Runtime    Last Run               Last # of DB Queries
----------------------------------------  -----  ---------  --------  ----------  --------------  -------------------  ----------------------
/opt/airflow/dags/drive_data_pipeline.py                           0           1  0.12s           2025-06-30T19:30:59                       5
================================================================================
[2025-06-30T19:31:50.378+0000] {manager.py:997} INFO - 
================================================================================
DAG File Processing Stats

File Path                                 PID    Runtime      # DAGs    # Errors  Last Runtime    Last Run               Last # of DB Queries
----------------------------------------  -----  ---------  --------  ----------  --------------  -------------------  ----------------------
/opt/airflow/dags/drive_data_pipeline.py                           0           1  0.16s           2025-06-30T19:31:30                       5
================================================================================
[2025-06-30T19:32:20.718+0000] {manager.py:997} INFO - 
================================================================================
DAG File Processing Stats

File Path                                 PID    Runtime      # DAGs    # Errors  Last Runtime    Last Run               Last # of DB Queries
----------------------------------------  -----  ---------  --------  ----------  --------------  -------------------  ----------------------
/opt/airflow/dags/drive_data_pipeline.py                           0           1  0.15s           2025-06-30T19:32:00                       5
================================================================================
[2025-06-30T19:32:51.069+0000] {manager.py:997} INFO - 
================================================================================
DAG File Processing Stats

File Path                                 PID    Runtime      # DAGs    # Errors  Last Runtime    Last Run               Last # of DB Queries
----------------------------------------  -----  ---------  --------  ----------  --------------  -------------------  ----------------------
/opt/airflow/dags/drive_data_pipeline.py                           0           1  0.12s           2025-06-30T19:32:30                       5
================================================================================
[2025-06-30T19:33:21.387+0000] {manager.py:997} INFO - 
================================================================================
DAG File Processing Stats

File Path                                 PID    Runtime      # DAGs    # Errors  Last Runtime    Last Run               Last # of DB Queries
----------------------------------------  -----  ---------  --------  ----------  --------------  -------------------  ----------------------
/opt/airflow/dags/drive_data_pipeline.py                           0           1  0.16s           2025-06-30T19:33:01                       5
================================================================================
[2025-06-30T19:33:23.401+0000] {manager.py:821} INFO - Searching for files in /opt/airflow/dags
[2025-06-30T19:33:23.428+0000] {manager.py:824} INFO - There are 1 files in /opt/airflow/dags
[2025-06-30T19:33:51.763+0000] {manager.py:997} INFO - 
================================================================================
DAG File Processing Stats

File Path                                 PID    Runtime      # DAGs    # Errors  Last Runtime    Last Run               Last # of DB Queries
----------------------------------------  -----  ---------  --------  ----------  --------------  -------------------  ----------------------
/opt/airflow/dags/drive_data_pipeline.py                           0           1  0.14s           2025-06-30T19:33:31                       5
================================================================================
[2025-06-30T19:34:22.129+0000] {manager.py:997} INFO - 
================================================================================
DAG File Processing Stats

File Path                                 PID    Runtime      # DAGs    # Errors  Last Runtime    Last Run               Last # of DB Queries
----------------------------------------  -----  ---------  --------  ----------  --------------  -------------------  ----------------------
/opt/airflow/dags/drive_data_pipeline.py                           0           1  0.12s           2025-06-30T19:34:02                       5
================================================================================
[2025-06-30T19:34:52.528+0000] {manager.py:997} INFO - 
================================================================================
DAG File Processing Stats

File Path                                 PID    Runtime      # DAGs    # Errors  Last Runtime    Last Run               Last # of DB Queries
----------------------------------------  -----  ---------  --------  ----------  --------------  -------------------  ----------------------
/opt/airflow/dags/drive_data_pipeline.py                           0           1  0.12s           2025-06-30T19:34:32                       5
================================================================================
[2025-06-30T19:35:22.824+0000] {manager.py:997} INFO - 
================================================================================
DAG File Processing Stats

File Path                                 PID    Runtime      # DAGs    # Errors  Last Runtime    Last Run               Last # of DB Queries
----------------------------------------  -----  ---------  --------  ----------  --------------  -------------------  ----------------------
/opt/airflow/dags/drive_data_pipeline.py                           0           1  0.12s           2025-06-30T19:35:02                       5
================================================================================
[2025-06-30T19:35:53.189+0000] {manager.py:997} INFO - 
================================================================================
DAG File Processing Stats

File Path                                 PID    Runtime      # DAGs    # Errors  Last Runtime    Last Run               Last # of DB Queries
----------------------------------------  -----  ---------  --------  ----------  --------------  -------------------  ----------------------
/opt/airflow/dags/drive_data_pipeline.py                           0           1  0.13s           2025-06-30T19:35:33                       5
================================================================================
[2025-06-30T19:36:23.488+0000] {manager.py:997} INFO - 
================================================================================
DAG File Processing Stats

File Path                                 PID    Runtime      # DAGs    # Errors  Last Runtime    Last Run               Last # of DB Queries
----------------------------------------  -----  ---------  --------  ----------  --------------  -------------------  ----------------------
/opt/airflow/dags/drive_data_pipeline.py                           0           1  0.11s           2025-06-30T19:36:03                       5
================================================================================
[2025-06-30T19:36:53.865+0000] {manager.py:997} INFO - 
================================================================================
DAG File Processing Stats

File Path                                 PID    Runtime      # DAGs    # Errors  Last Runtime    Last Run               Last # of DB Queries
----------------------------------------  -----  ---------  --------  ----------  --------------  -------------------  ----------------------
/opt/airflow/dags/drive_data_pipeline.py                           0           1  0.11s           2025-06-30T19:36:33                       5
================================================================================
[2025-06-30T19:37:24.180+0000] {manager.py:997} INFO - 
================================================================================
DAG File Processing Stats

File Path                                 PID    Runtime      # DAGs    # Errors  Last Runtime    Last Run               Last # of DB Queries
----------------------------------------  -----  ---------  --------  ----------  --------------  -------------------  ----------------------
/opt/airflow/dags/drive_data_pipeline.py                           0           1  0.12s           2025-06-30T19:37:04                       5
================================================================================
[2025-06-30T19:37:54.541+0000] {manager.py:997} INFO - 
================================================================================
DAG File Processing Stats

File Path                                 PID    Runtime      # DAGs    # Errors  Last Runtime    Last Run               Last # of DB Queries
----------------------------------------  -----  ---------  --------  ----------  --------------  -------------------  ----------------------
/opt/airflow/dags/drive_data_pipeline.py                           0           1  0.12s           2025-06-30T19:37:34                       5
================================================================================
[2025-06-30T19:38:23.878+0000] {manager.py:821} INFO - Searching for files in /opt/airflow/dags
[2025-06-30T19:38:23.908+0000] {manager.py:824} INFO - There are 1 files in /opt/airflow/dags
[2025-06-30T19:38:24.943+0000] {manager.py:997} INFO - 
================================================================================
DAG File Processing Stats

File Path                                 PID    Runtime      # DAGs    # Errors  Last Runtime    Last Run               Last # of DB Queries
----------------------------------------  -----  ---------  --------  ----------  --------------  -------------------  ----------------------
/opt/airflow/dags/drive_data_pipeline.py                           0           1  0.15s           2025-06-30T19:38:04                       5
================================================================================
[2025-06-30T19:38:55.286+0000] {manager.py:997} INFO - 
================================================================================
DAG File Processing Stats

File Path                                 PID    Runtime      # DAGs    # Errors  Last Runtime    Last Run               Last # of DB Queries
----------------------------------------  -----  ---------  --------  ----------  --------------  -------------------  ----------------------
/opt/airflow/dags/drive_data_pipeline.py                           0           1  0.13s           2025-06-30T19:38:35                       5
================================================================================
[2025-06-30T19:39:25.625+0000] {manager.py:997} INFO - 
================================================================================
DAG File Processing Stats

File Path                                 PID    Runtime      # DAGs    # Errors  Last Runtime    Last Run               Last # of DB Queries
----------------------------------------  -----  ---------  --------  ----------  --------------  -------------------  ----------------------
/opt/airflow/dags/drive_data_pipeline.py                           0           1  0.11s           2025-06-30T19:39:05                       5
================================================================================
[2025-06-30T19:39:55.917+0000] {manager.py:997} INFO - 
================================================================================
DAG File Processing Stats

File Path                                 PID    Runtime      # DAGs    # Errors  Last Runtime    Last Run               Last # of DB Queries
----------------------------------------  -----  ---------  --------  ----------  --------------  -------------------  ----------------------
/opt/airflow/dags/drive_data_pipeline.py                           0           1  0.12s           2025-06-30T19:39:35                       5
================================================================================
[2025-06-30T19:40:26.254+0000] {manager.py:997} INFO - 
================================================================================
DAG File Processing Stats

File Path                                 PID    Runtime      # DAGs    # Errors  Last Runtime    Last Run               Last # of DB Queries
----------------------------------------  -----  ---------  --------  ----------  --------------  -------------------  ----------------------
/opt/airflow/dags/drive_data_pipeline.py                           0           1  0.11s           2025-06-30T19:40:06                       5
================================================================================
[2025-06-30T19:40:56.539+0000] {manager.py:997} INFO - 
================================================================================
DAG File Processing Stats

File Path                                 PID    Runtime      # DAGs    # Errors  Last Runtime    Last Run               Last # of DB Queries
----------------------------------------  -----  ---------  --------  ----------  --------------  -------------------  ----------------------
/opt/airflow/dags/drive_data_pipeline.py                           0           1  0.10s           2025-06-30T19:40:36                       5
================================================================================
[2025-06-30T19:41:26.861+0000] {manager.py:997} INFO - 
================================================================================
DAG File Processing Stats

File Path                                 PID    Runtime      # DAGs    # Errors  Last Runtime    Last Run               Last # of DB Queries
----------------------------------------  -----  ---------  --------  ----------  --------------  -------------------  ----------------------
/opt/airflow/dags/drive_data_pipeline.py                           0           1  0.11s           2025-06-30T19:41:06                       5
================================================================================
[2025-06-30T19:41:57.208+0000] {manager.py:997} INFO - 
================================================================================
DAG File Processing Stats

File Path                                 PID    Runtime      # DAGs    # Errors  Last Runtime    Last Run               Last # of DB Queries
----------------------------------------  -----  ---------  --------  ----------  --------------  -------------------  ----------------------
/opt/airflow/dags/drive_data_pipeline.py                           0           1  0.11s           2025-06-30T19:41:37                       5
================================================================================
[2025-06-30T19:42:27.518+0000] {manager.py:997} INFO - 
================================================================================
DAG File Processing Stats

File Path                                 PID    Runtime      # DAGs    # Errors  Last Runtime    Last Run               Last # of DB Queries
----------------------------------------  -----  ---------  --------  ----------  --------------  -------------------  ----------------------
/opt/airflow/dags/drive_data_pipeline.py                           0           1  0.14s           2025-06-30T19:42:07                       5
================================================================================
[2025-06-30T19:42:57.914+0000] {manager.py:997} INFO - 
================================================================================
DAG File Processing Stats

File Path                                 PID    Runtime      # DAGs    # Errors  Last Runtime    Last Run               Last # of DB Queries
----------------------------------------  -----  ---------  --------  ----------  --------------  -------------------  ----------------------
/opt/airflow/dags/drive_data_pipeline.py                           0           1  0.14s           2025-06-30T19:42:37                       5
================================================================================
[2025-06-30T19:43:24.215+0000] {manager.py:821} INFO - Searching for files in /opt/airflow/dags
[2025-06-30T19:43:24.258+0000] {manager.py:824} INFO - There are 1 files in /opt/airflow/dags
[2025-06-30T19:43:28.331+0000] {manager.py:997} INFO - 
================================================================================
DAG File Processing Stats

File Path                                 PID    Runtime      # DAGs    # Errors  Last Runtime    Last Run               Last # of DB Queries
----------------------------------------  -----  ---------  --------  ----------  --------------  -------------------  ----------------------
/opt/airflow/dags/drive_data_pipeline.py                           0           1  0.15s           2025-06-30T19:43:08                       5
================================================================================
[2025-06-30T19:43:58.749+0000] {manager.py:997} INFO - 
================================================================================
DAG File Processing Stats

File Path                                 PID    Runtime      # DAGs    # Errors  Last Runtime    Last Run               Last # of DB Queries
----------------------------------------  -----  ---------  --------  ----------  --------------  -------------------  ----------------------
/opt/airflow/dags/drive_data_pipeline.py                           0           1  0.14s           2025-06-30T19:43:38                       5
================================================================================
[2025-06-30T19:44:29.069+0000] {manager.py:997} INFO - 
================================================================================
DAG File Processing Stats

File Path                                 PID    Runtime      # DAGs    # Errors  Last Runtime    Last Run               Last # of DB Queries
----------------------------------------  -----  ---------  --------  ----------  --------------  -------------------  ----------------------
/opt/airflow/dags/drive_data_pipeline.py                           0           1  0.18s           2025-06-30T19:44:09                       5
================================================================================
[2025-06-30T19:44:59.469+0000] {manager.py:997} INFO - 
================================================================================
DAG File Processing Stats

File Path                                 PID    Runtime      # DAGs    # Errors  Last Runtime    Last Run               Last # of DB Queries
----------------------------------------  -----  ---------  --------  ----------  --------------  -------------------  ----------------------
/opt/airflow/dags/drive_data_pipeline.py                           0           1  0.14s           2025-06-30T19:44:39                       5
================================================================================
[2025-06-30T19:45:29.787+0000] {manager.py:997} INFO - 
================================================================================
DAG File Processing Stats

File Path                                 PID    Runtime      # DAGs    # Errors  Last Runtime    Last Run               Last # of DB Queries
----------------------------------------  -----  ---------  --------  ----------  --------------  -------------------  ----------------------
/opt/airflow/dags/drive_data_pipeline.py                           0           1  0.20s           2025-06-30T19:45:09                       5
================================================================================
[2025-06-30T19:46:00.067+0000] {manager.py:997} INFO - 
================================================================================
DAG File Processing Stats

File Path                                 PID    Runtime      # DAGs    # Errors  Last Runtime    Last Run               Last # of DB Queries
----------------------------------------  -----  ---------  --------  ----------  --------------  -------------------  ----------------------
/opt/airflow/dags/drive_data_pipeline.py                           0           1  0.12s           2025-06-30T19:45:40                       5
================================================================================
[2025-06-30T19:46:30.440+0000] {manager.py:997} INFO - 
================================================================================
DAG File Processing Stats

File Path                                 PID    Runtime      # DAGs    # Errors  Last Runtime    Last Run               Last # of DB Queries
----------------------------------------  -----  ---------  --------  ----------  --------------  -------------------  ----------------------
/opt/airflow/dags/drive_data_pipeline.py                           0           1  0.12s           2025-06-30T19:46:10                       5
================================================================================
[2025-06-30T19:47:00.839+0000] {manager.py:997} INFO - 
================================================================================
DAG File Processing Stats

File Path                                 PID    Runtime      # DAGs    # Errors  Last Runtime    Last Run               Last # of DB Queries
----------------------------------------  -----  ---------  --------  ----------  --------------  -------------------  ----------------------
/opt/airflow/dags/drive_data_pipeline.py                           0           1  0.13s           2025-06-30T19:46:40                       5
================================================================================
[2025-06-30T19:47:31.155+0000] {manager.py:997} INFO - 
================================================================================
DAG File Processing Stats

File Path                                 PID    Runtime      # DAGs    # Errors  Last Runtime    Last Run               Last # of DB Queries
----------------------------------------  -----  ---------  --------  ----------  --------------  -------------------  ----------------------
/opt/airflow/dags/drive_data_pipeline.py                           0           1  0.12s           2025-06-30T19:47:11                       5
================================================================================
[2025-06-30T19:48:01.502+0000] {manager.py:997} INFO - 
================================================================================
DAG File Processing Stats

File Path                                 PID    Runtime      # DAGs    # Errors  Last Runtime    Last Run               Last # of DB Queries
----------------------------------------  -----  ---------  --------  ----------  --------------  -------------------  ----------------------
/opt/airflow/dags/drive_data_pipeline.py                           0           1  0.14s           2025-06-30T19:47:41                       5
================================================================================
[2025-06-30T19:48:24.278+0000] {manager.py:821} INFO - Searching for files in /opt/airflow/dags
[2025-06-30T19:48:24.301+0000] {manager.py:824} INFO - There are 1 files in /opt/airflow/dags
[2025-06-30T19:48:31.924+0000] {manager.py:997} INFO - 
================================================================================
DAG File Processing Stats

File Path                                 PID    Runtime      # DAGs    # Errors  Last Runtime    Last Run               Last # of DB Queries
----------------------------------------  -----  ---------  --------  ----------  --------------  -------------------  ----------------------
/opt/airflow/dags/drive_data_pipeline.py                           0           1  0.41s           2025-06-30T19:48:12                       5
================================================================================
[2025-06-30T19:49:02.710+0000] {manager.py:997} INFO - 
================================================================================
DAG File Processing Stats

File Path                                 PID    Runtime      # DAGs    # Errors  Last Runtime    Last Run               Last # of DB Queries
----------------------------------------  -----  ---------  --------  ----------  --------------  -------------------  ----------------------
/opt/airflow/dags/drive_data_pipeline.py                           0           1  0.12s           2025-06-30T19:48:42                       5
================================================================================
[2025-06-30T19:49:33.215+0000] {manager.py:997} INFO - 
================================================================================
DAG File Processing Stats

File Path                                 PID    Runtime      # DAGs    # Errors  Last Runtime    Last Run               Last # of DB Queries
----------------------------------------  -----  ---------  --------  ----------  --------------  -------------------  ----------------------
/opt/airflow/dags/drive_data_pipeline.py                           0           1  0.12s           2025-06-30T19:49:12                       5
================================================================================
[2025-06-30T19:50:03.675+0000] {manager.py:997} INFO - 
================================================================================
DAG File Processing Stats

File Path                                 PID    Runtime      # DAGs    # Errors  Last Runtime    Last Run               Last # of DB Queries
----------------------------------------  -----  ---------  --------  ----------  --------------  -------------------  ----------------------
/opt/airflow/dags/drive_data_pipeline.py                           0           1  0.15s           2025-06-30T19:49:43                       5
================================================================================
[2025-06-30T19:50:33.987+0000] {manager.py:997} INFO - 
================================================================================
DAG File Processing Stats

File Path                                 PID    Runtime      # DAGs    # Errors  Last Runtime    Last Run               Last # of DB Queries
----------------------------------------  -----  ---------  --------  ----------  --------------  -------------------  ----------------------
/opt/airflow/dags/drive_data_pipeline.py                           0           1  0.15s           2025-06-30T19:50:13                       5
================================================================================
[2025-06-30T19:51:04.408+0000] {manager.py:997} INFO - 
================================================================================
DAG File Processing Stats

File Path                                 PID    Runtime      # DAGs    # Errors  Last Runtime    Last Run               Last # of DB Queries
----------------------------------------  -----  ---------  --------  ----------  --------------  -------------------  ----------------------
/opt/airflow/dags/drive_data_pipeline.py                           0           1  0.13s           2025-06-30T19:50:44                       5
================================================================================
[2025-06-30T19:51:34.745+0000] {manager.py:997} INFO - 
================================================================================
DAG File Processing Stats

File Path                                 PID    Runtime      # DAGs    # Errors  Last Runtime    Last Run               Last # of DB Queries
----------------------------------------  -----  ---------  --------  ----------  --------------  -------------------  ----------------------
/opt/airflow/dags/drive_data_pipeline.py                           0           1  0.33s           2025-06-30T19:51:14                       5
================================================================================
[2025-06-30T19:52:05.287+0000] {manager.py:997} INFO - 
================================================================================
DAG File Processing Stats

File Path                                 PID    Runtime      # DAGs    # Errors  Last Runtime    Last Run               Last # of DB Queries
----------------------------------------  -----  ---------  --------  ----------  --------------  -------------------  ----------------------
/opt/airflow/dags/drive_data_pipeline.py                           0           1  0.12s           2025-06-30T19:51:45                       5
================================================================================
[2025-06-30T19:52:35.338+0000] {manager.py:997} INFO - 
================================================================================
DAG File Processing Stats

File Path                                 PID    Runtime      # DAGs    # Errors  Last Runtime    Last Run               Last # of DB Queries
----------------------------------------  -----  ---------  --------  ----------  --------------  -------------------  ----------------------
/opt/airflow/dags/drive_data_pipeline.py                           0           1  0.16s           2025-06-30T19:52:22                       5
================================================================================
[2025-06-30T19:53:05.649+0000] {manager.py:997} INFO - 
================================================================================
DAG File Processing Stats

File Path                                 PID    Runtime      # DAGs    # Errors  Last Runtime    Last Run               Last # of DB Queries
----------------------------------------  -----  ---------  --------  ----------  --------------  -------------------  ----------------------
/opt/airflow/dags/drive_data_pipeline.py                           0           1  0.14s           2025-06-30T19:52:52                       5
================================================================================
[2025-06-30T19:53:24.871+0000] {manager.py:821} INFO - Searching for files in /opt/airflow/dags
[2025-06-30T19:53:24.897+0000] {manager.py:824} INFO - There are 1 files in /opt/airflow/dags
[2025-06-30T19:53:36.017+0000] {manager.py:997} INFO - 
================================================================================
DAG File Processing Stats

File Path                                 PID    Runtime      # DAGs    # Errors  Last Runtime    Last Run               Last # of DB Queries
----------------------------------------  -----  ---------  --------  ----------  --------------  -------------------  ----------------------
/opt/airflow/dags/drive_data_pipeline.py                           0           1  0.15s           2025-06-30T19:53:22                       5
================================================================================
[2025-06-30T19:54:06.363+0000] {manager.py:997} INFO - 
================================================================================
DAG File Processing Stats

File Path                                 PID    Runtime      # DAGs    # Errors  Last Runtime    Last Run               Last # of DB Queries
----------------------------------------  -----  ---------  --------  ----------  --------------  -------------------  ----------------------
/opt/airflow/dags/drive_data_pipeline.py                           0           1  0.15s           2025-06-30T19:53:53                       5
================================================================================
[2025-06-30T19:54:36.707+0000] {manager.py:997} INFO - 
================================================================================
DAG File Processing Stats

File Path                                 PID    Runtime      # DAGs    # Errors  Last Runtime    Last Run               Last # of DB Queries
----------------------------------------  -----  ---------  --------  ----------  --------------  -------------------  ----------------------
/opt/airflow/dags/drive_data_pipeline.py                           0           1  0.13s           2025-06-30T19:54:23                       5
================================================================================
[2025-06-30T19:55:07.063+0000] {manager.py:997} INFO - 
================================================================================
DAG File Processing Stats

File Path                                 PID    Runtime      # DAGs    # Errors  Last Runtime    Last Run               Last # of DB Queries
----------------------------------------  -----  ---------  --------  ----------  --------------  -------------------  ----------------------
/opt/airflow/dags/drive_data_pipeline.py                           0           1  0.32s           2025-06-30T19:54:54                       5
================================================================================
[2025-06-30T19:55:37.390+0000] {manager.py:997} INFO - 
================================================================================
DAG File Processing Stats

File Path                                 PID    Runtime      # DAGs    # Errors  Last Runtime    Last Run               Last # of DB Queries
----------------------------------------  -----  ---------  --------  ----------  --------------  -------------------  ----------------------
/opt/airflow/dags/drive_data_pipeline.py                           0           1  0.14s           2025-06-30T19:55:24                       5
================================================================================
[2025-06-30T19:56:07.762+0000] {manager.py:997} INFO - 
================================================================================
DAG File Processing Stats

File Path                                 PID    Runtime      # DAGs    # Errors  Last Runtime    Last Run               Last # of DB Queries
----------------------------------------  -----  ---------  --------  ----------  --------------  -------------------  ----------------------
/opt/airflow/dags/drive_data_pipeline.py                           0           1  0.13s           2025-06-30T19:55:54                       5
================================================================================
[2025-06-30T19:56:34.018+0000] {manager.py:1291} WARNING - Skipping processing of missing file: /opt/airflow/dags/drive_data_pipeline.py
[2025-06-30T19:58:24.926+0000] {manager.py:821} INFO - Searching for files in /opt/airflow/dags
[2025-06-30T19:58:24.955+0000] {manager.py:824} INFO - There are 1 files in /opt/airflow/dags
[2025-06-30T19:58:39.141+0000] {manager.py:997} INFO - 
================================================================================
DAG File Processing Stats

File Path                                  PID    Runtime      # DAGs    # Errors  Last Runtime    Last Run               Last # of DB Queries
-----------------------------------------  -----  ---------  --------  ----------  --------------  -------------------  ----------------------
/opt/airflow/dags/driven_data_pipeline.py                           0           1  0.23s           2025-06-30T19:58:25                       3
================================================================================
[2025-06-30T19:59:09.427+0000] {manager.py:997} INFO - 
================================================================================
DAG File Processing Stats

File Path                                  PID    Runtime      # DAGs    # Errors  Last Runtime    Last Run               Last # of DB Queries
-----------------------------------------  -----  ---------  --------  ----------  --------------  -------------------  ----------------------
/opt/airflow/dags/driven_data_pipeline.py                           0           1  0.12s           2025-06-30T19:58:55                       5
================================================================================
[2025-06-30T19:59:39.802+0000] {manager.py:997} INFO - 
================================================================================
DAG File Processing Stats

File Path                                  PID    Runtime      # DAGs    # Errors  Last Runtime    Last Run               Last # of DB Queries
-----------------------------------------  -----  ---------  --------  ----------  --------------  -------------------  ----------------------
/opt/airflow/dags/driven_data_pipeline.py                           0           1  0.12s           2025-06-30T19:59:25                       5
================================================================================
[2025-06-30T20:00:10.121+0000] {manager.py:997} INFO - 
================================================================================
DAG File Processing Stats

File Path                                  PID    Runtime      # DAGs    # Errors  Last Runtime    Last Run               Last # of DB Queries
-----------------------------------------  -----  ---------  --------  ----------  --------------  -------------------  ----------------------
/opt/airflow/dags/driven_data_pipeline.py                           0           1  0.16s           2025-06-30T19:59:56                       5
================================================================================
[2025-06-30T20:00:40.482+0000] {manager.py:997} INFO - 
================================================================================
DAG File Processing Stats

File Path                                  PID    Runtime      # DAGs    # Errors  Last Runtime    Last Run               Last # of DB Queries
-----------------------------------------  -----  ---------  --------  ----------  --------------  -------------------  ----------------------
/opt/airflow/dags/driven_data_pipeline.py                           0           1  0.11s           2025-06-30T20:00:26                       5
================================================================================
[2025-06-30T20:01:10.771+0000] {manager.py:997} INFO - 
================================================================================
DAG File Processing Stats

File Path                                  PID    Runtime      # DAGs    # Errors  Last Runtime    Last Run               Last # of DB Queries
-----------------------------------------  -----  ---------  --------  ----------  --------------  -------------------  ----------------------
/opt/airflow/dags/driven_data_pipeline.py                           0           1  0.14s           2025-06-30T20:00:56                       5
================================================================================
[2025-06-30T20:01:41.131+0000] {manager.py:997} INFO - 
================================================================================
DAG File Processing Stats

File Path                                  PID    Runtime      # DAGs    # Errors  Last Runtime    Last Run               Last # of DB Queries
-----------------------------------------  -----  ---------  --------  ----------  --------------  -------------------  ----------------------
/opt/airflow/dags/driven_data_pipeline.py                           0           1  0.11s           2025-06-30T20:01:27                       5
================================================================================
[2025-06-30T20:02:11.435+0000] {manager.py:997} INFO - 
================================================================================
DAG File Processing Stats

File Path                                  PID    Runtime      # DAGs    # Errors  Last Runtime    Last Run               Last # of DB Queries
-----------------------------------------  -----  ---------  --------  ----------  --------------  -------------------  ----------------------
/opt/airflow/dags/driven_data_pipeline.py                           0           1  0.11s           2025-06-30T20:01:57                       5
================================================================================
[2025-06-30T20:02:41.760+0000] {manager.py:997} INFO - 
================================================================================
DAG File Processing Stats

File Path                                  PID    Runtime      # DAGs    # Errors  Last Runtime    Last Run               Last # of DB Queries
-----------------------------------------  -----  ---------  --------  ----------  --------------  -------------------  ----------------------
/opt/airflow/dags/driven_data_pipeline.py                           0           1  0.12s           2025-06-30T20:02:27                       5
================================================================================
[2025-06-30T20:03:12.065+0000] {manager.py:997} INFO - 
================================================================================
DAG File Processing Stats

File Path                                  PID    Runtime      # DAGs    # Errors  Last Runtime    Last Run               Last # of DB Queries
-----------------------------------------  -----  ---------  --------  ----------  --------------  -------------------  ----------------------
/opt/airflow/dags/driven_data_pipeline.py                           0           1  0.13s           2025-06-30T20:02:58                       5
================================================================================
[2025-06-30T20:03:25.168+0000] {manager.py:821} INFO - Searching for files in /opt/airflow/dags
[2025-06-30T20:03:25.196+0000] {manager.py:824} INFO - There are 1 files in /opt/airflow/dags
[2025-06-30T20:03:42.400+0000] {manager.py:997} INFO - 
================================================================================
DAG File Processing Stats

File Path                                  PID    Runtime      # DAGs    # Errors  Last Runtime    Last Run               Last # of DB Queries
-----------------------------------------  -----  ---------  --------  ----------  --------------  -------------------  ----------------------
/opt/airflow/dags/driven_data_pipeline.py                           0           1  0.11s           2025-06-30T20:03:28                       5
================================================================================
[2025-06-30T20:04:12.729+0000] {manager.py:997} INFO - 
================================================================================
DAG File Processing Stats

File Path                                  PID    Runtime      # DAGs    # Errors  Last Runtime    Last Run               Last # of DB Queries
-----------------------------------------  -----  ---------  --------  ----------  --------------  -------------------  ----------------------
/opt/airflow/dags/driven_data_pipeline.py                           0           1  0.11s           2025-06-30T20:03:58                       5
================================================================================
[2025-06-30T20:04:43.029+0000] {manager.py:997} INFO - 
================================================================================
DAG File Processing Stats

File Path                                  PID    Runtime      # DAGs    # Errors  Last Runtime    Last Run               Last # of DB Queries
-----------------------------------------  -----  ---------  --------  ----------  --------------  -------------------  ----------------------
/opt/airflow/dags/driven_data_pipeline.py                           0           1  0.10s           2025-06-30T20:04:28                       5
================================================================================
[2025-06-30T20:05:13.348+0000] {manager.py:997} INFO - 
================================================================================
DAG File Processing Stats

File Path                                  PID    Runtime      # DAGs    # Errors  Last Runtime    Last Run               Last # of DB Queries
-----------------------------------------  -----  ---------  --------  ----------  --------------  -------------------  ----------------------
/opt/airflow/dags/driven_data_pipeline.py                           0           1  0.11s           2025-06-30T20:04:59                       5
================================================================================
[2025-06-30T20:05:43.650+0000] {manager.py:997} INFO - 
================================================================================
DAG File Processing Stats

File Path                                  PID    Runtime      # DAGs    # Errors  Last Runtime    Last Run               Last # of DB Queries
-----------------------------------------  -----  ---------  --------  ----------  --------------  -------------------  ----------------------
/opt/airflow/dags/driven_data_pipeline.py                           0           1  0.11s           2025-06-30T20:05:29                       5
================================================================================
[2025-06-30T20:06:13.988+0000] {manager.py:997} INFO - 
================================================================================
DAG File Processing Stats

File Path                                  PID    Runtime      # DAGs    # Errors  Last Runtime    Last Run               Last # of DB Queries
-----------------------------------------  -----  ---------  --------  ----------  --------------  -------------------  ----------------------
/opt/airflow/dags/driven_data_pipeline.py                           0           1  0.11s           2025-06-30T20:05:59                       5
================================================================================
[2025-06-30T20:06:44.277+0000] {manager.py:997} INFO - 
================================================================================
DAG File Processing Stats

File Path                                  PID    Runtime      # DAGs    # Errors  Last Runtime    Last Run               Last # of DB Queries
-----------------------------------------  -----  ---------  --------  ----------  --------------  -------------------  ----------------------
/opt/airflow/dags/driven_data_pipeline.py                           0           1  0.11s           2025-06-30T20:06:30                       5
================================================================================
[2025-06-30T20:07:14.601+0000] {manager.py:997} INFO - 
================================================================================
DAG File Processing Stats

File Path                                  PID    Runtime      # DAGs    # Errors  Last Runtime    Last Run               Last # of DB Queries
-----------------------------------------  -----  ---------  --------  ----------  --------------  -------------------  ----------------------
/opt/airflow/dags/driven_data_pipeline.py                           0           1  0.11s           2025-06-30T20:07:00                       5
================================================================================
[2025-06-30T20:07:44.895+0000] {manager.py:997} INFO - 
================================================================================
DAG File Processing Stats

File Path                                  PID    Runtime      # DAGs    # Errors  Last Runtime    Last Run               Last # of DB Queries
-----------------------------------------  -----  ---------  --------  ----------  --------------  -------------------  ----------------------
/opt/airflow/dags/driven_data_pipeline.py                           0           1  0.11s           2025-06-30T20:07:30                       5
================================================================================
[2025-06-30T20:08:15.213+0000] {manager.py:997} INFO - 
================================================================================
DAG File Processing Stats

File Path                                  PID    Runtime      # DAGs    # Errors  Last Runtime    Last Run               Last # of DB Queries
-----------------------------------------  -----  ---------  --------  ----------  --------------  -------------------  ----------------------
/opt/airflow/dags/driven_data_pipeline.py                           0           1  0.10s           2025-06-30T20:08:01                       5
================================================================================
[2025-06-30T20:08:25.289+0000] {manager.py:821} INFO - Searching for files in /opt/airflow/dags
[2025-06-30T20:08:25.317+0000] {manager.py:824} INFO - There are 1 files in /opt/airflow/dags
[2025-06-30T20:08:45.529+0000] {manager.py:997} INFO - 
================================================================================
DAG File Processing Stats

File Path                                  PID    Runtime      # DAGs    # Errors  Last Runtime    Last Run               Last # of DB Queries
-----------------------------------------  -----  ---------  --------  ----------  --------------  -------------------  ----------------------
/opt/airflow/dags/driven_data_pipeline.py                           0           1  0.12s           2025-06-30T20:08:31                       5
================================================================================
[2025-06-30T20:44:34.143+0000] {manager.py:821} INFO - Searching for files in /opt/airflow/dags
[2025-06-30T20:44:39.060+0000] {manager.py:824} INFO - There are 1 files in /opt/airflow/dags
[2025-06-30T20:44:41.751+0000] {manager.py:997} INFO - 
================================================================================
DAG File Processing Stats

File Path                                  PID    Runtime      # DAGs    # Errors  Last Runtime    Last Run               Last # of DB Queries
-----------------------------------------  -----  ---------  --------  ----------  --------------  -------------------  ----------------------
/opt/airflow/dags/driven_data_pipeline.py                           0           1  1.00s           2025-06-30T20:44:40                       5
================================================================================
[2025-06-30T20:45:11.795+0000] {manager.py:997} INFO - 
================================================================================
DAG File Processing Stats

File Path                                  PID    Runtime      # DAGs    # Errors  Last Runtime    Last Run               Last # of DB Queries
-----------------------------------------  -----  ---------  --------  ----------  --------------  -------------------  ----------------------
/opt/airflow/dags/driven_data_pipeline.py                           0           1  0.12s           2025-06-30T20:45:11                       5
================================================================================
[2025-06-30T20:45:41.983+0000] {manager.py:997} INFO - 
================================================================================
DAG File Processing Stats

File Path                                    PID  Runtime      # DAGs    # Errors  Last Runtime    Last Run               Last # of DB Queries
-----------------------------------------  -----  ---------  --------  ----------  --------------  -------------------  ----------------------
/opt/airflow/dags/driven_data_pipeline.py   1501  0.01s             0           1  0.12s           2025-06-30T20:45:11                       5
================================================================================
[2025-06-30T20:46:12.300+0000] {manager.py:997} INFO - 
================================================================================
DAG File Processing Stats

File Path                                    PID  Runtime      # DAGs    # Errors  Last Runtime    Last Run               Last # of DB Queries
-----------------------------------------  -----  ---------  --------  ----------  --------------  -------------------  ----------------------
/opt/airflow/dags/driven_data_pipeline.py   1508  0.01s             0           1  0.15s           2025-06-30T20:45:42                       5
================================================================================
[2025-06-30T20:46:42.666+0000] {manager.py:997} INFO - 
================================================================================
DAG File Processing Stats

File Path                                    PID  Runtime      # DAGs    # Errors  Last Runtime    Last Run               Last # of DB Queries
-----------------------------------------  -----  ---------  --------  ----------  --------------  -------------------  ----------------------
/opt/airflow/dags/driven_data_pipeline.py   1515  0.01s             0           1  0.13s           2025-06-30T20:46:12                       5
================================================================================
[2025-06-30T20:47:13.000+0000] {manager.py:997} INFO - 
================================================================================
DAG File Processing Stats

File Path                                    PID  Runtime      # DAGs    # Errors  Last Runtime    Last Run               Last # of DB Queries
-----------------------------------------  -----  ---------  --------  ----------  --------------  -------------------  ----------------------
/opt/airflow/dags/driven_data_pipeline.py   1522  0.02s             0           1  0.10s           2025-06-30T20:46:42                       5
================================================================================
[2025-06-30T20:47:43.332+0000] {manager.py:997} INFO - 
================================================================================
DAG File Processing Stats

File Path                                    PID  Runtime      # DAGs    # Errors  Last Runtime    Last Run               Last # of DB Queries
-----------------------------------------  -----  ---------  --------  ----------  --------------  -------------------  ----------------------
/opt/airflow/dags/driven_data_pipeline.py   1529  0.01s             0           1  0.27s           2025-06-30T20:47:13                       5
================================================================================
[2025-06-30T20:48:13.606+0000] {manager.py:997} INFO - 
================================================================================
DAG File Processing Stats

File Path                                    PID  Runtime      # DAGs    # Errors  Last Runtime    Last Run               Last # of DB Queries
-----------------------------------------  -----  ---------  --------  ----------  --------------  -------------------  ----------------------
/opt/airflow/dags/driven_data_pipeline.py   1536  0.01s             0           1  0.13s           2025-06-30T20:47:43                       5
================================================================================
[2025-06-30T20:48:43.988+0000] {manager.py:997} INFO - 
================================================================================
DAG File Processing Stats

File Path                                    PID  Runtime      # DAGs    # Errors  Last Runtime    Last Run               Last # of DB Queries
-----------------------------------------  -----  ---------  --------  ----------  --------------  -------------------  ----------------------
/opt/airflow/dags/driven_data_pipeline.py   1543  0.01s             0           1  0.17s           2025-06-30T20:48:13                       5
================================================================================
[2025-06-30T20:49:14.296+0000] {manager.py:997} INFO - 
================================================================================
DAG File Processing Stats

File Path                                    PID  Runtime      # DAGs    # Errors  Last Runtime    Last Run               Last # of DB Queries
-----------------------------------------  -----  ---------  --------  ----------  --------------  -------------------  ----------------------
/opt/airflow/dags/driven_data_pipeline.py   1550  0.01s             0           1  0.11s           2025-06-30T20:48:44                       5
================================================================================
[2025-06-30T20:49:34.506+0000] {manager.py:821} INFO - Searching for files in /opt/airflow/dags
[2025-06-30T20:49:34.541+0000] {manager.py:824} INFO - There are 1 files in /opt/airflow/dags
[2025-06-30T20:49:44.671+0000] {manager.py:997} INFO - 
================================================================================
DAG File Processing Stats

File Path                                    PID  Runtime      # DAGs    # Errors  Last Runtime    Last Run               Last # of DB Queries
-----------------------------------------  -----  ---------  --------  ----------  --------------  -------------------  ----------------------
/opt/airflow/dags/driven_data_pipeline.py   1557  0.01s             0           1  0.11s           2025-06-30T20:49:14                       5
================================================================================
[2025-06-30T20:50:14.977+0000] {manager.py:997} INFO - 
================================================================================
DAG File Processing Stats

File Path                                    PID  Runtime      # DAGs    # Errors  Last Runtime    Last Run               Last # of DB Queries
-----------------------------------------  -----  ---------  --------  ----------  --------------  -------------------  ----------------------
/opt/airflow/dags/driven_data_pipeline.py   1564  0.01s             0           1  0.11s           2025-06-30T20:49:44                       5
================================================================================
[2025-06-30T20:50:45.278+0000] {manager.py:997} INFO - 
================================================================================
DAG File Processing Stats

File Path                                    PID  Runtime      # DAGs    # Errors  Last Runtime    Last Run               Last # of DB Queries
-----------------------------------------  -----  ---------  --------  ----------  --------------  -------------------  ----------------------
/opt/airflow/dags/driven_data_pipeline.py   1571  0.01s             0           1  0.10s           2025-06-30T20:50:15                       5
================================================================================
[2025-06-30T20:51:15.576+0000] {manager.py:997} INFO - 
================================================================================
DAG File Processing Stats

File Path                                    PID  Runtime      # DAGs    # Errors  Last Runtime    Last Run               Last # of DB Queries
-----------------------------------------  -----  ---------  --------  ----------  --------------  -------------------  ----------------------
/opt/airflow/dags/driven_data_pipeline.py   1578  0.01s             0           1  0.11s           2025-06-30T20:50:45                       5
================================================================================
[2025-06-30T20:51:45.898+0000] {manager.py:997} INFO - 
================================================================================
DAG File Processing Stats

File Path                                    PID  Runtime      # DAGs    # Errors  Last Runtime    Last Run               Last # of DB Queries
-----------------------------------------  -----  ---------  --------  ----------  --------------  -------------------  ----------------------
/opt/airflow/dags/driven_data_pipeline.py   1585  0.01s             0           1  0.12s           2025-06-30T20:51:15                       5
================================================================================
[2025-06-30T20:52:16.192+0000] {manager.py:997} INFO - 
================================================================================
DAG File Processing Stats

File Path                                    PID  Runtime      # DAGs    # Errors  Last Runtime    Last Run               Last # of DB Queries
-----------------------------------------  -----  ---------  --------  ----------  --------------  -------------------  ----------------------
/opt/airflow/dags/driven_data_pipeline.py   1592  0.01s             0           1  0.13s           2025-06-30T20:51:46                       5
================================================================================
[2025-06-30T20:52:46.542+0000] {manager.py:997} INFO - 
================================================================================
DAG File Processing Stats

File Path                                    PID  Runtime      # DAGs    # Errors  Last Runtime    Last Run               Last # of DB Queries
-----------------------------------------  -----  ---------  --------  ----------  --------------  -------------------  ----------------------
/opt/airflow/dags/driven_data_pipeline.py   1599  0.01s             0           1  0.11s           2025-06-30T20:52:16                       5
================================================================================
[2025-06-30T20:53:16.835+0000] {manager.py:997} INFO - 
================================================================================
DAG File Processing Stats

File Path                                    PID  Runtime      # DAGs    # Errors  Last Runtime    Last Run               Last # of DB Queries
-----------------------------------------  -----  ---------  --------  ----------  --------------  -------------------  ----------------------
/opt/airflow/dags/driven_data_pipeline.py   1606  0.01s             0           1  0.14s           2025-06-30T20:52:46                       5
================================================================================
[2025-06-30T20:53:47.195+0000] {manager.py:997} INFO - 
================================================================================
DAG File Processing Stats

File Path                                    PID  Runtime      # DAGs    # Errors  Last Runtime    Last Run               Last # of DB Queries
-----------------------------------------  -----  ---------  --------  ----------  --------------  -------------------  ----------------------
/opt/airflow/dags/driven_data_pipeline.py   1613  0.01s             0           1  0.11s           2025-06-30T20:53:16                       5
================================================================================
[2025-06-30T20:54:17.486+0000] {manager.py:997} INFO - 
================================================================================
DAG File Processing Stats

File Path                                    PID  Runtime      # DAGs    # Errors  Last Runtime    Last Run               Last # of DB Queries
-----------------------------------------  -----  ---------  --------  ----------  --------------  -------------------  ----------------------
/opt/airflow/dags/driven_data_pipeline.py   1620  0.01s             0           1  0.10s           2025-06-30T20:53:47                       5
================================================================================
[2025-06-30T20:54:34.676+0000] {manager.py:821} INFO - Searching for files in /opt/airflow/dags
[2025-06-30T20:54:34.709+0000] {manager.py:824} INFO - There are 1 files in /opt/airflow/dags
[2025-06-30T20:54:47.853+0000] {manager.py:997} INFO - 
================================================================================
DAG File Processing Stats

File Path                                    PID  Runtime      # DAGs    # Errors  Last Runtime    Last Run               Last # of DB Queries
-----------------------------------------  -----  ---------  --------  ----------  --------------  -------------------  ----------------------
/opt/airflow/dags/driven_data_pipeline.py   1627  0.01s             0           1  0.10s           2025-06-30T20:54:17                       5
================================================================================
[2025-06-30T20:55:18.157+0000] {manager.py:997} INFO - 
================================================================================
DAG File Processing Stats

File Path                                    PID  Runtime      # DAGs    # Errors  Last Runtime    Last Run               Last # of DB Queries
-----------------------------------------  -----  ---------  --------  ----------  --------------  -------------------  ----------------------
/opt/airflow/dags/driven_data_pipeline.py   1634  0.01s             0           1  0.11s           2025-06-30T20:54:47                       5
================================================================================
[2025-06-30T20:55:48.493+0000] {manager.py:997} INFO - 
================================================================================
DAG File Processing Stats

File Path                                    PID  Runtime      # DAGs    # Errors  Last Runtime    Last Run               Last # of DB Queries
-----------------------------------------  -----  ---------  --------  ----------  --------------  -------------------  ----------------------
/opt/airflow/dags/driven_data_pipeline.py   1641  0.01s             0           1  0.11s           2025-06-30T20:55:18                       5
================================================================================
[2025-06-30T20:56:18.822+0000] {manager.py:997} INFO - 
================================================================================
DAG File Processing Stats

File Path                                    PID  Runtime      # DAGs    # Errors  Last Runtime    Last Run               Last # of DB Queries
-----------------------------------------  -----  ---------  --------  ----------  --------------  -------------------  ----------------------
/opt/airflow/dags/driven_data_pipeline.py   1648  0.01s             0           1  0.12s           2025-06-30T20:55:48                       5
================================================================================
[2025-06-30T20:56:49.142+0000] {manager.py:997} INFO - 
================================================================================
DAG File Processing Stats

File Path                                    PID  Runtime      # DAGs    # Errors  Last Runtime    Last Run               Last # of DB Queries
-----------------------------------------  -----  ---------  --------  ----------  --------------  -------------------  ----------------------
/opt/airflow/dags/driven_data_pipeline.py   1655  0.01s             0           1  0.12s           2025-06-30T20:56:18                       5
================================================================================
[2025-06-30T20:57:19.473+0000] {manager.py:997} INFO - 
================================================================================
DAG File Processing Stats

File Path                                    PID  Runtime      # DAGs    # Errors  Last Runtime    Last Run               Last # of DB Queries
-----------------------------------------  -----  ---------  --------  ----------  --------------  -------------------  ----------------------
/opt/airflow/dags/driven_data_pipeline.py   1662  0.01s             0           1  0.10s           2025-06-30T20:56:49                       5
================================================================================
[2025-06-30T20:57:49.772+0000] {manager.py:997} INFO - 
================================================================================
DAG File Processing Stats

File Path                                  PID    Runtime      # DAGs    # Errors  Last Runtime    Last Run               Last # of DB Queries
-----------------------------------------  -----  ---------  --------  ----------  --------------  -------------------  ----------------------
/opt/airflow/dags/driven_data_pipeline.py                           0           1  0.35s           2025-06-30T20:57:19                       5
================================================================================
[2025-06-30T20:58:37.182+0000] {manager.py:997} INFO - 
================================================================================
DAG File Processing Stats

File Path                                  PID    Runtime      # DAGs    # Errors  Last Runtime    Last Run               Last # of DB Queries
-----------------------------------------  -----  ---------  --------  ----------  --------------  -------------------  ----------------------
/opt/airflow/dags/driven_data_pipeline.py                           0           1  0.18s           2025-06-30T20:58:23                       5
================================================================================
[2025-06-30T20:59:07.440+0000] {manager.py:997} INFO - 
================================================================================
DAG File Processing Stats

File Path                                  PID    Runtime      # DAGs    # Errors  Last Runtime    Last Run               Last # of DB Queries
-----------------------------------------  -----  ---------  --------  ----------  --------------  -------------------  ----------------------
/opt/airflow/dags/driven_data_pipeline.py                           0           1  0.11s           2025-06-30T20:58:53                       5
================================================================================
[2025-06-30T20:59:34.710+0000] {manager.py:821} INFO - Searching for files in /opt/airflow/dags
[2025-06-30T20:59:34.747+0000] {manager.py:824} INFO - There are 1 files in /opt/airflow/dags
[2025-06-30T20:59:37.792+0000] {manager.py:997} INFO - 
================================================================================
DAG File Processing Stats

File Path                                  PID    Runtime      # DAGs    # Errors  Last Runtime    Last Run               Last # of DB Queries
-----------------------------------------  -----  ---------  --------  ----------  --------------  -------------------  ----------------------
/opt/airflow/dags/driven_data_pipeline.py                           0           1  0.12s           2025-06-30T20:59:23                       5
================================================================================
[2025-06-30T21:00:08.105+0000] {manager.py:997} INFO - 
================================================================================
DAG File Processing Stats

File Path                                  PID    Runtime      # DAGs    # Errors  Last Runtime    Last Run               Last # of DB Queries
-----------------------------------------  -----  ---------  --------  ----------  --------------  -------------------  ----------------------
/opt/airflow/dags/driven_data_pipeline.py                           0           1  0.11s           2025-06-30T20:59:54                       5
================================================================================
[2025-06-30T21:00:38.423+0000] {manager.py:997} INFO - 
================================================================================
DAG File Processing Stats

File Path                                  PID    Runtime      # DAGs    # Errors  Last Runtime    Last Run               Last # of DB Queries
-----------------------------------------  -----  ---------  --------  ----------  --------------  -------------------  ----------------------
/opt/airflow/dags/driven_data_pipeline.py                           0           1  0.12s           2025-06-30T21:00:24                       5
================================================================================
[2025-06-30T21:01:08.737+0000] {manager.py:997} INFO - 
================================================================================
DAG File Processing Stats

File Path                                  PID    Runtime      # DAGs    # Errors  Last Runtime    Last Run               Last # of DB Queries
-----------------------------------------  -----  ---------  --------  ----------  --------------  -------------------  ----------------------
/opt/airflow/dags/driven_data_pipeline.py                           0           1  0.12s           2025-06-30T21:00:54                       5
================================================================================
[2025-06-30T21:01:39.075+0000] {manager.py:997} INFO - 
================================================================================
DAG File Processing Stats

File Path                                  PID    Runtime      # DAGs    # Errors  Last Runtime    Last Run               Last # of DB Queries
-----------------------------------------  -----  ---------  --------  ----------  --------------  -------------------  ----------------------
/opt/airflow/dags/driven_data_pipeline.py                           0           1  0.11s           2025-06-30T21:01:25                       5
================================================================================
[2025-06-30T21:02:09.394+0000] {manager.py:997} INFO - 
================================================================================
DAG File Processing Stats

File Path                                  PID    Runtime      # DAGs    # Errors  Last Runtime    Last Run               Last # of DB Queries
-----------------------------------------  -----  ---------  --------  ----------  --------------  -------------------  ----------------------
/opt/airflow/dags/driven_data_pipeline.py                           0           1  0.12s           2025-06-30T21:01:45                       5
================================================================================
[2025-06-30T21:02:13.852+0000] {manager.py:465} INFO - Exiting gracefully upon receiving signal 15
[2025-06-30T21:04:22.313+0000] {manager.py:483} INFO - Processing files using up to 2 processes at a time 
[2025-06-30T21:04:22.314+0000] {manager.py:484} INFO - Process each file at most once every 30 seconds
[2025-06-30T21:04:22.315+0000] {manager.py:485} INFO - Checking for new files in /opt/airflow/dags every 300 seconds
[2025-06-30T21:04:22.316+0000] {manager.py:821} INFO - Searching for files in /opt/airflow/dags
[2025-06-30T21:04:22.394+0000] {manager.py:824} INFO - There are 1 files in /opt/airflow/dags
[2025-06-30T21:04:22.694+0000] {manager.py:997} INFO - 
================================================================================
DAG File Processing Stats

File Path                                    PID  Runtime      # DAGs    # Errors  Last Runtime    Last Run      Last # of DB Queries
-----------------------------------------  -----  ---------  --------  ----------  --------------  ----------  ----------------------
/opt/airflow/dags/driven_data_pipeline.py     61  0.07s             0           0                                                   0
================================================================================
[2025-06-30T21:04:24.405+0000] {manager.py:465} INFO - Exiting gracefully upon receiving signal 15
[2025-06-30T21:04:48.014+0000] {manager.py:483} INFO - Processing files using up to 2 processes at a time 
[2025-06-30T21:04:48.016+0000] {manager.py:484} INFO - Process each file at most once every 30 seconds
[2025-06-30T21:04:48.017+0000] {manager.py:485} INFO - Checking for new files in /opt/airflow/dags every 300 seconds
[2025-06-30T21:04:48.018+0000] {manager.py:821} INFO - Searching for files in /opt/airflow/dags
[2025-06-30T21:04:48.075+0000] {manager.py:824} INFO - There are 1 files in /opt/airflow/dags
[2025-06-30T21:04:48.264+0000] {manager.py:997} INFO - 
================================================================================
DAG File Processing Stats

File Path                                    PID  Runtime      # DAGs    # Errors  Last Runtime    Last Run      Last # of DB Queries
-----------------------------------------  -----  ---------  --------  ----------  --------------  ----------  ----------------------
/opt/airflow/dags/driven_data_pipeline.py     54  0.04s             0           0                                                   0
================================================================================
[2025-06-30T21:05:18.561+0000] {manager.py:997} INFO - 
================================================================================
DAG File Processing Stats

File Path                                    PID  Runtime      # DAGs    # Errors  Last Runtime    Last Run               Last # of DB Queries
-----------------------------------------  -----  ---------  --------  ----------  --------------  -------------------  ----------------------
/opt/airflow/dags/driven_data_pipeline.py     62  0.01s             0           1  0.16s           2025-06-30T21:04:48                       5
================================================================================
[2025-06-30T21:05:48.921+0000] {manager.py:997} INFO - 
================================================================================
DAG File Processing Stats

File Path                                    PID  Runtime      # DAGs    # Errors  Last Runtime    Last Run               Last # of DB Queries
-----------------------------------------  -----  ---------  --------  ----------  --------------  -------------------  ----------------------
/opt/airflow/dags/driven_data_pipeline.py     69  0.01s             0           1  0.12s           2025-06-30T21:05:18                       5
================================================================================
[2025-06-30T21:06:19.212+0000] {manager.py:997} INFO - 
================================================================================
DAG File Processing Stats

File Path                                    PID  Runtime      # DAGs    # Errors  Last Runtime    Last Run               Last # of DB Queries
-----------------------------------------  -----  ---------  --------  ----------  --------------  -------------------  ----------------------
/opt/airflow/dags/driven_data_pipeline.py     76  0.01s             0           1  0.11s           2025-06-30T21:05:49                       5
================================================================================
[2025-06-30T21:06:49.541+0000] {manager.py:997} INFO - 
================================================================================
DAG File Processing Stats

File Path                                    PID  Runtime      # DAGs    # Errors  Last Runtime    Last Run               Last # of DB Queries
-----------------------------------------  -----  ---------  --------  ----------  --------------  -------------------  ----------------------
/opt/airflow/dags/driven_data_pipeline.py     83  0.01s             0           1  0.11s           2025-06-30T21:06:19                       5
================================================================================
[2025-06-30T21:07:19.845+0000] {manager.py:997} INFO - 
================================================================================
DAG File Processing Stats

File Path                                    PID  Runtime      # DAGs    # Errors  Last Runtime    Last Run               Last # of DB Queries
-----------------------------------------  -----  ---------  --------  ----------  --------------  -------------------  ----------------------
/opt/airflow/dags/driven_data_pipeline.py     90  0.01s             0           1  0.11s           2025-06-30T21:06:49                       5
================================================================================
[2025-06-30T21:07:50.588+0000] {manager.py:997} INFO - 
================================================================================
DAG File Processing Stats

File Path                                    PID  Runtime      # DAGs    # Errors  Last Runtime    Last Run               Last # of DB Queries
-----------------------------------------  -----  ---------  --------  ----------  --------------  -------------------  ----------------------
/opt/airflow/dags/driven_data_pipeline.py     97  0.01s             0           1  0.11s           2025-06-30T21:07:19                       5
================================================================================
[2025-06-30T21:08:20.895+0000] {manager.py:997} INFO - 
================================================================================
DAG File Processing Stats

File Path                                    PID  Runtime      # DAGs    # Errors  Last Runtime    Last Run               Last # of DB Queries
-----------------------------------------  -----  ---------  --------  ----------  --------------  -------------------  ----------------------
/opt/airflow/dags/driven_data_pipeline.py    104  0.01s             0           1  0.14s           2025-06-30T21:07:50                       5
================================================================================
[2025-06-30T21:08:25.147+0000] {manager.py:465} INFO - Exiting gracefully upon receiving signal 15
[2025-06-30T23:06:06.782+0000] {manager.py:483} INFO - Processing files using up to 2 processes at a time 
[2025-06-30T23:06:06.784+0000] {manager.py:484} INFO - Process each file at most once every 30 seconds
[2025-06-30T23:06:06.785+0000] {manager.py:485} INFO - Checking for new files in /opt/airflow/dags every 300 seconds
[2025-06-30T23:06:06.786+0000] {manager.py:821} INFO - Searching for files in /opt/airflow/dags
[2025-06-30T23:06:06.838+0000] {manager.py:824} INFO - There are 1 files in /opt/airflow/dags
[2025-06-30T23:06:07.109+0000] {manager.py:997} INFO - 
================================================================================
DAG File Processing Stats

File Path                                    PID  Runtime      # DAGs    # Errors  Last Runtime    Last Run      Last # of DB Queries
-----------------------------------------  -----  ---------  --------  ----------  --------------  ----------  ----------------------
/opt/airflow/dags/driven_data_pipeline.py     58  0.05s             0           0                                                   0
================================================================================
[2025-06-30T23:06:37.605+0000] {manager.py:997} INFO - 
================================================================================
DAG File Processing Stats

File Path                                    PID  Runtime      # DAGs    # Errors  Last Runtime    Last Run               Last # of DB Queries
-----------------------------------------  -----  ---------  --------  ----------  --------------  -------------------  ----------------------
/opt/airflow/dags/driven_data_pipeline.py     65  0.01s             0           1  0.23s           2025-06-30T23:06:07                       5
================================================================================
[2025-06-30T23:07:08.099+0000] {manager.py:997} INFO - 
================================================================================
DAG File Processing Stats

File Path                                    PID  Runtime      # DAGs    # Errors  Last Runtime    Last Run               Last # of DB Queries
-----------------------------------------  -----  ---------  --------  ----------  --------------  -------------------  ----------------------
/opt/airflow/dags/driven_data_pipeline.py     73  0.01s             0           1  0.32s           2025-06-30T23:06:37                       5
================================================================================
[2025-06-30T23:07:38.612+0000] {manager.py:997} INFO - 
================================================================================
DAG File Processing Stats

File Path                                    PID  Runtime      # DAGs    # Errors  Last Runtime    Last Run               Last # of DB Queries
-----------------------------------------  -----  ---------  --------  ----------  --------------  -------------------  ----------------------
/opt/airflow/dags/driven_data_pipeline.py     80  0.02s             0           1  0.33s           2025-06-30T23:07:08                       5
================================================================================
[2025-06-30T23:08:09.075+0000] {manager.py:997} INFO - 
================================================================================
DAG File Processing Stats

File Path                                    PID  Runtime      # DAGs    # Errors  Last Runtime    Last Run               Last # of DB Queries
-----------------------------------------  -----  ---------  --------  ----------  --------------  -------------------  ----------------------
/opt/airflow/dags/driven_data_pipeline.py     87  0.02s             0           1  0.25s           2025-06-30T23:07:38                       5
================================================================================
[2025-06-30T23:08:39.796+0000] {manager.py:997} INFO - 
================================================================================
DAG File Processing Stats

File Path                                    PID  Runtime      # DAGs    # Errors  Last Runtime    Last Run               Last # of DB Queries
-----------------------------------------  -----  ---------  --------  ----------  --------------  -------------------  ----------------------
/opt/airflow/dags/driven_data_pipeline.py     95  0.01s             0           1  0.24s           2025-06-30T23:08:09                       5
================================================================================
[2025-06-30T23:09:10.342+0000] {manager.py:997} INFO - 
================================================================================
DAG File Processing Stats

File Path                                    PID  Runtime      # DAGs    # Errors  Last Runtime    Last Run               Last # of DB Queries
-----------------------------------------  -----  ---------  --------  ----------  --------------  -------------------  ----------------------
/opt/airflow/dags/driven_data_pipeline.py    102  0.02s             0           1  0.19s           2025-06-30T23:08:39                       5
================================================================================
[2025-06-30T23:09:40.881+0000] {manager.py:997} INFO - 
================================================================================
DAG File Processing Stats

File Path                                    PID  Runtime      # DAGs    # Errors  Last Runtime    Last Run               Last # of DB Queries
-----------------------------------------  -----  ---------  --------  ----------  --------------  -------------------  ----------------------
/opt/airflow/dags/driven_data_pipeline.py    109  0.01s             0           1  0.22s           2025-06-30T23:09:10                       5
================================================================================
[2025-06-30T23:10:11.501+0000] {manager.py:997} INFO - 
================================================================================
DAG File Processing Stats

File Path                                    PID  Runtime      # DAGs    # Errors  Last Runtime    Last Run               Last # of DB Queries
-----------------------------------------  -----  ---------  --------  ----------  --------------  -------------------  ----------------------
/opt/airflow/dags/driven_data_pipeline.py    116  0.01s             0           1  0.19s           2025-06-30T23:09:41                       5
================================================================================
[2025-06-30T23:10:42.155+0000] {manager.py:997} INFO - 
================================================================================
DAG File Processing Stats

File Path                                    PID  Runtime      # DAGs    # Errors  Last Runtime    Last Run               Last # of DB Queries
-----------------------------------------  -----  ---------  --------  ----------  --------------  -------------------  ----------------------
/opt/airflow/dags/driven_data_pipeline.py    129  0.02s             0           1  0.19s           2025-06-30T23:10:11                       5
================================================================================
[2025-06-30T23:11:06.979+0000] {manager.py:821} INFO - Searching for files in /opt/airflow/dags
[2025-06-30T23:11:07.053+0000] {manager.py:824} INFO - There are 1 files in /opt/airflow/dags
[2025-06-30T23:11:12.172+0000] {manager.py:997} INFO - 
================================================================================
DAG File Processing Stats

File Path                                  PID    Runtime      # DAGs    # Errors  Last Runtime    Last Run               Last # of DB Queries
-----------------------------------------  -----  ---------  --------  ----------  --------------  -------------------  ----------------------
/opt/airflow/dags/driven_data_pipeline.py                           0           1  1.69s           2025-06-30T23:10:43                       5
================================================================================
[2025-06-30T23:11:20.601+0000] {manager.py:465} INFO - Exiting gracefully upon receiving signal 15
[2025-07-01T00:56:57.740+0000] {manager.py:483} INFO - Processing files using up to 2 processes at a time 
[2025-07-01T00:56:57.742+0000] {manager.py:484} INFO - Process each file at most once every 30 seconds
[2025-07-01T00:56:57.743+0000] {manager.py:485} INFO - Checking for new files in /opt/airflow/dags every 300 seconds
[2025-07-01T00:56:57.744+0000] {manager.py:821} INFO - Searching for files in /opt/airflow/dags
[2025-07-01T00:56:57.865+0000] {manager.py:824} INFO - There are 1 files in /opt/airflow/dags
[2025-07-01T00:56:58.294+0000] {manager.py:997} INFO - 
================================================================================
DAG File Processing Stats

File Path                                    PID  Runtime      # DAGs    # Errors  Last Runtime    Last Run      Last # of DB Queries
-----------------------------------------  -----  ---------  --------  ----------  --------------  ----------  ----------------------
/opt/airflow/dags/driven_data_pipeline.py     58  0.05s             0           0                                                   0
================================================================================
[2025-07-01T00:57:28.752+0000] {manager.py:997} INFO - 
================================================================================
DAG File Processing Stats

File Path                                    PID  Runtime      # DAGs    # Errors  Last Runtime    Last Run               Last # of DB Queries
-----------------------------------------  -----  ---------  --------  ----------  --------------  -------------------  ----------------------
/opt/airflow/dags/driven_data_pipeline.py     64  0.01s             0           1  0.21s           2025-07-01T00:56:58                       5
================================================================================
[2025-07-01T00:57:59.251+0000] {manager.py:997} INFO - 
================================================================================
DAG File Processing Stats

File Path                                    PID  Runtime      # DAGs    # Errors  Last Runtime    Last Run               Last # of DB Queries
-----------------------------------------  -----  ---------  --------  ----------  --------------  -------------------  ----------------------
/opt/airflow/dags/driven_data_pipeline.py     72  0.02s             0           1  0.28s           2025-07-01T00:57:29                       5
================================================================================
[2025-07-01T00:58:29.909+0000] {manager.py:997} INFO - 
================================================================================
DAG File Processing Stats

File Path                                    PID  Runtime      # DAGs    # Errors  Last Runtime    Last Run               Last # of DB Queries
-----------------------------------------  -----  ---------  --------  ----------  --------------  -------------------  ----------------------
/opt/airflow/dags/driven_data_pipeline.py     79  0.02s             0           1  0.27s           2025-07-01T00:57:59                       5
================================================================================
[2025-07-01T00:59:00.356+0000] {manager.py:997} INFO - 
================================================================================
DAG File Processing Stats

File Path                                    PID  Runtime      # DAGs    # Errors  Last Runtime    Last Run               Last # of DB Queries
-----------------------------------------  -----  ---------  --------  ----------  --------------  -------------------  ----------------------
/opt/airflow/dags/driven_data_pipeline.py     85  0.01s             0           1  0.31s           2025-07-01T00:58:30                       5
================================================================================
[2025-07-01T00:59:30.862+0000] {manager.py:997} INFO - 
================================================================================
DAG File Processing Stats

File Path                                    PID  Runtime      # DAGs    # Errors  Last Runtime    Last Run               Last # of DB Queries
-----------------------------------------  -----  ---------  --------  ----------  --------------  -------------------  ----------------------
/opt/airflow/dags/driven_data_pipeline.py     92  0.02s             0           1  0.21s           2025-07-01T00:59:00                       5
================================================================================
[2025-07-01T01:00:01.542+0000] {manager.py:997} INFO - 
================================================================================
DAG File Processing Stats

File Path                                    PID  Runtime      # DAGs    # Errors  Last Runtime    Last Run               Last # of DB Queries
-----------------------------------------  -----  ---------  --------  ----------  --------------  -------------------  ----------------------
/opt/airflow/dags/driven_data_pipeline.py     99  0.02s             0           1  0.29s           2025-07-01T00:59:31                       5
================================================================================
[2025-07-01T01:00:32.045+0000] {manager.py:997} INFO - 
================================================================================
DAG File Processing Stats

File Path                                    PID  Runtime      # DAGs    # Errors  Last Runtime    Last Run               Last # of DB Queries
-----------------------------------------  -----  ---------  --------  ----------  --------------  -------------------  ----------------------
/opt/airflow/dags/driven_data_pipeline.py    106  0.01s             0           1  0.25s           2025-07-01T01:00:01                       5
================================================================================
[2025-07-01T01:01:02.548+0000] {manager.py:997} INFO - 
================================================================================
DAG File Processing Stats

File Path                                    PID  Runtime      # DAGs    # Errors  Last Runtime    Last Run               Last # of DB Queries
-----------------------------------------  -----  ---------  --------  ----------  --------------  -------------------  ----------------------
/opt/airflow/dags/driven_data_pipeline.py    113  0.02s             0           1  0.18s           2025-07-01T01:00:32                       5
================================================================================
[2025-07-01T01:01:33.114+0000] {manager.py:997} INFO - 
================================================================================
DAG File Processing Stats

File Path                                    PID  Runtime      # DAGs    # Errors  Last Runtime    Last Run               Last # of DB Queries
-----------------------------------------  -----  ---------  --------  ----------  --------------  -------------------  ----------------------
/opt/airflow/dags/driven_data_pipeline.py    119  0.01s             0           1  0.29s           2025-07-01T01:01:02                       5
================================================================================
[2025-07-01T01:01:57.910+0000] {manager.py:821} INFO - Searching for files in /opt/airflow/dags
[2025-07-01T01:01:57.995+0000] {manager.py:824} INFO - There are 1 files in /opt/airflow/dags
[2025-07-01T01:02:03.129+0000] {manager.py:997} INFO - 
================================================================================
DAG File Processing Stats

File Path                                  PID    Runtime      # DAGs    # Errors  Last Runtime    Last Run               Last # of DB Queries
-----------------------------------------  -----  ---------  --------  ----------  --------------  -------------------  ----------------------
/opt/airflow/dags/driven_data_pipeline.py                           0           1  2.41s           2025-07-01T01:01:35                       5
================================================================================
[2025-07-01T01:02:33.606+0000] {manager.py:997} INFO - 
================================================================================
DAG File Processing Stats

File Path                                  PID    Runtime      # DAGs    # Errors  Last Runtime    Last Run               Last # of DB Queries
-----------------------------------------  -----  ---------  --------  ----------  --------------  -------------------  ----------------------
/opt/airflow/dags/driven_data_pipeline.py                           0           1  0.19s           2025-07-01T01:02:06                       5
================================================================================
[2025-07-01T01:03:04.193+0000] {manager.py:997} INFO - 
================================================================================
DAG File Processing Stats

File Path                                  PID    Runtime      # DAGs    # Errors  Last Runtime    Last Run               Last # of DB Queries
-----------------------------------------  -----  ---------  --------  ----------  --------------  -------------------  ----------------------
/opt/airflow/dags/driven_data_pipeline.py                           0           1  0.24s           2025-07-01T01:02:36                       5
================================================================================
[2025-07-01T01:03:34.829+0000] {manager.py:997} INFO - 
================================================================================
DAG File Processing Stats

File Path                                  PID    Runtime      # DAGs    # Errors  Last Runtime    Last Run               Last # of DB Queries
-----------------------------------------  -----  ---------  --------  ----------  --------------  -------------------  ----------------------
/opt/airflow/dags/driven_data_pipeline.py                           0           1  0.30s           2025-07-01T01:03:07                       5
================================================================================
[2025-07-01T01:04:05.404+0000] {manager.py:997} INFO - 
================================================================================
DAG File Processing Stats

File Path                                  PID    Runtime      # DAGs    # Errors  Last Runtime    Last Run               Last # of DB Queries
-----------------------------------------  -----  ---------  --------  ----------  --------------  -------------------  ----------------------
/opt/airflow/dags/driven_data_pipeline.py                           0           1  0.32s           2025-07-01T01:03:38                       5
================================================================================
[2025-07-01T01:04:36.054+0000] {manager.py:997} INFO - 
================================================================================
DAG File Processing Stats

File Path                                  PID    Runtime      # DAGs    # Errors  Last Runtime    Last Run               Last # of DB Queries
-----------------------------------------  -----  ---------  --------  ----------  --------------  -------------------  ----------------------
/opt/airflow/dags/driven_data_pipeline.py                           0           1  0.34s           2025-07-01T01:04:08                       5
================================================================================
[2025-07-01T01:05:06.549+0000] {manager.py:997} INFO - 
================================================================================
DAG File Processing Stats

File Path                                  PID    Runtime      # DAGs    # Errors  Last Runtime    Last Run               Last # of DB Queries
-----------------------------------------  -----  ---------  --------  ----------  --------------  -------------------  ----------------------
/opt/airflow/dags/driven_data_pipeline.py                           0           1  0.17s           2025-07-01T01:04:39                       5
================================================================================
[2025-07-01T01:05:37.103+0000] {manager.py:997} INFO - 
================================================================================
DAG File Processing Stats

File Path                                  PID    Runtime      # DAGs    # Errors  Last Runtime    Last Run               Last # of DB Queries
-----------------------------------------  -----  ---------  --------  ----------  --------------  -------------------  ----------------------
/opt/airflow/dags/driven_data_pipeline.py                           0           1  0.26s           2025-07-01T01:05:09                       5
================================================================================
[2025-07-01T01:06:07.396+0000] {manager.py:997} INFO - 
================================================================================
DAG File Processing Stats

File Path                                  PID    Runtime      # DAGs    # Errors  Last Runtime    Last Run               Last # of DB Queries
-----------------------------------------  -----  ---------  --------  ----------  --------------  -------------------  ----------------------
/opt/airflow/dags/driven_data_pipeline.py                           0           1  0.14s           2025-07-01T01:05:40                       5
================================================================================
[2025-07-01T01:06:37.748+0000] {manager.py:997} INFO - 
================================================================================
DAG File Processing Stats

File Path                                  PID    Runtime      # DAGs    # Errors  Last Runtime    Last Run               Last # of DB Queries
-----------------------------------------  -----  ---------  --------  ----------  --------------  -------------------  ----------------------
/opt/airflow/dags/driven_data_pipeline.py                           0           1  0.11s           2025-07-01T01:06:10                       5
================================================================================
[2025-07-01T01:06:57.954+0000] {manager.py:821} INFO - Searching for files in /opt/airflow/dags
[2025-07-01T01:06:57.979+0000] {manager.py:824} INFO - There are 1 files in /opt/airflow/dags
[2025-07-01T01:07:08.093+0000] {manager.py:997} INFO - 
================================================================================
DAG File Processing Stats

File Path                                  PID    Runtime      # DAGs    # Errors  Last Runtime    Last Run               Last # of DB Queries
-----------------------------------------  -----  ---------  --------  ----------  --------------  -------------------  ----------------------
/opt/airflow/dags/driven_data_pipeline.py                           0           1  0.12s           2025-07-01T01:06:40                       5
================================================================================
[2025-07-01T01:07:38.395+0000] {manager.py:997} INFO - 
================================================================================
DAG File Processing Stats

File Path                                  PID    Runtime      # DAGs    # Errors  Last Runtime    Last Run               Last # of DB Queries
-----------------------------------------  -----  ---------  --------  ----------  --------------  -------------------  ----------------------
/opt/airflow/dags/driven_data_pipeline.py                           0           1  0.11s           2025-07-01T01:07:11                       5
================================================================================
[2025-07-01T01:08:08.744+0000] {manager.py:997} INFO - 
================================================================================
DAG File Processing Stats

File Path                                  PID    Runtime      # DAGs    # Errors  Last Runtime    Last Run               Last # of DB Queries
-----------------------------------------  -----  ---------  --------  ----------  --------------  -------------------  ----------------------
/opt/airflow/dags/driven_data_pipeline.py                           0           1  0.11s           2025-07-01T01:07:41                       5
================================================================================
[2025-07-01T01:08:39.048+0000] {manager.py:997} INFO - 
================================================================================
DAG File Processing Stats

File Path                                  PID    Runtime      # DAGs    # Errors  Last Runtime    Last Run               Last # of DB Queries
-----------------------------------------  -----  ---------  --------  ----------  --------------  -------------------  ----------------------
/opt/airflow/dags/driven_data_pipeline.py                           0           1  0.13s           2025-07-01T01:08:11                       5
================================================================================
[2025-07-01T01:09:09.439+0000] {manager.py:997} INFO - 
================================================================================
DAG File Processing Stats

File Path                                  PID    Runtime      # DAGs    # Errors  Last Runtime    Last Run               Last # of DB Queries
-----------------------------------------  -----  ---------  --------  ----------  --------------  -------------------  ----------------------
/opt/airflow/dags/driven_data_pipeline.py                           0           1  0.12s           2025-07-01T01:08:42                       5
================================================================================
[2025-07-01T01:09:39.761+0000] {manager.py:997} INFO - 
================================================================================
DAG File Processing Stats

File Path                                  PID    Runtime      # DAGs    # Errors  Last Runtime    Last Run               Last # of DB Queries
-----------------------------------------  -----  ---------  --------  ----------  --------------  -------------------  ----------------------
/opt/airflow/dags/driven_data_pipeline.py                           0           1  0.11s           2025-07-01T01:09:12                       5
================================================================================
[2025-07-01T01:10:10.102+0000] {manager.py:997} INFO - 
================================================================================
DAG File Processing Stats

File Path                                  PID    Runtime      # DAGs    # Errors  Last Runtime    Last Run               Last # of DB Queries
-----------------------------------------  -----  ---------  --------  ----------  --------------  -------------------  ----------------------
/opt/airflow/dags/driven_data_pipeline.py                           0           1  0.12s           2025-07-01T01:09:42                       5
================================================================================
[2025-07-01T01:10:40.405+0000] {manager.py:997} INFO - 
================================================================================
DAG File Processing Stats

File Path                                  PID    Runtime      # DAGs    # Errors  Last Runtime    Last Run               Last # of DB Queries
-----------------------------------------  -----  ---------  --------  ----------  --------------  -------------------  ----------------------
/opt/airflow/dags/driven_data_pipeline.py                           0           1  0.26s           2025-07-01T01:10:13                       5
================================================================================
[2025-07-01T01:11:10.688+0000] {manager.py:997} INFO - 
================================================================================
DAG File Processing Stats

File Path                                  PID    Runtime      # DAGs    # Errors  Last Runtime    Last Run               Last # of DB Queries
-----------------------------------------  -----  ---------  --------  ----------  --------------  -------------------  ----------------------
/opt/airflow/dags/driven_data_pipeline.py                           0           1  0.11s           2025-07-01T01:10:43                       5
================================================================================
[2025-07-01T01:11:20.085+0000] {manager.py:465} INFO - Exiting gracefully upon receiving signal 15
[2025-07-01T01:13:01.502+0000] {manager.py:483} INFO - Processing files using up to 2 processes at a time 
[2025-07-01T01:13:01.504+0000] {manager.py:484} INFO - Process each file at most once every 30 seconds
[2025-07-01T01:13:01.505+0000] {manager.py:485} INFO - Checking for new files in /opt/airflow/dags every 300 seconds
[2025-07-01T01:13:01.506+0000] {manager.py:821} INFO - Searching for files in /opt/airflow/dags
[2025-07-01T01:13:01.690+0000] {manager.py:824} INFO - There are 1 files in /opt/airflow/dags
[2025-07-01T01:13:02.212+0000] {manager.py:997} INFO - 
================================================================================
DAG File Processing Stats

File Path                                    PID  Runtime      # DAGs    # Errors  Last Runtime    Last Run      Last # of DB Queries
-----------------------------------------  -----  ---------  --------  ----------  --------------  ----------  ----------------------
/opt/airflow/dags/driven_data_pipeline.py     60  0.06s             0           0                                                   0
================================================================================
[2025-07-01T01:13:32.560+0000] {manager.py:997} INFO - 
================================================================================
DAG File Processing Stats

File Path                                    PID  Runtime      # DAGs    # Errors  Last Runtime    Last Run               Last # of DB Queries
-----------------------------------------  -----  ---------  --------  ----------  --------------  -------------------  ----------------------
/opt/airflow/dags/driven_data_pipeline.py     67  0.01s             0           1  0.19s           2025-07-01T01:13:02                       3
================================================================================
[2025-07-01T01:14:02.881+0000] {manager.py:997} INFO - 
================================================================================
DAG File Processing Stats

File Path                                  PID    Runtime      # DAGs    # Errors  Last Runtime    Last Run               Last # of DB Queries
-----------------------------------------  -----  ---------  --------  ----------  --------------  -------------------  ----------------------
/opt/airflow/dags/driven_data_pipeline.py                           0           1  0.33s           2025-07-01T01:13:32                       5
================================================================================
[2025-07-01T01:14:33.435+0000] {manager.py:997} INFO - 
================================================================================
DAG File Processing Stats

File Path                                    PID  Runtime      # DAGs    # Errors  Last Runtime    Last Run               Last # of DB Queries
-----------------------------------------  -----  ---------  --------  ----------  --------------  -------------------  ----------------------
/opt/airflow/dags/driven_data_pipeline.py     87  0.01s             0           1  0.21s           2025-07-01T01:14:03                       5
================================================================================
[2025-07-01T01:15:03.718+0000] {manager.py:997} INFO - 
================================================================================
DAG File Processing Stats

File Path                                    PID  Runtime      # DAGs    # Errors  Last Runtime    Last Run               Last # of DB Queries
-----------------------------------------  -----  ---------  --------  ----------  --------------  -------------------  ----------------------
/opt/airflow/dags/driven_data_pipeline.py     94  0.01s             0           1  0.14s           2025-07-01T01:14:33                       5
================================================================================
[2025-07-01T01:15:34.100+0000] {manager.py:997} INFO - 
================================================================================
DAG File Processing Stats

File Path                                    PID  Runtime      # DAGs    # Errors  Last Runtime    Last Run               Last # of DB Queries
-----------------------------------------  -----  ---------  --------  ----------  --------------  -------------------  ----------------------
/opt/airflow/dags/driven_data_pipeline.py    101  0.01s             0           1  0.14s           2025-07-01T01:15:03                       5
================================================================================
[2025-07-01T01:16:04.406+0000] {manager.py:997} INFO - 
================================================================================
DAG File Processing Stats

File Path                                    PID  Runtime      # DAGs    # Errors  Last Runtime    Last Run               Last # of DB Queries
-----------------------------------------  -----  ---------  --------  ----------  --------------  -------------------  ----------------------
/opt/airflow/dags/driven_data_pipeline.py    108  0.01s             0           1  0.11s           2025-07-01T01:15:34                       5
================================================================================
[2025-07-01T01:16:34.735+0000] {manager.py:997} INFO - 
================================================================================
DAG File Processing Stats

File Path                                    PID  Runtime      # DAGs    # Errors  Last Runtime    Last Run               Last # of DB Queries
-----------------------------------------  -----  ---------  --------  ----------  --------------  -------------------  ----------------------
/opt/airflow/dags/driven_data_pipeline.py    115  0.01s             0           1  0.13s           2025-07-01T01:16:04                       5
================================================================================
[2025-07-01T01:17:05.055+0000] {manager.py:997} INFO - 
================================================================================
DAG File Processing Stats

File Path                                    PID  Runtime      # DAGs    # Errors  Last Runtime    Last Run               Last # of DB Queries
-----------------------------------------  -----  ---------  --------  ----------  --------------  -------------------  ----------------------
/opt/airflow/dags/driven_data_pipeline.py    122  0.01s             0           1  0.11s           2025-07-01T01:16:34                       5
================================================================================
[2025-07-01T01:17:35.354+0000] {manager.py:997} INFO - 
================================================================================
DAG File Processing Stats

File Path                                    PID  Runtime      # DAGs    # Errors  Last Runtime    Last Run               Last # of DB Queries
-----------------------------------------  -----  ---------  --------  ----------  --------------  -------------------  ----------------------
/opt/airflow/dags/driven_data_pipeline.py    130  0.01s             0           1  0.11s           2025-07-01T01:17:05                       5
================================================================================
[2025-07-01T01:18:01.797+0000] {manager.py:821} INFO - Searching for files in /opt/airflow/dags
[2025-07-01T01:18:01.876+0000] {manager.py:824} INFO - There are 1 files in /opt/airflow/dags
[2025-07-01T01:18:05.937+0000] {manager.py:997} INFO - 
================================================================================
DAG File Processing Stats

File Path                                  PID    Runtime      # DAGs    # Errors  Last Runtime    Last Run               Last # of DB Queries
-----------------------------------------  -----  ---------  --------  ----------  --------------  -------------------  ----------------------
/opt/airflow/dags/driven_data_pipeline.py                           0           1  0.70s           2025-07-01T01:17:36                       5
================================================================================
[2025-07-01T01:18:36.613+0000] {manager.py:997} INFO - 
================================================================================
DAG File Processing Stats

File Path                                    PID  Runtime      # DAGs    # Errors  Last Runtime    Last Run               Last # of DB Queries
-----------------------------------------  -----  ---------  --------  ----------  --------------  -------------------  ----------------------
/opt/airflow/dags/driven_data_pipeline.py    144  0.01s             0           1  0.14s           2025-07-01T01:18:06                       5
================================================================================
[2025-07-01T01:19:07.030+0000] {manager.py:997} INFO - 
================================================================================
DAG File Processing Stats

File Path                                    PID  Runtime      # DAGs    # Errors  Last Runtime    Last Run               Last # of DB Queries
-----------------------------------------  -----  ---------  --------  ----------  --------------  -------------------  ----------------------
/opt/airflow/dags/driven_data_pipeline.py    151  0.01s             0           1  0.11s           2025-07-01T01:18:36                       5
================================================================================
[2025-07-01T01:19:37.312+0000] {manager.py:997} INFO - 
================================================================================
DAG File Processing Stats

File Path                                    PID  Runtime      # DAGs    # Errors  Last Runtime    Last Run               Last # of DB Queries
-----------------------------------------  -----  ---------  --------  ----------  --------------  -------------------  ----------------------
/opt/airflow/dags/driven_data_pipeline.py    158  0.01s             0           1  0.13s           2025-07-01T01:19:07                       5
================================================================================
[2025-07-01T01:20:07.701+0000] {manager.py:997} INFO - 
================================================================================
DAG File Processing Stats

File Path                                    PID  Runtime      # DAGs    # Errors  Last Runtime    Last Run               Last # of DB Queries
-----------------------------------------  -----  ---------  --------  ----------  --------------  -------------------  ----------------------
/opt/airflow/dags/driven_data_pipeline.py    165  0.01s             0           1  0.18s           2025-07-01T01:19:37                       5
================================================================================
[2025-07-01T01:20:38.063+0000] {manager.py:997} INFO - 
================================================================================
DAG File Processing Stats

File Path                                    PID  Runtime      # DAGs    # Errors  Last Runtime    Last Run               Last # of DB Queries
-----------------------------------------  -----  ---------  --------  ----------  --------------  -------------------  ----------------------
/opt/airflow/dags/driven_data_pipeline.py    172  0.01s             0           1  0.20s           2025-07-01T01:20:07                       5
================================================================================
[2025-07-01T01:21:08.467+0000] {manager.py:997} INFO - 
================================================================================
DAG File Processing Stats

File Path                                  PID    Runtime      # DAGs    # Errors  Last Runtime    Last Run               Last # of DB Queries
-----------------------------------------  -----  ---------  --------  ----------  --------------  -------------------  ----------------------
/opt/airflow/dags/driven_data_pipeline.py                           0           1  0.15s           2025-07-01T01:20:50                       5
================================================================================
[2025-07-01T01:21:38.848+0000] {manager.py:997} INFO - 
================================================================================
DAG File Processing Stats

File Path                                  PID    Runtime      # DAGs    # Errors  Last Runtime    Last Run               Last # of DB Queries
-----------------------------------------  -----  ---------  --------  ----------  --------------  -------------------  ----------------------
/opt/airflow/dags/driven_data_pipeline.py                           0           1  0.12s           2025-07-01T01:21:20                       5
================================================================================
[2025-07-01T01:22:09.179+0000] {manager.py:997} INFO - 
================================================================================
DAG File Processing Stats

File Path                                  PID    Runtime      # DAGs    # Errors  Last Runtime    Last Run               Last # of DB Queries
-----------------------------------------  -----  ---------  --------  ----------  --------------  -------------------  ----------------------
/opt/airflow/dags/driven_data_pipeline.py                           0           1  0.15s           2025-07-01T01:21:51                       5
================================================================================
[2025-07-01T01:22:17.539+0000] {manager.py:465} INFO - Exiting gracefully upon receiving signal 15
[2025-07-01T01:30:21.696+0000] {manager.py:483} INFO - Processing files using up to 2 processes at a time 
[2025-07-01T01:30:21.698+0000] {manager.py:484} INFO - Process each file at most once every 30 seconds
[2025-07-01T01:30:21.699+0000] {manager.py:485} INFO - Checking for new files in /opt/airflow/dags every 300 seconds
[2025-07-01T01:30:21.700+0000] {manager.py:821} INFO - Searching for files in /opt/airflow/dags
[2025-07-01T01:30:21.755+0000] {manager.py:824} INFO - There are 1 files in /opt/airflow/dags
[2025-07-01T01:30:21.989+0000] {manager.py:997} INFO - 
================================================================================
DAG File Processing Stats

File Path                                    PID  Runtime      # DAGs    # Errors  Last Runtime    Last Run      Last # of DB Queries
-----------------------------------------  -----  ---------  --------  ----------  --------------  ----------  ----------------------
/opt/airflow/dags/driven_data_pipeline.py     69  0.07s             0           0                                                   0
================================================================================
[2025-07-01T01:30:52.286+0000] {manager.py:997} INFO - 
================================================================================
DAG File Processing Stats

File Path                                    PID  Runtime      # DAGs    # Errors  Last Runtime    Last Run               Last # of DB Queries
-----------------------------------------  -----  ---------  --------  ----------  --------------  -------------------  ----------------------
/opt/airflow/dags/driven_data_pipeline.py     76  0.01s             0           1  0.28s           2025-07-01T01:30:22                       5
================================================================================
[2025-07-01T01:31:22.698+0000] {manager.py:997} INFO - 
================================================================================
DAG File Processing Stats

File Path                                    PID  Runtime      # DAGs    # Errors  Last Runtime    Last Run               Last # of DB Queries
-----------------------------------------  -----  ---------  --------  ----------  --------------  -------------------  ----------------------
/opt/airflow/dags/driven_data_pipeline.py     83  0.01s             0           1  0.17s           2025-07-01T01:30:52                       5
================================================================================
[2025-07-01T01:31:53.073+0000] {manager.py:997} INFO - 
================================================================================
DAG File Processing Stats

File Path                                    PID  Runtime      # DAGs    # Errors  Last Runtime    Last Run               Last # of DB Queries
-----------------------------------------  -----  ---------  --------  ----------  --------------  -------------------  ----------------------
/opt/airflow/dags/driven_data_pipeline.py     90  0.02s             0           1  0.11s           2025-07-01T01:31:22                       5
================================================================================
[2025-07-01T01:32:23.224+0000] {manager.py:997} INFO - 
================================================================================
DAG File Processing Stats

File Path                                  PID    Runtime      # DAGs    # Errors  Last Runtime    Last Run               Last # of DB Queries
-----------------------------------------  -----  ---------  --------  ----------  --------------  -------------------  ----------------------
/opt/airflow/dags/driven_data_pipeline.py                           0           1  0.57s           2025-07-01T01:31:53                       5
================================================================================
[2025-07-01T01:32:52.524+0000] {manager.py:465} INFO - Exiting gracefully upon receiving signal 15
[2025-07-01T01:34:26.225+0000] {manager.py:483} INFO - Processing files using up to 2 processes at a time 
[2025-07-01T01:34:26.227+0000] {manager.py:484} INFO - Process each file at most once every 30 seconds
[2025-07-01T01:34:26.228+0000] {manager.py:485} INFO - Checking for new files in /opt/airflow/dags every 300 seconds
[2025-07-01T01:34:26.229+0000] {manager.py:821} INFO - Searching for files in /opt/airflow/dags
[2025-07-01T01:34:26.276+0000] {manager.py:824} INFO - There are 1 files in /opt/airflow/dags
[2025-07-01T01:34:26.762+0000] {manager.py:997} INFO - 
================================================================================
DAG File Processing Stats

File Path                                    PID  Runtime      # DAGs    # Errors  Last Runtime    Last Run      Last # of DB Queries
-----------------------------------------  -----  ---------  --------  ----------  --------------  ----------  ----------------------
/opt/airflow/dags/driven_data_pipeline.py     65  0.14s             0           0                                                   0
================================================================================
[2025-07-01T01:34:57.076+0000] {manager.py:997} INFO - 
================================================================================
DAG File Processing Stats

File Path                                  PID    Runtime      # DAGs    # Errors  Last Runtime    Last Run               Last # of DB Queries
-----------------------------------------  -----  ---------  --------  ----------  --------------  -------------------  ----------------------
/opt/airflow/dags/driven_data_pipeline.py                           0           1  0.49s           2025-07-01T01:34:27                       5
================================================================================
[2025-07-01T01:35:27.758+0000] {manager.py:997} INFO - 
================================================================================
DAG File Processing Stats

File Path                                    PID  Runtime      # DAGs    # Errors  Last Runtime    Last Run               Last # of DB Queries
-----------------------------------------  -----  ---------  --------  ----------  --------------  -------------------  ----------------------
/opt/airflow/dags/driven_data_pipeline.py     79  0.01s             0           1  0.18s           2025-07-01T01:34:57                       5
================================================================================
[2025-07-01T01:35:58.065+0000] {manager.py:997} INFO - 
================================================================================
DAG File Processing Stats

File Path                                    PID  Runtime      # DAGs    # Errors  Last Runtime    Last Run               Last # of DB Queries
-----------------------------------------  -----  ---------  --------  ----------  --------------  -------------------  ----------------------
/opt/airflow/dags/driven_data_pipeline.py     86  0.01s             0           1  0.12s           2025-07-01T01:35:27                       5
================================================================================
[2025-07-01T01:36:28.438+0000] {manager.py:997} INFO - 
================================================================================
DAG File Processing Stats

File Path                                    PID  Runtime      # DAGs    # Errors  Last Runtime    Last Run               Last # of DB Queries
-----------------------------------------  -----  ---------  --------  ----------  --------------  -------------------  ----------------------
/opt/airflow/dags/driven_data_pipeline.py     93  0.01s             0           1  0.23s           2025-07-01T01:35:58                       5
================================================================================
[2025-07-01T01:36:58.851+0000] {manager.py:997} INFO - 
================================================================================
DAG File Processing Stats

File Path                                    PID  Runtime      # DAGs    # Errors  Last Runtime    Last Run               Last # of DB Queries
-----------------------------------------  -----  ---------  --------  ----------  --------------  -------------------  ----------------------
/opt/airflow/dags/driven_data_pipeline.py    100  0.01s             0           1  0.20s           2025-07-01T01:36:28                       5
================================================================================
[2025-07-01T01:37:29.182+0000] {manager.py:997} INFO - 
================================================================================
DAG File Processing Stats

File Path                                    PID  Runtime      # DAGs    # Errors  Last Runtime    Last Run               Last # of DB Queries
-----------------------------------------  -----  ---------  --------  ----------  --------------  -------------------  ----------------------
/opt/airflow/dags/driven_data_pipeline.py    107  0.01s             0           1  0.11s           2025-07-01T01:36:58                       5
================================================================================
[2025-07-01T01:37:59.480+0000] {manager.py:997} INFO - 
================================================================================
DAG File Processing Stats

File Path                                    PID  Runtime      # DAGs    # Errors  Last Runtime    Last Run               Last # of DB Queries
-----------------------------------------  -----  ---------  --------  ----------  --------------  -------------------  ----------------------
/opt/airflow/dags/driven_data_pipeline.py    114  0.01s             0           1  0.13s           2025-07-01T01:37:29                       5
================================================================================
[2025-07-01T01:38:29.855+0000] {manager.py:997} INFO - 
================================================================================
DAG File Processing Stats

File Path                                    PID  Runtime      # DAGs    # Errors  Last Runtime    Last Run               Last # of DB Queries
-----------------------------------------  -----  ---------  --------  ----------  --------------  -------------------  ----------------------
/opt/airflow/dags/driven_data_pipeline.py    121  0.01s             0           1  0.11s           2025-07-01T01:37:59                       5
================================================================================
[2025-07-01T01:39:00.151+0000] {manager.py:997} INFO - 
================================================================================
DAG File Processing Stats

File Path                                    PID  Runtime      # DAGs    # Errors  Last Runtime    Last Run               Last # of DB Queries
-----------------------------------------  -----  ---------  --------  ----------  --------------  -------------------  ----------------------
/opt/airflow/dags/driven_data_pipeline.py    128  0.01s             0           1  0.11s           2025-07-01T01:38:29                       5
================================================================================
[2025-07-01T01:39:26.663+0000] {manager.py:821} INFO - Searching for files in /opt/airflow/dags
[2025-07-01T01:39:26.748+0000] {manager.py:824} INFO - There are 1 files in /opt/airflow/dags
[2025-07-01T01:39:30.819+0000] {manager.py:997} INFO - 
================================================================================
DAG File Processing Stats

File Path                                  PID    Runtime      # DAGs    # Errors  Last Runtime    Last Run               Last # of DB Queries
-----------------------------------------  -----  ---------  --------  ----------  --------------  -------------------  ----------------------
/opt/airflow/dags/driven_data_pipeline.py                           0           1  0.76s           2025-07-01T01:39:00                       5
================================================================================
[2025-07-01T01:40:01.463+0000] {manager.py:997} INFO - 
================================================================================
DAG File Processing Stats

File Path                                    PID  Runtime      # DAGs    # Errors  Last Runtime    Last Run               Last # of DB Queries
-----------------------------------------  -----  ---------  --------  ----------  --------------  -------------------  ----------------------
/opt/airflow/dags/driven_data_pipeline.py    142  0.01s             0           1  0.11s           2025-07-01T01:39:31                       5
================================================================================
[2025-07-01T01:40:31.829+0000] {manager.py:997} INFO - 
================================================================================
DAG File Processing Stats

File Path                                    PID  Runtime      # DAGs    # Errors  Last Runtime    Last Run               Last # of DB Queries
-----------------------------------------  -----  ---------  --------  ----------  --------------  -------------------  ----------------------
/opt/airflow/dags/driven_data_pipeline.py    149  0.01s             0           1  0.11s           2025-07-01T01:40:01                       5
================================================================================
[2025-07-01T01:41:02.143+0000] {manager.py:997} INFO - 
================================================================================
DAG File Processing Stats

File Path                                    PID  Runtime      # DAGs    # Errors  Last Runtime    Last Run               Last # of DB Queries
-----------------------------------------  -----  ---------  --------  ----------  --------------  -------------------  ----------------------
/opt/airflow/dags/driven_data_pipeline.py    156  0.01s             0           1  0.11s           2025-07-01T01:40:31                       5
================================================================================
[2025-07-01T01:41:32.488+0000] {manager.py:997} INFO - 
================================================================================
DAG File Processing Stats

File Path                                    PID  Runtime      # DAGs    # Errors  Last Runtime    Last Run               Last # of DB Queries
-----------------------------------------  -----  ---------  --------  ----------  --------------  -------------------  ----------------------
/opt/airflow/dags/driven_data_pipeline.py    163  0.01s             0           1  0.21s           2025-07-01T01:41:02                       5
================================================================================
[2025-07-01T01:42:02.792+0000] {manager.py:997} INFO - 
================================================================================
DAG File Processing Stats

File Path                                    PID  Runtime      # DAGs    # Errors  Last Runtime    Last Run               Last # of DB Queries
-----------------------------------------  -----  ---------  --------  ----------  --------------  -------------------  ----------------------
/opt/airflow/dags/driven_data_pipeline.py    170  0.01s             0           1  0.12s           2025-07-01T01:41:32                       5
================================================================================
[2025-07-01T01:42:33.162+0000] {manager.py:997} INFO - 
================================================================================
DAG File Processing Stats

File Path                                    PID  Runtime      # DAGs    # Errors  Last Runtime    Last Run               Last # of DB Queries
-----------------------------------------  -----  ---------  --------  ----------  --------------  -------------------  ----------------------
/opt/airflow/dags/driven_data_pipeline.py    177  0.01s             0           1  0.20s           2025-07-01T01:42:02                       5
================================================================================
[2025-07-01T01:43:03.541+0000] {manager.py:997} INFO - 
================================================================================
DAG File Processing Stats

File Path                                    PID  Runtime      # DAGs    # Errors  Last Runtime    Last Run               Last # of DB Queries
-----------------------------------------  -----  ---------  --------  ----------  --------------  -------------------  ----------------------
/opt/airflow/dags/driven_data_pipeline.py    184  0.01s             0           1  0.13s           2025-07-01T01:42:33                       5
================================================================================
[2025-07-01T01:43:33.867+0000] {manager.py:997} INFO - 
================================================================================
DAG File Processing Stats

File Path                                    PID  Runtime      # DAGs    # Errors  Last Runtime    Last Run               Last # of DB Queries
-----------------------------------------  -----  ---------  --------  ----------  --------------  -------------------  ----------------------
/opt/airflow/dags/driven_data_pipeline.py    191  0.01s             0           1  0.11s           2025-07-01T01:43:03                       5
================================================================================
[2025-07-01T01:44:04.236+0000] {manager.py:997} INFO - 
================================================================================
DAG File Processing Stats

File Path                                    PID  Runtime      # DAGs    # Errors  Last Runtime    Last Run               Last # of DB Queries
-----------------------------------------  -----  ---------  --------  ----------  --------------  -------------------  ----------------------
/opt/airflow/dags/driven_data_pipeline.py    198  0.01s             0           1  0.13s           2025-07-01T01:43:33                       5
================================================================================
[2025-07-01T01:44:27.456+0000] {manager.py:821} INFO - Searching for files in /opt/airflow/dags
[2025-07-01T01:44:27.518+0000] {manager.py:824} INFO - There are 1 files in /opt/airflow/dags
[2025-07-01T01:44:34.633+0000] {manager.py:997} INFO - 
================================================================================
DAG File Processing Stats

File Path                                    PID  Runtime      # DAGs    # Errors  Last Runtime    Last Run               Last # of DB Queries
-----------------------------------------  -----  ---------  --------  ----------  --------------  -------------------  ----------------------
/opt/airflow/dags/driven_data_pipeline.py    205  0.01s             0           1  0.11s           2025-07-01T01:44:04                       5
================================================================================
[2025-07-01T01:45:04.961+0000] {manager.py:997} INFO - 
================================================================================
DAG File Processing Stats

File Path                                    PID  Runtime      # DAGs    # Errors  Last Runtime    Last Run               Last # of DB Queries
-----------------------------------------  -----  ---------  --------  ----------  --------------  -------------------  ----------------------
/opt/airflow/dags/driven_data_pipeline.py    212  0.01s             0           1  0.12s           2025-07-01T01:44:34                       5
================================================================================
[2025-07-01T01:45:35.285+0000] {manager.py:997} INFO - 
================================================================================
DAG File Processing Stats

File Path                                    PID  Runtime      # DAGs    # Errors  Last Runtime    Last Run               Last # of DB Queries
-----------------------------------------  -----  ---------  --------  ----------  --------------  -------------------  ----------------------
/opt/airflow/dags/driven_data_pipeline.py    219  0.01s             0           1  0.16s           2025-07-01T01:45:05                       5
================================================================================
[2025-07-01T01:46:05.666+0000] {manager.py:997} INFO - 
================================================================================
DAG File Processing Stats

File Path                                    PID  Runtime      # DAGs    # Errors  Last Runtime    Last Run               Last # of DB Queries
-----------------------------------------  -----  ---------  --------  ----------  --------------  -------------------  ----------------------
/opt/airflow/dags/driven_data_pipeline.py    226  0.01s             0           1  0.13s           2025-07-01T01:45:35                       5
================================================================================
[2025-07-01T01:46:35.970+0000] {manager.py:997} INFO - 
================================================================================
DAG File Processing Stats

File Path                                    PID  Runtime      # DAGs    # Errors  Last Runtime    Last Run               Last # of DB Queries
-----------------------------------------  -----  ---------  --------  ----------  --------------  -------------------  ----------------------
/opt/airflow/dags/driven_data_pipeline.py    233  0.01s             0           1  0.16s           2025-07-01T01:46:05                       5
================================================================================
[2025-07-01T01:47:06.361+0000] {manager.py:997} INFO - 
================================================================================
DAG File Processing Stats

File Path                                    PID  Runtime      # DAGs    # Errors  Last Runtime    Last Run               Last # of DB Queries
-----------------------------------------  -----  ---------  --------  ----------  --------------  -------------------  ----------------------
/opt/airflow/dags/driven_data_pipeline.py    240  0.01s             0           1  0.13s           2025-07-01T01:46:36                       5
================================================================================
[2025-07-01T01:47:36.661+0000] {manager.py:997} INFO - 
================================================================================
DAG File Processing Stats

File Path                                    PID  Runtime      # DAGs    # Errors  Last Runtime    Last Run               Last # of DB Queries
-----------------------------------------  -----  ---------  --------  ----------  --------------  -------------------  ----------------------
/opt/airflow/dags/driven_data_pipeline.py    247  0.01s             0           1  0.12s           2025-07-01T01:47:06                       5
================================================================================
[2025-07-01T01:48:07.003+0000] {manager.py:997} INFO - 
================================================================================
DAG File Processing Stats

File Path                                    PID  Runtime      # DAGs    # Errors  Last Runtime    Last Run               Last # of DB Queries
-----------------------------------------  -----  ---------  --------  ----------  --------------  -------------------  ----------------------
/opt/airflow/dags/driven_data_pipeline.py    254  0.01s             0           1  0.13s           2025-07-01T01:47:36                       5
================================================================================
[2025-07-01T01:48:37.313+0000] {manager.py:997} INFO - 
================================================================================
DAG File Processing Stats

File Path                                    PID  Runtime      # DAGs    # Errors  Last Runtime    Last Run               Last # of DB Queries
-----------------------------------------  -----  ---------  --------  ----------  --------------  -------------------  ----------------------
/opt/airflow/dags/driven_data_pipeline.py    261  0.01s             0           1  0.13s           2025-07-01T01:48:07                       5
================================================================================
[2025-07-01T01:49:07.669+0000] {manager.py:997} INFO - 
================================================================================
DAG File Processing Stats

File Path                                    PID  Runtime      # DAGs    # Errors  Last Runtime    Last Run               Last # of DB Queries
-----------------------------------------  -----  ---------  --------  ----------  --------------  -------------------  ----------------------
/opt/airflow/dags/driven_data_pipeline.py    268  0.01s             0           1  0.14s           2025-07-01T01:48:37                       5
================================================================================
[2025-07-01T01:49:27.861+0000] {manager.py:821} INFO - Searching for files in /opt/airflow/dags
[2025-07-01T01:49:27.893+0000] {manager.py:824} INFO - There are 1 files in /opt/airflow/dags
[2025-07-01T01:49:38.020+0000] {manager.py:997} INFO - 
================================================================================
DAG File Processing Stats

File Path                                    PID  Runtime      # DAGs    # Errors  Last Runtime    Last Run               Last # of DB Queries
-----------------------------------------  -----  ---------  --------  ----------  --------------  -------------------  ----------------------
/opt/airflow/dags/driven_data_pipeline.py    275  0.01s             0           1  0.11s           2025-07-01T01:49:07                       5
================================================================================
[2025-07-01T01:50:08.311+0000] {manager.py:997} INFO - 
================================================================================
DAG File Processing Stats

File Path                                    PID  Runtime      # DAGs    # Errors  Last Runtime    Last Run               Last # of DB Queries
-----------------------------------------  -----  ---------  --------  ----------  --------------  -------------------  ----------------------
/opt/airflow/dags/driven_data_pipeline.py    282  0.01s             0           1  0.11s           2025-07-01T01:49:38                       5
================================================================================
[2025-07-01T01:50:38.675+0000] {manager.py:997} INFO - 
================================================================================
DAG File Processing Stats

File Path                                    PID  Runtime      # DAGs    # Errors  Last Runtime    Last Run               Last # of DB Queries
-----------------------------------------  -----  ---------  --------  ----------  --------------  -------------------  ----------------------
/opt/airflow/dags/driven_data_pipeline.py    289  0.01s             0           1  0.12s           2025-07-01T01:50:08                       5
================================================================================
[2025-07-01T01:51:08.957+0000] {manager.py:997} INFO - 
================================================================================
DAG File Processing Stats

File Path                                    PID  Runtime      # DAGs    # Errors  Last Runtime    Last Run               Last # of DB Queries
-----------------------------------------  -----  ---------  --------  ----------  --------------  -------------------  ----------------------
/opt/airflow/dags/driven_data_pipeline.py    296  0.01s             0           1  0.14s           2025-07-01T01:50:38                       5
================================================================================
[2025-07-01T01:51:39.330+0000] {manager.py:997} INFO - 
================================================================================
DAG File Processing Stats

File Path                                  PID    Runtime      # DAGs    # Errors  Last Runtime    Last Run               Last # of DB Queries
-----------------------------------------  -----  ---------  --------  ----------  --------------  -------------------  ----------------------
/opt/airflow/dags/driven_data_pipeline.py                           1           0  0.17s           2025-07-01T01:51:25                      11
================================================================================
[2025-07-01T01:52:09.813+0000] {manager.py:997} INFO - 
================================================================================
DAG File Processing Stats

File Path                                  PID    Runtime      # DAGs    # Errors  Last Runtime    Last Run               Last # of DB Queries
-----------------------------------------  -----  ---------  --------  ----------  --------------  -------------------  ----------------------
/opt/airflow/dags/driven_data_pipeline.py                           0           1  0.15s           2025-07-01T01:52:01                       3
================================================================================
[2025-07-01T01:52:40.160+0000] {manager.py:997} INFO - 
================================================================================
DAG File Processing Stats

File Path                                  PID    Runtime      # DAGs    # Errors  Last Runtime    Last Run               Last # of DB Queries
-----------------------------------------  -----  ---------  --------  ----------  --------------  -------------------  ----------------------
/opt/airflow/dags/driven_data_pipeline.py                           0           1  0.15s           2025-07-01T01:52:32                       5
================================================================================
[2025-07-01T01:53:10.725+0000] {manager.py:997} INFO - 
================================================================================
DAG File Processing Stats

File Path                                  PID    Runtime      # DAGs    # Errors  Last Runtime    Last Run               Last # of DB Queries
-----------------------------------------  -----  ---------  --------  ----------  --------------  -------------------  ----------------------
/opt/airflow/dags/driven_data_pipeline.py                           0           1  0.12s           2025-07-01T01:52:45                       5
================================================================================
[2025-07-01T01:53:41.125+0000] {manager.py:997} INFO - 
================================================================================
DAG File Processing Stats

File Path                                  PID    Runtime      # DAGs    # Errors  Last Runtime    Last Run               Last # of DB Queries
-----------------------------------------  -----  ---------  --------  ----------  --------------  -------------------  ----------------------
/opt/airflow/dags/driven_data_pipeline.py                           0           1  0.11s           2025-07-01T01:53:15                       5
================================================================================
[2025-07-01T01:54:11.418+0000] {manager.py:997} INFO - 
================================================================================
DAG File Processing Stats

File Path                                  PID    Runtime      # DAGs    # Errors  Last Runtime    Last Run               Last # of DB Queries
-----------------------------------------  -----  ---------  --------  ----------  --------------  -------------------  ----------------------
/opt/airflow/dags/driven_data_pipeline.py                           0           1  0.12s           2025-07-01T01:53:46                       5
================================================================================
[2025-07-01T01:54:28.657+0000] {manager.py:821} INFO - Searching for files in /opt/airflow/dags
[2025-07-01T01:54:28.691+0000] {manager.py:824} INFO - There are 1 files in /opt/airflow/dags
[2025-07-01T01:54:41.834+0000] {manager.py:997} INFO - 
================================================================================
DAG File Processing Stats

File Path                                  PID    Runtime      # DAGs    # Errors  Last Runtime    Last Run               Last # of DB Queries
-----------------------------------------  -----  ---------  --------  ----------  --------------  -------------------  ----------------------
/opt/airflow/dags/driven_data_pipeline.py                           0           1  0.11s           2025-07-01T01:54:16                       5
================================================================================
[2025-07-01T21:16:54.826+0000] {manager.py:483} INFO - Processing files using up to 2 processes at a time 
[2025-07-01T21:16:54.827+0000] {manager.py:484} INFO - Process each file at most once every 30 seconds
[2025-07-01T21:16:54.829+0000] {manager.py:485} INFO - Checking for new files in /opt/airflow/dags every 300 seconds
[2025-07-01T21:16:54.830+0000] {manager.py:821} INFO - Searching for files in /opt/airflow/dags
[2025-07-01T21:16:54.884+0000] {manager.py:824} INFO - There are 1 files in /opt/airflow/dags
[2025-07-01T21:16:55.061+0000] {manager.py:997} INFO - 
================================================================================
DAG File Processing Stats

File Path                                    PID  Runtime      # DAGs    # Errors  Last Runtime    Last Run      Last # of DB Queries
-----------------------------------------  -----  ---------  --------  ----------  --------------  ----------  ----------------------
/opt/airflow/dags/driven_data_pipeline.py     61  0.04s             0           0                                                   0
================================================================================
[2025-07-01T21:17:25.454+0000] {manager.py:997} INFO - 
================================================================================
DAG File Processing Stats

File Path                                    PID  Runtime      # DAGs    # Errors  Last Runtime    Last Run               Last # of DB Queries
-----------------------------------------  -----  ---------  --------  ----------  --------------  -------------------  ----------------------
/opt/airflow/dags/driven_data_pipeline.py     68  0.01s             0           1  0.16s           2025-07-01T21:16:55                       5
================================================================================
[2025-07-01T21:17:55.781+0000] {manager.py:997} INFO - 
================================================================================
DAG File Processing Stats

File Path                                    PID  Runtime      # DAGs    # Errors  Last Runtime    Last Run               Last # of DB Queries
-----------------------------------------  -----  ---------  --------  ----------  --------------  -------------------  ----------------------
/opt/airflow/dags/driven_data_pipeline.py     76  0.01s             0           1  0.28s           2025-07-01T21:17:25                       5
================================================================================
[2025-07-01T21:18:26.420+0000] {manager.py:997} INFO - 
================================================================================
DAG File Processing Stats

File Path                                    PID  Runtime      # DAGs    # Errors  Last Runtime    Last Run               Last # of DB Queries
-----------------------------------------  -----  ---------  --------  ----------  --------------  -------------------  ----------------------
/opt/airflow/dags/driven_data_pipeline.py     83  0.03s             0           1  0.14s           2025-07-01T21:17:55                       5
================================================================================
[2025-07-01T21:18:57.031+0000] {manager.py:997} INFO - 
================================================================================
DAG File Processing Stats

File Path                                    PID  Runtime      # DAGs    # Errors  Last Runtime    Last Run               Last # of DB Queries
-----------------------------------------  -----  ---------  --------  ----------  --------------  -------------------  ----------------------
/opt/airflow/dags/driven_data_pipeline.py     90  0.02s             0           1  0.35s           2025-07-01T21:18:26                       5
================================================================================
[2025-07-01T21:19:27.603+0000] {manager.py:997} INFO - 
================================================================================
DAG File Processing Stats

File Path                                    PID  Runtime      # DAGs    # Errors  Last Runtime    Last Run               Last # of DB Queries
-----------------------------------------  -----  ---------  --------  ----------  --------------  -------------------  ----------------------
/opt/airflow/dags/driven_data_pipeline.py     98  0.01s             0           1  0.24s           2025-07-01T21:18:57                       5
================================================================================
[2025-07-01T21:20:01.382+0000] {manager.py:997} INFO - 
================================================================================
DAG File Processing Stats

File Path                                    PID  Runtime      # DAGs    # Errors  Last Runtime    Last Run               Last # of DB Queries
-----------------------------------------  -----  ---------  --------  ----------  --------------  -------------------  ----------------------
/opt/airflow/dags/driven_data_pipeline.py    111  0.03s             0           1  0.16s           2025-07-01T21:19:27                       5
================================================================================
[2025-07-01T21:20:32.183+0000] {manager.py:997} INFO - 
================================================================================
DAG File Processing Stats

File Path                                    PID  Runtime      # DAGs    # Errors  Last Runtime    Last Run               Last # of DB Queries
-----------------------------------------  -----  ---------  --------  ----------  --------------  -------------------  ----------------------
/opt/airflow/dags/driven_data_pipeline.py    118  0.17s             0           1  0.29s           2025-07-01T21:20:01                       5
================================================================================
[2025-07-01T21:21:02.634+0000] {manager.py:997} INFO - 
================================================================================
DAG File Processing Stats

File Path                                  PID    Runtime      # DAGs    # Errors  Last Runtime    Last Run               Last # of DB Queries
-----------------------------------------  -----  ---------  --------  ----------  --------------  -------------------  ----------------------
/opt/airflow/dags/driven_data_pipeline.py                           0           1  1.27s           2025-07-01T21:20:33                       5
================================================================================
[2025-07-01T21:21:33.257+0000] {manager.py:997} INFO - 
================================================================================
DAG File Processing Stats

File Path                                  PID    Runtime      # DAGs    # Errors  Last Runtime    Last Run               Last # of DB Queries
-----------------------------------------  -----  ---------  --------  ----------  --------------  -------------------  ----------------------
/opt/airflow/dags/driven_data_pipeline.py                           0           1  0.18s           2025-07-01T21:21:03                       5
================================================================================
[2025-07-01T21:21:55.144+0000] {manager.py:821} INFO - Searching for files in /opt/airflow/dags
[2025-07-01T21:21:55.236+0000] {manager.py:824} INFO - There are 1 files in /opt/airflow/dags
[2025-07-01T21:22:03.467+0000] {manager.py:997} INFO - 
================================================================================
DAG File Processing Stats

File Path                                  PID    Runtime      # DAGs    # Errors  Last Runtime    Last Run               Last # of DB Queries
-----------------------------------------  -----  ---------  --------  ----------  --------------  -------------------  ----------------------
/opt/airflow/dags/driven_data_pipeline.py                           0           1  0.50s           2025-07-01T21:21:34                       5
================================================================================
[2025-07-01T21:22:34.138+0000] {manager.py:997} INFO - 
================================================================================
DAG File Processing Stats

File Path                                  PID    Runtime      # DAGs    # Errors  Last Runtime    Last Run               Last # of DB Queries
-----------------------------------------  -----  ---------  --------  ----------  --------------  -------------------  ----------------------
/opt/airflow/dags/driven_data_pipeline.py                           0           1  0.55s           2025-07-01T21:22:05                       5
================================================================================
[2025-07-01T21:23:04.571+0000] {manager.py:997} INFO - 
================================================================================
DAG File Processing Stats

File Path                                  PID    Runtime      # DAGs    # Errors  Last Runtime    Last Run               Last # of DB Queries
-----------------------------------------  -----  ---------  --------  ----------  --------------  -------------------  ----------------------
/opt/airflow/dags/driven_data_pipeline.py                           0           1  1.79s           2025-07-01T21:22:38                       5
================================================================================
[2025-07-01T21:23:35.164+0000] {manager.py:997} INFO - 
================================================================================
DAG File Processing Stats

File Path                                  PID    Runtime      # DAGs    # Errors  Last Runtime    Last Run               Last # of DB Queries
-----------------------------------------  -----  ---------  --------  ----------  --------------  -------------------  ----------------------
/opt/airflow/dags/driven_data_pipeline.py                           0           1  0.32s           2025-07-01T21:23:08                       5
================================================================================
[2025-07-01T21:24:05.676+0000] {manager.py:997} INFO - 
================================================================================
DAG File Processing Stats

File Path                                  PID    Runtime      # DAGs    # Errors  Last Runtime    Last Run               Last # of DB Queries
-----------------------------------------  -----  ---------  --------  ----------  --------------  -------------------  ----------------------
/opt/airflow/dags/driven_data_pipeline.py                           0           1  0.34s           2025-07-01T21:23:39                       5
================================================================================
[2025-07-01T21:24:36.218+0000] {manager.py:997} INFO - 
================================================================================
DAG File Processing Stats

File Path                                  PID    Runtime      # DAGs    # Errors  Last Runtime    Last Run               Last # of DB Queries
-----------------------------------------  -----  ---------  --------  ----------  --------------  -------------------  ----------------------
/opt/airflow/dags/driven_data_pipeline.py                           0           1  0.20s           2025-07-01T21:24:09                       5
================================================================================
[2025-07-01T21:25:06.622+0000] {manager.py:997} INFO - 
================================================================================
DAG File Processing Stats

File Path                                  PID    Runtime      # DAGs    # Errors  Last Runtime    Last Run               Last # of DB Queries
-----------------------------------------  -----  ---------  --------  ----------  --------------  -------------------  ----------------------
/opt/airflow/dags/driven_data_pipeline.py                           0           1  0.15s           2025-07-01T21:24:40                       5
================================================================================
[2025-07-01T21:25:37.101+0000] {manager.py:997} INFO - 
================================================================================
DAG File Processing Stats

File Path                                  PID    Runtime      # DAGs    # Errors  Last Runtime    Last Run               Last # of DB Queries
-----------------------------------------  -----  ---------  --------  ----------  --------------  -------------------  ----------------------
/opt/airflow/dags/driven_data_pipeline.py                           0           1  0.15s           2025-07-01T21:25:10                       5
================================================================================
[2025-07-01T21:26:07.459+0000] {manager.py:997} INFO - 
================================================================================
DAG File Processing Stats

File Path                                  PID    Runtime      # DAGs    # Errors  Last Runtime    Last Run               Last # of DB Queries
-----------------------------------------  -----  ---------  --------  ----------  --------------  -------------------  ----------------------
/opt/airflow/dags/driven_data_pipeline.py                           0           1  0.16s           2025-07-01T21:25:41                       5
================================================================================
[2025-07-01T21:26:37.906+0000] {manager.py:997} INFO - 
================================================================================
DAG File Processing Stats

File Path                                  PID    Runtime      # DAGs    # Errors  Last Runtime    Last Run               Last # of DB Queries
-----------------------------------------  -----  ---------  --------  ----------  --------------  -------------------  ----------------------
/opt/airflow/dags/driven_data_pipeline.py                           0           1  0.15s           2025-07-01T21:26:11                       5
================================================================================
[2025-07-01T21:26:55.167+0000] {manager.py:821} INFO - Searching for files in /opt/airflow/dags
[2025-07-01T21:26:55.205+0000] {manager.py:824} INFO - There are 1 files in /opt/airflow/dags
[2025-07-01T21:27:08.407+0000] {manager.py:997} INFO - 
================================================================================
DAG File Processing Stats

File Path                                  PID    Runtime      # DAGs    # Errors  Last Runtime    Last Run               Last # of DB Queries
-----------------------------------------  -----  ---------  --------  ----------  --------------  -------------------  ----------------------
/opt/airflow/dags/driven_data_pipeline.py                           0           1  0.20s           2025-07-01T21:26:42                       5
================================================================================
[2025-07-01T21:27:38.799+0000] {manager.py:997} INFO - 
================================================================================
DAG File Processing Stats

File Path                                  PID    Runtime      # DAGs    # Errors  Last Runtime    Last Run               Last # of DB Queries
-----------------------------------------  -----  ---------  --------  ----------  --------------  -------------------  ----------------------
/opt/airflow/dags/driven_data_pipeline.py                           0           1  0.15s           2025-07-01T21:27:12                       5
================================================================================
[2025-07-01T21:28:09.347+0000] {manager.py:997} INFO - 
================================================================================
DAG File Processing Stats

File Path                                  PID    Runtime      # DAGs    # Errors  Last Runtime    Last Run               Last # of DB Queries
-----------------------------------------  -----  ---------  --------  ----------  --------------  -------------------  ----------------------
/opt/airflow/dags/driven_data_pipeline.py                           0           1  0.17s           2025-07-01T21:27:43                       5
================================================================================
[2025-07-01T21:28:39.771+0000] {manager.py:997} INFO - 
================================================================================
DAG File Processing Stats

File Path                                  PID    Runtime      # DAGs    # Errors  Last Runtime    Last Run               Last # of DB Queries
-----------------------------------------  -----  ---------  --------  ----------  --------------  -------------------  ----------------------
/opt/airflow/dags/driven_data_pipeline.py                           0           1  0.21s           2025-07-01T21:28:13                       5
================================================================================
[2025-07-01T21:29:10.263+0000] {manager.py:997} INFO - 
================================================================================
DAG File Processing Stats

File Path                                  PID    Runtime      # DAGs    # Errors  Last Runtime    Last Run               Last # of DB Queries
-----------------------------------------  -----  ---------  --------  ----------  --------------  -------------------  ----------------------
/opt/airflow/dags/driven_data_pipeline.py                           0           1  0.15s           2025-07-01T21:28:43                       5
================================================================================
[2025-07-01T21:29:40.673+0000] {manager.py:997} INFO - 
================================================================================
DAG File Processing Stats

File Path                                  PID    Runtime      # DAGs    # Errors  Last Runtime    Last Run               Last # of DB Queries
-----------------------------------------  -----  ---------  --------  ----------  --------------  -------------------  ----------------------
/opt/airflow/dags/driven_data_pipeline.py                           0           1  0.18s           2025-07-01T21:29:14                       5
================================================================================
[2025-07-01T21:30:11.108+0000] {manager.py:997} INFO - 
================================================================================
DAG File Processing Stats

File Path                                  PID    Runtime      # DAGs    # Errors  Last Runtime    Last Run               Last # of DB Queries
-----------------------------------------  -----  ---------  --------  ----------  --------------  -------------------  ----------------------
/opt/airflow/dags/driven_data_pipeline.py                           0           1  0.21s           2025-07-01T21:29:44                       5
================================================================================
[2025-07-01T21:30:41.539+0000] {manager.py:997} INFO - 
================================================================================
DAG File Processing Stats

File Path                                  PID    Runtime      # DAGs    # Errors  Last Runtime    Last Run               Last # of DB Queries
-----------------------------------------  -----  ---------  --------  ----------  --------------  -------------------  ----------------------
/opt/airflow/dags/driven_data_pipeline.py                           0           1  0.16s           2025-07-01T21:30:15                       5
================================================================================
[2025-07-01T21:31:11.957+0000] {manager.py:997} INFO - 
================================================================================
DAG File Processing Stats

File Path                                  PID    Runtime      # DAGs    # Errors  Last Runtime    Last Run               Last # of DB Queries
-----------------------------------------  -----  ---------  --------  ----------  --------------  -------------------  ----------------------
/opt/airflow/dags/driven_data_pipeline.py                           0           1  0.15s           2025-07-01T21:30:45                       5
================================================================================
[2025-07-01T21:31:42.436+0000] {manager.py:997} INFO - 
================================================================================
DAG File Processing Stats

File Path                                  PID    Runtime      # DAGs    # Errors  Last Runtime    Last Run               Last # of DB Queries
-----------------------------------------  -----  ---------  --------  ----------  --------------  -------------------  ----------------------
/opt/airflow/dags/driven_data_pipeline.py                           0           1  0.21s           2025-07-01T21:31:16                       5
================================================================================
[2025-07-01T21:31:55.718+0000] {manager.py:821} INFO - Searching for files in /opt/airflow/dags
[2025-07-01T21:31:55.766+0000] {manager.py:824} INFO - There are 1 files in /opt/airflow/dags
[2025-07-01T21:32:13.017+0000] {manager.py:997} INFO - 
================================================================================
DAG File Processing Stats

File Path                                  PID    Runtime      # DAGs    # Errors  Last Runtime    Last Run               Last # of DB Queries
-----------------------------------------  -----  ---------  --------  ----------  --------------  -------------------  ----------------------
/opt/airflow/dags/driven_data_pipeline.py                           0           1  0.18s           2025-07-01T21:31:46                       5
================================================================================
[2025-07-01T21:32:43.487+0000] {manager.py:997} INFO - 
================================================================================
DAG File Processing Stats

File Path                                  PID    Runtime      # DAGs    # Errors  Last Runtime    Last Run               Last # of DB Queries
-----------------------------------------  -----  ---------  --------  ----------  --------------  -------------------  ----------------------
/opt/airflow/dags/driven_data_pipeline.py                           0           1  0.17s           2025-07-01T21:32:17                       5
================================================================================
[2025-07-01T21:33:13.943+0000] {manager.py:997} INFO - 
================================================================================
DAG File Processing Stats

File Path                                  PID    Runtime      # DAGs    # Errors  Last Runtime    Last Run               Last # of DB Queries
-----------------------------------------  -----  ---------  --------  ----------  --------------  -------------------  ----------------------
/opt/airflow/dags/driven_data_pipeline.py                           0           1  0.25s           2025-07-01T21:32:47                       5
================================================================================
[2025-07-01T21:33:44.461+0000] {manager.py:997} INFO - 
================================================================================
DAG File Processing Stats

File Path                                  PID    Runtime      # DAGs    # Errors  Last Runtime    Last Run               Last # of DB Queries
-----------------------------------------  -----  ---------  --------  ----------  --------------  -------------------  ----------------------
/opt/airflow/dags/driven_data_pipeline.py                           0           1  0.25s           2025-07-01T21:33:18                       5
================================================================================
[2025-07-01T21:34:14.954+0000] {manager.py:997} INFO - 
================================================================================
DAG File Processing Stats

File Path                                  PID    Runtime      # DAGs    # Errors  Last Runtime    Last Run               Last # of DB Queries
-----------------------------------------  -----  ---------  --------  ----------  --------------  -------------------  ----------------------
/opt/airflow/dags/driven_data_pipeline.py                           0           1  0.17s           2025-07-01T21:33:48                       5
================================================================================
[2025-07-01T21:34:45.566+0000] {manager.py:997} INFO - 
================================================================================
DAG File Processing Stats

File Path                                  PID    Runtime      # DAGs    # Errors  Last Runtime    Last Run               Last # of DB Queries
-----------------------------------------  -----  ---------  --------  ----------  --------------  -------------------  ----------------------
/opt/airflow/dags/driven_data_pipeline.py                           0           1  0.16s           2025-07-01T21:34:19                       5
================================================================================
[2025-07-01T21:35:15.958+0000] {manager.py:997} INFO - 
================================================================================
DAG File Processing Stats

File Path                                  PID    Runtime      # DAGs    # Errors  Last Runtime    Last Run               Last # of DB Queries
-----------------------------------------  -----  ---------  --------  ----------  --------------  -------------------  ----------------------
/opt/airflow/dags/driven_data_pipeline.py                           0           1  0.20s           2025-07-01T21:34:49                       5
================================================================================
[2025-07-01T21:35:46.475+0000] {manager.py:997} INFO - 
================================================================================
DAG File Processing Stats

File Path                                  PID    Runtime      # DAGs    # Errors  Last Runtime    Last Run               Last # of DB Queries
-----------------------------------------  -----  ---------  --------  ----------  --------------  -------------------  ----------------------
/opt/airflow/dags/driven_data_pipeline.py                           0           1  0.17s           2025-07-01T21:35:20                       5
================================================================================
[2025-07-01T21:36:16.849+0000] {manager.py:997} INFO - 
================================================================================
DAG File Processing Stats

File Path                                  PID    Runtime      # DAGs    # Errors  Last Runtime    Last Run               Last # of DB Queries
-----------------------------------------  -----  ---------  --------  ----------  --------------  -------------------  ----------------------
/opt/airflow/dags/driven_data_pipeline.py                           0           1  0.14s           2025-07-01T21:35:50                       5
================================================================================
[2025-07-01T21:36:47.327+0000] {manager.py:997} INFO - 
================================================================================
DAG File Processing Stats

File Path                                  PID    Runtime      # DAGs    # Errors  Last Runtime    Last Run               Last # of DB Queries
-----------------------------------------  -----  ---------  --------  ----------  --------------  -------------------  ----------------------
/opt/airflow/dags/driven_data_pipeline.py                           0           1  0.24s           2025-07-01T21:36:46                       5
================================================================================
[2025-07-01T21:36:56.458+0000] {manager.py:821} INFO - Searching for files in /opt/airflow/dags
[2025-07-01T21:36:56.538+0000] {manager.py:824} INFO - There are 1 files in /opt/airflow/dags
[2025-07-01T21:37:17.870+0000] {manager.py:997} INFO - 
================================================================================
DAG File Processing Stats

File Path                                  PID    Runtime      # DAGs    # Errors  Last Runtime    Last Run               Last # of DB Queries
-----------------------------------------  -----  ---------  --------  ----------  --------------  -------------------  ----------------------
/opt/airflow/dags/driven_data_pipeline.py                           0           1  0.19s           2025-07-01T21:37:17                       5
================================================================================
[2025-07-01T21:37:48.374+0000] {manager.py:997} INFO - 
================================================================================
DAG File Processing Stats

File Path                                  PID    Runtime      # DAGs    # Errors  Last Runtime    Last Run               Last # of DB Queries
-----------------------------------------  -----  ---------  --------  ----------  --------------  -------------------  ----------------------
/opt/airflow/dags/driven_data_pipeline.py                           0           1  0.15s           2025-07-01T21:37:47                       5
================================================================================
[2025-07-01T21:38:18.783+0000] {manager.py:997} INFO - 
================================================================================
DAG File Processing Stats

File Path                                  PID    Runtime      # DAGs    # Errors  Last Runtime    Last Run               Last # of DB Queries
-----------------------------------------  -----  ---------  --------  ----------  --------------  -------------------  ----------------------
/opt/airflow/dags/driven_data_pipeline.py                           0           1  0.14s           2025-07-01T21:38:17                       5
================================================================================
[2025-07-01T21:38:49.233+0000] {manager.py:997} INFO - 
================================================================================
DAG File Processing Stats

File Path                                  PID    Runtime      # DAGs    # Errors  Last Runtime    Last Run               Last # of DB Queries
-----------------------------------------  -----  ---------  --------  ----------  --------------  -------------------  ----------------------
/opt/airflow/dags/driven_data_pipeline.py                           0           1  0.15s           2025-07-01T21:38:48                       5
================================================================================
[2025-07-01T21:39:19.650+0000] {manager.py:997} INFO - 
================================================================================
DAG File Processing Stats

File Path                                  PID    Runtime      # DAGs    # Errors  Last Runtime    Last Run               Last # of DB Queries
-----------------------------------------  -----  ---------  --------  ----------  --------------  -------------------  ----------------------
/opt/airflow/dags/driven_data_pipeline.py                           0           1  0.21s           2025-07-01T21:39:18                       5
================================================================================
[2025-07-01T21:39:50.127+0000] {manager.py:997} INFO - 
================================================================================
DAG File Processing Stats

File Path                                  PID    Runtime      # DAGs    # Errors  Last Runtime    Last Run               Last # of DB Queries
-----------------------------------------  -----  ---------  --------  ----------  --------------  -------------------  ----------------------
/opt/airflow/dags/driven_data_pipeline.py                           0           1  0.16s           2025-07-01T21:39:49                       5
================================================================================
[2025-07-01T21:40:20.499+0000] {manager.py:997} INFO - 
================================================================================
DAG File Processing Stats

File Path                                  PID    Runtime      # DAGs    # Errors  Last Runtime    Last Run               Last # of DB Queries
-----------------------------------------  -----  ---------  --------  ----------  --------------  -------------------  ----------------------
/opt/airflow/dags/driven_data_pipeline.py                           0           1  0.18s           2025-07-01T21:40:19                       5
================================================================================
[2025-07-01T21:40:50.974+0000] {manager.py:997} INFO - 
================================================================================
DAG File Processing Stats

File Path                                  PID    Runtime      # DAGs    # Errors  Last Runtime    Last Run               Last # of DB Queries
-----------------------------------------  -----  ---------  --------  ----------  --------------  -------------------  ----------------------
/opt/airflow/dags/driven_data_pipeline.py                           0           1  0.16s           2025-07-01T21:40:50                       5
================================================================================
[2025-07-01T21:41:21.376+0000] {manager.py:997} INFO - 
================================================================================
DAG File Processing Stats

File Path                                  PID    Runtime      # DAGs    # Errors  Last Runtime    Last Run               Last # of DB Queries
-----------------------------------------  -----  ---------  --------  ----------  --------------  -------------------  ----------------------
/opt/airflow/dags/driven_data_pipeline.py                           0           1  0.16s           2025-07-01T21:41:20                       5
================================================================================
[2025-07-01T21:41:51.834+0000] {manager.py:997} INFO - 
================================================================================
DAG File Processing Stats

File Path                                  PID    Runtime      # DAGs    # Errors  Last Runtime    Last Run               Last # of DB Queries
-----------------------------------------  -----  ---------  --------  ----------  --------------  -------------------  ----------------------
/opt/airflow/dags/driven_data_pipeline.py                           0           1  0.23s           2025-07-01T21:41:51                       5
================================================================================
[2025-07-01T21:41:56.897+0000] {manager.py:821} INFO - Searching for files in /opt/airflow/dags
[2025-07-01T21:41:56.955+0000] {manager.py:824} INFO - There are 1 files in /opt/airflow/dags
[2025-07-01T21:42:22.310+0000] {manager.py:997} INFO - 
================================================================================
DAG File Processing Stats

File Path                                  PID    Runtime      # DAGs    # Errors  Last Runtime    Last Run               Last # of DB Queries
-----------------------------------------  -----  ---------  --------  ----------  --------------  -------------------  ----------------------
/opt/airflow/dags/driven_data_pipeline.py                           0           1  0.13s           2025-07-01T21:42:21                       5
================================================================================
[2025-07-01T21:42:52.750+0000] {manager.py:997} INFO - 
================================================================================
DAG File Processing Stats

File Path                                  PID    Runtime      # DAGs    # Errors  Last Runtime    Last Run               Last # of DB Queries
-----------------------------------------  -----  ---------  --------  ----------  --------------  -------------------  ----------------------
/opt/airflow/dags/driven_data_pipeline.py                           0           1  0.14s           2025-07-01T21:42:51                       5
================================================================================
[2025-07-01T21:43:23.164+0000] {manager.py:997} INFO - 
================================================================================
DAG File Processing Stats

File Path                                  PID    Runtime      # DAGs    # Errors  Last Runtime    Last Run               Last # of DB Queries
-----------------------------------------  -----  ---------  --------  ----------  --------------  -------------------  ----------------------
/opt/airflow/dags/driven_data_pipeline.py                           0           1  0.13s           2025-07-01T21:43:22                       5
================================================================================
[2025-07-01T21:43:53.563+0000] {manager.py:997} INFO - 
================================================================================
DAG File Processing Stats

File Path                                  PID    Runtime      # DAGs    # Errors  Last Runtime    Last Run               Last # of DB Queries
-----------------------------------------  -----  ---------  --------  ----------  --------------  -------------------  ----------------------
/opt/airflow/dags/driven_data_pipeline.py                           0           1  0.16s           2025-07-01T21:43:52                       5
================================================================================
[2025-07-01T21:44:24.005+0000] {manager.py:997} INFO - 
================================================================================
DAG File Processing Stats

File Path                                  PID    Runtime      # DAGs    # Errors  Last Runtime    Last Run               Last # of DB Queries
-----------------------------------------  -----  ---------  --------  ----------  --------------  -------------------  ----------------------
/opt/airflow/dags/driven_data_pipeline.py                           0           1  0.18s           2025-07-01T21:44:23                       5
================================================================================
[2025-07-01T21:44:54.420+0000] {manager.py:997} INFO - 
================================================================================
DAG File Processing Stats

File Path                                  PID    Runtime      # DAGs    # Errors  Last Runtime    Last Run               Last # of DB Queries
-----------------------------------------  -----  ---------  --------  ----------  --------------  -------------------  ----------------------
/opt/airflow/dags/driven_data_pipeline.py                           0           1  0.15s           2025-07-01T21:44:53                       5
================================================================================
[2025-07-01T21:45:24.802+0000] {manager.py:997} INFO - 
================================================================================
DAG File Processing Stats

File Path                                  PID    Runtime      # DAGs    # Errors  Last Runtime    Last Run               Last # of DB Queries
-----------------------------------------  -----  ---------  --------  ----------  --------------  -------------------  ----------------------
/opt/airflow/dags/driven_data_pipeline.py                           0           1  0.18s           2025-07-01T21:45:23                       5
================================================================================
[2025-07-01T21:45:55.297+0000] {manager.py:997} INFO - 
================================================================================
DAG File Processing Stats

File Path                                  PID    Runtime      # DAGs    # Errors  Last Runtime    Last Run               Last # of DB Queries
-----------------------------------------  -----  ---------  --------  ----------  --------------  -------------------  ----------------------
/opt/airflow/dags/driven_data_pipeline.py                           0           1  0.19s           2025-07-01T21:45:54                       5
================================================================================
[2025-07-01T21:46:25.717+0000] {manager.py:997} INFO - 
================================================================================
DAG File Processing Stats

File Path                                  PID    Runtime      # DAGs    # Errors  Last Runtime    Last Run               Last # of DB Queries
-----------------------------------------  -----  ---------  --------  ----------  --------------  -------------------  ----------------------
/opt/airflow/dags/driven_data_pipeline.py                           0           1  0.17s           2025-07-01T21:46:24                       5
================================================================================
[2025-07-01T21:46:56.202+0000] {manager.py:997} INFO - 
================================================================================
DAG File Processing Stats

File Path                                  PID    Runtime      # DAGs    # Errors  Last Runtime    Last Run               Last # of DB Queries
-----------------------------------------  -----  ---------  --------  ----------  --------------  -------------------  ----------------------
/opt/airflow/dags/driven_data_pipeline.py                           0           1  0.24s           2025-07-01T21:46:55                       5
================================================================================
[2025-07-01T21:46:57.209+0000] {manager.py:821} INFO - Searching for files in /opt/airflow/dags
[2025-07-01T21:46:57.240+0000] {manager.py:824} INFO - There are 1 files in /opt/airflow/dags
[2025-07-01T21:47:26.728+0000] {manager.py:997} INFO - 
================================================================================
DAG File Processing Stats

File Path                                  PID    Runtime      # DAGs    # Errors  Last Runtime    Last Run               Last # of DB Queries
-----------------------------------------  -----  ---------  --------  ----------  --------------  -------------------  ----------------------
/opt/airflow/dags/driven_data_pipeline.py                           0           1  0.28s           2025-07-01T21:47:25                       5
================================================================================
[2025-07-01T21:47:57.294+0000] {manager.py:997} INFO - 
================================================================================
DAG File Processing Stats

File Path                                  PID    Runtime      # DAGs    # Errors  Last Runtime    Last Run               Last # of DB Queries
-----------------------------------------  -----  ---------  --------  ----------  --------------  -------------------  ----------------------
/opt/airflow/dags/driven_data_pipeline.py                           0           1  0.27s           2025-07-01T21:47:56                       5
================================================================================
[2025-07-01T21:48:27.780+0000] {manager.py:997} INFO - 
================================================================================
DAG File Processing Stats

File Path                                  PID    Runtime      # DAGs    # Errors  Last Runtime    Last Run               Last # of DB Queries
-----------------------------------------  -----  ---------  --------  ----------  --------------  -------------------  ----------------------
/opt/airflow/dags/driven_data_pipeline.py                           0           1  0.25s           2025-07-01T21:48:26                       5
================================================================================
[2025-07-01T21:48:58.309+0000] {manager.py:997} INFO - 
================================================================================
DAG File Processing Stats

File Path                                  PID    Runtime      # DAGs    # Errors  Last Runtime    Last Run               Last # of DB Queries
-----------------------------------------  -----  ---------  --------  ----------  --------------  -------------------  ----------------------
/opt/airflow/dags/driven_data_pipeline.py                           0           1  0.20s           2025-07-01T21:48:57                       5
================================================================================
[2025-07-01T21:49:28.756+0000] {manager.py:997} INFO - 
================================================================================
DAG File Processing Stats

File Path                                  PID    Runtime      # DAGs    # Errors  Last Runtime    Last Run               Last # of DB Queries
-----------------------------------------  -----  ---------  --------  ----------  --------------  -------------------  ----------------------
/opt/airflow/dags/driven_data_pipeline.py                           0           1  0.22s           2025-07-01T21:49:27                       5
================================================================================
[2025-07-01T21:49:59.252+0000] {manager.py:997} INFO - 
================================================================================
DAG File Processing Stats

File Path                                  PID    Runtime      # DAGs    # Errors  Last Runtime    Last Run               Last # of DB Queries
-----------------------------------------  -----  ---------  --------  ----------  --------------  -------------------  ----------------------
/opt/airflow/dags/driven_data_pipeline.py                           0           1  0.23s           2025-07-01T21:49:58                       5
================================================================================
[2025-07-01T21:50:29.627+0000] {manager.py:997} INFO - 
================================================================================
DAG File Processing Stats

File Path                                  PID    Runtime      # DAGs    # Errors  Last Runtime    Last Run               Last # of DB Queries
-----------------------------------------  -----  ---------  --------  ----------  --------------  -------------------  ----------------------
/opt/airflow/dags/driven_data_pipeline.py                           0           1  0.15s           2025-07-01T21:50:28                       5
================================================================================
[2025-07-01T21:51:00.023+0000] {manager.py:997} INFO - 
================================================================================
DAG File Processing Stats

File Path                                  PID    Runtime      # DAGs    # Errors  Last Runtime    Last Run               Last # of DB Queries
-----------------------------------------  -----  ---------  --------  ----------  --------------  -------------------  ----------------------
/opt/airflow/dags/driven_data_pipeline.py                           0           1  0.19s           2025-07-01T21:50:59                       5
================================================================================
[2025-07-01T21:51:30.456+0000] {manager.py:997} INFO - 
================================================================================
DAG File Processing Stats

File Path                                  PID    Runtime      # DAGs    # Errors  Last Runtime    Last Run               Last # of DB Queries
-----------------------------------------  -----  ---------  --------  ----------  --------------  -------------------  ----------------------
/opt/airflow/dags/driven_data_pipeline.py                           0           1  0.15s           2025-07-01T21:51:29                       5
================================================================================
[2025-07-01T21:51:57.777+0000] {manager.py:821} INFO - Searching for files in /opt/airflow/dags
[2025-07-01T21:51:57.824+0000] {manager.py:824} INFO - There are 1 files in /opt/airflow/dags
[2025-07-01T21:52:00.910+0000] {manager.py:997} INFO - 
================================================================================
DAG File Processing Stats

File Path                                  PID    Runtime      # DAGs    # Errors  Last Runtime    Last Run               Last # of DB Queries
-----------------------------------------  -----  ---------  --------  ----------  --------------  -------------------  ----------------------
/opt/airflow/dags/driven_data_pipeline.py                           0           1  0.13s           2025-07-01T21:52:00                       5
================================================================================
[2025-07-01T21:52:31.360+0000] {manager.py:997} INFO - 
================================================================================
DAG File Processing Stats

File Path                                  PID    Runtime      # DAGs    # Errors  Last Runtime    Last Run               Last # of DB Queries
-----------------------------------------  -----  ---------  --------  ----------  --------------  -------------------  ----------------------
/opt/airflow/dags/driven_data_pipeline.py                           0           1  0.23s           2025-07-01T21:52:30                       5
================================================================================
[2025-07-01T21:53:01.769+0000] {manager.py:997} INFO - 
================================================================================
DAG File Processing Stats

File Path                                  PID    Runtime      # DAGs    # Errors  Last Runtime    Last Run               Last # of DB Queries
-----------------------------------------  -----  ---------  --------  ----------  --------------  -------------------  ----------------------
/opt/airflow/dags/driven_data_pipeline.py                           0           1  0.19s           2025-07-01T21:53:00                       5
================================================================================
[2025-07-01T21:53:32.284+0000] {manager.py:997} INFO - 
================================================================================
DAG File Processing Stats

File Path                                  PID    Runtime      # DAGs    # Errors  Last Runtime    Last Run               Last # of DB Queries
-----------------------------------------  -----  ---------  --------  ----------  --------------  -------------------  ----------------------
/opt/airflow/dags/driven_data_pipeline.py                           0           1  0.21s           2025-07-01T21:53:31                       5
================================================================================
[2025-07-01T21:54:02.666+0000] {manager.py:997} INFO - 
================================================================================
DAG File Processing Stats

File Path                                  PID    Runtime      # DAGs    # Errors  Last Runtime    Last Run               Last # of DB Queries
-----------------------------------------  -----  ---------  --------  ----------  --------------  -------------------  ----------------------
/opt/airflow/dags/driven_data_pipeline.py                           0           1  0.15s           2025-07-01T21:54:01                       5
================================================================================
[2025-07-01T21:54:33.079+0000] {manager.py:997} INFO - 
================================================================================
DAG File Processing Stats

File Path                                  PID    Runtime      # DAGs    # Errors  Last Runtime    Last Run               Last # of DB Queries
-----------------------------------------  -----  ---------  --------  ----------  --------------  -------------------  ----------------------
/opt/airflow/dags/driven_data_pipeline.py                           0           1  0.13s           2025-07-01T21:54:32                       5
================================================================================
[2025-07-01T21:55:03.473+0000] {manager.py:997} INFO - 
================================================================================
DAG File Processing Stats

File Path                                  PID    Runtime      # DAGs    # Errors  Last Runtime    Last Run               Last # of DB Queries
-----------------------------------------  -----  ---------  --------  ----------  --------------  -------------------  ----------------------
/opt/airflow/dags/driven_data_pipeline.py                           0           1  0.18s           2025-07-01T21:55:02                       5
================================================================================
[2025-07-01T21:55:33.844+0000] {manager.py:997} INFO - 
================================================================================
DAG File Processing Stats

File Path                                  PID    Runtime      # DAGs    # Errors  Last Runtime    Last Run               Last # of DB Queries
-----------------------------------------  -----  ---------  --------  ----------  --------------  -------------------  ----------------------
/opt/airflow/dags/driven_data_pipeline.py                           0           1  0.13s           2025-07-01T21:55:32                       5
================================================================================
[2025-07-01T21:56:04.241+0000] {manager.py:997} INFO - 
================================================================================
DAG File Processing Stats

File Path                                  PID    Runtime      # DAGs    # Errors  Last Runtime    Last Run               Last # of DB Queries
-----------------------------------------  -----  ---------  --------  ----------  --------------  -------------------  ----------------------
/opt/airflow/dags/driven_data_pipeline.py                           0           1  0.14s           2025-07-01T21:56:03                       5
================================================================================
[2025-07-01T21:56:34.679+0000] {manager.py:997} INFO - 
================================================================================
DAG File Processing Stats

File Path                                  PID    Runtime      # DAGs    # Errors  Last Runtime    Last Run               Last # of DB Queries
-----------------------------------------  -----  ---------  --------  ----------  --------------  -------------------  ----------------------
/opt/airflow/dags/driven_data_pipeline.py                           0           1  0.16s           2025-07-01T21:56:33                       5
================================================================================
[2025-07-01T21:56:57.921+0000] {manager.py:821} INFO - Searching for files in /opt/airflow/dags
[2025-07-01T21:56:57.959+0000] {manager.py:824} INFO - There are 1 files in /opt/airflow/dags
[2025-07-01T21:57:05.082+0000] {manager.py:997} INFO - 
================================================================================
DAG File Processing Stats

File Path                                  PID    Runtime      # DAGs    # Errors  Last Runtime    Last Run               Last # of DB Queries
-----------------------------------------  -----  ---------  --------  ----------  --------------  -------------------  ----------------------
/opt/airflow/dags/driven_data_pipeline.py                           0           1  0.18s           2025-07-01T21:57:04                       5
================================================================================
[2025-07-01T21:57:35.583+0000] {manager.py:997} INFO - 
================================================================================
DAG File Processing Stats

File Path                                  PID    Runtime      # DAGs    # Errors  Last Runtime    Last Run               Last # of DB Queries
-----------------------------------------  -----  ---------  --------  ----------  --------------  -------------------  ----------------------
/opt/airflow/dags/driven_data_pipeline.py                           0           1  0.27s           2025-07-01T21:57:34                       5
================================================================================
[2025-07-01T21:58:06.074+0000] {manager.py:997} INFO - 
================================================================================
DAG File Processing Stats

File Path                                  PID    Runtime      # DAGs    # Errors  Last Runtime    Last Run               Last # of DB Queries
-----------------------------------------  -----  ---------  --------  ----------  --------------  -------------------  ----------------------
/opt/airflow/dags/driven_data_pipeline.py                           0           1  0.18s           2025-07-01T21:58:05                       5
================================================================================
[2025-07-01T21:58:36.543+0000] {manager.py:997} INFO - 
================================================================================
DAG File Processing Stats

File Path                                  PID    Runtime      # DAGs    # Errors  Last Runtime    Last Run               Last # of DB Queries
-----------------------------------------  -----  ---------  --------  ----------  --------------  -------------------  ----------------------
/opt/airflow/dags/driven_data_pipeline.py                           0           1  0.41s           2025-07-01T21:58:35                       5
================================================================================
[2025-07-01T21:59:06.899+0000] {manager.py:997} INFO - 
================================================================================
DAG File Processing Stats

File Path                                  PID    Runtime      # DAGs    # Errors  Last Runtime    Last Run               Last # of DB Queries
-----------------------------------------  -----  ---------  --------  ----------  --------------  -------------------  ----------------------
/opt/airflow/dags/driven_data_pipeline.py                           0           1  0.26s           2025-07-01T21:59:06                       5
================================================================================
[2025-07-01T21:59:37.254+0000] {manager.py:997} INFO - 
================================================================================
DAG File Processing Stats

File Path                                  PID    Runtime      # DAGs    # Errors  Last Runtime    Last Run               Last # of DB Queries
-----------------------------------------  -----  ---------  --------  ----------  --------------  -------------------  ----------------------
/opt/airflow/dags/driven_data_pipeline.py                           0           1  0.14s           2025-07-01T21:59:36                       5
================================================================================
[2025-07-01T22:00:07.755+0000] {manager.py:997} INFO - 
================================================================================
DAG File Processing Stats

File Path                                  PID    Runtime      # DAGs    # Errors  Last Runtime    Last Run               Last # of DB Queries
-----------------------------------------  -----  ---------  --------  ----------  --------------  -------------------  ----------------------
/opt/airflow/dags/driven_data_pipeline.py                           0           1  0.17s           2025-07-01T22:00:06                       5
================================================================================
[2025-07-01T22:00:38.127+0000] {manager.py:997} INFO - 
================================================================================
DAG File Processing Stats

File Path                                  PID    Runtime      # DAGs    # Errors  Last Runtime    Last Run               Last # of DB Queries
-----------------------------------------  -----  ---------  --------  ----------  --------------  -------------------  ----------------------
/opt/airflow/dags/driven_data_pipeline.py                           0           1  0.14s           2025-07-01T22:00:37                       5
================================================================================
[2025-07-01T22:01:08.586+0000] {manager.py:997} INFO - 
================================================================================
DAG File Processing Stats

File Path                                  PID    Runtime      # DAGs    # Errors  Last Runtime    Last Run               Last # of DB Queries
-----------------------------------------  -----  ---------  --------  ----------  --------------  -------------------  ----------------------
/opt/airflow/dags/driven_data_pipeline.py                           0           1  0.18s           2025-07-01T22:01:07                       5
================================================================================
[2025-07-01T22:01:38.984+0000] {manager.py:997} INFO - 
================================================================================
DAG File Processing Stats

File Path                                  PID    Runtime      # DAGs    # Errors  Last Runtime    Last Run               Last # of DB Queries
-----------------------------------------  -----  ---------  --------  ----------  --------------  -------------------  ----------------------
/opt/airflow/dags/driven_data_pipeline.py                           0           1  0.22s           2025-07-01T22:01:38                       5
================================================================================
[2025-07-01T22:01:58.194+0000] {manager.py:821} INFO - Searching for files in /opt/airflow/dags
[2025-07-01T22:01:58.229+0000] {manager.py:824} INFO - There are 1 files in /opt/airflow/dags
[2025-07-01T22:02:09.464+0000] {manager.py:997} INFO - 
================================================================================
DAG File Processing Stats

File Path                                  PID    Runtime      # DAGs    # Errors  Last Runtime    Last Run               Last # of DB Queries
-----------------------------------------  -----  ---------  --------  ----------  --------------  -------------------  ----------------------
/opt/airflow/dags/driven_data_pipeline.py                           0           1  0.13s           2025-07-01T22:02:08                       5
================================================================================
[2025-07-01T22:02:43.915+0000] {manager.py:997} INFO - 
================================================================================
DAG File Processing Stats

File Path                                    PID  Runtime      # DAGs    # Errors  Last Runtime    Last Run               Last # of DB Queries
-----------------------------------------  -----  ---------  --------  ----------  --------------  -------------------  ----------------------
/opt/airflow/dags/driven_data_pipeline.py    702  3.31s             0           1  0.13s           2025-07-01T22:02:08                       5
================================================================================
[2025-07-01T22:03:14.586+0000] {manager.py:997} INFO - 
================================================================================
DAG File Processing Stats

File Path                                    PID  Runtime      # DAGs    # Errors  Last Runtime    Last Run               Last # of DB Queries
-----------------------------------------  -----  ---------  --------  ----------  --------------  -------------------  ----------------------
/opt/airflow/dags/driven_data_pipeline.py    709  0.01s             0           1  3.50s           2025-07-01T22:02:44                       5
================================================================================
[2025-07-01T22:03:45.061+0000] {manager.py:997} INFO - 
================================================================================
DAG File Processing Stats

File Path                                    PID  Runtime      # DAGs    # Errors  Last Runtime    Last Run               Last # of DB Queries
-----------------------------------------  -----  ---------  --------  ----------  --------------  -------------------  ----------------------
/opt/airflow/dags/driven_data_pipeline.py    717  0.01s             0           1  0.18s           2025-07-01T22:03:14                       5
================================================================================
[2025-07-01T22:04:15.524+0000] {manager.py:997} INFO - 
================================================================================
DAG File Processing Stats

File Path                                    PID  Runtime      # DAGs    # Errors  Last Runtime    Last Run               Last # of DB Queries
-----------------------------------------  -----  ---------  --------  ----------  --------------  -------------------  ----------------------
/opt/airflow/dags/driven_data_pipeline.py    724  0.02s             0           1  0.19s           2025-07-01T22:03:45                       5
================================================================================
[2025-07-01T22:04:46.041+0000] {manager.py:997} INFO - 
================================================================================
DAG File Processing Stats

File Path                                    PID  Runtime      # DAGs    # Errors  Last Runtime    Last Run               Last # of DB Queries
-----------------------------------------  -----  ---------  --------  ----------  --------------  -------------------  ----------------------
/opt/airflow/dags/driven_data_pipeline.py    731  0.02s             0           1  0.25s           2025-07-01T22:04:15                       5
================================================================================
[2025-07-01T22:05:16.517+0000] {manager.py:997} INFO - 
================================================================================
DAG File Processing Stats

File Path                                    PID  Runtime      # DAGs    # Errors  Last Runtime    Last Run               Last # of DB Queries
-----------------------------------------  -----  ---------  --------  ----------  --------------  -------------------  ----------------------
/opt/airflow/dags/driven_data_pipeline.py    744  0.01s             0           1  0.21s           2025-07-01T22:04:46                       5
================================================================================
[2025-07-01T22:05:46.956+0000] {manager.py:997} INFO - 
================================================================================
DAG File Processing Stats

File Path                                    PID  Runtime      # DAGs    # Errors  Last Runtime    Last Run               Last # of DB Queries
-----------------------------------------  -----  ---------  --------  ----------  --------------  -------------------  ----------------------
/opt/airflow/dags/driven_data_pipeline.py    751  0.04s             0           1  0.18s           2025-07-01T22:05:16                       5
================================================================================
[2025-07-01T22:06:17.390+0000] {manager.py:997} INFO - 
================================================================================
DAG File Processing Stats

File Path                                    PID  Runtime      # DAGs    # Errors  Last Runtime    Last Run               Last # of DB Queries
-----------------------------------------  -----  ---------  --------  ----------  --------------  -------------------  ----------------------
/opt/airflow/dags/driven_data_pipeline.py    758  0.01s             0           1  0.30s           2025-07-01T22:05:47                       5
================================================================================
[2025-07-01T22:06:47.924+0000] {manager.py:997} INFO - 
================================================================================
DAG File Processing Stats

File Path                                    PID  Runtime      # DAGs    # Errors  Last Runtime    Last Run               Last # of DB Queries
-----------------------------------------  -----  ---------  --------  ----------  --------------  -------------------  ----------------------
/opt/airflow/dags/driven_data_pipeline.py    765  0.01s             0           1  0.17s           2025-07-01T22:06:17                       5
================================================================================
[2025-07-01T22:06:59.068+0000] {manager.py:821} INFO - Searching for files in /opt/airflow/dags
[2025-07-01T22:06:59.113+0000] {manager.py:824} INFO - There are 1 files in /opt/airflow/dags
[2025-07-01T22:07:18.402+0000] {manager.py:997} INFO - 
================================================================================
DAG File Processing Stats

File Path                                    PID  Runtime      # DAGs    # Errors  Last Runtime    Last Run               Last # of DB Queries
-----------------------------------------  -----  ---------  --------  ----------  --------------  -------------------  ----------------------
/opt/airflow/dags/driven_data_pipeline.py    772  0.01s             0           1  0.15s           2025-07-01T22:06:48                       5
================================================================================
[2025-07-01T22:07:48.758+0000] {manager.py:997} INFO - 
================================================================================
DAG File Processing Stats

File Path                                    PID  Runtime      # DAGs    # Errors  Last Runtime    Last Run               Last # of DB Queries
-----------------------------------------  -----  ---------  --------  ----------  --------------  -------------------  ----------------------
/opt/airflow/dags/driven_data_pipeline.py    779  0.01s             0           1  0.13s           2025-07-01T22:07:18                       5
================================================================================
[2025-07-01T22:08:19.197+0000] {manager.py:997} INFO - 
================================================================================
DAG File Processing Stats

File Path                                    PID  Runtime      # DAGs    # Errors  Last Runtime    Last Run               Last # of DB Queries
-----------------------------------------  -----  ---------  --------  ----------  --------------  -------------------  ----------------------
/opt/airflow/dags/driven_data_pipeline.py    786  0.01s             0           1  0.36s           2025-07-01T22:07:49                       5
================================================================================
[2025-07-01T22:08:49.579+0000] {manager.py:997} INFO - 
================================================================================
DAG File Processing Stats

File Path                                    PID  Runtime      # DAGs    # Errors  Last Runtime    Last Run               Last # of DB Queries
-----------------------------------------  -----  ---------  --------  ----------  --------------  -------------------  ----------------------
/opt/airflow/dags/driven_data_pipeline.py    793  0.01s             0           1  0.19s           2025-07-01T22:08:19                       5
================================================================================
[2025-07-01T22:09:20.059+0000] {manager.py:997} INFO - 
================================================================================
DAG File Processing Stats

File Path                                    PID  Runtime      # DAGs    # Errors  Last Runtime    Last Run               Last # of DB Queries
-----------------------------------------  -----  ---------  --------  ----------  --------------  -------------------  ----------------------
/opt/airflow/dags/driven_data_pipeline.py    800  0.02s             0           1  0.20s           2025-07-01T22:08:49                       5
================================================================================
[2025-07-01T22:09:50.487+0000] {manager.py:997} INFO - 
================================================================================
DAG File Processing Stats

File Path                                    PID  Runtime      # DAGs    # Errors  Last Runtime    Last Run               Last # of DB Queries
-----------------------------------------  -----  ---------  --------  ----------  --------------  -------------------  ----------------------
/opt/airflow/dags/driven_data_pipeline.py    807  0.01s             0           1  0.31s           2025-07-01T22:09:20                       5
================================================================================
[2025-07-01T22:10:20.842+0000] {manager.py:997} INFO - 
================================================================================
DAG File Processing Stats

File Path                                    PID  Runtime      # DAGs    # Errors  Last Runtime    Last Run               Last # of DB Queries
-----------------------------------------  -----  ---------  --------  ----------  --------------  -------------------  ----------------------
/opt/airflow/dags/driven_data_pipeline.py    815  0.01s             0           1  0.17s           2025-07-01T22:09:50                       5
================================================================================
[2025-07-01T22:10:51.221+0000] {manager.py:997} INFO - 
================================================================================
DAG File Processing Stats

File Path                                    PID  Runtime      # DAGs    # Errors  Last Runtime    Last Run               Last # of DB Queries
-----------------------------------------  -----  ---------  --------  ----------  --------------  -------------------  ----------------------
/opt/airflow/dags/driven_data_pipeline.py    822  0.01s             0           1  0.16s           2025-07-01T22:10:20                       5
================================================================================
[2025-07-01T22:11:21.596+0000] {manager.py:997} INFO - 
================================================================================
DAG File Processing Stats

File Path                                    PID  Runtime      # DAGs    # Errors  Last Runtime    Last Run               Last # of DB Queries
-----------------------------------------  -----  ---------  --------  ----------  --------------  -------------------  ----------------------
/opt/airflow/dags/driven_data_pipeline.py    829  0.01s             0           1  0.14s           2025-07-01T22:10:51                       5
================================================================================
[2025-07-01T22:11:52.030+0000] {manager.py:997} INFO - 
================================================================================
DAG File Processing Stats

File Path                                    PID  Runtime      # DAGs    # Errors  Last Runtime    Last Run               Last # of DB Queries
-----------------------------------------  -----  ---------  --------  ----------  --------------  -------------------  ----------------------
/opt/airflow/dags/driven_data_pipeline.py    836  0.01s             0           1  0.19s           2025-07-01T22:11:21                       5
================================================================================
[2025-07-01T22:11:59.183+0000] {manager.py:821} INFO - Searching for files in /opt/airflow/dags
[2025-07-01T22:11:59.233+0000] {manager.py:824} INFO - There are 1 files in /opt/airflow/dags
[2025-07-01T22:12:22.576+0000] {manager.py:997} INFO - 
================================================================================
DAG File Processing Stats

File Path                                  PID    Runtime      # DAGs    # Errors  Last Runtime    Last Run               Last # of DB Queries
-----------------------------------------  -----  ---------  --------  ----------  --------------  -------------------  ----------------------
/opt/airflow/dags/driven_data_pipeline.py                           0           1  0.19s           2025-07-01T22:12:13                       5
================================================================================
[2025-07-01T22:12:53.070+0000] {manager.py:997} INFO - 
================================================================================
DAG File Processing Stats

File Path                                  PID    Runtime      # DAGs    # Errors  Last Runtime    Last Run               Last # of DB Queries
-----------------------------------------  -----  ---------  --------  ----------  --------------  -------------------  ----------------------
/opt/airflow/dags/driven_data_pipeline.py                           0           1  0.15s           2025-07-01T22:12:44                       5
================================================================================
[2025-07-01T22:13:23.547+0000] {manager.py:997} INFO - 
================================================================================
DAG File Processing Stats

File Path                                  PID    Runtime      # DAGs    # Errors  Last Runtime    Last Run               Last # of DB Queries
-----------------------------------------  -----  ---------  --------  ----------  --------------  -------------------  ----------------------
/opt/airflow/dags/driven_data_pipeline.py                           0           1  0.19s           2025-07-01T22:13:14                       5
================================================================================
[2025-07-01T22:13:53.963+0000] {manager.py:997} INFO - 
================================================================================
DAG File Processing Stats

File Path                                  PID    Runtime      # DAGs    # Errors  Last Runtime    Last Run               Last # of DB Queries
-----------------------------------------  -----  ---------  --------  ----------  --------------  -------------------  ----------------------
/opt/airflow/dags/driven_data_pipeline.py                           0           1  0.13s           2025-07-01T22:13:44                       5
================================================================================
[2025-07-01T22:14:24.393+0000] {manager.py:997} INFO - 
================================================================================
DAG File Processing Stats

File Path                                  PID    Runtime      # DAGs    # Errors  Last Runtime    Last Run               Last # of DB Queries
-----------------------------------------  -----  ---------  --------  ----------  --------------  -------------------  ----------------------
/opt/airflow/dags/driven_data_pipeline.py                           0           1  0.13s           2025-07-01T22:14:15                       5
================================================================================
[2025-07-01T22:14:54.902+0000] {manager.py:997} INFO - 
================================================================================
DAG File Processing Stats

File Path                                  PID    Runtime      # DAGs    # Errors  Last Runtime    Last Run               Last # of DB Queries
-----------------------------------------  -----  ---------  --------  ----------  --------------  -------------------  ----------------------
/opt/airflow/dags/driven_data_pipeline.py                           0           1  0.15s           2025-07-01T22:14:45                       5
================================================================================
[2025-07-01T22:15:25.391+0000] {manager.py:997} INFO - 
================================================================================
DAG File Processing Stats

File Path                                  PID    Runtime      # DAGs    # Errors  Last Runtime    Last Run               Last # of DB Queries
-----------------------------------------  -----  ---------  --------  ----------  --------------  -------------------  ----------------------
/opt/airflow/dags/driven_data_pipeline.py                           0           1  0.20s           2025-07-01T22:15:16                       5
================================================================================
[2025-07-01T22:15:55.843+0000] {manager.py:997} INFO - 
================================================================================
DAG File Processing Stats

File Path                                  PID    Runtime      # DAGs    # Errors  Last Runtime    Last Run               Last # of DB Queries
-----------------------------------------  -----  ---------  --------  ----------  --------------  -------------------  ----------------------
/opt/airflow/dags/driven_data_pipeline.py                           0           1  0.23s           2025-07-01T22:15:46                       5
================================================================================
[2025-07-01T22:16:26.387+0000] {manager.py:997} INFO - 
================================================================================
DAG File Processing Stats

File Path                                  PID    Runtime      # DAGs    # Errors  Last Runtime    Last Run               Last # of DB Queries
-----------------------------------------  -----  ---------  --------  ----------  --------------  -------------------  ----------------------
/opt/airflow/dags/driven_data_pipeline.py                           0           1  0.32s           2025-07-01T22:16:17                       5
================================================================================
[2025-07-01T22:16:56.902+0000] {manager.py:997} INFO - 
================================================================================
DAG File Processing Stats

File Path                                  PID    Runtime      # DAGs    # Errors  Last Runtime    Last Run               Last # of DB Queries
-----------------------------------------  -----  ---------  --------  ----------  --------------  -------------------  ----------------------
/opt/airflow/dags/driven_data_pipeline.py                           0           1  0.24s           2025-07-01T22:16:47                       5
================================================================================
[2025-07-01T22:16:59.930+0000] {manager.py:821} INFO - Searching for files in /opt/airflow/dags
[2025-07-01T22:17:00.005+0000] {manager.py:824} INFO - There are 1 files in /opt/airflow/dags
[2025-07-01T22:19:51.415+0000] {manager.py:483} INFO - Processing files using up to 2 processes at a time 
[2025-07-01T22:19:51.422+0000] {manager.py:484} INFO - Process each file at most once every 30 seconds
[2025-07-01T22:19:51.423+0000] {manager.py:485} INFO - Checking for new files in /opt/airflow/dags every 300 seconds
[2025-07-01T22:19:51.424+0000] {manager.py:821} INFO - Searching for files in /opt/airflow/dags
[2025-07-01T22:19:51.485+0000] {manager.py:824} INFO - There are 1 files in /opt/airflow/dags
[2025-07-01T22:19:51.990+0000] {manager.py:997} INFO - 
================================================================================
DAG File Processing Stats

File Path                                    PID  Runtime      # DAGs    # Errors  Last Runtime    Last Run      Last # of DB Queries
-----------------------------------------  -----  ---------  --------  ----------  --------------  ----------  ----------------------
/opt/airflow/dags/driven_data_pipeline.py     66  0.12s             0           0                                                   0
================================================================================
[2025-07-01T22:20:22.716+0000] {manager.py:997} INFO - 
================================================================================
DAG File Processing Stats

File Path                                    PID  Runtime      # DAGs    # Errors  Last Runtime    Last Run               Last # of DB Queries
-----------------------------------------  -----  ---------  --------  ----------  --------------  -------------------  ----------------------
/opt/airflow/dags/driven_data_pipeline.py     73  0.02s             0           1  0.29s           2025-07-01T22:19:52                       3
================================================================================
[2025-07-01T22:20:53.325+0000] {manager.py:997} INFO - 
================================================================================
DAG File Processing Stats

File Path                                    PID  Runtime      # DAGs    # Errors  Last Runtime    Last Run               Last # of DB Queries
-----------------------------------------  -----  ---------  --------  ----------  --------------  -------------------  ----------------------
/opt/airflow/dags/driven_data_pipeline.py     80  0.02s             0           1  0.44s           2025-07-01T22:20:23                       5
================================================================================
[2025-07-01T22:21:24.021+0000] {manager.py:997} INFO - 
================================================================================
DAG File Processing Stats

File Path                                    PID  Runtime      # DAGs    # Errors  Last Runtime    Last Run               Last # of DB Queries
-----------------------------------------  -----  ---------  --------  ----------  --------------  -------------------  ----------------------
/opt/airflow/dags/driven_data_pipeline.py     87  0.02s             0           1  0.25s           2025-07-01T22:20:53                       5
================================================================================
[2025-07-01T22:21:54.472+0000] {manager.py:997} INFO - 
================================================================================
DAG File Processing Stats

File Path                                    PID  Runtime      # DAGs    # Errors  Last Runtime    Last Run               Last # of DB Queries
-----------------------------------------  -----  ---------  --------  ----------  --------------  -------------------  ----------------------
/opt/airflow/dags/driven_data_pipeline.py     94  0.01s             0           1  0.32s           2025-07-01T22:21:24                       5
================================================================================
[2025-07-01T22:22:25.048+0000] {manager.py:997} INFO - 
================================================================================
DAG File Processing Stats

File Path                                    PID  Runtime      # DAGs    # Errors  Last Runtime    Last Run               Last # of DB Queries
-----------------------------------------  -----  ---------  --------  ----------  --------------  -------------------  ----------------------
/opt/airflow/dags/driven_data_pipeline.py    101  0.01s             0           1  0.24s           2025-07-01T22:21:54                       5
================================================================================
[2025-07-01T22:22:55.451+0000] {manager.py:997} INFO - 
================================================================================
DAG File Processing Stats

File Path                                    PID  Runtime      # DAGs    # Errors  Last Runtime    Last Run               Last # of DB Queries
-----------------------------------------  -----  ---------  --------  ----------  --------------  -------------------  ----------------------
/opt/airflow/dags/driven_data_pipeline.py    108  0.01s             0           1  0.17s           2025-07-01T22:22:25                       5
================================================================================
[2025-07-01T22:23:26.074+0000] {manager.py:997} INFO - 
================================================================================
DAG File Processing Stats

File Path                                    PID  Runtime      # DAGs    # Errors  Last Runtime    Last Run               Last # of DB Queries
-----------------------------------------  -----  ---------  --------  ----------  --------------  -------------------  ----------------------
/opt/airflow/dags/driven_data_pipeline.py    114  0.02s             0           1  0.18s           2025-07-01T22:22:55                       5
================================================================================
[2025-07-01T22:23:56.482+0000] {manager.py:997} INFO - 
================================================================================
DAG File Processing Stats

File Path                                    PID  Runtime      # DAGs    # Errors  Last Runtime    Last Run               Last # of DB Queries
-----------------------------------------  -----  ---------  --------  ----------  --------------  -------------------  ----------------------
/opt/airflow/dags/driven_data_pipeline.py    122  0.01s             0           1  0.25s           2025-07-01T22:23:26                       5
================================================================================
[2025-07-01T22:24:27.069+0000] {manager.py:997} INFO - 
================================================================================
DAG File Processing Stats

File Path                                    PID  Runtime      # DAGs    # Errors  Last Runtime    Last Run               Last # of DB Queries
-----------------------------------------  -----  ---------  --------  ----------  --------------  -------------------  ----------------------
/opt/airflow/dags/driven_data_pipeline.py    129  0.01s             0           1  0.21s           2025-07-01T22:23:56                       5
================================================================================
[2025-07-01T22:24:51.541+0000] {manager.py:821} INFO - Searching for files in /opt/airflow/dags
[2025-07-01T22:24:51.599+0000] {manager.py:824} INFO - There are 1 files in /opt/airflow/dags
[2025-07-01T22:24:57.474+0000] {manager.py:997} INFO - 
================================================================================
DAG File Processing Stats

File Path                                    PID  Runtime      # DAGs    # Errors  Last Runtime    Last Run               Last # of DB Queries
-----------------------------------------  -----  ---------  --------  ----------  --------------  -------------------  ----------------------
/opt/airflow/dags/driven_data_pipeline.py    136  0.02s             0           1  0.21s           2025-07-01T22:24:27                       5
================================================================================
[2025-07-01T22:25:27.867+0000] {manager.py:997} INFO - 
================================================================================
DAG File Processing Stats

File Path                                    PID  Runtime      # DAGs    # Errors  Last Runtime    Last Run               Last # of DB Queries
-----------------------------------------  -----  ---------  --------  ----------  --------------  -------------------  ----------------------
/opt/airflow/dags/driven_data_pipeline.py    143  0.01s             0           1  0.24s           2025-07-01T22:24:57                       5
================================================================================
[2025-07-01T22:25:58.400+0000] {manager.py:997} INFO - 
================================================================================
DAG File Processing Stats

File Path                                    PID  Runtime      # DAGs    # Errors  Last Runtime    Last Run               Last # of DB Queries
-----------------------------------------  -----  ---------  --------  ----------  --------------  -------------------  ----------------------
/opt/airflow/dags/driven_data_pipeline.py    151  0.01s             0           1  0.19s           2025-07-01T22:25:28                       5
================================================================================
[2025-07-01T22:26:28.762+0000] {manager.py:997} INFO - 
================================================================================
DAG File Processing Stats

File Path                                    PID  Runtime      # DAGs    # Errors  Last Runtime    Last Run               Last # of DB Queries
-----------------------------------------  -----  ---------  --------  ----------  --------------  -------------------  ----------------------
/opt/airflow/dags/driven_data_pipeline.py    158  0.01s             0           1  0.13s           2025-07-01T22:25:58                       5
================================================================================
[2025-07-01T22:31:31.585+0000] {manager.py:483} INFO - Processing files using up to 2 processes at a time 
[2025-07-01T22:31:31.587+0000] {manager.py:484} INFO - Process each file at most once every 30 seconds
[2025-07-01T22:31:31.588+0000] {manager.py:485} INFO - Checking for new files in /opt/airflow/dags every 300 seconds
[2025-07-01T22:31:31.589+0000] {manager.py:821} INFO - Searching for files in /opt/airflow/dags
[2025-07-01T22:31:31.663+0000] {manager.py:824} INFO - There are 1 files in /opt/airflow/dags
[2025-07-01T22:31:32.074+0000] {manager.py:997} INFO - 
================================================================================
DAG File Processing Stats

File Path                                    PID  Runtime      # DAGs    # Errors  Last Runtime    Last Run      Last # of DB Queries
-----------------------------------------  -----  ---------  --------  ----------  --------------  ----------  ----------------------
/opt/airflow/dags/driven_data_pipeline.py     66  0.10s             0           0                                                   0
================================================================================
[2025-07-01T22:32:02.746+0000] {manager.py:997} INFO - 
================================================================================
DAG File Processing Stats

File Path                                    PID  Runtime      # DAGs    # Errors  Last Runtime    Last Run               Last # of DB Queries
-----------------------------------------  -----  ---------  --------  ----------  --------------  -------------------  ----------------------
/opt/airflow/dags/driven_data_pipeline.py     73  0.03s             0           1  0.26s           2025-07-01T22:31:32                       3
================================================================================
[2025-07-01T22:32:33.245+0000] {manager.py:997} INFO - 
================================================================================
DAG File Processing Stats

File Path                                    PID  Runtime      # DAGs    # Errors  Last Runtime    Last Run               Last # of DB Queries
-----------------------------------------  -----  ---------  --------  ----------  --------------  -------------------  ----------------------
/opt/airflow/dags/driven_data_pipeline.py     80  0.01s             0           1  0.34s           2025-07-01T22:32:03                       5
================================================================================
[2025-07-01T22:33:03.658+0000] {manager.py:997} INFO - 
================================================================================
DAG File Processing Stats

File Path                                    PID  Runtime      # DAGs    # Errors  Last Runtime    Last Run               Last # of DB Queries
-----------------------------------------  -----  ---------  --------  ----------  --------------  -------------------  ----------------------
/opt/airflow/dags/driven_data_pipeline.py     88  0.02s             0           1  0.15s           2025-07-01T22:32:33                       5
================================================================================
[2025-07-01T22:33:34.187+0000] {manager.py:997} INFO - 
================================================================================
DAG File Processing Stats

File Path                                    PID  Runtime      # DAGs    # Errors  Last Runtime    Last Run               Last # of DB Queries
-----------------------------------------  -----  ---------  --------  ----------  --------------  -------------------  ----------------------
/opt/airflow/dags/driven_data_pipeline.py     95  0.02s             0           1  0.33s           2025-07-01T22:33:03                       5
================================================================================
[2025-07-01T22:34:04.669+0000] {manager.py:997} INFO - 
================================================================================
DAG File Processing Stats

File Path                                    PID  Runtime      # DAGs    # Errors  Last Runtime    Last Run               Last # of DB Queries
-----------------------------------------  -----  ---------  --------  ----------  --------------  -------------------  ----------------------
/opt/airflow/dags/driven_data_pipeline.py    102  0.01s             0           1  0.29s           2025-07-01T22:33:34                       5
================================================================================
[2025-07-01T22:34:35.140+0000] {manager.py:997} INFO - 
================================================================================
DAG File Processing Stats

File Path                                    PID  Runtime      # DAGs    # Errors  Last Runtime    Last Run               Last # of DB Queries
-----------------------------------------  -----  ---------  --------  ----------  --------------  -------------------  ----------------------
/opt/airflow/dags/driven_data_pipeline.py    109  0.01s             0           1  0.16s           2025-07-01T22:34:04                       5
================================================================================
[2025-07-01T22:35:05.580+0000] {manager.py:997} INFO - 
================================================================================
DAG File Processing Stats

File Path                                    PID  Runtime      # DAGs    # Errors  Last Runtime    Last Run               Last # of DB Queries
-----------------------------------------  -----  ---------  --------  ----------  --------------  -------------------  ----------------------
/opt/airflow/dags/driven_data_pipeline.py    116  0.01s             0           1  0.22s           2025-07-01T22:34:35                       5
================================================================================
[2025-07-01T22:35:36.047+0000] {manager.py:997} INFO - 
================================================================================
DAG File Processing Stats

File Path                                    PID  Runtime      # DAGs    # Errors  Last Runtime    Last Run               Last # of DB Queries
-----------------------------------------  -----  ---------  --------  ----------  --------------  -------------------  ----------------------
/opt/airflow/dags/driven_data_pipeline.py    123  0.01s             0           1  0.14s           2025-07-01T22:35:05                       5
================================================================================
[2025-07-01T22:36:06.438+0000] {manager.py:997} INFO - 
================================================================================
DAG File Processing Stats

File Path                                    PID  Runtime      # DAGs    # Errors  Last Runtime    Last Run               Last # of DB Queries
-----------------------------------------  -----  ---------  --------  ----------  --------------  -------------------  ----------------------
/opt/airflow/dags/driven_data_pipeline.py    130  0.01s             0           1  0.18s           2025-07-01T22:35:36                       5
================================================================================
[2025-07-01T22:36:31.817+0000] {manager.py:821} INFO - Searching for files in /opt/airflow/dags
[2025-07-01T22:36:31.864+0000] {manager.py:824} INFO - There are 1 files in /opt/airflow/dags
[2025-07-01T22:36:37.001+0000] {manager.py:997} INFO - 
================================================================================
DAG File Processing Stats

File Path                                    PID  Runtime      # DAGs    # Errors  Last Runtime    Last Run               Last # of DB Queries
-----------------------------------------  -----  ---------  --------  ----------  --------------  -------------------  ----------------------
/opt/airflow/dags/driven_data_pipeline.py    138  0.01s             0           1  0.15s           2025-07-01T22:36:06                       5
================================================================================
[2025-07-01T22:37:07.388+0000] {manager.py:997} INFO - 
================================================================================
DAG File Processing Stats

File Path                                    PID  Runtime      # DAGs    # Errors  Last Runtime    Last Run               Last # of DB Queries
-----------------------------------------  -----  ---------  --------  ----------  --------------  -------------------  ----------------------
/opt/airflow/dags/driven_data_pipeline.py    145  0.01s             0           1  0.20s           2025-07-01T22:36:37                       5
================================================================================
[2025-07-01T22:37:37.853+0000] {manager.py:997} INFO - 
================================================================================
DAG File Processing Stats

File Path                                    PID  Runtime      # DAGs    # Errors  Last Runtime    Last Run               Last # of DB Queries
-----------------------------------------  -----  ---------  --------  ----------  --------------  -------------------  ----------------------
/opt/airflow/dags/driven_data_pipeline.py    152  0.01s             0           1  0.17s           2025-07-01T22:37:07                       5
================================================================================
[2025-07-01T22:38:08.271+0000] {manager.py:997} INFO - 
================================================================================
DAG File Processing Stats

File Path                                    PID  Runtime      # DAGs    # Errors  Last Runtime    Last Run               Last # of DB Queries
-----------------------------------------  -----  ---------  --------  ----------  --------------  -------------------  ----------------------
/opt/airflow/dags/driven_data_pipeline.py    159  0.01s             0           1  0.13s           2025-07-01T22:37:37                       5
================================================================================
[2025-07-01T22:38:38.745+0000] {manager.py:997} INFO - 
================================================================================
DAG File Processing Stats

File Path                                    PID  Runtime      # DAGs    # Errors  Last Runtime    Last Run               Last # of DB Queries
-----------------------------------------  -----  ---------  --------  ----------  --------------  -------------------  ----------------------
/opt/airflow/dags/driven_data_pipeline.py    166  0.01s             0           1  0.16s           2025-07-01T22:38:08                       5
================================================================================
[2025-07-01T22:39:09.144+0000] {manager.py:997} INFO - 
================================================================================
DAG File Processing Stats

File Path                                    PID  Runtime      # DAGs    # Errors  Last Runtime    Last Run               Last # of DB Queries
-----------------------------------------  -----  ---------  --------  ----------  --------------  -------------------  ----------------------
/opt/airflow/dags/driven_data_pipeline.py    173  0.01s             0           1  0.14s           2025-07-01T22:38:38                       5
================================================================================
[2025-07-01T22:39:39.593+0000] {manager.py:997} INFO - 
================================================================================
DAG File Processing Stats

File Path                                    PID  Runtime      # DAGs    # Errors  Last Runtime    Last Run               Last # of DB Queries
-----------------------------------------  -----  ---------  --------  ----------  --------------  -------------------  ----------------------
/opt/airflow/dags/driven_data_pipeline.py    180  0.01s             0           1  0.13s           2025-07-01T22:39:09                       5
================================================================================
[2025-07-01T22:40:09.982+0000] {manager.py:997} INFO - 
================================================================================
DAG File Processing Stats

File Path                                    PID  Runtime      # DAGs    # Errors  Last Runtime    Last Run               Last # of DB Queries
-----------------------------------------  -----  ---------  --------  ----------  --------------  -------------------  ----------------------
/opt/airflow/dags/driven_data_pipeline.py    187  0.03s             0           1  0.13s           2025-07-01T22:39:39                       5
================================================================================
[2025-07-01T22:40:40.390+0000] {manager.py:997} INFO - 
================================================================================
DAG File Processing Stats

File Path                                    PID  Runtime      # DAGs    # Errors  Last Runtime    Last Run               Last # of DB Queries
-----------------------------------------  -----  ---------  --------  ----------  --------------  -------------------  ----------------------
/opt/airflow/dags/driven_data_pipeline.py    194  0.01s             0           1  0.22s           2025-07-01T22:40:10                       5
================================================================================
[2025-07-01T22:41:10.875+0000] {manager.py:997} INFO - 
================================================================================
DAG File Processing Stats

File Path                                    PID  Runtime      # DAGs    # Errors  Last Runtime    Last Run               Last # of DB Queries
-----------------------------------------  -----  ---------  --------  ----------  --------------  -------------------  ----------------------
/opt/airflow/dags/driven_data_pipeline.py    201  0.01s             0           1  0.16s           2025-07-01T22:40:40                       5
================================================================================
[2025-07-01T22:42:33.255+0000] {manager.py:483} INFO - Processing files using up to 2 processes at a time 
[2025-07-01T22:42:33.257+0000] {manager.py:484} INFO - Process each file at most once every 30 seconds
[2025-07-01T22:42:33.259+0000] {manager.py:485} INFO - Checking for new files in /opt/airflow/dags every 300 seconds
[2025-07-01T22:42:33.260+0000] {manager.py:821} INFO - Searching for files in /opt/airflow/dags
[2025-07-01T22:42:33.343+0000] {manager.py:824} INFO - There are 1 files in /opt/airflow/dags
[2025-07-01T22:42:33.564+0000] {manager.py:997} INFO - 
================================================================================
DAG File Processing Stats

File Path                                    PID  Runtime      # DAGs    # Errors  Last Runtime    Last Run      Last # of DB Queries
-----------------------------------------  -----  ---------  --------  ----------  --------------  ----------  ----------------------
/opt/airflow/dags/driven_data_pipeline.py     63  0.06s             0           0                                                   0
================================================================================
[2025-07-01T22:43:04.019+0000] {manager.py:997} INFO - 
================================================================================
DAG File Processing Stats

File Path                                    PID  Runtime      # DAGs    # Errors  Last Runtime    Last Run               Last # of DB Queries
-----------------------------------------  -----  ---------  --------  ----------  --------------  -------------------  ----------------------
/opt/airflow/dags/driven_data_pipeline.py     70  0.02s             0           1  0.19s           2025-07-01T22:42:33                       5
================================================================================
[2025-07-01T22:43:34.446+0000] {manager.py:997} INFO - 
================================================================================
DAG File Processing Stats

File Path                                  PID    Runtime      # DAGs    # Errors  Last Runtime    Last Run               Last # of DB Queries
-----------------------------------------  -----  ---------  --------  ----------  --------------  -------------------  ----------------------
/opt/airflow/dags/driven_data_pipeline.py                           0           1  0.49s           2025-07-01T22:43:04                       5
================================================================================
[2025-07-01T22:44:05.296+0000] {manager.py:997} INFO - 
================================================================================
DAG File Processing Stats

File Path                                    PID  Runtime      # DAGs    # Errors  Last Runtime    Last Run               Last # of DB Queries
-----------------------------------------  -----  ---------  --------  ----------  --------------  -------------------  ----------------------
/opt/airflow/dags/driven_data_pipeline.py     84  0.02s             0           1  0.22s           2025-07-01T22:43:34                       5
================================================================================
[2025-07-01T22:44:35.879+0000] {manager.py:997} INFO - 
================================================================================
DAG File Processing Stats

File Path                                    PID  Runtime      # DAGs    # Errors  Last Runtime    Last Run               Last # of DB Queries
-----------------------------------------  -----  ---------  --------  ----------  --------------  -------------------  ----------------------
/opt/airflow/dags/driven_data_pipeline.py     91  0.01s             0           1  0.28s           2025-07-01T22:44:05                       5
================================================================================
[2025-07-01T22:45:06.281+0000] {manager.py:997} INFO - 
================================================================================
DAG File Processing Stats

File Path                                    PID  Runtime      # DAGs    # Errors  Last Runtime    Last Run               Last # of DB Queries
-----------------------------------------  -----  ---------  --------  ----------  --------------  -------------------  ----------------------
/opt/airflow/dags/driven_data_pipeline.py     98  0.01s             0           1  0.18s           2025-07-01T22:44:36                       5
================================================================================
[2025-07-01T22:45:36.729+0000] {manager.py:997} INFO - 
================================================================================
DAG File Processing Stats

File Path                                    PID  Runtime      # DAGs    # Errors  Last Runtime    Last Run               Last # of DB Queries
-----------------------------------------  -----  ---------  --------  ----------  --------------  -------------------  ----------------------
/opt/airflow/dags/driven_data_pipeline.py    105  0.01s             0           1  0.14s           2025-07-01T22:45:06                       5
================================================================================
[2025-07-01T22:46:00.796+0000] {manager.py:465} INFO - Exiting gracefully upon receiving signal 15
[2025-07-01T22:48:00.774+0000] {manager.py:483} INFO - Processing files using up to 2 processes at a time 
[2025-07-01T22:48:00.776+0000] {manager.py:484} INFO - Process each file at most once every 30 seconds
[2025-07-01T22:48:00.777+0000] {manager.py:485} INFO - Checking for new files in /opt/airflow/dags every 300 seconds
[2025-07-01T22:48:00.779+0000] {manager.py:821} INFO - Searching for files in /opt/airflow/dags
[2025-07-01T22:48:00.867+0000] {manager.py:824} INFO - There are 1 files in /opt/airflow/dags
[2025-07-01T22:48:01.485+0000] {manager.py:997} INFO - 
================================================================================
DAG File Processing Stats

File Path                                    PID  Runtime      # DAGs    # Errors  Last Runtime    Last Run      Last # of DB Queries
-----------------------------------------  -----  ---------  --------  ----------  --------------  ----------  ----------------------
/opt/airflow/dags/driven_data_pipeline.py     69  0.10s             0           0                                                   0
================================================================================
[2025-07-01T22:48:31.983+0000] {manager.py:997} INFO - 
================================================================================
DAG File Processing Stats

File Path                                    PID  Runtime      # DAGs    # Errors  Last Runtime    Last Run               Last # of DB Queries
-----------------------------------------  -----  ---------  --------  ----------  --------------  -------------------  ----------------------
/opt/airflow/dags/driven_data_pipeline.py     76  0.02s             0           1  0.25s           2025-07-01T22:48:01                       3
================================================================================
[2025-07-01T22:49:02.445+0000] {manager.py:997} INFO - 
================================================================================
DAG File Processing Stats

File Path                                    PID  Runtime      # DAGs    # Errors  Last Runtime    Last Run               Last # of DB Queries
-----------------------------------------  -----  ---------  --------  ----------  --------------  -------------------  ----------------------
/opt/airflow/dags/driven_data_pipeline.py     83  0.01s             0           1  0.31s           2025-07-01T22:48:32                       5
================================================================================
[2025-07-01T22:49:32.843+0000] {manager.py:997} INFO - 
================================================================================
DAG File Processing Stats

File Path                                    PID  Runtime      # DAGs    # Errors  Last Runtime    Last Run               Last # of DB Queries
-----------------------------------------  -----  ---------  --------  ----------  --------------  -------------------  ----------------------
/opt/airflow/dags/driven_data_pipeline.py     90  0.01s             0           1  0.19s           2025-07-01T22:49:02                       5
================================================================================
[2025-07-01T22:50:03.353+0000] {manager.py:997} INFO - 
================================================================================
DAG File Processing Stats

File Path                                    PID  Runtime      # DAGs    # Errors  Last Runtime    Last Run               Last # of DB Queries
-----------------------------------------  -----  ---------  --------  ----------  --------------  -------------------  ----------------------
/opt/airflow/dags/driven_data_pipeline.py     97  0.01s             0           1  0.17s           2025-07-01T22:49:32                       5
================================================================================
[2025-07-01T22:50:33.915+0000] {manager.py:997} INFO - 
================================================================================
DAG File Processing Stats

File Path                                    PID  Runtime      # DAGs    # Errors  Last Runtime    Last Run               Last # of DB Queries
-----------------------------------------  -----  ---------  --------  ----------  --------------  -------------------  ----------------------
/opt/airflow/dags/driven_data_pipeline.py    104  0.01s             0           1  0.27s           2025-07-01T22:50:03                       5
================================================================================
[2025-07-01T22:51:04.507+0000] {manager.py:997} INFO - 
================================================================================
DAG File Processing Stats

File Path                                    PID  Runtime      # DAGs    # Errors  Last Runtime    Last Run               Last # of DB Queries
-----------------------------------------  -----  ---------  --------  ----------  --------------  -------------------  ----------------------
/opt/airflow/dags/driven_data_pipeline.py    111  0.01s             0           1  0.27s           2025-07-01T22:50:34                       5
================================================================================
[2025-07-01T22:51:34.867+0000] {manager.py:997} INFO - 
================================================================================
DAG File Processing Stats

File Path                                    PID  Runtime      # DAGs    # Errors  Last Runtime    Last Run               Last # of DB Queries
-----------------------------------------  -----  ---------  --------  ----------  --------------  -------------------  ----------------------
/opt/airflow/dags/driven_data_pipeline.py    118  0.01s             0           1  0.13s           2025-07-01T22:51:04                       5
================================================================================
[2025-07-01T22:52:05.336+0000] {manager.py:997} INFO - 
================================================================================
DAG File Processing Stats

File Path                                    PID  Runtime      # DAGs    # Errors  Last Runtime    Last Run               Last # of DB Queries
-----------------------------------------  -----  ---------  --------  ----------  --------------  -------------------  ----------------------
/opt/airflow/dags/driven_data_pipeline.py    126  0.02s             0           1  0.15s           2025-07-01T22:51:35                       5
================================================================================
[2025-07-01T22:52:35.692+0000] {manager.py:997} INFO - 
================================================================================
DAG File Processing Stats

File Path                                    PID  Runtime      # DAGs    # Errors  Last Runtime    Last Run               Last # of DB Queries
-----------------------------------------  -----  ---------  --------  ----------  --------------  -------------------  ----------------------
/opt/airflow/dags/driven_data_pipeline.py    133  0.01s             0           1  0.19s           2025-07-01T22:52:05                       5
================================================================================
[2025-07-01T22:53:00.957+0000] {manager.py:821} INFO - Searching for files in /opt/airflow/dags
[2025-07-01T22:53:01.026+0000] {manager.py:824} INFO - There are 1 files in /opt/airflow/dags
[2025-07-01T22:53:06.187+0000] {manager.py:997} INFO - 
================================================================================
DAG File Processing Stats

File Path                                    PID  Runtime      # DAGs    # Errors  Last Runtime    Last Run               Last # of DB Queries
-----------------------------------------  -----  ---------  --------  ----------  --------------  -------------------  ----------------------
/opt/airflow/dags/driven_data_pipeline.py    140  0.01s             0           1  0.12s           2025-07-01T22:52:35                       5
================================================================================
[2025-07-01T22:53:36.615+0000] {manager.py:997} INFO - 
================================================================================
DAG File Processing Stats

File Path                                    PID  Runtime      # DAGs    # Errors  Last Runtime    Last Run               Last # of DB Queries
-----------------------------------------  -----  ---------  --------  ----------  --------------  -------------------  ----------------------
/opt/airflow/dags/driven_data_pipeline.py    147  0.02s             0           1  0.12s           2025-07-01T22:53:06                       5
================================================================================
[2025-07-01T22:54:06.977+0000] {manager.py:997} INFO - 
================================================================================
DAG File Processing Stats

File Path                                  PID    Runtime      # DAGs    # Errors  Last Runtime    Last Run               Last # of DB Queries
-----------------------------------------  -----  ---------  --------  ----------  --------------  -------------------  ----------------------
/opt/airflow/dags/driven_data_pipeline.py                           0           1  0.44s           2025-07-01T22:53:37                       5
================================================================================
[2025-07-01T22:54:37.806+0000] {manager.py:997} INFO - 
================================================================================
DAG File Processing Stats

File Path                                    PID  Runtime      # DAGs    # Errors  Last Runtime    Last Run               Last # of DB Queries
-----------------------------------------  -----  ---------  --------  ----------  --------------  -------------------  ----------------------
/opt/airflow/dags/driven_data_pipeline.py    161  0.01s             0           1  0.16s           2025-07-01T22:54:07                       5
================================================================================
[2025-07-01T22:55:08.151+0000] {manager.py:997} INFO - 
================================================================================
DAG File Processing Stats

File Path                                    PID  Runtime      # DAGs    # Errors  Last Runtime    Last Run               Last # of DB Queries
-----------------------------------------  -----  ---------  --------  ----------  --------------  -------------------  ----------------------
/opt/airflow/dags/driven_data_pipeline.py    168  0.01s             0           1  0.13s           2025-07-01T22:54:37                       5
================================================================================
[2025-07-01T22:55:38.601+0000] {manager.py:997} INFO - 
================================================================================
DAG File Processing Stats

File Path                                    PID  Runtime      # DAGs    # Errors  Last Runtime    Last Run               Last # of DB Queries
-----------------------------------------  -----  ---------  --------  ----------  --------------  -------------------  ----------------------
/opt/airflow/dags/driven_data_pipeline.py    175  0.01s             0           1  0.13s           2025-07-01T22:55:08                       5
================================================================================
[2025-07-01T22:56:09.014+0000] {manager.py:997} INFO - 
================================================================================
DAG File Processing Stats

File Path                                    PID  Runtime      # DAGs    # Errors  Last Runtime    Last Run               Last # of DB Queries
-----------------------------------------  -----  ---------  --------  ----------  --------------  -------------------  ----------------------
/opt/airflow/dags/driven_data_pipeline.py    182  0.01s             0           1  0.20s           2025-07-01T22:55:38                       5
================================================================================
[2025-07-01T22:56:39.744+0000] {manager.py:997} INFO - 
================================================================================
DAG File Processing Stats

File Path                                    PID  Runtime      # DAGs    # Errors  Last Runtime    Last Run               Last # of DB Queries
-----------------------------------------  -----  ---------  --------  ----------  --------------  -------------------  ----------------------
/opt/airflow/dags/driven_data_pipeline.py    189  0.02s             0           1  0.21s           2025-07-01T22:56:09                       5
================================================================================
[2025-07-01T22:57:10.179+0000] {manager.py:997} INFO - 
================================================================================
DAG File Processing Stats

File Path                                    PID  Runtime      # DAGs    # Errors  Last Runtime    Last Run               Last # of DB Queries
-----------------------------------------  -----  ---------  --------  ----------  --------------  -------------------  ----------------------
/opt/airflow/dags/driven_data_pipeline.py    197  0.01s             0           1  0.36s           2025-07-01T22:56:40                       5
================================================================================
[2025-07-01T22:57:40.529+0000] {manager.py:997} INFO - 
================================================================================
DAG File Processing Stats

File Path                                    PID  Runtime      # DAGs    # Errors  Last Runtime    Last Run               Last # of DB Queries
-----------------------------------------  -----  ---------  --------  ----------  --------------  -------------------  ----------------------
/opt/airflow/dags/driven_data_pipeline.py    204  0.01s             0           1  0.13s           2025-07-01T22:57:10                       5
================================================================================
[2025-07-01T22:58:01.860+0000] {manager.py:821} INFO - Searching for files in /opt/airflow/dags
[2025-07-01T22:58:01.903+0000] {manager.py:824} INFO - There are 1 files in /opt/airflow/dags
[2025-07-01T22:58:11.065+0000] {manager.py:997} INFO - 
================================================================================
DAG File Processing Stats

File Path                                    PID  Runtime      # DAGs    # Errors  Last Runtime    Last Run               Last # of DB Queries
-----------------------------------------  -----  ---------  --------  ----------  --------------  -------------------  ----------------------
/opt/airflow/dags/driven_data_pipeline.py    211  0.01s             0           1  0.17s           2025-07-01T22:57:40                       5
================================================================================
[2025-07-01T22:58:41.441+0000] {manager.py:997} INFO - 
================================================================================
DAG File Processing Stats

File Path                                    PID  Runtime      # DAGs    # Errors  Last Runtime    Last Run               Last # of DB Queries
-----------------------------------------  -----  ---------  --------  ----------  --------------  -------------------  ----------------------
/opt/airflow/dags/driven_data_pipeline.py    218  0.01s             0           1  0.17s           2025-07-01T22:58:11                       5
================================================================================
[2025-07-01T22:59:11.929+0000] {manager.py:997} INFO - 
================================================================================
DAG File Processing Stats

File Path                                    PID  Runtime      # DAGs    # Errors  Last Runtime    Last Run               Last # of DB Queries
-----------------------------------------  -----  ---------  --------  ----------  --------------  -------------------  ----------------------
/opt/airflow/dags/driven_data_pipeline.py    225  0.01s             0           1  0.22s           2025-07-01T22:58:41                       5
================================================================================
[2025-07-01T22:59:42.450+0000] {manager.py:997} INFO - 
================================================================================
DAG File Processing Stats

File Path                                    PID  Runtime      # DAGs    # Errors  Last Runtime    Last Run               Last # of DB Queries
-----------------------------------------  -----  ---------  --------  ----------  --------------  -------------------  ----------------------
/opt/airflow/dags/driven_data_pipeline.py    232  0.01s             0           1  0.16s           2025-07-01T22:59:12                       5
================================================================================
[2025-07-01T23:00:13.002+0000] {manager.py:997} INFO - 
================================================================================
DAG File Processing Stats

File Path                                    PID  Runtime      # DAGs    # Errors  Last Runtime    Last Run               Last # of DB Queries
-----------------------------------------  -----  ---------  --------  ----------  --------------  -------------------  ----------------------
/opt/airflow/dags/driven_data_pipeline.py    239  0.04s             0           1  0.15s           2025-07-01T22:59:42                       5
================================================================================
[2025-07-01T23:00:43.187+0000] {manager.py:997} INFO - 
================================================================================
DAG File Processing Stats

File Path                                  PID    Runtime      # DAGs    # Errors  Last Runtime    Last Run               Last # of DB Queries
-----------------------------------------  -----  ---------  --------  ----------  --------------  -------------------  ----------------------
/opt/airflow/dags/driven_data_pipeline.py                           0           1  0.96s           2025-07-01T23:00:13                       5
================================================================================
[2025-07-01T23:01:13.569+0000] {manager.py:997} INFO - 
================================================================================
DAG File Processing Stats

File Path                                  PID    Runtime      # DAGs    # Errors  Last Runtime    Last Run               Last # of DB Queries
-----------------------------------------  -----  ---------  --------  ----------  --------------  -------------------  ----------------------
/opt/airflow/dags/driven_data_pipeline.py                           0           1  0.21s           2025-07-01T23:00:44                       5
================================================================================
[2025-07-01T23:01:43.923+0000] {manager.py:997} INFO - 
================================================================================
DAG File Processing Stats

File Path                                  PID    Runtime      # DAGs    # Errors  Last Runtime    Last Run               Last # of DB Queries
-----------------------------------------  -----  ---------  --------  ----------  --------------  -------------------  ----------------------
/opt/airflow/dags/driven_data_pipeline.py                           0           1  0.15s           2025-07-01T23:01:14                       5
================================================================================
[2025-07-01T23:02:14.411+0000] {manager.py:997} INFO - 
================================================================================
DAG File Processing Stats

File Path                                  PID    Runtime      # DAGs    # Errors  Last Runtime    Last Run               Last # of DB Queries
-----------------------------------------  -----  ---------  --------  ----------  --------------  -------------------  ----------------------
/opt/airflow/dags/driven_data_pipeline.py                           0           1  0.17s           2025-07-01T23:01:45                       5
================================================================================
[2025-07-01T23:02:44.823+0000] {manager.py:997} INFO - 
================================================================================
DAG File Processing Stats

File Path                                  PID    Runtime      # DAGs    # Errors  Last Runtime    Last Run               Last # of DB Queries
-----------------------------------------  -----  ---------  --------  ----------  --------------  -------------------  ----------------------
/opt/airflow/dags/driven_data_pipeline.py                           0           1  0.14s           2025-07-01T23:02:15                       5
================================================================================
[2025-07-01T23:03:02.137+0000] {manager.py:821} INFO - Searching for files in /opt/airflow/dags
[2025-07-01T23:03:02.247+0000] {manager.py:824} INFO - There are 1 files in /opt/airflow/dags
[2025-07-01T23:03:15.283+0000] {manager.py:997} INFO - 
================================================================================
DAG File Processing Stats

File Path                                  PID    Runtime      # DAGs    # Errors  Last Runtime    Last Run               Last # of DB Queries
-----------------------------------------  -----  ---------  --------  ----------  --------------  -------------------  ----------------------
/opt/airflow/dags/driven_data_pipeline.py                           0           1  0.15s           2025-07-01T23:02:46                       5
================================================================================
[2025-07-01T23:03:45.796+0000] {manager.py:997} INFO - 
================================================================================
DAG File Processing Stats

File Path                                  PID    Runtime      # DAGs    # Errors  Last Runtime    Last Run               Last # of DB Queries
-----------------------------------------  -----  ---------  --------  ----------  --------------  -------------------  ----------------------
/opt/airflow/dags/driven_data_pipeline.py                           0           1  0.43s           2025-07-01T23:03:16                       5
================================================================================
[2025-07-01T23:04:16.215+0000] {manager.py:997} INFO - 
================================================================================
DAG File Processing Stats

File Path                                  PID    Runtime      # DAGs    # Errors  Last Runtime    Last Run               Last # of DB Queries
-----------------------------------------  -----  ---------  --------  ----------  --------------  -------------------  ----------------------
/opt/airflow/dags/driven_data_pipeline.py                           0           1  0.17s           2025-07-01T23:03:46                       5
================================================================================
[2025-07-01T23:04:46.789+0000] {manager.py:997} INFO - 
================================================================================
DAG File Processing Stats

File Path                                  PID    Runtime      # DAGs    # Errors  Last Runtime    Last Run               Last # of DB Queries
-----------------------------------------  -----  ---------  --------  ----------  --------------  -------------------  ----------------------
/opt/airflow/dags/driven_data_pipeline.py                           0           1  0.32s           2025-07-01T23:04:17                       5
================================================================================
[2025-07-01T23:05:17.304+0000] {manager.py:997} INFO - 
================================================================================
DAG File Processing Stats

File Path                                  PID    Runtime      # DAGs    # Errors  Last Runtime    Last Run               Last # of DB Queries
-----------------------------------------  -----  ---------  --------  ----------  --------------  -------------------  ----------------------
/opt/airflow/dags/driven_data_pipeline.py                           0           1  0.29s           2025-07-01T23:04:48                       5
================================================================================
[2025-07-01T23:05:48.009+0000] {manager.py:997} INFO - 
================================================================================
DAG File Processing Stats

File Path                                  PID    Runtime      # DAGs    # Errors  Last Runtime    Last Run               Last # of DB Queries
-----------------------------------------  -----  ---------  --------  ----------  --------------  -------------------  ----------------------
/opt/airflow/dags/driven_data_pipeline.py                           0           1  0.14s           2025-07-01T23:05:18                       5
================================================================================
[2025-07-01T23:06:18.633+0000] {manager.py:997} INFO - 
================================================================================
DAG File Processing Stats

File Path                                  PID    Runtime      # DAGs    # Errors  Last Runtime    Last Run               Last # of DB Queries
-----------------------------------------  -----  ---------  --------  ----------  --------------  -------------------  ----------------------
/opt/airflow/dags/driven_data_pipeline.py                           0           1  0.60s           2025-07-01T23:05:49                       5
================================================================================
[2025-07-01T23:06:49.367+0000] {manager.py:997} INFO - 
================================================================================
DAG File Processing Stats

File Path                                  PID    Runtime      # DAGs    # Errors  Last Runtime    Last Run               Last # of DB Queries
-----------------------------------------  -----  ---------  --------  ----------  --------------  -------------------  ----------------------
/opt/airflow/dags/driven_data_pipeline.py                           0           1  0.17s           2025-07-01T23:06:20                       5
================================================================================
[2025-07-01T23:07:19.791+0000] {manager.py:997} INFO - 
================================================================================
DAG File Processing Stats

File Path                                  PID    Runtime      # DAGs    # Errors  Last Runtime    Last Run               Last # of DB Queries
-----------------------------------------  -----  ---------  --------  ----------  --------------  -------------------  ----------------------
/opt/airflow/dags/driven_data_pipeline.py                           0           1  0.18s           2025-07-01T23:06:50                       5
================================================================================
[2025-07-01T23:07:50.307+0000] {manager.py:997} INFO - 
================================================================================
DAG File Processing Stats

File Path                                  PID    Runtime      # DAGs    # Errors  Last Runtime    Last Run               Last # of DB Queries
-----------------------------------------  -----  ---------  --------  ----------  --------------  -------------------  ----------------------
/opt/airflow/dags/driven_data_pipeline.py                           0           1  0.19s           2025-07-01T23:07:21                       5
================================================================================
[2025-07-01T23:08:02.518+0000] {manager.py:821} INFO - Searching for files in /opt/airflow/dags
[2025-07-01T23:08:02.615+0000] {manager.py:824} INFO - There are 1 files in /opt/airflow/dags
[2025-07-01T23:08:20.869+0000] {manager.py:997} INFO - 
================================================================================
DAG File Processing Stats

File Path                                  PID    Runtime      # DAGs    # Errors  Last Runtime    Last Run               Last # of DB Queries
-----------------------------------------  -----  ---------  --------  ----------  --------------  -------------------  ----------------------
/opt/airflow/dags/driven_data_pipeline.py                           0           1  0.13s           2025-07-01T23:07:51                       5
================================================================================
[2025-07-01T23:08:45.737+0000] {manager.py:465} INFO - Exiting gracefully upon receiving signal 15
[2025-07-02T01:29:33.124+0000] {manager.py:483} INFO - Processing files using up to 2 processes at a time 
[2025-07-02T01:29:33.129+0000] {manager.py:484} INFO - Process each file at most once every 30 seconds
[2025-07-02T01:29:33.140+0000] {manager.py:485} INFO - Checking for new files in /opt/airflow/dags every 300 seconds
[2025-07-02T01:29:33.142+0000] {manager.py:821} INFO - Searching for files in /opt/airflow/dags
[2025-07-02T01:29:33.401+0000] {manager.py:824} INFO - There are 1 files in /opt/airflow/dags
[2025-07-02T01:29:34.687+0000] {manager.py:997} INFO - 
================================================================================
DAG File Processing Stats

File Path                                    PID  Runtime      # DAGs    # Errors  Last Runtime    Last Run      Last # of DB Queries
-----------------------------------------  -----  ---------  --------  ----------  --------------  ----------  ----------------------
/opt/airflow/dags/driven_data_pipeline.py     72  0.13s             0           0                                                   0
================================================================================
[2025-07-02T01:30:05.455+0000] {manager.py:997} INFO - 
================================================================================
DAG File Processing Stats

File Path                                    PID  Runtime      # DAGs    # Errors  Last Runtime    Last Run               Last # of DB Queries
-----------------------------------------  -----  ---------  --------  ----------  --------------  -------------------  ----------------------
/opt/airflow/dags/driven_data_pipeline.py     79  0.03s             0           1  0.65s           2025-07-02T01:29:35                       3
================================================================================
[2025-07-02T01:30:35.740+0000] {manager.py:997} INFO - 
================================================================================
DAG File Processing Stats

File Path                                  PID    Runtime      # DAGs    # Errors  Last Runtime    Last Run               Last # of DB Queries
-----------------------------------------  -----  ---------  --------  ----------  --------------  -------------------  ----------------------
/opt/airflow/dags/driven_data_pipeline.py                           0           1  0.60s           2025-07-02T01:30:06                       5
================================================================================
[2025-07-02T01:31:30.470+0000] {manager.py:997} INFO - 
================================================================================
DAG File Processing Stats

File Path                                    PID  Runtime      # DAGs    # Errors  Last Runtime    Last Run               Last # of DB Queries
-----------------------------------------  -----  ---------  --------  ----------  --------------  -------------------  ----------------------
/opt/airflow/dags/driven_data_pipeline.py     93  0.66s             0           1  0.59s           2025-07-02T01:30:36                       5
================================================================================
[2025-07-02T01:35:09.448+0000] {manager.py:821} INFO - Searching for files in /opt/airflow/dags
[2025-07-02T01:35:10.034+0000] {manager.py:824} INFO - There are 1 files in /opt/airflow/dags
[2025-07-02T01:35:19.447+0000] {manager.py:1366} ERROR - Processor for /opt/airflow/dags/driven_data_pipeline.py with PID 93 started at 2025-07-02T01:31:15.326153+00:00 has timed out, killing it.
[2025-07-02T01:35:19.558+0000] {manager.py:997} INFO - 
================================================================================
DAG File Processing Stats

File Path                                  PID    Runtime      # DAGs    # Errors  Last Runtime    Last Run               Last # of DB Queries
-----------------------------------------  -----  ---------  --------  ----------  --------------  -------------------  ----------------------
/opt/airflow/dags/driven_data_pipeline.py                           0           1  244.12s         2025-07-02T01:35:19                       0
================================================================================
[2025-07-02T01:35:49.520+0000] {manager.py:997} INFO - 
================================================================================
DAG File Processing Stats

File Path                                    PID  Runtime      # DAGs    # Errors  Last Runtime    Last Run               Last # of DB Queries
-----------------------------------------  -----  ---------  --------  ----------  --------------  -------------------  ----------------------
/opt/airflow/dags/driven_data_pipeline.py     94  0.02s             0           1  244.12s         2025-07-02T01:35:19                       0
================================================================================
[2025-07-02T01:37:10.997+0000] {manager.py:997} INFO - 
================================================================================
DAG File Processing Stats

File Path                                    PID  Runtime      # DAGs    # Errors  Last Runtime    Last Run               Last # of DB Queries
-----------------------------------------  -----  ---------  --------  ----------  --------------  -------------------  ----------------------
/opt/airflow/dags/driven_data_pipeline.py    101  1.34s             0           1  0.55s           2025-07-02T01:35:50                       5
================================================================================
[2025-07-02T01:39:36.967+0000] {manager.py:1366} ERROR - Processor for /opt/airflow/dags/driven_data_pipeline.py with PID 101 started at 2025-07-02T01:36:49.067180+00:00 has timed out, killing it.
[2025-07-02T01:39:58.539+0000] {manager.py:997} INFO - 
================================================================================
DAG File Processing Stats

File Path                                  PID    Runtime      # DAGs    # Errors  Last Runtime    Last Run               Last # of DB Queries
-----------------------------------------  -----  ---------  --------  ----------  --------------  -------------------  ----------------------
/opt/airflow/dags/driven_data_pipeline.py                           0           1  167.90s         2025-07-02T01:39:36                       0
================================================================================
[2025-07-02T01:40:09.809+0000] {manager.py:821} INFO - Searching for files in /opt/airflow/dags
[2025-07-02T01:40:09.879+0000] {manager.py:824} INFO - There are 1 files in /opt/airflow/dags
[2025-07-02T01:40:29.585+0000] {manager.py:997} INFO - 
================================================================================
DAG File Processing Stats

File Path                                  PID    Runtime      # DAGs    # Errors  Last Runtime    Last Run               Last # of DB Queries
-----------------------------------------  -----  ---------  --------  ----------  --------------  -------------------  ----------------------
/opt/airflow/dags/driven_data_pipeline.py                           0           1  0.64s           2025-07-02T01:40:08                       5
================================================================================
[2025-07-02T01:40:59.849+0000] {manager.py:997} INFO - 
================================================================================
DAG File Processing Stats

File Path                                  PID    Runtime      # DAGs    # Errors  Last Runtime    Last Run               Last # of DB Queries
-----------------------------------------  -----  ---------  --------  ----------  --------------  -------------------  ----------------------
/opt/airflow/dags/driven_data_pipeline.py                           0           1  3.38s           2025-07-02T01:40:41                       5
================================================================================
[2025-07-02T01:41:45.083+0000] {manager.py:997} INFO - 
================================================================================
DAG File Processing Stats

File Path                                    PID  Runtime      # DAGs    # Errors  Last Runtime    Last Run               Last # of DB Queries
-----------------------------------------  -----  ---------  --------  ----------  --------------  -------------------  ----------------------
/opt/airflow/dags/driven_data_pipeline.py    122  21.39s            0           1  3.38s           2025-07-02T01:40:41                       5
================================================================================
[2025-07-02T01:42:52.499+0000] {manager.py:1366} ERROR - Processor for /opt/airflow/dags/driven_data_pipeline.py with PID 122 started at 2025-07-02T01:41:12.369973+00:00 has timed out, killing it.
[2025-07-02T01:42:56.687+0000] {manager.py:997} INFO - 
================================================================================
DAG File Processing Stats

File Path                                  PID    Runtime      # DAGs    # Errors  Last Runtime    Last Run               Last # of DB Queries
-----------------------------------------  -----  ---------  --------  ----------  --------------  -------------------  ----------------------
/opt/airflow/dags/driven_data_pipeline.py                           0           1  100.12s         2025-07-02T01:42:52                       0
================================================================================
[2025-07-02T01:43:13.214+0000] {manager.py:465} INFO - Exiting gracefully upon receiving signal 15
[2025-07-02T01:53:04.562+0000] {manager.py:483} INFO - Processing files using up to 2 processes at a time 
[2025-07-02T01:53:04.565+0000] {manager.py:484} INFO - Process each file at most once every 30 seconds
[2025-07-02T01:53:04.569+0000] {manager.py:485} INFO - Checking for new files in /opt/airflow/dags every 300 seconds
[2025-07-02T01:53:04.571+0000] {manager.py:821} INFO - Searching for files in /opt/airflow/dags
[2025-07-02T01:53:04.666+0000] {manager.py:824} INFO - There are 1 files in /opt/airflow/dags
[2025-07-02T01:53:05.415+0000] {manager.py:997} INFO - 
================================================================================
DAG File Processing Stats

File Path                                    PID  Runtime      # DAGs    # Errors  Last Runtime    Last Run      Last # of DB Queries
-----------------------------------------  -----  ---------  --------  ----------  --------------  ----------  ----------------------
/opt/airflow/dags/driven_data_pipeline.py     67  0.19s             0           0                                                   0
================================================================================
[2025-07-02T01:53:35.645+0000] {manager.py:997} INFO - 
================================================================================
DAG File Processing Stats

File Path                                  PID    Runtime      # DAGs    # Errors  Last Runtime    Last Run               Last # of DB Queries
-----------------------------------------  -----  ---------  --------  ----------  --------------  -------------------  ----------------------
/opt/airflow/dags/driven_data_pipeline.py                           0           1  0.58s           2025-07-02T01:53:05                       3
================================================================================
[2025-07-02T01:54:06.575+0000] {manager.py:997} INFO - 
================================================================================
DAG File Processing Stats

File Path                                  PID    Runtime      # DAGs    # Errors  Last Runtime    Last Run               Last # of DB Queries
-----------------------------------------  -----  ---------  --------  ----------  --------------  -------------------  ----------------------
/opt/airflow/dags/driven_data_pipeline.py                           0           1  0.77s           2025-07-02T01:53:37                       5
================================================================================
[2025-07-02T01:54:37.947+0000] {manager.py:997} INFO - 
================================================================================
DAG File Processing Stats

File Path                                  PID    Runtime      # DAGs    # Errors  Last Runtime    Last Run               Last # of DB Queries
-----------------------------------------  -----  ---------  --------  ----------  --------------  -------------------  ----------------------
/opt/airflow/dags/driven_data_pipeline.py                           0           1  0.28s           2025-07-02T01:54:07                       5
================================================================================
[2025-07-02T01:55:14.718+0000] {manager.py:997} INFO - 
================================================================================
DAG File Processing Stats

File Path                                    PID  Runtime      # DAGs    # Errors  Last Runtime    Last Run               Last # of DB Queries
-----------------------------------------  -----  ---------  --------  ----------  --------------  -------------------  ----------------------
/opt/airflow/dags/driven_data_pipeline.py     82  0.16s             0           1  0.28s           2025-07-02T01:54:07                       5
================================================================================
[2025-07-02T02:04:37.182+0000] {manager.py:821} INFO - Searching for files in /opt/airflow/dags
[2025-07-02T02:04:39.881+0000] {manager.py:824} INFO - There are 1 files in /opt/airflow/dags
[2025-07-02T02:04:47.793+0000] {manager.py:1366} ERROR - Processor for /opt/airflow/dags/driven_data_pipeline.py with PID 82 started at 2025-07-02T01:55:13.818981+00:00 has timed out, killing it.
[2025-07-02T02:04:48.278+0000] {manager.py:997} INFO - 
================================================================================
DAG File Processing Stats

File Path                                  PID    Runtime      # DAGs    # Errors  Last Runtime    Last Run               Last # of DB Queries
-----------------------------------------  -----  ---------  --------  ----------  --------------  -------------------  ----------------------
/opt/airflow/dags/driven_data_pipeline.py                           0           1  573.97s         2025-07-02T02:04:47                       0
================================================================================
[2025-07-02T02:05:18.314+0000] {manager.py:997} INFO - 
================================================================================
DAG File Processing Stats

File Path                                    PID  Runtime      # DAGs    # Errors  Last Runtime    Last Run               Last # of DB Queries
-----------------------------------------  -----  ---------  --------  ----------  --------------  -------------------  ----------------------
/opt/airflow/dags/driven_data_pipeline.py     83  0.02s             0           1  573.97s         2025-07-02T02:04:47                       0
================================================================================
[2025-07-02T02:08:09.062+0000] {manager.py:997} INFO - 
================================================================================
DAG File Processing Stats

File Path                                    PID  Runtime      # DAGs    # Errors  Last Runtime    Last Run               Last # of DB Queries
-----------------------------------------  -----  ---------  --------  ----------  --------------  -------------------  ----------------------
/opt/airflow/dags/driven_data_pipeline.py     90  2.16s             0           1  0.98s           2025-07-02T02:05:19                       5
================================================================================
[2025-07-02T02:22:36.801+0000] {manager.py:821} INFO - Searching for files in /opt/airflow/dags
[2025-07-02T02:35:06.999+0000] {manager.py:824} INFO - There are 1 files in /opt/airflow/dags
[2025-07-02T02:35:47.516+0000] {manager.py:833} ERROR - Error removing old import errors
Traceback (most recent call last):
  File "/home/airflow/.local/lib/python3.12/site-packages/sqlalchemy/engine/base.py", line 3371, in _wrap_pool_connect
    return fn()
           ^^^^
  File "/home/airflow/.local/lib/python3.12/site-packages/sqlalchemy/pool/base.py", line 327, in connect
    return _ConnectionFairy._checkout(self)
           ^^^^^^^^^^^^^^^^^^^^^^^^^^^^^^^^
  File "/home/airflow/.local/lib/python3.12/site-packages/sqlalchemy/pool/base.py", line 894, in _checkout
    fairy = _ConnectionRecord.checkout(pool)
            ^^^^^^^^^^^^^^^^^^^^^^^^^^^^^^^^
  File "/home/airflow/.local/lib/python3.12/site-packages/sqlalchemy/pool/base.py", line 497, in checkout
    with util.safe_reraise():
         ^^^^^^^^^^^^^^^^^^^
  File "/home/airflow/.local/lib/python3.12/site-packages/sqlalchemy/util/langhelpers.py", line 70, in __exit__
    compat.raise_(
  File "/home/airflow/.local/lib/python3.12/site-packages/sqlalchemy/util/compat.py", line 211, in raise_
    raise exception
  File "/home/airflow/.local/lib/python3.12/site-packages/sqlalchemy/pool/base.py", line 495, in checkout
    dbapi_connection = rec.get_connection()
                       ^^^^^^^^^^^^^^^^^^^^
  File "/home/airflow/.local/lib/python3.12/site-packages/sqlalchemy/pool/base.py", line 659, in get_connection
    self.__connect()
  File "/home/airflow/.local/lib/python3.12/site-packages/sqlalchemy/pool/base.py", line 690, in __connect
    with util.safe_reraise():
         ^^^^^^^^^^^^^^^^^^^
  File "/home/airflow/.local/lib/python3.12/site-packages/sqlalchemy/util/langhelpers.py", line 70, in __exit__
    compat.raise_(
  File "/home/airflow/.local/lib/python3.12/site-packages/sqlalchemy/util/compat.py", line 211, in raise_
    raise exception
  File "/home/airflow/.local/lib/python3.12/site-packages/sqlalchemy/pool/base.py", line 686, in __connect
    self.dbapi_connection = connection = pool._invoke_creator(self)
                                         ^^^^^^^^^^^^^^^^^^^^^^^^^^
  File "/home/airflow/.local/lib/python3.12/site-packages/sqlalchemy/engine/create.py", line 574, in connect
    return dialect.connect(*cargs, **cparams)
           ^^^^^^^^^^^^^^^^^^^^^^^^^^^^^^^^^^
  File "/home/airflow/.local/lib/python3.12/site-packages/sqlalchemy/engine/default.py", line 598, in connect
    return self.dbapi.connect(*cargs, **cparams)
           ^^^^^^^^^^^^^^^^^^^^^^^^^^^^^^^^^^^^^
  File "/home/airflow/.local/lib/python3.12/site-packages/psycopg2/__init__.py", line 122, in connect
    conn = _connect(dsn, connection_factory=connection_factory, **kwasync)
           ^^^^^^^^^^^^^^^^^^^^^^^^^^^^^^^^^^^^^^^^^^^^^^^^^^^^^^^^^^^^^^^
psycopg2.OperationalError: could not translate host name "postgres" to address: Temporary failure in name resolution


The above exception was the direct cause of the following exception:

Traceback (most recent call last):
  File "/home/airflow/.local/lib/python3.12/site-packages/airflow/dag_processing/manager.py", line 829, in _refresh_dag_dir
    DagFileProcessorManager.clear_nonexistent_import_errors(
  File "/home/airflow/.local/lib/python3.12/site-packages/airflow/api_internal/internal_api_call.py", line 139, in wrapper
    return func(*args, **kwargs)
           ^^^^^^^^^^^^^^^^^^^^^
  File "/home/airflow/.local/lib/python3.12/site-packages/airflow/utils/session.py", line 97, in wrapper
    return func(*args, session=session, **kwargs)
           ^^^^^^^^^^^^^^^^^^^^^^^^^^^^^^^^^^^^^^
  File "/home/airflow/.local/lib/python3.12/site-packages/airflow/dag_processing/manager.py", line 899, in clear_nonexistent_import_errors
    session.execute(query.execution_options(synchronize_session="fetch"))
  File "/home/airflow/.local/lib/python3.12/site-packages/sqlalchemy/orm/session.py", line 1716, in execute
    conn = self._connection_for_bind(bind)
           ^^^^^^^^^^^^^^^^^^^^^^^^^^^^^^^
  File "/home/airflow/.local/lib/python3.12/site-packages/sqlalchemy/orm/session.py", line 1555, in _connection_for_bind
    return self._transaction._connection_for_bind(
           ^^^^^^^^^^^^^^^^^^^^^^^^^^^^^^^^^^^^^^^
  File "/home/airflow/.local/lib/python3.12/site-packages/sqlalchemy/orm/session.py", line 750, in _connection_for_bind
    conn = bind.connect()
           ^^^^^^^^^^^^^^
  File "/home/airflow/.local/lib/python3.12/site-packages/sqlalchemy/future/engine.py", line 412, in connect
    return super(Engine, self).connect()
           ^^^^^^^^^^^^^^^^^^^^^^^^^^^^^
  File "/home/airflow/.local/lib/python3.12/site-packages/sqlalchemy/engine/base.py", line 3325, in connect
    return self._connection_cls(self, close_with_result=close_with_result)
           ^^^^^^^^^^^^^^^^^^^^^^^^^^^^^^^^^^^^^^^^^^^^^^^^^^^^^^^^^^^^^^^
  File "/home/airflow/.local/lib/python3.12/site-packages/sqlalchemy/engine/base.py", line 96, in __init__
    else engine.raw_connection()
         ^^^^^^^^^^^^^^^^^^^^^^^
  File "/home/airflow/.local/lib/python3.12/site-packages/sqlalchemy/engine/base.py", line 3404, in raw_connection
    return self._wrap_pool_connect(self.pool.connect, _connection)
           ^^^^^^^^^^^^^^^^^^^^^^^^^^^^^^^^^^^^^^^^^^^^^^^^^^^^^^^
  File "/home/airflow/.local/lib/python3.12/site-packages/sqlalchemy/engine/base.py", line 3374, in _wrap_pool_connect
    Connection._handle_dbapi_exception_noconnection(
  File "/home/airflow/.local/lib/python3.12/site-packages/sqlalchemy/engine/base.py", line 2208, in _handle_dbapi_exception_noconnection
    util.raise_(
  File "/home/airflow/.local/lib/python3.12/site-packages/sqlalchemy/util/compat.py", line 211, in raise_
    raise exception
  File "/home/airflow/.local/lib/python3.12/site-packages/sqlalchemy/engine/base.py", line 3371, in _wrap_pool_connect
    return fn()
           ^^^^
  File "/home/airflow/.local/lib/python3.12/site-packages/sqlalchemy/pool/base.py", line 327, in connect
    return _ConnectionFairy._checkout(self)
           ^^^^^^^^^^^^^^^^^^^^^^^^^^^^^^^^
  File "/home/airflow/.local/lib/python3.12/site-packages/sqlalchemy/pool/base.py", line 894, in _checkout
    fairy = _ConnectionRecord.checkout(pool)
            ^^^^^^^^^^^^^^^^^^^^^^^^^^^^^^^^
  File "/home/airflow/.local/lib/python3.12/site-packages/sqlalchemy/pool/base.py", line 497, in checkout
    with util.safe_reraise():
         ^^^^^^^^^^^^^^^^^^^
  File "/home/airflow/.local/lib/python3.12/site-packages/sqlalchemy/util/langhelpers.py", line 70, in __exit__
    compat.raise_(
  File "/home/airflow/.local/lib/python3.12/site-packages/sqlalchemy/util/compat.py", line 211, in raise_
    raise exception
  File "/home/airflow/.local/lib/python3.12/site-packages/sqlalchemy/pool/base.py", line 495, in checkout
    dbapi_connection = rec.get_connection()
                       ^^^^^^^^^^^^^^^^^^^^
  File "/home/airflow/.local/lib/python3.12/site-packages/sqlalchemy/pool/base.py", line 659, in get_connection
    self.__connect()
  File "/home/airflow/.local/lib/python3.12/site-packages/sqlalchemy/pool/base.py", line 690, in __connect
    with util.safe_reraise():
         ^^^^^^^^^^^^^^^^^^^
  File "/home/airflow/.local/lib/python3.12/site-packages/sqlalchemy/util/langhelpers.py", line 70, in __exit__
    compat.raise_(
  File "/home/airflow/.local/lib/python3.12/site-packages/sqlalchemy/util/compat.py", line 211, in raise_
    raise exception
  File "/home/airflow/.local/lib/python3.12/site-packages/sqlalchemy/pool/base.py", line 686, in __connect
    self.dbapi_connection = connection = pool._invoke_creator(self)
                                         ^^^^^^^^^^^^^^^^^^^^^^^^^^
  File "/home/airflow/.local/lib/python3.12/site-packages/sqlalchemy/engine/create.py", line 574, in connect
    return dialect.connect(*cargs, **cparams)
           ^^^^^^^^^^^^^^^^^^^^^^^^^^^^^^^^^^
  File "/home/airflow/.local/lib/python3.12/site-packages/sqlalchemy/engine/default.py", line 598, in connect
    return self.dbapi.connect(*cargs, **cparams)
           ^^^^^^^^^^^^^^^^^^^^^^^^^^^^^^^^^^^^^
  File "/home/airflow/.local/lib/python3.12/site-packages/psycopg2/__init__.py", line 122, in connect
    conn = _connect(dsn, connection_factory=connection_factory, **kwasync)
           ^^^^^^^^^^^^^^^^^^^^^^^^^^^^^^^^^^^^^^^^^^^^^^^^^^^^^^^^^^^^^^^
sqlalchemy.exc.OperationalError: (psycopg2.OperationalError) could not translate host name "postgres" to address: Temporary failure in name resolution

(Background on this error at: https://sqlalche.me/e/14/e3q8)
[2025-07-02T02:38:14.916+0000] {manager.py:483} INFO - Processing files using up to 2 processes at a time 
[2025-07-02T02:38:14.920+0000] {manager.py:484} INFO - Process each file at most once every 30 seconds
[2025-07-02T02:38:14.921+0000] {manager.py:485} INFO - Checking for new files in /opt/airflow/dags every 300 seconds
[2025-07-02T02:38:14.925+0000] {manager.py:821} INFO - Searching for files in /opt/airflow/dags
[2025-07-02T02:38:15.298+0000] {manager.py:824} INFO - There are 1 files in /opt/airflow/dags
[2025-07-02T02:38:15.957+0000] {manager.py:997} INFO - 
================================================================================
DAG File Processing Stats

File Path                                    PID  Runtime      # DAGs    # Errors  Last Runtime    Last Run      Last # of DB Queries
-----------------------------------------  -----  ---------  --------  ----------  --------------  ----------  ----------------------
/opt/airflow/dags/driven_data_pipeline.py     67  0.14s             0           0                                                   0
================================================================================
[2025-07-02T02:38:45.993+0000] {manager.py:997} INFO - 
================================================================================
DAG File Processing Stats

File Path                                  PID    Runtime      # DAGs    # Errors  Last Runtime    Last Run               Last # of DB Queries
-----------------------------------------  -----  ---------  --------  ----------  --------------  -------------------  ----------------------
/opt/airflow/dags/driven_data_pipeline.py                           0           1  0.57s           2025-07-02T02:38:16                       5
================================================================================
[2025-07-02T02:39:16.579+0000] {manager.py:997} INFO - 
================================================================================
DAG File Processing Stats

File Path                                  PID    Runtime      # DAGs    # Errors  Last Runtime    Last Run               Last # of DB Queries
-----------------------------------------  -----  ---------  --------  ----------  --------------  -------------------  ----------------------
/opt/airflow/dags/driven_data_pipeline.py                           0           1  0.30s           2025-07-02T02:38:47                       5
================================================================================
[2025-07-02T02:39:47.438+0000] {manager.py:997} INFO - 
================================================================================
DAG File Processing Stats

File Path                                  PID    Runtime      # DAGs    # Errors  Last Runtime    Last Run               Last # of DB Queries
-----------------------------------------  -----  ---------  --------  ----------  --------------  -------------------  ----------------------
/opt/airflow/dags/driven_data_pipeline.py                           0           1  0.37s           2025-07-02T02:39:18                       5
================================================================================
[2025-07-02T02:40:18.128+0000] {manager.py:997} INFO - 
================================================================================
DAG File Processing Stats

File Path                                  PID    Runtime      # DAGs    # Errors  Last Runtime    Last Run               Last # of DB Queries
-----------------------------------------  -----  ---------  --------  ----------  --------------  -------------------  ----------------------
/opt/airflow/dags/driven_data_pipeline.py                           0           1  0.40s           2025-07-02T02:39:48                       5
================================================================================
[2025-07-02T02:40:48.753+0000] {manager.py:997} INFO - 
================================================================================
DAG File Processing Stats

File Path                                  PID    Runtime      # DAGs    # Errors  Last Runtime    Last Run               Last # of DB Queries
-----------------------------------------  -----  ---------  --------  ----------  --------------  -------------------  ----------------------
/opt/airflow/dags/driven_data_pipeline.py                           0           1  0.72s           2025-07-02T02:40:19                       5
================================================================================
[2025-07-02T02:41:18.928+0000] {manager.py:997} INFO - 
================================================================================
DAG File Processing Stats

File Path                                  PID    Runtime      # DAGs    # Errors  Last Runtime    Last Run               Last # of DB Queries
-----------------------------------------  -----  ---------  --------  ----------  --------------  -------------------  ----------------------
/opt/airflow/dags/driven_data_pipeline.py                           0           1  0.36s           2025-07-02T02:40:50                       5
================================================================================
[2025-07-02T02:41:49.895+0000] {manager.py:997} INFO - 
================================================================================
DAG File Processing Stats

File Path                                  PID    Runtime      # DAGs    # Errors  Last Runtime    Last Run               Last # of DB Queries
-----------------------------------------  -----  ---------  --------  ----------  --------------  -------------------  ----------------------
/opt/airflow/dags/driven_data_pipeline.py                           0           1  0.34s           2025-07-02T02:41:22                       5
================================================================================
[2025-07-02T02:42:19.944+0000] {manager.py:997} INFO - 
================================================================================
DAG File Processing Stats

File Path                                  PID    Runtime      # DAGs    # Errors  Last Runtime    Last Run               Last # of DB Queries
-----------------------------------------  -----  ---------  --------  ----------  --------------  -------------------  ----------------------
/opt/airflow/dags/driven_data_pipeline.py                           0           1  0.38s           2025-07-02T02:41:54                       5
================================================================================
[2025-07-02T02:42:50.480+0000] {manager.py:997} INFO - 
================================================================================
DAG File Processing Stats

File Path                                  PID    Runtime      # DAGs    # Errors  Last Runtime    Last Run               Last # of DB Queries
-----------------------------------------  -----  ---------  --------  ----------  --------------  -------------------  ----------------------
/opt/airflow/dags/driven_data_pipeline.py                           0           1  0.71s           2025-07-02T02:42:25                       5
================================================================================
[2025-07-02T02:44:13.291+0000] {manager.py:821} INFO - Searching for files in /opt/airflow/dags
[2025-07-02T02:44:20.476+0000] {manager.py:824} INFO - There are 0 files in /opt/airflow/dags
[2025-07-02T02:49:13.603+0000] {manager.py:821} INFO - Searching for files in /opt/airflow/dags
[2025-07-02T02:49:13.741+0000] {manager.py:824} INFO - There are 1 files in /opt/airflow/dags
[2025-07-02T02:49:36.576+0000] {manager.py:997} INFO - 
================================================================================
DAG File Processing Stats

File Path                                  PID    Runtime      # DAGs    # Errors  Last Runtime    Last Run               Last # of DB Queries
-----------------------------------------  -----  ---------  --------  ----------  --------------  -------------------  ----------------------
/opt/airflow/dags/driven_data_pipeline.py                           0           1  0.55s           2025-07-02T02:49:14                       3
================================================================================
[2025-07-02T02:50:07.186+0000] {manager.py:997} INFO - 
================================================================================
DAG File Processing Stats

File Path                                  PID    Runtime      # DAGs    # Errors  Last Runtime    Last Run               Last # of DB Queries
-----------------------------------------  -----  ---------  --------  ----------  --------------  -------------------  ----------------------
/opt/airflow/dags/driven_data_pipeline.py                           0           1  0.29s           2025-07-02T02:49:45                       5
================================================================================
[2025-07-02T02:50:37.945+0000] {manager.py:997} INFO - 
================================================================================
DAG File Processing Stats

File Path                                  PID    Runtime      # DAGs    # Errors  Last Runtime    Last Run               Last # of DB Queries
-----------------------------------------  -----  ---------  --------  ----------  --------------  -------------------  ----------------------
/opt/airflow/dags/driven_data_pipeline.py                           0           1  0.38s           2025-07-02T02:50:15                       5
================================================================================
[2025-07-02T02:51:08.285+0000] {manager.py:997} INFO - 
================================================================================
DAG File Processing Stats

File Path                                  PID    Runtime      # DAGs    # Errors  Last Runtime    Last Run               Last # of DB Queries
-----------------------------------------  -----  ---------  --------  ----------  --------------  -------------------  ----------------------
/opt/airflow/dags/driven_data_pipeline.py                           0           1  0.58s           2025-07-02T02:50:47                       5
================================================================================
[2025-07-02T02:51:38.596+0000] {manager.py:997} INFO - 
================================================================================
DAG File Processing Stats

File Path                                  PID    Runtime      # DAGs    # Errors  Last Runtime    Last Run               Last # of DB Queries
-----------------------------------------  -----  ---------  --------  ----------  --------------  -------------------  ----------------------
/opt/airflow/dags/driven_data_pipeline.py                           0           1  0.34s           2025-07-02T02:51:18                       5
================================================================================
[2025-07-02T02:52:09.008+0000] {manager.py:997} INFO - 
================================================================================
DAG File Processing Stats

File Path                                  PID    Runtime      # DAGs    # Errors  Last Runtime    Last Run               Last # of DB Queries
-----------------------------------------  -----  ---------  --------  ----------  --------------  -------------------  ----------------------
/opt/airflow/dags/driven_data_pipeline.py                           0           1  0.52s           2025-07-02T02:51:49                       5
================================================================================
[2025-07-02T02:52:39.227+0000] {manager.py:997} INFO - 
================================================================================
DAG File Processing Stats

File Path                                  PID    Runtime      # DAGs    # Errors  Last Runtime    Last Run               Last # of DB Queries
-----------------------------------------  -----  ---------  --------  ----------  --------------  -------------------  ----------------------
/opt/airflow/dags/driven_data_pipeline.py                           0           1  0.26s           2025-07-02T02:52:20                       5
================================================================================
[2025-07-02T02:53:10.170+0000] {manager.py:997} INFO - 
================================================================================
DAG File Processing Stats

File Path                                  PID    Runtime      # DAGs    # Errors  Last Runtime    Last Run               Last # of DB Queries
-----------------------------------------  -----  ---------  --------  ----------  --------------  -------------------  ----------------------
/opt/airflow/dags/driven_data_pipeline.py                           0           1  0.27s           2025-07-02T02:52:50                       5
================================================================================
[2025-07-02T02:53:40.752+0000] {manager.py:997} INFO - 
================================================================================
DAG File Processing Stats

File Path                                  PID    Runtime      # DAGs    # Errors  Last Runtime    Last Run               Last # of DB Queries
-----------------------------------------  -----  ---------  --------  ----------  --------------  -------------------  ----------------------
/opt/airflow/dags/driven_data_pipeline.py                           0           1  0.31s           2025-07-02T02:53:21                       5
================================================================================
[2025-07-02T02:54:11.000+0000] {manager.py:997} INFO - 
================================================================================
DAG File Processing Stats

File Path                                  PID    Runtime      # DAGs    # Errors  Last Runtime    Last Run               Last # of DB Queries
-----------------------------------------  -----  ---------  --------  ----------  --------------  -------------------  ----------------------
/opt/airflow/dags/driven_data_pipeline.py                           0           1  0.72s           2025-07-02T02:53:52                       5
================================================================================
[2025-07-02T02:54:13.655+0000] {manager.py:821} INFO - Searching for files in /opt/airflow/dags
[2025-07-02T02:54:13.736+0000] {manager.py:824} INFO - There are 1 files in /opt/airflow/dags
[2025-07-02T02:54:41.165+0000] {manager.py:997} INFO - 
================================================================================
DAG File Processing Stats

File Path                                  PID    Runtime      # DAGs    # Errors  Last Runtime    Last Run               Last # of DB Queries
-----------------------------------------  -----  ---------  --------  ----------  --------------  -------------------  ----------------------
/opt/airflow/dags/driven_data_pipeline.py                           0           1  1.75s           2025-07-02T02:54:27                       5
================================================================================
[2025-07-02T02:55:12.271+0000] {manager.py:997} INFO - 
================================================================================
DAG File Processing Stats

File Path                                  PID    Runtime      # DAGs    # Errors  Last Runtime    Last Run               Last # of DB Queries
-----------------------------------------  -----  ---------  --------  ----------  --------------  -------------------  ----------------------
/opt/airflow/dags/driven_data_pipeline.py                           0           1  0.32s           2025-07-02T02:54:57                       5
================================================================================
[2025-07-02T02:55:42.453+0000] {manager.py:997} INFO - 
================================================================================
DAG File Processing Stats

File Path                                  PID    Runtime      # DAGs    # Errors  Last Runtime    Last Run               Last # of DB Queries
-----------------------------------------  -----  ---------  --------  ----------  --------------  -------------------  ----------------------
/opt/airflow/dags/driven_data_pipeline.py                           0           1  0.32s           2025-07-02T02:55:28                       5
================================================================================
[2025-07-02T02:56:13.022+0000] {manager.py:997} INFO - 
================================================================================
DAG File Processing Stats

File Path                                  PID    Runtime      # DAGs    # Errors  Last Runtime    Last Run               Last # of DB Queries
-----------------------------------------  -----  ---------  --------  ----------  --------------  -------------------  ----------------------
/opt/airflow/dags/driven_data_pipeline.py                           0           1  0.46s           2025-07-02T02:55:59                       5
================================================================================
[2025-07-02T02:56:44.080+0000] {manager.py:997} INFO - 
================================================================================
DAG File Processing Stats

File Path                                  PID    Runtime      # DAGs    # Errors  Last Runtime    Last Run               Last # of DB Queries
-----------------------------------------  -----  ---------  --------  ----------  --------------  -------------------  ----------------------
/opt/airflow/dags/driven_data_pipeline.py                           0           1  0.41s           2025-07-02T02:56:29                       5
================================================================================
[2025-07-02T02:57:14.623+0000] {manager.py:997} INFO - 
================================================================================
DAG File Processing Stats

File Path                                  PID    Runtime      # DAGs    # Errors  Last Runtime    Last Run               Last # of DB Queries
-----------------------------------------  -----  ---------  --------  ----------  --------------  -------------------  ----------------------
/opt/airflow/dags/driven_data_pipeline.py                           0           1  0.35s           2025-07-02T02:57:00                       5
================================================================================
[2025-07-02T02:57:45.288+0000] {manager.py:997} INFO - 
================================================================================
DAG File Processing Stats

File Path                                  PID    Runtime      # DAGs    # Errors  Last Runtime    Last Run               Last # of DB Queries
-----------------------------------------  -----  ---------  --------  ----------  --------------  -------------------  ----------------------
/opt/airflow/dags/driven_data_pipeline.py                           0           1  0.27s           2025-07-02T02:57:31                       5
================================================================================
[2025-07-02T03:02:18.524+0000] {manager.py:997} INFO - 
================================================================================
DAG File Processing Stats

File Path                                    PID  Runtime      # DAGs    # Errors  Last Runtime    Last Run               Last # of DB Queries
-----------------------------------------  -----  ---------  --------  ----------  --------------  -------------------  ----------------------
/opt/airflow/dags/driven_data_pipeline.py    259  9.99s             0           1  0.27s           2025-07-02T02:57:31                       5
================================================================================
[2025-07-02T03:07:31.260+0000] {manager.py:821} INFO - Searching for files in /opt/airflow/dags
[2025-07-02T03:07:31.903+0000] {manager.py:824} INFO - There are 1 files in /opt/airflow/dags
[2025-07-02T03:07:32.244+0000] {manager.py:1366} ERROR - Processor for /opt/airflow/dags/driven_data_pipeline.py with PID 259 started at 2025-07-02T02:58:12.328723+00:00 has timed out, killing it.
[2025-07-02T03:07:32.337+0000] {manager.py:997} INFO - 
================================================================================
DAG File Processing Stats

File Path                                  PID    Runtime      # DAGs    # Errors  Last Runtime    Last Run               Last # of DB Queries
-----------------------------------------  -----  ---------  --------  ----------  --------------  -------------------  ----------------------
/opt/airflow/dags/driven_data_pipeline.py                           0           1  559.91s         2025-07-02T03:07:32                       0
================================================================================
[2025-07-02T03:08:03.015+0000] {manager.py:997} INFO - 
================================================================================
DAG File Processing Stats

File Path                                    PID  Runtime      # DAGs    # Errors  Last Runtime    Last Run               Last # of DB Queries
-----------------------------------------  -----  ---------  --------  ----------  --------------  -------------------  ----------------------
/opt/airflow/dags/driven_data_pipeline.py    265  0.02s             0           1  559.91s         2025-07-02T03:07:32                       0
================================================================================
[2025-07-02T03:08:33.901+0000] {manager.py:997} INFO - 
================================================================================
DAG File Processing Stats

File Path                                    PID  Runtime      # DAGs    # Errors  Last Runtime    Last Run               Last # of DB Queries
-----------------------------------------  -----  ---------  --------  ----------  --------------  -------------------  ----------------------
/opt/airflow/dags/driven_data_pipeline.py    273  0.01s             0           1  0.39s           2025-07-02T03:08:03                       5
================================================================================
[2025-07-02T03:09:05.369+0000] {manager.py:997} INFO - 
================================================================================
DAG File Processing Stats

File Path                                    PID  Runtime      # DAGs    # Errors  Last Runtime    Last Run               Last # of DB Queries
-----------------------------------------  -----  ---------  --------  ----------  --------------  -------------------  ----------------------
/opt/airflow/dags/driven_data_pipeline.py    280  0.08s             0           1  0.24s           2025-07-02T03:08:34                       5
================================================================================
[2025-07-02T03:09:35.937+0000] {manager.py:997} INFO - 
================================================================================
DAG File Processing Stats

File Path                                  PID    Runtime      # DAGs    # Errors  Last Runtime    Last Run               Last # of DB Queries
-----------------------------------------  -----  ---------  --------  ----------  --------------  -------------------  ----------------------
/opt/airflow/dags/driven_data_pipeline.py                           0           1  1.70s           2025-07-02T03:09:06                       5
================================================================================
[2025-07-02T03:13:55.422+0000] {manager.py:997} INFO - 
================================================================================
DAG File Processing Stats

File Path                                    PID  Runtime      # DAGs    # Errors  Last Runtime    Last Run               Last # of DB Queries
-----------------------------------------  -----  ---------  --------  ----------  --------------  -------------------  ----------------------
/opt/airflow/dags/driven_data_pipeline.py    296  2.57s             0           1  1.36s           2025-07-02T03:09:38                       5
================================================================================
[2025-07-02T03:20:47.176+0000] {manager.py:821} INFO - Searching for files in /opt/airflow/dags
[2025-07-02T03:20:48.940+0000] {manager.py:824} INFO - There are 1 files in /opt/airflow/dags
[2025-07-02T03:20:52.082+0000] {manager.py:1366} ERROR - Processor for /opt/airflow/dags/driven_data_pipeline.py with PID 296 started at 2025-07-02T03:11:03.698035+00:00 has timed out, killing it.
[2025-07-02T03:20:52.203+0000] {manager.py:997} INFO - 
================================================================================
DAG File Processing Stats

File Path                                  PID    Runtime      # DAGs    # Errors  Last Runtime    Last Run               Last # of DB Queries
-----------------------------------------  -----  ---------  --------  ----------  --------------  -------------------  ----------------------
/opt/airflow/dags/driven_data_pipeline.py                           0           1  588.38s         2025-07-02T03:20:52                       0
================================================================================
[2025-07-02T03:21:22.953+0000] {manager.py:997} INFO - 
================================================================================
DAG File Processing Stats

File Path                                  PID    Runtime      # DAGs    # Errors  Last Runtime    Last Run               Last # of DB Queries
-----------------------------------------  -----  ---------  --------  ----------  --------------  -------------------  ----------------------
/opt/airflow/dags/driven_data_pipeline.py                           0           1  0.64s           2025-07-02T03:21:22                       5
================================================================================
[2025-07-02T03:21:53.553+0000] {manager.py:997} INFO - 
================================================================================
DAG File Processing Stats

File Path                                  PID    Runtime      # DAGs    # Errors  Last Runtime    Last Run               Last # of DB Queries
-----------------------------------------  -----  ---------  --------  ----------  --------------  -------------------  ----------------------
/opt/airflow/dags/driven_data_pipeline.py                           0           1  0.20s           2025-07-02T03:21:53                       5
================================================================================
[2025-07-02T03:22:24.308+0000] {manager.py:997} INFO - 
================================================================================
DAG File Processing Stats

File Path                                    PID  Runtime      # DAGs    # Errors  Last Runtime    Last Run               Last # of DB Queries
-----------------------------------------  -----  ---------  --------  ----------  --------------  -------------------  ----------------------
/opt/airflow/dags/driven_data_pipeline.py    318  0.02s             0           1  0.20s           2025-07-02T03:21:53                       5
================================================================================
[2025-07-02T03:22:55.443+0000] {manager.py:997} INFO - 
================================================================================
DAG File Processing Stats

File Path                                    PID  Runtime      # DAGs    # Errors  Last Runtime    Last Run               Last # of DB Queries
-----------------------------------------  -----  ---------  --------  ----------  --------------  -------------------  ----------------------
/opt/airflow/dags/driven_data_pipeline.py    326  0.01s             0           1  0.43s           2025-07-02T03:22:24                       5
================================================================================
[2025-07-02T03:23:25.950+0000] {manager.py:997} INFO - 
================================================================================
DAG File Processing Stats

File Path                                    PID  Runtime      # DAGs    # Errors  Last Runtime    Last Run               Last # of DB Queries
-----------------------------------------  -----  ---------  --------  ----------  --------------  -------------------  ----------------------
/opt/airflow/dags/driven_data_pipeline.py    333  0.02s             0           1  0.33s           2025-07-02T03:22:55                       5
================================================================================
[2025-07-02T03:23:57.402+0000] {manager.py:997} INFO - 
================================================================================
DAG File Processing Stats

File Path                                    PID  Runtime      # DAGs    # Errors  Last Runtime    Last Run               Last # of DB Queries
-----------------------------------------  -----  ---------  --------  ----------  --------------  -------------------  ----------------------
/opt/airflow/dags/driven_data_pipeline.py    340  0.03s             0           1  0.38s           2025-07-02T03:23:26                       5
================================================================================
[2025-07-02T03:24:28.321+0000] {manager.py:997} INFO - 
================================================================================
DAG File Processing Stats

File Path                                    PID  Runtime      # DAGs    # Errors  Last Runtime    Last Run               Last # of DB Queries
-----------------------------------------  -----  ---------  --------  ----------  --------------  -------------------  ----------------------
/opt/airflow/dags/driven_data_pipeline.py    348  0.02s             0           1  0.37s           2025-07-02T03:23:57                       5
================================================================================
[2025-07-02T03:24:59.043+0000] {manager.py:997} INFO - 
================================================================================
DAG File Processing Stats

File Path                                    PID  Runtime      # DAGs    # Errors  Last Runtime    Last Run               Last # of DB Queries
-----------------------------------------  -----  ---------  --------  ----------  --------------  -------------------  ----------------------
/opt/airflow/dags/driven_data_pipeline.py    355  0.01s             0           1  0.35s           2025-07-02T03:24:28                       5
================================================================================
[2025-07-02T03:25:29.922+0000] {manager.py:997} INFO - 
================================================================================
DAG File Processing Stats

File Path                                    PID  Runtime      # DAGs    # Errors  Last Runtime    Last Run               Last # of DB Queries
-----------------------------------------  -----  ---------  --------  ----------  --------------  -------------------  ----------------------
/opt/airflow/dags/driven_data_pipeline.py    362  0.01s             0           1  0.28s           2025-07-02T03:24:59                       5
================================================================================
[2025-07-02T03:25:47.392+0000] {manager.py:821} INFO - Searching for files in /opt/airflow/dags
[2025-07-02T03:25:47.463+0000] {manager.py:824} INFO - There are 1 files in /opt/airflow/dags
[2025-07-02T03:26:00.809+0000] {manager.py:997} INFO - 
================================================================================
DAG File Processing Stats

File Path                                    PID  Runtime      # DAGs    # Errors  Last Runtime    Last Run               Last # of DB Queries
-----------------------------------------  -----  ---------  --------  ----------  --------------  -------------------  ----------------------
/opt/airflow/dags/driven_data_pipeline.py    370  0.02s             0           1  0.35s           2025-07-02T03:25:30                       5
================================================================================
[2025-07-02T03:26:31.731+0000] {manager.py:997} INFO - 
================================================================================
DAG File Processing Stats

File Path                                    PID  Runtime      # DAGs    # Errors  Last Runtime    Last Run               Last # of DB Queries
-----------------------------------------  -----  ---------  --------  ----------  --------------  -------------------  ----------------------
/opt/airflow/dags/driven_data_pipeline.py    377  0.01s             0           1  0.51s           2025-07-02T03:26:01                       5
================================================================================
[2025-07-02T03:27:02.581+0000] {manager.py:997} INFO - 
================================================================================
DAG File Processing Stats

File Path                                    PID  Runtime      # DAGs    # Errors  Last Runtime    Last Run               Last # of DB Queries
-----------------------------------------  -----  ---------  --------  ----------  --------------  -------------------  ----------------------
/opt/airflow/dags/driven_data_pipeline.py    384  0.01s             0           1  0.41s           2025-07-02T03:26:32                       5
================================================================================
[2025-07-02T03:27:33.488+0000] {manager.py:997} INFO - 
================================================================================
DAG File Processing Stats

File Path                                    PID  Runtime      # DAGs    # Errors  Last Runtime    Last Run               Last # of DB Queries
-----------------------------------------  -----  ---------  --------  ----------  --------------  -------------------  ----------------------
/opt/airflow/dags/driven_data_pipeline.py    391  0.02s             0           1  0.33s           2025-07-02T03:27:02                       5
================================================================================
[2025-07-02T03:28:04.001+0000] {manager.py:997} INFO - 
================================================================================
DAG File Processing Stats

File Path                                    PID  Runtime      # DAGs    # Errors  Last Runtime    Last Run               Last # of DB Queries
-----------------------------------------  -----  ---------  --------  ----------  --------------  -------------------  ----------------------
/opt/airflow/dags/driven_data_pipeline.py    398  0.02s             0           1  0.31s           2025-07-02T03:27:33                       5
================================================================================
[2025-07-02T03:28:34.469+0000] {manager.py:997} INFO - 
================================================================================
DAG File Processing Stats

File Path                                  PID    Runtime      # DAGs    # Errors  Last Runtime    Last Run               Last # of DB Queries
-----------------------------------------  -----  ---------  --------  ----------  --------------  -------------------  ----------------------
/opt/airflow/dags/driven_data_pipeline.py                           0           1  0.53s           2025-07-02T03:28:04                       5
================================================================================
[2025-07-02T03:29:05.811+0000] {manager.py:997} INFO - 
================================================================================
DAG File Processing Stats

File Path                                    PID  Runtime      # DAGs    # Errors  Last Runtime    Last Run               Last # of DB Queries
-----------------------------------------  -----  ---------  --------  ----------  --------------  -------------------  ----------------------
/opt/airflow/dags/driven_data_pipeline.py    412  0.02s             0           1  0.45s           2025-07-02T03:28:35                       5
================================================================================
[2025-07-02T03:29:36.146+0000] {manager.py:997} INFO - 
================================================================================
DAG File Processing Stats

File Path                                  PID    Runtime      # DAGs    # Errors  Last Runtime    Last Run               Last # of DB Queries
-----------------------------------------  -----  ---------  --------  ----------  --------------  -------------------  ----------------------
/opt/airflow/dags/driven_data_pipeline.py                           0           1  0.35s           2025-07-02T03:29:06                       5
================================================================================
[2025-07-02T03:30:07.702+0000] {manager.py:997} INFO - 
================================================================================
DAG File Processing Stats

File Path                                    PID  Runtime      # DAGs    # Errors  Last Runtime    Last Run               Last # of DB Queries
-----------------------------------------  -----  ---------  --------  ----------  --------------  -------------------  ----------------------
/opt/airflow/dags/driven_data_pipeline.py    426  0.03s             0           1  1.03s           2025-07-02T03:29:37                       5
================================================================================
[2025-07-02T03:39:16.705+0000] {manager.py:483} INFO - Processing files using up to 2 processes at a time 
[2025-07-02T03:39:16.707+0000] {manager.py:484} INFO - Process each file at most once every 30 seconds
[2025-07-02T03:39:16.709+0000] {manager.py:485} INFO - Checking for new files in /opt/airflow/dags every 300 seconds
[2025-07-02T03:39:16.711+0000] {manager.py:821} INFO - Searching for files in /opt/airflow/dags
[2025-07-02T03:39:16.781+0000] {manager.py:824} INFO - There are 1 files in /opt/airflow/dags
[2025-07-02T03:39:17.087+0000] {manager.py:997} INFO - 
================================================================================
DAG File Processing Stats

File Path                                    PID  Runtime      # DAGs    # Errors  Last Runtime    Last Run      Last # of DB Queries
-----------------------------------------  -----  ---------  --------  ----------  --------------  ----------  ----------------------
/opt/airflow/dags/driven_data_pipeline.py     65  0.09s             0           0                                                   0
================================================================================
[2025-07-02T03:39:47.106+0000] {manager.py:997} INFO - 
================================================================================
DAG File Processing Stats

File Path                                  PID    Runtime      # DAGs    # Errors  Last Runtime    Last Run               Last # of DB Queries
-----------------------------------------  -----  ---------  --------  ----------  --------------  -------------------  ----------------------
/opt/airflow/dags/driven_data_pipeline.py                           0           1  0.25s           2025-07-02T03:39:17                       5
================================================================================
[2025-07-02T03:40:04.543+0000] {manager.py:465} INFO - Exiting gracefully upon receiving signal 15
[2025-07-02T03:43:21.264+0000] {manager.py:483} INFO - Processing files using up to 2 processes at a time 
[2025-07-02T03:43:21.281+0000] {manager.py:484} INFO - Process each file at most once every 30 seconds
[2025-07-02T03:43:21.289+0000] {manager.py:485} INFO - Checking for new files in /opt/airflow/dags every 300 seconds
[2025-07-02T03:43:21.301+0000] {manager.py:821} INFO - Searching for files in /opt/airflow/dags
[2025-07-02T03:43:21.514+0000] {manager.py:824} INFO - There are 1 files in /opt/airflow/dags
[2025-07-02T03:43:22.703+0000] {manager.py:997} INFO - 
================================================================================
DAG File Processing Stats

File Path                                    PID  Runtime      # DAGs    # Errors  Last Runtime    Last Run      Last # of DB Queries
-----------------------------------------  -----  ---------  --------  ----------  --------------  ----------  ----------------------
/opt/airflow/dags/driven_data_pipeline.py     70  0.13s             0           0                                                   0
================================================================================
[2025-07-02T03:43:52.879+0000] {manager.py:997} INFO - 
================================================================================
DAG File Processing Stats

File Path                                  PID    Runtime      # DAGs    # Errors  Last Runtime    Last Run               Last # of DB Queries
-----------------------------------------  -----  ---------  --------  ----------  --------------  -------------------  ----------------------
/opt/airflow/dags/driven_data_pipeline.py                           0           1  0.63s           2025-07-02T03:43:23                       5
================================================================================
[2025-07-02T03:44:23.663+0000] {manager.py:997} INFO - 
================================================================================
DAG File Processing Stats

File Path                                  PID    Runtime      # DAGs    # Errors  Last Runtime    Last Run               Last # of DB Queries
-----------------------------------------  -----  ---------  --------  ----------  --------------  -------------------  ----------------------
/opt/airflow/dags/driven_data_pipeline.py                           0           1  0.45s           2025-07-02T03:43:54                       5
================================================================================
[2025-07-02T03:44:55.293+0000] {manager.py:997} INFO - 
================================================================================
DAG File Processing Stats

File Path                                  PID    Runtime      # DAGs    # Errors  Last Runtime    Last Run               Last # of DB Queries
-----------------------------------------  -----  ---------  --------  ----------  --------------  -------------------  ----------------------
/opt/airflow/dags/driven_data_pipeline.py                           0           1  0.38s           2025-07-02T03:44:25                       5
================================================================================
[2025-07-02T03:45:41.750+0000] {manager.py:997} INFO - 
================================================================================
DAG File Processing Stats

File Path                                    PID  Runtime      # DAGs    # Errors  Last Runtime    Last Run               Last # of DB Queries
-----------------------------------------  -----  ---------  --------  ----------  --------------  -------------------  ----------------------
/opt/airflow/dags/driven_data_pipeline.py     85  1.70s             0           1  0.38s           2025-07-02T03:44:25                       5
================================================================================
[2025-07-02T03:48:53.166+0000] {manager.py:821} INFO - Searching for files in /opt/airflow/dags
[2025-07-02T03:48:53.357+0000] {manager.py:824} INFO - There are 0 files in /opt/airflow/dags
[2025-07-02T03:48:53.390+0000] {manager.py:1120} WARNING - Stopping processor for /opt/airflow/dags/driven_data_pipeline.py
[2025-07-02T03:49:00.132+0000] {manager.py:483} INFO - Processing files using up to 2 processes at a time 
[2025-07-02T03:49:00.137+0000] {manager.py:484} INFO - Process each file at most once every 30 seconds
[2025-07-02T03:49:00.139+0000] {manager.py:485} INFO - Checking for new files in /opt/airflow/dags every 300 seconds
[2025-07-02T03:49:00.140+0000] {manager.py:821} INFO - Searching for files in /opt/airflow/dags
[2025-07-02T03:49:00.512+0000] {manager.py:824} INFO - There are 1 files in /opt/airflow/dags
[2025-07-02T03:49:01.771+0000] {manager.py:997} INFO - 
================================================================================
DAG File Processing Stats

File Path                                    PID  Runtime      # DAGs    # Errors  Last Runtime    Last Run      Last # of DB Queries
-----------------------------------------  -----  ---------  --------  ----------  --------------  ----------  ----------------------
/opt/airflow/dags/driven_data_pipeline.py     94  0.20s             0           0                                                   0
================================================================================
[2025-07-02T03:52:04.859+0000] {manager.py:483} INFO - Processing files using up to 2 processes at a time 
[2025-07-02T03:52:04.861+0000] {manager.py:484} INFO - Process each file at most once every 30 seconds
[2025-07-02T03:52:04.862+0000] {manager.py:485} INFO - Checking for new files in /opt/airflow/dags every 300 seconds
[2025-07-02T03:52:04.864+0000] {manager.py:821} INFO - Searching for files in /opt/airflow/dags
[2025-07-02T03:52:04.924+0000] {manager.py:824} INFO - There are 1 files in /opt/airflow/dags
[2025-07-02T03:52:05.666+0000] {manager.py:997} INFO - 
================================================================================
DAG File Processing Stats

File Path                                    PID  Runtime      # DAGs    # Errors  Last Runtime    Last Run      Last # of DB Queries
-----------------------------------------  -----  ---------  --------  ----------  --------------  ----------  ----------------------
/opt/airflow/dags/driven_data_pipeline.py     65  0.22s             0           0                                                   0
================================================================================
[2025-07-02T03:52:36.332+0000] {manager.py:997} INFO - 
================================================================================
DAG File Processing Stats

File Path                                    PID  Runtime      # DAGs    # Errors  Last Runtime    Last Run               Last # of DB Queries
-----------------------------------------  -----  ---------  --------  ----------  --------------  -------------------  ----------------------
/opt/airflow/dags/driven_data_pipeline.py     72  0.01s             0           1  0.47s           2025-07-02T03:52:05                       3
================================================================================
[2025-07-02T03:53:06.854+0000] {manager.py:997} INFO - 
================================================================================
DAG File Processing Stats

File Path                                    PID  Runtime      # DAGs    # Errors  Last Runtime    Last Run               Last # of DB Queries
-----------------------------------------  -----  ---------  --------  ----------  --------------  -------------------  ----------------------
/opt/airflow/dags/driven_data_pipeline.py     79  0.02s             0           1  0.26s           2025-07-02T03:52:36                       5
================================================================================
[2025-07-02T03:53:37.352+0000] {manager.py:997} INFO - 
================================================================================
DAG File Processing Stats

File Path                                    PID  Runtime      # DAGs    # Errors  Last Runtime    Last Run               Last # of DB Queries
-----------------------------------------  -----  ---------  --------  ----------  --------------  -------------------  ----------------------
/opt/airflow/dags/driven_data_pipeline.py     86  0.01s             0           1  0.29s           2025-07-02T03:53:07                       5
================================================================================
[2025-07-02T03:54:07.951+0000] {manager.py:997} INFO - 
================================================================================
DAG File Processing Stats

File Path                                    PID  Runtime      # DAGs    # Errors  Last Runtime    Last Run               Last # of DB Queries
-----------------------------------------  -----  ---------  --------  ----------  --------------  -------------------  ----------------------
/opt/airflow/dags/driven_data_pipeline.py     94  0.02s             0           1  0.20s           2025-07-02T03:53:37                       5
================================================================================
[2025-07-02T03:54:38.691+0000] {manager.py:997} INFO - 
================================================================================
DAG File Processing Stats

File Path                                    PID  Runtime      # DAGs    # Errors  Last Runtime    Last Run               Last # of DB Queries
-----------------------------------------  -----  ---------  --------  ----------  --------------  -------------------  ----------------------
/opt/airflow/dags/driven_data_pipeline.py    101  0.01s             0           1  0.27s           2025-07-02T03:54:08                       5
================================================================================
[2025-07-02T03:55:09.098+0000] {manager.py:997} INFO - 
================================================================================
DAG File Processing Stats

File Path                                    PID  Runtime      # DAGs    # Errors  Last Runtime    Last Run               Last # of DB Queries
-----------------------------------------  -----  ---------  --------  ----------  --------------  -------------------  ----------------------
/opt/airflow/dags/driven_data_pipeline.py    108  0.01s             0           1  0.21s           2025-07-02T03:54:38                       5
================================================================================
[2025-07-02T03:55:39.781+0000] {manager.py:997} INFO - 
================================================================================
DAG File Processing Stats

File Path                                    PID  Runtime      # DAGs    # Errors  Last Runtime    Last Run               Last # of DB Queries
-----------------------------------------  -----  ---------  --------  ----------  --------------  -------------------  ----------------------
/opt/airflow/dags/driven_data_pipeline.py    115  0.04s             0           1  0.29s           2025-07-02T03:55:09                       5
================================================================================
[2025-07-02T03:56:09.912+0000] {manager.py:997} INFO - 
================================================================================
DAG File Processing Stats

File Path                                  PID    Runtime      # DAGs    # Errors  Last Runtime    Last Run               Last # of DB Queries
-----------------------------------------  -----  ---------  --------  ----------  --------------  -------------------  ----------------------
/opt/airflow/dags/driven_data_pipeline.py                           0           1  0.42s           2025-07-02T03:55:40                       5
================================================================================
[2025-07-02T03:56:40.318+0000] {manager.py:997} INFO - 
================================================================================
DAG File Processing Stats

File Path                                  PID    Runtime      # DAGs    # Errors  Last Runtime    Last Run               Last # of DB Queries
-----------------------------------------  -----  ---------  --------  ----------  --------------  -------------------  ----------------------
/opt/airflow/dags/driven_data_pipeline.py                           0           1  0.41s           2025-07-02T03:56:10                       5
================================================================================
[2025-07-02T03:57:04.930+0000] {manager.py:821} INFO - Searching for files in /opt/airflow/dags
[2025-07-02T03:57:05.000+0000] {manager.py:824} INFO - There are 1 files in /opt/airflow/dags
[2025-07-02T03:57:10.440+0000] {manager.py:997} INFO - 
================================================================================
DAG File Processing Stats

File Path                                  PID    Runtime      # DAGs    # Errors  Last Runtime    Last Run               Last # of DB Queries
-----------------------------------------  -----  ---------  --------  ----------  --------------  -------------------  ----------------------
/opt/airflow/dags/driven_data_pipeline.py                           0           1  1.45s           2025-07-02T03:56:42                       5
================================================================================
[2025-07-02T03:57:40.465+0000] {manager.py:997} INFO - 
================================================================================
DAG File Processing Stats

File Path                                  PID    Runtime      # DAGs    # Errors  Last Runtime    Last Run               Last # of DB Queries
-----------------------------------------  -----  ---------  --------  ----------  --------------  -------------------  ----------------------
/opt/airflow/dags/driven_data_pipeline.py                           0           1  0.31s           2025-07-02T03:57:13                       5
================================================================================
[2025-07-02T03:58:10.545+0000] {manager.py:997} INFO - 
================================================================================
DAG File Processing Stats

File Path                                  PID    Runtime      # DAGs    # Errors  Last Runtime    Last Run               Last # of DB Queries
-----------------------------------------  -----  ---------  --------  ----------  --------------  -------------------  ----------------------
/opt/airflow/dags/driven_data_pipeline.py                           0           1  0.34s           2025-07-02T03:57:43                       5
================================================================================
[2025-07-02T03:58:41.136+0000] {manager.py:997} INFO - 
================================================================================
DAG File Processing Stats

File Path                                  PID    Runtime      # DAGs    # Errors  Last Runtime    Last Run               Last # of DB Queries
-----------------------------------------  -----  ---------  --------  ----------  --------------  -------------------  ----------------------
/opt/airflow/dags/driven_data_pipeline.py                           0           1  0.47s           2025-07-02T03:58:14                       5
================================================================================
[2025-07-02T03:59:11.679+0000] {manager.py:997} INFO - 
================================================================================
DAG File Processing Stats

File Path                                  PID    Runtime      # DAGs    # Errors  Last Runtime    Last Run               Last # of DB Queries
-----------------------------------------  -----  ---------  --------  ----------  --------------  -------------------  ----------------------
/opt/airflow/dags/driven_data_pipeline.py                           0           1  0.26s           2025-07-02T03:58:44                       5
================================================================================
[2025-07-02T04:00:08.418+0000] {manager.py:997} INFO - 
================================================================================
DAG File Processing Stats

File Path                                  PID    Runtime      # DAGs    # Errors  Last Runtime    Last Run               Last # of DB Queries
-----------------------------------------  -----  ---------  --------  ----------  --------------  -------------------  ----------------------
/opt/airflow/dags/driven_data_pipeline.py                           0           1  0.26s           2025-07-02T03:59:15                       5
================================================================================
[2025-07-02T04:01:45.785+0000] {manager.py:997} INFO - 
================================================================================
DAG File Processing Stats

File Path                                    PID  Runtime      # DAGs    # Errors  Last Runtime    Last Run               Last # of DB Queries
-----------------------------------------  -----  ---------  --------  ----------  --------------  -------------------  ----------------------
/opt/airflow/dags/driven_data_pipeline.py    171  0.29s             0           1  0.26s           2025-07-02T03:59:15                       5
================================================================================
[2025-07-02T04:02:05.084+0000] {manager.py:821} INFO - Searching for files in /opt/airflow/dags
[2025-07-02T04:02:05.224+0000] {manager.py:824} INFO - There are 1 files in /opt/airflow/dags
[2025-07-02T04:02:15.049+0000] {manager.py:465} INFO - Exiting gracefully upon receiving signal 15
[2025-07-02T04:04:10.971+0000] {manager.py:483} INFO - Processing files using up to 2 processes at a time 
[2025-07-02T04:04:10.973+0000] {manager.py:484} INFO - Process each file at most once every 30 seconds
[2025-07-02T04:04:10.974+0000] {manager.py:485} INFO - Checking for new files in /opt/airflow/dags every 300 seconds
[2025-07-02T04:04:10.975+0000] {manager.py:821} INFO - Searching for files in /opt/airflow/dags
[2025-07-02T04:04:11.125+0000] {manager.py:824} INFO - There are 1 files in /opt/airflow/dags
[2025-07-02T04:04:11.567+0000] {manager.py:997} INFO - 
================================================================================
DAG File Processing Stats

File Path                                    PID  Runtime      # DAGs    # Errors  Last Runtime    Last Run      Last # of DB Queries
-----------------------------------------  -----  ---------  --------  ----------  --------------  ----------  ----------------------
/opt/airflow/dags/driven_data_pipeline.py     64  0.07s             0           0                                                   0
================================================================================
[2025-07-02T04:04:41.539+0000] {manager.py:997} INFO - 
================================================================================
DAG File Processing Stats

File Path                                  PID    Runtime      # DAGs    # Errors  Last Runtime    Last Run               Last # of DB Queries
-----------------------------------------  -----  ---------  --------  ----------  --------------  -------------------  ----------------------
/opt/airflow/dags/driven_data_pipeline.py                           0           1  0.67s           2025-07-02T04:04:12                       5
================================================================================
[2025-07-02T04:05:11.871+0000] {manager.py:997} INFO - 
================================================================================
DAG File Processing Stats

File Path                                  PID    Runtime      # DAGs    # Errors  Last Runtime    Last Run               Last # of DB Queries
-----------------------------------------  -----  ---------  --------  ----------  --------------  -------------------  ----------------------
/opt/airflow/dags/driven_data_pipeline.py                           0           1  0.22s           2025-07-02T04:04:42                       5
================================================================================
[2025-07-02T04:05:42.528+0000] {manager.py:997} INFO - 
================================================================================
DAG File Processing Stats

File Path                                  PID    Runtime      # DAGs    # Errors  Last Runtime    Last Run               Last # of DB Queries
-----------------------------------------  -----  ---------  --------  ----------  --------------  -------------------  ----------------------
/opt/airflow/dags/driven_data_pipeline.py                           0           1  0.45s           2025-07-02T04:05:13                       5
================================================================================
[2025-07-02T04:06:13.072+0000] {manager.py:997} INFO - 
================================================================================
DAG File Processing Stats

File Path                                  PID    Runtime      # DAGs    # Errors  Last Runtime    Last Run               Last # of DB Queries
-----------------------------------------  -----  ---------  --------  ----------  --------------  -------------------  ----------------------
/opt/airflow/dags/driven_data_pipeline.py                           0           1  0.21s           2025-07-02T04:05:43                       5
================================================================================
[2025-07-02T04:07:42.678+0000] {manager.py:997} INFO - 
================================================================================
DAG File Processing Stats

File Path                                    PID  Runtime      # DAGs    # Errors  Last Runtime    Last Run               Last # of DB Queries
-----------------------------------------  -----  ---------  --------  ----------  --------------  -------------------  ----------------------
/opt/airflow/dags/driven_data_pipeline.py    100  0.13s             0           1  0.22s           2025-07-02T04:06:14                       5
================================================================================
[2025-07-02T04:08:42.499+0000] {manager.py:997} INFO - 
================================================================================
DAG File Processing Stats

File Path                                    PID  Runtime      # DAGs    # Errors  Last Runtime    Last Run               Last # of DB Queries
-----------------------------------------  -----  ---------  --------  ----------  --------------  -------------------  ----------------------
/opt/airflow/dags/driven_data_pipeline.py    100  53.72s            0           1  0.22s           2025-07-02T04:06:14                       5
================================================================================
[2025-07-02T04:09:00.455+0000] {manager.py:1366} ERROR - Processor for /opt/airflow/dags/driven_data_pipeline.py with PID 100 started at 2025-07-02T04:07:42.511290+00:00 has timed out, killing it.
[2025-07-02T04:09:29.525+0000] {manager.py:821} INFO - Searching for files in /opt/airflow/dags
[2025-07-02T04:09:30.566+0000] {manager.py:824} INFO - There are 0 files in /opt/airflow/dags
[2025-07-02T04:13:59.430+0000] {manager.py:465} INFO - Exiting gracefully upon receiving signal 15
[2025-07-02T04:18:23.308+0000] {manager.py:483} INFO - Processing files using up to 2 processes at a time 
[2025-07-02T04:18:23.313+0000] {manager.py:484} INFO - Process each file at most once every 30 seconds
[2025-07-02T04:18:23.314+0000] {manager.py:485} INFO - Checking for new files in /opt/airflow/dags every 300 seconds
[2025-07-02T04:18:23.315+0000] {manager.py:821} INFO - Searching for files in /opt/airflow/dags
[2025-07-02T04:18:23.419+0000] {manager.py:824} INFO - There are 1 files in /opt/airflow/dags
[2025-07-02T04:18:24.036+0000] {manager.py:997} INFO - 
================================================================================
DAG File Processing Stats

File Path                                    PID  Runtime      # DAGs    # Errors  Last Runtime    Last Run      Last # of DB Queries
-----------------------------------------  -----  ---------  --------  ----------  --------------  ----------  ----------------------
/opt/airflow/dags/driven_data_pipeline.py     99  0.13s             0           0                                                   0
================================================================================
[2025-07-02T04:18:54.483+0000] {manager.py:997} INFO - 
================================================================================
DAG File Processing Stats

File Path                                  PID    Runtime      # DAGs    # Errors  Last Runtime    Last Run               Last # of DB Queries
-----------------------------------------  -----  ---------  --------  ----------  --------------  -------------------  ----------------------
/opt/airflow/dags/driven_data_pipeline.py                           1           0  4.68s           2025-07-02T04:18:28                      45
================================================================================
[2025-07-02T04:19:25.285+0000] {manager.py:997} INFO - 
================================================================================
DAG File Processing Stats

File Path                                  PID    Runtime      # DAGs    # Errors  Last Runtime    Last Run               Last # of DB Queries
-----------------------------------------  -----  ---------  --------  ----------  --------------  -------------------  ----------------------
/opt/airflow/dags/driven_data_pipeline.py                           1           0  3.18s           2025-07-02T04:19:02                      12
================================================================================
[2025-07-02T04:22:43.893+0000] {manager.py:997} INFO - 
================================================================================
DAG File Processing Stats

File Path                                    PID  Runtime      # DAGs    # Errors  Last Runtime    Last Run               Last # of DB Queries
-----------------------------------------  -----  ---------  --------  ----------  --------------  -------------------  ----------------------
/opt/airflow/dags/driven_data_pipeline.py    129  0.07s             1           0  2.21s           2025-07-02T04:19:34                      12
================================================================================
[2025-07-02T04:24:04.962+0000] {manager.py:821} INFO - Searching for files in /opt/airflow/dags
[2025-07-02T04:24:35.821+0000] {manager.py:824} INFO - There are 0 files in /opt/airflow/dags
[2025-07-02T04:25:21.686+0000] {manager.py:1120} WARNING - Stopping processor for /opt/airflow/dags/driven_data_pipeline.py
[2025-07-02T04:27:51.982+0000] {manager.py:465} INFO - Exiting gracefully upon receiving signal 15
[2025-07-02T04:28:32.269+0000] {manager.py:483} INFO - Processing files using up to 2 processes at a time 
[2025-07-02T04:28:32.270+0000] {manager.py:484} INFO - Process each file at most once every 30 seconds
[2025-07-02T04:28:32.271+0000] {manager.py:485} INFO - Checking for new files in /opt/airflow/dags every 300 seconds
[2025-07-02T04:28:32.272+0000] {manager.py:821} INFO - Searching for files in /opt/airflow/dags
[2025-07-02T04:28:32.327+0000] {manager.py:824} INFO - There are 1 files in /opt/airflow/dags
[2025-07-02T04:28:32.597+0000] {manager.py:997} INFO - 
================================================================================
DAG File Processing Stats

File Path                                    PID  Runtime      # DAGs    # Errors  Last Runtime    Last Run      Last # of DB Queries
-----------------------------------------  -----  ---------  --------  ----------  --------------  ----------  ----------------------
/opt/airflow/dags/driven_data_pipeline.py    156  0.05s             0           0                                                   0
================================================================================
[2025-07-02T04:29:11.024+0000] {manager.py:997} INFO - 
================================================================================
DAG File Processing Stats

File Path                                  PID    Runtime      # DAGs    # Errors  Last Runtime    Last Run               Last # of DB Queries
-----------------------------------------  -----  ---------  --------  ----------  --------------  -------------------  ----------------------
/opt/airflow/dags/driven_data_pipeline.py                           1           0  1.59s           2025-07-02T04:28:34                      34
================================================================================
[2025-07-02T04:31:52.569+0000] {manager.py:1366} ERROR - Processor for /opt/airflow/dags/driven_data_pipeline.py with PID 164 started at 2025-07-02T04:29:40.240892+00:00 has timed out, killing it.
[2025-07-02T04:31:54.921+0000] {manager.py:997} INFO - 
================================================================================
DAG File Processing Stats

File Path                                  PID    Runtime      # DAGs    # Errors  Last Runtime    Last Run               Last # of DB Queries
-----------------------------------------  -----  ---------  --------  ----------  --------------  -------------------  ----------------------
/opt/airflow/dags/driven_data_pipeline.py                           0           1  131.60s         2025-07-02T04:31:51                       0
================================================================================
[2025-07-02T04:32:25.493+0000] {manager.py:997} INFO - 
================================================================================
DAG File Processing Stats

File Path                                  PID    Runtime      # DAGs    # Errors  Last Runtime    Last Run               Last # of DB Queries
-----------------------------------------  -----  ---------  --------  ----------  --------------  -------------------  ----------------------
/opt/airflow/dags/driven_data_pipeline.py                           1           0  5.27s           2025-07-02T04:32:04                      40
================================================================================
[2025-07-02T04:32:55.896+0000] {manager.py:997} INFO - 
================================================================================
DAG File Processing Stats

File Path                                  PID    Runtime      # DAGs    # Errors  Last Runtime    Last Run               Last # of DB Queries
-----------------------------------------  -----  ---------  --------  ----------  --------------  -------------------  ----------------------
/opt/airflow/dags/driven_data_pipeline.py                           1           0  1.84s           2025-07-02T04:32:37                      12
================================================================================
[2025-07-02T04:33:26.389+0000] {manager.py:997} INFO - 
================================================================================
DAG File Processing Stats

File Path                                  PID    Runtime      # DAGs    # Errors  Last Runtime    Last Run               Last # of DB Queries
-----------------------------------------  -----  ---------  --------  ----------  --------------  -------------------  ----------------------
/opt/airflow/dags/driven_data_pipeline.py                           1           0  2.09s           2025-07-02T04:33:10                      12
================================================================================
[2025-07-02T04:33:32.442+0000] {manager.py:821} INFO - Searching for files in /opt/airflow/dags
[2025-07-02T04:33:32.523+0000] {manager.py:824} INFO - There are 1 files in /opt/airflow/dags
[2025-07-02T04:33:57.005+0000] {manager.py:997} INFO - 
================================================================================
DAG File Processing Stats

File Path                                  PID    Runtime      # DAGs    # Errors  Last Runtime    Last Run               Last # of DB Queries
-----------------------------------------  -----  ---------  --------  ----------  --------------  -------------------  ----------------------
/opt/airflow/dags/driven_data_pipeline.py                           1           0  1.14s           2025-07-02T04:33:41                      12
================================================================================
[2025-07-02T04:34:27.439+0000] {manager.py:997} INFO - 
================================================================================
DAG File Processing Stats

File Path                                  PID    Runtime      # DAGs    # Errors  Last Runtime    Last Run               Last # of DB Queries
-----------------------------------------  -----  ---------  --------  ----------  --------------  -------------------  ----------------------
/opt/airflow/dags/driven_data_pipeline.py                           1           0  1.23s           2025-07-02T04:34:13                      12
================================================================================
[2025-07-02T04:37:28.019+0000] {manager.py:483} INFO - Processing files using up to 2 processes at a time 
[2025-07-02T04:37:28.021+0000] {manager.py:484} INFO - Process each file at most once every 30 seconds
[2025-07-02T04:37:28.022+0000] {manager.py:485} INFO - Checking for new files in /opt/airflow/dags every 300 seconds
[2025-07-02T04:37:28.024+0000] {manager.py:821} INFO - Searching for files in /opt/airflow/dags
[2025-07-02T04:37:28.104+0000] {manager.py:824} INFO - There are 1 files in /opt/airflow/dags
[2025-07-02T04:37:28.471+0000] {manager.py:997} INFO - 
================================================================================
DAG File Processing Stats

File Path                                    PID  Runtime      # DAGs    # Errors  Last Runtime    Last Run      Last # of DB Queries
-----------------------------------------  -----  ---------  --------  ----------  --------------  ----------  ----------------------
/opt/airflow/dags/driven_data_pipeline.py    100  0.05s             0           0                                                   0
================================================================================
[2025-07-02T04:37:58.550+0000] {manager.py:997} INFO - 
================================================================================
DAG File Processing Stats

File Path                                  PID    Runtime      # DAGs    # Errors  Last Runtime    Last Run               Last # of DB Queries
-----------------------------------------  -----  ---------  --------  ----------  --------------  -------------------  ----------------------
/opt/airflow/dags/driven_data_pipeline.py                           1           0  1.69s           2025-07-02T04:37:30                      12
================================================================================
[2025-07-02T04:38:28.927+0000] {manager.py:997} INFO - 
================================================================================
DAG File Processing Stats

File Path                                  PID    Runtime      # DAGs    # Errors  Last Runtime    Last Run               Last # of DB Queries
-----------------------------------------  -----  ---------  --------  ----------  --------------  -------------------  ----------------------
/opt/airflow/dags/driven_data_pipeline.py                           1           0  3.93s           2025-07-02T04:38:04                      12
================================================================================
[2025-07-02T04:39:12.291+0000] {manager.py:997} INFO - 
================================================================================
DAG File Processing Stats

File Path                                    PID  Runtime      # DAGs    # Errors  Last Runtime    Last Run               Last # of DB Queries
-----------------------------------------  -----  ---------  --------  ----------  --------------  -------------------  ----------------------
/opt/airflow/dags/driven_data_pipeline.py    116  37.07s            1           0  3.93s           2025-07-02T04:38:04                      12
================================================================================
[2025-07-02T04:39:42.626+0000] {manager.py:997} INFO - 
================================================================================
DAG File Processing Stats

File Path                                  PID    Runtime      # DAGs    # Errors  Last Runtime    Last Run               Last # of DB Queries
-----------------------------------------  -----  ---------  --------  ----------  --------------  -------------------  ----------------------
/opt/airflow/dags/driven_data_pipeline.py                           0           1  41.18s          2025-07-02T04:39:16                       3
================================================================================
[2025-07-02T04:40:36.616+0000] {manager.py:997} INFO - 
================================================================================
DAG File Processing Stats

File Path                                  PID    Runtime      # DAGs    # Errors  Last Runtime    Last Run               Last # of DB Queries
-----------------------------------------  -----  ---------  --------  ----------  --------------  -------------------  ----------------------
/opt/airflow/dags/driven_data_pipeline.py                           1           0  13.00s          2025-07-02T04:39:59                      34
================================================================================
[2025-07-02T04:41:49.783+0000] {manager.py:1366} ERROR - Processor for /opt/airflow/dags/driven_data_pipeline.py with PID 131 started at 2025-07-02T04:40:36.784469+00:00 has timed out, killing it.
[2025-07-02T04:41:51.211+0000] {manager.py:997} INFO - 
================================================================================
DAG File Processing Stats

File Path                                  PID    Runtime      # DAGs    # Errors  Last Runtime    Last Run               Last # of DB Queries
-----------------------------------------  -----  ---------  --------  ----------  --------------  -------------------  ----------------------
/opt/airflow/dags/driven_data_pipeline.py                           0           1  72.93s          2025-07-02T04:41:49                       0
================================================================================
[2025-07-02T04:43:57.023+0000] {manager.py:997} INFO - 
================================================================================
DAG File Processing Stats

File Path                                  PID    Runtime      # DAGs    # Errors  Last Runtime    Last Run               Last # of DB Queries
-----------------------------------------  -----  ---------  --------  ----------  --------------  -------------------  ----------------------
/opt/airflow/dags/driven_data_pipeline.py                           0           1  72.93s          2025-07-02T04:41:49                       0
================================================================================
[2025-07-02T04:44:18.231+0000] {manager.py:821} INFO - Searching for files in /opt/airflow/dags
[2025-07-02T04:44:18.639+0000] {manager.py:824} INFO - There are 1 files in /opt/airflow/dags
[2025-07-02T04:44:47.713+0000] {manager.py:997} INFO - 
================================================================================
DAG File Processing Stats

File Path                                  PID    Runtime      # DAGs    # Errors  Last Runtime    Last Run               Last # of DB Queries
-----------------------------------------  -----  ---------  --------  ----------  --------------  -------------------  ----------------------
/opt/airflow/dags/driven_data_pipeline.py                           1           0  7.47s           2025-07-02T04:44:26                      34
================================================================================
[2025-07-02T04:45:17.920+0000] {manager.py:997} INFO - 
================================================================================
DAG File Processing Stats

File Path                                  PID    Runtime      # DAGs    # Errors  Last Runtime    Last Run               Last # of DB Queries
-----------------------------------------  -----  ---------  --------  ----------  --------------  -------------------  ----------------------
/opt/airflow/dags/driven_data_pipeline.py                           1           0  4.84s           2025-07-02T04:45:01                      12
================================================================================
[2025-07-02T04:45:54.986+0000] {manager.py:997} INFO - 
================================================================================
DAG File Processing Stats

File Path                                  PID    Runtime      # DAGs    # Errors  Last Runtime    Last Run               Last # of DB Queries
-----------------------------------------  -----  ---------  --------  ----------  --------------  -------------------  ----------------------
/opt/airflow/dags/driven_data_pipeline.py                           1           0  2.20s           2025-07-02T04:45:34                      12
================================================================================
[2025-07-02T04:46:25.141+0000] {manager.py:997} INFO - 
================================================================================
DAG File Processing Stats

File Path                                  PID    Runtime      # DAGs    # Errors  Last Runtime    Last Run               Last # of DB Queries
-----------------------------------------  -----  ---------  --------  ----------  --------------  -------------------  ----------------------
/opt/airflow/dags/driven_data_pipeline.py                           1           0  2.09s           2025-07-02T04:46:06                      12
================================================================================
[2025-07-02T04:49:32.857+0000] {manager.py:997} INFO - 
================================================================================
DAG File Processing Stats

File Path                                    PID  Runtime      # DAGs    # Errors  Last Runtime    Last Run               Last # of DB Queries
-----------------------------------------  -----  ---------  --------  ----------  --------------  -------------------  ----------------------
/opt/airflow/dags/driven_data_pipeline.py    163  18.16s            1           0  2.09s           2025-07-02T04:46:06                      12
================================================================================
[2025-07-02T04:49:34.856+0000] {manager.py:821} INFO - Searching for files in /opt/airflow/dags
[2025-07-02T04:49:35.218+0000] {manager.py:824} INFO - There are 1 files in /opt/airflow/dags
[2025-07-02T04:49:41.306+0000] {manager.py:1366} ERROR - Processor for /opt/airflow/dags/driven_data_pipeline.py with PID 163 started at 2025-07-02T04:47:48.494180+00:00 has timed out, killing it.
[2025-07-02T04:50:05.799+0000] {manager.py:997} INFO - 
================================================================================
DAG File Processing Stats

File Path                                  PID    Runtime      # DAGs    # Errors  Last Runtime    Last Run               Last # of DB Queries
-----------------------------------------  -----  ---------  --------  ----------  --------------  -------------------  ----------------------
/opt/airflow/dags/driven_data_pipeline.py                           0           1  112.79s         2025-07-02T04:49:41                       0
================================================================================
[2025-07-02T04:54:31.997+0000] {manager.py:1366} ERROR - Processor for /opt/airflow/dags/driven_data_pipeline.py with PID 165 started at 2025-07-02T04:50:28.494312+00:00 has timed out, killing it.
[2025-07-02T04:54:32.364+0000] {manager.py:997} INFO - 
================================================================================
DAG File Processing Stats

File Path                                  PID    Runtime      # DAGs    # Errors  Last Runtime    Last Run               Last # of DB Queries
-----------------------------------------  -----  ---------  --------  ----------  --------------  -------------------  ----------------------
/opt/airflow/dags/driven_data_pipeline.py                           0           1  243.50s         2025-07-02T04:54:31                       0
================================================================================
[2025-07-02T04:54:35.056+0000] {manager.py:821} INFO - Searching for files in /opt/airflow/dags
[2025-07-02T04:54:35.287+0000] {manager.py:824} INFO - There are 1 files in /opt/airflow/dags
[2025-07-02T04:55:02.860+0000] {manager.py:997} INFO - 
================================================================================
DAG File Processing Stats

File Path                                    PID  Runtime      # DAGs    # Errors  Last Runtime    Last Run               Last # of DB Queries
-----------------------------------------  -----  ---------  --------  ----------  --------------  -------------------  ----------------------
/opt/airflow/dags/driven_data_pipeline.py    172  0.02s             0           1  243.50s         2025-07-02T04:54:31                       0
================================================================================
[2025-07-02T04:55:33.601+0000] {manager.py:997} INFO - 
================================================================================
DAG File Processing Stats

File Path                                  PID    Runtime      # DAGs    # Errors  Last Runtime    Last Run               Last # of DB Queries
-----------------------------------------  -----  ---------  --------  ----------  --------------  -------------------  ----------------------
/opt/airflow/dags/driven_data_pipeline.py                           1           0  7.44s           2025-07-02T04:55:10                      34
================================================================================
[2025-07-02T04:56:03.983+0000] {manager.py:997} INFO - 
================================================================================
DAG File Processing Stats

File Path                                  PID    Runtime      # DAGs    # Errors  Last Runtime    Last Run               Last # of DB Queries
-----------------------------------------  -----  ---------  --------  ----------  --------------  -------------------  ----------------------
/opt/airflow/dags/driven_data_pipeline.py                           1           0  0.98s           2025-07-02T04:55:41                      12
================================================================================
[2025-07-02T04:56:34.403+0000] {manager.py:997} INFO - 
================================================================================
DAG File Processing Stats

File Path                                  PID    Runtime      # DAGs    # Errors  Last Runtime    Last Run               Last # of DB Queries
-----------------------------------------  -----  ---------  --------  ----------  --------------  -------------------  ----------------------
/opt/airflow/dags/driven_data_pipeline.py                           1           0  1.05s           2025-07-02T04:56:13                      12
================================================================================
[2025-07-02T04:57:04.818+0000] {manager.py:997} INFO - 
================================================================================
DAG File Processing Stats

File Path                                  PID    Runtime      # DAGs    # Errors  Last Runtime    Last Run               Last # of DB Queries
-----------------------------------------  -----  ---------  --------  ----------  --------------  -------------------  ----------------------
/opt/airflow/dags/driven_data_pipeline.py                           1           0  1.14s           2025-07-02T04:56:44                      12
================================================================================
[2025-07-02T04:57:35.287+0000] {manager.py:997} INFO - 
================================================================================
DAG File Processing Stats

File Path                                  PID    Runtime      # DAGs    # Errors  Last Runtime    Last Run               Last # of DB Queries
-----------------------------------------  -----  ---------  --------  ----------  --------------  -------------------  ----------------------
/opt/airflow/dags/driven_data_pipeline.py                           1           0  1.52s           2025-07-02T04:57:16                      12
================================================================================
[2025-07-02T04:58:05.733+0000] {manager.py:997} INFO - 
================================================================================
DAG File Processing Stats

File Path                                  PID    Runtime      # DAGs    # Errors  Last Runtime    Last Run               Last # of DB Queries
-----------------------------------------  -----  ---------  --------  ----------  --------------  -------------------  ----------------------
/opt/airflow/dags/driven_data_pipeline.py                           1           0  1.72s           2025-07-02T04:57:48                      12
================================================================================
[2025-07-02T04:58:36.143+0000] {manager.py:997} INFO - 
================================================================================
DAG File Processing Stats

File Path                                  PID    Runtime      # DAGs    # Errors  Last Runtime    Last Run               Last # of DB Queries
-----------------------------------------  -----  ---------  --------  ----------  --------------  -------------------  ----------------------
/opt/airflow/dags/driven_data_pipeline.py                           1           0  1.21s           2025-07-02T04:58:20                      12
================================================================================
[2025-07-02T04:59:06.629+0000] {manager.py:997} INFO - 
================================================================================
DAG File Processing Stats

File Path                                  PID    Runtime      # DAGs    # Errors  Last Runtime    Last Run               Last # of DB Queries
-----------------------------------------  -----  ---------  --------  ----------  --------------  -------------------  ----------------------
/opt/airflow/dags/driven_data_pipeline.py                           1           0  1.26s           2025-07-02T04:58:51                      12
================================================================================
[2025-07-02T04:59:35.228+0000] {manager.py:821} INFO - Searching for files in /opt/airflow/dags
[2025-07-02T04:59:35.310+0000] {manager.py:824} INFO - There are 1 files in /opt/airflow/dags
[2025-07-02T04:59:37.340+0000] {manager.py:997} INFO - 
================================================================================
DAG File Processing Stats

File Path                                  PID    Runtime      # DAGs    # Errors  Last Runtime    Last Run               Last # of DB Queries
-----------------------------------------  -----  ---------  --------  ----------  --------------  -------------------  ----------------------
/opt/airflow/dags/driven_data_pipeline.py                           1           0  2.99s           2025-07-02T04:59:25                      12
================================================================================
[2025-07-02T05:00:07.500+0000] {manager.py:997} INFO - 
================================================================================
DAG File Processing Stats

File Path                                  PID    Runtime      # DAGs    # Errors  Last Runtime    Last Run               Last # of DB Queries
-----------------------------------------  -----  ---------  --------  ----------  --------------  -------------------  ----------------------
/opt/airflow/dags/driven_data_pipeline.py                           1           0  1.70s           2025-07-02T04:59:57                      12
================================================================================
[2025-07-02T05:00:37.929+0000] {manager.py:997} INFO - 
================================================================================
DAG File Processing Stats

File Path                                  PID    Runtime      # DAGs    # Errors  Last Runtime    Last Run               Last # of DB Queries
-----------------------------------------  -----  ---------  --------  ----------  --------------  -------------------  ----------------------
/opt/airflow/dags/driven_data_pipeline.py                           1           0  1.33s           2025-07-02T05:00:29                      12
================================================================================
[2025-07-02T05:01:08.091+0000] {manager.py:997} INFO - 
================================================================================
DAG File Processing Stats

File Path                                  PID    Runtime      # DAGs    # Errors  Last Runtime    Last Run               Last # of DB Queries
-----------------------------------------  -----  ---------  --------  ----------  --------------  -------------------  ----------------------
/opt/airflow/dags/driven_data_pipeline.py                           1           0  1.76s           2025-07-02T05:01:01                      12
================================================================================
[2025-07-02T05:01:38.433+0000] {manager.py:997} INFO - 
================================================================================
DAG File Processing Stats

File Path                                  PID    Runtime      # DAGs    # Errors  Last Runtime    Last Run               Last # of DB Queries
-----------------------------------------  -----  ---------  --------  ----------  --------------  -------------------  ----------------------
/opt/airflow/dags/driven_data_pipeline.py                           1           0  1.26s           2025-07-02T05:01:32                      12
================================================================================
[2025-07-02T05:02:08.786+0000] {manager.py:997} INFO - 
================================================================================
DAG File Processing Stats

File Path                                  PID    Runtime      # DAGs    # Errors  Last Runtime    Last Run               Last # of DB Queries
-----------------------------------------  -----  ---------  --------  ----------  --------------  -------------------  ----------------------
/opt/airflow/dags/driven_data_pipeline.py                           1           0  1.11s           2025-07-02T05:02:03                      12
================================================================================
[2025-07-02T05:02:39.190+0000] {manager.py:997} INFO - 
================================================================================
DAG File Processing Stats

File Path                                  PID    Runtime      # DAGs    # Errors  Last Runtime    Last Run               Last # of DB Queries
-----------------------------------------  -----  ---------  --------  ----------  --------------  -------------------  ----------------------
/opt/airflow/dags/driven_data_pipeline.py                           1           0  1.56s           2025-07-02T05:02:35                      12
================================================================================
[2025-07-02T05:03:09.129+0000] {manager.py:997} INFO - 
================================================================================
DAG File Processing Stats

File Path                                  PID    Runtime      # DAGs    # Errors  Last Runtime    Last Run               Last # of DB Queries
-----------------------------------------  -----  ---------  --------  ----------  --------------  -------------------  ----------------------
/opt/airflow/dags/driven_data_pipeline.py                           1           0  1.09s           2025-07-02T05:03:07                      12
================================================================================
[2025-07-02T05:03:39.477+0000] {manager.py:997} INFO - 
================================================================================
DAG File Processing Stats

File Path                                  PID    Runtime      # DAGs    # Errors  Last Runtime    Last Run               Last # of DB Queries
-----------------------------------------  -----  ---------  --------  ----------  --------------  -------------------  ----------------------
/opt/airflow/dags/driven_data_pipeline.py                           1           0  1.33s           2025-07-02T05:03:38                      12
================================================================================
[2025-07-02T05:04:09.964+0000] {manager.py:997} INFO - 
================================================================================
DAG File Processing Stats

File Path                                    PID  Runtime      # DAGs    # Errors  Last Runtime    Last Run               Last # of DB Queries
-----------------------------------------  -----  ---------  --------  ----------  --------------  -------------------  ----------------------
/opt/airflow/dags/driven_data_pipeline.py    316  1.03s             1           0  1.33s           2025-07-02T05:03:38                      12
================================================================================
[2025-07-02T05:04:35.343+0000] {manager.py:821} INFO - Searching for files in /opt/airflow/dags
[2025-07-02T05:04:35.618+0000] {manager.py:824} INFO - There are 1 files in /opt/airflow/dags
[2025-07-02T05:04:40.797+0000] {manager.py:997} INFO - 
================================================================================
DAG File Processing Stats

File Path                                    PID  Runtime      # DAGs    # Errors  Last Runtime    Last Run               Last # of DB Queries
-----------------------------------------  -----  ---------  --------  ----------  --------------  -------------------  ----------------------
/opt/airflow/dags/driven_data_pipeline.py    324  0.01s             1           0  1.51s           2025-07-02T05:04:10                      12
================================================================================
[2025-07-02T05:05:11.228+0000] {manager.py:997} INFO - 
================================================================================
DAG File Processing Stats

File Path                                  PID    Runtime      # DAGs    # Errors  Last Runtime    Last Run               Last # of DB Queries
-----------------------------------------  -----  ---------  --------  ----------  --------------  -------------------  ----------------------
/opt/airflow/dags/driven_data_pipeline.py                           1           0  1.07s           2025-07-02T05:04:41                      12
================================================================================
[2025-07-02T05:05:41.634+0000] {manager.py:997} INFO - 
================================================================================
DAG File Processing Stats

File Path                                  PID    Runtime      # DAGs    # Errors  Last Runtime    Last Run               Last # of DB Queries
-----------------------------------------  -----  ---------  --------  ----------  --------------  -------------------  ----------------------
/opt/airflow/dags/driven_data_pipeline.py                           1           0  1.29s           2025-07-02T05:05:13                      12
================================================================================
[2025-07-02T05:06:12.001+0000] {manager.py:997} INFO - 
================================================================================
DAG File Processing Stats

File Path                                  PID    Runtime      # DAGs    # Errors  Last Runtime    Last Run               Last # of DB Queries
-----------------------------------------  -----  ---------  --------  ----------  --------------  -------------------  ----------------------
/opt/airflow/dags/driven_data_pipeline.py                           1           0  1.20s           2025-07-02T05:05:44                      12
================================================================================
[2025-07-02T05:06:42.640+0000] {manager.py:997} INFO - 
================================================================================
DAG File Processing Stats

File Path                                  PID    Runtime      # DAGs    # Errors  Last Runtime    Last Run               Last # of DB Queries
-----------------------------------------  -----  ---------  --------  ----------  --------------  -------------------  ----------------------
/opt/airflow/dags/driven_data_pipeline.py                           1           0  3.09s           2025-07-02T05:06:18                      12
================================================================================
[2025-07-02T05:07:13.001+0000] {manager.py:997} INFO - 
================================================================================
DAG File Processing Stats

File Path                                  PID    Runtime      # DAGs    # Errors  Last Runtime    Last Run               Last # of DB Queries
-----------------------------------------  -----  ---------  --------  ----------  --------------  -------------------  ----------------------
/opt/airflow/dags/driven_data_pipeline.py                           1           0  1.14s           2025-07-02T05:06:49                      12
================================================================================
[2025-07-02T05:07:43.448+0000] {manager.py:997} INFO - 
================================================================================
DAG File Processing Stats

File Path                                  PID    Runtime      # DAGs    # Errors  Last Runtime    Last Run               Last # of DB Queries
-----------------------------------------  -----  ---------  --------  ----------  --------------  -------------------  ----------------------
/opt/airflow/dags/driven_data_pipeline.py                           1           0  1.33s           2025-07-02T05:07:21                      12
================================================================================
[2025-07-02T05:08:13.991+0000] {manager.py:997} INFO - 
================================================================================
DAG File Processing Stats

File Path                                  PID    Runtime      # DAGs    # Errors  Last Runtime    Last Run               Last # of DB Queries
-----------------------------------------  -----  ---------  --------  ----------  --------------  -------------------  ----------------------
/opt/airflow/dags/driven_data_pipeline.py                           1           0  1.37s           2025-07-02T05:07:52                      12
================================================================================
[2025-07-02T05:08:44.367+0000] {manager.py:997} INFO - 
================================================================================
DAG File Processing Stats

File Path                                  PID    Runtime      # DAGs    # Errors  Last Runtime    Last Run               Last # of DB Queries
-----------------------------------------  -----  ---------  --------  ----------  --------------  -------------------  ----------------------
/opt/airflow/dags/driven_data_pipeline.py                           1           0  1.14s           2025-07-02T05:08:24                      12
================================================================================
[2025-07-02T05:09:14.975+0000] {manager.py:997} INFO - 
================================================================================
DAG File Processing Stats

File Path                                  PID    Runtime      # DAGs    # Errors  Last Runtime    Last Run               Last # of DB Queries
-----------------------------------------  -----  ---------  --------  ----------  --------------  -------------------  ----------------------
/opt/airflow/dags/driven_data_pipeline.py                           1           0  1.25s           2025-07-02T05:08:55                      12
================================================================================
[2025-07-02T05:09:57.122+0000] {manager.py:821} INFO - Searching for files in /opt/airflow/dags
[2025-07-02T05:10:00.221+0000] {manager.py:824} INFO - There are 1 files in /opt/airflow/dags
[2025-07-02T05:11:09.500+0000] {manager.py:465} INFO - Exiting gracefully upon receiving signal 15
[2025-07-02T05:11:12.960+0000] {manager.py:997} INFO - 
================================================================================
DAG File Processing Stats

File Path                                  PID    Runtime      # DAGs    # Errors  Last Runtime    Last Run               Last # of DB Queries
-----------------------------------------  -----  ---------  --------  ----------  --------------  -------------------  ----------------------
/opt/airflow/dags/driven_data_pipeline.py                           1           0  3.59s           2025-07-02T05:11:12                      12
================================================================================
[2025-07-02T05:11:43.398+0000] {manager.py:997} INFO - 
================================================================================
DAG File Processing Stats

File Path                                    PID  Runtime      # DAGs    # Errors  Last Runtime    Last Run               Last # of DB Queries
-----------------------------------------  -----  ---------  --------  ----------  --------------  -------------------  ----------------------
/opt/airflow/dags/driven_data_pipeline.py    411  0.02s             1           0  3.59s           2025-07-02T05:11:12                      12
================================================================================
[2025-07-02T05:13:35.039+0000] {manager.py:483} INFO - Processing files using up to 2 processes at a time 
[2025-07-02T05:13:35.048+0000] {manager.py:484} INFO - Process each file at most once every 30 seconds
[2025-07-02T05:13:35.051+0000] {manager.py:485} INFO - Checking for new files in /opt/airflow/dags every 300 seconds
[2025-07-02T05:13:35.056+0000] {manager.py:821} INFO - Searching for files in /opt/airflow/dags
[2025-07-02T05:13:35.261+0000] {manager.py:824} INFO - There are 1 files in /opt/airflow/dags
[2025-07-02T05:13:36.757+0000] {manager.py:997} INFO - 
================================================================================
DAG File Processing Stats

File Path                                    PID  Runtime      # DAGs    # Errors  Last Runtime    Last Run      Last # of DB Queries
-----------------------------------------  -----  ---------  --------  ----------  --------------  ----------  ----------------------
/opt/airflow/dags/driven_data_pipeline.py    421  0.12s             0           0                                                   0
================================================================================
[2025-07-02T05:14:07.079+0000] {manager.py:997} INFO - 
================================================================================
DAG File Processing Stats

File Path                                  PID    Runtime      # DAGs    # Errors  Last Runtime    Last Run               Last # of DB Queries
-----------------------------------------  -----  ---------  --------  ----------  --------------  -------------------  ----------------------
/opt/airflow/dags/driven_data_pipeline.py                           1           0  3.70s           2025-07-02T05:13:40                      12
================================================================================
[2025-07-02T05:14:37.296+0000] {manager.py:997} INFO - 
================================================================================
DAG File Processing Stats

File Path                                  PID    Runtime      # DAGs    # Errors  Last Runtime    Last Run               Last # of DB Queries
-----------------------------------------  -----  ---------  --------  ----------  --------------  -------------------  ----------------------
/opt/airflow/dags/driven_data_pipeline.py                           1           0  1.41s           2025-07-02T05:14:12                      12
================================================================================
[2025-07-02T05:15:07.634+0000] {manager.py:997} INFO - 
================================================================================
DAG File Processing Stats

File Path                                  PID    Runtime      # DAGs    # Errors  Last Runtime    Last Run               Last # of DB Queries
-----------------------------------------  -----  ---------  --------  ----------  --------------  -------------------  ----------------------
/opt/airflow/dags/driven_data_pipeline.py                           1           0  1.14s           2025-07-02T05:14:43                      12
================================================================================
[2025-07-02T05:15:37.999+0000] {manager.py:997} INFO - 
================================================================================
DAG File Processing Stats

File Path                                  PID    Runtime      # DAGs    # Errors  Last Runtime    Last Run               Last # of DB Queries
-----------------------------------------  -----  ---------  --------  ----------  --------------  -------------------  ----------------------
/opt/airflow/dags/driven_data_pipeline.py                           1           0  1.04s           2025-07-02T05:15:14                      12
================================================================================
[2025-07-02T05:16:08.346+0000] {manager.py:997} INFO - 
================================================================================
DAG File Processing Stats

File Path                                  PID    Runtime      # DAGs    # Errors  Last Runtime    Last Run               Last # of DB Queries
-----------------------------------------  -----  ---------  --------  ----------  --------------  -------------------  ----------------------
/opt/airflow/dags/driven_data_pipeline.py                           1           0  1.27s           2025-07-02T05:15:46                      12
================================================================================
[2025-07-02T05:16:38.893+0000] {manager.py:997} INFO - 
================================================================================
DAG File Processing Stats

File Path                                  PID    Runtime      # DAGs    # Errors  Last Runtime    Last Run               Last # of DB Queries
-----------------------------------------  -----  ---------  --------  ----------  --------------  -------------------  ----------------------
/opt/airflow/dags/driven_data_pipeline.py                           1           0  1.26s           2025-07-02T05:16:17                      12
================================================================================
[2025-07-02T05:17:09.288+0000] {manager.py:997} INFO - 
================================================================================
DAG File Processing Stats

File Path                                  PID    Runtime      # DAGs    # Errors  Last Runtime    Last Run               Last # of DB Queries
-----------------------------------------  -----  ---------  --------  ----------  --------------  -------------------  ----------------------
/opt/airflow/dags/driven_data_pipeline.py                           1           0  1.13s           2025-07-02T05:16:49                      12
================================================================================
[2025-07-02T05:17:39.664+0000] {manager.py:997} INFO - 
================================================================================
DAG File Processing Stats

File Path                                  PID    Runtime      # DAGs    # Errors  Last Runtime    Last Run               Last # of DB Queries
-----------------------------------------  -----  ---------  --------  ----------  --------------  -------------------  ----------------------
/opt/airflow/dags/driven_data_pipeline.py                           1           0  1.26s           2025-07-02T05:17:20                      12
================================================================================
[2025-07-02T05:18:09.990+0000] {manager.py:997} INFO - 
================================================================================
DAG File Processing Stats

File Path                                  PID    Runtime      # DAGs    # Errors  Last Runtime    Last Run               Last # of DB Queries
-----------------------------------------  -----  ---------  --------  ----------  --------------  -------------------  ----------------------
/opt/airflow/dags/driven_data_pipeline.py                           1           0  1.17s           2025-07-02T05:17:51                      12
================================================================================
[2025-07-02T05:18:35.408+0000] {manager.py:821} INFO - Searching for files in /opt/airflow/dags
[2025-07-02T05:18:35.463+0000] {manager.py:824} INFO - There are 1 files in /opt/airflow/dags
[2025-07-02T05:18:40.572+0000] {manager.py:997} INFO - 
================================================================================
DAG File Processing Stats

File Path                                  PID    Runtime      # DAGs    # Errors  Last Runtime    Last Run               Last # of DB Queries
-----------------------------------------  -----  ---------  --------  ----------  --------------  -------------------  ----------------------
/opt/airflow/dags/driven_data_pipeline.py                           1           0  1.18s           2025-07-02T05:18:23                      12
================================================================================
[2025-07-02T05:19:10.960+0000] {manager.py:997} INFO - 
================================================================================
DAG File Processing Stats

File Path                                  PID    Runtime      # DAGs    # Errors  Last Runtime    Last Run               Last # of DB Queries
-----------------------------------------  -----  ---------  --------  ----------  --------------  -------------------  ----------------------
/opt/airflow/dags/driven_data_pipeline.py                           1           0  1.15s           2025-07-02T05:18:54                      12
================================================================================
[2025-07-02T05:19:41.276+0000] {manager.py:997} INFO - 
================================================================================
DAG File Processing Stats

File Path                                  PID    Runtime      # DAGs    # Errors  Last Runtime    Last Run               Last # of DB Queries
-----------------------------------------  -----  ---------  --------  ----------  --------------  -------------------  ----------------------
/opt/airflow/dags/driven_data_pipeline.py                           1           0  1.04s           2025-07-02T05:19:26                      12
================================================================================
[2025-07-02T05:20:11.624+0000] {manager.py:997} INFO - 
================================================================================
DAG File Processing Stats

File Path                                  PID    Runtime      # DAGs    # Errors  Last Runtime    Last Run               Last # of DB Queries
-----------------------------------------  -----  ---------  --------  ----------  --------------  -------------------  ----------------------
/opt/airflow/dags/driven_data_pipeline.py                           1           0  0.99s           2025-07-02T05:19:57                      12
================================================================================
[2025-07-02T05:20:41.757+0000] {manager.py:997} INFO - 
================================================================================
DAG File Processing Stats

File Path                                  PID    Runtime      # DAGs    # Errors  Last Runtime    Last Run               Last # of DB Queries
-----------------------------------------  -----  ---------  --------  ----------  --------------  -------------------  ----------------------
/opt/airflow/dags/driven_data_pipeline.py                           1           0  1.76s           2025-07-02T05:20:29                      12
================================================================================
[2025-07-02T05:21:12.317+0000] {manager.py:997} INFO - 
================================================================================
DAG File Processing Stats

File Path                                  PID    Runtime      # DAGs    # Errors  Last Runtime    Last Run               Last # of DB Queries
-----------------------------------------  -----  ---------  --------  ----------  --------------  -------------------  ----------------------
/opt/airflow/dags/driven_data_pipeline.py                           1           0  1.44s           2025-07-02T05:21:01                      12
================================================================================
[2025-07-02T05:21:42.825+0000] {manager.py:997} INFO - 
================================================================================
DAG File Processing Stats

File Path                                  PID    Runtime      # DAGs    # Errors  Last Runtime    Last Run               Last # of DB Queries
-----------------------------------------  -----  ---------  --------  ----------  --------------  -------------------  ----------------------
/opt/airflow/dags/driven_data_pipeline.py                           1           0  1.20s           2025-07-02T05:21:32                      12
================================================================================
[2025-07-02T05:22:13.455+0000] {manager.py:997} INFO - 
================================================================================
DAG File Processing Stats

File Path                                  PID    Runtime      # DAGs    # Errors  Last Runtime    Last Run               Last # of DB Queries
-----------------------------------------  -----  ---------  --------  ----------  --------------  -------------------  ----------------------
/opt/airflow/dags/driven_data_pipeline.py                           1           0  1.36s           2025-07-02T05:22:04                      12
================================================================================
[2025-07-02T05:22:44.101+0000] {manager.py:997} INFO - 
================================================================================
DAG File Processing Stats

File Path                                  PID    Runtime      # DAGs    # Errors  Last Runtime    Last Run               Last # of DB Queries
-----------------------------------------  -----  ---------  --------  ----------  --------------  -------------------  ----------------------
/opt/airflow/dags/driven_data_pipeline.py                           1           0  1.09s           2025-07-02T05:22:36                      12
================================================================================
[2025-07-02T05:23:14.488+0000] {manager.py:997} INFO - 
================================================================================
DAG File Processing Stats

File Path                                  PID    Runtime      # DAGs    # Errors  Last Runtime    Last Run               Last # of DB Queries
-----------------------------------------  -----  ---------  --------  ----------  --------------  -------------------  ----------------------
/opt/airflow/dags/driven_data_pipeline.py                           1           0  1.24s           2025-07-02T05:23:07                      12
================================================================================
[2025-07-02T05:23:35.727+0000] {manager.py:821} INFO - Searching for files in /opt/airflow/dags
[2025-07-02T05:23:35.745+0000] {manager.py:824} INFO - There are 1 files in /opt/airflow/dags
[2025-07-02T05:23:45.011+0000] {manager.py:997} INFO - 
================================================================================
DAG File Processing Stats

File Path                                  PID    Runtime      # DAGs    # Errors  Last Runtime    Last Run               Last # of DB Queries
-----------------------------------------  -----  ---------  --------  ----------  --------------  -------------------  ----------------------
/opt/airflow/dags/driven_data_pipeline.py                           1           0  2.07s           2025-07-02T05:23:39                      12
================================================================================
[2025-07-02T05:24:15.385+0000] {manager.py:997} INFO - 
================================================================================
DAG File Processing Stats

File Path                                  PID    Runtime      # DAGs    # Errors  Last Runtime    Last Run               Last # of DB Queries
-----------------------------------------  -----  ---------  --------  ----------  --------------  -------------------  ----------------------
/opt/airflow/dags/driven_data_pipeline.py                           1           0  1.19s           2025-07-02T05:24:11                      12
================================================================================
[2025-07-02T05:24:45.681+0000] {manager.py:997} INFO - 
================================================================================
DAG File Processing Stats

File Path                                  PID    Runtime      # DAGs    # Errors  Last Runtime    Last Run               Last # of DB Queries
-----------------------------------------  -----  ---------  --------  ----------  --------------  -------------------  ----------------------
/opt/airflow/dags/driven_data_pipeline.py                           1           0  0.98s           2025-07-02T05:24:42                      12
================================================================================
[2025-07-02T05:25:16.179+0000] {manager.py:997} INFO - 
================================================================================
DAG File Processing Stats

File Path                                  PID    Runtime      # DAGs    # Errors  Last Runtime    Last Run               Last # of DB Queries
-----------------------------------------  -----  ---------  --------  ----------  --------------  -------------------  ----------------------
/opt/airflow/dags/driven_data_pipeline.py                           1           0  1.25s           2025-07-02T05:25:14                      12
================================================================================
[2025-07-02T05:25:46.578+0000] {manager.py:997} INFO - 
================================================================================
DAG File Processing Stats

File Path                                  PID    Runtime      # DAGs    # Errors  Last Runtime    Last Run               Last # of DB Queries
-----------------------------------------  -----  ---------  --------  ----------  --------------  -------------------  ----------------------
/opt/airflow/dags/driven_data_pipeline.py                           1           0  1.10s           2025-07-02T05:25:45                      12
================================================================================
[2025-07-02T05:26:16.944+0000] {manager.py:997} INFO - 
================================================================================
DAG File Processing Stats

File Path                                    PID  Runtime      # DAGs    # Errors  Last Runtime    Last Run               Last # of DB Queries
-----------------------------------------  -----  ---------  --------  ----------  --------------  -------------------  ----------------------
/opt/airflow/dags/driven_data_pipeline.py    620  1.02s             1           0  1.10s           2025-07-02T05:25:45                      12
================================================================================
[2025-07-02T05:26:47.299+0000] {manager.py:997} INFO - 
================================================================================
DAG File Processing Stats

File Path                                    PID  Runtime      # DAGs    # Errors  Last Runtime    Last Run               Last # of DB Queries
-----------------------------------------  -----  ---------  --------  ----------  --------------  -------------------  ----------------------
/opt/airflow/dags/driven_data_pipeline.py    628  0.01s             1           0  1.09s           2025-07-02T05:26:17                      12
================================================================================
[2025-07-02T05:27:17.679+0000] {manager.py:997} INFO - 
================================================================================
DAG File Processing Stats

File Path                                  PID    Runtime      # DAGs    # Errors  Last Runtime    Last Run               Last # of DB Queries
-----------------------------------------  -----  ---------  --------  ----------  --------------  -------------------  ----------------------
/opt/airflow/dags/driven_data_pipeline.py                           1           0  1.35s           2025-07-02T05:26:48                      12
================================================================================
[2025-07-02T05:27:48.015+0000] {manager.py:997} INFO - 
================================================================================
DAG File Processing Stats

File Path                                  PID    Runtime      # DAGs    # Errors  Last Runtime    Last Run               Last # of DB Queries
-----------------------------------------  -----  ---------  --------  ----------  --------------  -------------------  ----------------------
/opt/airflow/dags/driven_data_pipeline.py                           1           0  1.11s           2025-07-02T05:27:19                      12
================================================================================
[2025-07-02T05:28:18.349+0000] {manager.py:997} INFO - 
================================================================================
DAG File Processing Stats

File Path                                  PID    Runtime      # DAGs    # Errors  Last Runtime    Last Run               Last # of DB Queries
-----------------------------------------  -----  ---------  --------  ----------  --------------  -------------------  ----------------------
/opt/airflow/dags/driven_data_pipeline.py                           1           0  1.38s           2025-07-02T05:27:51                      12
================================================================================
[2025-07-02T05:28:35.822+0000] {manager.py:821} INFO - Searching for files in /opt/airflow/dags
[2025-07-02T05:28:35.903+0000] {manager.py:824} INFO - There are 1 files in /opt/airflow/dags
[2025-07-02T05:28:48.694+0000] {manager.py:997} INFO - 
================================================================================
DAG File Processing Stats

File Path                                  PID    Runtime      # DAGs    # Errors  Last Runtime    Last Run               Last # of DB Queries
-----------------------------------------  -----  ---------  --------  ----------  --------------  -------------------  ----------------------
/opt/airflow/dags/driven_data_pipeline.py                           1           0  0.96s           2025-07-02T05:28:22                      12
================================================================================
[2025-07-02T05:29:19.015+0000] {manager.py:997} INFO - 
================================================================================
DAG File Processing Stats

File Path                                  PID    Runtime      # DAGs    # Errors  Last Runtime    Last Run               Last # of DB Queries
-----------------------------------------  -----  ---------  --------  ----------  --------------  -------------------  ----------------------
/opt/airflow/dags/driven_data_pipeline.py                           1           0  1.20s           2025-07-02T05:28:53                      12
================================================================================
[2025-07-02T05:29:49.457+0000] {manager.py:997} INFO - 
================================================================================
DAG File Processing Stats

File Path                                  PID    Runtime      # DAGs    # Errors  Last Runtime    Last Run               Last # of DB Queries
-----------------------------------------  -----  ---------  --------  ----------  --------------  -------------------  ----------------------
/opt/airflow/dags/driven_data_pipeline.py                           1           0  2.24s           2025-07-02T05:29:26                      12
================================================================================
[2025-07-02T05:30:51.897+0000] {manager.py:997} INFO - 
================================================================================
DAG File Processing Stats

File Path                                    PID  Runtime      # DAGs    # Errors  Last Runtime    Last Run               Last # of DB Queries
-----------------------------------------  -----  ---------  --------  ----------  --------------  -------------------  ----------------------
/opt/airflow/dags/driven_data_pipeline.py    677  36.31s            1           0  2.24s           2025-07-02T05:29:26                      12
================================================================================
[2025-07-02T05:36:32.707+0000] {manager.py:821} INFO - Searching for files in /opt/airflow/dags
[2025-07-02T05:36:32.989+0000] {manager.py:824} INFO - There are 1 files in /opt/airflow/dags
[2025-07-02T05:36:33.191+0000] {manager.py:1366} ERROR - Processor for /opt/airflow/dags/driven_data_pipeline.py with PID 677 started at 2025-07-02T05:29:56.566692+00:00 has timed out, killing it.
[2025-07-02T05:36:33.219+0000] {manager.py:997} INFO - 
================================================================================
DAG File Processing Stats

File Path                                  PID    Runtime      # DAGs    # Errors  Last Runtime    Last Run               Last # of DB Queries
-----------------------------------------  -----  ---------  --------  ----------  --------------  -------------------  ----------------------
/opt/airflow/dags/driven_data_pipeline.py                           0           1  396.62s         2025-07-02T05:36:33                       0
================================================================================
[2025-07-02T14:42:04.100+0000] {manager.py:483} INFO - Processing files using up to 2 processes at a time 
[2025-07-02T14:42:04.104+0000] {manager.py:484} INFO - Process each file at most once every 30 seconds
[2025-07-02T14:42:04.105+0000] {manager.py:485} INFO - Checking for new files in /opt/airflow/dags every 300 seconds
[2025-07-02T14:42:04.108+0000] {manager.py:821} INFO - Searching for files in /opt/airflow/dags
[2025-07-02T14:42:04.274+0000] {manager.py:824} INFO - There are 1 files in /opt/airflow/dags
[2025-07-02T14:42:04.736+0000] {manager.py:997} INFO - 
================================================================================
DAG File Processing Stats

File Path                                    PID  Runtime      # DAGs    # Errors  Last Runtime    Last Run      Last # of DB Queries
-----------------------------------------  -----  ---------  --------  ----------  --------------  ----------  ----------------------
/opt/airflow/dags/driven_data_pipeline.py     96  0.13s             0           0                                                   0
================================================================================
[2025-07-02T14:42:43.330+0000] {manager.py:997} INFO - 
================================================================================
DAG File Processing Stats

File Path                                  PID    Runtime      # DAGs    # Errors  Last Runtime    Last Run               Last # of DB Queries
-----------------------------------------  -----  ---------  --------  ----------  --------------  -------------------  ----------------------
/opt/airflow/dags/driven_data_pipeline.py                           1           0  3.77s           2025-07-02T14:42:08                      34
================================================================================
[2025-07-02T14:43:54.385+0000] {manager.py:997} INFO - 
================================================================================
DAG File Processing Stats

File Path                                    PID  Runtime      # DAGs    # Errors  Last Runtime    Last Run               Last # of DB Queries
-----------------------------------------  -----  ---------  --------  ----------  --------------  -------------------  ----------------------
/opt/airflow/dags/driven_data_pipeline.py    113  0.07s             1           0  3.77s           2025-07-02T14:42:08                      34
================================================================================
[2025-07-02T14:48:42.831+0000] {manager.py:483} INFO - Processing files using up to 2 processes at a time 
[2025-07-02T14:48:42.835+0000] {manager.py:484} INFO - Process each file at most once every 30 seconds
[2025-07-02T14:48:42.843+0000] {manager.py:485} INFO - Checking for new files in /opt/airflow/dags every 300 seconds
[2025-07-02T14:48:42.845+0000] {manager.py:821} INFO - Searching for files in /opt/airflow/dags
[2025-07-02T14:48:43.071+0000] {manager.py:824} INFO - There are 1 files in /opt/airflow/dags
[2025-07-02T14:48:44.081+0000] {manager.py:997} INFO - 
================================================================================
DAG File Processing Stats

File Path                                    PID  Runtime      # DAGs    # Errors  Last Runtime    Last Run      Last # of DB Queries
-----------------------------------------  -----  ---------  --------  ----------  --------------  ----------  ----------------------
/opt/airflow/dags/driven_data_pipeline.py    102  0.23s             0           0                                                   0
================================================================================
[2025-07-02T14:49:15.241+0000] {manager.py:997} INFO - 
================================================================================
DAG File Processing Stats

File Path                                  PID    Runtime      # DAGs    # Errors  Last Runtime    Last Run               Last # of DB Queries
-----------------------------------------  -----  ---------  --------  ----------  --------------  -------------------  ----------------------
/opt/airflow/dags/driven_data_pipeline.py                           1           0  2.71s           2025-07-02T14:48:46                      12
================================================================================
[2025-07-02T14:50:22.531+0000] {manager.py:997} INFO - 
================================================================================
DAG File Processing Stats

File Path                                    PID  Runtime      # DAGs    # Errors  Last Runtime    Last Run               Last # of DB Queries
-----------------------------------------  -----  ---------  --------  ----------  --------------  -------------------  ----------------------
/opt/airflow/dags/driven_data_pipeline.py    111  42.76s            1           0  2.71s           2025-07-02T14:48:46                      12
================================================================================
[2025-07-02T14:57:09.726+0000] {manager.py:821} INFO - Searching for files in /opt/airflow/dags
[2025-07-02T14:57:14.809+0000] {manager.py:824} INFO - There are 1 files in /opt/airflow/dags
[2025-07-02T14:57:15.206+0000] {manager.py:1366} ERROR - Processor for /opt/airflow/dags/driven_data_pipeline.py with PID 111 started at 2025-07-02T14:49:16.891906+00:00 has timed out, killing it.
[2025-07-02T14:57:15.232+0000] {manager.py:997} INFO - 
================================================================================
DAG File Processing Stats

File Path                                  PID    Runtime      # DAGs    # Errors  Last Runtime    Last Run               Last # of DB Queries
-----------------------------------------  -----  ---------  --------  ----------  --------------  -------------------  ----------------------
/opt/airflow/dags/driven_data_pipeline.py                           0           1  478.31s         2025-07-02T14:57:15                       0
================================================================================
[2025-07-02T15:21:12.758+0000] {manager.py:483} INFO - Processing files using up to 2 processes at a time 
[2025-07-02T15:21:12.764+0000] {manager.py:484} INFO - Process each file at most once every 30 seconds
[2025-07-02T15:21:12.766+0000] {manager.py:485} INFO - Checking for new files in /opt/airflow/dags every 300 seconds
[2025-07-02T15:21:12.767+0000] {manager.py:821} INFO - Searching for files in /opt/airflow/dags
[2025-07-02T15:21:12.826+0000] {manager.py:824} INFO - There are 1 files in /opt/airflow/dags
[2025-07-02T15:21:13.250+0000] {manager.py:997} INFO - 
================================================================================
DAG File Processing Stats

File Path                                    PID  Runtime      # DAGs    # Errors  Last Runtime    Last Run      Last # of DB Queries
-----------------------------------------  -----  ---------  --------  ----------  --------------  ----------  ----------------------
/opt/airflow/dags/driven_data_pipeline.py     92  0.09s             0           0                                                   0
================================================================================
[2025-07-02T15:21:44.362+0000] {manager.py:997} INFO - 
================================================================================
DAG File Processing Stats

File Path                                  PID    Runtime      # DAGs    # Errors  Last Runtime    Last Run               Last # of DB Queries
-----------------------------------------  -----  ---------  --------  ----------  --------------  -------------------  ----------------------
/opt/airflow/dags/driven_data_pipeline.py                           1           0  2.52s           2025-07-02T15:21:15                      45
================================================================================
[2025-07-02T15:22:15.941+0000] {manager.py:997} INFO - 
================================================================================
DAG File Processing Stats

File Path                                  PID    Runtime      # DAGs    # Errors  Last Runtime    Last Run               Last # of DB Queries
-----------------------------------------  -----  ---------  --------  ----------  --------------  -------------------  ----------------------
/opt/airflow/dags/driven_data_pipeline.py                           1           0  1.18s           2025-07-02T15:21:46                      12
================================================================================
[2025-07-02T15:22:46.755+0000] {manager.py:997} INFO - 
================================================================================
DAG File Processing Stats

File Path                                  PID    Runtime      # DAGs    # Errors  Last Runtime    Last Run               Last # of DB Queries
-----------------------------------------  -----  ---------  --------  ----------  --------------  -------------------  ----------------------
/opt/airflow/dags/driven_data_pipeline.py                           1           0  1.60s           2025-07-02T15:22:18                      12
================================================================================
[2025-07-02T15:23:17.597+0000] {manager.py:997} INFO - 
================================================================================
DAG File Processing Stats

File Path                                  PID    Runtime      # DAGs    # Errors  Last Runtime    Last Run               Last # of DB Queries
-----------------------------------------  -----  ---------  --------  ----------  --------------  -------------------  ----------------------
/opt/airflow/dags/driven_data_pipeline.py                           1           0  1.68s           2025-07-02T15:22:50                      12
================================================================================
[2025-07-02T15:23:48.712+0000] {manager.py:997} INFO - 
================================================================================
DAG File Processing Stats

File Path                                  PID    Runtime      # DAGs    # Errors  Last Runtime    Last Run               Last # of DB Queries
-----------------------------------------  -----  ---------  --------  ----------  --------------  -------------------  ----------------------
/opt/airflow/dags/driven_data_pipeline.py                           1           0  1.52s           2025-07-02T15:23:22                      12
================================================================================
[2025-07-02T15:24:20.043+0000] {manager.py:997} INFO - 
================================================================================
DAG File Processing Stats

File Path                                  PID    Runtime      # DAGs    # Errors  Last Runtime    Last Run               Last # of DB Queries
-----------------------------------------  -----  ---------  --------  ----------  --------------  -------------------  ----------------------
/opt/airflow/dags/driven_data_pipeline.py                           1           0  0.79s           2025-07-02T15:23:53                      12
================================================================================
[2025-07-02T15:24:51.758+0000] {manager.py:997} INFO - 
================================================================================
DAG File Processing Stats

File Path                                  PID    Runtime      # DAGs    # Errors  Last Runtime    Last Run               Last # of DB Queries
-----------------------------------------  -----  ---------  --------  ----------  --------------  -------------------  ----------------------
/opt/airflow/dags/driven_data_pipeline.py                           1           0  1.49s           2025-07-02T15:24:24                      12
================================================================================
[2025-07-02T15:25:22.876+0000] {manager.py:997} INFO - 
================================================================================
DAG File Processing Stats

File Path                                  PID    Runtime      # DAGs    # Errors  Last Runtime    Last Run               Last # of DB Queries
-----------------------------------------  -----  ---------  --------  ----------  --------------  -------------------  ----------------------
/opt/airflow/dags/driven_data_pipeline.py                           1           0  1.88s           2025-07-02T15:24:57                      12
================================================================================
[2025-07-02T15:25:54.247+0000] {manager.py:997} INFO - 
================================================================================
DAG File Processing Stats

File Path                                  PID    Runtime      # DAGs    # Errors  Last Runtime    Last Run               Last # of DB Queries
-----------------------------------------  -----  ---------  --------  ----------  --------------  -------------------  ----------------------
/opt/airflow/dags/driven_data_pipeline.py                           1           0  1.35s           2025-07-02T15:25:29                      12
================================================================================
[2025-07-02T15:26:13.485+0000] {manager.py:821} INFO - Searching for files in /opt/airflow/dags
[2025-07-02T15:26:13.523+0000] {manager.py:824} INFO - There are 1 files in /opt/airflow/dags
[2025-07-02T15:26:24.963+0000] {manager.py:997} INFO - 
================================================================================
DAG File Processing Stats

File Path                                  PID    Runtime      # DAGs    # Errors  Last Runtime    Last Run               Last # of DB Queries
-----------------------------------------  -----  ---------  --------  ----------  --------------  -------------------  ----------------------
/opt/airflow/dags/driven_data_pipeline.py                           1           0  2.09s           2025-07-02T15:26:01                      12
================================================================================
[2025-07-02T15:27:03.404+0000] {manager.py:997} INFO - 
================================================================================
DAG File Processing Stats

File Path                                    PID  Runtime      # DAGs    # Errors  Last Runtime    Last Run               Last # of DB Queries
-----------------------------------------  -----  ---------  --------  ----------  --------------  -------------------  ----------------------
/opt/airflow/dags/driven_data_pipeline.py    191  0.02s             1           0  1.26s           2025-07-02T15:26:33                      12
================================================================================
[2025-07-02T15:27:34.783+0000] {manager.py:997} INFO - 
================================================================================
DAG File Processing Stats

File Path                                  PID    Runtime      # DAGs    # Errors  Last Runtime    Last Run               Last # of DB Queries
-----------------------------------------  -----  ---------  --------  ----------  --------------  -------------------  ----------------------
/opt/airflow/dags/driven_data_pipeline.py                           1           0  1.41s           2025-07-02T15:27:04                      12
================================================================================
[2025-07-02T15:28:05.124+0000] {manager.py:997} INFO - 
================================================================================
DAG File Processing Stats

File Path                                  PID    Runtime      # DAGs    # Errors  Last Runtime    Last Run               Last # of DB Queries
-----------------------------------------  -----  ---------  --------  ----------  --------------  -------------------  ----------------------
/opt/airflow/dags/driven_data_pipeline.py                           1           0  0.81s           2025-07-02T15:27:35                      12
================================================================================
[2025-07-02T15:28:36.414+0000] {manager.py:997} INFO - 
================================================================================
DAG File Processing Stats

File Path                                  PID    Runtime      # DAGs    # Errors  Last Runtime    Last Run               Last # of DB Queries
-----------------------------------------  -----  ---------  --------  ----------  --------------  -------------------  ----------------------
/opt/airflow/dags/driven_data_pipeline.py                           1           0  1.14s           2025-07-02T15:28:08                      12
================================================================================
[2025-07-02T15:29:07.753+0000] {manager.py:997} INFO - 
================================================================================
DAG File Processing Stats

File Path                                  PID    Runtime      # DAGs    # Errors  Last Runtime    Last Run               Last # of DB Queries
-----------------------------------------  -----  ---------  --------  ----------  --------------  -------------------  ----------------------
/opt/airflow/dags/driven_data_pipeline.py                           1           0  2.07s           2025-07-02T15:28:40                      12
================================================================================
[2025-07-02T15:29:39.073+0000] {manager.py:997} INFO - 
================================================================================
DAG File Processing Stats

File Path                                  PID    Runtime      # DAGs    # Errors  Last Runtime    Last Run               Last # of DB Queries
-----------------------------------------  -----  ---------  --------  ----------  --------------  -------------------  ----------------------
/opt/airflow/dags/driven_data_pipeline.py                           1           0  1.22s           2025-07-02T15:29:12                      12
================================================================================
[2025-07-02T15:30:10.584+0000] {manager.py:997} INFO - 
================================================================================
DAG File Processing Stats

File Path                                  PID    Runtime      # DAGs    # Errors  Last Runtime    Last Run               Last # of DB Queries
-----------------------------------------  -----  ---------  --------  ----------  --------------  -------------------  ----------------------
/opt/airflow/dags/driven_data_pipeline.py                           1           0  1.16s           2025-07-02T15:29:43                      12
================================================================================
[2025-07-02T15:31:40.778+0000] {manager.py:997} INFO - 
================================================================================
DAG File Processing Stats

File Path                                    PID  Runtime      # DAGs    # Errors  Last Runtime    Last Run               Last # of DB Queries
-----------------------------------------  -----  ---------  --------  ----------  --------------  -------------------  ----------------------
/opt/airflow/dags/driven_data_pipeline.py    249  2.60s             1           0  1.16s           2025-07-02T15:29:43                      12
================================================================================
[2025-07-02T15:31:41.064+0000] {manager.py:821} INFO - Searching for files in /opt/airflow/dags
[2025-07-02T15:31:41.176+0000] {manager.py:824} INFO - There are 1 files in /opt/airflow/dags
[2025-07-02T15:32:12.119+0000] {manager.py:997} INFO - 
================================================================================
DAG File Processing Stats

File Path                                  PID    Runtime      # DAGs    # Errors  Last Runtime    Last Run               Last # of DB Queries
-----------------------------------------  -----  ---------  --------  ----------  --------------  -------------------  ----------------------
/opt/airflow/dags/driven_data_pipeline.py                           1           0  19.69s          2025-07-02T15:31:42                      12
================================================================================
[2025-07-02T15:32:43.522+0000] {manager.py:997} INFO - 
================================================================================
DAG File Processing Stats

File Path                                  PID    Runtime      # DAGs    # Errors  Last Runtime    Last Run               Last # of DB Queries
-----------------------------------------  -----  ---------  --------  ----------  --------------  -------------------  ----------------------
/opt/airflow/dags/driven_data_pipeline.py                           1           0  1.15s           2025-07-02T15:32:14                      12
================================================================================
[2025-07-02T15:33:14.994+0000] {manager.py:997} INFO - 
================================================================================
DAG File Processing Stats

File Path                                  PID    Runtime      # DAGs    # Errors  Last Runtime    Last Run               Last # of DB Queries
-----------------------------------------  -----  ---------  --------  ----------  --------------  -------------------  ----------------------
/opt/airflow/dags/driven_data_pipeline.py                           1           0  0.51s           2025-07-02T15:32:45                      12
================================================================================
[2025-07-02T15:33:46.416+0000] {manager.py:997} INFO - 
================================================================================
DAG File Processing Stats

File Path                                    PID  Runtime      # DAGs    # Errors  Last Runtime    Last Run               Last # of DB Queries
-----------------------------------------  -----  ---------  --------  ----------  --------------  -------------------  ----------------------
/opt/airflow/dags/driven_data_pipeline.py    287  0.01s             1           0  0.77s           2025-07-02T15:33:16                      12
================================================================================
[2025-07-02T15:34:18.276+0000] {manager.py:997} INFO - 
================================================================================
DAG File Processing Stats

File Path                                  PID    Runtime      # DAGs    # Errors  Last Runtime    Last Run               Last # of DB Queries
-----------------------------------------  -----  ---------  --------  ----------  --------------  -------------------  ----------------------
/opt/airflow/dags/driven_data_pipeline.py                           1           0  0.50s           2025-07-02T15:34:17                      12
================================================================================
[2025-07-02T15:34:49.767+0000] {manager.py:997} INFO - 
================================================================================
DAG File Processing Stats

File Path                                  PID    Runtime      # DAGs    # Errors  Last Runtime    Last Run               Last # of DB Queries
-----------------------------------------  -----  ---------  --------  ----------  --------------  -------------------  ----------------------
/opt/airflow/dags/driven_data_pipeline.py                           1           0  0.51s           2025-07-02T15:34:48                      12
================================================================================
[2025-07-02T15:35:21.173+0000] {manager.py:997} INFO - 
================================================================================
DAG File Processing Stats

File Path                                  PID    Runtime      # DAGs    # Errors  Last Runtime    Last Run               Last # of DB Queries
-----------------------------------------  -----  ---------  --------  ----------  --------------  -------------------  ----------------------
/opt/airflow/dags/driven_data_pipeline.py                           1           0  0.67s           2025-07-02T15:35:19                      12
================================================================================
[2025-07-02T15:35:51.530+0000] {manager.py:997} INFO - 
================================================================================
DAG File Processing Stats

File Path                                  PID    Runtime      # DAGs    # Errors  Last Runtime    Last Run               Last # of DB Queries
-----------------------------------------  -----  ---------  --------  ----------  --------------  -------------------  ----------------------
/opt/airflow/dags/driven_data_pipeline.py                           1           0  0.57s           2025-07-02T15:35:50                      12
================================================================================
[2025-07-02T15:36:23.012+0000] {manager.py:997} INFO - 
================================================================================
DAG File Processing Stats

File Path                                  PID    Runtime      # DAGs    # Errors  Last Runtime    Last Run               Last # of DB Queries
-----------------------------------------  -----  ---------  --------  ----------  --------------  -------------------  ----------------------
/opt/airflow/dags/driven_data_pipeline.py                           1           0  0.80s           2025-07-02T15:36:21                      12
================================================================================
[2025-07-02T15:36:41.359+0000] {manager.py:821} INFO - Searching for files in /opt/airflow/dags
[2025-07-02T15:36:41.400+0000] {manager.py:824} INFO - There are 1 files in /opt/airflow/dags
[2025-07-02T15:36:54.796+0000] {manager.py:997} INFO - 
================================================================================
DAG File Processing Stats

File Path                                  PID    Runtime      # DAGs    # Errors  Last Runtime    Last Run               Last # of DB Queries
-----------------------------------------  -----  ---------  --------  ----------  --------------  -------------------  ----------------------
/opt/airflow/dags/driven_data_pipeline.py                           1           0  1.22s           2025-07-02T15:36:52                      12
================================================================================
[2025-07-02T15:37:26.334+0000] {manager.py:997} INFO - 
================================================================================
DAG File Processing Stats

File Path                                  PID    Runtime      # DAGs    # Errors  Last Runtime    Last Run               Last # of DB Queries
-----------------------------------------  -----  ---------  --------  ----------  --------------  -------------------  ----------------------
/opt/airflow/dags/driven_data_pipeline.py                           1           0  1.20s           2025-07-02T15:37:24                      12
================================================================================
[2025-07-02T15:37:57.929+0000] {manager.py:997} INFO - 
================================================================================
DAG File Processing Stats

File Path                                  PID    Runtime      # DAGs    # Errors  Last Runtime    Last Run               Last # of DB Queries
-----------------------------------------  -----  ---------  --------  ----------  --------------  -------------------  ----------------------
/opt/airflow/dags/driven_data_pipeline.py                           1           0  1.08s           2025-07-02T15:37:55                      12
================================================================================
[2025-07-02T15:38:29.462+0000] {manager.py:997} INFO - 
================================================================================
DAG File Processing Stats

File Path                                  PID    Runtime      # DAGs    # Errors  Last Runtime    Last Run               Last # of DB Queries
-----------------------------------------  -----  ---------  --------  ----------  --------------  -------------------  ----------------------
/opt/airflow/dags/driven_data_pipeline.py                           1           0  1.34s           2025-07-02T15:38:27                      12
================================================================================
[2025-07-02T15:39:00.939+0000] {manager.py:997} INFO - 
================================================================================
DAG File Processing Stats

File Path                                  PID    Runtime      # DAGs    # Errors  Last Runtime    Last Run               Last # of DB Queries
-----------------------------------------  -----  ---------  --------  ----------  --------------  -------------------  ----------------------
/opt/airflow/dags/driven_data_pipeline.py                           1           0  0.96s           2025-07-02T15:38:58                      12
================================================================================
[2025-07-02T15:39:46.326+0000] {manager.py:997} INFO - 
================================================================================
DAG File Processing Stats

File Path                                  PID    Runtime      # DAGs    # Errors  Last Runtime    Last Run               Last # of DB Queries
-----------------------------------------  -----  ---------  --------  ----------  --------------  -------------------  ----------------------
/opt/airflow/dags/driven_data_pipeline.py                           1           0  2.44s           2025-07-02T15:39:44                      12
================================================================================
[2025-07-02T15:40:18.678+0000] {manager.py:997} INFO - 
================================================================================
DAG File Processing Stats

File Path                                  PID    Runtime      # DAGs    # Errors  Last Runtime    Last Run               Last # of DB Queries
-----------------------------------------  -----  ---------  --------  ----------  --------------  -------------------  ----------------------
/opt/airflow/dags/driven_data_pipeline.py                           1           0  1.18s           2025-07-02T15:40:15                      12
================================================================================
[2025-07-02T15:40:50.633+0000] {manager.py:997} INFO - 
================================================================================
DAG File Processing Stats

File Path                                  PID    Runtime      # DAGs    # Errors  Last Runtime    Last Run               Last # of DB Queries
-----------------------------------------  -----  ---------  --------  ----------  --------------  -------------------  ----------------------
/opt/airflow/dags/driven_data_pipeline.py                           1           0  1.08s           2025-07-02T15:40:47                      12
================================================================================
[2025-07-02T15:41:22.197+0000] {manager.py:997} INFO - 
================================================================================
DAG File Processing Stats

File Path                                  PID    Runtime      # DAGs    # Errors  Last Runtime    Last Run               Last # of DB Queries
-----------------------------------------  -----  ---------  --------  ----------  --------------  -------------------  ----------------------
/opt/airflow/dags/driven_data_pipeline.py                           1           0  1.76s           2025-07-02T15:41:20                      12
================================================================================
[2025-07-02T15:41:41.385+0000] {manager.py:821} INFO - Searching for files in /opt/airflow/dags
[2025-07-02T15:41:41.422+0000] {manager.py:824} INFO - There are 1 files in /opt/airflow/dags
[2025-07-02T15:41:54.335+0000] {manager.py:997} INFO - 
================================================================================
DAG File Processing Stats

File Path                                  PID    Runtime      # DAGs    # Errors  Last Runtime    Last Run               Last # of DB Queries
-----------------------------------------  -----  ---------  --------  ----------  --------------  -------------------  ----------------------
/opt/airflow/dags/driven_data_pipeline.py                           1           0  1.33s           2025-07-02T15:41:51                      12
================================================================================
[2025-07-02T15:42:26.100+0000] {manager.py:997} INFO - 
================================================================================
DAG File Processing Stats

File Path                                  PID    Runtime      # DAGs    # Errors  Last Runtime    Last Run               Last # of DB Queries
-----------------------------------------  -----  ---------  --------  ----------  --------------  -------------------  ----------------------
/opt/airflow/dags/driven_data_pipeline.py                           1           0  0.94s           2025-07-02T15:42:23                      12
================================================================================
[2025-07-02T15:42:57.905+0000] {manager.py:997} INFO - 
================================================================================
DAG File Processing Stats

File Path                                  PID    Runtime      # DAGs    # Errors  Last Runtime    Last Run               Last # of DB Queries
-----------------------------------------  -----  ---------  --------  ----------  --------------  -------------------  ----------------------
/opt/airflow/dags/driven_data_pipeline.py                           1           0  0.90s           2025-07-02T15:42:54                      12
================================================================================
[2025-07-02T15:43:29.606+0000] {manager.py:997} INFO - 
================================================================================
DAG File Processing Stats

File Path                                  PID    Runtime      # DAGs    # Errors  Last Runtime    Last Run               Last # of DB Queries
-----------------------------------------  -----  ---------  --------  ----------  --------------  -------------------  ----------------------
/opt/airflow/dags/driven_data_pipeline.py                           1           0  2.36s           2025-07-02T15:43:26                      12
================================================================================
[2025-07-03T00:52:26.929+0000] {manager.py:821} INFO - Searching for files in /opt/airflow/dags
[2025-07-03T00:52:28.210+0000] {manager.py:824} INFO - There are 1 files in /opt/airflow/dags
[2025-07-03T00:52:54.346+0000] {manager.py:997} INFO - 
================================================================================
DAG File Processing Stats

File Path                                  PID    Runtime      # DAGs    # Errors  Last Runtime    Last Run               Last # of DB Queries
-----------------------------------------  -----  ---------  --------  ----------  --------------  -------------------  ----------------------
/opt/airflow/dags/driven_data_pipeline.py                           1           0  1.78s           2025-07-03T00:52:30                      12
================================================================================
[2025-07-03T00:53:25.063+0000] {manager.py:997} INFO - 
================================================================================
DAG File Processing Stats

File Path                                  PID    Runtime      # DAGs    # Errors  Last Runtime    Last Run               Last # of DB Queries
-----------------------------------------  -----  ---------  --------  ----------  --------------  -------------------  ----------------------
/opt/airflow/dags/driven_data_pipeline.py                           1           0  1.24s           2025-07-03T00:53:01                      12
================================================================================
[2025-07-03T00:53:55.494+0000] {manager.py:997} INFO - 
================================================================================
DAG File Processing Stats

File Path                                  PID    Runtime      # DAGs    # Errors  Last Runtime    Last Run               Last # of DB Queries
-----------------------------------------  -----  ---------  --------  ----------  --------------  -------------------  ----------------------
/opt/airflow/dags/driven_data_pipeline.py                           1           0  1.09s           2025-07-03T00:53:33                      12
================================================================================
[2025-07-03T00:54:25.726+0000] {manager.py:997} INFO - 
================================================================================
DAG File Processing Stats

File Path                                  PID    Runtime      # DAGs    # Errors  Last Runtime    Last Run               Last # of DB Queries
-----------------------------------------  -----  ---------  --------  ----------  --------------  -------------------  ----------------------
/opt/airflow/dags/driven_data_pipeline.py                           1           0  0.85s           2025-07-03T00:54:04                      12
================================================================================
[2025-07-03T00:54:56.263+0000] {manager.py:997} INFO - 
================================================================================
DAG File Processing Stats

File Path                                  PID    Runtime      # DAGs    # Errors  Last Runtime    Last Run               Last # of DB Queries
-----------------------------------------  -----  ---------  --------  ----------  --------------  -------------------  ----------------------
/opt/airflow/dags/driven_data_pipeline.py                           1           0  0.54s           2025-07-03T00:54:35                      12
================================================================================
[2025-07-03T00:55:26.575+0000] {manager.py:997} INFO - 
================================================================================
DAG File Processing Stats

File Path                                  PID    Runtime      # DAGs    # Errors  Last Runtime    Last Run               Last # of DB Queries
-----------------------------------------  -----  ---------  --------  ----------  --------------  -------------------  ----------------------
/opt/airflow/dags/driven_data_pipeline.py                           1           0  0.92s           2025-07-03T00:55:06                      12
================================================================================
[2025-07-03T00:55:57.266+0000] {manager.py:997} INFO - 
================================================================================
DAG File Processing Stats

File Path                                  PID    Runtime      # DAGs    # Errors  Last Runtime    Last Run               Last # of DB Queries
-----------------------------------------  -----  ---------  --------  ----------  --------------  -------------------  ----------------------
/opt/airflow/dags/driven_data_pipeline.py                           1           0  1.05s           2025-07-03T00:55:38                      12
================================================================================
[2025-07-03T00:56:27.633+0000] {manager.py:997} INFO - 
================================================================================
DAG File Processing Stats

File Path                                  PID    Runtime      # DAGs    # Errors  Last Runtime    Last Run               Last # of DB Queries
-----------------------------------------  -----  ---------  --------  ----------  --------------  -------------------  ----------------------
/opt/airflow/dags/driven_data_pipeline.py                           1           0  1.04s           2025-07-03T00:56:09                      12
================================================================================
[2025-07-03T00:56:57.974+0000] {manager.py:997} INFO - 
================================================================================
DAG File Processing Stats

File Path                                  PID    Runtime      # DAGs    # Errors  Last Runtime    Last Run               Last # of DB Queries
-----------------------------------------  -----  ---------  --------  ----------  --------------  -------------------  ----------------------
/opt/airflow/dags/driven_data_pipeline.py                           1           0  0.95s           2025-07-03T00:56:40                      12
================================================================================
[2025-07-03T00:57:27.215+0000] {manager.py:821} INFO - Searching for files in /opt/airflow/dags
[2025-07-03T00:57:27.260+0000] {manager.py:824} INFO - There are 1 files in /opt/airflow/dags
[2025-07-03T00:57:28.298+0000] {manager.py:997} INFO - 
================================================================================
DAG File Processing Stats

File Path                                  PID    Runtime      # DAGs    # Errors  Last Runtime    Last Run               Last # of DB Queries
-----------------------------------------  -----  ---------  --------  ----------  --------------  -------------------  ----------------------
/opt/airflow/dags/driven_data_pipeline.py                           1           0  0.90s           2025-07-03T00:57:12                      12
================================================================================
[2025-07-03T00:57:58.757+0000] {manager.py:997} INFO - 
================================================================================
DAG File Processing Stats

File Path                                  PID    Runtime      # DAGs    # Errors  Last Runtime    Last Run               Last # of DB Queries
-----------------------------------------  -----  ---------  --------  ----------  --------------  -------------------  ----------------------
/opt/airflow/dags/driven_data_pipeline.py                           1           0  1.61s           2025-07-03T00:57:44                      12
================================================================================
[2025-07-03T00:58:29.117+0000] {manager.py:997} INFO - 
================================================================================
DAG File Processing Stats

File Path                                  PID    Runtime      # DAGs    # Errors  Last Runtime    Last Run               Last # of DB Queries
-----------------------------------------  -----  ---------  --------  ----------  --------------  -------------------  ----------------------
/opt/airflow/dags/driven_data_pipeline.py                           1           0  0.86s           2025-07-03T00:58:15                      12
================================================================================
[2025-07-03T00:58:59.624+0000] {manager.py:997} INFO - 
================================================================================
DAG File Processing Stats

File Path                                  PID    Runtime      # DAGs    # Errors  Last Runtime    Last Run               Last # of DB Queries
-----------------------------------------  -----  ---------  --------  ----------  --------------  -------------------  ----------------------
/opt/airflow/dags/driven_data_pipeline.py                           1           0  1.13s           2025-07-03T00:58:46                      12
================================================================================
[2025-07-03T00:59:29.964+0000] {manager.py:997} INFO - 
================================================================================
DAG File Processing Stats

File Path                                  PID    Runtime      # DAGs    # Errors  Last Runtime    Last Run               Last # of DB Queries
-----------------------------------------  -----  ---------  --------  ----------  --------------  -------------------  ----------------------
/opt/airflow/dags/driven_data_pipeline.py                           1           0  1.03s           2025-07-03T00:59:17                      12
================================================================================
[2025-07-03T01:00:00.334+0000] {manager.py:997} INFO - 
================================================================================
DAG File Processing Stats

File Path                                  PID    Runtime      # DAGs    # Errors  Last Runtime    Last Run               Last # of DB Queries
-----------------------------------------  -----  ---------  --------  ----------  --------------  -------------------  ----------------------
/opt/airflow/dags/driven_data_pipeline.py                           1           0  1.01s           2025-07-03T00:59:49                      12
================================================================================
[2025-07-03T01:00:30.596+0000] {manager.py:997} INFO - 
================================================================================
DAG File Processing Stats

File Path                                  PID    Runtime      # DAGs    # Errors  Last Runtime    Last Run               Last # of DB Queries
-----------------------------------------  -----  ---------  --------  ----------  --------------  -------------------  ----------------------
/opt/airflow/dags/driven_data_pipeline.py                           1           0  0.89s           2025-07-03T01:00:20                      12
================================================================================
[2025-07-03T01:01:00.873+0000] {manager.py:997} INFO - 
================================================================================
DAG File Processing Stats

File Path                                  PID    Runtime      # DAGs    # Errors  Last Runtime    Last Run               Last # of DB Queries
-----------------------------------------  -----  ---------  --------  ----------  --------------  -------------------  ----------------------
/opt/airflow/dags/driven_data_pipeline.py                           1           0  0.96s           2025-07-03T01:00:51                      12
================================================================================
[2025-07-03T01:01:31.294+0000] {manager.py:997} INFO - 
================================================================================
DAG File Processing Stats

File Path                                  PID    Runtime      # DAGs    # Errors  Last Runtime    Last Run               Last # of DB Queries
-----------------------------------------  -----  ---------  --------  ----------  --------------  -------------------  ----------------------
/opt/airflow/dags/driven_data_pipeline.py                           1           0  1.03s           2025-07-03T01:01:23                      12
================================================================================
[2025-07-03T01:02:01.692+0000] {manager.py:997} INFO - 
================================================================================
DAG File Processing Stats

File Path                                  PID    Runtime      # DAGs    # Errors  Last Runtime    Last Run               Last # of DB Queries
-----------------------------------------  -----  ---------  --------  ----------  --------------  -------------------  ----------------------
/opt/airflow/dags/driven_data_pipeline.py                           1           0  1.10s           2025-07-03T01:01:54                      12
================================================================================
[2025-07-03T01:02:27.881+0000] {manager.py:821} INFO - Searching for files in /opt/airflow/dags
[2025-07-03T01:02:27.917+0000] {manager.py:824} INFO - There are 1 files in /opt/airflow/dags
[2025-07-03T01:02:31.980+0000] {manager.py:997} INFO - 
================================================================================
DAG File Processing Stats

File Path                                  PID    Runtime      # DAGs    # Errors  Last Runtime    Last Run               Last # of DB Queries
-----------------------------------------  -----  ---------  --------  ----------  --------------  -------------------  ----------------------
/opt/airflow/dags/driven_data_pipeline.py                           1           0  0.93s           2025-07-03T01:02:25                      12
================================================================================
[2025-07-03T01:03:02.233+0000] {manager.py:997} INFO - 
================================================================================
DAG File Processing Stats

File Path                                  PID    Runtime      # DAGs    # Errors  Last Runtime    Last Run               Last # of DB Queries
-----------------------------------------  -----  ---------  --------  ----------  --------------  -------------------  ----------------------
/opt/airflow/dags/driven_data_pipeline.py                           1           0  0.93s           2025-07-03T01:02:57                      12
================================================================================
[2025-07-03T01:03:32.680+0000] {manager.py:997} INFO - 
================================================================================
DAG File Processing Stats

File Path                                  PID    Runtime      # DAGs    # Errors  Last Runtime    Last Run               Last # of DB Queries
-----------------------------------------  -----  ---------  --------  ----------  --------------  -------------------  ----------------------
/opt/airflow/dags/driven_data_pipeline.py                           1           0  1.26s           2025-07-03T01:03:28                      12
================================================================================
[2025-07-03T01:04:03.051+0000] {manager.py:997} INFO - 
================================================================================
DAG File Processing Stats

File Path                                  PID    Runtime      # DAGs    # Errors  Last Runtime    Last Run               Last # of DB Queries
-----------------------------------------  -----  ---------  --------  ----------  --------------  -------------------  ----------------------
/opt/airflow/dags/driven_data_pipeline.py                           1           0  1.08s           2025-07-03T01:04:00                      12
================================================================================
[2025-07-03T01:04:33.490+0000] {manager.py:997} INFO - 
================================================================================
DAG File Processing Stats

File Path                                  PID    Runtime      # DAGs    # Errors  Last Runtime    Last Run               Last # of DB Queries
-----------------------------------------  -----  ---------  --------  ----------  --------------  -------------------  ----------------------
/opt/airflow/dags/driven_data_pipeline.py                           1           0  1.19s           2025-07-03T01:04:31                      12
================================================================================
[2025-07-03T01:05:03.902+0000] {manager.py:997} INFO - 
================================================================================
DAG File Processing Stats

File Path                                  PID    Runtime      # DAGs    # Errors  Last Runtime    Last Run               Last # of DB Queries
-----------------------------------------  -----  ---------  --------  ----------  --------------  -------------------  ----------------------
/opt/airflow/dags/driven_data_pipeline.py                           1           0  0.59s           2025-07-03T01:05:02                      12
================================================================================
[2025-07-03T01:05:34.196+0000] {manager.py:997} INFO - 
================================================================================
DAG File Processing Stats

File Path                                  PID    Runtime      # DAGs    # Errors  Last Runtime    Last Run               Last # of DB Queries
-----------------------------------------  -----  ---------  --------  ----------  --------------  -------------------  ----------------------
/opt/airflow/dags/driven_data_pipeline.py                           1           0  1.00s           2025-07-03T01:05:33                      12
================================================================================
[2025-07-03T01:06:04.542+0000] {manager.py:997} INFO - 
================================================================================
DAG File Processing Stats

File Path                                    PID  Runtime      # DAGs    # Errors  Last Runtime    Last Run               Last # of DB Queries
-----------------------------------------  -----  ---------  --------  ----------  --------------  -------------------  ----------------------
/opt/airflow/dags/driven_data_pipeline.py    653  0.46s             1           0  1.00s           2025-07-03T01:05:33                      12
================================================================================
[2025-07-03T01:06:35.513+0000] {manager.py:997} INFO - 
================================================================================
DAG File Processing Stats

File Path                                    PID  Runtime      # DAGs    # Errors  Last Runtime    Last Run               Last # of DB Queries
-----------------------------------------  -----  ---------  --------  ----------  --------------  -------------------  ----------------------
/opt/airflow/dags/driven_data_pipeline.py    661  0.02s             1           0  1.07s           2025-07-03T01:06:05                      12
================================================================================
[2025-07-03T01:07:05.804+0000] {manager.py:997} INFO - 
================================================================================
DAG File Processing Stats

File Path                                  PID    Runtime      # DAGs    # Errors  Last Runtime    Last Run               Last # of DB Queries
-----------------------------------------  -----  ---------  --------  ----------  --------------  -------------------  ----------------------
/opt/airflow/dags/driven_data_pipeline.py                           1           0  0.98s           2025-07-03T01:06:36                      12
================================================================================
[2025-07-03T01:07:28.047+0000] {manager.py:821} INFO - Searching for files in /opt/airflow/dags
[2025-07-03T01:07:28.162+0000] {manager.py:824} INFO - There are 1 files in /opt/airflow/dags
[2025-07-03T01:07:36.335+0000] {manager.py:997} INFO - 
================================================================================
DAG File Processing Stats

File Path                                  PID    Runtime      # DAGs    # Errors  Last Runtime    Last Run               Last # of DB Queries
-----------------------------------------  -----  ---------  --------  ----------  --------------  -------------------  ----------------------
/opt/airflow/dags/driven_data_pipeline.py                           1           0  1.24s           2025-07-03T01:07:34                      11
================================================================================
[2025-07-03T01:08:06.716+0000] {manager.py:997} INFO - 
================================================================================
DAG File Processing Stats

File Path                                  PID    Runtime      # DAGs    # Errors  Last Runtime    Last Run               Last # of DB Queries
-----------------------------------------  -----  ---------  --------  ----------  --------------  -------------------  ----------------------
/opt/airflow/dags/driven_data_pipeline.py                           1           0  1.04s           2025-07-03T01:08:05                      12
================================================================================
[2025-07-03T01:08:36.970+0000] {manager.py:997} INFO - 
================================================================================
DAG File Processing Stats

File Path                                  PID    Runtime      # DAGs    # Errors  Last Runtime    Last Run               Last # of DB Queries
-----------------------------------------  -----  ---------  --------  ----------  --------------  -------------------  ----------------------
/opt/airflow/dags/driven_data_pipeline.py                           1           0  0.93s           2025-07-03T01:08:36                      12
================================================================================
[2025-07-03T01:09:07.308+0000] {manager.py:997} INFO - 
================================================================================
DAG File Processing Stats

File Path                                    PID  Runtime      # DAGs    # Errors  Last Runtime    Last Run               Last # of DB Queries
-----------------------------------------  -----  ---------  --------  ----------  --------------  -------------------  ----------------------
/opt/airflow/dags/driven_data_pipeline.py    703  0.01s             1           0  0.93s           2025-07-03T01:08:36                      12
================================================================================
[2025-07-03T01:09:37.553+0000] {manager.py:997} INFO - 
================================================================================
DAG File Processing Stats

File Path                                  PID    Runtime      # DAGs    # Errors  Last Runtime    Last Run               Last # of DB Queries
-----------------------------------------  -----  ---------  --------  ----------  --------------  -------------------  ----------------------
/opt/airflow/dags/driven_data_pipeline.py                           1           0  0.94s           2025-07-03T01:09:08                      12
================================================================================
[2025-07-03T01:10:07.905+0000] {manager.py:997} INFO - 
================================================================================
DAG File Processing Stats

File Path                                  PID    Runtime      # DAGs    # Errors  Last Runtime    Last Run               Last # of DB Queries
-----------------------------------------  -----  ---------  --------  ----------  --------------  -------------------  ----------------------
/opt/airflow/dags/driven_data_pipeline.py                           1           0  1.05s           2025-07-03T01:09:39                      12
================================================================================
[2025-07-03T01:10:38.180+0000] {manager.py:997} INFO - 
================================================================================
DAG File Processing Stats

File Path                                  PID    Runtime      # DAGs    # Errors  Last Runtime    Last Run               Last # of DB Queries
-----------------------------------------  -----  ---------  --------  ----------  --------------  -------------------  ----------------------
/opt/airflow/dags/driven_data_pipeline.py                           1           0  0.94s           2025-07-03T01:10:10                      12
================================================================================
[2025-07-03T01:10:52.346+0000] {manager.py:465} INFO - Exiting gracefully upon receiving signal 15
[2025-07-03T01:13:24.466+0000] {manager.py:483} INFO - Processing files using up to 2 processes at a time 
[2025-07-03T01:13:24.468+0000] {manager.py:484} INFO - Process each file at most once every 30 seconds
[2025-07-03T01:13:24.470+0000] {manager.py:485} INFO - Checking for new files in /opt/airflow/dags every 300 seconds
[2025-07-03T01:13:24.471+0000] {manager.py:821} INFO - Searching for files in /opt/airflow/dags
[2025-07-03T01:13:24.535+0000] {manager.py:824} INFO - There are 1 files in /opt/airflow/dags
[2025-07-03T01:13:24.834+0000] {manager.py:997} INFO - 
================================================================================
DAG File Processing Stats

File Path                                    PID  Runtime      # DAGs    # Errors  Last Runtime    Last Run      Last # of DB Queries
-----------------------------------------  -----  ---------  --------  ----------  --------------  ----------  ----------------------
/opt/airflow/dags/driven_data_pipeline.py     91  0.06s             0           0                                                   0
================================================================================
[2025-07-03T01:13:55.223+0000] {manager.py:997} INFO - 
================================================================================
DAG File Processing Stats

File Path                                  PID    Runtime      # DAGs    # Errors  Last Runtime    Last Run               Last # of DB Queries
-----------------------------------------  -----  ---------  --------  ----------  --------------  -------------------  ----------------------
/opt/airflow/dags/driven_data_pipeline.py                           1           0  1.32s           2025-07-03T01:13:26                      12
================================================================================
[2025-07-03T01:14:25.785+0000] {manager.py:997} INFO - 
================================================================================
DAG File Processing Stats

File Path                                  PID    Runtime      # DAGs    # Errors  Last Runtime    Last Run               Last # of DB Queries
-----------------------------------------  -----  ---------  --------  ----------  --------------  -------------------  ----------------------
/opt/airflow/dags/driven_data_pipeline.py                           1           0  1.56s           2025-07-03T01:13:57                      12
================================================================================
[2025-07-03T01:14:56.469+0000] {manager.py:997} INFO - 
================================================================================
DAG File Processing Stats

File Path                                  PID    Runtime      # DAGs    # Errors  Last Runtime    Last Run               Last # of DB Queries
-----------------------------------------  -----  ---------  --------  ----------  --------------  -------------------  ----------------------
/opt/airflow/dags/driven_data_pipeline.py                           1           0  1.16s           2025-07-03T01:14:29                      12
================================================================================
[2025-07-03T01:15:26.896+0000] {manager.py:997} INFO - 
================================================================================
DAG File Processing Stats

File Path                                  PID    Runtime      # DAGs    # Errors  Last Runtime    Last Run               Last # of DB Queries
-----------------------------------------  -----  ---------  --------  ----------  --------------  -------------------  ----------------------
/opt/airflow/dags/driven_data_pipeline.py                           1           0  1.49s           2025-07-03T01:15:01                      12
================================================================================
[2025-07-03T01:15:56.983+0000] {manager.py:997} INFO - 
================================================================================
DAG File Processing Stats

File Path                                  PID    Runtime      # DAGs    # Errors  Last Runtime    Last Run               Last # of DB Queries
-----------------------------------------  -----  ---------  --------  ----------  --------------  -------------------  ----------------------
/opt/airflow/dags/driven_data_pipeline.py                           1           0  2.32s           2025-07-03T01:15:33                      12
================================================================================
[2025-07-03T01:16:27.099+0000] {manager.py:997} INFO - 
================================================================================
DAG File Processing Stats

File Path                                  PID    Runtime      # DAGs    # Errors  Last Runtime    Last Run               Last # of DB Queries
-----------------------------------------  -----  ---------  --------  ----------  --------------  -------------------  ----------------------
/opt/airflow/dags/driven_data_pipeline.py                           1           0  1.11s           2025-07-03T01:16:04                      12
================================================================================
[2025-07-03T01:16:57.517+0000] {manager.py:997} INFO - 
================================================================================
DAG File Processing Stats

File Path                                  PID    Runtime      # DAGs    # Errors  Last Runtime    Last Run               Last # of DB Queries
-----------------------------------------  -----  ---------  --------  ----------  --------------  -------------------  ----------------------
/opt/airflow/dags/driven_data_pipeline.py                           1           0  1.03s           2025-07-03T01:16:36                      12
================================================================================
[2025-07-03T01:17:27.882+0000] {manager.py:997} INFO - 
================================================================================
DAG File Processing Stats

File Path                                  PID    Runtime      # DAGs    # Errors  Last Runtime    Last Run               Last # of DB Queries
-----------------------------------------  -----  ---------  --------  ----------  --------------  -------------------  ----------------------
/opt/airflow/dags/driven_data_pipeline.py                           1           0  1.51s           2025-07-03T01:17:08                      12
================================================================================
[2025-07-03T01:17:57.935+0000] {manager.py:997} INFO - 
================================================================================
DAG File Processing Stats

File Path                                  PID    Runtime      # DAGs    # Errors  Last Runtime    Last Run               Last # of DB Queries
-----------------------------------------  -----  ---------  --------  ----------  --------------  -------------------  ----------------------
/opt/airflow/dags/driven_data_pipeline.py                           1           0  1.09s           2025-07-03T01:17:39                      12
================================================================================
[2025-07-03T01:18:24.507+0000] {manager.py:821} INFO - Searching for files in /opt/airflow/dags
[2025-07-03T01:18:24.546+0000] {manager.py:824} INFO - There are 1 files in /opt/airflow/dags
[2025-07-03T01:18:28.493+0000] {manager.py:997} INFO - 
================================================================================
DAG File Processing Stats

File Path                                  PID    Runtime      # DAGs    # Errors  Last Runtime    Last Run               Last # of DB Queries
-----------------------------------------  -----  ---------  --------  ----------  --------------  -------------------  ----------------------
/opt/airflow/dags/driven_data_pipeline.py                           1           0  1.21s           2025-07-03T01:18:11                      12
================================================================================
[2025-07-03T01:18:58.936+0000] {manager.py:997} INFO - 
================================================================================
DAG File Processing Stats

File Path                                  PID    Runtime      # DAGs    # Errors  Last Runtime    Last Run               Last # of DB Queries
-----------------------------------------  -----  ---------  --------  ----------  --------------  -------------------  ----------------------
/opt/airflow/dags/driven_data_pipeline.py                           1           0  1.29s           2025-07-03T01:18:42                      12
================================================================================
[2025-07-03T01:19:29.418+0000] {manager.py:997} INFO - 
================================================================================
DAG File Processing Stats

File Path                                  PID    Runtime      # DAGs    # Errors  Last Runtime    Last Run               Last # of DB Queries
-----------------------------------------  -----  ---------  --------  ----------  --------------  -------------------  ----------------------
/opt/airflow/dags/driven_data_pipeline.py                           1           0  1.16s           2025-07-03T01:19:14                      12
================================================================================
[2025-07-03T01:19:59.740+0000] {manager.py:997} INFO - 
================================================================================
DAG File Processing Stats

File Path                                  PID    Runtime      # DAGs    # Errors  Last Runtime    Last Run               Last # of DB Queries
-----------------------------------------  -----  ---------  --------  ----------  --------------  -------------------  ----------------------
/opt/airflow/dags/driven_data_pipeline.py                           1           0  0.91s           2025-07-03T01:19:45                      12
================================================================================
[2025-07-03T01:20:29.879+0000] {manager.py:997} INFO - 
================================================================================
DAG File Processing Stats

File Path                                  PID    Runtime      # DAGs    # Errors  Last Runtime    Last Run               Last # of DB Queries
-----------------------------------------  -----  ---------  --------  ----------  --------------  -------------------  ----------------------
/opt/airflow/dags/driven_data_pipeline.py                           1           0  0.80s           2025-07-03T01:20:16                      12
================================================================================
[2025-07-03T01:21:00.036+0000] {manager.py:997} INFO - 
================================================================================
DAG File Processing Stats

File Path                                  PID    Runtime      # DAGs    # Errors  Last Runtime    Last Run               Last # of DB Queries
-----------------------------------------  -----  ---------  --------  ----------  --------------  -------------------  ----------------------
/opt/airflow/dags/driven_data_pipeline.py                           1           0  0.79s           2025-07-03T01:20:47                      12
================================================================================
[2025-07-03T01:21:30.253+0000] {manager.py:997} INFO - 
================================================================================
DAG File Processing Stats

File Path                                  PID    Runtime      # DAGs    # Errors  Last Runtime    Last Run               Last # of DB Queries
-----------------------------------------  -----  ---------  --------  ----------  --------------  -------------------  ----------------------
/opt/airflow/dags/driven_data_pipeline.py                           1           0  0.85s           2025-07-03T01:21:19                      12
================================================================================
[2025-07-03T01:22:00.482+0000] {manager.py:997} INFO - 
================================================================================
DAG File Processing Stats

File Path                                  PID    Runtime      # DAGs    # Errors  Last Runtime    Last Run               Last # of DB Queries
-----------------------------------------  -----  ---------  --------  ----------  --------------  -------------------  ----------------------
/opt/airflow/dags/driven_data_pipeline.py                           1           0  0.92s           2025-07-03T01:21:50                      12
================================================================================
[2025-07-03T01:22:30.625+0000] {manager.py:997} INFO - 
================================================================================
DAG File Processing Stats

File Path                                  PID    Runtime      # DAGs    # Errors  Last Runtime    Last Run               Last # of DB Queries
-----------------------------------------  -----  ---------  --------  ----------  --------------  -------------------  ----------------------
/opt/airflow/dags/driven_data_pipeline.py                           1           0  0.81s           2025-07-03T01:22:21                      12
================================================================================
[2025-07-03T01:23:00.930+0000] {manager.py:997} INFO - 
================================================================================
DAG File Processing Stats

File Path                                  PID    Runtime      # DAGs    # Errors  Last Runtime    Last Run               Last # of DB Queries
-----------------------------------------  -----  ---------  --------  ----------  --------------  -------------------  ----------------------
/opt/airflow/dags/driven_data_pipeline.py                           1           0  0.83s           2025-07-03T01:22:52                      12
================================================================================
[2025-07-03T01:23:24.637+0000] {manager.py:821} INFO - Searching for files in /opt/airflow/dags
[2025-07-03T01:23:24.674+0000] {manager.py:824} INFO - There are 1 files in /opt/airflow/dags
[2025-07-03T01:23:31.209+0000] {manager.py:997} INFO - 
================================================================================
DAG File Processing Stats

File Path                                  PID    Runtime      # DAGs    # Errors  Last Runtime    Last Run               Last # of DB Queries
-----------------------------------------  -----  ---------  --------  ----------  --------------  -------------------  ----------------------
/opt/airflow/dags/driven_data_pipeline.py                           1           0  0.92s           2025-07-03T01:23:23                      12
================================================================================
[2025-07-03T01:24:01.240+0000] {manager.py:997} INFO - 
================================================================================
DAG File Processing Stats

File Path                                  PID    Runtime      # DAGs    # Errors  Last Runtime    Last Run               Last # of DB Queries
-----------------------------------------  -----  ---------  --------  ----------  --------------  -------------------  ----------------------
/opt/airflow/dags/driven_data_pipeline.py                           1           0  1.17s           2025-07-03T01:23:55                      12
================================================================================
[2025-07-03T01:24:31.567+0000] {manager.py:997} INFO - 
================================================================================
DAG File Processing Stats

File Path                                  PID    Runtime      # DAGs    # Errors  Last Runtime    Last Run               Last # of DB Queries
-----------------------------------------  -----  ---------  --------  ----------  --------------  -------------------  ----------------------
/opt/airflow/dags/driven_data_pipeline.py                           1           0  0.77s           2025-07-03T01:24:26                      12
================================================================================
[2025-07-03T01:25:01.906+0000] {manager.py:997} INFO - 
================================================================================
DAG File Processing Stats

File Path                                  PID    Runtime      # DAGs    # Errors  Last Runtime    Last Run               Last # of DB Queries
-----------------------------------------  -----  ---------  --------  ----------  --------------  -------------------  ----------------------
/opt/airflow/dags/driven_data_pipeline.py                           1           0  1.67s           2025-07-03T01:24:58                      12
================================================================================
[2025-07-03T01:25:32.108+0000] {manager.py:997} INFO - 
================================================================================
DAG File Processing Stats

File Path                                  PID    Runtime      # DAGs    # Errors  Last Runtime    Last Run               Last # of DB Queries
-----------------------------------------  -----  ---------  --------  ----------  --------------  -------------------  ----------------------
/opt/airflow/dags/driven_data_pipeline.py                           1           0  0.85s           2025-07-03T01:25:29                      12
================================================================================
[2025-07-03T01:26:02.378+0000] {manager.py:997} INFO - 
================================================================================
DAG File Processing Stats

File Path                                  PID    Runtime      # DAGs    # Errors  Last Runtime    Last Run               Last # of DB Queries
-----------------------------------------  -----  ---------  --------  ----------  --------------  -------------------  ----------------------
/opt/airflow/dags/driven_data_pipeline.py                           1           0  0.96s           2025-07-03T01:26:00                      12
================================================================================
[2025-07-03T01:26:32.682+0000] {manager.py:997} INFO - 
================================================================================
DAG File Processing Stats

File Path                                  PID    Runtime      # DAGs    # Errors  Last Runtime    Last Run               Last # of DB Queries
-----------------------------------------  -----  ---------  --------  ----------  --------------  -------------------  ----------------------
/opt/airflow/dags/driven_data_pipeline.py                           1           0  0.99s           2025-07-03T01:26:31                      12
================================================================================
[2025-07-03T01:27:02.857+0000] {manager.py:997} INFO - 
================================================================================
DAG File Processing Stats

File Path                                  PID    Runtime      # DAGs    # Errors  Last Runtime    Last Run               Last # of DB Queries
-----------------------------------------  -----  ---------  --------  ----------  --------------  -------------------  ----------------------
/opt/airflow/dags/driven_data_pipeline.py                           1           0  0.87s           2025-07-03T01:27:02                      12
================================================================================
[2025-07-03T01:27:32.873+0000] {manager.py:997} INFO - 
================================================================================
DAG File Processing Stats

File Path                                    PID  Runtime      # DAGs    # Errors  Last Runtime    Last Run               Last # of DB Queries
-----------------------------------------  -----  ---------  --------  ----------  --------------  -------------------  ----------------------
/opt/airflow/dags/driven_data_pipeline.py    317  0.01s             1           0  0.87s           2025-07-03T01:27:02                      12
================================================================================
[2025-07-03T01:28:03.007+0000] {manager.py:997} INFO - 
================================================================================
DAG File Processing Stats

File Path                                  PID    Runtime      # DAGs    # Errors  Last Runtime    Last Run               Last # of DB Queries
-----------------------------------------  -----  ---------  --------  ----------  --------------  -------------------  ----------------------
/opt/airflow/dags/driven_data_pipeline.py                           1           0  0.84s           2025-07-03T01:27:33                      12
================================================================================
[2025-07-03T01:28:24.760+0000] {manager.py:821} INFO - Searching for files in /opt/airflow/dags
[2025-07-03T01:28:24.806+0000] {manager.py:824} INFO - There are 1 files in /opt/airflow/dags
[2025-07-03T01:28:33.172+0000] {manager.py:997} INFO - 
================================================================================
DAG File Processing Stats

File Path                                  PID    Runtime      # DAGs    # Errors  Last Runtime    Last Run               Last # of DB Queries
-----------------------------------------  -----  ---------  --------  ----------  --------------  -------------------  ----------------------
/opt/airflow/dags/driven_data_pipeline.py                           1           0  0.78s           2025-07-03T01:28:04                      12
================================================================================
[2025-07-03T01:29:03.291+0000] {manager.py:997} INFO - 
================================================================================
DAG File Processing Stats

File Path                                  PID    Runtime      # DAGs    # Errors  Last Runtime    Last Run               Last # of DB Queries
-----------------------------------------  -----  ---------  --------  ----------  --------------  -------------------  ----------------------
/opt/airflow/dags/driven_data_pipeline.py                           1           0  1.19s           2025-07-03T01:28:36                      12
================================================================================
[2025-07-03T01:29:33.594+0000] {manager.py:997} INFO - 
================================================================================
DAG File Processing Stats

File Path                                  PID    Runtime      # DAGs    # Errors  Last Runtime    Last Run               Last # of DB Queries
-----------------------------------------  -----  ---------  --------  ----------  --------------  -------------------  ----------------------
/opt/airflow/dags/driven_data_pipeline.py                           1           0  0.97s           2025-07-03T01:29:07                      12
================================================================================
[2025-07-03T01:30:03.795+0000] {manager.py:997} INFO - 
================================================================================
DAG File Processing Stats

File Path                                  PID    Runtime      # DAGs    # Errors  Last Runtime    Last Run               Last # of DB Queries
-----------------------------------------  -----  ---------  --------  ----------  --------------  -------------------  ----------------------
/opt/airflow/dags/driven_data_pipeline.py                           1           0  0.83s           2025-07-03T01:29:38                      12
================================================================================
[2025-07-03T01:30:34.425+0000] {manager.py:997} INFO - 
================================================================================
DAG File Processing Stats

File Path                                  PID    Runtime      # DAGs    # Errors  Last Runtime    Last Run               Last # of DB Queries
-----------------------------------------  -----  ---------  --------  ----------  --------------  -------------------  ----------------------
/opt/airflow/dags/driven_data_pipeline.py                           1           0  1.64s           2025-07-03T01:30:10                      12
================================================================================
[2025-07-03T01:31:05.162+0000] {manager.py:997} INFO - 
================================================================================
DAG File Processing Stats

File Path                                  PID    Runtime      # DAGs    # Errors  Last Runtime    Last Run               Last # of DB Queries
-----------------------------------------  -----  ---------  --------  ----------  --------------  -------------------  ----------------------
/opt/airflow/dags/driven_data_pipeline.py                           1           0  1.15s           2025-07-03T01:30:43                      34
================================================================================
[2025-07-03T01:31:35.715+0000] {manager.py:997} INFO - 
================================================================================
DAG File Processing Stats

File Path                                  PID    Runtime      # DAGs    # Errors  Last Runtime    Last Run               Last # of DB Queries
-----------------------------------------  -----  ---------  --------  ----------  --------------  -------------------  ----------------------
/opt/airflow/dags/driven_data_pipeline.py                           1           0  0.65s           2025-07-03T01:31:13                      12
================================================================================
[2025-07-03T01:32:06.038+0000] {manager.py:997} INFO - 
================================================================================
DAG File Processing Stats

File Path                                  PID    Runtime      # DAGs    # Errors  Last Runtime    Last Run               Last # of DB Queries
-----------------------------------------  -----  ---------  --------  ----------  --------------  -------------------  ----------------------
/opt/airflow/dags/driven_data_pipeline.py                           1           0  0.53s           2025-07-03T01:31:44                      12
================================================================================
[2025-07-03T01:32:36.818+0000] {manager.py:997} INFO - 
================================================================================
DAG File Processing Stats

File Path                                  PID    Runtime      # DAGs    # Errors  Last Runtime    Last Run               Last # of DB Queries
-----------------------------------------  -----  ---------  --------  ----------  --------------  -------------------  ----------------------
/opt/airflow/dags/driven_data_pipeline.py                           1           0  0.52s           2025-07-03T01:32:15                      12
================================================================================
[2025-07-03T01:33:03.567+0000] {manager.py:465} INFO - Exiting gracefully upon receiving signal 15
[2025-07-03T01:35:46.701+0000] {manager.py:483} INFO - Processing files using up to 2 processes at a time 
[2025-07-03T01:35:46.705+0000] {manager.py:484} INFO - Process each file at most once every 30 seconds
[2025-07-03T01:35:46.706+0000] {manager.py:485} INFO - Checking for new files in /opt/airflow/dags every 300 seconds
[2025-07-03T01:35:46.707+0000] {manager.py:821} INFO - Searching for files in /opt/airflow/dags
[2025-07-03T01:35:46.840+0000] {manager.py:824} INFO - There are 1 files in /opt/airflow/dags
[2025-07-03T01:35:47.670+0000] {manager.py:997} INFO - 
================================================================================
DAG File Processing Stats

File Path                                    PID  Runtime      # DAGs    # Errors  Last Runtime    Last Run      Last # of DB Queries
-----------------------------------------  -----  ---------  --------  ----------  --------------  ----------  ----------------------
/opt/airflow/dags/driven_data_pipeline.py     94  0.09s             0           0                                                   0
================================================================================
[2025-07-03T01:36:17.944+0000] {manager.py:997} INFO - 
================================================================================
DAG File Processing Stats

File Path                                  PID    Runtime      # DAGs    # Errors  Last Runtime    Last Run               Last # of DB Queries
-----------------------------------------  -----  ---------  --------  ----------  --------------  -------------------  ----------------------
/opt/airflow/dags/driven_data_pipeline.py                           1           0  2.03s           2025-07-03T01:35:49                      45
================================================================================
[2025-07-03T01:36:48.368+0000] {manager.py:997} INFO - 
================================================================================
DAG File Processing Stats

File Path                                  PID    Runtime      # DAGs    # Errors  Last Runtime    Last Run               Last # of DB Queries
-----------------------------------------  -----  ---------  --------  ----------  --------------  -------------------  ----------------------
/opt/airflow/dags/driven_data_pipeline.py                           1           0  1.15s           2025-07-03T01:36:21                      12
================================================================================
[2025-07-03T01:37:18.457+0000] {manager.py:997} INFO - 
================================================================================
DAG File Processing Stats

File Path                                  PID    Runtime      # DAGs    # Errors  Last Runtime    Last Run               Last # of DB Queries
-----------------------------------------  -----  ---------  --------  ----------  --------------  -------------------  ----------------------
/opt/airflow/dags/driven_data_pipeline.py                           1           0  0.77s           2025-07-03T01:36:52                      12
================================================================================
[2025-07-03T01:37:48.599+0000] {manager.py:997} INFO - 
================================================================================
DAG File Processing Stats

File Path                                  PID    Runtime      # DAGs    # Errors  Last Runtime    Last Run               Last # of DB Queries
-----------------------------------------  -----  ---------  --------  ----------  --------------  -------------------  ----------------------
/opt/airflow/dags/driven_data_pipeline.py                           1           0  0.78s           2025-07-03T01:37:23                      12
================================================================================
[2025-07-03T01:38:18.740+0000] {manager.py:997} INFO - 
================================================================================
DAG File Processing Stats

File Path                                  PID    Runtime      # DAGs    # Errors  Last Runtime    Last Run               Last # of DB Queries
-----------------------------------------  -----  ---------  --------  ----------  --------------  -------------------  ----------------------
/opt/airflow/dags/driven_data_pipeline.py                           1           0  0.84s           2025-07-03T01:37:54                      12
================================================================================
[2025-07-03T01:38:48.784+0000] {manager.py:997} INFO - 
================================================================================
DAG File Processing Stats

File Path                                  PID    Runtime      # DAGs    # Errors  Last Runtime    Last Run               Last # of DB Queries
-----------------------------------------  -----  ---------  --------  ----------  --------------  -------------------  ----------------------
/opt/airflow/dags/driven_data_pipeline.py                           1           0  0.73s           2025-07-03T01:38:25                      12
================================================================================
[2025-07-03T01:39:18.863+0000] {manager.py:997} INFO - 
================================================================================
DAG File Processing Stats

File Path                                  PID    Runtime      # DAGs    # Errors  Last Runtime    Last Run               Last # of DB Queries
-----------------------------------------  -----  ---------  --------  ----------  --------------  -------------------  ----------------------
/opt/airflow/dags/driven_data_pipeline.py                           1           0  0.84s           2025-07-03T01:38:56                      12
================================================================================
[2025-07-03T01:39:49.239+0000] {manager.py:997} INFO - 
================================================================================
DAG File Processing Stats

File Path                                  PID    Runtime      # DAGs    # Errors  Last Runtime    Last Run               Last # of DB Queries
-----------------------------------------  -----  ---------  --------  ----------  --------------  -------------------  ----------------------
/opt/airflow/dags/driven_data_pipeline.py                           1           0  1.00s           2025-07-03T01:39:27                      12
================================================================================
[2025-07-03T01:40:19.647+0000] {manager.py:997} INFO - 
================================================================================
DAG File Processing Stats

File Path                                  PID    Runtime      # DAGs    # Errors  Last Runtime    Last Run               Last # of DB Queries
-----------------------------------------  -----  ---------  --------  ----------  --------------  -------------------  ----------------------
/opt/airflow/dags/driven_data_pipeline.py                           1           0  1.08s           2025-07-03T01:39:59                      12
================================================================================
[2025-07-03T01:40:46.777+0000] {manager.py:821} INFO - Searching for files in /opt/airflow/dags
[2025-07-03T01:40:46.828+0000] {manager.py:824} INFO - There are 1 files in /opt/airflow/dags
[2025-07-03T01:40:49.889+0000] {manager.py:997} INFO - 
================================================================================
DAG File Processing Stats

File Path                                  PID    Runtime      # DAGs    # Errors  Last Runtime    Last Run               Last # of DB Queries
-----------------------------------------  -----  ---------  --------  ----------  --------------  -------------------  ----------------------
/opt/airflow/dags/driven_data_pipeline.py                           1           0  0.82s           2025-07-03T01:40:30                      12
================================================================================
[2025-07-03T01:41:15.560+0000] {manager.py:465} INFO - Exiting gracefully upon receiving signal 15
[2025-07-03T01:43:36.203+0000] {manager.py:483} INFO - Processing files using up to 2 processes at a time 
[2025-07-03T01:43:36.209+0000] {manager.py:484} INFO - Process each file at most once every 30 seconds
[2025-07-03T01:43:36.214+0000] {manager.py:485} INFO - Checking for new files in /opt/airflow/dags every 300 seconds
[2025-07-03T01:43:36.217+0000] {manager.py:821} INFO - Searching for files in /opt/airflow/dags
[2025-07-03T01:43:36.339+0000] {manager.py:824} INFO - There are 1 files in /opt/airflow/dags
[2025-07-03T01:43:36.905+0000] {manager.py:997} INFO - 
================================================================================
DAG File Processing Stats

File Path                                    PID  Runtime      # DAGs    # Errors  Last Runtime    Last Run      Last # of DB Queries
-----------------------------------------  -----  ---------  --------  ----------  --------------  ----------  ----------------------
/opt/airflow/dags/driven_data_pipeline.py     94  0.08s             0           0                                                   0
================================================================================
[2025-07-03T01:44:07.475+0000] {manager.py:997} INFO - 
================================================================================
DAG File Processing Stats

File Path                                  PID    Runtime      # DAGs    # Errors  Last Runtime    Last Run               Last # of DB Queries
-----------------------------------------  -----  ---------  --------  ----------  --------------  -------------------  ----------------------
/opt/airflow/dags/driven_data_pipeline.py                           1           0  4.18s           2025-07-03T01:43:40                      12
================================================================================
[2025-07-03T01:44:14.551+0000] {manager.py:465} INFO - Exiting gracefully upon receiving signal 15
[2025-07-03T01:46:33.438+0000] {manager.py:483} INFO - Processing files using up to 2 processes at a time 
[2025-07-03T01:46:33.440+0000] {manager.py:484} INFO - Process each file at most once every 30 seconds
[2025-07-03T01:46:33.441+0000] {manager.py:485} INFO - Checking for new files in /opt/airflow/dags every 300 seconds
[2025-07-03T01:46:33.443+0000] {manager.py:821} INFO - Searching for files in /opt/airflow/dags
[2025-07-03T01:46:33.541+0000] {manager.py:824} INFO - There are 1 files in /opt/airflow/dags
[2025-07-03T01:46:33.945+0000] {manager.py:997} INFO - 
================================================================================
DAG File Processing Stats

File Path                                    PID  Runtime      # DAGs    # Errors  Last Runtime    Last Run      Last # of DB Queries
-----------------------------------------  -----  ---------  --------  ----------  --------------  ----------  ----------------------
/opt/airflow/dags/driven_data_pipeline.py     93  0.06s             0           0                                                   0
================================================================================
[2025-07-03T01:47:04.112+0000] {manager.py:997} INFO - 
================================================================================
DAG File Processing Stats

File Path                                  PID    Runtime      # DAGs    # Errors  Last Runtime    Last Run               Last # of DB Queries
-----------------------------------------  -----  ---------  --------  ----------  --------------  -------------------  ----------------------
/opt/airflow/dags/driven_data_pipeline.py                           1           0  1.75s           2025-07-03T01:46:35                      45
================================================================================
[2025-07-03T01:47:34.485+0000] {manager.py:997} INFO - 
================================================================================
DAG File Processing Stats

File Path                                  PID    Runtime      # DAGs    # Errors  Last Runtime    Last Run               Last # of DB Queries
-----------------------------------------  -----  ---------  --------  ----------  --------------  -------------------  ----------------------
/opt/airflow/dags/driven_data_pipeline.py                           1           0  2.27s           2025-07-03T01:47:08                      12
================================================================================
[2025-07-03T01:48:04.497+0000] {manager.py:997} INFO - 
================================================================================
DAG File Processing Stats

File Path                                  PID    Runtime      # DAGs    # Errors  Last Runtime    Last Run               Last # of DB Queries
-----------------------------------------  -----  ---------  --------  ----------  --------------  -------------------  ----------------------
/opt/airflow/dags/driven_data_pipeline.py                           1           0  2.67s           2025-07-03T01:47:40                      12
================================================================================
[2025-07-03T01:48:34.728+0000] {manager.py:997} INFO - 
================================================================================
DAG File Processing Stats

File Path                                  PID    Runtime      # DAGs    # Errors  Last Runtime    Last Run               Last # of DB Queries
-----------------------------------------  -----  ---------  --------  ----------  --------------  -------------------  ----------------------
/opt/airflow/dags/driven_data_pipeline.py                           1           0  0.87s           2025-07-03T01:48:11                      12
================================================================================
[2025-07-03T01:49:05.084+0000] {manager.py:997} INFO - 
================================================================================
DAG File Processing Stats

File Path                                  PID    Runtime      # DAGs    # Errors  Last Runtime    Last Run               Last # of DB Queries
-----------------------------------------  -----  ---------  --------  ----------  --------------  -------------------  ----------------------
/opt/airflow/dags/driven_data_pipeline.py                           1           0  0.78s           2025-07-03T01:48:42                      12
================================================================================
[2025-07-03T01:49:35.430+0000] {manager.py:997} INFO - 
================================================================================
DAG File Processing Stats

File Path                                  PID    Runtime      # DAGs    # Errors  Last Runtime    Last Run               Last # of DB Queries
-----------------------------------------  -----  ---------  --------  ----------  --------------  -------------------  ----------------------
/opt/airflow/dags/driven_data_pipeline.py                           1           0  0.99s           2025-07-03T01:49:13                      12
================================================================================
[2025-07-03T01:50:05.774+0000] {manager.py:997} INFO - 
================================================================================
DAG File Processing Stats

File Path                                  PID    Runtime      # DAGs    # Errors  Last Runtime    Last Run               Last # of DB Queries
-----------------------------------------  -----  ---------  --------  ----------  --------------  -------------------  ----------------------
/opt/airflow/dags/driven_data_pipeline.py                           1           0  0.81s           2025-07-03T01:49:44                      12
================================================================================
[2025-07-03T01:50:35.942+0000] {manager.py:997} INFO - 
================================================================================
DAG File Processing Stats

File Path                                  PID    Runtime      # DAGs    # Errors  Last Runtime    Last Run               Last # of DB Queries
-----------------------------------------  -----  ---------  --------  ----------  --------------  -------------------  ----------------------
/opt/airflow/dags/driven_data_pipeline.py                           1           0  0.84s           2025-07-03T01:50:15                      12
================================================================================
[2025-07-03T01:51:06.184+0000] {manager.py:997} INFO - 
================================================================================
DAG File Processing Stats

File Path                                  PID    Runtime      # DAGs    # Errors  Last Runtime    Last Run               Last # of DB Queries
-----------------------------------------  -----  ---------  --------  ----------  --------------  -------------------  ----------------------
/opt/airflow/dags/driven_data_pipeline.py                           1           0  0.88s           2025-07-03T01:50:46                      12
================================================================================
[2025-07-03T01:51:33.499+0000] {manager.py:821} INFO - Searching for files in /opt/airflow/dags
[2025-07-03T01:51:33.547+0000] {manager.py:824} INFO - There are 1 files in /opt/airflow/dags
[2025-07-03T01:51:36.615+0000] {manager.py:997} INFO - 
================================================================================
DAG File Processing Stats

File Path                                  PID    Runtime      # DAGs    # Errors  Last Runtime    Last Run               Last # of DB Queries
-----------------------------------------  -----  ---------  --------  ----------  --------------  -------------------  ----------------------
/opt/airflow/dags/driven_data_pipeline.py                           1           0  1.11s           2025-07-03T01:51:18                      12
================================================================================
[2025-07-03T01:52:07.065+0000] {manager.py:997} INFO - 
================================================================================
DAG File Processing Stats

File Path                                  PID    Runtime      # DAGs    # Errors  Last Runtime    Last Run               Last # of DB Queries
-----------------------------------------  -----  ---------  --------  ----------  --------------  -------------------  ----------------------
/opt/airflow/dags/driven_data_pipeline.py                           1           0  1.38s           2025-07-03T01:51:50                      12
================================================================================
[2025-07-03T01:52:37.770+0000] {manager.py:997} INFO - 
================================================================================
DAG File Processing Stats

File Path                                  PID    Runtime      # DAGs    # Errors  Last Runtime    Last Run               Last # of DB Queries
-----------------------------------------  -----  ---------  --------  ----------  --------------  -------------------  ----------------------
/opt/airflow/dags/driven_data_pipeline.py                           1           0  1.25s           2025-07-03T01:52:23                      34
================================================================================
[2025-07-03T01:53:07.943+0000] {manager.py:997} INFO - 
================================================================================
DAG File Processing Stats

File Path                                  PID    Runtime      # DAGs    # Errors  Last Runtime    Last Run               Last # of DB Queries
-----------------------------------------  -----  ---------  --------  ----------  --------------  -------------------  ----------------------
/opt/airflow/dags/driven_data_pipeline.py                           1           0  2.87s           2025-07-03T01:52:56                      12
================================================================================
[2025-07-03T01:53:38.272+0000] {manager.py:997} INFO - 
================================================================================
DAG File Processing Stats

File Path                                  PID    Runtime      # DAGs    # Errors  Last Runtime    Last Run               Last # of DB Queries
-----------------------------------------  -----  ---------  --------  ----------  --------------  -------------------  ----------------------
/opt/airflow/dags/driven_data_pipeline.py                           1           0  0.56s           2025-07-03T01:53:27                      12
================================================================================
[2025-07-03T01:54:08.528+0000] {manager.py:997} INFO - 
================================================================================
DAG File Processing Stats

File Path                                  PID    Runtime      # DAGs    # Errors  Last Runtime    Last Run               Last # of DB Queries
-----------------------------------------  -----  ---------  --------  ----------  --------------  -------------------  ----------------------
/opt/airflow/dags/driven_data_pipeline.py                           1           0  0.51s           2025-07-03T01:53:58                      12
================================================================================
[2025-07-03T01:54:39.353+0000] {manager.py:997} INFO - 
================================================================================
DAG File Processing Stats

File Path                                  PID    Runtime      # DAGs    # Errors  Last Runtime    Last Run               Last # of DB Queries
-----------------------------------------  -----  ---------  --------  ----------  --------------  -------------------  ----------------------
/opt/airflow/dags/driven_data_pipeline.py                           1           0  0.70s           2025-07-03T01:54:29                      12
================================================================================
[2025-07-03T01:55:09.820+0000] {manager.py:997} INFO - 
================================================================================
DAG File Processing Stats

File Path                                  PID    Runtime      # DAGs    # Errors  Last Runtime    Last Run               Last # of DB Queries
-----------------------------------------  -----  ---------  --------  ----------  --------------  -------------------  ----------------------
/opt/airflow/dags/driven_data_pipeline.py                           1           0  0.46s           2025-07-03T01:55:00                      12
================================================================================
[2025-07-03T01:55:39.998+0000] {manager.py:997} INFO - 
================================================================================
DAG File Processing Stats

File Path                                  PID    Runtime      # DAGs    # Errors  Last Runtime    Last Run               Last # of DB Queries
-----------------------------------------  -----  ---------  --------  ----------  --------------  -------------------  ----------------------
/opt/airflow/dags/driven_data_pipeline.py                           1           0  0.50s           2025-07-03T01:55:30                      12
================================================================================
[2025-07-03T01:56:10.798+0000] {manager.py:997} INFO - 
================================================================================
DAG File Processing Stats

File Path                                  PID    Runtime      # DAGs    # Errors  Last Runtime    Last Run               Last # of DB Queries
-----------------------------------------  -----  ---------  --------  ----------  --------------  -------------------  ----------------------
/opt/airflow/dags/driven_data_pipeline.py                           1           0  0.47s           2025-07-03T01:56:01                      12
================================================================================
[2025-07-03T01:56:33.525+0000] {manager.py:821} INFO - Searching for files in /opt/airflow/dags
[2025-07-03T01:56:33.562+0000] {manager.py:824} INFO - There are 1 files in /opt/airflow/dags
[2025-07-03T01:56:41.150+0000] {manager.py:997} INFO - 
================================================================================
DAG File Processing Stats

File Path                                  PID    Runtime      # DAGs    # Errors  Last Runtime    Last Run               Last # of DB Queries
-----------------------------------------  -----  ---------  --------  ----------  --------------  -------------------  ----------------------
/opt/airflow/dags/driven_data_pipeline.py                           1           0  0.47s           2025-07-03T01:56:32                      12
================================================================================
[2025-07-03T01:57:11.450+0000] {manager.py:997} INFO - 
================================================================================
DAG File Processing Stats

File Path                                  PID    Runtime      # DAGs    # Errors  Last Runtime    Last Run               Last # of DB Queries
-----------------------------------------  -----  ---------  --------  ----------  --------------  -------------------  ----------------------
/opt/airflow/dags/driven_data_pipeline.py                           1           0  0.57s           2025-07-03T01:57:03                      12
================================================================================
[2025-07-03T01:57:41.810+0000] {manager.py:997} INFO - 
================================================================================
DAG File Processing Stats

File Path                                  PID    Runtime      # DAGs    # Errors  Last Runtime    Last Run               Last # of DB Queries
-----------------------------------------  -----  ---------  --------  ----------  --------------  -------------------  ----------------------
/opt/airflow/dags/driven_data_pipeline.py                           1           0  0.54s           2025-07-03T01:57:34                      12
================================================================================
[2025-07-03T01:58:12.179+0000] {manager.py:997} INFO - 
================================================================================
DAG File Processing Stats

File Path                                  PID    Runtime      # DAGs    # Errors  Last Runtime    Last Run               Last # of DB Queries
-----------------------------------------  -----  ---------  --------  ----------  --------------  -------------------  ----------------------
/opt/airflow/dags/driven_data_pipeline.py                           1           0  0.73s           2025-07-03T01:58:05                      12
================================================================================
[2025-07-03T01:58:42.485+0000] {manager.py:997} INFO - 
================================================================================
DAG File Processing Stats

File Path                                  PID    Runtime      # DAGs    # Errors  Last Runtime    Last Run               Last # of DB Queries
-----------------------------------------  -----  ---------  --------  ----------  --------------  -------------------  ----------------------
/opt/airflow/dags/driven_data_pipeline.py                           1           0  0.97s           2025-07-03T01:58:36                      12
================================================================================
[2025-07-03T01:59:12.846+0000] {manager.py:997} INFO - 
================================================================================
DAG File Processing Stats

File Path                                  PID    Runtime      # DAGs    # Errors  Last Runtime    Last Run               Last # of DB Queries
-----------------------------------------  -----  ---------  --------  ----------  --------------  -------------------  ----------------------
/opt/airflow/dags/driven_data_pipeline.py                           1           0  1.05s           2025-07-03T01:59:07                      12
================================================================================
[2025-07-03T01:59:43.048+0000] {manager.py:997} INFO - 
================================================================================
DAG File Processing Stats

File Path                                  PID    Runtime      # DAGs    # Errors  Last Runtime    Last Run               Last # of DB Queries
-----------------------------------------  -----  ---------  --------  ----------  --------------  -------------------  ----------------------
/opt/airflow/dags/driven_data_pipeline.py                           1           0  0.79s           2025-07-03T01:59:38                      12
================================================================================
[2025-07-03T02:00:13.459+0000] {manager.py:997} INFO - 
================================================================================
DAG File Processing Stats

File Path                                  PID    Runtime      # DAGs    # Errors  Last Runtime    Last Run               Last # of DB Queries
-----------------------------------------  -----  ---------  --------  ----------  --------------  -------------------  ----------------------
/opt/airflow/dags/driven_data_pipeline.py                           1           0  1.04s           2025-07-03T02:00:10                      12
================================================================================
[2025-07-03T02:00:43.857+0000] {manager.py:997} INFO - 
================================================================================
DAG File Processing Stats

File Path                                  PID    Runtime      # DAGs    # Errors  Last Runtime    Last Run               Last # of DB Queries
-----------------------------------------  -----  ---------  --------  ----------  --------------  -------------------  ----------------------
/opt/airflow/dags/driven_data_pipeline.py                           1           0  1.08s           2025-07-03T02:00:41                      12
================================================================================
[2025-07-03T02:01:14.135+0000] {manager.py:997} INFO - 
================================================================================
DAG File Processing Stats

File Path                                  PID    Runtime      # DAGs    # Errors  Last Runtime    Last Run               Last # of DB Queries
-----------------------------------------  -----  ---------  --------  ----------  --------------  -------------------  ----------------------
/opt/airflow/dags/driven_data_pipeline.py                           1           0  0.97s           2025-07-03T02:01:13                      12
================================================================================
[2025-07-03T02:01:34.333+0000] {manager.py:821} INFO - Searching for files in /opt/airflow/dags
[2025-07-03T02:01:34.370+0000] {manager.py:824} INFO - There are 1 files in /opt/airflow/dags
[2025-07-03T02:01:44.218+0000] {manager.py:997} INFO - 
================================================================================
DAG File Processing Stats

File Path                                  PID    Runtime      # DAGs    # Errors  Last Runtime    Last Run               Last # of DB Queries
-----------------------------------------  -----  ---------  --------  ----------  --------------  -------------------  ----------------------
/opt/airflow/dags/driven_data_pipeline.py                           1           0  0.71s           2025-07-03T02:01:44                      12
================================================================================
[2025-07-03T02:02:14.555+0000] {manager.py:997} INFO - 
================================================================================
DAG File Processing Stats

File Path                                    PID  Runtime      # DAGs    # Errors  Last Runtime    Last Run               Last # of DB Queries
-----------------------------------------  -----  ---------  --------  ----------  --------------  -------------------  ----------------------
/opt/airflow/dags/driven_data_pipeline.py    355  0.02s             1           0  0.71s           2025-07-03T02:01:44                      12
================================================================================
[2025-07-03T02:02:44.761+0000] {manager.py:997} INFO - 
================================================================================
DAG File Processing Stats

File Path                                  PID    Runtime      # DAGs    # Errors  Last Runtime    Last Run               Last # of DB Queries
-----------------------------------------  -----  ---------  --------  ----------  --------------  -------------------  ----------------------
/opt/airflow/dags/driven_data_pipeline.py                           1           0  0.90s           2025-07-03T02:02:15                      12
================================================================================
[2025-07-03T02:03:14.850+0000] {manager.py:997} INFO - 
================================================================================
DAG File Processing Stats

File Path                                  PID    Runtime      # DAGs    # Errors  Last Runtime    Last Run               Last # of DB Queries
-----------------------------------------  -----  ---------  --------  ----------  --------------  -------------------  ----------------------
/opt/airflow/dags/driven_data_pipeline.py                           1           0  0.72s           2025-07-03T02:02:46                      12
================================================================================
[2025-07-03T02:03:45.176+0000] {manager.py:997} INFO - 
================================================================================
DAG File Processing Stats

File Path                                  PID    Runtime      # DAGs    # Errors  Last Runtime    Last Run               Last # of DB Queries
-----------------------------------------  -----  ---------  --------  ----------  --------------  -------------------  ----------------------
/opt/airflow/dags/driven_data_pipeline.py                           1           0  0.49s           2025-07-03T02:03:22                      12
================================================================================
[2025-07-03T02:04:15.683+0000] {manager.py:997} INFO - 
================================================================================
DAG File Processing Stats

File Path                                  PID    Runtime      # DAGs    # Errors  Last Runtime    Last Run               Last # of DB Queries
-----------------------------------------  -----  ---------  --------  ----------  --------------  -------------------  ----------------------
/opt/airflow/dags/driven_data_pipeline.py                           1           0  1.26s           2025-07-03T02:03:53                      12
================================================================================
[2025-07-03T02:04:46.047+0000] {manager.py:997} INFO - 
================================================================================
DAG File Processing Stats

File Path                                  PID    Runtime      # DAGs    # Errors  Last Runtime    Last Run               Last # of DB Queries
-----------------------------------------  -----  ---------  --------  ----------  --------------  -------------------  ----------------------
/opt/airflow/dags/driven_data_pipeline.py                           1           0  1.01s           2025-07-03T02:04:24                      12
================================================================================
[2025-07-03T02:05:16.294+0000] {manager.py:997} INFO - 
================================================================================
DAG File Processing Stats

File Path                                  PID    Runtime      # DAGs    # Errors  Last Runtime    Last Run               Last # of DB Queries
-----------------------------------------  -----  ---------  --------  ----------  --------------  -------------------  ----------------------
/opt/airflow/dags/driven_data_pipeline.py                           1           0  0.94s           2025-07-03T02:04:56                      12
================================================================================
[2025-07-03T02:05:46.387+0000] {manager.py:997} INFO - 
================================================================================
DAG File Processing Stats

File Path                                  PID    Runtime      # DAGs    # Errors  Last Runtime    Last Run               Last # of DB Queries
-----------------------------------------  -----  ---------  --------  ----------  --------------  -------------------  ----------------------
/opt/airflow/dags/driven_data_pipeline.py                           1           0  0.76s           2025-07-03T02:05:27                      12
================================================================================
[2025-07-03T02:06:16.533+0000] {manager.py:997} INFO - 
================================================================================
DAG File Processing Stats

File Path                                  PID    Runtime      # DAGs    # Errors  Last Runtime    Last Run               Last # of DB Queries
-----------------------------------------  -----  ---------  --------  ----------  --------------  -------------------  ----------------------
/opt/airflow/dags/driven_data_pipeline.py                           1           0  1.05s           2025-07-03T02:06:00                      34
================================================================================
[2025-07-03T02:06:17.625+0000] {manager.py:465} INFO - Exiting gracefully upon receiving signal 15
[2025-07-03T02:58:42.864+0000] {manager.py:483} INFO - Processing files using up to 2 processes at a time 
[2025-07-03T02:58:42.867+0000] {manager.py:484} INFO - Process each file at most once every 30 seconds
[2025-07-03T02:58:42.868+0000] {manager.py:485} INFO - Checking for new files in /opt/airflow/dags every 300 seconds
[2025-07-03T02:58:42.870+0000] {manager.py:821} INFO - Searching for files in /opt/airflow/dags
[2025-07-03T02:58:42.930+0000] {manager.py:824} INFO - There are 1 files in /opt/airflow/dags
[2025-07-03T02:58:43.358+0000] {manager.py:997} INFO - 
================================================================================
DAG File Processing Stats

File Path                                    PID  Runtime      # DAGs    # Errors  Last Runtime    Last Run      Last # of DB Queries
-----------------------------------------  -----  ---------  --------  ----------  --------------  ----------  ----------------------
/opt/airflow/dags/driven_data_pipeline.py     95  0.08s             0           0                                                   0
================================================================================
[2025-07-03T02:59:14.478+0000] {manager.py:997} INFO - 
================================================================================
DAG File Processing Stats

File Path                                  PID    Runtime      # DAGs    # Errors  Last Runtime    Last Run               Last # of DB Queries
-----------------------------------------  -----  ---------  --------  ----------  --------------  -------------------  ----------------------
/opt/airflow/dags/driven_data_pipeline.py                           1           0  1.63s           2025-07-03T02:58:44                      12
================================================================================
[2025-07-03T02:59:44.639+0000] {manager.py:997} INFO - 
================================================================================
DAG File Processing Stats

File Path                                  PID    Runtime      # DAGs    # Errors  Last Runtime    Last Run               Last # of DB Queries
-----------------------------------------  -----  ---------  --------  ----------  --------------  -------------------  ----------------------
/opt/airflow/dags/driven_data_pipeline.py                           1           0  1.36s           2025-07-03T02:59:16                      12
================================================================================
[2025-07-03T03:00:15.448+0000] {manager.py:997} INFO - 
================================================================================
DAG File Processing Stats

File Path                                  PID    Runtime      # DAGs    # Errors  Last Runtime    Last Run               Last # of DB Queries
-----------------------------------------  -----  ---------  --------  ----------  --------------  -------------------  ----------------------
/opt/airflow/dags/driven_data_pipeline.py                           1           0  1.09s           2025-07-03T02:59:48                      12
================================================================================
[2025-07-03T03:00:46.583+0000] {manager.py:997} INFO - 
================================================================================
DAG File Processing Stats

File Path                                  PID    Runtime      # DAGs    # Errors  Last Runtime    Last Run               Last # of DB Queries
-----------------------------------------  -----  ---------  --------  ----------  --------------  -------------------  ----------------------
/opt/airflow/dags/driven_data_pipeline.py                           1           0  3.22s           2025-07-03T03:00:21                      12
================================================================================
[2025-07-03T03:01:17.670+0000] {manager.py:997} INFO - 
================================================================================
DAG File Processing Stats

File Path                                  PID    Runtime      # DAGs    # Errors  Last Runtime    Last Run               Last # of DB Queries
-----------------------------------------  -----  ---------  --------  ----------  --------------  -------------------  ----------------------
/opt/airflow/dags/driven_data_pipeline.py                           1           0  1.78s           2025-07-03T03:00:53                      12
================================================================================
[2025-07-03T03:01:49.253+0000] {manager.py:997} INFO - 
================================================================================
DAG File Processing Stats

File Path                                  PID    Runtime      # DAGs    # Errors  Last Runtime    Last Run               Last # of DB Queries
-----------------------------------------  -----  ---------  --------  ----------  --------------  -------------------  ----------------------
/opt/airflow/dags/driven_data_pipeline.py                           1           0  3.12s           2025-07-03T03:01:27                      12
================================================================================
[2025-07-03T03:02:20.660+0000] {manager.py:997} INFO - 
================================================================================
DAG File Processing Stats

File Path                                  PID    Runtime      # DAGs    # Errors  Last Runtime    Last Run               Last # of DB Queries
-----------------------------------------  -----  ---------  --------  ----------  --------------  -------------------  ----------------------
/opt/airflow/dags/driven_data_pipeline.py                           1           0  3.30s           2025-07-03T03:02:00                      12
================================================================================
[2025-07-03T03:03:27.789+0000] {manager.py:997} INFO - 
================================================================================
DAG File Processing Stats

File Path                                    PID  Runtime      # DAGs    # Errors  Last Runtime    Last Run               Last # of DB Queries
-----------------------------------------  -----  ---------  --------  ----------  --------------  -------------------  ----------------------
/opt/airflow/dags/driven_data_pipeline.py    157  41.39s            1           0  3.30s           2025-07-03T03:02:00                      12
================================================================================
[2025-07-03T03:03:42.896+0000] {manager.py:821} INFO - Searching for files in /opt/airflow/dags
[2025-07-03T03:03:42.933+0000] {manager.py:824} INFO - There are 1 files in /opt/airflow/dags
[2025-07-03T03:03:58.854+0000] {manager.py:997} INFO - 
================================================================================
DAG File Processing Stats

File Path                                  PID    Runtime      # DAGs    # Errors  Last Runtime    Last Run               Last # of DB Queries
-----------------------------------------  -----  ---------  --------  ----------  --------------  -------------------  ----------------------
/opt/airflow/dags/driven_data_pipeline.py                           1           0  43.68s          2025-07-03T03:03:30                      12
================================================================================
[2025-07-03T03:04:29.706+0000] {manager.py:997} INFO - 
================================================================================
DAG File Processing Stats

File Path                                  PID    Runtime      # DAGs    # Errors  Last Runtime    Last Run               Last # of DB Queries
-----------------------------------------  -----  ---------  --------  ----------  --------------  -------------------  ----------------------
/opt/airflow/dags/driven_data_pipeline.py                           1           0  1.44s           2025-07-03T03:04:01                      12
================================================================================
[2025-07-03T03:05:00.904+0000] {manager.py:997} INFO - 
================================================================================
DAG File Processing Stats

File Path                                  PID    Runtime      # DAGs    # Errors  Last Runtime    Last Run               Last # of DB Queries
-----------------------------------------  -----  ---------  --------  ----------  --------------  -------------------  ----------------------
/opt/airflow/dags/driven_data_pipeline.py                           1           0  1.02s           2025-07-03T03:04:32                      12
================================================================================
[2025-07-03T03:05:32.171+0000] {manager.py:997} INFO - 
================================================================================
DAG File Processing Stats

File Path                                  PID    Runtime      # DAGs    # Errors  Last Runtime    Last Run               Last # of DB Queries
-----------------------------------------  -----  ---------  --------  ----------  --------------  -------------------  ----------------------
/opt/airflow/dags/driven_data_pipeline.py                           1           0  1.25s           2025-07-03T03:05:04                      12
================================================================================
[2025-07-03T03:06:03.471+0000] {manager.py:997} INFO - 
================================================================================
DAG File Processing Stats

File Path                                  PID    Runtime      # DAGs    # Errors  Last Runtime    Last Run               Last # of DB Queries
-----------------------------------------  -----  ---------  --------  ----------  --------------  -------------------  ----------------------
/opt/airflow/dags/driven_data_pipeline.py                           1           0  1.02s           2025-07-03T03:05:35                      12
================================================================================
[2025-07-03T03:06:34.776+0000] {manager.py:997} INFO - 
================================================================================
DAG File Processing Stats

File Path                                  PID    Runtime      # DAGs    # Errors  Last Runtime    Last Run               Last # of DB Queries
-----------------------------------------  -----  ---------  --------  ----------  --------------  -------------------  ----------------------
/opt/airflow/dags/driven_data_pipeline.py                           1           0  1.13s           2025-07-03T03:06:06                      12
================================================================================
[2025-07-03T03:07:06.210+0000] {manager.py:997} INFO - 
================================================================================
DAG File Processing Stats

File Path                                  PID    Runtime      # DAGs    # Errors  Last Runtime    Last Run               Last # of DB Queries
-----------------------------------------  -----  ---------  --------  ----------  --------------  -------------------  ----------------------
/opt/airflow/dags/driven_data_pipeline.py                           1           0  1.38s           2025-07-03T03:06:38                      12
================================================================================
[2025-07-03T03:07:37.577+0000] {manager.py:997} INFO - 
================================================================================
DAG File Processing Stats

File Path                                  PID    Runtime      # DAGs    # Errors  Last Runtime    Last Run               Last # of DB Queries
-----------------------------------------  -----  ---------  --------  ----------  --------------  -------------------  ----------------------
/opt/airflow/dags/driven_data_pipeline.py                           1           0  1.07s           2025-07-03T03:07:09                      12
================================================================================
[2025-07-03T03:08:08.806+0000] {manager.py:997} INFO - 
================================================================================
DAG File Processing Stats

File Path                                  PID    Runtime      # DAGs    # Errors  Last Runtime    Last Run               Last # of DB Queries
-----------------------------------------  -----  ---------  --------  ----------  --------------  -------------------  ----------------------
/opt/airflow/dags/driven_data_pipeline.py                           1           0  1.07s           2025-07-03T03:07:40                      12
================================================================================
[2025-07-03T03:08:40.165+0000] {manager.py:997} INFO - 
================================================================================
DAG File Processing Stats

File Path                                  PID    Runtime      # DAGs    # Errors  Last Runtime    Last Run               Last # of DB Queries
-----------------------------------------  -----  ---------  --------  ----------  --------------  -------------------  ----------------------
/opt/airflow/dags/driven_data_pipeline.py                           1           0  1.18s           2025-07-03T03:08:12                      12
================================================================================
[2025-07-03T03:08:43.661+0000] {manager.py:821} INFO - Searching for files in /opt/airflow/dags
[2025-07-03T03:08:43.697+0000] {manager.py:824} INFO - There are 1 files in /opt/airflow/dags
[2025-07-03T03:09:11.949+0000] {manager.py:997} INFO - 
================================================================================
DAG File Processing Stats

File Path                                  PID    Runtime      # DAGs    # Errors  Last Runtime    Last Run               Last # of DB Queries
-----------------------------------------  -----  ---------  --------  ----------  --------------  -------------------  ----------------------
/opt/airflow/dags/driven_data_pipeline.py                           1           0  0.54s           2025-07-03T03:08:42                      12
================================================================================
[2025-07-03T03:09:42.191+0000] {manager.py:997} INFO - 
================================================================================
DAG File Processing Stats

File Path                                  PID    Runtime      # DAGs    # Errors  Last Runtime    Last Run               Last # of DB Queries
-----------------------------------------  -----  ---------  --------  ----------  --------------  -------------------  ----------------------
/opt/airflow/dags/driven_data_pipeline.py                           1           0  0.91s           2025-07-03T03:09:13                      12
================================================================================
[2025-07-03T03:10:13.528+0000] {manager.py:997} INFO - 
================================================================================
DAG File Processing Stats

File Path                                  PID    Runtime      # DAGs    # Errors  Last Runtime    Last Run               Last # of DB Queries
-----------------------------------------  -----  ---------  --------  ----------  --------------  -------------------  ----------------------
/opt/airflow/dags/driven_data_pipeline.py                           1           0  0.99s           2025-07-03T03:09:45                      12
================================================================================
[2025-07-03T03:10:44.911+0000] {manager.py:997} INFO - 
================================================================================
DAG File Processing Stats

File Path                                  PID    Runtime      # DAGs    # Errors  Last Runtime    Last Run               Last # of DB Queries
-----------------------------------------  -----  ---------  --------  ----------  --------------  -------------------  ----------------------
/opt/airflow/dags/driven_data_pipeline.py                           1           0  1.68s           2025-07-03T03:10:17                      12
================================================================================
[2025-07-03T03:11:16.144+0000] {manager.py:997} INFO - 
================================================================================
DAG File Processing Stats

File Path                                  PID    Runtime      # DAGs    # Errors  Last Runtime    Last Run               Last # of DB Queries
-----------------------------------------  -----  ---------  --------  ----------  --------------  -------------------  ----------------------
/opt/airflow/dags/driven_data_pipeline.py                           1           0  0.91s           2025-07-03T03:10:48                      12
================================================================================
[2025-07-03T03:11:47.423+0000] {manager.py:997} INFO - 
================================================================================
DAG File Processing Stats

File Path                                  PID    Runtime      # DAGs    # Errors  Last Runtime    Last Run               Last # of DB Queries
-----------------------------------------  -----  ---------  --------  ----------  --------------  -------------------  ----------------------
/opt/airflow/dags/driven_data_pipeline.py                           1           0  1.00s           2025-07-03T03:11:19                      12
================================================================================
[2025-07-03T03:12:18.363+0000] {manager.py:997} INFO - 
================================================================================
DAG File Processing Stats

File Path                                  PID    Runtime      # DAGs    # Errors  Last Runtime    Last Run               Last # of DB Queries
-----------------------------------------  -----  ---------  --------  ----------  --------------  -------------------  ----------------------
/opt/airflow/dags/driven_data_pipeline.py                           1           0  1.06s           2025-07-03T03:11:51                      12
================================================================================
[2025-07-03T03:12:49.375+0000] {manager.py:997} INFO - 
================================================================================
DAG File Processing Stats

File Path                                  PID    Runtime      # DAGs    # Errors  Last Runtime    Last Run               Last # of DB Queries
-----------------------------------------  -----  ---------  --------  ----------  --------------  -------------------  ----------------------
/opt/airflow/dags/driven_data_pipeline.py                           1           0  0.90s           2025-07-03T03:12:22                      12
================================================================================
[2025-07-03T03:13:20.663+0000] {manager.py:997} INFO - 
================================================================================
DAG File Processing Stats

File Path                                  PID    Runtime      # DAGs    # Errors  Last Runtime    Last Run               Last # of DB Queries
-----------------------------------------  -----  ---------  --------  ----------  --------------  -------------------  ----------------------
/opt/airflow/dags/driven_data_pipeline.py                           1           0  1.38s           2025-07-03T03:12:53                      12
================================================================================
[2025-07-03T03:13:44.119+0000] {manager.py:821} INFO - Searching for files in /opt/airflow/dags
[2025-07-03T03:13:44.151+0000] {manager.py:824} INFO - There are 1 files in /opt/airflow/dags
[2025-07-03T03:13:52.253+0000] {manager.py:997} INFO - 
================================================================================
DAG File Processing Stats

File Path                                  PID    Runtime      # DAGs    # Errors  Last Runtime    Last Run               Last # of DB Queries
-----------------------------------------  -----  ---------  --------  ----------  --------------  -------------------  ----------------------
/opt/airflow/dags/driven_data_pipeline.py                           1           0  1.02s           2025-07-03T03:13:25                      12
================================================================================
[2025-07-03T03:14:23.485+0000] {manager.py:997} INFO - 
================================================================================
DAG File Processing Stats

File Path                                  PID    Runtime      # DAGs    # Errors  Last Runtime    Last Run               Last # of DB Queries
-----------------------------------------  -----  ---------  --------  ----------  --------------  -------------------  ----------------------
/opt/airflow/dags/driven_data_pipeline.py                           1           0  1.07s           2025-07-03T03:13:56                      12
================================================================================
[2025-07-03T03:14:54.737+0000] {manager.py:997} INFO - 
================================================================================
DAG File Processing Stats

File Path                                  PID    Runtime      # DAGs    # Errors  Last Runtime    Last Run               Last # of DB Queries
-----------------------------------------  -----  ---------  --------  ----------  --------------  -------------------  ----------------------
/opt/airflow/dags/driven_data_pipeline.py                           1           0  0.99s           2025-07-03T03:14:27                      12
================================================================================
[2025-07-03T03:15:25.958+0000] {manager.py:997} INFO - 
================================================================================
DAG File Processing Stats

File Path                                  PID    Runtime      # DAGs    # Errors  Last Runtime    Last Run               Last # of DB Queries
-----------------------------------------  -----  ---------  --------  ----------  --------------  -------------------  ----------------------
/opt/airflow/dags/driven_data_pipeline.py                           1           0  0.98s           2025-07-03T03:14:58                      12
================================================================================
[2025-07-03T03:15:57.203+0000] {manager.py:997} INFO - 
================================================================================
DAG File Processing Stats

File Path                                  PID    Runtime      # DAGs    # Errors  Last Runtime    Last Run               Last # of DB Queries
-----------------------------------------  -----  ---------  --------  ----------  --------------  -------------------  ----------------------
/opt/airflow/dags/driven_data_pipeline.py                           1           0  0.98s           2025-07-03T03:15:29                      12
================================================================================
[2025-07-03T03:16:28.423+0000] {manager.py:997} INFO - 
================================================================================
DAG File Processing Stats

File Path                                  PID    Runtime      # DAGs    # Errors  Last Runtime    Last Run               Last # of DB Queries
-----------------------------------------  -----  ---------  --------  ----------  --------------  -------------------  ----------------------
/opt/airflow/dags/driven_data_pipeline.py                           1           0  0.65s           2025-07-03T03:16:00                      12
================================================================================
[2025-07-03T03:17:00.309+0000] {manager.py:997} INFO - 
================================================================================
DAG File Processing Stats

File Path                                  PID    Runtime      # DAGs    # Errors  Last Runtime    Last Run               Last # of DB Queries
-----------------------------------------  -----  ---------  --------  ----------  --------------  -------------------  ----------------------
/opt/airflow/dags/driven_data_pipeline.py                           1           0  1.04s           2025-07-03T03:16:32                      12
================================================================================
[2025-07-03T03:17:31.490+0000] {manager.py:997} INFO - 
================================================================================
DAG File Processing Stats

File Path                                  PID    Runtime      # DAGs    # Errors  Last Runtime    Last Run               Last # of DB Queries
-----------------------------------------  -----  ---------  --------  ----------  --------------  -------------------  ----------------------
/opt/airflow/dags/driven_data_pipeline.py                           1           0  0.96s           2025-07-03T03:17:03                      12
================================================================================
[2025-07-03T03:18:02.678+0000] {manager.py:997} INFO - 
================================================================================
DAG File Processing Stats

File Path                                  PID    Runtime      # DAGs    # Errors  Last Runtime    Last Run               Last # of DB Queries
-----------------------------------------  -----  ---------  --------  ----------  --------------  -------------------  ----------------------
/opt/airflow/dags/driven_data_pipeline.py                           1           0  1.01s           2025-07-03T03:17:34                      12
================================================================================
[2025-07-03T03:18:32.891+0000] {manager.py:997} INFO - 
================================================================================
DAG File Processing Stats

File Path                                  PID    Runtime      # DAGs    # Errors  Last Runtime    Last Run               Last # of DB Queries
-----------------------------------------  -----  ---------  --------  ----------  --------------  -------------------  ----------------------
/opt/airflow/dags/driven_data_pipeline.py                           1           0  0.86s           2025-07-03T03:18:05                      12
================================================================================
[2025-07-03T03:18:44.947+0000] {manager.py:821} INFO - Searching for files in /opt/airflow/dags
[2025-07-03T03:18:44.977+0000] {manager.py:824} INFO - There are 1 files in /opt/airflow/dags
[2025-07-03T03:19:04.186+0000] {manager.py:997} INFO - 
================================================================================
DAG File Processing Stats

File Path                                  PID    Runtime      # DAGs    # Errors  Last Runtime    Last Run               Last # of DB Queries
-----------------------------------------  -----  ---------  --------  ----------  --------------  -------------------  ----------------------
/opt/airflow/dags/driven_data_pipeline.py                           1           0  1.21s           2025-07-03T03:18:36                      12
================================================================================
[2025-07-03T03:19:35.640+0000] {manager.py:997} INFO - 
================================================================================
DAG File Processing Stats

File Path                                  PID    Runtime      # DAGs    # Errors  Last Runtime    Last Run               Last # of DB Queries
-----------------------------------------  -----  ---------  --------  ----------  --------------  -------------------  ----------------------
/opt/airflow/dags/driven_data_pipeline.py                           1           0  1.05s           2025-07-03T03:19:09                      12
================================================================================
[2025-07-03T03:20:06.844+0000] {manager.py:997} INFO - 
================================================================================
DAG File Processing Stats

File Path                                  PID    Runtime      # DAGs    # Errors  Last Runtime    Last Run               Last # of DB Queries
-----------------------------------------  -----  ---------  --------  ----------  --------------  -------------------  ----------------------
/opt/airflow/dags/driven_data_pipeline.py                           1           0  1.89s           2025-07-03T03:19:41                      12
================================================================================
[2025-07-03T03:20:38.036+0000] {manager.py:997} INFO - 
================================================================================
DAG File Processing Stats

File Path                                  PID    Runtime      # DAGs    # Errors  Last Runtime    Last Run               Last # of DB Queries
-----------------------------------------  -----  ---------  --------  ----------  --------------  -------------------  ----------------------
/opt/airflow/dags/driven_data_pipeline.py                           1           0  0.94s           2025-07-03T03:20:12                      12
================================================================================
[2025-07-03T03:21:09.105+0000] {manager.py:997} INFO - 
================================================================================
DAG File Processing Stats

File Path                                  PID    Runtime      # DAGs    # Errors  Last Runtime    Last Run               Last # of DB Queries
-----------------------------------------  -----  ---------  --------  ----------  --------------  -------------------  ----------------------
/opt/airflow/dags/driven_data_pipeline.py                           1           0  0.89s           2025-07-03T03:20:44                      12
================================================================================
[2025-07-03T03:21:40.284+0000] {manager.py:997} INFO - 
================================================================================
DAG File Processing Stats

File Path                                  PID    Runtime      # DAGs    # Errors  Last Runtime    Last Run               Last # of DB Queries
-----------------------------------------  -----  ---------  --------  ----------  --------------  -------------------  ----------------------
/opt/airflow/dags/driven_data_pipeline.py                           1           0  0.86s           2025-07-03T03:21:15                      12
================================================================================
[2025-07-03T03:22:11.563+0000] {manager.py:997} INFO - 
================================================================================
DAG File Processing Stats

File Path                                  PID    Runtime      # DAGs    # Errors  Last Runtime    Last Run               Last # of DB Queries
-----------------------------------------  -----  ---------  --------  ----------  --------------  -------------------  ----------------------
/opt/airflow/dags/driven_data_pipeline.py                           1           0  1.03s           2025-07-03T03:21:46                      12
================================================================================
[2025-07-03T03:22:42.992+0000] {manager.py:997} INFO - 
================================================================================
DAG File Processing Stats

File Path                                  PID    Runtime      # DAGs    # Errors  Last Runtime    Last Run               Last # of DB Queries
-----------------------------------------  -----  ---------  --------  ----------  --------------  -------------------  ----------------------
/opt/airflow/dags/driven_data_pipeline.py                           1           0  0.56s           2025-07-03T03:22:17                      12
================================================================================
[2025-07-03T03:23:14.235+0000] {manager.py:997} INFO - 
================================================================================
DAG File Processing Stats

File Path                                  PID    Runtime      # DAGs    # Errors  Last Runtime    Last Run               Last # of DB Queries
-----------------------------------------  -----  ---------  --------  ----------  --------------  -------------------  ----------------------
/opt/airflow/dags/driven_data_pipeline.py                           1           0  0.87s           2025-07-03T03:22:48                      12
================================================================================
[2025-07-03T03:23:45.442+0000] {manager.py:821} INFO - Searching for files in /opt/airflow/dags
[2025-07-03T03:23:45.488+0000] {manager.py:824} INFO - There are 1 files in /opt/airflow/dags
[2025-07-03T03:23:45.517+0000] {manager.py:997} INFO - 
================================================================================
DAG File Processing Stats

File Path                                  PID    Runtime      # DAGs    # Errors  Last Runtime    Last Run               Last # of DB Queries
-----------------------------------------  -----  ---------  --------  ----------  --------------  -------------------  ----------------------
/opt/airflow/dags/driven_data_pipeline.py                           1           0  0.92s           2025-07-03T03:23:19                      12
================================================================================
[2025-07-03T03:24:16.828+0000] {manager.py:997} INFO - 
================================================================================
DAG File Processing Stats

File Path                                  PID    Runtime      # DAGs    # Errors  Last Runtime    Last Run               Last # of DB Queries
-----------------------------------------  -----  ---------  --------  ----------  --------------  -------------------  ----------------------
/opt/airflow/dags/driven_data_pipeline.py                           1           0  1.25s           2025-07-03T03:24:16                      34
================================================================================
[2025-07-03T03:24:47.907+0000] {manager.py:997} INFO - 
================================================================================
DAG File Processing Stats

File Path                                  PID    Runtime      # DAGs    # Errors  Last Runtime    Last Run               Last # of DB Queries
-----------------------------------------  -----  ---------  --------  ----------  --------------  -------------------  ----------------------
/opt/airflow/dags/driven_data_pipeline.py                           1           0  0.98s           2025-07-03T03:24:47                      12
================================================================================
[2025-07-03T03:25:19.345+0000] {manager.py:997} INFO - 
================================================================================
DAG File Processing Stats

File Path                                  PID    Runtime      # DAGs    # Errors  Last Runtime    Last Run               Last # of DB Queries
-----------------------------------------  -----  ---------  --------  ----------  --------------  -------------------  ----------------------
/opt/airflow/dags/driven_data_pipeline.py                           1           0  1.16s           2025-07-03T03:25:18                      12
================================================================================
[2025-07-03T03:25:50.491+0000] {manager.py:997} INFO - 
================================================================================
DAG File Processing Stats

File Path                                  PID    Runtime      # DAGs    # Errors  Last Runtime    Last Run               Last # of DB Queries
-----------------------------------------  -----  ---------  --------  ----------  --------------  -------------------  ----------------------
/opt/airflow/dags/driven_data_pipeline.py                           1           0  0.98s           2025-07-03T03:25:49                      12
================================================================================
[2025-07-03T03:26:09.991+0000] {manager.py:465} INFO - Exiting gracefully upon receiving signal 15
[2025-07-03T03:31:29.330+0000] {manager.py:483} INFO - Processing files using up to 2 processes at a time 
[2025-07-03T03:31:29.332+0000] {manager.py:484} INFO - Process each file at most once every 30 seconds
[2025-07-03T03:31:29.333+0000] {manager.py:485} INFO - Checking for new files in /opt/airflow/dags every 300 seconds
[2025-07-03T03:31:29.334+0000] {manager.py:821} INFO - Searching for files in /opt/airflow/dags
[2025-07-03T03:31:29.400+0000] {manager.py:824} INFO - There are 1 files in /opt/airflow/dags
[2025-07-03T03:31:30.063+0000] {manager.py:997} INFO - 
================================================================================
DAG File Processing Stats

File Path                                    PID  Runtime      # DAGs    # Errors  Last Runtime    Last Run      Last # of DB Queries
-----------------------------------------  -----  ---------  --------  ----------  --------------  ----------  ----------------------
/opt/airflow/dags/driven_data_pipeline.py    118  0.17s             0           0                                                   0
================================================================================
[2025-07-03T03:32:01.224+0000] {manager.py:997} INFO - 
================================================================================
DAG File Processing Stats

File Path                                  PID    Runtime      # DAGs    # Errors  Last Runtime    Last Run               Last # of DB Queries
-----------------------------------------  -----  ---------  --------  ----------  --------------  -------------------  ----------------------
/opt/airflow/dags/driven_data_pipeline.py                           1           0  2.62s           2025-07-03T03:31:32                      45
================================================================================
[2025-07-03T03:32:32.337+0000] {manager.py:997} INFO - 
================================================================================
DAG File Processing Stats

File Path                                  PID    Runtime      # DAGs    # Errors  Last Runtime    Last Run               Last # of DB Queries
-----------------------------------------  -----  ---------  --------  ----------  --------------  -------------------  ----------------------
/opt/airflow/dags/driven_data_pipeline.py                           1           0  0.91s           2025-07-03T03:32:03                      12
================================================================================
[2025-07-03T03:33:03.660+0000] {manager.py:997} INFO - 
================================================================================
DAG File Processing Stats

File Path                                  PID    Runtime      # DAGs    # Errors  Last Runtime    Last Run               Last # of DB Queries
-----------------------------------------  -----  ---------  --------  ----------  --------------  -------------------  ----------------------
/opt/airflow/dags/driven_data_pipeline.py                           1           0  1.14s           2025-07-03T03:32:34                      12
================================================================================
[2025-07-03T03:33:25.840+0000] {manager.py:465} INFO - Exiting gracefully upon receiving signal 15
[2025-07-03T03:37:29.255+0000] {manager.py:483} INFO - Processing files using up to 2 processes at a time 
[2025-07-03T03:37:29.257+0000] {manager.py:484} INFO - Process each file at most once every 30 seconds
[2025-07-03T03:37:29.258+0000] {manager.py:485} INFO - Checking for new files in /opt/airflow/dags every 300 seconds
[2025-07-03T03:37:29.259+0000] {manager.py:821} INFO - Searching for files in /opt/airflow/dags
[2025-07-03T03:37:29.316+0000] {manager.py:824} INFO - There are 1 files in /opt/airflow/dags
[2025-07-03T03:37:29.680+0000] {manager.py:997} INFO - 
================================================================================
DAG File Processing Stats

File Path                                    PID  Runtime      # DAGs    # Errors  Last Runtime    Last Run      Last # of DB Queries
-----------------------------------------  -----  ---------  --------  ----------  --------------  ----------  ----------------------
/opt/airflow/dags/driven_data_pipeline.py    119  0.06s             0           0                                                   0
================================================================================
[2025-07-03T03:38:00.836+0000] {manager.py:997} INFO - 
================================================================================
DAG File Processing Stats

File Path                                  PID    Runtime      # DAGs    # Errors  Last Runtime    Last Run               Last # of DB Queries
-----------------------------------------  -----  ---------  --------  ----------  --------------  -------------------  ----------------------
/opt/airflow/dags/driven_data_pipeline.py                           1           0  1.68s           2025-07-03T03:37:31                      45
================================================================================
[2025-07-03T03:38:32.003+0000] {manager.py:997} INFO - 
================================================================================
DAG File Processing Stats

File Path                                  PID    Runtime      # DAGs    # Errors  Last Runtime    Last Run               Last # of DB Queries
-----------------------------------------  -----  ---------  --------  ----------  --------------  -------------------  ----------------------
/opt/airflow/dags/driven_data_pipeline.py                           1           0  1.00s           2025-07-03T03:38:02                      12
================================================================================
[2025-07-03T03:39:03.292+0000] {manager.py:997} INFO - 
================================================================================
DAG File Processing Stats

File Path                                  PID    Runtime      # DAGs    # Errors  Last Runtime    Last Run               Last # of DB Queries
-----------------------------------------  -----  ---------  --------  ----------  --------------  -------------------  ----------------------
/opt/airflow/dags/driven_data_pipeline.py                           1           0  4.93s           2025-07-03T03:38:37                      12
================================================================================
[2025-07-03T03:39:34.195+0000] {manager.py:997} INFO - 
================================================================================
DAG File Processing Stats

File Path                                  PID    Runtime      # DAGs    # Errors  Last Runtime    Last Run               Last # of DB Queries
-----------------------------------------  -----  ---------  --------  ----------  --------------  -------------------  ----------------------
/opt/airflow/dags/driven_data_pipeline.py                           1           0  1.35s           2025-07-03T03:39:09                      12
================================================================================
[2025-07-03T03:40:05.315+0000] {manager.py:997} INFO - 
================================================================================
DAG File Processing Stats

File Path                                  PID    Runtime      # DAGs    # Errors  Last Runtime    Last Run               Last # of DB Queries
-----------------------------------------  -----  ---------  --------  ----------  --------------  -------------------  ----------------------
/opt/airflow/dags/driven_data_pipeline.py                           1           0  1.05s           2025-07-03T03:39:40                      12
================================================================================
[2025-07-03T03:40:35.556+0000] {manager.py:997} INFO - 
================================================================================
DAG File Processing Stats

File Path                                  PID    Runtime      # DAGs    # Errors  Last Runtime    Last Run               Last # of DB Queries
-----------------------------------------  -----  ---------  --------  ----------  --------------  -------------------  ----------------------
/opt/airflow/dags/driven_data_pipeline.py                           1           0  0.91s           2025-07-03T03:40:11                      12
================================================================================
[2025-07-03T03:41:06.866+0000] {manager.py:997} INFO - 
================================================================================
DAG File Processing Stats

File Path                                  PID    Runtime      # DAGs    # Errors  Last Runtime    Last Run               Last # of DB Queries
-----------------------------------------  -----  ---------  --------  ----------  --------------  -------------------  ----------------------
/opt/airflow/dags/driven_data_pipeline.py                           1           0  2.13s           2025-07-03T03:40:43                      12
================================================================================
[2025-07-03T03:41:38.003+0000] {manager.py:997} INFO - 
================================================================================
DAG File Processing Stats

File Path                                  PID    Runtime      # DAGs    # Errors  Last Runtime    Last Run               Last # of DB Queries
-----------------------------------------  -----  ---------  --------  ----------  --------------  -------------------  ----------------------
/opt/airflow/dags/driven_data_pipeline.py                           1           0  1.24s           2025-07-03T03:41:15                      12
================================================================================
[2025-07-03T03:42:09.202+0000] {manager.py:997} INFO - 
================================================================================
DAG File Processing Stats

File Path                                  PID    Runtime      # DAGs    # Errors  Last Runtime    Last Run               Last # of DB Queries
-----------------------------------------  -----  ---------  --------  ----------  --------------  -------------------  ----------------------
/opt/airflow/dags/driven_data_pipeline.py                           1           0  0.90s           2025-07-03T03:41:46                      12
================================================================================
[2025-07-03T03:42:30.027+0000] {manager.py:821} INFO - Searching for files in /opt/airflow/dags
[2025-07-03T03:42:30.077+0000] {manager.py:824} INFO - There are 1 files in /opt/airflow/dags
[2025-07-03T03:42:40.220+0000] {manager.py:997} INFO - 
================================================================================
DAG File Processing Stats

File Path                                  PID    Runtime      # DAGs    # Errors  Last Runtime    Last Run               Last # of DB Queries
-----------------------------------------  -----  ---------  --------  ----------  --------------  -------------------  ----------------------
/opt/airflow/dags/driven_data_pipeline.py                           1           0  0.86s           2025-07-03T03:42:17                      12
================================================================================
[2025-07-03T03:43:11.174+0000] {manager.py:997} INFO - 
================================================================================
DAG File Processing Stats

File Path                                  PID    Runtime      # DAGs    # Errors  Last Runtime    Last Run               Last # of DB Queries
-----------------------------------------  -----  ---------  --------  ----------  --------------  -------------------  ----------------------
/opt/airflow/dags/driven_data_pipeline.py                           1           0  0.88s           2025-07-03T03:42:49                      12
================================================================================
[2025-07-03T03:43:32.692+0000] {manager.py:465} INFO - Exiting gracefully upon receiving signal 15
[2025-07-03T03:46:59.495+0000] {manager.py:483} INFO - Processing files using up to 2 processes at a time 
[2025-07-03T03:46:59.496+0000] {manager.py:484} INFO - Process each file at most once every 30 seconds
[2025-07-03T03:46:59.497+0000] {manager.py:485} INFO - Checking for new files in /opt/airflow/dags every 300 seconds
[2025-07-03T03:46:59.498+0000] {manager.py:821} INFO - Searching for files in /opt/airflow/dags
[2025-07-03T03:46:59.541+0000] {manager.py:824} INFO - There are 1 files in /opt/airflow/dags
[2025-07-03T03:46:59.857+0000] {manager.py:997} INFO - 
================================================================================
DAG File Processing Stats

File Path                                    PID  Runtime      # DAGs    # Errors  Last Runtime    Last Run      Last # of DB Queries
-----------------------------------------  -----  ---------  --------  ----------  --------------  ----------  ----------------------
/opt/airflow/dags/driven_data_pipeline.py    106  0.04s             0           0                                                   0
================================================================================
[2025-07-03T03:47:30.713+0000] {manager.py:997} INFO - 
================================================================================
DAG File Processing Stats

File Path                                  PID    Runtime      # DAGs    # Errors  Last Runtime    Last Run               Last # of DB Queries
-----------------------------------------  -----  ---------  --------  ----------  --------------  -------------------  ----------------------
/opt/airflow/dags/driven_data_pipeline.py                           1           0  1.89s           2025-07-03T03:47:01                      45
================================================================================
[2025-07-03T03:48:01.783+0000] {manager.py:997} INFO - 
================================================================================
DAG File Processing Stats

File Path                                  PID    Runtime      # DAGs    # Errors  Last Runtime    Last Run               Last # of DB Queries
-----------------------------------------  -----  ---------  --------  ----------  --------------  -------------------  ----------------------
/opt/airflow/dags/driven_data_pipeline.py                           1           0  1.03s           2025-07-03T03:47:32                      12
================================================================================
[2025-07-03T03:48:32.800+0000] {manager.py:997} INFO - 
================================================================================
DAG File Processing Stats

File Path                                  PID    Runtime      # DAGs    # Errors  Last Runtime    Last Run               Last # of DB Queries
-----------------------------------------  -----  ---------  --------  ----------  --------------  -------------------  ----------------------
/opt/airflow/dags/driven_data_pipeline.py                           1           0  0.98s           2025-07-03T03:48:03                      12
================================================================================
[2025-07-03T03:49:03.689+0000] {manager.py:997} INFO - 
================================================================================
DAG File Processing Stats

File Path                                  PID    Runtime      # DAGs    # Errors  Last Runtime    Last Run               Last # of DB Queries
-----------------------------------------  -----  ---------  --------  ----------  --------------  -------------------  ----------------------
/opt/airflow/dags/driven_data_pipeline.py                           1           0  0.87s           2025-07-03T03:48:34                      12
================================================================================
[2025-07-03T03:49:34.497+0000] {manager.py:997} INFO - 
================================================================================
DAG File Processing Stats

File Path                                  PID    Runtime      # DAGs    # Errors  Last Runtime    Last Run               Last # of DB Queries
-----------------------------------------  -----  ---------  --------  ----------  --------------  -------------------  ----------------------
/opt/airflow/dags/driven_data_pipeline.py                           1           0  0.78s           2025-07-03T03:49:05                      12
================================================================================
[2025-07-03T03:50:05.381+0000] {manager.py:997} INFO - 
================================================================================
DAG File Processing Stats

File Path                                  PID    Runtime      # DAGs    # Errors  Last Runtime    Last Run               Last # of DB Queries
-----------------------------------------  -----  ---------  --------  ----------  --------------  -------------------  ----------------------
/opt/airflow/dags/driven_data_pipeline.py                           1           0  0.85s           2025-07-03T03:49:36                      12
================================================================================
[2025-07-03T03:50:36.207+0000] {manager.py:997} INFO - 
================================================================================
DAG File Processing Stats

File Path                                  PID    Runtime      # DAGs    # Errors  Last Runtime    Last Run               Last # of DB Queries
-----------------------------------------  -----  ---------  --------  ----------  --------------  -------------------  ----------------------
/opt/airflow/dags/driven_data_pipeline.py                           1           0  0.78s           2025-07-03T03:50:07                      12
================================================================================
[2025-07-03T03:51:07.174+0000] {manager.py:997} INFO - 
================================================================================
DAG File Processing Stats

File Path                                  PID    Runtime      # DAGs    # Errors  Last Runtime    Last Run               Last # of DB Queries
-----------------------------------------  -----  ---------  --------  ----------  --------------  -------------------  ----------------------
/opt/airflow/dags/driven_data_pipeline.py                           1           0  0.92s           2025-07-03T03:50:38                      12
================================================================================
[2025-07-03T03:51:38.244+0000] {manager.py:997} INFO - 
================================================================================
DAG File Processing Stats

File Path                                  PID    Runtime      # DAGs    # Errors  Last Runtime    Last Run               Last # of DB Queries
-----------------------------------------  -----  ---------  --------  ----------  --------------  -------------------  ----------------------
/opt/airflow/dags/driven_data_pipeline.py                           1           0  0.78s           2025-07-03T03:51:09                      12
================================================================================
[2025-07-03T03:51:59.621+0000] {manager.py:821} INFO - Searching for files in /opt/airflow/dags
[2025-07-03T03:51:59.684+0000] {manager.py:824} INFO - There are 1 files in /opt/airflow/dags
[2025-07-03T03:52:09.277+0000] {manager.py:997} INFO - 
================================================================================
DAG File Processing Stats

File Path                                  PID    Runtime      # DAGs    # Errors  Last Runtime    Last Run               Last # of DB Queries
-----------------------------------------  -----  ---------  --------  ----------  --------------  -------------------  ----------------------
/opt/airflow/dags/driven_data_pipeline.py                           1           0  0.78s           2025-07-03T03:51:40                      12
================================================================================
[2025-07-03T03:52:39.623+0000] {manager.py:997} INFO - 
================================================================================
DAG File Processing Stats

File Path                                  PID    Runtime      # DAGs    # Errors  Last Runtime    Last Run               Last # of DB Queries
-----------------------------------------  -----  ---------  --------  ----------  --------------  -------------------  ----------------------
/opt/airflow/dags/driven_data_pipeline.py                           1           0  0.88s           2025-07-03T03:52:11                      12
================================================================================
[2025-07-03T03:53:10.665+0000] {manager.py:997} INFO - 
================================================================================
DAG File Processing Stats

File Path                                  PID    Runtime      # DAGs    # Errors  Last Runtime    Last Run               Last # of DB Queries
-----------------------------------------  -----  ---------  --------  ----------  --------------  -------------------  ----------------------
/opt/airflow/dags/driven_data_pipeline.py                           1           0  1.10s           2025-07-03T03:52:43                      12
================================================================================
[2025-07-03T03:53:41.524+0000] {manager.py:997} INFO - 
================================================================================
DAG File Processing Stats

File Path                                  PID    Runtime      # DAGs    # Errors  Last Runtime    Last Run               Last # of DB Queries
-----------------------------------------  -----  ---------  --------  ----------  --------------  -------------------  ----------------------
/opt/airflow/dags/driven_data_pipeline.py                           1           0  1.50s           2025-07-03T03:53:15                      12
================================================================================
[2025-07-03T03:54:12.710+0000] {manager.py:997} INFO - 
================================================================================
DAG File Processing Stats

File Path                                  PID    Runtime      # DAGs    # Errors  Last Runtime    Last Run               Last # of DB Queries
-----------------------------------------  -----  ---------  --------  ----------  --------------  -------------------  ----------------------
/opt/airflow/dags/driven_data_pipeline.py                           1           0  2.08s           2025-07-03T03:53:47                      12
================================================================================
[2025-07-03T03:54:43.543+0000] {manager.py:997} INFO - 
================================================================================
DAG File Processing Stats

File Path                                  PID    Runtime      # DAGs    # Errors  Last Runtime    Last Run               Last # of DB Queries
-----------------------------------------  -----  ---------  --------  ----------  --------------  -------------------  ----------------------
/opt/airflow/dags/driven_data_pipeline.py                           1           0  0.84s           2025-07-03T03:54:18                      12
================================================================================
[2025-07-03T03:55:14.540+0000] {manager.py:997} INFO - 
================================================================================
DAG File Processing Stats

File Path                                  PID    Runtime      # DAGs    # Errors  Last Runtime    Last Run               Last # of DB Queries
-----------------------------------------  -----  ---------  --------  ----------  --------------  -------------------  ----------------------
/opt/airflow/dags/driven_data_pipeline.py                           1           0  0.81s           2025-07-03T03:54:49                      12
================================================================================
[2025-07-03T03:55:45.420+0000] {manager.py:997} INFO - 
================================================================================
DAG File Processing Stats

File Path                                  PID    Runtime      # DAGs    # Errors  Last Runtime    Last Run               Last # of DB Queries
-----------------------------------------  -----  ---------  --------  ----------  --------------  -------------------  ----------------------
/opt/airflow/dags/driven_data_pipeline.py                           1           0  0.85s           2025-07-03T03:55:21                      12
================================================================================
[2025-07-03T03:56:16.535+0000] {manager.py:997} INFO - 
================================================================================
DAG File Processing Stats

File Path                                  PID    Runtime      # DAGs    # Errors  Last Runtime    Last Run               Last # of DB Queries
-----------------------------------------  -----  ---------  --------  ----------  --------------  -------------------  ----------------------
/opt/airflow/dags/driven_data_pipeline.py                           1           0  0.75s           2025-07-03T03:55:52                      12
================================================================================
[2025-07-03T03:56:34.249+0000] {manager.py:465} INFO - Exiting gracefully upon receiving signal 15
[2025-07-03T04:01:21.044+0000] {manager.py:483} INFO - Processing files using up to 2 processes at a time 
[2025-07-03T04:01:21.047+0000] {manager.py:484} INFO - Process each file at most once every 30 seconds
[2025-07-03T04:01:21.048+0000] {manager.py:485} INFO - Checking for new files in /opt/airflow/dags every 300 seconds
[2025-07-03T04:01:21.050+0000] {manager.py:821} INFO - Searching for files in /opt/airflow/dags
[2025-07-03T04:01:21.122+0000] {manager.py:824} INFO - There are 1 files in /opt/airflow/dags
[2025-07-03T04:01:21.691+0000] {manager.py:997} INFO - 
================================================================================
DAG File Processing Stats

File Path                                    PID  Runtime      # DAGs    # Errors  Last Runtime    Last Run      Last # of DB Queries
-----------------------------------------  -----  ---------  --------  ----------  --------------  ----------  ----------------------
/opt/airflow/dags/driven_data_pipeline.py     95  0.13s             0           0                                                   0
================================================================================
[2025-07-03T04:01:52.712+0000] {manager.py:997} INFO - 
================================================================================
DAG File Processing Stats

File Path                                  PID    Runtime      # DAGs    # Errors  Last Runtime    Last Run               Last # of DB Queries
-----------------------------------------  -----  ---------  --------  ----------  --------------  -------------------  ----------------------
/opt/airflow/dags/driven_data_pipeline.py                           1           0  2.25s           2025-07-03T04:01:23                      45
================================================================================
[2025-07-03T04:02:23.774+0000] {manager.py:997} INFO - 
================================================================================
DAG File Processing Stats

File Path                                  PID    Runtime      # DAGs    # Errors  Last Runtime    Last Run               Last # of DB Queries
-----------------------------------------  -----  ---------  --------  ----------  --------------  -------------------  ----------------------
/opt/airflow/dags/driven_data_pipeline.py                           1           0  2.21s           2025-07-03T04:01:56                      12
================================================================================
[2025-07-03T04:02:54.973+0000] {manager.py:997} INFO - 
================================================================================
DAG File Processing Stats

File Path                                  PID    Runtime      # DAGs    # Errors  Last Runtime    Last Run               Last # of DB Queries
-----------------------------------------  -----  ---------  --------  ----------  --------------  -------------------  ----------------------
/opt/airflow/dags/driven_data_pipeline.py                           1           0  1.25s           2025-07-03T04:02:29                      12
================================================================================
[2025-07-03T04:03:25.863+0000] {manager.py:997} INFO - 
================================================================================
DAG File Processing Stats

File Path                                  PID    Runtime      # DAGs    # Errors  Last Runtime    Last Run               Last # of DB Queries
-----------------------------------------  -----  ---------  --------  ----------  --------------  -------------------  ----------------------
/opt/airflow/dags/driven_data_pipeline.py                           1           0  5.75s           2025-07-03T04:03:04                      12
================================================================================
[2025-07-03T04:03:56.845+0000] {manager.py:997} INFO - 
================================================================================
DAG File Processing Stats

File Path                                  PID    Runtime      # DAGs    # Errors  Last Runtime    Last Run               Last # of DB Queries
-----------------------------------------  -----  ---------  --------  ----------  --------------  -------------------  ----------------------
/opt/airflow/dags/driven_data_pipeline.py                           1           0  1.29s           2025-07-03T04:03:36                      12
================================================================================
[2025-07-03T04:04:28.065+0000] {manager.py:997} INFO - 
================================================================================
DAG File Processing Stats

File Path                                  PID    Runtime      # DAGs    # Errors  Last Runtime    Last Run               Last # of DB Queries
-----------------------------------------  -----  ---------  --------  ----------  --------------  -------------------  ----------------------
/opt/airflow/dags/driven_data_pipeline.py                           1           0  1.44s           2025-07-03T04:04:08                      12
================================================================================
[2025-07-03T04:04:59.219+0000] {manager.py:997} INFO - 
================================================================================
DAG File Processing Stats

File Path                                  PID    Runtime      # DAGs    # Errors  Last Runtime    Last Run               Last # of DB Queries
-----------------------------------------  -----  ---------  --------  ----------  --------------  -------------------  ----------------------
/opt/airflow/dags/driven_data_pipeline.py                           1           0  1.37s           2025-07-03T04:04:40                      12
================================================================================
[2025-07-03T04:05:30.203+0000] {manager.py:997} INFO - 
================================================================================
DAG File Processing Stats

File Path                                  PID    Runtime      # DAGs    # Errors  Last Runtime    Last Run               Last # of DB Queries
-----------------------------------------  -----  ---------  --------  ----------  --------------  -------------------  ----------------------
/opt/airflow/dags/driven_data_pipeline.py                           1           0  1.15s           2025-07-03T04:05:12                      12
================================================================================
[2025-07-03T04:06:01.294+0000] {manager.py:997} INFO - 
================================================================================
DAG File Processing Stats

File Path                                  PID    Runtime      # DAGs    # Errors  Last Runtime    Last Run               Last # of DB Queries
-----------------------------------------  -----  ---------  --------  ----------  --------------  -------------------  ----------------------
/opt/airflow/dags/driven_data_pipeline.py                           1           0  1.06s           2025-07-03T04:05:44                      12
================================================================================
[2025-07-03T04:06:21.557+0000] {manager.py:821} INFO - Searching for files in /opt/airflow/dags
[2025-07-03T04:06:21.618+0000] {manager.py:824} INFO - There are 1 files in /opt/airflow/dags
[2025-07-03T04:06:32.404+0000] {manager.py:997} INFO - 
================================================================================
DAG File Processing Stats

File Path                                  PID    Runtime      # DAGs    # Errors  Last Runtime    Last Run               Last # of DB Queries
-----------------------------------------  -----  ---------  --------  ----------  --------------  -------------------  ----------------------
/opt/airflow/dags/driven_data_pipeline.py                           1           0  1.03s           2025-07-03T04:06:15                      12
================================================================================
[2025-07-03T04:07:03.559+0000] {manager.py:997} INFO - 
================================================================================
DAG File Processing Stats

File Path                                  PID    Runtime      # DAGs    # Errors  Last Runtime    Last Run               Last # of DB Queries
-----------------------------------------  -----  ---------  --------  ----------  --------------  -------------------  ----------------------
/opt/airflow/dags/driven_data_pipeline.py                           1           0  3.54s           2025-07-03T04:06:49                      12
================================================================================
[2025-07-03T04:07:34.509+0000] {manager.py:997} INFO - 
================================================================================
DAG File Processing Stats

File Path                                  PID    Runtime      # DAGs    # Errors  Last Runtime    Last Run               Last # of DB Queries
-----------------------------------------  -----  ---------  --------  ----------  --------------  -------------------  ----------------------
/opt/airflow/dags/driven_data_pipeline.py                           1           0  1.74s           2025-07-03T04:07:20                      12
================================================================================
[2025-07-03T04:08:05.522+0000] {manager.py:997} INFO - 
================================================================================
DAG File Processing Stats

File Path                                  PID    Runtime      # DAGs    # Errors  Last Runtime    Last Run               Last # of DB Queries
-----------------------------------------  -----  ---------  --------  ----------  --------------  -------------------  ----------------------
/opt/airflow/dags/driven_data_pipeline.py                           1           0  1.04s           2025-07-03T04:07:52                      12
================================================================================
[2025-07-03T04:08:36.587+0000] {manager.py:997} INFO - 
================================================================================
DAG File Processing Stats

File Path                                  PID    Runtime      # DAGs    # Errors  Last Runtime    Last Run               Last # of DB Queries
-----------------------------------------  -----  ---------  --------  ----------  --------------  -------------------  ----------------------
/opt/airflow/dags/driven_data_pipeline.py                           1           0  1.32s           2025-07-03T04:08:25                      12
================================================================================
[2025-07-03T04:09:06.608+0000] {manager.py:997} INFO - 
================================================================================
DAG File Processing Stats

File Path                                  PID    Runtime      # DAGs    # Errors  Last Runtime    Last Run               Last # of DB Queries
-----------------------------------------  -----  ---------  --------  ----------  --------------  -------------------  ----------------------
/opt/airflow/dags/driven_data_pipeline.py                           1           0  1.71s           2025-07-03T04:08:57                      12
================================================================================
[2025-07-03T04:09:37.735+0000] {manager.py:997} INFO - 
================================================================================
DAG File Processing Stats

File Path                                  PID    Runtime      # DAGs    # Errors  Last Runtime    Last Run               Last # of DB Queries
-----------------------------------------  -----  ---------  --------  ----------  --------------  -------------------  ----------------------
/opt/airflow/dags/driven_data_pipeline.py                           1           0  1.32s           2025-07-03T04:09:28                      12
================================================================================
[2025-07-03T04:16:28.921+0000] {manager.py:483} INFO - Processing files using up to 2 processes at a time 
[2025-07-03T04:16:28.922+0000] {manager.py:484} INFO - Process each file at most once every 30 seconds
[2025-07-03T04:16:28.926+0000] {manager.py:485} INFO - Checking for new files in /opt/airflow/dags every 300 seconds
[2025-07-03T04:16:28.927+0000] {manager.py:821} INFO - Searching for files in /opt/airflow/dags
[2025-07-03T04:16:29.064+0000] {manager.py:824} INFO - There are 1 files in /opt/airflow/dags
[2025-07-03T04:16:29.271+0000] {manager.py:997} INFO - 
================================================================================
DAG File Processing Stats

File Path                                    PID  Runtime      # DAGs    # Errors  Last Runtime    Last Run      Last # of DB Queries
-----------------------------------------  -----  ---------  --------  ----------  --------------  ----------  ----------------------
/opt/airflow/dags/driven_data_pipeline.py     98  0.04s             0           0                                                   0
================================================================================
[2025-07-03T04:16:59.371+0000] {manager.py:997} INFO - 
================================================================================
DAG File Processing Stats

File Path                                  PID    Runtime      # DAGs    # Errors  Last Runtime    Last Run               Last # of DB Queries
-----------------------------------------  -----  ---------  --------  ----------  --------------  -------------------  ----------------------
/opt/airflow/dags/driven_data_pipeline.py                           1           0  0.95s           2025-07-03T04:16:30                      45
================================================================================
[2025-07-03T04:17:29.416+0000] {manager.py:997} INFO - 
================================================================================
DAG File Processing Stats

File Path                                  PID    Runtime      # DAGs    # Errors  Last Runtime    Last Run               Last # of DB Queries
-----------------------------------------  -----  ---------  --------  ----------  --------------  -------------------  ----------------------
/opt/airflow/dags/driven_data_pipeline.py                           1           0  0.86s           2025-07-03T04:17:01                      12
================================================================================
[2025-07-03T04:17:59.782+0000] {manager.py:997} INFO - 
================================================================================
DAG File Processing Stats

File Path                                  PID    Runtime      # DAGs    # Errors  Last Runtime    Last Run               Last # of DB Queries
-----------------------------------------  -----  ---------  --------  ----------  --------------  -------------------  ----------------------
/opt/airflow/dags/driven_data_pipeline.py                           1           0  0.57s           2025-07-03T04:17:32                      12
================================================================================
[2025-07-03T04:18:29.897+0000] {manager.py:997} INFO - 
================================================================================
DAG File Processing Stats

File Path                                  PID    Runtime      # DAGs    # Errors  Last Runtime    Last Run               Last # of DB Queries
-----------------------------------------  -----  ---------  --------  ----------  --------------  -------------------  ----------------------
/opt/airflow/dags/driven_data_pipeline.py                           1           0  0.54s           2025-07-03T04:18:02                      12
================================================================================
[2025-07-03T04:19:00.572+0000] {manager.py:997} INFO - 
================================================================================
DAG File Processing Stats

File Path                                  PID    Runtime      # DAGs    # Errors  Last Runtime    Last Run               Last # of DB Queries
-----------------------------------------  -----  ---------  --------  ----------  --------------  -------------------  ----------------------
/opt/airflow/dags/driven_data_pipeline.py                           1           0  0.63s           2025-07-03T04:18:33                      12
================================================================================
[2025-07-03T04:19:30.885+0000] {manager.py:997} INFO - 
================================================================================
DAG File Processing Stats

File Path                                  PID    Runtime      # DAGs    # Errors  Last Runtime    Last Run               Last # of DB Queries
-----------------------------------------  -----  ---------  --------  ----------  --------------  -------------------  ----------------------
/opt/airflow/dags/driven_data_pipeline.py                           1           0  0.49s           2025-07-03T04:19:04                      12
================================================================================
[2025-07-03T04:20:01.061+0000] {manager.py:997} INFO - 
================================================================================
DAG File Processing Stats

File Path                                  PID    Runtime      # DAGs    # Errors  Last Runtime    Last Run               Last # of DB Queries
-----------------------------------------  -----  ---------  --------  ----------  --------------  -------------------  ----------------------
/opt/airflow/dags/driven_data_pipeline.py                           1           0  1.61s           2025-07-03T04:19:35                      12
================================================================================
[2025-07-03T04:20:31.287+0000] {manager.py:997} INFO - 
================================================================================
DAG File Processing Stats

File Path                                  PID    Runtime      # DAGs    # Errors  Last Runtime    Last Run               Last # of DB Queries
-----------------------------------------  -----  ---------  --------  ----------  --------------  -------------------  ----------------------
/opt/airflow/dags/driven_data_pipeline.py                           1           0  1.15s           2025-07-03T04:20:07                      12
================================================================================
[2025-07-03T04:21:01.605+0000] {manager.py:997} INFO - 
================================================================================
DAG File Processing Stats

File Path                                  PID    Runtime      # DAGs    # Errors  Last Runtime    Last Run               Last # of DB Queries
-----------------------------------------  -----  ---------  --------  ----------  --------------  -------------------  ----------------------
/opt/airflow/dags/driven_data_pipeline.py                           1           0  0.49s           2025-07-03T04:20:37                      12
================================================================================
[2025-07-03T04:21:29.357+0000] {manager.py:821} INFO - Searching for files in /opt/airflow/dags
[2025-07-03T04:21:29.375+0000] {manager.py:824} INFO - There are 1 files in /opt/airflow/dags
[2025-07-03T04:21:31.679+0000] {manager.py:997} INFO - 
================================================================================
DAG File Processing Stats

File Path                                  PID    Runtime      # DAGs    # Errors  Last Runtime    Last Run               Last # of DB Queries
-----------------------------------------  -----  ---------  --------  ----------  --------------  -------------------  ----------------------
/opt/airflow/dags/driven_data_pipeline.py                           1           0  0.32s           2025-07-03T04:21:08                      12
================================================================================
[2025-07-03T04:22:01.895+0000] {manager.py:997} INFO - 
================================================================================
DAG File Processing Stats

File Path                                  PID    Runtime      # DAGs    # Errors  Last Runtime    Last Run               Last # of DB Queries
-----------------------------------------  -----  ---------  --------  ----------  --------------  -------------------  ----------------------
/opt/airflow/dags/driven_data_pipeline.py                           1           0  0.46s           2025-07-03T04:21:39                      12
================================================================================
[2025-07-03T04:22:32.600+0000] {manager.py:997} INFO - 
================================================================================
DAG File Processing Stats

File Path                                  PID    Runtime      # DAGs    # Errors  Last Runtime    Last Run               Last # of DB Queries
-----------------------------------------  -----  ---------  --------  ----------  --------------  -------------------  ----------------------
/opt/airflow/dags/driven_data_pipeline.py                           1           0  0.29s           2025-07-03T04:22:09                      12
================================================================================
[2025-07-03T04:23:03.043+0000] {manager.py:997} INFO - 
================================================================================
DAG File Processing Stats

File Path                                  PID    Runtime      # DAGs    # Errors  Last Runtime    Last Run               Last # of DB Queries
-----------------------------------------  -----  ---------  --------  ----------  --------------  -------------------  ----------------------
/opt/airflow/dags/driven_data_pipeline.py                           1           0  0.33s           2025-07-03T04:22:40                      12
================================================================================
[2025-07-03T04:23:33.552+0000] {manager.py:997} INFO - 
================================================================================
DAG File Processing Stats

File Path                                  PID    Runtime      # DAGs    # Errors  Last Runtime    Last Run               Last # of DB Queries
-----------------------------------------  -----  ---------  --------  ----------  --------------  -------------------  ----------------------
/opt/airflow/dags/driven_data_pipeline.py                           1           0  0.31s           2025-07-03T04:23:10                      12
================================================================================
[2025-07-03T04:24:04.050+0000] {manager.py:997} INFO - 
================================================================================
DAG File Processing Stats

File Path                                  PID    Runtime      # DAGs    # Errors  Last Runtime    Last Run               Last # of DB Queries
-----------------------------------------  -----  ---------  --------  ----------  --------------  -------------------  ----------------------
/opt/airflow/dags/driven_data_pipeline.py                           1           0  0.31s           2025-07-03T04:23:41                      12
================================================================================
[2025-07-03T04:24:34.541+0000] {manager.py:997} INFO - 
================================================================================
DAG File Processing Stats

File Path                                  PID    Runtime      # DAGs    # Errors  Last Runtime    Last Run               Last # of DB Queries
-----------------------------------------  -----  ---------  --------  ----------  --------------  -------------------  ----------------------
/opt/airflow/dags/driven_data_pipeline.py                           1           0  0.31s           2025-07-03T04:24:11                      12
================================================================================
[2025-07-03T04:25:05.020+0000] {manager.py:997} INFO - 
================================================================================
DAG File Processing Stats

File Path                                  PID    Runtime      # DAGs    # Errors  Last Runtime    Last Run               Last # of DB Queries
-----------------------------------------  -----  ---------  --------  ----------  --------------  -------------------  ----------------------
/opt/airflow/dags/driven_data_pipeline.py                           1           0  0.30s           2025-07-03T04:24:42                      12
================================================================================
[2025-07-03T04:25:35.518+0000] {manager.py:997} INFO - 
================================================================================
DAG File Processing Stats

File Path                                  PID    Runtime      # DAGs    # Errors  Last Runtime    Last Run               Last # of DB Queries
-----------------------------------------  -----  ---------  --------  ----------  --------------  -------------------  ----------------------
/opt/airflow/dags/driven_data_pipeline.py                           1           0  0.29s           2025-07-03T04:25:12                      12
================================================================================
[2025-07-03T04:26:06.019+0000] {manager.py:997} INFO - 
================================================================================
DAG File Processing Stats

File Path                                  PID    Runtime      # DAGs    # Errors  Last Runtime    Last Run               Last # of DB Queries
-----------------------------------------  -----  ---------  --------  ----------  --------------  -------------------  ----------------------
/opt/airflow/dags/driven_data_pipeline.py                           1           0  0.28s           2025-07-03T04:25:43                      12
================================================================================
[2025-07-03T04:26:29.422+0000] {manager.py:821} INFO - Searching for files in /opt/airflow/dags
[2025-07-03T04:26:29.439+0000] {manager.py:824} INFO - There are 1 files in /opt/airflow/dags
[2025-07-03T04:26:36.490+0000] {manager.py:997} INFO - 
================================================================================
DAG File Processing Stats

File Path                                  PID    Runtime      # DAGs    # Errors  Last Runtime    Last Run               Last # of DB Queries
-----------------------------------------  -----  ---------  --------  ----------  --------------  -------------------  ----------------------
/opt/airflow/dags/driven_data_pipeline.py                           1           0  0.27s           2025-07-03T04:26:13                      12
================================================================================
[2025-07-03T04:27:06.935+0000] {manager.py:997} INFO - 
================================================================================
DAG File Processing Stats

File Path                                  PID    Runtime      # DAGs    # Errors  Last Runtime    Last Run               Last # of DB Queries
-----------------------------------------  -----  ---------  --------  ----------  --------------  -------------------  ----------------------
/opt/airflow/dags/driven_data_pipeline.py                           1           0  0.31s           2025-07-03T04:26:44                      12
================================================================================
[2025-07-03T04:27:37.415+0000] {manager.py:997} INFO - 
================================================================================
DAG File Processing Stats

File Path                                  PID    Runtime      # DAGs    # Errors  Last Runtime    Last Run               Last # of DB Queries
-----------------------------------------  -----  ---------  --------  ----------  --------------  -------------------  ----------------------
/opt/airflow/dags/driven_data_pipeline.py                           1           0  0.42s           2025-07-03T04:27:14                      12
================================================================================
[2025-07-03T04:28:08.132+0000] {manager.py:997} INFO - 
================================================================================
DAG File Processing Stats

File Path                                  PID    Runtime      # DAGs    # Errors  Last Runtime    Last Run               Last # of DB Queries
-----------------------------------------  -----  ---------  --------  ----------  --------------  -------------------  ----------------------
/opt/airflow/dags/driven_data_pipeline.py                           1           0  0.33s           2025-07-03T04:27:45                      12
================================================================================
[2025-07-03T04:28:38.603+0000] {manager.py:997} INFO - 
================================================================================
DAG File Processing Stats

File Path                                  PID    Runtime      # DAGs    # Errors  Last Runtime    Last Run               Last # of DB Queries
-----------------------------------------  -----  ---------  --------  ----------  --------------  -------------------  ----------------------
/opt/airflow/dags/driven_data_pipeline.py                           1           0  0.34s           2025-07-03T04:28:15                      12
================================================================================
[2025-07-03T04:29:08.752+0000] {manager.py:997} INFO - 
================================================================================
DAG File Processing Stats

File Path                                  PID    Runtime      # DAGs    # Errors  Last Runtime    Last Run               Last # of DB Queries
-----------------------------------------  -----  ---------  --------  ----------  --------------  -------------------  ----------------------
/opt/airflow/dags/driven_data_pipeline.py                           1           0  1.62s           2025-07-03T04:28:47                      12
================================================================================
[2025-07-03T04:29:38.949+0000] {manager.py:997} INFO - 
================================================================================
DAG File Processing Stats

File Path                                  PID    Runtime      # DAGs    # Errors  Last Runtime    Last Run               Last # of DB Queries
-----------------------------------------  -----  ---------  --------  ----------  --------------  -------------------  ----------------------
/opt/airflow/dags/driven_data_pipeline.py                           1           0  0.35s           2025-07-03T04:29:18                      12
================================================================================
[2025-07-03T04:30:09.070+0000] {manager.py:997} INFO - 
================================================================================
DAG File Processing Stats

File Path                                  PID    Runtime      # DAGs    # Errors  Last Runtime    Last Run               Last # of DB Queries
-----------------------------------------  -----  ---------  --------  ----------  --------------  -------------------  ----------------------
/opt/airflow/dags/driven_data_pipeline.py                           1           0  0.58s           2025-07-03T04:29:48                      12
================================================================================
[2025-07-03T04:30:39.677+0000] {manager.py:997} INFO - 
================================================================================
DAG File Processing Stats

File Path                                  PID    Runtime      # DAGs    # Errors  Last Runtime    Last Run               Last # of DB Queries
-----------------------------------------  -----  ---------  --------  ----------  --------------  -------------------  ----------------------
/opt/airflow/dags/driven_data_pipeline.py                           1           0  0.50s           2025-07-03T04:30:19                      12
================================================================================
[2025-07-03T04:31:09.939+0000] {manager.py:997} INFO - 
================================================================================
DAG File Processing Stats

File Path                                  PID    Runtime      # DAGs    # Errors  Last Runtime    Last Run               Last # of DB Queries
-----------------------------------------  -----  ---------  --------  ----------  --------------  -------------------  ----------------------
/opt/airflow/dags/driven_data_pipeline.py                           1           0  0.57s           2025-07-03T04:30:50                      12
================================================================================
[2025-07-03T04:31:30.066+0000] {manager.py:821} INFO - Searching for files in /opt/airflow/dags
[2025-07-03T04:31:30.086+0000] {manager.py:824} INFO - There are 1 files in /opt/airflow/dags
[2025-07-03T04:31:40.165+0000] {manager.py:997} INFO - 
================================================================================
DAG File Processing Stats

File Path                                  PID    Runtime      # DAGs    # Errors  Last Runtime    Last Run               Last # of DB Queries
-----------------------------------------  -----  ---------  --------  ----------  --------------  -------------------  ----------------------
/opt/airflow/dags/driven_data_pipeline.py                           1           0  0.71s           2025-07-03T04:31:21                      12
================================================================================
[2025-07-03T04:32:10.527+0000] {manager.py:997} INFO - 
================================================================================
DAG File Processing Stats

File Path                                  PID    Runtime      # DAGs    # Errors  Last Runtime    Last Run               Last # of DB Queries
-----------------------------------------  -----  ---------  --------  ----------  --------------  -------------------  ----------------------
/opt/airflow/dags/driven_data_pipeline.py                           1           0  0.51s           2025-07-03T04:31:51                      12
================================================================================
[2025-07-03T04:32:40.680+0000] {manager.py:997} INFO - 
================================================================================
DAG File Processing Stats

File Path                                  PID    Runtime      # DAGs    # Errors  Last Runtime    Last Run               Last # of DB Queries
-----------------------------------------  -----  ---------  --------  ----------  --------------  -------------------  ----------------------
/opt/airflow/dags/driven_data_pipeline.py                           1           0  0.61s           2025-07-03T04:32:22                      12
================================================================================
[2025-07-03T04:33:11.254+0000] {manager.py:997} INFO - 
================================================================================
DAG File Processing Stats

File Path                                  PID    Runtime      # DAGs    # Errors  Last Runtime    Last Run               Last # of DB Queries
-----------------------------------------  -----  ---------  --------  ----------  --------------  -------------------  ----------------------
/opt/airflow/dags/driven_data_pipeline.py                           1           0  0.64s           2025-07-03T04:32:53                      12
================================================================================
[2025-07-03T04:33:41.720+0000] {manager.py:997} INFO - 
================================================================================
DAG File Processing Stats

File Path                                  PID    Runtime      # DAGs    # Errors  Last Runtime    Last Run               Last # of DB Queries
-----------------------------------------  -----  ---------  --------  ----------  --------------  -------------------  ----------------------
/opt/airflow/dags/driven_data_pipeline.py                           1           0  0.40s           2025-07-03T04:33:23                      12
================================================================================
[2025-07-03T04:34:11.925+0000] {manager.py:997} INFO - 
================================================================================
DAG File Processing Stats

File Path                                  PID    Runtime      # DAGs    # Errors  Last Runtime    Last Run               Last # of DB Queries
-----------------------------------------  -----  ---------  --------  ----------  --------------  -------------------  ----------------------
/opt/airflow/dags/driven_data_pipeline.py                           1           0  0.62s           2025-07-03T04:33:54                      12
================================================================================
[2025-07-03T04:34:42.124+0000] {manager.py:997} INFO - 
================================================================================
DAG File Processing Stats

File Path                                  PID    Runtime      # DAGs    # Errors  Last Runtime    Last Run               Last # of DB Queries
-----------------------------------------  -----  ---------  --------  ----------  --------------  -------------------  ----------------------
/opt/airflow/dags/driven_data_pipeline.py                           1           0  0.50s           2025-07-03T04:34:25                      12
================================================================================
[2025-07-03T04:35:12.279+0000] {manager.py:997} INFO - 
================================================================================
DAG File Processing Stats

File Path                                  PID    Runtime      # DAGs    # Errors  Last Runtime    Last Run               Last # of DB Queries
-----------------------------------------  -----  ---------  --------  ----------  --------------  -------------------  ----------------------
/opt/airflow/dags/driven_data_pipeline.py                           1           0  0.41s           2025-07-03T04:34:56                      12
================================================================================
[2025-07-03T04:35:42.480+0000] {manager.py:997} INFO - 
================================================================================
DAG File Processing Stats

File Path                                  PID    Runtime      # DAGs    # Errors  Last Runtime    Last Run               Last # of DB Queries
-----------------------------------------  -----  ---------  --------  ----------  --------------  -------------------  ----------------------
/opt/airflow/dags/driven_data_pipeline.py                           1           0  0.51s           2025-07-03T04:35:26                      12
================================================================================
[2025-07-03T04:36:12.656+0000] {manager.py:997} INFO - 
================================================================================
DAG File Processing Stats

File Path                                  PID    Runtime      # DAGs    # Errors  Last Runtime    Last Run               Last # of DB Queries
-----------------------------------------  -----  ---------  --------  ----------  --------------  -------------------  ----------------------
/opt/airflow/dags/driven_data_pipeline.py                           1           0  0.58s           2025-07-03T04:35:57                      12
================================================================================
[2025-07-03T04:36:30.199+0000] {manager.py:821} INFO - Searching for files in /opt/airflow/dags
[2025-07-03T04:36:30.218+0000] {manager.py:824} INFO - There are 1 files in /opt/airflow/dags
[2025-07-03T04:36:42.952+0000] {manager.py:997} INFO - 
================================================================================
DAG File Processing Stats

File Path                                  PID    Runtime      # DAGs    # Errors  Last Runtime    Last Run               Last # of DB Queries
-----------------------------------------  -----  ---------  --------  ----------  --------------  -------------------  ----------------------
/opt/airflow/dags/driven_data_pipeline.py                           1           0  0.42s           2025-07-03T04:36:28                      12
================================================================================
[2025-07-03T04:37:12.992+0000] {manager.py:997} INFO - 
================================================================================
DAG File Processing Stats

File Path                                  PID    Runtime      # DAGs    # Errors  Last Runtime    Last Run               Last # of DB Queries
-----------------------------------------  -----  ---------  --------  ----------  --------------  -------------------  ----------------------
/opt/airflow/dags/driven_data_pipeline.py                           1           0  0.50s           2025-07-03T04:36:58                      12
================================================================================
[2025-07-03T04:37:43.201+0000] {manager.py:997} INFO - 
================================================================================
DAG File Processing Stats

File Path                                  PID    Runtime      # DAGs    # Errors  Last Runtime    Last Run               Last # of DB Queries
-----------------------------------------  -----  ---------  --------  ----------  --------------  -------------------  ----------------------
/opt/airflow/dags/driven_data_pipeline.py                           1           0  0.48s           2025-07-03T04:37:29                      12
================================================================================
[2025-07-03T04:38:13.400+0000] {manager.py:997} INFO - 
================================================================================
DAG File Processing Stats

File Path                                  PID    Runtime      # DAGs    # Errors  Last Runtime    Last Run               Last # of DB Queries
-----------------------------------------  -----  ---------  --------  ----------  --------------  -------------------  ----------------------
/opt/airflow/dags/driven_data_pipeline.py                           1           0  0.57s           2025-07-03T04:38:00                      12
================================================================================
[2025-07-03T04:38:43.608+0000] {manager.py:997} INFO - 
================================================================================
DAG File Processing Stats

File Path                                  PID    Runtime      # DAGs    # Errors  Last Runtime    Last Run               Last # of DB Queries
-----------------------------------------  -----  ---------  --------  ----------  --------------  -------------------  ----------------------
/opt/airflow/dags/driven_data_pipeline.py                           1           0  0.31s           2025-07-03T04:38:30                      12
================================================================================
[2025-07-03T04:39:14.061+0000] {manager.py:997} INFO - 
================================================================================
DAG File Processing Stats

File Path                                  PID    Runtime      # DAGs    # Errors  Last Runtime    Last Run               Last # of DB Queries
-----------------------------------------  -----  ---------  --------  ----------  --------------  -------------------  ----------------------
/opt/airflow/dags/driven_data_pipeline.py                           1           0  0.54s           2025-07-03T04:39:01                      12
================================================================================
[2025-07-03T04:39:44.252+0000] {manager.py:997} INFO - 
================================================================================
DAG File Processing Stats

File Path                                  PID    Runtime      # DAGs    # Errors  Last Runtime    Last Run               Last # of DB Queries
-----------------------------------------  -----  ---------  --------  ----------  --------------  -------------------  ----------------------
/opt/airflow/dags/driven_data_pipeline.py                           1           0  0.49s           2025-07-03T04:39:32                      12
================================================================================
[2025-07-03T04:40:14.479+0000] {manager.py:997} INFO - 
================================================================================
DAG File Processing Stats

File Path                                  PID    Runtime      # DAGs    # Errors  Last Runtime    Last Run               Last # of DB Queries
-----------------------------------------  -----  ---------  --------  ----------  --------------  -------------------  ----------------------
/opt/airflow/dags/driven_data_pipeline.py                           1           0  0.60s           2025-07-03T04:40:02                      12
================================================================================
[2025-07-03T04:40:44.665+0000] {manager.py:997} INFO - 
================================================================================
DAG File Processing Stats

File Path                                  PID    Runtime      # DAGs    # Errors  Last Runtime    Last Run               Last # of DB Queries
-----------------------------------------  -----  ---------  --------  ----------  --------------  -------------------  ----------------------
/opt/airflow/dags/driven_data_pipeline.py                           1           0  0.46s           2025-07-03T04:40:33                      12
================================================================================
[2025-07-03T04:41:14.904+0000] {manager.py:997} INFO - 
================================================================================
DAG File Processing Stats

File Path                                  PID    Runtime      # DAGs    # Errors  Last Runtime    Last Run               Last # of DB Queries
-----------------------------------------  -----  ---------  --------  ----------  --------------  -------------------  ----------------------
/opt/airflow/dags/driven_data_pipeline.py                           1           0  0.60s           2025-07-03T04:41:04                      12
================================================================================
[2025-07-03T04:41:30.608+0000] {manager.py:821} INFO - Searching for files in /opt/airflow/dags
[2025-07-03T04:41:30.626+0000] {manager.py:824} INFO - There are 1 files in /opt/airflow/dags
[2025-07-03T04:41:45.128+0000] {manager.py:997} INFO - 
================================================================================
DAG File Processing Stats

File Path                                  PID    Runtime      # DAGs    # Errors  Last Runtime    Last Run               Last # of DB Queries
-----------------------------------------  -----  ---------  --------  ----------  --------------  -------------------  ----------------------
/opt/airflow/dags/driven_data_pipeline.py                           1           0  0.82s           2025-07-03T04:41:35                      12
================================================================================
[2025-07-03T04:43:00.743+0000] {manager.py:1366} ERROR - Processor for /opt/airflow/dags/driven_data_pipeline.py with PID 543 started at 2025-07-03T04:42:06.417148+00:00 has timed out, killing it.
[2025-07-03T04:43:00.773+0000] {manager.py:997} INFO - 
================================================================================
DAG File Processing Stats

File Path                                  PID    Runtime      # DAGs    # Errors  Last Runtime    Last Run               Last # of DB Queries
-----------------------------------------  -----  ---------  --------  ----------  --------------  -------------------  ----------------------
/opt/airflow/dags/driven_data_pipeline.py                           0           1  54.33s          2025-07-03T04:43:00                       0
================================================================================
[2025-07-03T04:43:31.015+0000] {manager.py:997} INFO - 
================================================================================
DAG File Processing Stats

File Path                                    PID  Runtime      # DAGs    # Errors  Last Runtime    Last Run               Last # of DB Queries
-----------------------------------------  -----  ---------  --------  ----------  --------------  -------------------  ----------------------
/opt/airflow/dags/driven_data_pipeline.py    558  0.01s             0           1  54.33s          2025-07-03T04:43:00                       0
================================================================================
[2025-07-03T04:44:01.200+0000] {manager.py:997} INFO - 
================================================================================
DAG File Processing Stats

File Path                                  PID    Runtime      # DAGs    # Errors  Last Runtime    Last Run               Last # of DB Queries
-----------------------------------------  -----  ---------  --------  ----------  --------------  -------------------  ----------------------
/opt/airflow/dags/driven_data_pipeline.py                           1           0  1.80s           2025-07-03T04:43:32                      34
================================================================================
[2025-07-03T04:44:31.391+0000] {manager.py:997} INFO - 
================================================================================
DAG File Processing Stats

File Path                                  PID    Runtime      # DAGs    # Errors  Last Runtime    Last Run               Last # of DB Queries
-----------------------------------------  -----  ---------  --------  ----------  --------------  -------------------  ----------------------
/opt/airflow/dags/driven_data_pipeline.py                           1           0  0.44s           2025-07-03T04:44:03                      12
================================================================================
[2025-07-03T04:45:01.807+0000] {manager.py:997} INFO - 
================================================================================
DAG File Processing Stats

File Path                                  PID    Runtime      # DAGs    # Errors  Last Runtime    Last Run               Last # of DB Queries
-----------------------------------------  -----  ---------  --------  ----------  --------------  -------------------  ----------------------
/opt/airflow/dags/driven_data_pipeline.py                           1           0  0.43s           2025-07-03T04:44:34                      12
================================================================================
[2025-07-03T04:45:32.424+0000] {manager.py:997} INFO - 
================================================================================
DAG File Processing Stats

File Path                                  PID    Runtime      # DAGs    # Errors  Last Runtime    Last Run               Last # of DB Queries
-----------------------------------------  -----  ---------  --------  ----------  --------------  -------------------  ----------------------
/opt/airflow/dags/driven_data_pipeline.py                           1           0  0.35s           2025-07-03T04:45:04                      12
================================================================================
[2025-07-03T04:46:02.530+0000] {manager.py:997} INFO - 
================================================================================
DAG File Processing Stats

File Path                                  PID    Runtime      # DAGs    # Errors  Last Runtime    Last Run               Last # of DB Queries
-----------------------------------------  -----  ---------  --------  ----------  --------------  -------------------  ----------------------
/opt/airflow/dags/driven_data_pipeline.py                           1           0  0.59s           2025-07-03T04:45:35                      12
================================================================================
[2025-07-03T04:46:30.752+0000] {manager.py:821} INFO - Searching for files in /opt/airflow/dags
[2025-07-03T04:46:30.772+0000] {manager.py:824} INFO - There are 1 files in /opt/airflow/dags
[2025-07-03T04:46:32.794+0000] {manager.py:997} INFO - 
================================================================================
DAG File Processing Stats

File Path                                  PID    Runtime      # DAGs    # Errors  Last Runtime    Last Run               Last # of DB Queries
-----------------------------------------  -----  ---------  --------  ----------  --------------  -------------------  ----------------------
/opt/airflow/dags/driven_data_pipeline.py                           1           0  0.33s           2025-07-03T04:46:05                      12
================================================================================
[2025-07-03T04:47:03.283+0000] {manager.py:997} INFO - 
================================================================================
DAG File Processing Stats

File Path                                  PID    Runtime      # DAGs    # Errors  Last Runtime    Last Run               Last # of DB Queries
-----------------------------------------  -----  ---------  --------  ----------  --------------  -------------------  ----------------------
/opt/airflow/dags/driven_data_pipeline.py                           1           0  0.43s           2025-07-03T04:46:36                      12
================================================================================
[2025-07-03T04:47:33.425+0000] {manager.py:997} INFO - 
================================================================================
DAG File Processing Stats

File Path                                  PID    Runtime      # DAGs    # Errors  Last Runtime    Last Run               Last # of DB Queries
-----------------------------------------  -----  ---------  --------  ----------  --------------  -------------------  ----------------------
/opt/airflow/dags/driven_data_pipeline.py                           1           0  0.51s           2025-07-03T04:47:07                      12
================================================================================
[2025-07-03T04:48:03.614+0000] {manager.py:997} INFO - 
================================================================================
DAG File Processing Stats

File Path                                  PID    Runtime      # DAGs    # Errors  Last Runtime    Last Run               Last # of DB Queries
-----------------------------------------  -----  ---------  --------  ----------  --------------  -------------------  ----------------------
/opt/airflow/dags/driven_data_pipeline.py                           1           0  0.46s           2025-07-03T04:47:37                      12
================================================================================
[2025-07-03T04:48:33.856+0000] {manager.py:997} INFO - 
================================================================================
DAG File Processing Stats

File Path                                  PID    Runtime      # DAGs    # Errors  Last Runtime    Last Run               Last # of DB Queries
-----------------------------------------  -----  ---------  --------  ----------  --------------  -------------------  ----------------------
/opt/airflow/dags/driven_data_pipeline.py                           1           0  0.64s           2025-07-03T04:48:08                      12
================================================================================
[2025-07-03T04:49:04.090+0000] {manager.py:997} INFO - 
================================================================================
DAG File Processing Stats

File Path                                  PID    Runtime      # DAGs    # Errors  Last Runtime    Last Run               Last # of DB Queries
-----------------------------------------  -----  ---------  --------  ----------  --------------  -------------------  ----------------------
/opt/airflow/dags/driven_data_pipeline.py                           1           0  0.40s           2025-07-03T04:48:39                      12
================================================================================
[2025-07-03T04:51:04.053+0000] {manager.py:483} INFO - Processing files using up to 2 processes at a time 
[2025-07-03T04:51:04.055+0000] {manager.py:484} INFO - Process each file at most once every 30 seconds
[2025-07-03T04:51:04.056+0000] {manager.py:485} INFO - Checking for new files in /opt/airflow/dags every 300 seconds
[2025-07-03T04:51:04.058+0000] {manager.py:821} INFO - Searching for files in /opt/airflow/dags
[2025-07-03T04:51:04.093+0000] {manager.py:824} INFO - There are 1 files in /opt/airflow/dags
[2025-07-03T04:51:04.367+0000] {manager.py:997} INFO - 
================================================================================
DAG File Processing Stats

File Path                                    PID  Runtime      # DAGs    # Errors  Last Runtime    Last Run      Last # of DB Queries
-----------------------------------------  -----  ---------  --------  ----------  --------------  ----------  ----------------------
/opt/airflow/dags/driven_data_pipeline.py     96  0.05s             0           0                                                   0
================================================================================
[2025-07-03T04:51:34.561+0000] {manager.py:997} INFO - 
================================================================================
DAG File Processing Stats

File Path                                  PID    Runtime      # DAGs    # Errors  Last Runtime    Last Run               Last # of DB Queries
-----------------------------------------  -----  ---------  --------  ----------  --------------  -------------------  ----------------------
/opt/airflow/dags/driven_data_pipeline.py                           1           0  1.20s           2025-07-03T04:51:05                      45
================================================================================
[2025-07-03T04:52:04.871+0000] {manager.py:997} INFO - 
================================================================================
DAG File Processing Stats

File Path                                  PID    Runtime      # DAGs    # Errors  Last Runtime    Last Run               Last # of DB Queries
-----------------------------------------  -----  ---------  --------  ----------  --------------  -------------------  ----------------------
/opt/airflow/dags/driven_data_pipeline.py                           1           0  1.46s           2025-07-03T04:51:37                      12
================================================================================
[2025-07-03T04:52:35.129+0000] {manager.py:997} INFO - 
================================================================================
DAG File Processing Stats

File Path                                  PID    Runtime      # DAGs    # Errors  Last Runtime    Last Run               Last # of DB Queries
-----------------------------------------  -----  ---------  --------  ----------  --------------  -------------------  ----------------------
/opt/airflow/dags/driven_data_pipeline.py                           1           0  0.70s           2025-07-03T04:52:07                      12
================================================================================
[2025-07-03T04:53:05.365+0000] {manager.py:997} INFO - 
================================================================================
DAG File Processing Stats

File Path                                  PID    Runtime      # DAGs    # Errors  Last Runtime    Last Run               Last # of DB Queries
-----------------------------------------  -----  ---------  --------  ----------  --------------  -------------------  ----------------------
/opt/airflow/dags/driven_data_pipeline.py                           1           0  1.09s           2025-07-03T04:52:39                      12
================================================================================
[2025-07-03T04:53:35.582+0000] {manager.py:997} INFO - 
================================================================================
DAG File Processing Stats

File Path                                  PID    Runtime      # DAGs    # Errors  Last Runtime    Last Run               Last # of DB Queries
-----------------------------------------  -----  ---------  --------  ----------  --------------  -------------------  ----------------------
/opt/airflow/dags/driven_data_pipeline.py                           1           0  0.47s           2025-07-03T04:53:09                      12
================================================================================
[2025-07-03T04:55:39.926+0000] {manager.py:483} INFO - Processing files using up to 2 processes at a time 
[2025-07-03T04:55:39.927+0000] {manager.py:484} INFO - Process each file at most once every 30 seconds
[2025-07-03T04:55:39.927+0000] {manager.py:485} INFO - Checking for new files in /opt/airflow/dags every 300 seconds
[2025-07-03T04:55:39.928+0000] {manager.py:821} INFO - Searching for files in /opt/airflow/dags
[2025-07-03T04:55:39.950+0000] {manager.py:824} INFO - There are 1 files in /opt/airflow/dags
[2025-07-03T04:55:40.158+0000] {manager.py:997} INFO - 
================================================================================
DAG File Processing Stats

File Path                                    PID  Runtime      # DAGs    # Errors  Last Runtime    Last Run      Last # of DB Queries
-----------------------------------------  -----  ---------  --------  ----------  --------------  ----------  ----------------------
/opt/airflow/dags/driven_data_pipeline.py     96  0.04s             0           0                                                   0
================================================================================
[2025-07-03T04:56:10.303+0000] {manager.py:997} INFO - 
================================================================================
DAG File Processing Stats

File Path                                  PID    Runtime      # DAGs    # Errors  Last Runtime    Last Run               Last # of DB Queries
-----------------------------------------  -----  ---------  --------  ----------  --------------  -------------------  ----------------------
/opt/airflow/dags/driven_data_pipeline.py                           1           0  0.98s           2025-07-03T04:55:41                      45
================================================================================
[2025-07-03T04:56:40.508+0000] {manager.py:997} INFO - 
================================================================================
DAG File Processing Stats

File Path                                  PID    Runtime      # DAGs    # Errors  Last Runtime    Last Run               Last # of DB Queries
-----------------------------------------  -----  ---------  --------  ----------  --------------  -------------------  ----------------------
/opt/airflow/dags/driven_data_pipeline.py                           1           0  1.64s           2025-07-03T04:56:12                      12
================================================================================
[2025-07-03T04:57:10.715+0000] {manager.py:997} INFO - 
================================================================================
DAG File Processing Stats

File Path                                  PID    Runtime      # DAGs    # Errors  Last Runtime    Last Run               Last # of DB Queries
-----------------------------------------  -----  ---------  --------  ----------  --------------  -------------------  ----------------------
/opt/airflow/dags/driven_data_pipeline.py                           1           0  0.68s           2025-07-03T04:56:43                      12
================================================================================
[2025-07-03T04:57:41.277+0000] {manager.py:997} INFO - 
================================================================================
DAG File Processing Stats

File Path                                  PID    Runtime      # DAGs    # Errors  Last Runtime    Last Run               Last # of DB Queries
-----------------------------------------  -----  ---------  --------  ----------  --------------  -------------------  ----------------------
/opt/airflow/dags/driven_data_pipeline.py                           1           0  1.26s           2025-07-03T04:57:15                      12
================================================================================
[2025-07-03T04:58:11.416+0000] {manager.py:997} INFO - 
================================================================================
DAG File Processing Stats

File Path                                  PID    Runtime      # DAGs    # Errors  Last Runtime    Last Run               Last # of DB Queries
-----------------------------------------  -----  ---------  --------  ----------  --------------  -------------------  ----------------------
/opt/airflow/dags/driven_data_pipeline.py                           1           0  0.70s           2025-07-03T04:57:46                      12
================================================================================
[2025-07-03T04:58:41.875+0000] {manager.py:997} INFO - 
================================================================================
DAG File Processing Stats

File Path                                  PID    Runtime      # DAGs    # Errors  Last Runtime    Last Run               Last # of DB Queries
-----------------------------------------  -----  ---------  --------  ----------  --------------  -------------------  ----------------------
/opt/airflow/dags/driven_data_pipeline.py                           1           0  0.54s           2025-07-03T04:58:16                      12
================================================================================
[2025-07-03T04:59:12.115+0000] {manager.py:997} INFO - 
================================================================================
DAG File Processing Stats

File Path                                  PID    Runtime      # DAGs    # Errors  Last Runtime    Last Run               Last # of DB Queries
-----------------------------------------  -----  ---------  --------  ----------  --------------  -------------------  ----------------------
/opt/airflow/dags/driven_data_pipeline.py                           1           0  1.91s           2025-07-03T04:58:49                      12
================================================================================
[2025-07-03T04:59:42.378+0000] {manager.py:997} INFO - 
================================================================================
DAG File Processing Stats

File Path                                  PID    Runtime      # DAGs    # Errors  Last Runtime    Last Run               Last # of DB Queries
-----------------------------------------  -----  ---------  --------  ----------  --------------  -------------------  ----------------------
/opt/airflow/dags/driven_data_pipeline.py                           1           0  0.53s           2025-07-03T04:59:19                      12
================================================================================
[2025-07-03T05:00:12.471+0000] {manager.py:997} INFO - 
================================================================================
DAG File Processing Stats

File Path                                  PID    Runtime      # DAGs    # Errors  Last Runtime    Last Run               Last # of DB Queries
-----------------------------------------  -----  ---------  --------  ----------  --------------  -------------------  ----------------------
/opt/airflow/dags/driven_data_pipeline.py                           1           0  1.41s           2025-07-03T04:59:51                      12
================================================================================
[2025-07-03T05:00:40.277+0000] {manager.py:821} INFO - Searching for files in /opt/airflow/dags
[2025-07-03T05:00:40.301+0000] {manager.py:824} INFO - There are 1 files in /opt/airflow/dags
[2025-07-03T05:00:43.343+0000] {manager.py:997} INFO - 
================================================================================
DAG File Processing Stats

File Path                                  PID    Runtime      # DAGs    # Errors  Last Runtime    Last Run               Last # of DB Queries
-----------------------------------------  -----  ---------  --------  ----------  --------------  -------------------  ----------------------
/opt/airflow/dags/driven_data_pipeline.py                           1           0  0.76s           2025-07-03T05:00:22                      12
================================================================================
[2025-07-03T05:01:13.616+0000] {manager.py:997} INFO - 
================================================================================
DAG File Processing Stats

File Path                                  PID    Runtime      # DAGs    # Errors  Last Runtime    Last Run               Last # of DB Queries
-----------------------------------------  -----  ---------  --------  ----------  --------------  -------------------  ----------------------
/opt/airflow/dags/driven_data_pipeline.py                           1           0  0.70s           2025-07-03T05:00:53                      12
================================================================================
[2025-07-03T05:01:43.856+0000] {manager.py:997} INFO - 
================================================================================
DAG File Processing Stats

File Path                                  PID    Runtime      # DAGs    # Errors  Last Runtime    Last Run               Last # of DB Queries
-----------------------------------------  -----  ---------  --------  ----------  --------------  -------------------  ----------------------
/opt/airflow/dags/driven_data_pipeline.py                           1           0  0.64s           2025-07-03T05:01:23                      12
================================================================================
[2025-07-03T05:03:42.815+0000] {manager.py:483} INFO - Processing files using up to 2 processes at a time 
[2025-07-03T05:03:42.816+0000] {manager.py:484} INFO - Process each file at most once every 30 seconds
[2025-07-03T05:03:42.817+0000] {manager.py:485} INFO - Checking for new files in /opt/airflow/dags every 300 seconds
[2025-07-03T05:03:42.818+0000] {manager.py:821} INFO - Searching for files in /opt/airflow/dags
[2025-07-03T05:03:42.845+0000] {manager.py:824} INFO - There are 1 files in /opt/airflow/dags
[2025-07-03T05:03:43.080+0000] {manager.py:997} INFO - 
================================================================================
DAG File Processing Stats

File Path                                    PID  Runtime      # DAGs    # Errors  Last Runtime    Last Run      Last # of DB Queries
-----------------------------------------  -----  ---------  --------  ----------  --------------  ----------  ----------------------
/opt/airflow/dags/driven_data_pipeline.py     96  0.03s             0           0                                                   0
================================================================================
[2025-07-03T05:04:13.296+0000] {manager.py:997} INFO - 
================================================================================
DAG File Processing Stats

File Path                                  PID    Runtime      # DAGs    # Errors  Last Runtime    Last Run               Last # of DB Queries
-----------------------------------------  -----  ---------  --------  ----------  --------------  -------------------  ----------------------
/opt/airflow/dags/driven_data_pipeline.py                           1           0  1.04s           2025-07-03T05:03:44                      45
================================================================================
[2025-07-03T05:04:43.493+0000] {manager.py:997} INFO - 
================================================================================
DAG File Processing Stats

File Path                                  PID    Runtime      # DAGs    # Errors  Last Runtime    Last Run               Last # of DB Queries
-----------------------------------------  -----  ---------  --------  ----------  --------------  -------------------  ----------------------
/opt/airflow/dags/driven_data_pipeline.py                           1           0  1.00s           2025-07-03T05:04:15                      12
================================================================================
[2025-07-03T05:05:13.706+0000] {manager.py:997} INFO - 
================================================================================
DAG File Processing Stats

File Path                                  PID    Runtime      # DAGs    # Errors  Last Runtime    Last Run               Last # of DB Queries
-----------------------------------------  -----  ---------  --------  ----------  --------------  -------------------  ----------------------
/opt/airflow/dags/driven_data_pipeline.py                           1           0  0.52s           2025-07-03T05:04:46                      12
================================================================================
[2025-07-03T05:05:43.964+0000] {manager.py:997} INFO - 
================================================================================
DAG File Processing Stats

File Path                                  PID    Runtime      # DAGs    # Errors  Last Runtime    Last Run               Last # of DB Queries
-----------------------------------------  -----  ---------  --------  ----------  --------------  -------------------  ----------------------
/opt/airflow/dags/driven_data_pipeline.py                           1           0  2.64s           2025-07-03T05:05:18                      12
================================================================================
[2025-07-03T05:06:14.292+0000] {manager.py:997} INFO - 
================================================================================
DAG File Processing Stats

File Path                                  PID    Runtime      # DAGs    # Errors  Last Runtime    Last Run               Last # of DB Queries
-----------------------------------------  -----  ---------  --------  ----------  --------------  -------------------  ----------------------
/opt/airflow/dags/driven_data_pipeline.py                           1           0  0.74s           2025-07-03T05:05:49                      12
================================================================================
[2025-07-03T05:06:44.465+0000] {manager.py:997} INFO - 
================================================================================
DAG File Processing Stats

File Path                                  PID    Runtime      # DAGs    # Errors  Last Runtime    Last Run               Last # of DB Queries
-----------------------------------------  -----  ---------  --------  ----------  --------------  -------------------  ----------------------
/opt/airflow/dags/driven_data_pipeline.py                           1           0  0.63s           2025-07-03T05:06:20                      12
================================================================================
[2025-07-03T05:07:14.647+0000] {manager.py:997} INFO - 
================================================================================
DAG File Processing Stats

File Path                                  PID    Runtime      # DAGs    # Errors  Last Runtime    Last Run               Last # of DB Queries
-----------------------------------------  -----  ---------  --------  ----------  --------------  -------------------  ----------------------
/opt/airflow/dags/driven_data_pipeline.py                           1           0  0.81s           2025-07-03T05:06:51                      12
================================================================================
[2025-07-03T05:07:44.842+0000] {manager.py:997} INFO - 
================================================================================
DAG File Processing Stats

File Path                                  PID    Runtime      # DAGs    # Errors  Last Runtime    Last Run               Last # of DB Queries
-----------------------------------------  -----  ---------  --------  ----------  --------------  -------------------  ----------------------
/opt/airflow/dags/driven_data_pipeline.py                           1           0  0.55s           2025-07-03T05:07:22                      12
================================================================================
[2025-07-03T05:08:15.024+0000] {manager.py:997} INFO - 
================================================================================
DAG File Processing Stats

File Path                                  PID    Runtime      # DAGs    # Errors  Last Runtime    Last Run               Last # of DB Queries
-----------------------------------------  -----  ---------  --------  ----------  --------------  -------------------  ----------------------
/opt/airflow/dags/driven_data_pipeline.py                           1           0  0.58s           2025-07-03T05:07:53                      12
================================================================================
[2025-07-03T05:08:43.515+0000] {manager.py:821} INFO - Searching for files in /opt/airflow/dags
[2025-07-03T05:08:43.534+0000] {manager.py:824} INFO - There are 1 files in /opt/airflow/dags
[2025-07-03T05:08:45.560+0000] {manager.py:997} INFO - 
================================================================================
DAG File Processing Stats

File Path                                  PID    Runtime      # DAGs    # Errors  Last Runtime    Last Run               Last # of DB Queries
-----------------------------------------  -----  ---------  --------  ----------  --------------  -------------------  ----------------------
/opt/airflow/dags/driven_data_pipeline.py                           1           0  0.32s           2025-07-03T05:08:23                      12
================================================================================
[2025-07-03T05:09:15.803+0000] {manager.py:997} INFO - 
================================================================================
DAG File Processing Stats

File Path                                  PID    Runtime      # DAGs    # Errors  Last Runtime    Last Run               Last # of DB Queries
-----------------------------------------  -----  ---------  --------  ----------  --------------  -------------------  ----------------------
/opt/airflow/dags/driven_data_pipeline.py                           1           0  0.44s           2025-07-03T05:08:54                      12
================================================================================
[2025-07-03T05:09:46.412+0000] {manager.py:997} INFO - 
================================================================================
DAG File Processing Stats

File Path                                  PID    Runtime      # DAGs    # Errors  Last Runtime    Last Run               Last # of DB Queries
-----------------------------------------  -----  ---------  --------  ----------  --------------  -------------------  ----------------------
/opt/airflow/dags/driven_data_pipeline.py                           1           0  0.36s           2025-07-03T05:09:24                      12
================================================================================
[2025-07-03T05:10:16.941+0000] {manager.py:997} INFO - 
================================================================================
DAG File Processing Stats

File Path                                  PID    Runtime      # DAGs    # Errors  Last Runtime    Last Run               Last # of DB Queries
-----------------------------------------  -----  ---------  --------  ----------  --------------  -------------------  ----------------------
/opt/airflow/dags/driven_data_pipeline.py                           1           0  0.36s           2025-07-03T05:09:55                      12
================================================================================
[2025-07-03T05:10:46.970+0000] {manager.py:997} INFO - 
================================================================================
DAG File Processing Stats

File Path                                  PID    Runtime      # DAGs    # Errors  Last Runtime    Last Run               Last # of DB Queries
-----------------------------------------  -----  ---------  --------  ----------  --------------  -------------------  ----------------------
/opt/airflow/dags/driven_data_pipeline.py                           1           0  0.48s           2025-07-03T05:10:25                      12
================================================================================
[2025-07-03T05:11:17.146+0000] {manager.py:997} INFO - 
================================================================================
DAG File Processing Stats

File Path                                  PID    Runtime      # DAGs    # Errors  Last Runtime    Last Run               Last # of DB Queries
-----------------------------------------  -----  ---------  --------  ----------  --------------  -------------------  ----------------------
/opt/airflow/dags/driven_data_pipeline.py                           1           0  0.36s           2025-07-03T05:10:56                      12
================================================================================
[2025-07-03T05:11:47.683+0000] {manager.py:997} INFO - 
================================================================================
DAG File Processing Stats

File Path                                  PID    Runtime      # DAGs    # Errors  Last Runtime    Last Run               Last # of DB Queries
-----------------------------------------  -----  ---------  --------  ----------  --------------  -------------------  ----------------------
/opt/airflow/dags/driven_data_pipeline.py                           1           0  0.39s           2025-07-03T05:11:26                      12
================================================================================
[2025-07-03T05:12:17.807+0000] {manager.py:997} INFO - 
================================================================================
DAG File Processing Stats

File Path                                  PID    Runtime      # DAGs    # Errors  Last Runtime    Last Run               Last # of DB Queries
-----------------------------------------  -----  ---------  --------  ----------  --------------  -------------------  ----------------------
/opt/airflow/dags/driven_data_pipeline.py                           1           0  0.54s           2025-07-03T05:11:57                      12
================================================================================
[2025-07-03T05:12:47.986+0000] {manager.py:997} INFO - 
================================================================================
DAG File Processing Stats

File Path                                  PID    Runtime      # DAGs    # Errors  Last Runtime    Last Run               Last # of DB Queries
-----------------------------------------  -----  ---------  --------  ----------  --------------  -------------------  ----------------------
/opt/airflow/dags/driven_data_pipeline.py                           1           0  0.38s           2025-07-03T05:12:28                      12
================================================================================
[2025-07-03T05:13:18.084+0000] {manager.py:997} INFO - 
================================================================================
DAG File Processing Stats

File Path                                  PID    Runtime      # DAGs    # Errors  Last Runtime    Last Run               Last # of DB Queries
-----------------------------------------  -----  ---------  --------  ----------  --------------  -------------------  ----------------------
/opt/airflow/dags/driven_data_pipeline.py                           1           0  0.53s           2025-07-03T05:12:58                      12
================================================================================
[2025-07-03T05:13:43.715+0000] {manager.py:821} INFO - Searching for files in /opt/airflow/dags
[2025-07-03T05:13:43.734+0000] {manager.py:824} INFO - There are 1 files in /opt/airflow/dags
[2025-07-03T05:13:48.779+0000] {manager.py:997} INFO - 
================================================================================
DAG File Processing Stats

File Path                                  PID    Runtime      # DAGs    # Errors  Last Runtime    Last Run               Last # of DB Queries
-----------------------------------------  -----  ---------  --------  ----------  --------------  -------------------  ----------------------
/opt/airflow/dags/driven_data_pipeline.py                           1           0  0.49s           2025-07-03T05:13:29                      12
================================================================================
[2025-07-03T05:14:18.994+0000] {manager.py:997} INFO - 
================================================================================
DAG File Processing Stats

File Path                                  PID    Runtime      # DAGs    # Errors  Last Runtime    Last Run               Last # of DB Queries
-----------------------------------------  -----  ---------  --------  ----------  --------------  -------------------  ----------------------
/opt/airflow/dags/driven_data_pipeline.py                           1           0  0.44s           2025-07-03T05:14:00                      12
================================================================================
[2025-07-03T05:14:49.147+0000] {manager.py:997} INFO - 
================================================================================
DAG File Processing Stats

File Path                                  PID    Runtime      # DAGs    # Errors  Last Runtime    Last Run               Last # of DB Queries
-----------------------------------------  -----  ---------  --------  ----------  --------------  -------------------  ----------------------
/opt/airflow/dags/driven_data_pipeline.py                           1           0  0.49s           2025-07-03T05:14:31                      12
================================================================================
[2025-07-03T05:15:19.875+0000] {manager.py:997} INFO - 
================================================================================
DAG File Processing Stats

File Path                                  PID    Runtime      # DAGs    # Errors  Last Runtime    Last Run               Last # of DB Queries
-----------------------------------------  -----  ---------  --------  ----------  --------------  -------------------  ----------------------
/opt/airflow/dags/driven_data_pipeline.py                           1           0  0.51s           2025-07-03T05:15:01                      12
================================================================================
[2025-07-03T05:15:50.095+0000] {manager.py:997} INFO - 
================================================================================
DAG File Processing Stats

File Path                                  PID    Runtime      # DAGs    # Errors  Last Runtime    Last Run               Last # of DB Queries
-----------------------------------------  -----  ---------  --------  ----------  --------------  -------------------  ----------------------
/opt/airflow/dags/driven_data_pipeline.py                           1           0  0.51s           2025-07-03T05:15:32                      12
================================================================================
[2025-07-03T05:16:20.174+0000] {manager.py:997} INFO - 
================================================================================
DAG File Processing Stats

File Path                                  PID    Runtime      # DAGs    # Errors  Last Runtime    Last Run               Last # of DB Queries
-----------------------------------------  -----  ---------  --------  ----------  --------------  -------------------  ----------------------
/opt/airflow/dags/driven_data_pipeline.py                           1           0  0.41s           2025-07-03T05:16:03                      12
================================================================================
[2025-07-03T05:16:50.402+0000] {manager.py:997} INFO - 
================================================================================
DAG File Processing Stats

File Path                                  PID    Runtime      # DAGs    # Errors  Last Runtime    Last Run               Last # of DB Queries
-----------------------------------------  -----  ---------  --------  ----------  --------------  -------------------  ----------------------
/opt/airflow/dags/driven_data_pipeline.py                           1           0  0.42s           2025-07-03T05:16:33                      12
================================================================================
[2025-07-03T05:17:21.001+0000] {manager.py:997} INFO - 
================================================================================
DAG File Processing Stats

File Path                                  PID    Runtime      # DAGs    # Errors  Last Runtime    Last Run               Last # of DB Queries
-----------------------------------------  -----  ---------  --------  ----------  --------------  -------------------  ----------------------
/opt/airflow/dags/driven_data_pipeline.py                           1           0  0.40s           2025-07-03T05:17:04                      12
================================================================================
[2025-07-03T05:17:51.599+0000] {manager.py:997} INFO - 
================================================================================
DAG File Processing Stats

File Path                                  PID    Runtime      # DAGs    # Errors  Last Runtime    Last Run               Last # of DB Queries
-----------------------------------------  -----  ---------  --------  ----------  --------------  -------------------  ----------------------
/opt/airflow/dags/driven_data_pipeline.py                           1           0  0.35s           2025-07-03T05:17:34                      12
================================================================================
[2025-07-03T05:18:21.597+0000] {manager.py:997} INFO - 
================================================================================
DAG File Processing Stats

File Path                                  PID    Runtime      # DAGs    # Errors  Last Runtime    Last Run               Last # of DB Queries
-----------------------------------------  -----  ---------  --------  ----------  --------------  -------------------  ----------------------
/opt/airflow/dags/driven_data_pipeline.py                           1           0  0.47s           2025-07-03T05:18:05                      12
================================================================================
[2025-07-03T05:18:43.751+0000] {manager.py:821} INFO - Searching for files in /opt/airflow/dags
[2025-07-03T05:18:43.769+0000] {manager.py:824} INFO - There are 1 files in /opt/airflow/dags
[2025-07-03T05:18:51.832+0000] {manager.py:997} INFO - 
================================================================================
DAG File Processing Stats

File Path                                  PID    Runtime      # DAGs    # Errors  Last Runtime    Last Run               Last # of DB Queries
-----------------------------------------  -----  ---------  --------  ----------  --------------  -------------------  ----------------------
/opt/airflow/dags/driven_data_pipeline.py                           1           0  0.36s           2025-07-03T05:18:36                      12
================================================================================
[2025-07-03T05:19:22.027+0000] {manager.py:997} INFO - 
================================================================================
DAG File Processing Stats

File Path                                  PID    Runtime      # DAGs    # Errors  Last Runtime    Last Run               Last # of DB Queries
-----------------------------------------  -----  ---------  --------  ----------  --------------  -------------------  ----------------------
/opt/airflow/dags/driven_data_pipeline.py                           1           0  0.68s           2025-07-03T05:19:06                      12
================================================================================
[2025-07-03T05:19:52.272+0000] {manager.py:997} INFO - 
================================================================================
DAG File Processing Stats

File Path                                  PID    Runtime      # DAGs    # Errors  Last Runtime    Last Run               Last # of DB Queries
-----------------------------------------  -----  ---------  --------  ----------  --------------  -------------------  ----------------------
/opt/airflow/dags/driven_data_pipeline.py                           1           0  0.33s           2025-07-03T05:19:37                      12
================================================================================
[2025-07-03T05:20:22.728+0000] {manager.py:997} INFO - 
================================================================================
DAG File Processing Stats

File Path                                  PID    Runtime      # DAGs    # Errors  Last Runtime    Last Run               Last # of DB Queries
-----------------------------------------  -----  ---------  --------  ----------  --------------  -------------------  ----------------------
/opt/airflow/dags/driven_data_pipeline.py                           1           0  0.52s           2025-07-03T05:20:08                      12
================================================================================
[2025-07-03T05:20:52.751+0000] {manager.py:997} INFO - 
================================================================================
DAG File Processing Stats

File Path                                  PID    Runtime      # DAGs    # Errors  Last Runtime    Last Run               Last # of DB Queries
-----------------------------------------  -----  ---------  --------  ----------  --------------  -------------------  ----------------------
/opt/airflow/dags/driven_data_pipeline.py                           1           0  0.34s           2025-07-03T05:20:38                      12
================================================================================
[2025-07-03T05:21:22.933+0000] {manager.py:997} INFO - 
================================================================================
DAG File Processing Stats

File Path                                  PID    Runtime      # DAGs    # Errors  Last Runtime    Last Run               Last # of DB Queries
-----------------------------------------  -----  ---------  --------  ----------  --------------  -------------------  ----------------------
/opt/airflow/dags/driven_data_pipeline.py                           1           0  0.34s           2025-07-03T05:21:09                      12
================================================================================
[2025-07-03T05:21:53.458+0000] {manager.py:997} INFO - 
================================================================================
DAG File Processing Stats

File Path                                  PID    Runtime      # DAGs    # Errors  Last Runtime    Last Run               Last # of DB Queries
-----------------------------------------  -----  ---------  --------  ----------  --------------  -------------------  ----------------------
/opt/airflow/dags/driven_data_pipeline.py                           1           0  0.35s           2025-07-03T05:21:39                      12
================================================================================
[2025-07-03T05:22:23.958+0000] {manager.py:997} INFO - 
================================================================================
DAG File Processing Stats

File Path                                  PID    Runtime      # DAGs    # Errors  Last Runtime    Last Run               Last # of DB Queries
-----------------------------------------  -----  ---------  --------  ----------  --------------  -------------------  ----------------------
/opt/airflow/dags/driven_data_pipeline.py                           1           0  0.40s           2025-07-03T05:22:10                      12
================================================================================
[2025-07-03T05:22:53.967+0000] {manager.py:997} INFO - 
================================================================================
DAG File Processing Stats

File Path                                  PID    Runtime      # DAGs    # Errors  Last Runtime    Last Run               Last # of DB Queries
-----------------------------------------  -----  ---------  --------  ----------  --------------  -------------------  ----------------------
/opt/airflow/dags/driven_data_pipeline.py                           1           0  0.45s           2025-07-03T05:22:40                      12
================================================================================
[2025-07-03T05:23:24.151+0000] {manager.py:997} INFO - 
================================================================================
DAG File Processing Stats

File Path                                  PID    Runtime      # DAGs    # Errors  Last Runtime    Last Run               Last # of DB Queries
-----------------------------------------  -----  ---------  --------  ----------  --------------  -------------------  ----------------------
/opt/airflow/dags/driven_data_pipeline.py                           1           0  0.40s           2025-07-03T05:23:11                      12
================================================================================
[2025-07-03T05:23:44.087+0000] {manager.py:821} INFO - Searching for files in /opt/airflow/dags
[2025-07-03T05:23:44.104+0000] {manager.py:824} INFO - There are 1 files in /opt/airflow/dags
[2025-07-03T05:23:54.168+0000] {manager.py:997} INFO - 
================================================================================
DAG File Processing Stats

File Path                                  PID    Runtime      # DAGs    # Errors  Last Runtime    Last Run               Last # of DB Queries
-----------------------------------------  -----  ---------  --------  ----------  --------------  -------------------  ----------------------
/opt/airflow/dags/driven_data_pipeline.py                           1           0  0.43s           2025-07-03T05:23:42                      12
================================================================================
[2025-07-03T05:24:24.365+0000] {manager.py:997} INFO - 
================================================================================
DAG File Processing Stats

File Path                                  PID    Runtime      # DAGs    # Errors  Last Runtime    Last Run               Last # of DB Queries
-----------------------------------------  -----  ---------  --------  ----------  --------------  -------------------  ----------------------
/opt/airflow/dags/driven_data_pipeline.py                           1           0  0.40s           2025-07-03T05:24:12                      12
================================================================================
[2025-07-03T05:24:54.388+0000] {manager.py:997} INFO - 
================================================================================
DAG File Processing Stats

File Path                                  PID    Runtime      # DAGs    # Errors  Last Runtime    Last Run               Last # of DB Queries
-----------------------------------------  -----  ---------  --------  ----------  --------------  -------------------  ----------------------
/opt/airflow/dags/driven_data_pipeline.py                           1           0  0.45s           2025-07-03T05:24:43                      12
================================================================================
[2025-07-03T05:25:24.585+0000] {manager.py:997} INFO - 
================================================================================
DAG File Processing Stats

File Path                                  PID    Runtime      # DAGs    # Errors  Last Runtime    Last Run               Last # of DB Queries
-----------------------------------------  -----  ---------  --------  ----------  --------------  -------------------  ----------------------
/opt/airflow/dags/driven_data_pipeline.py                           1           0  0.44s           2025-07-03T05:25:13                      12
================================================================================
[2025-07-03T05:25:54.697+0000] {manager.py:997} INFO - 
================================================================================
DAG File Processing Stats

File Path                                  PID    Runtime      # DAGs    # Errors  Last Runtime    Last Run               Last # of DB Queries
-----------------------------------------  -----  ---------  --------  ----------  --------------  -------------------  ----------------------
/opt/airflow/dags/driven_data_pipeline.py                           1           0  0.49s           2025-07-03T05:25:44                      12
================================================================================
[2025-07-03T05:29:03.784+0000] {manager.py:483} INFO - Processing files using up to 2 processes at a time 
[2025-07-03T05:29:03.786+0000] {manager.py:484} INFO - Process each file at most once every 30 seconds
[2025-07-03T05:29:03.787+0000] {manager.py:485} INFO - Checking for new files in /opt/airflow/dags every 300 seconds
[2025-07-03T05:29:03.787+0000] {manager.py:821} INFO - Searching for files in /opt/airflow/dags
[2025-07-03T05:29:03.820+0000] {manager.py:824} INFO - There are 1 files in /opt/airflow/dags
[2025-07-03T05:29:04.207+0000] {manager.py:997} INFO - 
================================================================================
DAG File Processing Stats

File Path                                    PID  Runtime      # DAGs    # Errors  Last Runtime    Last Run      Last # of DB Queries
-----------------------------------------  -----  ---------  --------  ----------  --------------  ----------  ----------------------
/opt/airflow/dags/driven_data_pipeline.py     96  0.08s             0           0                                                   0
================================================================================
[2025-07-03T05:29:34.635+0000] {manager.py:997} INFO - 
================================================================================
DAG File Processing Stats

File Path                                  PID    Runtime      # DAGs    # Errors  Last Runtime    Last Run               Last # of DB Queries
-----------------------------------------  -----  ---------  --------  ----------  --------------  -------------------  ----------------------
/opt/airflow/dags/driven_data_pipeline.py                           1           0  1.49s           2025-07-03T05:29:05                      45
================================================================================
[2025-07-03T05:30:05.087+0000] {manager.py:997} INFO - 
================================================================================
DAG File Processing Stats

File Path                                  PID    Runtime      # DAGs    # Errors  Last Runtime    Last Run               Last # of DB Queries
-----------------------------------------  -----  ---------  --------  ----------  --------------  -------------------  ----------------------
/opt/airflow/dags/driven_data_pipeline.py                           1           0  2.39s           2025-07-03T05:29:38                      12
================================================================================
[2025-07-03T05:30:35.429+0000] {manager.py:997} INFO - 
================================================================================
DAG File Processing Stats

File Path                                  PID    Runtime      # DAGs    # Errors  Last Runtime    Last Run               Last # of DB Queries
-----------------------------------------  -----  ---------  --------  ----------  --------------  -------------------  ----------------------
/opt/airflow/dags/driven_data_pipeline.py                           1           0  1.31s           2025-07-03T05:30:09                      12
================================================================================
[2025-07-03T05:31:05.792+0000] {manager.py:997} INFO - 
================================================================================
DAG File Processing Stats

File Path                                  PID    Runtime      # DAGs    # Errors  Last Runtime    Last Run               Last # of DB Queries
-----------------------------------------  -----  ---------  --------  ----------  --------------  -------------------  ----------------------
/opt/airflow/dags/driven_data_pipeline.py                           1           0  0.64s           2025-07-03T05:30:40                      12
================================================================================
[2025-07-03T05:31:36.594+0000] {manager.py:997} INFO - 
================================================================================
DAG File Processing Stats

File Path                                  PID    Runtime      # DAGs    # Errors  Last Runtime    Last Run               Last # of DB Queries
-----------------------------------------  -----  ---------  --------  ----------  --------------  -------------------  ----------------------
/opt/airflow/dags/driven_data_pipeline.py                           1           0  2.17s           2025-07-03T05:31:12                      12
================================================================================
[2025-07-03T05:32:06.895+0000] {manager.py:997} INFO - 
================================================================================
DAG File Processing Stats

File Path                                  PID    Runtime      # DAGs    # Errors  Last Runtime    Last Run               Last # of DB Queries
-----------------------------------------  -----  ---------  --------  ----------  --------------  -------------------  ----------------------
/opt/airflow/dags/driven_data_pipeline.py                           1           0  0.51s           2025-07-03T05:31:43                      12
================================================================================
[2025-07-03T05:32:37.130+0000] {manager.py:997} INFO - 
================================================================================
DAG File Processing Stats

File Path                                  PID    Runtime      # DAGs    # Errors  Last Runtime    Last Run               Last # of DB Queries
-----------------------------------------  -----  ---------  --------  ----------  --------------  -------------------  ----------------------
/opt/airflow/dags/driven_data_pipeline.py                           1           0  0.64s           2025-07-03T05:32:13                      12
================================================================================
[2025-07-03T05:33:07.337+0000] {manager.py:997} INFO - 
================================================================================
DAG File Processing Stats

File Path                                  PID    Runtime      # DAGs    # Errors  Last Runtime    Last Run               Last # of DB Queries
-----------------------------------------  -----  ---------  --------  ----------  --------------  -------------------  ----------------------
/opt/airflow/dags/driven_data_pipeline.py                           1           0  0.70s           2025-07-03T05:32:44                      12
================================================================================
[2025-07-03T05:33:37.531+0000] {manager.py:997} INFO - 
================================================================================
DAG File Processing Stats

File Path                                  PID    Runtime      # DAGs    # Errors  Last Runtime    Last Run               Last # of DB Queries
-----------------------------------------  -----  ---------  --------  ----------  --------------  -------------------  ----------------------
/opt/airflow/dags/driven_data_pipeline.py                           1           0  0.79s           2025-07-03T05:33:15                      12
================================================================================
[2025-07-03T05:34:04.389+0000] {manager.py:821} INFO - Searching for files in /opt/airflow/dags
[2025-07-03T05:34:04.411+0000] {manager.py:824} INFO - There are 1 files in /opt/airflow/dags
[2025-07-03T05:34:07.686+0000] {manager.py:997} INFO - 
================================================================================
DAG File Processing Stats

File Path                                  PID    Runtime      # DAGs    # Errors  Last Runtime    Last Run               Last # of DB Queries
-----------------------------------------  -----  ---------  --------  ----------  --------------  -------------------  ----------------------
/opt/airflow/dags/driven_data_pipeline.py                           1           0  0.31s           2025-07-03T05:33:46                      12
================================================================================
[2025-07-03T05:34:37.859+0000] {manager.py:997} INFO - 
================================================================================
DAG File Processing Stats

File Path                                  PID    Runtime      # DAGs    # Errors  Last Runtime    Last Run               Last # of DB Queries
-----------------------------------------  -----  ---------  --------  ----------  --------------  -------------------  ----------------------
/opt/airflow/dags/driven_data_pipeline.py                           1           0  0.30s           2025-07-03T05:34:17                      12
================================================================================
[2025-07-03T05:35:08.341+0000] {manager.py:997} INFO - 
================================================================================
DAG File Processing Stats

File Path                                  PID    Runtime      # DAGs    # Errors  Last Runtime    Last Run               Last # of DB Queries
-----------------------------------------  -----  ---------  --------  ----------  --------------  -------------------  ----------------------
/opt/airflow/dags/driven_data_pipeline.py                           1           0  0.45s           2025-07-03T05:34:47                      12
================================================================================
[2025-07-03T05:35:38.959+0000] {manager.py:997} INFO - 
================================================================================
DAG File Processing Stats

File Path                                  PID    Runtime      # DAGs    # Errors  Last Runtime    Last Run               Last # of DB Queries
-----------------------------------------  -----  ---------  --------  ----------  --------------  -------------------  ----------------------
/opt/airflow/dags/driven_data_pipeline.py                           1           0  0.29s           2025-07-03T05:35:18                      12
================================================================================
[2025-07-03T05:36:09.435+0000] {manager.py:997} INFO - 
================================================================================
DAG File Processing Stats

File Path                                  PID    Runtime      # DAGs    # Errors  Last Runtime    Last Run               Last # of DB Queries
-----------------------------------------  -----  ---------  --------  ----------  --------------  -------------------  ----------------------
/opt/airflow/dags/driven_data_pipeline.py                           1           0  0.32s           2025-07-03T05:35:48                      12
================================================================================
[2025-07-03T05:36:39.967+0000] {manager.py:997} INFO - 
================================================================================
DAG File Processing Stats

File Path                                  PID    Runtime      # DAGs    # Errors  Last Runtime    Last Run               Last # of DB Queries
-----------------------------------------  -----  ---------  --------  ----------  --------------  -------------------  ----------------------
/opt/airflow/dags/driven_data_pipeline.py                           1           0  0.29s           2025-07-03T05:36:19                      12
================================================================================
[2025-07-03T05:37:10.423+0000] {manager.py:997} INFO - 
================================================================================
DAG File Processing Stats

File Path                                  PID    Runtime      # DAGs    # Errors  Last Runtime    Last Run               Last # of DB Queries
-----------------------------------------  -----  ---------  --------  ----------  --------------  -------------------  ----------------------
/opt/airflow/dags/driven_data_pipeline.py                           1           0  0.40s           2025-07-03T05:36:49                      12
================================================================================
[2025-07-03T05:37:40.994+0000] {manager.py:997} INFO - 
================================================================================
DAG File Processing Stats

File Path                                  PID    Runtime      # DAGs    # Errors  Last Runtime    Last Run               Last # of DB Queries
-----------------------------------------  -----  ---------  --------  ----------  --------------  -------------------  ----------------------
/opt/airflow/dags/driven_data_pipeline.py                           1           0  0.33s           2025-07-03T05:37:20                      12
================================================================================
[2025-07-03T05:38:11.516+0000] {manager.py:997} INFO - 
================================================================================
DAG File Processing Stats

File Path                                  PID    Runtime      # DAGs    # Errors  Last Runtime    Last Run               Last # of DB Queries
-----------------------------------------  -----  ---------  --------  ----------  --------------  -------------------  ----------------------
/opt/airflow/dags/driven_data_pipeline.py                           1           0  0.30s           2025-07-03T05:37:50                      12
================================================================================
[2025-07-03T05:38:41.986+0000] {manager.py:997} INFO - 
================================================================================
DAG File Processing Stats

File Path                                  PID    Runtime      # DAGs    # Errors  Last Runtime    Last Run               Last # of DB Queries
-----------------------------------------  -----  ---------  --------  ----------  --------------  -------------------  ----------------------
/opt/airflow/dags/driven_data_pipeline.py                           1           0  0.30s           2025-07-03T05:38:21                      12
================================================================================
[2025-07-03T05:39:04.419+0000] {manager.py:821} INFO - Searching for files in /opt/airflow/dags
[2025-07-03T05:39:04.438+0000] {manager.py:824} INFO - There are 1 files in /opt/airflow/dags
[2025-07-03T05:39:12.498+0000] {manager.py:997} INFO - 
================================================================================
DAG File Processing Stats

File Path                                  PID    Runtime      # DAGs    # Errors  Last Runtime    Last Run               Last # of DB Queries
-----------------------------------------  -----  ---------  --------  ----------  --------------  -------------------  ----------------------
/opt/airflow/dags/driven_data_pipeline.py                           1           0  0.32s           2025-07-03T05:38:51                      12
================================================================================
[2025-07-03T05:39:42.990+0000] {manager.py:997} INFO - 
================================================================================
DAG File Processing Stats

File Path                                  PID    Runtime      # DAGs    # Errors  Last Runtime    Last Run               Last # of DB Queries
-----------------------------------------  -----  ---------  --------  ----------  --------------  -------------------  ----------------------
/opt/airflow/dags/driven_data_pipeline.py                           1           0  0.34s           2025-07-03T05:39:22                      12
================================================================================
[2025-07-03T05:40:13.504+0000] {manager.py:997} INFO - 
================================================================================
DAG File Processing Stats

File Path                                  PID    Runtime      # DAGs    # Errors  Last Runtime    Last Run               Last # of DB Queries
-----------------------------------------  -----  ---------  --------  ----------  --------------  -------------------  ----------------------
/opt/airflow/dags/driven_data_pipeline.py                           1           0  0.34s           2025-07-03T05:39:52                      12
================================================================================
[2025-07-03T05:40:44.029+0000] {manager.py:997} INFO - 
================================================================================
DAG File Processing Stats

File Path                                  PID    Runtime      # DAGs    # Errors  Last Runtime    Last Run               Last # of DB Queries
-----------------------------------------  -----  ---------  --------  ----------  --------------  -------------------  ----------------------
/opt/airflow/dags/driven_data_pipeline.py                           1           0  0.29s           2025-07-03T05:40:23                      12
================================================================================
[2025-07-03T05:41:14.516+0000] {manager.py:997} INFO - 
================================================================================
DAG File Processing Stats

File Path                                  PID    Runtime      # DAGs    # Errors  Last Runtime    Last Run               Last # of DB Queries
-----------------------------------------  -----  ---------  --------  ----------  --------------  -------------------  ----------------------
/opt/airflow/dags/driven_data_pipeline.py                           1           0  0.30s           2025-07-03T05:40:53                      12
================================================================================
[2025-07-03T05:41:44.987+0000] {manager.py:997} INFO - 
================================================================================
DAG File Processing Stats

File Path                                  PID    Runtime      # DAGs    # Errors  Last Runtime    Last Run               Last # of DB Queries
-----------------------------------------  -----  ---------  --------  ----------  --------------  -------------------  ----------------------
/opt/airflow/dags/driven_data_pipeline.py                           1           0  0.28s           2025-07-03T05:41:24                      12
================================================================================
[2025-07-03T05:42:15.430+0000] {manager.py:997} INFO - 
================================================================================
DAG File Processing Stats

File Path                                  PID    Runtime      # DAGs    # Errors  Last Runtime    Last Run               Last # of DB Queries
-----------------------------------------  -----  ---------  --------  ----------  --------------  -------------------  ----------------------
/opt/airflow/dags/driven_data_pipeline.py                           1           0  0.37s           2025-07-03T05:41:54                      12
================================================================================
[2025-07-03T05:42:46.006+0000] {manager.py:997} INFO - 
================================================================================
DAG File Processing Stats

File Path                                  PID    Runtime      # DAGs    # Errors  Last Runtime    Last Run               Last # of DB Queries
-----------------------------------------  -----  ---------  --------  ----------  --------------  -------------------  ----------------------
/opt/airflow/dags/driven_data_pipeline.py                           1           0  0.30s           2025-07-03T05:42:25                      12
================================================================================
[2025-07-03T05:43:16.476+0000] {manager.py:997} INFO - 
================================================================================
DAG File Processing Stats

File Path                                  PID    Runtime      # DAGs    # Errors  Last Runtime    Last Run               Last # of DB Queries
-----------------------------------------  -----  ---------  --------  ----------  --------------  -------------------  ----------------------
/opt/airflow/dags/driven_data_pipeline.py                           1           0  0.30s           2025-07-03T05:42:55                      12
================================================================================
[2025-07-03T05:43:47.052+0000] {manager.py:997} INFO - 
================================================================================
DAG File Processing Stats

File Path                                  PID    Runtime      # DAGs    # Errors  Last Runtime    Last Run               Last # of DB Queries
-----------------------------------------  -----  ---------  --------  ----------  --------------  -------------------  ----------------------
/opt/airflow/dags/driven_data_pipeline.py                           1           0  0.37s           2025-07-03T05:43:26                      12
================================================================================
[2025-07-03T05:44:04.486+0000] {manager.py:821} INFO - Searching for files in /opt/airflow/dags
[2025-07-03T05:44:04.505+0000] {manager.py:824} INFO - There are 1 files in /opt/airflow/dags
[2025-07-03T05:44:17.597+0000] {manager.py:997} INFO - 
================================================================================
DAG File Processing Stats

File Path                                  PID    Runtime      # DAGs    # Errors  Last Runtime    Last Run               Last # of DB Queries
-----------------------------------------  -----  ---------  --------  ----------  --------------  -------------------  ----------------------
/opt/airflow/dags/driven_data_pipeline.py                           1           0  0.28s           2025-07-03T05:43:56                      12
================================================================================
[2025-07-03T05:44:48.017+0000] {manager.py:997} INFO - 
================================================================================
DAG File Processing Stats

File Path                                  PID    Runtime      # DAGs    # Errors  Last Runtime    Last Run               Last # of DB Queries
-----------------------------------------  -----  ---------  --------  ----------  --------------  -------------------  ----------------------
/opt/airflow/dags/driven_data_pipeline.py                           1           0  0.31s           2025-07-03T05:44:27                      12
================================================================================
[2025-07-03T05:46:36.507+0000] {manager.py:483} INFO - Processing files using up to 2 processes at a time 
[2025-07-03T05:46:36.510+0000] {manager.py:484} INFO - Process each file at most once every 30 seconds
[2025-07-03T05:46:36.511+0000] {manager.py:485} INFO - Checking for new files in /opt/airflow/dags every 300 seconds
[2025-07-03T05:46:36.513+0000] {manager.py:821} INFO - Searching for files in /opt/airflow/dags
[2025-07-03T05:46:36.555+0000] {manager.py:824} INFO - There are 1 files in /opt/airflow/dags
[2025-07-03T05:46:37.329+0000] {manager.py:997} INFO - 
================================================================================
DAG File Processing Stats

File Path                                    PID  Runtime      # DAGs    # Errors  Last Runtime    Last Run      Last # of DB Queries
-----------------------------------------  -----  ---------  --------  ----------  --------------  ----------  ----------------------
/opt/airflow/dags/driven_data_pipeline.py     98  0.15s             0           0                                                   0
================================================================================
[2025-07-03T05:47:07.409+0000] {manager.py:997} INFO - 
================================================================================
DAG File Processing Stats

File Path                                  PID    Runtime      # DAGs    # Errors  Last Runtime    Last Run               Last # of DB Queries
-----------------------------------------  -----  ---------  --------  ----------  --------------  -------------------  ----------------------
/opt/airflow/dags/driven_data_pipeline.py                           1           0  3.17s           2025-07-03T05:46:40                      45
================================================================================
[2025-07-03T05:47:37.615+0000] {manager.py:997} INFO - 
================================================================================
DAG File Processing Stats

File Path                                  PID    Runtime      # DAGs    # Errors  Last Runtime    Last Run               Last # of DB Queries
-----------------------------------------  -----  ---------  --------  ----------  --------------  -------------------  ----------------------
/opt/airflow/dags/driven_data_pipeline.py                           1           0  1.03s           2025-07-03T05:47:11                      12
================================================================================
[2025-07-03T05:48:07.713+0000] {manager.py:997} INFO - 
================================================================================
DAG File Processing Stats

File Path                                  PID    Runtime      # DAGs    # Errors  Last Runtime    Last Run               Last # of DB Queries
-----------------------------------------  -----  ---------  --------  ----------  --------------  -------------------  ----------------------
/opt/airflow/dags/driven_data_pipeline.py                           1           0  0.91s           2025-07-03T05:47:42                      12
================================================================================
[2025-07-03T05:48:38.073+0000] {manager.py:997} INFO - 
================================================================================
DAG File Processing Stats

File Path                                  PID    Runtime      # DAGs    # Errors  Last Runtime    Last Run               Last # of DB Queries
-----------------------------------------  -----  ---------  --------  ----------  --------------  -------------------  ----------------------
/opt/airflow/dags/driven_data_pipeline.py                           1           0  0.61s           2025-07-03T05:48:13                      12
================================================================================
[2025-07-03T05:49:08.831+0000] {manager.py:997} INFO - 
================================================================================
DAG File Processing Stats

File Path                                  PID    Runtime      # DAGs    # Errors  Last Runtime    Last Run               Last # of DB Queries
-----------------------------------------  -----  ---------  --------  ----------  --------------  -------------------  ----------------------
/opt/airflow/dags/driven_data_pipeline.py                           1           0  1.18s           2025-07-03T05:48:44                      12
================================================================================
[2025-07-03T05:49:39.163+0000] {manager.py:997} INFO - 
================================================================================
DAG File Processing Stats

File Path                                  PID    Runtime      # DAGs    # Errors  Last Runtime    Last Run               Last # of DB Queries
-----------------------------------------  -----  ---------  --------  ----------  --------------  -------------------  ----------------------
/opt/airflow/dags/driven_data_pipeline.py                           1           0  1.40s           2025-07-03T05:49:16                      12
================================================================================
[2025-07-03T05:50:09.440+0000] {manager.py:997} INFO - 
================================================================================
DAG File Processing Stats

File Path                                  PID    Runtime      # DAGs    # Errors  Last Runtime    Last Run               Last # of DB Queries
-----------------------------------------  -----  ---------  --------  ----------  --------------  -------------------  ----------------------
/opt/airflow/dags/driven_data_pipeline.py                           1           0  0.92s           2025-07-03T05:49:47                      12
================================================================================
[2025-07-03T05:50:39.773+0000] {manager.py:997} INFO - 
================================================================================
DAG File Processing Stats

File Path                                  PID    Runtime      # DAGs    # Errors  Last Runtime    Last Run               Last # of DB Queries
-----------------------------------------  -----  ---------  --------  ----------  --------------  -------------------  ----------------------
/opt/airflow/dags/driven_data_pipeline.py                           1           0  0.51s           2025-07-03T05:50:18                      12
================================================================================
[2025-07-03T05:51:09.969+0000] {manager.py:997} INFO - 
================================================================================
DAG File Processing Stats

File Path                                  PID    Runtime      # DAGs    # Errors  Last Runtime    Last Run               Last # of DB Queries
-----------------------------------------  -----  ---------  --------  ----------  --------------  -------------------  ----------------------
/opt/airflow/dags/driven_data_pipeline.py                           1           0  0.66s           2025-07-03T05:50:48                      12
================================================================================
[2025-07-03T05:51:36.516+0000] {manager.py:821} INFO - Searching for files in /opt/airflow/dags
[2025-07-03T05:51:36.536+0000] {manager.py:824} INFO - There are 1 files in /opt/airflow/dags
[2025-07-03T05:51:40.445+0000] {manager.py:997} INFO - 
================================================================================
DAG File Processing Stats

File Path                                  PID    Runtime      # DAGs    # Errors  Last Runtime    Last Run               Last # of DB Queries
-----------------------------------------  -----  ---------  --------  ----------  --------------  -------------------  ----------------------
/opt/airflow/dags/driven_data_pipeline.py                           1           0  0.39s           2025-07-03T05:51:19                      12
================================================================================
[2025-07-03T05:52:10.753+0000] {manager.py:997} INFO - 
================================================================================
DAG File Processing Stats

File Path                                  PID    Runtime      # DAGs    # Errors  Last Runtime    Last Run               Last # of DB Queries
-----------------------------------------  -----  ---------  --------  ----------  --------------  -------------------  ----------------------
/opt/airflow/dags/driven_data_pipeline.py                           1           0  0.51s           2025-07-03T05:51:50                      12
================================================================================
[2025-07-03T19:21:30.145+0000] {manager.py:483} INFO - Processing files using up to 2 processes at a time 
[2025-07-03T19:21:30.147+0000] {manager.py:484} INFO - Process each file at most once every 30 seconds
[2025-07-03T19:21:30.147+0000] {manager.py:485} INFO - Checking for new files in /opt/airflow/dags every 300 seconds
[2025-07-03T19:21:30.148+0000] {manager.py:821} INFO - Searching for files in /opt/airflow/dags
[2025-07-03T19:21:30.178+0000] {manager.py:824} INFO - There are 1 files in /opt/airflow/dags
[2025-07-03T19:21:30.485+0000] {manager.py:997} INFO - 
================================================================================
DAG File Processing Stats

File Path                                    PID  Runtime      # DAGs    # Errors  Last Runtime    Last Run      Last # of DB Queries
-----------------------------------------  -----  ---------  --------  ----------  --------------  ----------  ----------------------
/opt/airflow/dags/driven_data_pipeline.py     92  0.07s             0           0                                                   0
================================================================================
[2025-07-03T19:21:52.797+0000] {manager.py:465} INFO - Exiting gracefully upon receiving signal 15
[2025-07-03T19:27:13.333+0000] {manager.py:483} INFO - Processing files using up to 2 processes at a time 
[2025-07-03T19:27:13.334+0000] {manager.py:484} INFO - Process each file at most once every 30 seconds
[2025-07-03T19:27:13.335+0000] {manager.py:485} INFO - Checking for new files in /opt/airflow/dags every 300 seconds
[2025-07-03T19:27:13.335+0000] {manager.py:821} INFO - Searching for files in /opt/airflow/dags
[2025-07-03T19:27:13.360+0000] {manager.py:824} INFO - There are 1 files in /opt/airflow/dags
[2025-07-03T19:27:13.658+0000] {manager.py:997} INFO - 
================================================================================
DAG File Processing Stats

File Path                                    PID  Runtime      # DAGs    # Errors  Last Runtime    Last Run      Last # of DB Queries
-----------------------------------------  -----  ---------  --------  ----------  --------------  ----------  ----------------------
/opt/airflow/dags/driven_data_pipeline.py    144  0.07s             0           0                                                   0
================================================================================
[2025-07-03T19:27:43.716+0000] {manager.py:997} INFO - 
================================================================================
DAG File Processing Stats

File Path                                  PID    Runtime      # DAGs    # Errors  Last Runtime    Last Run               Last # of DB Queries
-----------------------------------------  -----  ---------  --------  ----------  --------------  -------------------  ----------------------
/opt/airflow/dags/driven_data_pipeline.py                           1           0  0.88s           2025-07-03T19:27:14                      45
================================================================================
[2025-07-03T19:28:13.776+0000] {manager.py:997} INFO - 
================================================================================
DAG File Processing Stats

File Path                                  PID    Runtime      # DAGs    # Errors  Last Runtime    Last Run               Last # of DB Queries
-----------------------------------------  -----  ---------  --------  ----------  --------------  -------------------  ----------------------
/opt/airflow/dags/driven_data_pipeline.py                           1           0  1.85s           2025-07-03T19:27:46                      12
================================================================================
[2025-07-03T19:28:44.306+0000] {manager.py:997} INFO - 
================================================================================
DAG File Processing Stats

File Path                                  PID    Runtime      # DAGs    # Errors  Last Runtime    Last Run               Last # of DB Queries
-----------------------------------------  -----  ---------  --------  ----------  --------------  -------------------  ----------------------
/opt/airflow/dags/driven_data_pipeline.py                           1           0  1.32s           2025-07-03T19:28:18                      12
================================================================================
[2025-07-03T19:29:14.602+0000] {manager.py:997} INFO - 
================================================================================
DAG File Processing Stats

File Path                                  PID    Runtime      # DAGs    # Errors  Last Runtime    Last Run               Last # of DB Queries
-----------------------------------------  -----  ---------  --------  ----------  --------------  -------------------  ----------------------
/opt/airflow/dags/driven_data_pipeline.py                           1           0  2.94s           2025-07-03T19:28:51                      12
================================================================================
[2025-07-03T19:29:45.053+0000] {manager.py:997} INFO - 
================================================================================
DAG File Processing Stats

File Path                                  PID    Runtime      # DAGs    # Errors  Last Runtime    Last Run               Last # of DB Queries
-----------------------------------------  -----  ---------  --------  ----------  --------------  -------------------  ----------------------
/opt/airflow/dags/driven_data_pipeline.py                           1           0  0.69s           2025-07-03T19:29:22                      12
================================================================================
[2025-07-03T19:30:15.224+0000] {manager.py:997} INFO - 
================================================================================
DAG File Processing Stats

File Path                                  PID    Runtime      # DAGs    # Errors  Last Runtime    Last Run               Last # of DB Queries
-----------------------------------------  -----  ---------  --------  ----------  --------------  -------------------  ----------------------
/opt/airflow/dags/driven_data_pipeline.py                           1           0  0.53s           2025-07-03T19:29:53                      12
================================================================================
[2025-07-03T19:30:45.888+0000] {manager.py:997} INFO - 
================================================================================
DAG File Processing Stats

File Path                                  PID    Runtime      # DAGs    # Errors  Last Runtime    Last Run               Last # of DB Queries
-----------------------------------------  -----  ---------  --------  ----------  --------------  -------------------  ----------------------
/opt/airflow/dags/driven_data_pipeline.py                           1           0  0.60s           2025-07-03T19:30:23                      12
================================================================================
[2025-07-03T19:31:16.206+0000] {manager.py:997} INFO - 
================================================================================
DAG File Processing Stats

File Path                                  PID    Runtime      # DAGs    # Errors  Last Runtime    Last Run               Last # of DB Queries
-----------------------------------------  -----  ---------  --------  ----------  --------------  -------------------  ----------------------
/opt/airflow/dags/driven_data_pipeline.py                           1           0  1.15s           2025-07-03T19:30:55                      12
================================================================================
[2025-07-03T19:31:46.245+0000] {manager.py:997} INFO - 
================================================================================
DAG File Processing Stats

File Path                                  PID    Runtime      # DAGs    # Errors  Last Runtime    Last Run               Last # of DB Queries
-----------------------------------------  -----  ---------  --------  ----------  --------------  -------------------  ----------------------
/opt/airflow/dags/driven_data_pipeline.py                           1           0  0.84s           2025-07-03T19:31:26                      12
================================================================================
[2025-07-03T19:32:13.548+0000] {manager.py:821} INFO - Searching for files in /opt/airflow/dags
[2025-07-03T19:32:13.566+0000] {manager.py:824} INFO - There are 1 files in /opt/airflow/dags
[2025-07-03T19:32:16.599+0000] {manager.py:997} INFO - 
================================================================================
DAG File Processing Stats

File Path                                  PID    Runtime      # DAGs    # Errors  Last Runtime    Last Run               Last # of DB Queries
-----------------------------------------  -----  ---------  --------  ----------  --------------  -------------------  ----------------------
/opt/airflow/dags/driven_data_pipeline.py                           1           0  0.51s           2025-07-03T19:31:56                      12
================================================================================
[2025-07-03T19:32:46.624+0000] {manager.py:997} INFO - 
================================================================================
DAG File Processing Stats

File Path                                  PID    Runtime      # DAGs    # Errors  Last Runtime    Last Run               Last # of DB Queries
-----------------------------------------  -----  ---------  --------  ----------  --------------  -------------------  ----------------------
/opt/airflow/dags/driven_data_pipeline.py                           1           0  0.49s           2025-07-03T19:32:27                      12
================================================================================
[2025-07-03T19:33:16.814+0000] {manager.py:997} INFO - 
================================================================================
DAG File Processing Stats

File Path                                  PID    Runtime      # DAGs    # Errors  Last Runtime    Last Run               Last # of DB Queries
-----------------------------------------  -----  ---------  --------  ----------  --------------  -------------------  ----------------------
/opt/airflow/dags/driven_data_pipeline.py                           1           0  0.48s           2025-07-03T19:32:58                      12
================================================================================
[2025-07-03T19:33:47.044+0000] {manager.py:997} INFO - 
================================================================================
DAG File Processing Stats

File Path                                  PID    Runtime      # DAGs    # Errors  Last Runtime    Last Run               Last # of DB Queries
-----------------------------------------  -----  ---------  --------  ----------  --------------  -------------------  ----------------------
/opt/airflow/dags/driven_data_pipeline.py                           1           0  0.63s           2025-07-03T19:33:29                      12
================================================================================
[2025-07-03T19:34:17.248+0000] {manager.py:997} INFO - 
================================================================================
DAG File Processing Stats

File Path                                  PID    Runtime      # DAGs    # Errors  Last Runtime    Last Run               Last # of DB Queries
-----------------------------------------  -----  ---------  --------  ----------  --------------  -------------------  ----------------------
/opt/airflow/dags/driven_data_pipeline.py                           1           0  0.33s           2025-07-03T19:33:59                      12
================================================================================
[2025-07-03T19:34:47.749+0000] {manager.py:997} INFO - 
================================================================================
DAG File Processing Stats

File Path                                  PID    Runtime      # DAGs    # Errors  Last Runtime    Last Run               Last # of DB Queries
-----------------------------------------  -----  ---------  --------  ----------  --------------  -------------------  ----------------------
/opt/airflow/dags/driven_data_pipeline.py                           1           0  0.45s           2025-07-03T19:34:30                      12
================================================================================
[2025-07-03T19:35:17.899+0000] {manager.py:997} INFO - 
================================================================================
DAG File Processing Stats

File Path                                  PID    Runtime      # DAGs    # Errors  Last Runtime    Last Run               Last # of DB Queries
-----------------------------------------  -----  ---------  --------  ----------  --------------  -------------------  ----------------------
/opt/airflow/dags/driven_data_pipeline.py                           1           0  0.52s           2025-07-03T19:35:00                      12
================================================================================
[2025-07-03T19:35:48.109+0000] {manager.py:997} INFO - 
================================================================================
DAG File Processing Stats

File Path                                  PID    Runtime      # DAGs    # Errors  Last Runtime    Last Run               Last # of DB Queries
-----------------------------------------  -----  ---------  --------  ----------  --------------  -------------------  ----------------------
/opt/airflow/dags/driven_data_pipeline.py                           1           0  0.34s           2025-07-03T19:35:31                      12
================================================================================
[2025-07-03T19:36:18.257+0000] {manager.py:997} INFO - 
================================================================================
DAG File Processing Stats

File Path                                  PID    Runtime      # DAGs    # Errors  Last Runtime    Last Run               Last # of DB Queries
-----------------------------------------  -----  ---------  --------  ----------  --------------  -------------------  ----------------------
/opt/airflow/dags/driven_data_pipeline.py                           1           0  0.61s           2025-07-03T19:36:02                      12
================================================================================
[2025-07-03T19:36:48.835+0000] {manager.py:997} INFO - 
================================================================================
DAG File Processing Stats

File Path                                  PID    Runtime      # DAGs    # Errors  Last Runtime    Last Run               Last # of DB Queries
-----------------------------------------  -----  ---------  --------  ----------  --------------  -------------------  ----------------------
/opt/airflow/dags/driven_data_pipeline.py                           1           0  0.47s           2025-07-03T19:36:32                      12
================================================================================
[2025-07-03T19:37:14.054+0000] {manager.py:821} INFO - Searching for files in /opt/airflow/dags
[2025-07-03T19:37:14.084+0000] {manager.py:824} INFO - There are 1 files in /opt/airflow/dags
[2025-07-03T19:37:19.127+0000] {manager.py:997} INFO - 
================================================================================
DAG File Processing Stats

File Path                                  PID    Runtime      # DAGs    # Errors  Last Runtime    Last Run               Last # of DB Queries
-----------------------------------------  -----  ---------  --------  ----------  --------------  -------------------  ----------------------
/opt/airflow/dags/driven_data_pipeline.py                           1           0  0.40s           2025-07-03T19:37:03                      12
================================================================================
[2025-07-03T19:37:49.707+0000] {manager.py:997} INFO - 
================================================================================
DAG File Processing Stats

File Path                                  PID    Runtime      # DAGs    # Errors  Last Runtime    Last Run               Last # of DB Queries
-----------------------------------------  -----  ---------  --------  ----------  --------------  -------------------  ----------------------
/opt/airflow/dags/driven_data_pipeline.py                           1           0  0.44s           2025-07-03T19:37:34                      12
================================================================================
[2025-07-03T19:38:19.897+0000] {manager.py:997} INFO - 
================================================================================
DAG File Processing Stats

File Path                                  PID    Runtime      # DAGs    # Errors  Last Runtime    Last Run               Last # of DB Queries
-----------------------------------------  -----  ---------  --------  ----------  --------------  -------------------  ----------------------
/opt/airflow/dags/driven_data_pipeline.py                           1           0  0.65s           2025-07-03T19:38:04                      12
================================================================================
[2025-07-03T19:38:50.121+0000] {manager.py:997} INFO - 
================================================================================
DAG File Processing Stats

File Path                                  PID    Runtime      # DAGs    # Errors  Last Runtime    Last Run               Last # of DB Queries
-----------------------------------------  -----  ---------  --------  ----------  --------------  -------------------  ----------------------
/opt/airflow/dags/driven_data_pipeline.py                           1           0  0.29s           2025-07-03T19:38:35                      12
================================================================================
[2025-07-03T19:39:20.565+0000] {manager.py:997} INFO - 
================================================================================
DAG File Processing Stats

File Path                                  PID    Runtime      # DAGs    # Errors  Last Runtime    Last Run               Last # of DB Queries
-----------------------------------------  -----  ---------  --------  ----------  --------------  -------------------  ----------------------
/opt/airflow/dags/driven_data_pipeline.py                           1           0  0.39s           2025-07-03T19:39:05                      12
================================================================================
[2025-07-03T19:39:51.147+0000] {manager.py:997} INFO - 
================================================================================
DAG File Processing Stats

File Path                                  PID    Runtime      # DAGs    # Errors  Last Runtime    Last Run               Last # of DB Queries
-----------------------------------------  -----  ---------  --------  ----------  --------------  -------------------  ----------------------
/opt/airflow/dags/driven_data_pipeline.py                           1           0  0.38s           2025-07-03T19:39:36                      12
================================================================================
[2025-07-03T19:40:21.705+0000] {manager.py:997} INFO - 
================================================================================
DAG File Processing Stats

File Path                                  PID    Runtime      # DAGs    # Errors  Last Runtime    Last Run               Last # of DB Queries
-----------------------------------------  -----  ---------  --------  ----------  --------------  -------------------  ----------------------
/opt/airflow/dags/driven_data_pipeline.py                           1           0  0.37s           2025-07-03T19:40:06                      12
================================================================================
[2025-07-03T19:40:52.269+0000] {manager.py:997} INFO - 
================================================================================
DAG File Processing Stats

File Path                                  PID    Runtime      # DAGs    # Errors  Last Runtime    Last Run               Last # of DB Queries
-----------------------------------------  -----  ---------  --------  ----------  --------------  -------------------  ----------------------
/opt/airflow/dags/driven_data_pipeline.py                           1           0  0.43s           2025-07-03T19:40:37                      12
================================================================================
[2025-07-03T19:41:22.892+0000] {manager.py:997} INFO - 
================================================================================
DAG File Processing Stats

File Path                                  PID    Runtime      # DAGs    # Errors  Last Runtime    Last Run               Last # of DB Queries
-----------------------------------------  -----  ---------  --------  ----------  --------------  -------------------  ----------------------
/opt/airflow/dags/driven_data_pipeline.py                           1           0  0.35s           2025-07-03T19:41:08                      12
================================================================================
[2025-07-03T19:41:53.419+0000] {manager.py:997} INFO - 
================================================================================
DAG File Processing Stats

File Path                                  PID    Runtime      # DAGs    # Errors  Last Runtime    Last Run               Last # of DB Queries
-----------------------------------------  -----  ---------  --------  ----------  --------------  -------------------  ----------------------
/opt/airflow/dags/driven_data_pipeline.py                           1           0  0.43s           2025-07-03T19:41:38                      12
================================================================================
[2025-07-03T19:42:14.408+0000] {manager.py:821} INFO - Searching for files in /opt/airflow/dags
[2025-07-03T19:42:14.425+0000] {manager.py:824} INFO - There are 1 files in /opt/airflow/dags
[2025-07-03T19:42:23.480+0000] {manager.py:997} INFO - 
================================================================================
DAG File Processing Stats

File Path                                  PID    Runtime      # DAGs    # Errors  Last Runtime    Last Run               Last # of DB Queries
-----------------------------------------  -----  ---------  --------  ----------  --------------  -------------------  ----------------------
/opt/airflow/dags/driven_data_pipeline.py                           1           0  0.43s           2025-07-03T19:42:09                      12
================================================================================
[2025-07-03T19:42:53.667+0000] {manager.py:997} INFO - 
================================================================================
DAG File Processing Stats

File Path                                  PID    Runtime      # DAGs    # Errors  Last Runtime    Last Run               Last # of DB Queries
-----------------------------------------  -----  ---------  --------  ----------  --------------  -------------------  ----------------------
/opt/airflow/dags/driven_data_pipeline.py                           1           0  0.48s           2025-07-03T19:42:40                      12
================================================================================
[2025-07-03T19:43:23.801+0000] {manager.py:997} INFO - 
================================================================================
DAG File Processing Stats

File Path                                  PID    Runtime      # DAGs    # Errors  Last Runtime    Last Run               Last # of DB Queries
-----------------------------------------  -----  ---------  --------  ----------  --------------  -------------------  ----------------------
/opt/airflow/dags/driven_data_pipeline.py                           1           0  0.47s           2025-07-03T19:43:10                      12
================================================================================
[2025-07-03T19:43:53.992+0000] {manager.py:997} INFO - 
================================================================================
DAG File Processing Stats

File Path                                  PID    Runtime      # DAGs    # Errors  Last Runtime    Last Run               Last # of DB Queries
-----------------------------------------  -----  ---------  --------  ----------  --------------  -------------------  ----------------------
/opt/airflow/dags/driven_data_pipeline.py                           1           0  0.33s           2025-07-03T19:43:41                      12
================================================================================
[2025-07-03T19:44:24.509+0000] {manager.py:997} INFO - 
================================================================================
DAG File Processing Stats

File Path                                  PID    Runtime      # DAGs    # Errors  Last Runtime    Last Run               Last # of DB Queries
-----------------------------------------  -----  ---------  --------  ----------  --------------  -------------------  ----------------------
/opt/airflow/dags/driven_data_pipeline.py                           1           0  0.37s           2025-07-03T19:44:11                      12
================================================================================
[2025-07-03T19:44:55.058+0000] {manager.py:997} INFO - 
================================================================================
DAG File Processing Stats

File Path                                  PID    Runtime      # DAGs    # Errors  Last Runtime    Last Run               Last # of DB Queries
-----------------------------------------  -----  ---------  --------  ----------  --------------  -------------------  ----------------------
/opt/airflow/dags/driven_data_pipeline.py                           1           0  0.39s           2025-07-03T19:44:42                      12
================================================================================
[2025-07-03T19:45:25.639+0000] {manager.py:997} INFO - 
================================================================================
DAG File Processing Stats

File Path                                  PID    Runtime      # DAGs    # Errors  Last Runtime    Last Run               Last # of DB Queries
-----------------------------------------  -----  ---------  --------  ----------  --------------  -------------------  ----------------------
/opt/airflow/dags/driven_data_pipeline.py                           1           0  0.32s           2025-07-03T19:45:12                      12
================================================================================
[2025-07-03T19:45:56.152+0000] {manager.py:997} INFO - 
================================================================================
DAG File Processing Stats

File Path                                  PID    Runtime      # DAGs    # Errors  Last Runtime    Last Run               Last # of DB Queries
-----------------------------------------  -----  ---------  --------  ----------  --------------  -------------------  ----------------------
/opt/airflow/dags/driven_data_pipeline.py                           1           0  0.43s           2025-07-03T19:45:43                      12
================================================================================
[2025-07-03T19:46:26.752+0000] {manager.py:997} INFO - 
================================================================================
DAG File Processing Stats

File Path                                  PID    Runtime      # DAGs    # Errors  Last Runtime    Last Run               Last # of DB Queries
-----------------------------------------  -----  ---------  --------  ----------  --------------  -------------------  ----------------------
/opt/airflow/dags/driven_data_pipeline.py                           1           0  0.35s           2025-07-03T19:46:14                      12
================================================================================
[2025-07-03T19:46:57.281+0000] {manager.py:997} INFO - 
================================================================================
DAG File Processing Stats

File Path                                  PID    Runtime      # DAGs    # Errors  Last Runtime    Last Run               Last # of DB Queries
-----------------------------------------  -----  ---------  --------  ----------  --------------  -------------------  ----------------------
/opt/airflow/dags/driven_data_pipeline.py                           1           0  0.39s           2025-07-03T19:46:44                      12
================================================================================
[2025-07-03T19:47:14.762+0000] {manager.py:821} INFO - Searching for files in /opt/airflow/dags
[2025-07-03T19:47:14.780+0000] {manager.py:824} INFO - There are 1 files in /opt/airflow/dags
[2025-07-03T19:47:27.473+0000] {manager.py:997} INFO - 
================================================================================
DAG File Processing Stats

File Path                                  PID    Runtime      # DAGs    # Errors  Last Runtime    Last Run               Last # of DB Queries
-----------------------------------------  -----  ---------  --------  ----------  --------------  -------------------  ----------------------
/opt/airflow/dags/driven_data_pipeline.py                           1           0  0.52s           2025-07-03T19:47:15                      12
================================================================================
[2025-07-03T19:47:57.710+0000] {manager.py:997} INFO - 
================================================================================
DAG File Processing Stats

File Path                                  PID    Runtime      # DAGs    # Errors  Last Runtime    Last Run               Last # of DB Queries
-----------------------------------------  -----  ---------  --------  ----------  --------------  -------------------  ----------------------
/opt/airflow/dags/driven_data_pipeline.py                           1           0  0.37s           2025-07-03T19:47:45                      12
================================================================================
[2025-07-03T19:48:27.856+0000] {manager.py:997} INFO - 
================================================================================
DAG File Processing Stats

File Path                                  PID    Runtime      # DAGs    # Errors  Last Runtime    Last Run               Last # of DB Queries
-----------------------------------------  -----  ---------  --------  ----------  --------------  -------------------  ----------------------
/opt/airflow/dags/driven_data_pipeline.py                           1           0  0.60s           2025-07-03T19:48:16                      12
================================================================================
[2025-07-03T19:48:58.460+0000] {manager.py:997} INFO - 
================================================================================
DAG File Processing Stats

File Path                                  PID    Runtime      # DAGs    # Errors  Last Runtime    Last Run               Last # of DB Queries
-----------------------------------------  -----  ---------  --------  ----------  --------------  -------------------  ----------------------
/opt/airflow/dags/driven_data_pipeline.py                           1           0  0.42s           2025-07-03T19:48:47                      12
================================================================================
[2025-07-03T19:49:28.672+0000] {manager.py:997} INFO - 
================================================================================
DAG File Processing Stats

File Path                                  PID    Runtime      # DAGs    # Errors  Last Runtime    Last Run               Last # of DB Queries
-----------------------------------------  -----  ---------  --------  ----------  --------------  -------------------  ----------------------
/opt/airflow/dags/driven_data_pipeline.py                           1           0  0.48s           2025-07-03T19:49:18                      12
================================================================================
[2025-07-03T19:49:58.690+0000] {manager.py:997} INFO - 
================================================================================
DAG File Processing Stats

File Path                                  PID    Runtime      # DAGs    # Errors  Last Runtime    Last Run               Last # of DB Queries
-----------------------------------------  -----  ---------  --------  ----------  --------------  -------------------  ----------------------
/opt/airflow/dags/driven_data_pipeline.py                           1           0  0.38s           2025-07-03T19:49:48                      12
================================================================================
[2025-07-03T19:50:28.876+0000] {manager.py:997} INFO - 
================================================================================
DAG File Processing Stats

File Path                                  PID    Runtime      # DAGs    # Errors  Last Runtime    Last Run               Last # of DB Queries
-----------------------------------------  -----  ---------  --------  ----------  --------------  -------------------  ----------------------
/opt/airflow/dags/driven_data_pipeline.py                           1           0  0.43s           2025-07-03T19:50:19                      12
================================================================================
[2025-07-03T19:50:58.886+0000] {manager.py:997} INFO - 
================================================================================
DAG File Processing Stats

File Path                                  PID    Runtime      # DAGs    # Errors  Last Runtime    Last Run               Last # of DB Queries
-----------------------------------------  -----  ---------  --------  ----------  --------------  -------------------  ----------------------
/opt/airflow/dags/driven_data_pipeline.py                           1           0  0.41s           2025-07-03T19:50:49                      12
================================================================================
[2025-07-03T19:51:29.077+0000] {manager.py:997} INFO - 
================================================================================
DAG File Processing Stats

File Path                                  PID    Runtime      # DAGs    # Errors  Last Runtime    Last Run               Last # of DB Queries
-----------------------------------------  -----  ---------  --------  ----------  --------------  -------------------  ----------------------
/opt/airflow/dags/driven_data_pipeline.py                           1           0  0.44s           2025-07-03T19:51:20                      12
================================================================================
[2025-07-03T19:51:59.129+0000] {manager.py:997} INFO - 
================================================================================
DAG File Processing Stats

File Path                                  PID    Runtime      # DAGs    # Errors  Last Runtime    Last Run               Last # of DB Queries
-----------------------------------------  -----  ---------  --------  ----------  --------------  -------------------  ----------------------
/opt/airflow/dags/driven_data_pipeline.py                           1           0  0.43s           2025-07-03T19:51:51                      12
================================================================================
[2025-07-03T19:52:14.815+0000] {manager.py:821} INFO - Searching for files in /opt/airflow/dags
[2025-07-03T19:52:14.832+0000] {manager.py:824} INFO - There are 1 files in /opt/airflow/dags
[2025-07-03T19:52:29.307+0000] {manager.py:997} INFO - 
================================================================================
DAG File Processing Stats

File Path                                  PID    Runtime      # DAGs    # Errors  Last Runtime    Last Run               Last # of DB Queries
-----------------------------------------  -----  ---------  --------  ----------  --------------  -------------------  ----------------------
/opt/airflow/dags/driven_data_pipeline.py                           1           0  0.46s           2025-07-03T19:52:21                      12
================================================================================
[2025-07-03T20:02:49.896+0000] {manager.py:821} INFO - Searching for files in /opt/airflow/dags
[2025-07-03T20:02:50.104+0000] {manager.py:824} INFO - There are 1 files in /opt/airflow/dags
[2025-07-03T20:03:27.281+0000] {manager.py:997} INFO - 
================================================================================
DAG File Processing Stats

File Path                                    PID  Runtime      # DAGs    # Errors  Last Runtime    Last Run               Last # of DB Queries
-----------------------------------------  -----  ---------  --------  ----------  --------------  -------------------  ----------------------
/opt/airflow/dags/driven_data_pipeline.py    563  37.00s            1           0  0.80s           2025-07-03T19:52:52                      12
================================================================================
[2025-07-03T20:03:57.572+0000] {manager.py:997} INFO - 
================================================================================
DAG File Processing Stats

File Path                                  PID    Runtime      # DAGs    # Errors  Last Runtime    Last Run               Last # of DB Queries
-----------------------------------------  -----  ---------  --------  ----------  --------------  -------------------  ----------------------
/opt/airflow/dags/driven_data_pipeline.py                           1           0  37.39s          2025-07-03T20:03:27                      12
================================================================================
[2025-07-03T20:04:27.737+0000] {manager.py:997} INFO - 
================================================================================
DAG File Processing Stats

File Path                                  PID    Runtime      # DAGs    # Errors  Last Runtime    Last Run               Last # of DB Queries
-----------------------------------------  -----  ---------  --------  ----------  --------------  -------------------  ----------------------
/opt/airflow/dags/driven_data_pipeline.py                           1           0  0.67s           2025-07-03T20:03:58                      12
================================================================================
[2025-07-03T20:04:58.232+0000] {manager.py:997} INFO - 
================================================================================
DAG File Processing Stats

File Path                                  PID    Runtime      # DAGs    # Errors  Last Runtime    Last Run               Last # of DB Queries
-----------------------------------------  -----  ---------  --------  ----------  --------------  -------------------  ----------------------
/opt/airflow/dags/driven_data_pipeline.py                           1           0  0.44s           2025-07-03T20:04:29                      12
================================================================================
[2025-07-03T20:05:28.536+0000] {manager.py:997} INFO - 
================================================================================
DAG File Processing Stats

File Path                                  PID    Runtime      # DAGs    # Errors  Last Runtime    Last Run               Last # of DB Queries
-----------------------------------------  -----  ---------  --------  ----------  --------------  -------------------  ----------------------
/opt/airflow/dags/driven_data_pipeline.py                           1           0  0.41s           2025-07-03T20:04:59                      12
================================================================================
[2025-07-03T20:05:59.039+0000] {manager.py:997} INFO - 
================================================================================
DAG File Processing Stats

File Path                                  PID    Runtime      # DAGs    # Errors  Last Runtime    Last Run               Last # of DB Queries
-----------------------------------------  -----  ---------  --------  ----------  --------------  -------------------  ----------------------
/opt/airflow/dags/driven_data_pipeline.py                           1           0  0.43s           2025-07-03T20:05:30                      12
================================================================================
[2025-07-03T20:06:29.087+0000] {manager.py:997} INFO - 
================================================================================
DAG File Processing Stats

File Path                                  PID    Runtime      # DAGs    # Errors  Last Runtime    Last Run               Last # of DB Queries
-----------------------------------------  -----  ---------  --------  ----------  --------------  -------------------  ----------------------
/opt/airflow/dags/driven_data_pipeline.py                           1           0  0.48s           2025-07-03T20:06:00                      12
================================================================================
[2025-07-03T20:06:59.817+0000] {manager.py:997} INFO - 
================================================================================
DAG File Processing Stats

File Path                                  PID    Runtime      # DAGs    # Errors  Last Runtime    Last Run               Last # of DB Queries
-----------------------------------------  -----  ---------  --------  ----------  --------------  -------------------  ----------------------
/opt/airflow/dags/driven_data_pipeline.py                           1           0  0.62s           2025-07-03T20:06:31                      12
================================================================================
[2025-07-03T20:07:30.065+0000] {manager.py:997} INFO - 
================================================================================
DAG File Processing Stats

File Path                                  PID    Runtime      # DAGs    # Errors  Last Runtime    Last Run               Last # of DB Queries
-----------------------------------------  -----  ---------  --------  ----------  --------------  -------------------  ----------------------
/opt/airflow/dags/driven_data_pipeline.py                           1           0  0.37s           2025-07-03T20:07:02                      12
================================================================================
[2025-07-03T20:07:50.488+0000] {manager.py:821} INFO - Searching for files in /opt/airflow/dags
[2025-07-03T20:07:50.506+0000] {manager.py:824} INFO - There are 1 files in /opt/airflow/dags
[2025-07-03T20:08:00.582+0000] {manager.py:997} INFO - 
================================================================================
DAG File Processing Stats

File Path                                  PID    Runtime      # DAGs    # Errors  Last Runtime    Last Run               Last # of DB Queries
-----------------------------------------  -----  ---------  --------  ----------  --------------  -------------------  ----------------------
/opt/airflow/dags/driven_data_pipeline.py                           1           0  0.38s           2025-07-03T20:07:32                      12
================================================================================
[2025-07-03T20:08:30.576+0000] {manager.py:997} INFO - 
================================================================================
DAG File Processing Stats

File Path                                  PID    Runtime      # DAGs    # Errors  Last Runtime    Last Run               Last # of DB Queries
-----------------------------------------  -----  ---------  --------  ----------  --------------  -------------------  ----------------------
/opt/airflow/dags/driven_data_pipeline.py                           1           0  0.48s           2025-07-03T20:08:03                      12
================================================================================
[2025-07-03T20:09:00.766+0000] {manager.py:997} INFO - 
================================================================================
DAG File Processing Stats

File Path                                  PID    Runtime      # DAGs    # Errors  Last Runtime    Last Run               Last # of DB Queries
-----------------------------------------  -----  ---------  --------  ----------  --------------  -------------------  ----------------------
/opt/airflow/dags/driven_data_pipeline.py                           1           0  0.34s           2025-07-03T20:08:33                      12
================================================================================
[2025-07-03T20:09:31.291+0000] {manager.py:997} INFO - 
================================================================================
DAG File Processing Stats

File Path                                  PID    Runtime      # DAGs    # Errors  Last Runtime    Last Run               Last # of DB Queries
-----------------------------------------  -----  ---------  --------  ----------  --------------  -------------------  ----------------------
/opt/airflow/dags/driven_data_pipeline.py                           1           0  0.45s           2025-07-03T20:09:04                      12
================================================================================
[2025-07-03T20:10:01.938+0000] {manager.py:997} INFO - 
================================================================================
DAG File Processing Stats

File Path                                  PID    Runtime      # DAGs    # Errors  Last Runtime    Last Run               Last # of DB Queries
-----------------------------------------  -----  ---------  --------  ----------  --------------  -------------------  ----------------------
/opt/airflow/dags/driven_data_pipeline.py                           1           0  0.34s           2025-07-03T20:09:35                      12
================================================================================
[2025-07-03T20:10:32.461+0000] {manager.py:997} INFO - 
================================================================================
DAG File Processing Stats

File Path                                  PID    Runtime      # DAGs    # Errors  Last Runtime    Last Run               Last # of DB Queries
-----------------------------------------  -----  ---------  --------  ----------  --------------  -------------------  ----------------------
/opt/airflow/dags/driven_data_pipeline.py                           1           0  0.47s           2025-07-03T20:10:05                      12
================================================================================
[2025-07-03T20:11:02.565+0000] {manager.py:997} INFO - 
================================================================================
DAG File Processing Stats

File Path                                  PID    Runtime      # DAGs    # Errors  Last Runtime    Last Run               Last # of DB Queries
-----------------------------------------  -----  ---------  --------  ----------  --------------  -------------------  ----------------------
/opt/airflow/dags/driven_data_pipeline.py                           1           0  0.45s           2025-07-03T20:10:36                      12
================================================================================
[2025-07-03T20:11:32.765+0000] {manager.py:997} INFO - 
================================================================================
DAG File Processing Stats

File Path                                  PID    Runtime      # DAGs    # Errors  Last Runtime    Last Run               Last # of DB Queries
-----------------------------------------  -----  ---------  --------  ----------  --------------  -------------------  ----------------------
/opt/airflow/dags/driven_data_pipeline.py                           1           0  0.53s           2025-07-03T20:11:07                      12
================================================================================
[2025-07-03T20:12:02.970+0000] {manager.py:997} INFO - 
================================================================================
DAG File Processing Stats

File Path                                  PID    Runtime      # DAGs    # Errors  Last Runtime    Last Run               Last # of DB Queries
-----------------------------------------  -----  ---------  --------  ----------  --------------  -------------------  ----------------------
/opt/airflow/dags/driven_data_pipeline.py                           1           0  0.48s           2025-07-03T20:11:37                      12
================================================================================
[2025-07-03T20:12:33.175+0000] {manager.py:997} INFO - 
================================================================================
DAG File Processing Stats

File Path                                  PID    Runtime      # DAGs    # Errors  Last Runtime    Last Run               Last # of DB Queries
-----------------------------------------  -----  ---------  --------  ----------  --------------  -------------------  ----------------------
/opt/airflow/dags/driven_data_pipeline.py                           1           0  0.52s           2025-07-03T20:12:08                      12
================================================================================
[2025-07-03T20:12:51.282+0000] {manager.py:821} INFO - Searching for files in /opt/airflow/dags
[2025-07-03T20:12:51.300+0000] {manager.py:824} INFO - There are 1 files in /opt/airflow/dags
[2025-07-03T20:13:03.395+0000] {manager.py:997} INFO - 
================================================================================
DAG File Processing Stats

File Path                                  PID    Runtime      # DAGs    # Errors  Last Runtime    Last Run               Last # of DB Queries
-----------------------------------------  -----  ---------  --------  ----------  --------------  -------------------  ----------------------
/opt/airflow/dags/driven_data_pipeline.py                           1           0  0.61s           2025-07-03T20:12:39                      12
================================================================================
[2025-07-03T20:13:33.653+0000] {manager.py:997} INFO - 
================================================================================
DAG File Processing Stats

File Path                                  PID    Runtime      # DAGs    # Errors  Last Runtime    Last Run               Last # of DB Queries
-----------------------------------------  -----  ---------  --------  ----------  --------------  -------------------  ----------------------
/opt/airflow/dags/driven_data_pipeline.py                           1           0  0.39s           2025-07-03T20:13:09                      12
================================================================================
[2025-07-03T20:14:03.758+0000] {manager.py:997} INFO - 
================================================================================
DAG File Processing Stats

File Path                                  PID    Runtime      # DAGs    # Errors  Last Runtime    Last Run               Last # of DB Queries
-----------------------------------------  -----  ---------  --------  ----------  --------------  -------------------  ----------------------
/opt/airflow/dags/driven_data_pipeline.py                           1           0  0.55s           2025-07-03T20:13:40                      12
================================================================================
[2025-07-03T20:14:34.402+0000] {manager.py:997} INFO - 
================================================================================
DAG File Processing Stats

File Path                                  PID    Runtime      # DAGs    # Errors  Last Runtime    Last Run               Last # of DB Queries
-----------------------------------------  -----  ---------  --------  ----------  --------------  -------------------  ----------------------
/opt/airflow/dags/driven_data_pipeline.py                           1           0  0.72s           2025-07-03T20:14:11                      12
================================================================================
[2025-07-03T20:15:04.652+0000] {manager.py:997} INFO - 
================================================================================
DAG File Processing Stats

File Path                                  PID    Runtime      # DAGs    # Errors  Last Runtime    Last Run               Last # of DB Queries
-----------------------------------------  -----  ---------  --------  ----------  --------------  -------------------  ----------------------
/opt/airflow/dags/driven_data_pipeline.py                           1           0  0.92s           2025-07-03T20:14:42                      12
================================================================================
[2025-07-03T20:15:34.983+0000] {manager.py:997} INFO - 
================================================================================
DAG File Processing Stats

File Path                                  PID    Runtime      # DAGs    # Errors  Last Runtime    Last Run               Last # of DB Queries
-----------------------------------------  -----  ---------  --------  ----------  --------------  -------------------  ----------------------
/opt/airflow/dags/driven_data_pipeline.py                           1           0  0.44s           2025-07-03T20:15:13                      12
================================================================================
[2025-07-03T20:16:04.996+0000] {manager.py:997} INFO - 
================================================================================
DAG File Processing Stats

File Path                                  PID    Runtime      # DAGs    # Errors  Last Runtime    Last Run               Last # of DB Queries
-----------------------------------------  -----  ---------  --------  ----------  --------------  -------------------  ----------------------
/opt/airflow/dags/driven_data_pipeline.py                           1           0  0.54s           2025-07-03T20:15:43                      12
================================================================================
[2025-07-03T20:16:35.198+0000] {manager.py:997} INFO - 
================================================================================
DAG File Processing Stats

File Path                                  PID    Runtime      # DAGs    # Errors  Last Runtime    Last Run               Last # of DB Queries
-----------------------------------------  -----  ---------  --------  ----------  --------------  -------------------  ----------------------
/opt/airflow/dags/driven_data_pipeline.py                           1           0  0.40s           2025-07-03T20:16:14                      12
================================================================================
[2025-07-03T20:17:05.388+0000] {manager.py:997} INFO - 
================================================================================
DAG File Processing Stats

File Path                                  PID    Runtime      # DAGs    # Errors  Last Runtime    Last Run               Last # of DB Queries
-----------------------------------------  -----  ---------  --------  ----------  --------------  -------------------  ----------------------
/opt/airflow/dags/driven_data_pipeline.py                           1           0  0.55s           2025-07-03T20:16:45                      12
================================================================================
[2025-07-03T20:17:35.591+0000] {manager.py:997} INFO - 
================================================================================
DAG File Processing Stats

File Path                                  PID    Runtime      # DAGs    # Errors  Last Runtime    Last Run               Last # of DB Queries
-----------------------------------------  -----  ---------  --------  ----------  --------------  -------------------  ----------------------
/opt/airflow/dags/driven_data_pipeline.py                           1           0  0.44s           2025-07-03T20:17:15                      12
================================================================================
[2025-07-03T20:17:51.687+0000] {manager.py:821} INFO - Searching for files in /opt/airflow/dags
[2025-07-03T20:17:51.715+0000] {manager.py:824} INFO - There are 1 files in /opt/airflow/dags
[2025-07-03T20:18:05.818+0000] {manager.py:997} INFO - 
================================================================================
DAG File Processing Stats

File Path                                  PID    Runtime      # DAGs    # Errors  Last Runtime    Last Run               Last # of DB Queries
-----------------------------------------  -----  ---------  --------  ----------  --------------  -------------------  ----------------------
/opt/airflow/dags/driven_data_pipeline.py                           1           0  0.56s           2025-07-03T20:17:46                      12
================================================================================
[2025-07-03T20:18:36.384+0000] {manager.py:997} INFO - 
================================================================================
DAG File Processing Stats

File Path                                  PID    Runtime      # DAGs    # Errors  Last Runtime    Last Run               Last # of DB Queries
-----------------------------------------  -----  ---------  --------  ----------  --------------  -------------------  ----------------------
/opt/airflow/dags/driven_data_pipeline.py                           1           0  0.51s           2025-07-03T20:18:17                      12
================================================================================
[2025-07-03T20:19:06.707+0000] {manager.py:997} INFO - 
================================================================================
DAG File Processing Stats

File Path                                  PID    Runtime      # DAGs    # Errors  Last Runtime    Last Run               Last # of DB Queries
-----------------------------------------  -----  ---------  --------  ----------  --------------  -------------------  ----------------------
/opt/airflow/dags/driven_data_pipeline.py                           1           0  0.44s           2025-07-03T20:18:47                      12
================================================================================
[2025-07-03T20:19:37.217+0000] {manager.py:997} INFO - 
================================================================================
DAG File Processing Stats

File Path                                  PID    Runtime      # DAGs    # Errors  Last Runtime    Last Run               Last # of DB Queries
-----------------------------------------  -----  ---------  --------  ----------  --------------  -------------------  ----------------------
/opt/airflow/dags/driven_data_pipeline.py                           1           0  0.48s           2025-07-03T20:19:18                      12
================================================================================
[2025-07-03T20:20:07.356+0000] {manager.py:997} INFO - 
================================================================================
DAG File Processing Stats

File Path                                  PID    Runtime      # DAGs    # Errors  Last Runtime    Last Run               Last # of DB Queries
-----------------------------------------  -----  ---------  --------  ----------  --------------  -------------------  ----------------------
/opt/airflow/dags/driven_data_pipeline.py                           1           0  0.49s           2025-07-03T20:19:49                      12
================================================================================
[2025-07-03T20:20:38.059+0000] {manager.py:997} INFO - 
================================================================================
DAG File Processing Stats

File Path                                  PID    Runtime      # DAGs    # Errors  Last Runtime    Last Run               Last # of DB Queries
-----------------------------------------  -----  ---------  --------  ----------  --------------  -------------------  ----------------------
/opt/airflow/dags/driven_data_pipeline.py                           1           0  0.50s           2025-07-03T20:20:19                      12
================================================================================
[2025-07-03T20:21:08.278+0000] {manager.py:997} INFO - 
================================================================================
DAG File Processing Stats

File Path                                  PID    Runtime      # DAGs    # Errors  Last Runtime    Last Run               Last # of DB Queries
-----------------------------------------  -----  ---------  --------  ----------  --------------  -------------------  ----------------------
/opt/airflow/dags/driven_data_pipeline.py                           1           0  0.50s           2025-07-03T20:20:50                      12
================================================================================
[2025-07-03T20:21:38.365+0000] {manager.py:997} INFO - 
================================================================================
DAG File Processing Stats

File Path                                  PID    Runtime      # DAGs    # Errors  Last Runtime    Last Run               Last # of DB Queries
-----------------------------------------  -----  ---------  --------  ----------  --------------  -------------------  ----------------------
/opt/airflow/dags/driven_data_pipeline.py                           1           0  0.44s           2025-07-03T20:21:21                      12
================================================================================
[2025-07-03T20:22:08.559+0000] {manager.py:997} INFO - 
================================================================================
DAG File Processing Stats

File Path                                  PID    Runtime      # DAGs    # Errors  Last Runtime    Last Run               Last # of DB Queries
-----------------------------------------  -----  ---------  --------  ----------  --------------  -------------------  ----------------------
/opt/airflow/dags/driven_data_pipeline.py                           1           0  0.54s           2025-07-03T20:21:52                      12
================================================================================
[2025-07-03T20:22:38.710+0000] {manager.py:997} INFO - 
================================================================================
DAG File Processing Stats

File Path                                  PID    Runtime      # DAGs    # Errors  Last Runtime    Last Run               Last # of DB Queries
-----------------------------------------  -----  ---------  --------  ----------  --------------  -------------------  ----------------------
/opt/airflow/dags/driven_data_pipeline.py                           1           0  0.42s           2025-07-03T20:22:22                      12
================================================================================
[2025-07-03T20:22:51.783+0000] {manager.py:821} INFO - Searching for files in /opt/airflow/dags
[2025-07-03T20:22:51.803+0000] {manager.py:824} INFO - There are 1 files in /opt/airflow/dags
[2025-07-03T20:23:08.969+0000] {manager.py:997} INFO - 
================================================================================
DAG File Processing Stats

File Path                                  PID    Runtime      # DAGs    # Errors  Last Runtime    Last Run               Last # of DB Queries
-----------------------------------------  -----  ---------  --------  ----------  --------------  -------------------  ----------------------
/opt/airflow/dags/driven_data_pipeline.py                           1           0  0.55s           2025-07-03T20:22:53                      12
================================================================================
[2025-07-03T20:23:43.389+0000] {manager.py:997} INFO - 
================================================================================
DAG File Processing Stats

File Path                                  PID    Runtime      # DAGs    # Errors  Last Runtime    Last Run               Last # of DB Queries
-----------------------------------------  -----  ---------  --------  ----------  --------------  -------------------  ----------------------
/opt/airflow/dags/driven_data_pipeline.py                           1           0  0.76s           2025-07-03T20:23:24                      12
================================================================================
[2025-07-03T20:24:12.936+0000] {manager.py:997} INFO - 
================================================================================
DAG File Processing Stats

File Path                                  PID    Runtime      # DAGs    # Errors  Last Runtime    Last Run               Last # of DB Queries
-----------------------------------------  -----  ---------  --------  ----------  --------------  -------------------  ----------------------
/opt/airflow/dags/driven_data_pipeline.py                           1           0  0.45s           2025-07-03T20:23:55                      12
================================================================================
[2025-07-03T20:24:42.929+0000] {manager.py:997} INFO - 
================================================================================
DAG File Processing Stats

File Path                                  PID    Runtime      # DAGs    # Errors  Last Runtime    Last Run               Last # of DB Queries
-----------------------------------------  -----  ---------  --------  ----------  --------------  -------------------  ----------------------
/opt/airflow/dags/driven_data_pipeline.py                           1           0  0.50s           2025-07-03T20:24:25                      12
================================================================================
[2025-07-03T20:25:13.175+0000] {manager.py:997} INFO - 
================================================================================
DAG File Processing Stats

File Path                                  PID    Runtime      # DAGs    # Errors  Last Runtime    Last Run               Last # of DB Queries
-----------------------------------------  -----  ---------  --------  ----------  --------------  -------------------  ----------------------
/opt/airflow/dags/driven_data_pipeline.py                           1           0  0.41s           2025-07-03T20:24:56                      12
================================================================================
[2025-07-03T20:25:43.295+0000] {manager.py:997} INFO - 
================================================================================
DAG File Processing Stats

File Path                                  PID    Runtime      # DAGs    # Errors  Last Runtime    Last Run               Last # of DB Queries
-----------------------------------------  -----  ---------  --------  ----------  --------------  -------------------  ----------------------
/opt/airflow/dags/driven_data_pipeline.py                           1           0  0.57s           2025-07-03T20:25:27                      12
================================================================================
[2025-07-03T20:26:13.890+0000] {manager.py:997} INFO - 
================================================================================
DAG File Processing Stats

File Path                                  PID    Runtime      # DAGs    # Errors  Last Runtime    Last Run               Last # of DB Queries
-----------------------------------------  -----  ---------  --------  ----------  --------------  -------------------  ----------------------
/opt/airflow/dags/driven_data_pipeline.py                           1           0  0.62s           2025-07-03T20:25:58                      12
================================================================================
[2025-07-03T20:26:44.314+0000] {manager.py:997} INFO - 
================================================================================
DAG File Processing Stats

File Path                                  PID    Runtime      # DAGs    # Errors  Last Runtime    Last Run               Last # of DB Queries
-----------------------------------------  -----  ---------  --------  ----------  --------------  -------------------  ----------------------
/opt/airflow/dags/driven_data_pipeline.py                           1           0  0.56s           2025-07-03T20:26:28                      12
================================================================================
[2025-07-03T20:27:14.491+0000] {manager.py:997} INFO - 
================================================================================
DAG File Processing Stats

File Path                                  PID    Runtime      # DAGs    # Errors  Last Runtime    Last Run               Last # of DB Queries
-----------------------------------------  -----  ---------  --------  ----------  --------------  -------------------  ----------------------
/opt/airflow/dags/driven_data_pipeline.py                           1           0  0.48s           2025-07-03T20:26:59                      12
================================================================================
[2025-07-03T20:27:44.687+0000] {manager.py:997} INFO - 
================================================================================
DAG File Processing Stats

File Path                                  PID    Runtime      # DAGs    # Errors  Last Runtime    Last Run               Last # of DB Queries
-----------------------------------------  -----  ---------  --------  ----------  --------------  -------------------  ----------------------
/opt/airflow/dags/driven_data_pipeline.py                           1           0  0.37s           2025-07-03T20:27:29                      12
================================================================================
[2025-07-03T20:27:52.067+0000] {manager.py:821} INFO - Searching for files in /opt/airflow/dags
[2025-07-03T20:27:52.108+0000] {manager.py:824} INFO - There are 1 files in /opt/airflow/dags
[2025-07-03T20:28:14.742+0000] {manager.py:997} INFO - 
================================================================================
DAG File Processing Stats

File Path                                  PID    Runtime      # DAGs    # Errors  Last Runtime    Last Run               Last # of DB Queries
-----------------------------------------  -----  ---------  --------  ----------  --------------  -------------------  ----------------------
/opt/airflow/dags/driven_data_pipeline.py                           1           0  0.48s           2025-07-03T20:28:00                      12
================================================================================
[2025-07-03T21:02:34.869+0000] {manager.py:821} INFO - Searching for files in /opt/airflow/dags
[2025-07-03T21:02:35.228+0000] {manager.py:824} INFO - There are 1 files in /opt/airflow/dags
[2025-07-03T21:02:52.080+0000] {manager.py:997} INFO - 
================================================================================
DAG File Processing Stats

File Path                                  PID    Runtime      # DAGs    # Errors  Last Runtime    Last Run               Last # of DB Queries
-----------------------------------------  -----  ---------  --------  ----------  --------------  -------------------  ----------------------
/opt/airflow/dags/driven_data_pipeline.py                           1           0  1.92s           2025-07-03T21:02:37                      12
================================================================================
[2025-07-03T21:03:22.171+0000] {manager.py:997} INFO - 
================================================================================
DAG File Processing Stats

File Path                                  PID    Runtime      # DAGs    # Errors  Last Runtime    Last Run               Last # of DB Queries
-----------------------------------------  -----  ---------  --------  ----------  --------------  -------------------  ----------------------
/opt/airflow/dags/driven_data_pipeline.py                           1           0  0.87s           2025-07-03T21:03:09                      12
================================================================================
[2025-07-07T03:12:04.275+0000] {manager.py:483} INFO - Processing files using up to 2 processes at a time 
[2025-07-07T03:12:04.276+0000] {manager.py:484} INFO - Process each file at most once every 30 seconds
[2025-07-07T03:12:04.276+0000] {manager.py:485} INFO - Checking for new files in /opt/airflow/dags every 300 seconds
[2025-07-07T03:12:04.277+0000] {manager.py:821} INFO - Searching for files in /opt/airflow/dags
[2025-07-07T03:12:04.362+0000] {manager.py:824} INFO - There are 1 files in /opt/airflow/dags
[2025-07-07T03:12:04.521+0000] {manager.py:997} INFO - 
================================================================================
DAG File Processing Stats

File Path                                    PID  Runtime      # DAGs    # Errors  Last Runtime    Last Run      Last # of DB Queries
-----------------------------------------  -----  ---------  --------  ----------  --------------  ----------  ----------------------
/opt/airflow/dags/driven_data_pipeline.py     92  0.05s             0           0                                                   0
================================================================================
[2025-07-07T03:12:34.843+0000] {manager.py:997} INFO - 
================================================================================
DAG File Processing Stats

File Path                                  PID    Runtime      # DAGs    # Errors  Last Runtime    Last Run               Last # of DB Queries
-----------------------------------------  -----  ---------  --------  ----------  --------------  -------------------  ----------------------
/opt/airflow/dags/driven_data_pipeline.py                           1           0  2.95s           2025-07-07T03:12:07                      12
================================================================================
[2025-07-07T03:13:05.401+0000] {manager.py:997} INFO - 
================================================================================
DAG File Processing Stats

File Path                                  PID    Runtime      # DAGs    # Errors  Last Runtime    Last Run               Last # of DB Queries
-----------------------------------------  -----  ---------  --------  ----------  --------------  -------------------  ----------------------
/opt/airflow/dags/driven_data_pipeline.py                           1           0  7.60s           2025-07-07T03:12:45                      12
================================================================================
[2025-07-07T03:13:35.599+0000] {manager.py:997} INFO - 
================================================================================
DAG File Processing Stats

File Path                                  PID    Runtime      # DAGs    # Errors  Last Runtime    Last Run               Last # of DB Queries
-----------------------------------------  -----  ---------  --------  ----------  --------------  -------------------  ----------------------
/opt/airflow/dags/driven_data_pipeline.py                           1           0  0.73s           2025-07-07T03:13:16                      12
================================================================================
[2025-07-07T03:14:05.975+0000] {manager.py:997} INFO - 
================================================================================
DAG File Processing Stats

File Path                                  PID    Runtime      # DAGs    # Errors  Last Runtime    Last Run               Last # of DB Queries
-----------------------------------------  -----  ---------  --------  ----------  --------------  -------------------  ----------------------
/opt/airflow/dags/driven_data_pipeline.py                           1           0  1.66s           2025-07-07T03:13:48                      12
================================================================================
[2025-07-07T03:14:36.099+0000] {manager.py:997} INFO - 
================================================================================
DAG File Processing Stats

File Path                                  PID    Runtime      # DAGs    # Errors  Last Runtime    Last Run               Last # of DB Queries
-----------------------------------------  -----  ---------  --------  ----------  --------------  -------------------  ----------------------
/opt/airflow/dags/driven_data_pipeline.py                           1           0  1.38s           2025-07-07T03:14:20                      12
================================================================================
[2025-07-07T03:15:06.127+0000] {manager.py:997} INFO - 
================================================================================
DAG File Processing Stats

File Path                                  PID    Runtime      # DAGs    # Errors  Last Runtime    Last Run               Last # of DB Queries
-----------------------------------------  -----  ---------  --------  ----------  --------------  -------------------  ----------------------
/opt/airflow/dags/driven_data_pipeline.py                           1           0  0.85s           2025-07-07T03:14:51                      12
================================================================================
[2025-07-07T03:15:36.350+0000] {manager.py:997} INFO - 
================================================================================
DAG File Processing Stats

File Path                                  PID    Runtime      # DAGs    # Errors  Last Runtime    Last Run               Last # of DB Queries
-----------------------------------------  -----  ---------  --------  ----------  --------------  -------------------  ----------------------
/opt/airflow/dags/driven_data_pipeline.py                           1           0  0.35s           2025-07-07T03:15:21                      12
================================================================================
[2025-07-07T03:16:06.898+0000] {manager.py:997} INFO - 
================================================================================
DAG File Processing Stats

File Path                                  PID    Runtime      # DAGs    # Errors  Last Runtime    Last Run               Last # of DB Queries
-----------------------------------------  -----  ---------  --------  ----------  --------------  -------------------  ----------------------
/opt/airflow/dags/driven_data_pipeline.py                           1           0  0.35s           2025-07-07T03:15:52                      12
================================================================================
[2025-07-07T03:16:36.971+0000] {manager.py:997} INFO - 
================================================================================
DAG File Processing Stats

File Path                                  PID    Runtime      # DAGs    # Errors  Last Runtime    Last Run               Last # of DB Queries
-----------------------------------------  -----  ---------  --------  ----------  --------------  -------------------  ----------------------
/opt/airflow/dags/driven_data_pipeline.py                           1           0  0.43s           2025-07-07T03:16:22                      12
================================================================================
[2025-07-07T03:17:04.760+0000] {manager.py:821} INFO - Searching for files in /opt/airflow/dags
[2025-07-07T03:17:04.785+0000] {manager.py:824} INFO - There are 1 files in /opt/airflow/dags
[2025-07-07T03:17:07.268+0000] {manager.py:997} INFO - 
================================================================================
DAG File Processing Stats

File Path                                  PID    Runtime      # DAGs    # Errors  Last Runtime    Last Run               Last # of DB Queries
-----------------------------------------  -----  ---------  --------  ----------  --------------  -------------------  ----------------------
/opt/airflow/dags/driven_data_pipeline.py                           1           0  0.52s           2025-07-07T03:16:53                      12
================================================================================
[2025-07-07T03:17:37.346+0000] {manager.py:997} INFO - 
================================================================================
DAG File Processing Stats

File Path                                  PID    Runtime      # DAGs    # Errors  Last Runtime    Last Run               Last # of DB Queries
-----------------------------------------  -----  ---------  --------  ----------  --------------  -------------------  ----------------------
/opt/airflow/dags/driven_data_pipeline.py                           1           0  0.29s           2025-07-07T03:17:24                      12
================================================================================
[2025-07-07T03:17:47.347+0000] {manager.py:465} INFO - Exiting gracefully upon receiving signal 15
[2025-07-07T03:20:27.145+0000] {manager.py:483} INFO - Processing files using up to 2 processes at a time 
[2025-07-07T03:20:27.148+0000] {manager.py:484} INFO - Process each file at most once every 30 seconds
[2025-07-07T03:20:27.149+0000] {manager.py:485} INFO - Checking for new files in /opt/airflow/dags every 300 seconds
[2025-07-07T03:20:27.151+0000] {manager.py:821} INFO - Searching for files in /opt/airflow/dags
[2025-07-07T03:20:27.184+0000] {manager.py:824} INFO - There are 1 files in /opt/airflow/dags
[2025-07-07T03:20:27.528+0000] {manager.py:997} INFO - 
================================================================================
DAG File Processing Stats

File Path                                    PID  Runtime      # DAGs    # Errors  Last Runtime    Last Run      Last # of DB Queries
-----------------------------------------  -----  ---------  --------  ----------  --------------  ----------  ----------------------
/opt/airflow/dags/driven_data_pipeline.py    104  0.07s             0           0                                                   0
================================================================================
[2025-07-07T03:20:57.559+0000] {manager.py:997} INFO - 
================================================================================
DAG File Processing Stats

File Path                                  PID    Runtime      # DAGs    # Errors  Last Runtime    Last Run               Last # of DB Queries
-----------------------------------------  -----  ---------  --------  ----------  --------------  -------------------  ----------------------
/opt/airflow/dags/driven_data_pipeline.py                           1           0  2.79s           2025-07-07T03:20:30                      45
================================================================================
[2025-07-07T03:21:28.092+0000] {manager.py:997} INFO - 
================================================================================
DAG File Processing Stats

File Path                                  PID    Runtime      # DAGs    # Errors  Last Runtime    Last Run               Last # of DB Queries
-----------------------------------------  -----  ---------  --------  ----------  --------------  -------------------  ----------------------
/opt/airflow/dags/driven_data_pipeline.py                           1           0  3.41s           2025-07-07T03:21:04                      12
================================================================================
[2025-07-07T03:21:58.460+0000] {manager.py:997} INFO - 
================================================================================
DAG File Processing Stats

File Path                                  PID    Runtime      # DAGs    # Errors  Last Runtime    Last Run               Last # of DB Queries
-----------------------------------------  -----  ---------  --------  ----------  --------------  -------------------  ----------------------
/opt/airflow/dags/driven_data_pipeline.py                           1           0  1.48s           2025-07-07T03:21:35                      12
================================================================================
[2025-07-07T03:22:28.733+0000] {manager.py:997} INFO - 
================================================================================
DAG File Processing Stats

File Path                                  PID    Runtime      # DAGs    # Errors  Last Runtime    Last Run               Last # of DB Queries
-----------------------------------------  -----  ---------  --------  ----------  --------------  -------------------  ----------------------
/opt/airflow/dags/driven_data_pipeline.py                           1           0  3.00s           2025-07-07T03:22:08                      12
================================================================================
[2025-07-07T03:22:58.919+0000] {manager.py:997} INFO - 
================================================================================
DAG File Processing Stats

File Path                                  PID    Runtime      # DAGs    # Errors  Last Runtime    Last Run               Last # of DB Queries
-----------------------------------------  -----  ---------  --------  ----------  --------------  -------------------  ----------------------
/opt/airflow/dags/driven_data_pipeline.py                           1           0  0.97s           2025-07-07T03:22:40                      12
================================================================================
[2025-07-07T03:23:28.945+0000] {manager.py:997} INFO - 
================================================================================
DAG File Processing Stats

File Path                                  PID    Runtime      # DAGs    # Errors  Last Runtime    Last Run               Last # of DB Queries
-----------------------------------------  -----  ---------  --------  ----------  --------------  -------------------  ----------------------
/opt/airflow/dags/driven_data_pipeline.py                           1           0  0.46s           2025-07-07T03:23:10                      12
================================================================================
[2025-07-07T03:23:59.132+0000] {manager.py:997} INFO - 
================================================================================
DAG File Processing Stats

File Path                                  PID    Runtime      # DAGs    # Errors  Last Runtime    Last Run               Last # of DB Queries
-----------------------------------------  -----  ---------  --------  ----------  --------------  -------------------  ----------------------
/opt/airflow/dags/driven_data_pipeline.py                           1           0  0.50s           2025-07-07T03:23:41                      12
================================================================================
[2025-07-07T03:24:29.351+0000] {manager.py:997} INFO - 
================================================================================
DAG File Processing Stats

File Path                                  PID    Runtime      # DAGs    # Errors  Last Runtime    Last Run               Last # of DB Queries
-----------------------------------------  -----  ---------  --------  ----------  --------------  -------------------  ----------------------
/opt/airflow/dags/driven_data_pipeline.py                           1           0  0.52s           2025-07-07T03:24:12                      12
================================================================================
[2025-07-07T03:24:59.561+0000] {manager.py:997} INFO - 
================================================================================
DAG File Processing Stats

File Path                                  PID    Runtime      # DAGs    # Errors  Last Runtime    Last Run               Last # of DB Queries
-----------------------------------------  -----  ---------  --------  ----------  --------------  -------------------  ----------------------
/opt/airflow/dags/driven_data_pipeline.py                           1           0  0.67s           2025-07-07T03:24:43                      12
================================================================================
[2025-07-07T03:25:27.723+0000] {manager.py:821} INFO - Searching for files in /opt/airflow/dags
[2025-07-07T03:25:27.755+0000] {manager.py:824} INFO - There are 1 files in /opt/airflow/dags
[2025-07-07T03:25:29.781+0000] {manager.py:997} INFO - 
================================================================================
DAG File Processing Stats

File Path                                  PID    Runtime      # DAGs    # Errors  Last Runtime    Last Run               Last # of DB Queries
-----------------------------------------  -----  ---------  --------  ----------  --------------  -------------------  ----------------------
/opt/airflow/dags/driven_data_pipeline.py                           1           0  0.60s           2025-07-07T03:25:13                      12
================================================================================
[2025-07-07T03:26:00.182+0000] {manager.py:997} INFO - 
================================================================================
DAG File Processing Stats

File Path                                  PID    Runtime      # DAGs    # Errors  Last Runtime    Last Run               Last # of DB Queries
-----------------------------------------  -----  ---------  --------  ----------  --------------  -------------------  ----------------------
/opt/airflow/dags/driven_data_pipeline.py                           1           0  0.57s           2025-07-07T03:25:44                      12
================================================================================
[2025-07-07T03:26:30.358+0000] {manager.py:997} INFO - 
================================================================================
DAG File Processing Stats

File Path                                  PID    Runtime      # DAGs    # Errors  Last Runtime    Last Run               Last # of DB Queries
-----------------------------------------  -----  ---------  --------  ----------  --------------  -------------------  ----------------------
/opt/airflow/dags/driven_data_pipeline.py                           1           0  0.64s           2025-07-07T03:26:15                      12
================================================================================
[2025-07-07T03:27:00.359+0000] {manager.py:997} INFO - 
================================================================================
DAG File Processing Stats

File Path                                  PID    Runtime      # DAGs    # Errors  Last Runtime    Last Run               Last # of DB Queries
-----------------------------------------  -----  ---------  --------  ----------  --------------  -------------------  ----------------------
/opt/airflow/dags/driven_data_pipeline.py                           1           0  0.58s           2025-07-07T03:26:46                      12
================================================================================
[2025-07-07T03:27:30.367+0000] {manager.py:997} INFO - 
================================================================================
DAG File Processing Stats

File Path                                  PID    Runtime      # DAGs    # Errors  Last Runtime    Last Run               Last # of DB Queries
-----------------------------------------  -----  ---------  --------  ----------  --------------  -------------------  ----------------------
/opt/airflow/dags/driven_data_pipeline.py                           1           0  0.96s           2025-07-07T03:27:17                      12
================================================================================
[2025-07-07T03:28:00.831+0000] {manager.py:997} INFO - 
================================================================================
DAG File Processing Stats

File Path                                  PID    Runtime      # DAGs    # Errors  Last Runtime    Last Run               Last # of DB Queries
-----------------------------------------  -----  ---------  --------  ----------  --------------  -------------------  ----------------------
/opt/airflow/dags/driven_data_pipeline.py                           1           0  0.30s           2025-07-07T03:27:47                      12
================================================================================
[2025-07-07T03:28:31.032+0000] {manager.py:997} INFO - 
================================================================================
DAG File Processing Stats

File Path                                  PID    Runtime      # DAGs    # Errors  Last Runtime    Last Run               Last # of DB Queries
-----------------------------------------  -----  ---------  --------  ----------  --------------  -------------------  ----------------------
/opt/airflow/dags/driven_data_pipeline.py                           1           0  0.34s           2025-07-07T03:28:18                      12
================================================================================
[2025-07-07T03:29:01.545+0000] {manager.py:997} INFO - 
================================================================================
DAG File Processing Stats

File Path                                  PID    Runtime      # DAGs    # Errors  Last Runtime    Last Run               Last # of DB Queries
-----------------------------------------  -----  ---------  --------  ----------  --------------  -------------------  ----------------------
/opt/airflow/dags/driven_data_pipeline.py                           1           0  0.36s           2025-07-07T03:28:48                      12
================================================================================
[2025-07-07T03:29:32.098+0000] {manager.py:997} INFO - 
================================================================================
DAG File Processing Stats

File Path                                  PID    Runtime      # DAGs    # Errors  Last Runtime    Last Run               Last # of DB Queries
-----------------------------------------  -----  ---------  --------  ----------  --------------  -------------------  ----------------------
/opt/airflow/dags/driven_data_pipeline.py                           1           0  0.32s           2025-07-07T03:29:19                      12
================================================================================
[2025-07-07T03:30:02.629+0000] {manager.py:997} INFO - 
================================================================================
DAG File Processing Stats

File Path                                  PID    Runtime      # DAGs    # Errors  Last Runtime    Last Run               Last # of DB Queries
-----------------------------------------  -----  ---------  --------  ----------  --------------  -------------------  ----------------------
/opt/airflow/dags/driven_data_pipeline.py                           1           0  0.36s           2025-07-07T03:29:49                      12
================================================================================
[2025-07-07T03:30:28.139+0000] {manager.py:821} INFO - Searching for files in /opt/airflow/dags
[2025-07-07T03:30:28.158+0000] {manager.py:824} INFO - There are 1 files in /opt/airflow/dags
[2025-07-07T03:30:33.204+0000] {manager.py:997} INFO - 
================================================================================
DAG File Processing Stats

File Path                                  PID    Runtime      # DAGs    # Errors  Last Runtime    Last Run               Last # of DB Queries
-----------------------------------------  -----  ---------  --------  ----------  --------------  -------------------  ----------------------
/opt/airflow/dags/driven_data_pipeline.py                           1           0  0.32s           2025-07-07T03:30:20                      12
================================================================================
[2025-07-07T03:31:03.693+0000] {manager.py:997} INFO - 
================================================================================
DAG File Processing Stats

File Path                                  PID    Runtime      # DAGs    # Errors  Last Runtime    Last Run               Last # of DB Queries
-----------------------------------------  -----  ---------  --------  ----------  --------------  -------------------  ----------------------
/opt/airflow/dags/driven_data_pipeline.py                           1           0  0.30s           2025-07-07T03:30:50                      12
================================================================================
[2025-07-07T03:31:34.163+0000] {manager.py:997} INFO - 
================================================================================
DAG File Processing Stats

File Path                                  PID    Runtime      # DAGs    # Errors  Last Runtime    Last Run               Last # of DB Queries
-----------------------------------------  -----  ---------  --------  ----------  --------------  -------------------  ----------------------
/opt/airflow/dags/driven_data_pipeline.py                           1           0  0.28s           2025-07-07T03:31:21                      12
================================================================================
[2025-07-07T03:32:04.635+0000] {manager.py:997} INFO - 
================================================================================
DAG File Processing Stats

File Path                                  PID    Runtime      # DAGs    # Errors  Last Runtime    Last Run               Last # of DB Queries
-----------------------------------------  -----  ---------  --------  ----------  --------------  -------------------  ----------------------
/opt/airflow/dags/driven_data_pipeline.py                           1           0  0.33s           2025-07-07T03:31:51                      12
================================================================================
[2025-07-07T03:32:35.154+0000] {manager.py:997} INFO - 
================================================================================
DAG File Processing Stats

File Path                                  PID    Runtime      # DAGs    # Errors  Last Runtime    Last Run               Last # of DB Queries
-----------------------------------------  -----  ---------  --------  ----------  --------------  -------------------  ----------------------
/opt/airflow/dags/driven_data_pipeline.py                           1           0  0.29s           2025-07-07T03:32:22                      12
================================================================================
[2025-07-07T03:33:05.626+0000] {manager.py:997} INFO - 
================================================================================
DAG File Processing Stats

File Path                                  PID    Runtime      # DAGs    # Errors  Last Runtime    Last Run               Last # of DB Queries
-----------------------------------------  -----  ---------  --------  ----------  --------------  -------------------  ----------------------
/opt/airflow/dags/driven_data_pipeline.py                           1           0  0.29s           2025-07-07T03:32:52                      12
================================================================================
[2025-07-07T03:33:36.105+0000] {manager.py:997} INFO - 
================================================================================
DAG File Processing Stats

File Path                                  PID    Runtime      # DAGs    # Errors  Last Runtime    Last Run               Last # of DB Queries
-----------------------------------------  -----  ---------  --------  ----------  --------------  -------------------  ----------------------
/opt/airflow/dags/driven_data_pipeline.py                           1           0  0.32s           2025-07-07T03:33:23                      12
================================================================================
[2025-07-07T03:34:06.610+0000] {manager.py:997} INFO - 
================================================================================
DAG File Processing Stats

File Path                                  PID    Runtime      # DAGs    # Errors  Last Runtime    Last Run               Last # of DB Queries
-----------------------------------------  -----  ---------  --------  ----------  --------------  -------------------  ----------------------
/opt/airflow/dags/driven_data_pipeline.py                           1           0  0.39s           2025-07-07T03:33:53                      12
================================================================================
[2025-07-07T03:34:37.188+0000] {manager.py:997} INFO - 
================================================================================
DAG File Processing Stats

File Path                                  PID    Runtime      # DAGs    # Errors  Last Runtime    Last Run               Last # of DB Queries
-----------------------------------------  -----  ---------  --------  ----------  --------------  -------------------  ----------------------
/opt/airflow/dags/driven_data_pipeline.py                           1           0  0.39s           2025-07-07T03:34:24                      12
================================================================================
[2025-07-07T03:35:07.761+0000] {manager.py:997} INFO - 
================================================================================
DAG File Processing Stats

File Path                                  PID    Runtime      # DAGs    # Errors  Last Runtime    Last Run               Last # of DB Queries
-----------------------------------------  -----  ---------  --------  ----------  --------------  -------------------  ----------------------
/opt/airflow/dags/driven_data_pipeline.py                           1           0  0.27s           2025-07-07T03:34:54                      12
================================================================================
[2025-07-07T03:35:28.161+0000] {manager.py:821} INFO - Searching for files in /opt/airflow/dags
[2025-07-07T03:35:28.179+0000] {manager.py:824} INFO - There are 1 files in /opt/airflow/dags
[2025-07-07T03:35:38.258+0000] {manager.py:997} INFO - 
================================================================================
DAG File Processing Stats

File Path                                  PID    Runtime      # DAGs    # Errors  Last Runtime    Last Run               Last # of DB Queries
-----------------------------------------  -----  ---------  --------  ----------  --------------  -------------------  ----------------------
/opt/airflow/dags/driven_data_pipeline.py                           1           0  0.28s           2025-07-07T03:35:25                      12
================================================================================
[2025-07-07T03:36:08.708+0000] {manager.py:997} INFO - 
================================================================================
DAG File Processing Stats

File Path                                  PID    Runtime      # DAGs    # Errors  Last Runtime    Last Run               Last # of DB Queries
-----------------------------------------  -----  ---------  --------  ----------  --------------  -------------------  ----------------------
/opt/airflow/dags/driven_data_pipeline.py                           1           0  0.28s           2025-07-07T03:35:55                      12
================================================================================
[2025-07-07T03:36:39.180+0000] {manager.py:997} INFO - 
================================================================================
DAG File Processing Stats

File Path                                  PID    Runtime      # DAGs    # Errors  Last Runtime    Last Run               Last # of DB Queries
-----------------------------------------  -----  ---------  --------  ----------  --------------  -------------------  ----------------------
/opt/airflow/dags/driven_data_pipeline.py                           1           0  0.27s           2025-07-07T03:36:26                      12
================================================================================
[2025-07-07T03:37:09.642+0000] {manager.py:997} INFO - 
================================================================================
DAG File Processing Stats

File Path                                  PID    Runtime      # DAGs    # Errors  Last Runtime    Last Run               Last # of DB Queries
-----------------------------------------  -----  ---------  --------  ----------  --------------  -------------------  ----------------------
/opt/airflow/dags/driven_data_pipeline.py                           1           0  0.30s           2025-07-07T03:36:56                      12
================================================================================
[2025-07-07T03:37:40.131+0000] {manager.py:997} INFO - 
================================================================================
DAG File Processing Stats

File Path                                  PID    Runtime      # DAGs    # Errors  Last Runtime    Last Run               Last # of DB Queries
-----------------------------------------  -----  ---------  --------  ----------  --------------  -------------------  ----------------------
/opt/airflow/dags/driven_data_pipeline.py                           1           0  0.30s           2025-07-07T03:37:27                      12
================================================================================
[2025-07-07T03:38:10.637+0000] {manager.py:997} INFO - 
================================================================================
DAG File Processing Stats

File Path                                  PID    Runtime      # DAGs    # Errors  Last Runtime    Last Run               Last # of DB Queries
-----------------------------------------  -----  ---------  --------  ----------  --------------  -------------------  ----------------------
/opt/airflow/dags/driven_data_pipeline.py                           1           0  0.29s           2025-07-07T03:37:57                      12
================================================================================
[2025-07-07T03:38:41.120+0000] {manager.py:997} INFO - 
================================================================================
DAG File Processing Stats

File Path                                  PID    Runtime      # DAGs    # Errors  Last Runtime    Last Run               Last # of DB Queries
-----------------------------------------  -----  ---------  --------  ----------  --------------  -------------------  ----------------------
/opt/airflow/dags/driven_data_pipeline.py                           1           0  0.41s           2025-07-07T03:38:28                      12
================================================================================
[2025-07-07T03:39:11.728+0000] {manager.py:997} INFO - 
================================================================================
DAG File Processing Stats

File Path                                  PID    Runtime      # DAGs    # Errors  Last Runtime    Last Run               Last # of DB Queries
-----------------------------------------  -----  ---------  --------  ----------  --------------  -------------------  ----------------------
/opt/airflow/dags/driven_data_pipeline.py                           1           0  0.28s           2025-07-07T03:38:58                      12
================================================================================
[2025-07-07T03:39:42.189+0000] {manager.py:997} INFO - 
================================================================================
DAG File Processing Stats

File Path                                  PID    Runtime      # DAGs    # Errors  Last Runtime    Last Run               Last # of DB Queries
-----------------------------------------  -----  ---------  --------  ----------  --------------  -------------------  ----------------------
/opt/airflow/dags/driven_data_pipeline.py                           1           0  0.28s           2025-07-07T03:39:29                      12
================================================================================
[2025-07-07T03:40:12.639+0000] {manager.py:997} INFO - 
================================================================================
DAG File Processing Stats

File Path                                  PID    Runtime      # DAGs    # Errors  Last Runtime    Last Run               Last # of DB Queries
-----------------------------------------  -----  ---------  --------  ----------  --------------  -------------------  ----------------------
/opt/airflow/dags/driven_data_pipeline.py                           1           0  0.28s           2025-07-07T03:39:59                      12
================================================================================
[2025-07-07T03:40:28.725+0000] {manager.py:821} INFO - Searching for files in /opt/airflow/dags
[2025-07-07T03:40:28.742+0000] {manager.py:824} INFO - There are 1 files in /opt/airflow/dags
[2025-07-07T03:40:43.098+0000] {manager.py:997} INFO - 
================================================================================
DAG File Processing Stats

File Path                                  PID    Runtime      # DAGs    # Errors  Last Runtime    Last Run               Last # of DB Queries
-----------------------------------------  -----  ---------  --------  ----------  --------------  -------------------  ----------------------
/opt/airflow/dags/driven_data_pipeline.py                           1           0  0.31s           2025-07-07T03:40:30                      12
================================================================================
[2025-07-07T03:41:13.609+0000] {manager.py:997} INFO - 
================================================================================
DAG File Processing Stats

File Path                                  PID    Runtime      # DAGs    # Errors  Last Runtime    Last Run               Last # of DB Queries
-----------------------------------------  -----  ---------  --------  ----------  --------------  -------------------  ----------------------
/opt/airflow/dags/driven_data_pipeline.py                           1           0  0.34s           2025-07-07T03:41:00                      12
================================================================================
[2025-07-07T03:41:44.131+0000] {manager.py:997} INFO - 
================================================================================
DAG File Processing Stats

File Path                                  PID    Runtime      # DAGs    # Errors  Last Runtime    Last Run               Last # of DB Queries
-----------------------------------------  -----  ---------  --------  ----------  --------------  -------------------  ----------------------
/opt/airflow/dags/driven_data_pipeline.py                           1           0  0.30s           2025-07-07T03:41:31                      12
================================================================================
[2025-07-07T03:42:14.283+0000] {manager.py:997} INFO - 
================================================================================
DAG File Processing Stats

File Path                                  PID    Runtime      # DAGs    # Errors  Last Runtime    Last Run               Last # of DB Queries
-----------------------------------------  -----  ---------  --------  ----------  --------------  -------------------  ----------------------
/opt/airflow/dags/driven_data_pipeline.py                           1           0  0.64s           2025-07-07T03:42:02                      12
================================================================================
[2025-07-07T03:42:44.487+0000] {manager.py:997} INFO - 
================================================================================
DAG File Processing Stats

File Path                                  PID    Runtime      # DAGs    # Errors  Last Runtime    Last Run               Last # of DB Queries
-----------------------------------------  -----  ---------  --------  ----------  --------------  -------------------  ----------------------
/opt/airflow/dags/driven_data_pipeline.py                           1           0  0.31s           2025-07-07T03:42:32                      12
================================================================================
[2025-07-07T03:43:14.968+0000] {manager.py:997} INFO - 
================================================================================
DAG File Processing Stats

File Path                                  PID    Runtime      # DAGs    # Errors  Last Runtime    Last Run               Last # of DB Queries
-----------------------------------------  -----  ---------  --------  ----------  --------------  -------------------  ----------------------
/opt/airflow/dags/driven_data_pipeline.py                           1           0  0.31s           2025-07-07T03:43:03                      12
================================================================================
[2025-07-07T03:43:45.459+0000] {manager.py:997} INFO - 
================================================================================
DAG File Processing Stats

File Path                                  PID    Runtime      # DAGs    # Errors  Last Runtime    Last Run               Last # of DB Queries
-----------------------------------------  -----  ---------  --------  ----------  --------------  -------------------  ----------------------
/opt/airflow/dags/driven_data_pipeline.py                           1           0  0.31s           2025-07-07T03:43:33                      12
================================================================================
[2025-07-07T03:44:15.963+0000] {manager.py:997} INFO - 
================================================================================
DAG File Processing Stats

File Path                                  PID    Runtime      # DAGs    # Errors  Last Runtime    Last Run               Last # of DB Queries
-----------------------------------------  -----  ---------  --------  ----------  --------------  -------------------  ----------------------
/opt/airflow/dags/driven_data_pipeline.py                           1           0  0.29s           2025-07-07T03:44:04                      12
================================================================================
[2025-07-07T03:44:46.432+0000] {manager.py:997} INFO - 
================================================================================
DAG File Processing Stats

File Path                                  PID    Runtime      # DAGs    # Errors  Last Runtime    Last Run               Last # of DB Queries
-----------------------------------------  -----  ---------  --------  ----------  --------------  -------------------  ----------------------
/opt/airflow/dags/driven_data_pipeline.py                           1           0  0.31s           2025-07-07T03:44:34                      12
================================================================================
[2025-07-07T03:45:16.927+0000] {manager.py:997} INFO - 
================================================================================
DAG File Processing Stats

File Path                                  PID    Runtime      # DAGs    # Errors  Last Runtime    Last Run               Last # of DB Queries
-----------------------------------------  -----  ---------  --------  ----------  --------------  -------------------  ----------------------
/opt/airflow/dags/driven_data_pipeline.py                           1           0  0.28s           2025-07-07T03:45:05                      12
================================================================================
[2025-07-07T03:45:28.996+0000] {manager.py:821} INFO - Searching for files in /opt/airflow/dags
[2025-07-07T03:45:29.013+0000] {manager.py:824} INFO - There are 1 files in /opt/airflow/dags
[2025-07-07T03:45:47.399+0000] {manager.py:997} INFO - 
================================================================================
DAG File Processing Stats

File Path                                  PID    Runtime      # DAGs    # Errors  Last Runtime    Last Run               Last # of DB Queries
-----------------------------------------  -----  ---------  --------  ----------  --------------  -------------------  ----------------------
/opt/airflow/dags/driven_data_pipeline.py                           1           0  0.28s           2025-07-07T03:45:35                      12
================================================================================
[2025-07-07T03:46:17.887+0000] {manager.py:997} INFO - 
================================================================================
DAG File Processing Stats

File Path                                  PID    Runtime      # DAGs    # Errors  Last Runtime    Last Run               Last # of DB Queries
-----------------------------------------  -----  ---------  --------  ----------  --------------  -------------------  ----------------------
/opt/airflow/dags/driven_data_pipeline.py                           1           0  0.34s           2025-07-07T03:46:06                      12
================================================================================
[2025-07-07T03:46:48.426+0000] {manager.py:997} INFO - 
================================================================================
DAG File Processing Stats

File Path                                  PID    Runtime      # DAGs    # Errors  Last Runtime    Last Run               Last # of DB Queries
-----------------------------------------  -----  ---------  --------  ----------  --------------  -------------------  ----------------------
/opt/airflow/dags/driven_data_pipeline.py                           1           0  0.34s           2025-07-07T03:46:36                      12
================================================================================
[2025-07-07T03:47:19.012+0000] {manager.py:997} INFO - 
================================================================================
DAG File Processing Stats

File Path                                  PID    Runtime      # DAGs    # Errors  Last Runtime    Last Run               Last # of DB Queries
-----------------------------------------  -----  ---------  --------  ----------  --------------  -------------------  ----------------------
/opt/airflow/dags/driven_data_pipeline.py                           1           0  0.42s           2025-07-07T03:47:07                      12
================================================================================
[2025-07-07T03:47:49.597+0000] {manager.py:997} INFO - 
================================================================================
DAG File Processing Stats

File Path                                  PID    Runtime      # DAGs    # Errors  Last Runtime    Last Run               Last # of DB Queries
-----------------------------------------  -----  ---------  --------  ----------  --------------  -------------------  ----------------------
/opt/airflow/dags/driven_data_pipeline.py                           1           0  0.35s           2025-07-07T03:47:37                      12
================================================================================
[2025-07-07T03:48:20.153+0000] {manager.py:997} INFO - 
================================================================================
DAG File Processing Stats

File Path                                  PID    Runtime      # DAGs    # Errors  Last Runtime    Last Run               Last # of DB Queries
-----------------------------------------  -----  ---------  --------  ----------  --------------  -------------------  ----------------------
/opt/airflow/dags/driven_data_pipeline.py                           1           0  0.36s           2025-07-07T03:48:08                      12
================================================================================
[2025-07-07T03:48:50.724+0000] {manager.py:997} INFO - 
================================================================================
DAG File Processing Stats

File Path                                  PID    Runtime      # DAGs    # Errors  Last Runtime    Last Run               Last # of DB Queries
-----------------------------------------  -----  ---------  --------  ----------  --------------  -------------------  ----------------------
/opt/airflow/dags/driven_data_pipeline.py                           1           0  0.36s           2025-07-07T03:48:38                      12
================================================================================
[2025-07-07T03:49:21.283+0000] {manager.py:997} INFO - 
================================================================================
DAG File Processing Stats

File Path                                  PID    Runtime      # DAGs    # Errors  Last Runtime    Last Run               Last # of DB Queries
-----------------------------------------  -----  ---------  --------  ----------  --------------  -------------------  ----------------------
/opt/airflow/dags/driven_data_pipeline.py                           1           0  0.31s           2025-07-07T03:49:09                      12
================================================================================
[2025-07-07T03:49:51.783+0000] {manager.py:997} INFO - 
================================================================================
DAG File Processing Stats

File Path                                  PID    Runtime      # DAGs    # Errors  Last Runtime    Last Run               Last # of DB Queries
-----------------------------------------  -----  ---------  --------  ----------  --------------  -------------------  ----------------------
/opt/airflow/dags/driven_data_pipeline.py                           1           0  0.28s           2025-07-07T03:49:39                      12
================================================================================
[2025-07-07T03:50:22.293+0000] {manager.py:997} INFO - 
================================================================================
DAG File Processing Stats

File Path                                  PID    Runtime      # DAGs    # Errors  Last Runtime    Last Run               Last # of DB Queries
-----------------------------------------  -----  ---------  --------  ----------  --------------  -------------------  ----------------------
/opt/airflow/dags/driven_data_pipeline.py                           1           0  0.45s           2025-07-07T03:50:10                      12
================================================================================
[2025-07-07T03:50:29.346+0000] {manager.py:821} INFO - Searching for files in /opt/airflow/dags
[2025-07-07T03:50:29.366+0000] {manager.py:824} INFO - There are 1 files in /opt/airflow/dags
[2025-07-07T03:50:52.897+0000] {manager.py:997} INFO - 
================================================================================
DAG File Processing Stats

File Path                                  PID    Runtime      # DAGs    # Errors  Last Runtime    Last Run               Last # of DB Queries
-----------------------------------------  -----  ---------  --------  ----------  --------------  -------------------  ----------------------
/opt/airflow/dags/driven_data_pipeline.py                           1           0  0.31s           2025-07-07T03:50:41                      12
================================================================================
[2025-07-07T03:51:23.402+0000] {manager.py:997} INFO - 
================================================================================
DAG File Processing Stats

File Path                                  PID    Runtime      # DAGs    # Errors  Last Runtime    Last Run               Last # of DB Queries
-----------------------------------------  -----  ---------  --------  ----------  --------------  -------------------  ----------------------
/opt/airflow/dags/driven_data_pipeline.py                           1           0  0.29s           2025-07-07T03:51:11                      12
================================================================================
[2025-07-07T03:51:53.863+0000] {manager.py:997} INFO - 
================================================================================
DAG File Processing Stats

File Path                                  PID    Runtime      # DAGs    # Errors  Last Runtime    Last Run               Last # of DB Queries
-----------------------------------------  -----  ---------  --------  ----------  --------------  -------------------  ----------------------
/opt/airflow/dags/driven_data_pipeline.py                           1           0  0.29s           2025-07-07T03:51:42                      12
================================================================================
[2025-07-07T03:52:24.335+0000] {manager.py:997} INFO - 
================================================================================
DAG File Processing Stats

File Path                                  PID    Runtime      # DAGs    # Errors  Last Runtime    Last Run               Last # of DB Queries
-----------------------------------------  -----  ---------  --------  ----------  --------------  -------------------  ----------------------
/opt/airflow/dags/driven_data_pipeline.py                           1           0  0.28s           2025-07-07T03:52:12                      12
================================================================================
[2025-07-07T03:52:54.813+0000] {manager.py:997} INFO - 
================================================================================
DAG File Processing Stats

File Path                                  PID    Runtime      # DAGs    # Errors  Last Runtime    Last Run               Last # of DB Queries
-----------------------------------------  -----  ---------  --------  ----------  --------------  -------------------  ----------------------
/opt/airflow/dags/driven_data_pipeline.py                           1           0  0.30s           2025-07-07T03:52:43                      12
================================================================================
[2025-07-07T03:53:25.303+0000] {manager.py:997} INFO - 
================================================================================
DAG File Processing Stats

File Path                                  PID    Runtime      # DAGs    # Errors  Last Runtime    Last Run               Last # of DB Queries
-----------------------------------------  -----  ---------  --------  ----------  --------------  -------------------  ----------------------
/opt/airflow/dags/driven_data_pipeline.py                           1           0  0.30s           2025-07-07T03:53:13                      12
================================================================================
[2025-07-07T03:53:55.780+0000] {manager.py:997} INFO - 
================================================================================
DAG File Processing Stats

File Path                                  PID    Runtime      # DAGs    # Errors  Last Runtime    Last Run               Last # of DB Queries
-----------------------------------------  -----  ---------  --------  ----------  --------------  -------------------  ----------------------
/opt/airflow/dags/driven_data_pipeline.py                           1           0  0.28s           2025-07-07T03:53:43                      12
================================================================================
[2025-07-07T03:54:26.248+0000] {manager.py:997} INFO - 
================================================================================
DAG File Processing Stats

File Path                                  PID    Runtime      # DAGs    # Errors  Last Runtime    Last Run               Last # of DB Queries
-----------------------------------------  -----  ---------  --------  ----------  --------------  -------------------  ----------------------
/opt/airflow/dags/driven_data_pipeline.py                           1           0  0.28s           2025-07-07T03:54:14                      12
================================================================================
[2025-07-07T03:54:56.727+0000] {manager.py:997} INFO - 
================================================================================
DAG File Processing Stats

File Path                                  PID    Runtime      # DAGs    # Errors  Last Runtime    Last Run               Last # of DB Queries
-----------------------------------------  -----  ---------  --------  ----------  --------------  -------------------  ----------------------
/opt/airflow/dags/driven_data_pipeline.py                           1           0  0.32s           2025-07-07T03:54:44                      12
================================================================================
[2025-07-07T03:55:27.218+0000] {manager.py:997} INFO - 
================================================================================
DAG File Processing Stats

File Path                                  PID    Runtime      # DAGs    # Errors  Last Runtime    Last Run               Last # of DB Queries
-----------------------------------------  -----  ---------  --------  ----------  --------------  -------------------  ----------------------
/opt/airflow/dags/driven_data_pipeline.py                           1           0  0.28s           2025-07-07T03:55:15                      12
================================================================================
[2025-07-07T03:55:29.502+0000] {manager.py:821} INFO - Searching for files in /opt/airflow/dags
[2025-07-07T03:55:29.521+0000] {manager.py:824} INFO - There are 1 files in /opt/airflow/dags
[2025-07-07T03:55:57.300+0000] {manager.py:997} INFO - 
================================================================================
DAG File Processing Stats

File Path                                  PID    Runtime      # DAGs    # Errors  Last Runtime    Last Run               Last # of DB Queries
-----------------------------------------  -----  ---------  --------  ----------  --------------  -------------------  ----------------------
/opt/airflow/dags/driven_data_pipeline.py                           1           0  0.59s           2025-07-07T03:55:46                      12
================================================================================
[2025-07-07T03:56:27.513+0000] {manager.py:997} INFO - 
================================================================================
DAG File Processing Stats

File Path                                  PID    Runtime      # DAGs    # Errors  Last Runtime    Last Run               Last # of DB Queries
-----------------------------------------  -----  ---------  --------  ----------  --------------  -------------------  ----------------------
/opt/airflow/dags/driven_data_pipeline.py                           1           0  0.32s           2025-07-07T03:56:16                      12
================================================================================
[2025-07-07T03:56:58.024+0000] {manager.py:997} INFO - 
================================================================================
DAG File Processing Stats

File Path                                  PID    Runtime      # DAGs    # Errors  Last Runtime    Last Run               Last # of DB Queries
-----------------------------------------  -----  ---------  --------  ----------  --------------  -------------------  ----------------------
/opt/airflow/dags/driven_data_pipeline.py                           1           0  0.34s           2025-07-07T03:56:47                      12
================================================================================
[2025-07-07T03:57:28.546+0000] {manager.py:997} INFO - 
================================================================================
DAG File Processing Stats

File Path                                  PID    Runtime      # DAGs    # Errors  Last Runtime    Last Run               Last # of DB Queries
-----------------------------------------  -----  ---------  --------  ----------  --------------  -------------------  ----------------------
/opt/airflow/dags/driven_data_pipeline.py                           1           0  0.31s           2025-07-07T03:57:17                      12
================================================================================
[2025-07-07T03:57:59.032+0000] {manager.py:997} INFO - 
================================================================================
DAG File Processing Stats

File Path                                  PID    Runtime      # DAGs    # Errors  Last Runtime    Last Run               Last # of DB Queries
-----------------------------------------  -----  ---------  --------  ----------  --------------  -------------------  ----------------------
/opt/airflow/dags/driven_data_pipeline.py                           1           0  0.30s           2025-07-07T03:57:48                      12
================================================================================
[2025-07-07T03:58:29.514+0000] {manager.py:997} INFO - 
================================================================================
DAG File Processing Stats

File Path                                  PID    Runtime      # DAGs    # Errors  Last Runtime    Last Run               Last # of DB Queries
-----------------------------------------  -----  ---------  --------  ----------  --------------  -------------------  ----------------------
/opt/airflow/dags/driven_data_pipeline.py                           1           0  0.32s           2025-07-07T03:58:18                      12
================================================================================
[2025-07-07T03:59:00.023+0000] {manager.py:997} INFO - 
================================================================================
DAG File Processing Stats

File Path                                  PID    Runtime      # DAGs    # Errors  Last Runtime    Last Run               Last # of DB Queries
-----------------------------------------  -----  ---------  --------  ----------  --------------  -------------------  ----------------------
/opt/airflow/dags/driven_data_pipeline.py                           1           0  0.31s           2025-07-07T03:58:49                      12
================================================================================
[2025-07-07T03:59:30.512+0000] {manager.py:997} INFO - 
================================================================================
DAG File Processing Stats

File Path                                  PID    Runtime      # DAGs    # Errors  Last Runtime    Last Run               Last # of DB Queries
-----------------------------------------  -----  ---------  --------  ----------  --------------  -------------------  ----------------------
/opt/airflow/dags/driven_data_pipeline.py                           1           0  0.28s           2025-07-07T03:59:19                      12
================================================================================
[2025-07-07T04:00:00.980+0000] {manager.py:997} INFO - 
================================================================================
DAG File Processing Stats

File Path                                  PID    Runtime      # DAGs    # Errors  Last Runtime    Last Run               Last # of DB Queries
-----------------------------------------  -----  ---------  --------  ----------  --------------  -------------------  ----------------------
/opt/airflow/dags/driven_data_pipeline.py                           1           0  0.30s           2025-07-07T03:59:50                      12
================================================================================
[2025-07-07T04:00:29.753+0000] {manager.py:821} INFO - Searching for files in /opt/airflow/dags
[2025-07-07T04:00:29.771+0000] {manager.py:824} INFO - There are 1 files in /opt/airflow/dags
[2025-07-07T04:00:31.458+0000] {manager.py:997} INFO - 
================================================================================
DAG File Processing Stats

File Path                                  PID    Runtime      # DAGs    # Errors  Last Runtime    Last Run               Last # of DB Queries
-----------------------------------------  -----  ---------  --------  ----------  --------------  -------------------  ----------------------
/opt/airflow/dags/driven_data_pipeline.py                           1           0  0.31s           2025-07-07T04:00:20                      12
================================================================================
[2025-07-07T04:01:02.001+0000] {manager.py:997} INFO - 
================================================================================
DAG File Processing Stats

File Path                                  PID    Runtime      # DAGs    # Errors  Last Runtime    Last Run               Last # of DB Queries
-----------------------------------------  -----  ---------  --------  ----------  --------------  -------------------  ----------------------
/opt/airflow/dags/driven_data_pipeline.py                           1           0  0.29s           2025-07-07T04:00:51                      12
================================================================================
[2025-07-07T04:01:32.477+0000] {manager.py:997} INFO - 
================================================================================
DAG File Processing Stats

File Path                                  PID    Runtime      # DAGs    # Errors  Last Runtime    Last Run               Last # of DB Queries
-----------------------------------------  -----  ---------  --------  ----------  --------------  -------------------  ----------------------
/opt/airflow/dags/driven_data_pipeline.py                           1           0  0.32s           2025-07-07T04:01:21                      12
================================================================================
[2025-07-07T04:02:02.994+0000] {manager.py:997} INFO - 
================================================================================
DAG File Processing Stats

File Path                                  PID    Runtime      # DAGs    # Errors  Last Runtime    Last Run               Last # of DB Queries
-----------------------------------------  -----  ---------  --------  ----------  --------------  -------------------  ----------------------
/opt/airflow/dags/driven_data_pipeline.py                           1           0  0.32s           2025-07-07T04:01:52                      12
================================================================================
[2025-07-07T04:02:33.483+0000] {manager.py:997} INFO - 
================================================================================
DAG File Processing Stats

File Path                                  PID    Runtime      # DAGs    # Errors  Last Runtime    Last Run               Last # of DB Queries
-----------------------------------------  -----  ---------  --------  ----------  --------------  -------------------  ----------------------
/opt/airflow/dags/driven_data_pipeline.py                           1           0  0.30s           2025-07-07T04:02:22                      12
================================================================================
[2025-07-07T04:03:03.992+0000] {manager.py:997} INFO - 
================================================================================
DAG File Processing Stats

File Path                                  PID    Runtime      # DAGs    # Errors  Last Runtime    Last Run               Last # of DB Queries
-----------------------------------------  -----  ---------  --------  ----------  --------------  -------------------  ----------------------
/opt/airflow/dags/driven_data_pipeline.py                           1           0  0.29s           2025-07-07T04:02:53                      12
================================================================================
[2025-07-07T04:03:34.434+0000] {manager.py:997} INFO - 
================================================================================
DAG File Processing Stats

File Path                                  PID    Runtime      # DAGs    # Errors  Last Runtime    Last Run               Last # of DB Queries
-----------------------------------------  -----  ---------  --------  ----------  --------------  -------------------  ----------------------
/opt/airflow/dags/driven_data_pipeline.py                           1           0  0.35s           2025-07-07T04:03:23                      12
================================================================================
[2025-07-07T04:04:04.978+0000] {manager.py:997} INFO - 
================================================================================
DAG File Processing Stats

File Path                                  PID    Runtime      # DAGs    # Errors  Last Runtime    Last Run               Last # of DB Queries
-----------------------------------------  -----  ---------  --------  ----------  --------------  -------------------  ----------------------
/opt/airflow/dags/driven_data_pipeline.py                           1           0  0.30s           2025-07-07T04:03:54                      12
================================================================================
[2025-07-07T04:04:35.458+0000] {manager.py:997} INFO - 
================================================================================
DAG File Processing Stats

File Path                                  PID    Runtime      # DAGs    # Errors  Last Runtime    Last Run               Last # of DB Queries
-----------------------------------------  -----  ---------  --------  ----------  --------------  -------------------  ----------------------
/opt/airflow/dags/driven_data_pipeline.py                           1           0  0.29s           2025-07-07T04:04:24                      12
================================================================================
[2025-07-07T04:05:05.935+0000] {manager.py:997} INFO - 
================================================================================
DAG File Processing Stats

File Path                                  PID    Runtime      # DAGs    # Errors  Last Runtime    Last Run               Last # of DB Queries
-----------------------------------------  -----  ---------  --------  ----------  --------------  -------------------  ----------------------
/opt/airflow/dags/driven_data_pipeline.py                           1           0  0.31s           2025-07-07T04:04:55                      12
================================================================================
[2025-07-07T04:05:30.407+0000] {manager.py:821} INFO - Searching for files in /opt/airflow/dags
[2025-07-07T04:05:30.427+0000] {manager.py:824} INFO - There are 1 files in /opt/airflow/dags
[2025-07-07T04:05:36.479+0000] {manager.py:997} INFO - 
================================================================================
DAG File Processing Stats

File Path                                  PID    Runtime      # DAGs    # Errors  Last Runtime    Last Run               Last # of DB Queries
-----------------------------------------  -----  ---------  --------  ----------  --------------  -------------------  ----------------------
/opt/airflow/dags/driven_data_pipeline.py                           1           0  0.29s           2025-07-07T04:05:25                      12
================================================================================
[2025-07-07T04:06:06.930+0000] {manager.py:997} INFO - 
================================================================================
DAG File Processing Stats

File Path                                  PID    Runtime      # DAGs    # Errors  Last Runtime    Last Run               Last # of DB Queries
-----------------------------------------  -----  ---------  --------  ----------  --------------  -------------------  ----------------------
/opt/airflow/dags/driven_data_pipeline.py                           1           0  0.33s           2025-07-07T04:05:56                      12
================================================================================
[2025-07-07T04:06:37.426+0000] {manager.py:997} INFO - 
================================================================================
DAG File Processing Stats

File Path                                  PID    Runtime      # DAGs    # Errors  Last Runtime    Last Run               Last # of DB Queries
-----------------------------------------  -----  ---------  --------  ----------  --------------  -------------------  ----------------------
/opt/airflow/dags/driven_data_pipeline.py                           1           0  0.31s           2025-07-07T04:06:26                      12
================================================================================
[2025-07-07T04:07:07.924+0000] {manager.py:997} INFO - 
================================================================================
DAG File Processing Stats

File Path                                  PID    Runtime      # DAGs    # Errors  Last Runtime    Last Run               Last # of DB Queries
-----------------------------------------  -----  ---------  --------  ----------  --------------  -------------------  ----------------------
/opt/airflow/dags/driven_data_pipeline.py                           1           0  0.28s           2025-07-07T04:06:57                      12
================================================================================
[2025-07-07T04:07:38.398+0000] {manager.py:997} INFO - 
================================================================================
DAG File Processing Stats

File Path                                  PID    Runtime      # DAGs    # Errors  Last Runtime    Last Run               Last # of DB Queries
-----------------------------------------  -----  ---------  --------  ----------  --------------  -------------------  ----------------------
/opt/airflow/dags/driven_data_pipeline.py                           1           0  0.28s           2025-07-07T04:07:27                      12
================================================================================
[2025-07-07T04:08:08.864+0000] {manager.py:997} INFO - 
================================================================================
DAG File Processing Stats

File Path                                  PID    Runtime      # DAGs    # Errors  Last Runtime    Last Run               Last # of DB Queries
-----------------------------------------  -----  ---------  --------  ----------  --------------  -------------------  ----------------------
/opt/airflow/dags/driven_data_pipeline.py                           1           0  0.31s           2025-07-07T04:07:58                      12
================================================================================
[2025-07-07T04:08:39.377+0000] {manager.py:997} INFO - 
================================================================================
DAG File Processing Stats

File Path                                  PID    Runtime      # DAGs    # Errors  Last Runtime    Last Run               Last # of DB Queries
-----------------------------------------  -----  ---------  --------  ----------  --------------  -------------------  ----------------------
/opt/airflow/dags/driven_data_pipeline.py                           1           0  0.34s           2025-07-07T04:08:28                      12
================================================================================
[2025-07-07T04:09:09.898+0000] {manager.py:997} INFO - 
================================================================================
DAG File Processing Stats

File Path                                  PID    Runtime      # DAGs    # Errors  Last Runtime    Last Run               Last # of DB Queries
-----------------------------------------  -----  ---------  --------  ----------  --------------  -------------------  ----------------------
/opt/airflow/dags/driven_data_pipeline.py                           1           0  0.31s           2025-07-07T04:08:59                      12
================================================================================
[2025-07-07T04:09:40.396+0000] {manager.py:997} INFO - 
================================================================================
DAG File Processing Stats

File Path                                  PID    Runtime      # DAGs    # Errors  Last Runtime    Last Run               Last # of DB Queries
-----------------------------------------  -----  ---------  --------  ----------  --------------  -------------------  ----------------------
/opt/airflow/dags/driven_data_pipeline.py                           1           0  0.30s           2025-07-07T04:09:29                      12
================================================================================
[2025-07-07T04:10:10.894+0000] {manager.py:997} INFO - 
================================================================================
DAG File Processing Stats

File Path                                  PID    Runtime      # DAGs    # Errors  Last Runtime    Last Run               Last # of DB Queries
-----------------------------------------  -----  ---------  --------  ----------  --------------  -------------------  ----------------------
/opt/airflow/dags/driven_data_pipeline.py                           1           0  0.29s           2025-07-07T04:10:00                      12
================================================================================
[2025-07-07T04:10:30.571+0000] {manager.py:821} INFO - Searching for files in /opt/airflow/dags
[2025-07-07T04:10:30.590+0000] {manager.py:824} INFO - There are 1 files in /opt/airflow/dags
[2025-07-07T04:10:41.358+0000] {manager.py:997} INFO - 
================================================================================
DAG File Processing Stats

File Path                                  PID    Runtime      # DAGs    # Errors  Last Runtime    Last Run               Last # of DB Queries
-----------------------------------------  -----  ---------  --------  ----------  --------------  -------------------  ----------------------
/opt/airflow/dags/driven_data_pipeline.py                           1           0  0.28s           2025-07-07T04:10:30                      12
================================================================================
[2025-07-07T04:11:11.868+0000] {manager.py:997} INFO - 
================================================================================
DAG File Processing Stats

File Path                                  PID    Runtime      # DAGs    # Errors  Last Runtime    Last Run               Last # of DB Queries
-----------------------------------------  -----  ---------  --------  ----------  --------------  -------------------  ----------------------
/opt/airflow/dags/driven_data_pipeline.py                           1           0  0.36s           2025-07-07T04:11:01                      12
================================================================================
[2025-07-07T04:11:42.410+0000] {manager.py:997} INFO - 
================================================================================
DAG File Processing Stats

File Path                                  PID    Runtime      # DAGs    # Errors  Last Runtime    Last Run               Last # of DB Queries
-----------------------------------------  -----  ---------  --------  ----------  --------------  -------------------  ----------------------
/opt/airflow/dags/driven_data_pipeline.py                           1           0  0.31s           2025-07-07T04:11:31                      12
================================================================================
[2025-07-07T04:12:12.913+0000] {manager.py:997} INFO - 
================================================================================
DAG File Processing Stats

File Path                                  PID    Runtime      # DAGs    # Errors  Last Runtime    Last Run               Last # of DB Queries
-----------------------------------------  -----  ---------  --------  ----------  --------------  -------------------  ----------------------
/opt/airflow/dags/driven_data_pipeline.py                           1           0  0.37s           2025-07-07T04:12:02                      12
================================================================================
